referenznummer,category_id,nama_perusahaan,titik_data_di_peta,posisi_kota,alamat_detail,detail_deskripsi,gaji,persyaratan,jenis_ausbildung,beruf_typ,deskripsi_perusahaan,apa_yang_ditawarkan,link_website_perusahaan,link_website_perusahaan_resmi,website_type,alamat_email_bewerbung,link_bewerbung,link_bewerbung_externe,link_bewerbung_efektif,bewerbung_sumber,kontak_penanggung_jawab,dokumen_yang_harus_dipenuhi,ba_job_url,sumber_data,ausbildung_de_url,is_duplicate_of_arbeitsagentur,duplicate_of_refnr,kelengkapan_score,tahun_mulai,bulan_mulai,tanggal_mulai,scraped_at
ASD-999960000371410953,ausbildungsstellen_dpa,HTK GmbH & Co. KG,,,,"Stellendetails zu: Ausbildung: Fachinformatiker*(m/w/d) - Daten- und Prozessanalyse 2026

Dein Profil
Für unsere Ausbildungsplätze suchen wir motivierte Schulabgänger mit Interesse an diesem Ausbildungsberuf. Du solltest engagiert, teamfähig und kommunikativ sein. Außerdem sind technisches Verständnis und/oder Programmierkenntnisse von Vorteil. Wichtig ist uns, dass du neugierig bist, gerne dazulernst und bereit bist, dich aktiv in unser Team einzubringen.
Dein Start bei HTK

Wir bieten dir eine abwechslungsreiche Ausbildung in einem innovativen Unternehmen mit modernen Arbeitsbedingungen und einem angenehmen Arbeitsklima. Du wirst von erfahrenen Kollegen unterstützt und erhältst die Möglichkeit, dich beruflich weiterzuentwickeln. Nach erfolgreicher Ausbildung bestehen bei uns gute Übernahmechancen und interessante Karrieremöglichkeiten.
Deine Bewerbung",,"Dein Profil
Für unsere Ausbildungsplätze suchen wir motivierte Schulabgänger mit Interesse an diesem Ausbildungsberuf. Du solltest engagiert, teamfähig und kommunikativ sein. Außerdem sind technisches Verständnis und/oder Programmierkenntnisse von Vorteil. Wichtig ist uns, dass du neugierig bist, gerne dazulernst und bereit bist, dich aktiv in unser Team einzubringen.
Dein Start bei HTK",Ausbildung | Stellendetails zu: Ausbildung: Fachinformatiker*(m/w/d) - Daten- und Prozessanalyse 2026,dpa,,"Wir bieten dir eine abwechslungsreiche Ausbildung in einem innovativen Unternehmen mit modernen Arbeitsbedingungen und einem angenehmen Arbeitsklima. Du wirst von erfahrenen Kollegen unterstützt und erhältst die Möglichkeit, dich beruflich weiterzuentwickeln. Nach erfolgreicher Ausbildung bestehen bei uns gute Übernahmechancen und interessante Karrieremöglichkeiten.
Deine Bewerbung",,,empty,personal@htk.de,javascript:,javascript:,javascript:,externe,"Wir schützen die Kontaktdaten des Arbeitgebers vor unerlaubten Zugriffen. Bitte geben Sie die dargestellten Zeichen in das Textfeld ein, um die Kontaktdaten des Arbeitgebers anzuzeigen.
Anderes Bild laden
Audioversion abspielen
Hinweis: Die dargestellten Zeichen enthalten keine Umlaute (ä, ö, ü oder ß), Sonderzeichen oder Leerzeichen.
Dargestellte Zeichen
Absenden
Fußbereich
Stelle betreut durch die BA
Referenz-Nr.: 10000-1203280042-S
Verstoß melden","Bewirb dich jetzt und starte deine Ausbildung bei HTK! Wir freuen uns auf deine aussagekräftige Bewerbung und darauf, dich persönlich kennenzulernen. Sende Deine Unterlagen inkl. Anschreiben und Zeugnissen per Mail an Maximilian Postel, personal@htk.de.
Wir freuen uns auf deine Bewerbung!
Arbeitsorte
Karte anzeigen
In der Nauroth 2, 67158 Ellerstadt
Unternehmensdarstellung: HTK GmbH & Co. KG
HTK GmbH & Co. KG
Die HTK Gruppe ist ein dynamisches und stetig wachsendes IT-Unternehmen mit Standorten in Ellerstadt, Michelstadt und Heilbronn. Als führender Sage-Partner in der DACH-Region bieten wir neben dem Vertrieb der Sage-ERP-Software auch eigens entwickelte Lösungen und Zusatzmodule an, um unseren Kunden maßgeschneiderte Lösungen anzubieten.
Alle Stellen anzeigen
Webseiten
Homepage
Informationen zur Bewerbung
Sicherheitsabfrage",,ausbildungsstellen_de,https://www.arbeitsagentur.de/jobsuche/jobdetail/10000-1203280042-S,False,,60,,,,2026-06-13T12:03:50.056896+00:00
ASD-999960001428978288,ausbildungsstellen_dpa,WEPA APOTHEKENBEDARF GmbH & Co KG,,,,"Stellendetails zu: Wir suchen zum 01.08.2026 einen Auszubildenden Fachinformatiker für Daten- und Prozessanalyse (mwd)

Das erwartet dich:
In deiner Ausbildung zum Fachinformatiker für Daten- und Prozessanalyse arbeitest du an der Schnittstelle von IT, Daten und Geschäftsprozessen. Du hilfst dabei, aus Daten echte Mehrwerte zu schaffen und unsere Prozesse datenbasiert weiterzuentwickeln.
Dabei nutzt du moderne Technologien aus den Bereichen Business Intelligence, Datenanalyse und Künstliche Intelligenz, um fundierte Entscheidungsgrundlagen für das Unternehmen zu schaffen.
Deine Aufgaben:
Analyse und Aufbereitung von Daten aus verschiedenen Systemen
Entwicklung von Auswertungen und Dashboards (z. B. mit BI-Tools)
Unterstützung bei der Einführung und Weiterentwicklung von BI-Lösungen
Identifikation und Optimierung von Geschäftsprozessen auf Basis von Daten
Mitarbeit an Projekten in den Bereichen KI, Digitalisierung und Automatisierung
Sicherstellung von Datenqualität, Datenkonsistenz und Datenschutz

Das bringst du mit:
Abitur, Fachabitur oder Studium
Interesse an Daten, IT und betriebswirtschaftlichen Zusammenhängen
Affinität zu Zahlen sowie analytisches Denkvermögen
Strukturierte und sorgfältige Arbeitsweise
Teamfähigkeit und Kommunikationsstärke

Das bieten wir dir:
Eine zukunftsorientierte Ausbildung im Umfeld von Daten, BI und KI
Einblicke in verschiedene Unternehmensbereiche und Prozesse
Mitarbeit an innovativen Projekten rund um Daten und Digitalisierung
Individuelle Förderung deiner fachlichen und persönlichen Entwicklung
Attraktive Ausbildungsvergütung und zusätzliche Benefits
Ein modernes Arbeitsumfeld mit wachsender Datenstrategie
Findest du dich in dieser Beschreibung wieder?",,"Das bringst du mit:
Abitur, Fachabitur oder Studium
Interesse an Daten, IT und betriebswirtschaftlichen Zusammenhängen
Affinität zu Zahlen sowie analytisches Denkvermögen
Strukturierte und sorgfältige Arbeitsweise
Teamfähigkeit und Kommunikationsstärke",Ausbildung | Stellendetails zu: Wir suchen zum 01.08.2026 einen Auszubildenden Fachinformatiker für Daten- und Prozessanalyse (mwd),dpa,,"Das bieten wir dir:
Eine zukunftsorientierte Ausbildung im Umfeld von Daten, BI und KI
Einblicke in verschiedene Unternehmensbereiche und Prozesse
Mitarbeit an innovativen Projekten rund um Daten und Digitalisierung
Individuelle Förderung deiner fachlichen und persönlichen Entwicklung
Attraktive Ausbildungsvergütung und zusätzliche Benefits
Ein modernes Arbeitsumfeld mit wachsender Datenstrategie
Findest du dich in dieser Beschreibung wieder?",,,empty,bewerbungen@wepa-apothekenbedarf.de,https://mailto:myriam.zimmermann@wepa-apothekenbedarf.de/,https://mailto:myriam.zimmermann@wepa-apothekenbedarf.de/,https://mailto:myriam.zimmermann@wepa-apothekenbedarf.de/,externe,"Wir schützen die Kontaktdaten des Arbeitgebers vor unerlaubten Zugriffen. Bitte geben Sie die dargestellten Zeichen in das Textfeld ein, um die Kontaktdaten des Arbeitgebers anzuzeigen.
Anderes Bild laden
Audioversion abspielen
Hinweis: Die dargestellten Zeichen enthalten keine Umlaute (ä, ö, ü oder ß), Sonderzeichen oder Leerzeichen.
Dargestellte Zeichen
Absenden
Fußbereich
Stelle betreut durch die BA
Referenz-Nr.: 10001-1002918233-S
Verstoß melden","Dann freuen wir uns auf deine vollständigen Bewerbungsunterlagen. Bitte sende diese an:
WEPA Apothekenbedarf GmbH & Co KG
Myriam Zimmermann
Am Fichtenstrauch 6 – 10
56204 Hillscheid
E-Mail: bewerbungen@wepa-apothekenbedarf.de
https://www.wepa-apothekenbedarf.de/
Mehr anzeigen
Arbeitsorte
Karte anzeigen
Am Fichtenstrauch 6-10, 56204 Hillscheid, Westerwald
Unternehmensdarstellung: WEPA APOTHEKENBEDARF GmbH & Co KG
WEPA APOTHEKENBEDARF GmbH & Co KG
Vorteile für Mitarbeitende
Flexible Arbeitszeiten
Homeoffice / Mobiles Arbeiten
Vermögenswirksame Leistungen
Firmenevents
Rabatte für Mitarbeitende
Sonderzahlungen
Weiterbildungen
Betriebliche Altersvorsorge
Parkmöglichkeiten
Gute Verkehrsanbindung
Moderne technische Ausstattung
Die abgebildeten Vorteile für Mitarbeitende können je nach Abteilung und Position variieren.
Alle Stellen anzeigenIn neuem Tab öffnen
Webseiten
Homepage
Karriereseite
Social Media Seiten
Informationen zur Bewerbung
Sicherheitsabfrage",,ausbildungsstellen_de,https://www.arbeitsagentur.de/jobsuche/jobdetail/10001-1002918233-S,False,,60,2026,8,2026-08-01,2026-06-13T12:04:52.226780+00:00
ASD-999960001463009042,ausbildungsstellen_dpa,,,,,"Stellendetails zu: Fachinformatiker diverse Fachrichtungen (m/w/d)

Das bringst du mit:
Als Azubi lernst du in kurzer Zeit viel dazu. Wenn du engagiert, kommunikativ und neugierig bist, integrierst du dich mühelos ins Team.
Du verfügst mindestens über einen guten Realschulabschluss.
Du hast bereits erste Erfahrungen im Umgang mit Standardsoftware auf PCs.
Du hast Interesse an der Datenverarbeitung.
Technisches Verständnis und eine logische Denkweise zeichnen dich aus.
Du arbeitest sorgfältig und lösungsorientiert, auch bei komplexen Aufgaben.
Du bist offen für neue Technologien und hast Freude daran, technische Zusammenhänge zu verstehen und zu optimieren.
Du möchtest dich bewerben?","1.169 €, 1.283 €, 1.392 €, 1.502 €","Das bringst du mit:
Als Azubi lernst du in kurzer Zeit viel dazu. Wenn du engagiert, kommunikativ und neugierig bist, integrierst du dich mühelos ins Team.
Du verfügst mindestens über einen guten Realschulabschluss.
Du hast bereits erste Erfahrungen im Umgang mit Standardsoftware auf PCs.
Du hast Interesse an der Datenverarbeitung.
Technisches Verständnis und eine logische Denkweise zeichnen dich aus.
Du arbeitest sorgfältig und lösungsorientiert, auch bei komplexen Aufgaben.
Du bist offen für neue Technologien und hast Freude daran, technische Zusammenhänge zu verstehen und zu optimieren.
Du möchtest dich bewerben?",Ausbildung | Stellendetails zu: Fachinformatiker diverse Fachrichtungen (m/w/d),dpa,,,,,empty,ausbildung@ewr.de,javascript:,javascript:,javascript:,externe,"Deine Ansprechpartnerin:
Karen Bittmann | kaufmännische Ausbildungsleitung | ausbildung@ewr.de
EWR Aktiengesellschaft, Lutherring 5, 67647 Worms
Mehr anzeigen
Arbeitsorte
Karte anzeigen
Lutherring 5, 67547 Worms
Unternehmensdarstellung: EWR Aktiengesellschaft
EWR Aktiengesellschaft
Hauptsitz
Worms
Als Energiewendeunternehmen legen wir gemeinsam das Fundament für eine zukunftsfähige und funktionierende Energieversorgung, sichern Wohlstand in unserer Region, leisten einen entscheidenden Beitrag für den Klimaschutz und schaffen langfristige Werte für unsere Kundinnen und Kunden, unsere Kommunen, Partner und somit auch für jede EWRlerin und jeden EWRler. Lasst uns gemeinsam unsere Zukunft anpacken.
Vorteile für Mitarbeitende
Flexible Arbeitszeiten
Homeoffice / Mobiles Arbeiten
Vermögenswirksame Leistungen
Nachhaltigkeit / Umweltschutz
Firmenevents
Sport- und Gesundheitsangebote
Weiterbildungen
Betriebliche Altersvorsorge
ÖPNV-Ticket / Job-Ticket
Kantine
Parkmöglichkeiten
Gute Verkehrsanbindung
Moderne technische Ausstattung
Die abgebildeten Vorteile für Mitarbeitende können je nach Abteilung und Position variieren.
Alle Stellen anzeigenIn neuem Tab öffnen
Webseiten
Karriereseite
Informationen zur Bewerbung
Sicherheitsabfrage
Wir schützen die Kontaktdaten des Arbeitgebers vor unerlaubten Zugriffen. Bitte geben Sie die dargestellten Zeichen in das Textfeld ein, um die Kontaktdaten des Arbeitgebers anzuzeigen.
Anderes Bild laden
Audioversion abspielen
Hinweis: Die dargestellten Zeichen enthalten keine Umlaute (ä, ö, ü oder ß), Sonderzeichen oder Leerzeichen.
Dargestellte Zeichen
Absenden
Fußbereich
Stelle betreut durch die BA
Referenz-Nr.: 10001-1002103464-S
Verstoß melden","Wir freuen uns auf Deine Bewerbung über unser Online-Bewerbungstool! Bitte sende uns ein Anschreiben, deinen Lebenslauf und deine letzten Zeugnisse im pdf-Format.",,ausbildungsstellen_de,https://www.arbeitsagentur.de/jobsuche/jobdetail/10001-1002103464-S,False,,53,,,,2026-06-13T12:05:00.952876+00:00
ASD-999960001455703342,ausbildungsstellen_dpa,AGOLUTION GmbH,,,,"Stellendetails zu: Ausbildung zum/zur Fachinformatiker/-in für Daten- und Prozessanalyse (m/w/d)

Das lernst du in deiner Ausbildung
Du unterstützt deine Kolleginnen und Kollegen bei der Optimierung und Weiterentwicklung von Geschäftsprozessen unserer Kundschaft anhand eigener Datenanalysen – z. B. in Microsoft Power BI, Power Automate und Power Apps
Du setzt datenbasierte Lösungen um und passt sie regelmäßig an veränderte Bedingungen an
Du bereitest Daten auf und visualisierst sie
Du nimmst detaillierte Anforderungen unserer Kundschaft auf und gleichst sie mit Microsofts Lösungsportfolio ab oder prüfst, ob eine Individuallösung gebraucht wird
Du erweiterst bestehende Software anhand individueller Anforderungen unserer Kundschaft
Du konzeptionierst und koordinierst Entwicklungen maßgeschneiderter Lösungen für unsere Kundschaft zusammen mit den Software-Entwickelnden
Du begleitest deine Kolleginnen und Kollegen zu Vor-Ort-Terminen und unterstützt sie bei Bedarfsanalysen und Schulungen in der Softwareanwendung
Du führst Low-Level-Entwicklungen durch

Das solltest du mitbringen
Du hast einen Realschulabschluss, einen Abschluss der (höheren) Handelsschule oder (Fach-)Hochschulreife
Du begeisterst dich für Software, IT und Digitalisierung und besitzt ein Grundverständnis von informationstechnischen Zusammenhängen
Du interessierst dich für kaufmännische Zusammenhänge
Dir fällt es leicht, logisch zu denken und du hast Spaß daran, Probleme zu lösen
Du hast eine selbstständige, zielorientierte Arbeitsweise
Du bist kommunikationsstark und präsentierst gerne deine eigenen Ideen
Du arbeitest sowohl gerne eigenverantwortlich als auch im Team
Diese Benefits warten auf dich
Top Perspektive: Sehr gute Chancen auf Übernahme nach deiner Ausbildung
Solide Basis: Ein angesehener Abschluss, der Hand und Fuß hat und auf den sich super aufbauen lässt
Zeit gewinnen: Die Ausbildung bei sehr guten Leistungen verkürzen
Work-Life-Balance: Flexible Arbeitszeiten und vorwiegend remote (z. B. im Home-Office) arbeiten
Digitales Mindset: Remote First und papierloses Arbeiten",,"Das solltest du mitbringen
Du hast einen Realschulabschluss, einen Abschluss der (höheren) Handelsschule oder (Fach-)Hochschulreife
Du begeisterst dich für Software, IT und Digitalisierung und besitzt ein Grundverständnis von informationstechnischen Zusammenhängen
Du interessierst dich für kaufmännische Zusammenhänge
Dir fällt es leicht, logisch zu denken und du hast Spaß daran, Probleme zu lösen
Du hast eine selbstständige, zielorientierte Arbeitsweise
Du bist kommunikationsstark und präsentierst gerne deine eigenen Ideen
Du arbeitest sowohl gerne eigenverantwortlich als auch im Team
Diese Benefits warten auf dich
Top Perspektive: Sehr gute Chancen auf Übernahme nach deiner Ausbildung
Solide Basis: Ein angesehener Abschluss, der Hand und Fuß hat und auf den sich super aufbauen lässt
Zeit gewinnen: Die Ausbildung bei sehr guten Leistungen verkürzen
Work-Life-Balance: Flexible Arbeitszeiten und vorwiegend remote (z. B. im Home-Office) arbeiten
Digitales Mindset: Remote First und papierloses Arbeiten",Ausbildung | Stellendetails zu: zum/zur Fachinformatiker/-in für Daten- und Prozessanalyse (m/w/d),dpa,,,,,empty,jobs@agolution.com,javascript:,javascript:,javascript:,externe,"Dabei kannst du jederzeit auf die Unterstützung aus dem Kollegium zählen und hast einen persönlichen Ansprechpartner, der dir bei Fragen rund um deine Ausbildung zur Seite steht.
Da du bei uns die Möglichkeit hast, größtenteils remote zu arbeiten, bieten wir dir gleichzeitig ein sehr hohes Maß an Flexibilität, das du sonst nur im Rahmen eines Studiums hättest.
Und sollte dir im Home-Office doch mal die Decke auf den Kopf fallen, ist das auch kein Problem: Du kannst auch jederzeit in unserem modernen Co-Working-Space in Münster arbeiten. Dort steht dir immer ein Arbeitsplatz zur Verfügung und deine Kolleginnen und Kollegen freuen sich, mit dir gemeinsam die Mittagspause zu verbringen.
Fels in der Brandung: Persönlicher Ansprechpartner und regelmäßige Feedback-Runden
Niemals Langeweile: Abwechslungsreiche Aufgaben
Verantwortung statt Lehrbücher wälzen: Von Anfang an spannende Projekte mitgestalten
Die Chemie stimmt: Flache Hierarchien, lockeres Arbeitsklima und regelmäßige After-Work-Treffen
Skill Up: In Inhouse-Schulungen voneinander lernen (auch von Azubis für Azubis)
Gesundheit im Fokus: Ergonomische Arbeitsplätze in unserem modernen Co-Working-Space, zwei Stunden Sport pro Woche während der Arbeitszeit, Hansefit-Angebot, Erholungsgeld etc.
Stabile Zukunftsplanung: Vermögenswirksame Leistung und Betriebliche Altersvorsorge
Du selbst sein: Kein Dresscode!
Per du: Gespräche auf Augenhöhe
…und viel mehr: Faire Ausbildungsvergütung, kostenfreie Parkplätze am Co-Working-Space, Heiligabend und Silvester frei, WLAN im Co-Working-Space auch zur privaten Nutzung, Onboarding-Goodie-Bag
Wir freuen uns auf deine Bewerbung!
Die AGOLUTION GmbH implementiert und betreut als Microsoft-Partner das weltweit bekannte ERP-System Microsoft Dynamics 365 Business Central. Derzeit sind bei uns 29 Mitarbeitende beschäftigt, die unsere mittelständischen Kunden individuell beraten und als langfristige Ansprechpartnerinnen agieren.
Vorteile für Mitarbeitende
Mentorenprogramm/Coaching
Flexible Arbeitszeiten
Homeoffice / Mobiles Arbeiten
Vermögenswirksame Leistungen
Nachhaltigkeit / Umweltschutz
Firmenevents
Sport- und Gesundheitsangebote
Weiterbildungen
Betriebliche Altersvorsorge
Dienstwagen
Mitgestaltungsmöglichkeiten
Parkmöglichkeiten
Gute Verkehrsanbindung
Moderne technische Ausstattung
Die abgebildeten Vorteile für Mitarbeitende können je nach Abteilung und Position variieren.
Alle Stellen anzeigenIn neuem Tab öffnen
Webseiten
Homepage
Social Media Seiten
Informationen zur Bewerbung
Sicherheitsabfrage
Wir schützen die Kontaktdaten des Arbeitgebers vor unerlaubten Zugriffen. Bitte geben Sie die dargestellten Zeichen in das Textfeld ein, um die Kontaktdaten des Arbeitgebers anzuzeigen.
Anderes Bild laden
Audioversion abspielen
Hinweis: Die dargestellten Zeichen enthalten keine Umlaute (ä, ö, ü oder ß), Sonderzeichen oder Leerzeichen.
Dargestellte Zeichen
Absenden
Fußbereich
Stelle betreut durch die BA
Referenz-Nr.: 10001-1000508387-S
Verstoß melden","Du möchtest die Zukunft von AGOLUTION mitgestalten und mit einer Ausbildung bei uns durchstarten? Dann schreib uns einfach eine E-Mail an: jobs@agolution.com (z. B. mit Lebenslauf und Anschreiben, Links zu deinem XING- oder LinkedIn-Profil).
Mehr anzeigen
Arbeitsorte
Karte anzeigen
Wilhelm-Schickard-Str. 2, 48149 Münster, Westfalen
Unternehmensdarstellung: AGOLUTION GmbH
AGOLUTION GmbH
Hauptsitz
Münster, Westfalen
Gründung
2009
Tätigkeitsfelder und Schlagworte
IT-Software UnternehmenERP-BeratungMicrosoft Dynamics 365 Business CentralDigitalisierung von Geschäftsprozessen",,ausbildungsstellen_de,https://www.arbeitsagentur.de/jobsuche/jobdetail/10001-1000508387-S,False,,53,,,,2026-06-13T12:04:58.024687+00:00
ASD-999960000762178876,ausbildungsstellen_dpa,Airbus Operations GmbH Werk Bremen,,,,"Stellendetails zu: Ausbildung Fachinformatiker (d/m/w) Fachrichtung Daten- und Prozessanalyse zum 01.09.2026

Diese Tätigkeit erfordert ein Bewusstsein für mögliche Compliance-Risiken und integres Verhalten. Beide Punkte sind Grundvoraussetzungen für den Erfolg, den guten Ruf und das nachhaltige Wachstum des Unternehmens.
Tätigkeitsfamilie:",,"Diese Tätigkeit erfordert ein Bewusstsein für mögliche Compliance-Risiken und integres Verhalten. Beide Punkte sind Grundvoraussetzungen für den Erfolg, den guten Ruf und das nachhaltige Wachstum des Unternehmens.
Tätigkeitsfamilie:",Ausbildung | Stellendetails zu: Fachinformatiker (d/m/w) Fachrichtung Daten- und Prozessanalyse zum 01.09.2026,dpa,,,,,empty,bewerbung.ausbildung@airbus.com,javascript:,javascript:,javascript:,externe,"Wir schützen die Kontaktdaten des Arbeitgebers vor unerlaubten Zugriffen. Bitte geben Sie die dargestellten Zeichen in das Textfeld ein, um die Kontaktdaten des Arbeitgebers anzuzeigen.
Anderes Bild laden
Audioversion abspielen
Hinweis: Die dargestellten Zeichen enthalten keine Umlaute (ä, ö, ü oder ß), Sonderzeichen oder Leerzeichen.
Dargestellte Zeichen
Absenden
Fußbereich
Stelle betreut durch die BA
Referenz-Nr.: 10000-1204258252-S
Verstoß melden","Alle Unterlagen vollständig? Hier findest Du eine Checkliste für Deine vollständige Bewerbung.
Wichtig: Du möchtest Dich auf mehrere Stellen bewerben? Dann bewirb Dich zuerst auf Deinen absoluten Favoriten an dem von Dir priorisierten Standort, da wir Mehrfachbewerbungen chronologisch bearbeiten.**
Wir freuen uns auf Dich!
Vielleicht ebenso interessant für Dich: B. Sc. Informatik (w/m/d) am Standort Bremen
Du hast noch offene Fragen? Schau dazu gern in unsere FAQs.
Falls du dort nicht fündig wirst, kannst du uns auch gern eine E-Mail schreiben an:
bewerbung.ausbildung@airbus.com.
Durch das Übermitteln eines Lebenslaufs oder einer Bewerbung erklären Sie sich damit einverstanden, dass Airbus Informationen über Sie verwendet und speichert, um Ihre Bewerbung oder ein zukünftiges Beschäftigungsverhältnis nachzuverfolgen. Diese Informationen werden ausschließlich von Airbus verwendet.
Airbus strebt eine Belegschaft und Arbeitsatmosphäre an, die sich durch Vielfalt und Integration auszeichnen. Wir freuen uns über jede Bewerbung, unabhängig vom sozialen und kulturellen Hintergrund, Alter, Geschlecht, Behinderungsstatus, von der sexuellen Orientierung und Konfession des Bewerbers.
Airbus ist und bleibt der Chancengleichheit für alle verpflichtet. Daher werden wir im Rahmen eines Einstellungsverfahrens niemals um Vorabzahlungen jeglicher Art an uns oder Drittanbieter fragen. Jede Verkörperung von Airbus zu diesem Zweck sollte an emsom@airbus.com gemeldet werden.
Bei Airbus unterstützen wir Dich dabei, einfacher und flexibler zu arbeiten, sich zu vernetzen und zusammenzuarbeiten. Wo immer möglich, fördern wir flexible Arbeitsregelungen, um innovatives Denken und Arbeiten zu stärken.
Mehr anzeigen
Arbeitsorte
Karte anzeigen
Airbus-Allee 1, 28199 Bremen
Unternehmensdarstellung: Airbus Operations GmbH Werk Bremen
Airbus Operations GmbH Werk Bremen
Alle Stellen anzeigen
Webseiten
Homepage
Informationen zur Bewerbung
Sicherheitsabfrage",,ausbildungsstellen_de,https://www.arbeitsagentur.de/jobsuche/jobdetail/10000-1204258252-S,False,,53,2026,9,2026-09-01,2026-06-13T12:04:13.749721+00:00
ASD-999380000000124471,ausbildungsstellen_dpa,AUDI AG,,,,"Duale Ausbildung

Voraussetzungen für diesen Beruf sind Interesse an Mathematik und Freude am Umgang mit Menschen.
Zum Berufsprofil ""Fachinformatiker/-in für Daten- und Prozessanalyse""
Besondere Anforderungen
Mindestens mittlerer Bildungsabschluss
Gute Noten in Mathe und Englisch
Analytisches Denkvermögen
Begeisterung für Hard- und Software
Ausgeprägte Teamfähigkeit
Schülerpraktikum (Empfehlung)
Du kommst direkt aus Ingolstadt oder aus der Umgebung? Oder vielleicht wolltest du schon immer in Ingolstadt leben? Dann trifft es sich hervorragend, dass die Firma AUDI AG die Ausbildung Fachinformatiker (m/w/d) - Daten- und Prozessanalyse anbietet. Die Ausbildung dauert 3,0 Jahre und setzt mindestens den Schulabschluss 'Mittlere Reife' voraus .
Bewirb dich noch bis zum 30.11.2026 und freu dich auf eine spannende Ausbildung zum*r Fachinformatiker (m/w/d) - Daten- und Prozessanalyse. Los geht’s!
Jetzt bewerben",,"Voraussetzungen für diesen Beruf sind Interesse an Mathematik und Freude am Umgang mit Menschen.
Zum Berufsprofil ""Fachinformatiker/-in für Daten- und Prozessanalyse""
Besondere Anforderungen
Mindestens mittlerer Bildungsabschluss
Gute Noten in Mathe und Englisch
Analytisches Denkvermögen
Begeisterung für Hard- und Software
Ausgeprägte Teamfähigkeit
Schülerpraktikum (Empfehlung)
Du kommst direkt aus Ingolstadt oder aus der Umgebung? Oder vielleicht wolltest du schon immer in Ingolstadt leben? Dann trifft es sich hervorragend, dass die Firma AUDI AG die Ausbildung Fachinformatiker (m/w/d) - Daten- und Prozessanalyse anbietet. Die Ausbildung dauert 3,0 Jahre und setzt mindestens den Schulabschluss 'Mittlere Reife' voraus .
Bewirb dich noch bis zum 30.11.2026 und freu dich auf eine spannende Ausbildung zum*r Fachinformatiker (m/w/d) - Daten- und Prozessanalyse. Los geht’s!
Jetzt bewerben",Ausbildung | Duale Ausbildung,dpa,,,,,empty,ausbildungsmarketing@audi.de,https://www.ausbildungsoffensive-bayern.de/bewerben/,https://www.ausbildungsoffensive-bayern.de/bewerben/,https://www.ausbildungsoffensive-bayern.de/bewerben/,externe,"Ansprechpartner
Frau Sabine Rasch
Ausbildungsmarketing
ausbildungsmarketing@audi.de
Telefon: 084189-91754
Frau Claudia Schmid
Koordination Schülerpraktikum
ausbildungsmarketing@audi.de
Telefon: 084189-33539
Frau Frances Clerkin
audi-dual-ingolstadt@audi.de
Telefon: 0841 89 91754
Das könnte dich auch interessieren:
ONLINEBEWERBUNG
So überzeugst du mit deiner Onlinebewerbung!
Entdecke welche digitalen Bewerbungsformen es gibt und auf was du bei jeder einzelnen achten musst. Wie immer mit vielen wertvollen Tipps und Tricks damit du erfolgreich in deine berufliche Zukunft starten kannst.
Los geht's!
FREIE AUSBILDUNGSPLÄTZE
Finde deinen perfekten Ausbildungsplatz!
Diese freie Stelle ist nichts für dich? Es warten noch viele weitere Stellen in unserer Ausbildungsplatzbörse. Das Beste: Filtere einfach nach deiner Wunschausbildung und erhalte direkt passende Jobangebote.
Mehr erfahren
QUICKLINKS
Ausbildungsbörse
Metallberufe
Elektroberufe
IT-Berufe
Kaufmännische Berufe
Dualen Studienplatz finden","Haben wir dein Interesse geweckt? Dann freuen wir uns auf deine aussagekräftigen Bewerbungsunterlagen.
Online-Bewerbung
Bewerbungsunterlagen
QuickCheck
Berufsweg-Check
BerufsCheck(me)
Die AusbildungsOffensive-Bayern ist eine Initiative der bayerischen Metall- und Elektro-Arbeitgeber bayme vbm. Insgesamt sind das rund 3.700 Betriebe in ganz Bayern, die dir zu einer starken beruflichen Zukunft verhelfen.
© 2026 bayme vbm
Barrierefreiheitserklärung
Datenschutz
Impressum
Datenschutz
Um dir ein ideales Online-Erlebnis zu ermöglichen, aktiviere einfach folgende Dienste:
Adressensuche (Google Maps, damit du eine passgenaue Ausbildung finden kannst)
Videoinhalte (damit YouTube-Videos geladen werden und du sie anschauen kannst)
Diese Einstellungen kannst du jederzeit in unserer Datenschutzerklärung wieder aufrufen, einsehen oder verändern.
Alle Dienste zulassen
Auswahl speichern
Datenschutzerklärung
Ausbildungsplatzbörse
Finde Ausbildungsplätze in Deiner Nähe!
Alle Fachrichtungen
Metallberufe
Elektroberufe
IT-Berufe
Kaufmännische Berufe
Sonstige Berufe
Keine Zuordnung
Alle Fachrichtungen
Warum inaktiv?
Suchen
Zu den dualen Studiengängen",,ausbildungsstellen_de,https://www.ausbildungsoffensive-bayern.de/jobdetail/124471-fachinformatiker-mwd-daten-und-prozessanalyse/,False,,53,2026,11,2026-11-30,2026-06-13T12:03:12.470302+00:00
ASD-999960001447245857,ausbildungsstellen_dpa,EPflex Feinwerktechnik GmbH,,,,"Stellendetails zu: Ausbildung zum/zur Fachinformatiker/in (m/w/d) - Daten- und Prozessanalyse 2026

Auf Dich warten spannende und interessante Aufgaben:
Du lernst die Grundlagen des Projektmanagements kennen und arbeitest in Projekten mit. Während Deiner Ausbildung bist Du nicht nur im IT-Bereich tätig, sondern durchläufst auch Fachabteilungen wie Einkauf, Vertrieb, Auftragsbearbeitung, Fertigungsplanung sowie Finanz- und Rechnungswesen. Abwechslung ist garantiert!
Du übernimmst früh selbst Verantwortung und koordinierst Teilprojekte. Du gestaltest den digitalen Wandel unseres Unternehmens aktiv mit und wirst als Ideengeber geschätzt. Die Ausbildung findet in unseren drei Werken in Dettingen / Erms statt und dauert 3 Jahre.
HIERFÜR BRINGST DU MIT:
Fachhochschulreife oder eine gute mittlere Reife (Studienabbrecher sind ebenso willkommen)
Technisches Verständnis (geschickter Umgang mit Hard- als auch Software)
Grundlegende IT-Kenntnisse (Microsoft Office, Windows 10, Grundverständnis für IT)
Analytische Fähigkeiten (Erkennen von Strukturen, Problemstellungen und Ableitung von innovativen Lösungen)
Eine verantwortungsbewusste und selbstständige Arbeitsweise
Teamfähigkeit und Engagement

WIR BIETEN DIR:
Die Chance auf einen unbefristeten Arbeitsvertrag nach Ausbildungsende in einem stark wachsenden Unternehmen
Flexible Arbeitszeiten
Individuelle Weiterbildungsmöglichkeiten
Bonuskarte / Anwesenheitsprämie
Starte Deine Ausbildung bei EPflex - wir freuen uns auf Deine Bewerbung!",,,Ausbildung | Stellendetails zu: zum/zur Fachinformatiker/in (m/w/d) - Daten- und Prozessanalyse 2026,dpa,,"WIR BIETEN DIR:
Die Chance auf einen unbefristeten Arbeitsvertrag nach Ausbildungsende in einem stark wachsenden Unternehmen
Flexible Arbeitszeiten
Individuelle Weiterbildungsmöglichkeiten
Bonuskarte / Anwesenheitsprämie
Starte Deine Ausbildung bei EPflex - wir freuen uns auf Deine Bewerbung!",,,empty,bewerbungen@epflex.com,javascript:,javascript:,javascript:,externe,"Wir schützen die Kontaktdaten des Arbeitgebers vor unerlaubten Zugriffen. Bitte geben Sie die dargestellten Zeichen in das Textfeld ein, um die Kontaktdaten des Arbeitgebers anzuzeigen.
Anderes Bild laden
Audioversion abspielen
Hinweis: Die dargestellten Zeichen enthalten keine Umlaute (ä, ö, ü oder ß), Sonderzeichen oder Leerzeichen.
Dargestellte Zeichen
Absenden
Fußbereich
Stelle betreut durch die BA
Referenz-Nr.: 10000-1203879110-S
Verstoß melden","Sende Deine Bewerbungsunterlagen online über unsere Karriereseite oder auch gerne per E-Mail an:
EPflex Feinwerktechnik GmbH
Personalabteilung • Im Schwöllbogen 24 • 72581 Dettingen/Erms
Telefon (0 71 23) 97 84-29 • E-Mail: bewerbungen@epflex.com
Arbeitsorte
Karte anzeigen
Im Schwöllbogen 24, 72581 Dettingen an der Erms
Unternehmensdarstellung: EPflex Feinwerktechnik GmbH
EPflex Feinwerktechnik GmbH
Alle Stellen anzeigen
Informationen zur Bewerbung
Sicherheitsabfrage",,ausbildungsstellen_de,https://www.arbeitsagentur.de/jobsuche/jobdetail/10000-1203879110-S,False,,53,,,,2026-06-13T12:04:55.137378+00:00
ASD-999960000643941080,ausbildungsstellen_dpa,IBS Scherer GmbH Heiz-u.Reinigungsgeräte,,,,"Stellendetails zu: Auszubildende(r) Fachinformatiker/in für Daten- und Prozessanalyse (m/w/d)

Das bringst Du mit
Guter Realschulabschluss, Fachhochschulreife oder Abitur
Interesse an IT, Datenanalyse und wirtschaftlichen Prozessen
Analytisches Denkvermögen und strukturierte Arbeitsweise
Grundkenntnisse in MS Office, idealerweise erste IT-Erfahrungen
Teamfähigkeit und Kommunikationsstärke

Das bieten wir Dir
Eine fundierte Ausbildung als Auszubildende(r) Fachinformatiker/in für Daten- und Prozessanalyse (m/w/d)
Sehr gute Übernahmechancen in einem zukunftsorientierten Unternehmen
Möglichkeit eines dualen Studiums bei entsprechender Leistung und Interesse
Moderne IT-Infrastruktur und spannende Projekte
Persönliche Betreuung und Entwicklungsmöglichkeiten
Interesse geweckt?
Starte Deine Zukunft als Auszubildende(r) Fachinformatiker/in für Daten- und Prozessanalyse (m/w/d) bei uns!
Wir freuen uns auf Deine Bewerbung per E-Mail an: personal@ibs-scherer.de",,"Das bringst Du mit
Guter Realschulabschluss, Fachhochschulreife oder Abitur
Interesse an IT, Datenanalyse und wirtschaftlichen Prozessen
Analytisches Denkvermögen und strukturierte Arbeitsweise
Grundkenntnisse in MS Office, idealerweise erste IT-Erfahrungen
Teamfähigkeit und Kommunikationsstärke",Ausbildung | Stellendetails zu: Auszubildende(r) Fachinformatiker/in für Daten- und Prozessanalyse (m/w/d),dpa,,"Das bieten wir Dir
Eine fundierte Ausbildung als Auszubildende(r) Fachinformatiker/in für Daten- und Prozessanalyse (m/w/d)
Sehr gute Übernahmechancen in einem zukunftsorientierten Unternehmen
Möglichkeit eines dualen Studiums bei entsprechender Leistung und Interesse
Moderne IT-Infrastruktur und spannende Projekte
Persönliche Betreuung und Entwicklungsmöglichkeiten
Interesse geweckt?
Starte Deine Zukunft als Auszubildende(r) Fachinformatiker/in für Daten- und Prozessanalyse (m/w/d) bei uns!
Wir freuen uns auf Deine Bewerbung per E-Mail an: personal@ibs-scherer.de",,,empty,personal@ibs-scherer.de,javascript:,javascript:,javascript:,externe,"Dein Ansprechpartner:
Joshua Gruber
Arbeitsorte
Karte anzeigen
Gewerbegebiet, 55599 Gau-Bickelheim
Unternehmensdarstellung: IBS Scherer GmbH Heiz-u.Reinigungsgeräte
IBS Scherer GmbH Heiz-u.Reinigungsgeräte
IBS ist ein international agierendes mittelständisches Familienunternehmen.
IBS produziert in eigenen Werken sowohl die Gerätetechnik als auch die Reinigungschemie.
IBS ist internationaler Entsorger, recycelt in modernsten eigenen Anlagen die Altware und bringt sie in den Wirtschaftskreislauf zurück.
Alle Stellen anzeigen
Webseiten
Homepage
Informationen zur Bewerbung
Sicherheitsabfrage
Wir schützen die Kontaktdaten des Arbeitgebers vor unerlaubten Zugriffen. Bitte geben Sie die dargestellten Zeichen in das Textfeld ein, um die Kontaktdaten des Arbeitgebers anzuzeigen.
Anderes Bild laden
Audioversion abspielen
Hinweis: Die dargestellten Zeichen enthalten keine Umlaute (ä, ö, ü oder ß), Sonderzeichen oder Leerzeichen.
Dargestellte Zeichen
Absenden
Fußbereich
Stelle betreut durch Arbeitgeber
Referenz-Nr.: 10001-1002959376-S
Verstoß melden",,,ausbildungsstellen_de,https://www.arbeitsagentur.de/jobsuche/jobdetail/10001-1002959376-S,False,,53,,,,2026-06-13T12:04:04.708870+00:00
ASD-999960000595491038,ausbildungsstellen_dpa,Otto GmbH & Co. KG aA,,,,"Stellendetails zu: Ausbildung Fachinformatiker Daten- & Prozessanalyse (w/m/d) | 01.09.2027

Dein Profil
Mindestens einen sehr guten mittleren Schulabschluss mit guten Noten insbesondere in den MINT-Fächern (Mathematik, Informatik, Naturwissenschaft und Technik)
Erste Erfahrungen mit dem Programmieren
Ein deutsches Sprachniveau, welches auf B2 Level eingestuft werden kann sowie gute Englischkenntnisse
Spaß am analytischen Denken und an technischen Zusammenhängen
Teamplayer*in mit Spaß an selbstständiger und abwechslungsreicher Arbeit
Gute kommunikative Fähigkeiten und eine hohe Eigenmotivation

Deine Benefits
Work-Life-Balance
Hybrides arbeiten (mobil & im Büro), flexible Arbeitszeiten (Gleitzeit), 37,5h-Woche, 30 Urlaubstage
Vergütung & Zusatzleistungen
Jahr: 1297 €, 2. Jahr: 1348 €, 3. Jahr: 1459 € pro Monat, Urlaubs- und Weihnachtsgeld, 15 % Personalrabatt sowie zahlreiche Benefits & Mitarbeiterangebote (z. B. Events, Reisen), Altersvorsorgemodelle, eigenes Notebook für die Dauer der Ausbildung
Fachliche & persönliche Entwicklung
Intensives Onboarding, umfangreiche Weiterbildung über die OTTO-Akademie, digitale Lernplattformen – u. a. Masterplan, offene Feedbackkultur, persönliche Betreuung durch das Ausbildungsteam, Auslandsaufenthalte über Berufsschulen, individuelle Gestaltung der Einsatzplätze (innerhalb des Rahmenlehrplanes)
Gesundheit & Wohlbefinden
Achtsamkeits- und Stressmanagementkurse, betriebsärztliche- und psychosoziale Beratung
Kultur & Zusammenarbeit
Communitys & Netzwerke, Coworking & Social Spaces, regelmäßige Mitarbeiterbefragungen, kostenfreie Heißgetränke und vielfältiges – auch veganes – Essensangebot, Mitwirkung in vielfältigen sozialen sowie gesellschaftlichen Engagements, Paketshop
Mobilität
Zuschuss zum Deutschlandticket, kostenfreie Parkplätze, e-Ladesäulen, StadtRAD-Stationen
& viele Benefits mehr!
Mehr anzeigen
Arbeitsorte
Karte anzeigen
Werner-Otto-Str. 1-7, 22179 Hamburg
Unternehmensdarstellung: Otto GmbH & Co. KG aA
Otto GmbH & Co. KG aA
OTTO ist eines der erfolgreichsten E-Commerce-Unternehmen Europas. Mit mehr als 18 Millionen Artikeln von über 34.000 Marken gehört otto.de heute zu den führenden deutschen Onlineshopping-Plattformen. Als Marktplatz öffnen wir uns stetig für weitere Marken und Partner und wachsen so immer weiter. Ausruhen? Nicht unser Ding! Deins auch nicht? Dann komm an Board – und gestalte mit uns die Zukunft des E-Commerce.
Vielfalt gehört zu uns, wie die Elbe zu Hamburg: Wir stehen für Offenheit, Respekt und Toleranz, ohne Wenn und Aber. Lass uns gemeinsam die Segel setzen – unabhängig davon, woher du kommst, wen du liebst oder woran du glaubst. Denn du bist einmalig und genau das suchen wir.
Bei uns kannst du Ideen einbringen und Projekte vorantreiben, dich in Netzwerken für dein Herzensthema engagieren und unsere Unternehmenskultur aktiv mitgestalten. Dinge ausprobieren, neu denken, innovativ sein, über sich hinauswachsen – das ist unser Mindset. Lass uns gemeinsam etwas Großes erreichen. Egal ob du auf dem Campus oder zu Hause arbeitest. Mach auch du OTTO zu deinem Playground.
Alle Stellen anzeigen
Webseiten
Homepage
Informationen zur Bewerbung
Sicherheitsabfrage","1297 €, 1348 €, 1459 €","Dein Profil
Mindestens einen sehr guten mittleren Schulabschluss mit guten Noten insbesondere in den MINT-Fächern (Mathematik, Informatik, Naturwissenschaft und Technik)
Erste Erfahrungen mit dem Programmieren
Ein deutsches Sprachniveau, welches auf B2 Level eingestuft werden kann sowie gute Englischkenntnisse
Spaß am analytischen Denken und an technischen Zusammenhängen
Teamplayer*in mit Spaß an selbstständiger und abwechslungsreicher Arbeit
Gute kommunikative Fähigkeiten und eine hohe Eigenmotivation",Ausbildung | Stellendetails zu: Fachinformatiker Daten- & Prozessanalyse (w/m/d) | 01.09.2027,dpa,,"Deine Benefits
Work-Life-Balance
Hybrides arbeiten (mobil & im Büro), flexible Arbeitszeiten (Gleitzeit), 37,5h-Woche, 30 Urlaubstage
Vergütung & Zusatzleistungen
Jahr: 1297 €, 2. Jahr: 1348 €, 3. Jahr: 1459 € pro Monat, Urlaubs- und Weihnachtsgeld, 15 % Personalrabatt sowie zahlreiche Benefits & Mitarbeiterangebote (z. B. Events, Reisen), Altersvorsorgemodelle, eigenes Notebook für die Dauer der Ausbildung
Fachliche & persönliche Entwicklung
Intensives Onboarding, umfangreiche Weiterbildung über die OTTO-Akademie, digitale Lernplattformen – u. a. Masterplan, offene Feedbackkultur, persönliche Betreuung durch das Ausbildungsteam, Auslandsaufenthalte über Berufsschulen, individuelle Gestaltung der Einsatzplätze (innerhalb des Rahmenlehrplanes)
Gesundheit & Wohlbefinden
Achtsamkeits- und Stressmanagementkurse, betriebsärztliche- und psychosoziale Beratung
Kultur & Zusammenarbeit
Communitys & Netzwerke, Coworking & Social Spaces, regelmäßige Mitarbeiterbefragungen, kostenfreie Heißgetränke und vielfältiges – auch veganes – Essensangebot, Mitwirkung in vielfältigen sozialen sowie gesellschaftlichen Engagements, Paketshop
Mobilität
Zuschuss zum Deutschlandticket, kostenfreie Parkplätze, e-Ladesäulen, StadtRAD-Stationen
& viele Benefits mehr!
Mehr anzeigen
Arbeitsorte
Karte anzeigen
Werner-Otto-Str. 1-7, 22179 Hamburg
Unternehmensdarstellung: Otto GmbH & Co. KG aA
Otto GmbH & Co. KG aA
OTTO ist eines der erfolgreichsten E-Commerce-Unternehmen Europas. Mit mehr als 18 Millionen Artikeln von über 34.000 Marken gehört otto.de heute zu den führenden deutschen Onlineshopping-Plattformen. Als Marktplatz öffnen wir uns stetig für weitere Marken und Partner und wachsen so immer weiter. Ausruhen? Nicht unser Ding! Deins auch nicht? Dann komm an Board – und gestalte mit uns die Zukunft des E-Commerce.
Vielfalt gehört zu uns, wie die Elbe zu Hamburg: Wir stehen für Offenheit, Respekt und Toleranz, ohne Wenn und Aber. Lass uns gemeinsam die Segel setzen – unabhängig davon, woher du kommst, wen du liebst oder woran du glaubst. Denn du bist einmalig und genau das suchen wir.
Bei uns kannst du Ideen einbringen und Projekte vorantreiben, dich in Netzwerken für dein Herzensthema engagieren und unsere Unternehmenskultur aktiv mitgestalten. Dinge ausprobieren, neu denken, innovativ sein, über sich hinauswachsen – das ist unser Mindset. Lass uns gemeinsam etwas Großes erreichen. Egal ob du auf dem Campus oder zu Hause arbeitest. Mach auch du OTTO zu deinem Playground.
Alle Stellen anzeigen
Webseiten
Homepage
Informationen zur Bewerbung
Sicherheitsabfrage",,,empty,,javascript:,javascript:,javascript:,externe,"Wir schützen die Kontaktdaten des Arbeitgebers vor unerlaubten Zugriffen. Bitte geben Sie die dargestellten Zeichen in das Textfeld ein, um die Kontaktdaten des Arbeitgebers anzuzeigen.
Anderes Bild laden
Audioversion abspielen
Hinweis: Die dargestellten Zeichen enthalten keine Umlaute (ä, ö, ü oder ß), Sonderzeichen oder Leerzeichen.
Dargestellte Zeichen
Absenden
Fußbereich
Stelle betreut durch die BA
Referenz-Nr.: 10001-1003153489-S
Verstoß melden",,,ausbildungsstellen_de,https://www.arbeitsagentur.de/jobsuche/jobdetail/10001-1003153489-S,False,,53,2027,9,2027-09-01,2026-06-13T12:04:01.771363+00:00
ASD-999960001657283117,ausbildungsstellen_dpa,Berge & Meer Touristik GmbH,,,,"Stellendetails zu: Ausbildung 2026 - Fachinformatiker/in - Daten- und Prozessanalyse (m/w/d)

Zuverlässigkeit, Sorgfalt und Verantwortungsbewusstsein runden Dein Profil ab
Worauf Du Dich freuen kannst:
Flexible Arbeitszeiten: Wir schätzen Work-Life-Balance mit 30 Urlaubstagen und flexiblen Arbeitszeiten
Tolle Arbeitsatmosphäre: Dich erwartet eine tolle Arbeitsatmosphäre in einem lockeren und humorvollen aber auch anspruchsvollen und professionellen Team
Praxisnah & Persönlich: Du bekommst eine praxisnahe Ausbildung und Dein Ausbilder oder Deine Ausbilderin sind persönlich für Dich da
Moderner Arbeitsplatz: Bei uns hast Du einen modernen Arbeitsplatz in schöner Lage
Miteinander: Du findest bei uns ein entspanntes Miteinander mit direkter Kommunikation, Wertschätzung und regelmäßigen Teamevents

**Benefits & Extras: **Wir bieten Dir vielseitige Mitarbeiter-Benefits (z.B. Mitarbeiter-Rabatte auf Reisen, VWL-Zuschuss, betriebliche Altersvorsorge, Firmenevents)
Auslandseinsatz: Du darfst in unserem Ferienhotel auf Korsika mitarbeiten
Bereit, mit uns was zu bewegen?
Wir freuen uns auf Dich!",,"Zuverlässigkeit, Sorgfalt und Verantwortungsbewusstsein runden Dein Profil ab
Worauf Du Dich freuen kannst:
Flexible Arbeitszeiten: Wir schätzen Work-Life-Balance mit 30 Urlaubstagen und flexiblen Arbeitszeiten
Tolle Arbeitsatmosphäre: Dich erwartet eine tolle Arbeitsatmosphäre in einem lockeren und humorvollen aber auch anspruchsvollen und professionellen Team
Praxisnah & Persönlich: Du bekommst eine praxisnahe Ausbildung und Dein Ausbilder oder Deine Ausbilderin sind persönlich für Dich da
Moderner Arbeitsplatz: Bei uns hast Du einen modernen Arbeitsplatz in schöner Lage
Miteinander: Du findest bei uns ein entspanntes Miteinander mit direkter Kommunikation, Wertschätzung und regelmäßigen Teamevents",Ausbildung | Stellendetails zu: 2026 - Fachinformatiker/in - Daten- und Prozessanalyse (m/w/d),dpa,,"**Benefits & Extras: **Wir bieten Dir vielseitige Mitarbeiter-Benefits (z.B. Mitarbeiter-Rabatte auf Reisen, VWL-Zuschuss, betriebliche Altersvorsorge, Firmenevents)
Auslandseinsatz: Du darfst in unserem Ferienhotel auf Korsika mitarbeiten
Bereit, mit uns was zu bewegen?
Wir freuen uns auf Dich!",,,empty,,javascript:,javascript:,javascript:,externe,"Ansprechpartnerin: Daniela Benner
Tel.: 02634/960 11 37
Über uns
Freue Dich bei Berge & Meer – Deutschlands führendem Reise-Direktanbieter – auf vielseitige Aufgaben und spannende Herausforderungen mit Feelgood-Charakter. Arbeite bei uns in einem engagierten Team in freundlicher und motivierender Atmosphäre.
**Bewirb Dich jetzt! **Werde ErlebnismacherIn und erfülle mit Neugier und Entdeckergeist die schönsten Urlaubsträume Deiner Kunden und Kundinnen. Wir freuen uns, Dich kennenzulernen!
Mehr anzeigen
Arbeitsorte
Karte anzeigen
Andreestr. 27, 56579 Rengsdorf, Kreis Neuwied
Unternehmensdarstellung: Berge & Meer Touristik GmbH
Berge & Meer Touristik GmbH
Alle Stellen anzeigen
Webseiten
Homepage
Informationen zur Bewerbung
Sicherheitsabfrage
Wir schützen die Kontaktdaten des Arbeitgebers vor unerlaubten Zugriffen. Bitte geben Sie die dargestellten Zeichen in das Textfeld ein, um die Kontaktdaten des Arbeitgebers anzuzeigen.
Anderes Bild laden
Audioversion abspielen
Hinweis: Die dargestellten Zeichen enthalten keine Umlaute (ä, ö, ü oder ß), Sonderzeichen oder Leerzeichen.
Dargestellte Zeichen
Absenden
Fußbereich
Stelle betreut durch die BA
Referenz-Nr.: 10000-1206310042-S
Verstoß melden",,,ausbildungsstellen_de,https://www.arbeitsagentur.de/jobsuche/jobdetail/10000-1206310042-S,False,,47,,,,2026-06-13T12:05:18.373625+00:00
ASD-999960001129361388,ausbildungsstellen_dpa,Dalli-Werke GmbH & Co. KG,,,,"Stellendetails zu: AUSBILDUNG 2026

Deine Aufgaben:
Als Fachinformatiker Daten- und Prozessanalyse (m/w/d) unterstützt Du bei der bedarfsgerechten Bereitstellung von Softwarelösungen in der Datenauswertung.
Deine Aufgaben hierbei sind z. B.:
• Analyse und Validierung von Daten
• Konzeption und Programmierung von Datenauswertungen / Dashboards (schwerpunktmäßig im SAP Umfeld)
• Optimierung und Digitalisierung von Arbeits- und Geschäftsprozessen
• Test und Dokumentation der Auswertungen

Das bringst Du mit:
• (Fach-) Abitur
• Kommunikationsfähigkeit und Teamfähigkeit
• Eigeninitiative und Verantwortungsbewusstsein
• Interesse an betriebswirtschaftlichen Abläufen und Lösen von Problemen
• Logisches und analytisches Denkvermögen
Deine Ausbildungsvergütung:
Ausbildungsjahr: 1.075 € (ab 01.01.2026: 1.115 €)
Ausbildungsjahr: 1.205 €
Ausbildungsjahr: 1.304 €
Ausbildungsjahr: 1.432 €
Deine Perspektiven:
Du hast Deine Ausbildung erfolgreich absolviert? Dann steht der Übernahme nichts mehr im Wege. Nach Deiner Ausbildung kannst Du in dem Bereich Business Applications arbeiten. Außerdem kannst Du Dich über die Fortbildungsangebote der dalli-group stetig weiterentwickeln. Somit stehen Dir auch nach der Ausbildung viele weitere Möglichkeiten zur Verfügung.
Du fühlst Dich angesprochen? Dann freuen wir uns auf Deine Online-Bewerbung unter
hps://Auszubildenden zum Fachinformatiker Daten- und Prozessanalyse (m/w/d) Stellendetails | Karriere
Mehr anzeigen
Arbeitsorte
Karte anzeigen
Zweifaller Str. 120, 52224 Stolberg (Rheinland)
Unternehmensdarstellung: Dalli-Werke GmbH & Co. KG
Dalli-Werke GmbH & Co. KG
Alle Stellen anzeigen
Webseiten
Homepage
Informationen zur Bewerbung
Sicherheitsabfrage","1.075 €, 1.115 €, 1.205 €, 1.304 €, 1.432 €","Das bringst Du mit:
• (Fach-) Abitur
• Kommunikationsfähigkeit und Teamfähigkeit
• Eigeninitiative und Verantwortungsbewusstsein
• Interesse an betriebswirtschaftlichen Abläufen und Lösen von Problemen
• Logisches und analytisches Denkvermögen
Deine Ausbildungsvergütung:
Ausbildungsjahr: 1.075 € (ab 01.01.2026: 1.115 €)
Ausbildungsjahr: 1.205 €
Ausbildungsjahr: 1.304 €
Ausbildungsjahr: 1.432 €
Deine Perspektiven:
Du hast Deine Ausbildung erfolgreich absolviert? Dann steht der Übernahme nichts mehr im Wege. Nach Deiner Ausbildung kannst Du in dem Bereich Business Applications arbeiten. Außerdem kannst Du Dich über die Fortbildungsangebote der dalli-group stetig weiterentwickeln. Somit stehen Dir auch nach der Ausbildung viele weitere Möglichkeiten zur Verfügung.
Du fühlst Dich angesprochen? Dann freuen wir uns auf Deine Online-Bewerbung unter
hps://Auszubildenden zum Fachinformatiker Daten- und Prozessanalyse (m/w/d) Stellendetails | Karriere
Mehr anzeigen
Arbeitsorte
Karte anzeigen
Zweifaller Str. 120, 52224 Stolberg (Rheinland)
Unternehmensdarstellung: Dalli-Werke GmbH & Co. KG
Dalli-Werke GmbH & Co. KG
Alle Stellen anzeigen
Webseiten
Homepage
Informationen zur Bewerbung
Sicherheitsabfrage",Ausbildung | Stellendetails zu: AUSBILDUNG 2026,dpa,,,,,empty,,javascript:,javascript:,javascript:,externe,"Wir schützen die Kontaktdaten des Arbeitgebers vor unerlaubten Zugriffen. Bitte geben Sie die dargestellten Zeichen in das Textfeld ein, um die Kontaktdaten des Arbeitgebers anzuzeigen.
Anderes Bild laden
Audioversion abspielen
Hinweis: Die dargestellten Zeichen enthalten keine Umlaute (ä, ö, ü oder ß), Sonderzeichen oder Leerzeichen.
Dargestellte Zeichen
Absenden
Fußbereich
Stelle betreut durch die BA
Referenz-Nr.: 10000-1204235703-S
Verstoß melden",,,ausbildungsstellen_de,https://www.arbeitsagentur.de/jobsuche/jobdetail/10000-1204235703-S,False,,47,2026,1,2026-01-01,2026-06-13T12:04:31.615943+00:00
ASD-999960000754362978,ausbildungsstellen_dpa,Emil Färber GmbH & Co.KG,,,,Stellendetails zu: Ausbildung zum Fachinformatiker (m/w/d) für Daten- & Prozessanalyse,,,Ausbildung | Stellendetails zu: zum Fachinformatiker (m/w/d) für Daten- & Prozessanalyse,dpa,,,,,empty,ausbildung@faerber.de,javascript:,javascript:,javascript:,externe,"Wir schützen die Kontaktdaten des Arbeitgebers vor unerlaubten Zugriffen. Bitte geben Sie die dargestellten Zeichen in das Textfeld ein, um die Kontaktdaten des Arbeitgebers anzuzeigen.
Anderes Bild laden
Audioversion abspielen
Hinweis: Die dargestellten Zeichen enthalten keine Umlaute (ä, ö, ü oder ß), Sonderzeichen oder Leerzeichen.
Dargestellte Zeichen
Absenden
Fußbereich
Stelle betreut durch die BA
Referenz-Nr.: 10001-1002699590-S
Verstoß melden","Dann schicke noch heute deine Bewerbungsunterlagen (Anschreiben, Lebenslauf, Schulzeugnisse) für deinen Ausbildungsstart ab 01.09.2026 an Herrn Schmidt über einen der folgenden Wege:
Über das Karriereportal auf unserer Homepage
(https://www.faerber.de/fachinformatiker/)
Per Mail an ausbildung@faerber.de
Per Post an Karl-Friedrich-Str. 98, 79312 Emmendingen.
Wir freuen uns auf deine Bewerbung!
Emil Färber GmbH & Co. KG, Karl-Friedrich-Str. 98, 79312 Emmendingen
Arbeitsorte
Karte anzeigen
Karl-Friedrich-Str. 98, 79312 Emmendingen
Unternehmensdarstellung: Emil Färber GmbH & Co.KG
Emil Färber GmbH & Co.KG
Hauptsitz
Emmendingen
Gründung
1877
Betriebsgröße
800
Tätigkeitsfelder und Schlagworte
LebensmittelgroßhandelFleischgroßhandel
Der Name Emil Färber steht seit Generationen für Fleisch von erstklassiger Qualität und Frische. Begonnen 1877 als lokale Viehhandlung in Villingen, zählen wir heute zu den führenden Fleisch- und Lebensmittellieferanten in der Region. Mit 26 Standorten, 15.000 Artikeln und knapp 800 Mitarbeitenden in Baden-Württemberg, Bayern, Hessen, Rheinland-Pfalz, Brandenburg und Sachsen beliefern wir unsere 6.000 Kunden.
Den zentralen Erfolgsfaktor unseres Unternehmens stellen unsere knapp 800 Mitarbeitenden dar, die Färber mit Ihren Händen und Köpfen erst zu dem machen, was es ist: regional, familiär und authentisch.
Werden auch Sie Teil dieser Erfolgsgeschichte und profitieren Sie von spannenden und abwechslungsreichen Tätigkeiten, einem familiären Arbeitsumfeld, einer überdurchschnittlichen Vergütung, umfangreichen Zusatzleistungen und vielem mehr.
Starten Sie schon heute Ihre Karriere bei Färber und schicken Sie uns Ihre aussagekräftigen Bewerbungsunterlagen per Mail oder Post!
Bei Fragen stehen wir Ihnen gerne über dieses Portal, telefonisch oder per Mail zur Verfügung.
Wir freuen uns auf Sie!
Vorteile für Mitarbeitende
Corporate Beneftis
Weihnachtsgeld
Jobrad
Vermögenswirksame Leistungen
Firmenevents
Rabatte für Mitarbeitende
Sonderzahlungen
Betriebliche Altersvorsorge
Parkmöglichkeiten
Gute Verkehrsanbindung
Die abgebildeten Vorteile für Mitarbeitende können je nach Abteilung und Position variieren.
Alle Stellen anzeigenIn neuem Tab öffnen
Webseiten
Homepage
Social Media Seiten
Informationen zur Bewerbung
Sicherheitsabfrage",,ausbildungsstellen_de,https://www.arbeitsagentur.de/jobsuche/jobdetail/10001-1002699590-S,False,,47,,,,2026-06-13T12:04:10.800473+00:00
ASD-999960000269279748,ausbildungsstellen_dpa,Kemena GmbH,,,,"Stellendetails zu: Fachinformatiker für Daten- und Prozessanalyse (m/w/d) 2026

Während der Ausbildung stellst du dich folgenden Aufgaben:
• Sicherstellung der Verfügbarkeit und Qualität der IT-Infrastruktur, Daten und Prozesse
• Erstellung, Wartung und Dokumentation von internen und externen Datenschnittstellen
• Fehleranalyse und Störungsbeseitigung bei IT-Supportanfragen und Problemstellungen
• Erstellung von Benutzer-, Zugriffs-, Datenhaltungs- sowie Datensicherungskonzepten
• Konfiguration, Installation und Service von Soft- und Hardware

Dein Profil:
• Mindestens ein guter Abschluss der mittleren Reife oder Fachabitur/Abitur: Du bringst eine solide schulische Qualifikation mit, die dir beste Voraussetzungen für den Einstieg bietet.
• Ausgeprägtes logisches und technisches Verständnis: Du denkst analytisch und hast ein gutes Gespür für technische Zusammenhänge.
• Hohe Lernbereitschaft: Du bist motiviert, dich in neue Themen einzuarbeiten und kontinuierlich weiterzuentwickeln.
• Flexibel, verantwortungsbewusst und teamfähig: Du passt dich flexibel an neue Herausforderungen an, übernimmst Verantwortung und arbeitest gerne im Team.
Wir freuen uns auf deine Bewerbung.
Deine Fragen beantwortet dir gerne Melanie Szulc (05731 7807 25).
Kemena GmbH, Löhner Str. 202, 32584 Löhne
Arbeitsorte
Karte anzeigen
32584 Löhne
Unternehmensdarstellung: Kemena GmbH
Kemena GmbH
KEMENA ist seit Jahrzehnten etablierter Logistikpartner namhafter Industrieunternehmen und Zulieferer. Unser Anspruch:
Als Spezialdienstleister für Beschaffungslogistik übernehmen unsere Mitarbeiter Verantwortung für den Erfolg unserer Kunden. Kompetenz, Erfahrung und Weitblick entlang der gesamten Supply Chain sowie ein hohes persönliches Engagement sind unsere Markenzeichen.
Alle Stellen anzeigen
Webseiten
Homepage
Informationen zur Bewerbung
Sicherheitsabfrage

Wir bieten dir:
• Sicherer Ausbildungsplatz: Du profitierst von der Sicherheit und Beständigkeit eines Familienunternehmens.
• Verantwortung und Zusammenarbeit: Erlebe eine vertrauensvolle Arbeitsumgebung, die es dir ermöglicht, eigene Ideen einzubringen und Verantwortung zu übernehmen.
• Qualifizierungs- und Aufstiegsmöglichkeiten: Wir bieten dir vielseitige Weiterbildungsmöglichkeiten und unterstützen deine berufliche Entwicklung.
• Attraktive Altersvorsorge: Profitiere von einer betrieblichen Altersvorsorge mit großzügigem Arbeitgeberzuschuss.
• Flexible Arbeitszeiten: Genieße flexible Arbeitszeiten und ein Gleitzeitkonto, um deine Work-Life-Balance optimal zu gestalten.
• Rabatte und Vergünstigungen: Nutze exklusive Rabatte und Vergünstigungen bei diversen Anbietern.
• Verpflegung: Freue dich auf frisches Obst und eine Auswahl an kostenlosen Getränken.
• Kostenlose Parkplätze: Parke bequem und kostenlos direkt auf unserem Unternehmensgelände.",,"Dein Profil:
• Mindestens ein guter Abschluss der mittleren Reife oder Fachabitur/Abitur: Du bringst eine solide schulische Qualifikation mit, die dir beste Voraussetzungen für den Einstieg bietet.
• Ausgeprägtes logisches und technisches Verständnis: Du denkst analytisch und hast ein gutes Gespür für technische Zusammenhänge.
• Hohe Lernbereitschaft: Du bist motiviert, dich in neue Themen einzuarbeiten und kontinuierlich weiterzuentwickeln.
• Flexibel, verantwortungsbewusst und teamfähig: Du passt dich flexibel an neue Herausforderungen an, übernimmst Verantwortung und arbeitest gerne im Team.
Wir freuen uns auf deine Bewerbung.
Deine Fragen beantwortet dir gerne Melanie Szulc (05731 7807 25).
Kemena GmbH, Löhner Str. 202, 32584 Löhne
Arbeitsorte
Karte anzeigen
32584 Löhne
Unternehmensdarstellung: Kemena GmbH
Kemena GmbH
KEMENA ist seit Jahrzehnten etablierter Logistikpartner namhafter Industrieunternehmen und Zulieferer. Unser Anspruch:
Als Spezialdienstleister für Beschaffungslogistik übernehmen unsere Mitarbeiter Verantwortung für den Erfolg unserer Kunden. Kompetenz, Erfahrung und Weitblick entlang der gesamten Supply Chain sowie ein hohes persönliches Engagement sind unsere Markenzeichen.
Alle Stellen anzeigen
Webseiten
Homepage
Informationen zur Bewerbung
Sicherheitsabfrage",Ausbildung | Stellendetails zu: Fachinformatiker für Daten- und Prozessanalyse (m/w/d) 2026,dpa,,"Wir bieten dir:
• Sicherer Ausbildungsplatz: Du profitierst von der Sicherheit und Beständigkeit eines Familienunternehmens.
• Verantwortung und Zusammenarbeit: Erlebe eine vertrauensvolle Arbeitsumgebung, die es dir ermöglicht, eigene Ideen einzubringen und Verantwortung zu übernehmen.
• Qualifizierungs- und Aufstiegsmöglichkeiten: Wir bieten dir vielseitige Weiterbildungsmöglichkeiten und unterstützen deine berufliche Entwicklung.
• Attraktive Altersvorsorge: Profitiere von einer betrieblichen Altersvorsorge mit großzügigem Arbeitgeberzuschuss.
• Flexible Arbeitszeiten: Genieße flexible Arbeitszeiten und ein Gleitzeitkonto, um deine Work-Life-Balance optimal zu gestalten.
• Rabatte und Vergünstigungen: Nutze exklusive Rabatte und Vergünstigungen bei diversen Anbietern.
• Verpflegung: Freue dich auf frisches Obst und eine Auswahl an kostenlosen Getränken.
• Kostenlose Parkplätze: Parke bequem und kostenlos direkt auf unserem Unternehmensgelände.",,,empty,,javascript:,javascript:,javascript:,externe,"Wir schützen die Kontaktdaten des Arbeitgebers vor unerlaubten Zugriffen. Bitte geben Sie die dargestellten Zeichen in das Textfeld ein, um die Kontaktdaten des Arbeitgebers anzuzeigen.
Anderes Bild laden
Audioversion abspielen
Hinweis: Die dargestellten Zeichen enthalten keine Umlaute (ä, ö, ü oder ß), Sonderzeichen oder Leerzeichen.
Dargestellte Zeichen
Absenden
Fußbereich
Stelle betreut durch die BA
Referenz-Nr.: 13194-2025mfworqvw-000-S
Verstoß melden",,,ausbildungsstellen_de,https://www.arbeitsagentur.de/jobsuche/jobdetail/13194-2025mfworqvw-000-S,False,,47,,,,2026-06-13T12:03:44.166188+00:00
ASD-999960000804495582,ausbildungsstellen_dpa,prosozial GmbH,,,,"Stellendetails zu: Fachinformatiker*in Daten- und Prozessanalyse

WIR BIETEN: Ein klasse Team. Software, die Menschen hilft. Spannende und abwechslungsreiche Aufgaben. Viele Möglichkeiten zur persönlichen und fachlichen Weiterentwicklung. Wir bilden seit über 25 Jahren Auszubildende in verschiedenen IT-Berufen aus. Wir arbeiten mit modernsten Technologien. Wir arbeiten zusammen in kleineren, agilen Entwicklungsteams. Wir arbeiten wie eine große Familie zusammen. Wir lernen voneinander und entwickeln kreative Ideen.
Wenn du neugierig geworden bist und Teil eines super Teams sein möchtest, dann überzeuge uns und bewirb dich für das kommende Ausbildungsjahr per E-Mail unter: BEWERBUNG@PROSOZIAL.DE www.prosozial.de
Werde Teil der prosozial-Family! Mehr Infos und Details zur Ausbildung bei prosozial gibt's hier: www.youtube.com
Arbeitsorte
Karte anzeigen
Lindenbach 36, 56130 Bad Ems
Unternehmensdarstellung: prosozial GmbH
prosozial GmbH
prosozial gmbh, mit Sitz am Rheinufer in Koblenz, ist ein leistungsstarkes, mittelständisches, inhabergeführtes Software- und Beratungsunternehmen. Wir entwickeln und implementieren qualitativ hochwertige IT-Lösungen für den Sozialbereich im gesamten Bundesgebiet und darüber hinaus. Mit unseren Organisationslösungen ermöglichen wir effizientes, zielgerichtetes Arbeiten in den Bereichen Sozialhilfe, Grundsicherung für Arbeitssuchende, rechtliche Betreuung, Jugendhilfe, Arbeitsverwaltung, Beschäftigung, Pflegestützpunkte, Aus- und Weiterbildung u.v.a.m.
Alle Stellen anzeigen
Webseiten
Homepage
Informationen zur Bewerbung
Sicherheitsabfrage",,,Ausbildung | Stellendetails zu: Fachinformatiker*in Daten- und Prozessanalyse,dpa,,"WIR BIETEN: Ein klasse Team. Software, die Menschen hilft. Spannende und abwechslungsreiche Aufgaben. Viele Möglichkeiten zur persönlichen und fachlichen Weiterentwicklung. Wir bilden seit über 25 Jahren Auszubildende in verschiedenen IT-Berufen aus. Wir arbeiten mit modernsten Technologien. Wir arbeiten zusammen in kleineren, agilen Entwicklungsteams. Wir arbeiten wie eine große Familie zusammen. Wir lernen voneinander und entwickeln kreative Ideen.
Wenn du neugierig geworden bist und Teil eines super Teams sein möchtest, dann überzeuge uns und bewirb dich für das kommende Ausbildungsjahr per E-Mail unter: BEWERBUNG@PROSOZIAL.DE www.prosozial.de
Werde Teil der prosozial-Family! Mehr Infos und Details zur Ausbildung bei prosozial gibt's hier: www.youtube.com
Arbeitsorte
Karte anzeigen
Lindenbach 36, 56130 Bad Ems
Unternehmensdarstellung: prosozial GmbH
prosozial GmbH
prosozial gmbh, mit Sitz am Rheinufer in Koblenz, ist ein leistungsstarkes, mittelständisches, inhabergeführtes Software- und Beratungsunternehmen. Wir entwickeln und implementieren qualitativ hochwertige IT-Lösungen für den Sozialbereich im gesamten Bundesgebiet und darüber hinaus. Mit unseren Organisationslösungen ermöglichen wir effizientes, zielgerichtetes Arbeiten in den Bereichen Sozialhilfe, Grundsicherung für Arbeitssuchende, rechtliche Betreuung, Jugendhilfe, Arbeitsverwaltung, Beschäftigung, Pflegestützpunkte, Aus- und Weiterbildung u.v.a.m.
Alle Stellen anzeigen
Webseiten
Homepage
Informationen zur Bewerbung
Sicherheitsabfrage",,,empty,BEWERBUNG@PROSOZIAL.DE,javascript:,javascript:,javascript:,externe,"Wir schützen die Kontaktdaten des Arbeitgebers vor unerlaubten Zugriffen. Bitte geben Sie die dargestellten Zeichen in das Textfeld ein, um die Kontaktdaten des Arbeitgebers anzuzeigen.
Anderes Bild laden
Audioversion abspielen
Hinweis: Die dargestellten Zeichen enthalten keine Umlaute (ä, ö, ü oder ß), Sonderzeichen oder Leerzeichen.
Dargestellte Zeichen
Absenden
Fußbereich
Stelle betreut durch die BA
Referenz-Nr.: 10000-1206610785-S
Verstoß melden",,,ausbildungsstellen_de,https://www.arbeitsagentur.de/jobsuche/jobdetail/10000-1206610785-S,False,,47,,,,2026-06-13T12:04:22.592998+00:00
ASD-999960001341001547,ausbildungsstellen_dpa,Würth Elektronik eiSos GmbH & Co. KG,,,,"Stellendetails zu: Ausbildung zum Fachinformatiker (m/w/d) - Daten und Prozessanalyse | 2026

Darauf kannst du dich freuen
Top Gehalt: Überdurchschnittliche Vergütung -1. Jahr: 1.303 €, 2. Jahr: 1.381 €, ab dem 3. Jahr: 1.501 €, Urlaubs- und Weihnachtsgeld, Fahrtgeldzuschuss (ÖPNV / Auto)
Erstklassige Betreuung: Wir begleiten dich von Anfang an und sind immer für dich da
Giving back: Teilnahme an sozialen Projekten (z. B. Special Olympics)
Exklusive Deals: Würth Corporate Benefits, Vergünstigungen z.B. bei Festivaltickets, in Freizeitparks, Sportevents, Kooperationen mit Sport- und Fitnesspartnern
Around the world: Möglichkeit eines Auslandsaufenthaltes
Perspektive: Beste Übernahmechancen für deine erfolgreiche Karriere
Arbeitsorte
Karte anzeigen
Max-Eyth-Str. 1, 74638 Waldenburg, Württemberg
Unternehmensdarstellung: Würth Elektronik eiSos GmbH & Co. KG
Würth Elektronik eiSos GmbH & Co. KG
Die Würth Elektronik Gruppe mit über 7.300 Mitarbeitern in 50 Ländern fertigt und vertreibt elektronische, elektromechanische Bauelemente, Leiterplatten und intelligente Power- und Steuerungssysteme. Der Unternehmensbereich Würth Elektronik eiSos mit Sitz in Waldenburg ist als Spezialist für elektronische und elektromechanische Bauelemente einer der erfolgreichsten der Würth-Gruppe.
Alle Stellen anzeigen
Webseiten
Homepage
Informationen zur Bewerbung
Sicherheitsabfrage","1.303 €, 1.381 €, 1.501 €",,Ausbildung | Stellendetails zu: zum Fachinformatiker (m/w/d) - Daten und Prozessanalyse | 2026,dpa,,"Darauf kannst du dich freuen
Top Gehalt: Überdurchschnittliche Vergütung -1. Jahr: 1.303 €, 2. Jahr: 1.381 €, ab dem 3. Jahr: 1.501 €, Urlaubs- und Weihnachtsgeld, Fahrtgeldzuschuss (ÖPNV / Auto)
Erstklassige Betreuung: Wir begleiten dich von Anfang an und sind immer für dich da
Giving back: Teilnahme an sozialen Projekten (z. B. Special Olympics)
Exklusive Deals: Würth Corporate Benefits, Vergünstigungen z.B. bei Festivaltickets, in Freizeitparks, Sportevents, Kooperationen mit Sport- und Fitnesspartnern
Around the world: Möglichkeit eines Auslandsaufenthaltes
Perspektive: Beste Übernahmechancen für deine erfolgreiche Karriere
Arbeitsorte
Karte anzeigen
Max-Eyth-Str. 1, 74638 Waldenburg, Württemberg
Unternehmensdarstellung: Würth Elektronik eiSos GmbH & Co. KG
Würth Elektronik eiSos GmbH & Co. KG
Die Würth Elektronik Gruppe mit über 7.300 Mitarbeitern in 50 Ländern fertigt und vertreibt elektronische, elektromechanische Bauelemente, Leiterplatten und intelligente Power- und Steuerungssysteme. Der Unternehmensbereich Würth Elektronik eiSos mit Sitz in Waldenburg ist als Spezialist für elektronische und elektromechanische Bauelemente einer der erfolgreichsten der Würth-Gruppe.
Alle Stellen anzeigen
Webseiten
Homepage
Informationen zur Bewerbung
Sicherheitsabfrage",,,empty,,javascript:,javascript:,javascript:,externe,"Wir schützen die Kontaktdaten des Arbeitgebers vor unerlaubten Zugriffen. Bitte geben Sie die dargestellten Zeichen in das Textfeld ein, um die Kontaktdaten des Arbeitgebers anzuzeigen.
Anderes Bild laden
Audioversion abspielen
Hinweis: Die dargestellten Zeichen enthalten keine Umlaute (ä, ö, ü oder ß), Sonderzeichen oder Leerzeichen.
Dargestellte Zeichen
Absenden
Fußbereich
Stelle betreut durch die BA
Referenz-Nr.: 10001-1001270273-S
Verstoß melden",,,ausbildungsstellen_de,https://www.arbeitsagentur.de/jobsuche/jobdetail/10001-1001270273-S,False,,47,,,,2026-06-13T12:04:37.483471+00:00
ASD-999960001762013468,ausbildungsstellen_dpa,DIGI-SOFTWARE GmbH,,,,"Stellendetails zu: Ausbildung zum Fachinformatiker Daten- u. Prozessanalyse (m/w/d)

Dein Profil
Als Auszubildender zum Fachinformatiker (m/w/d) brennst für IT-Themen, löst komplexe Probleme am liebsten in Code und bist ein zuverlässiger Teamplayer.
Deine Mission
Du sorgst dafür, dass unsere Softwarelösungen mit der gewohnten Qualität unsere KundInnen begeistern - mit der Ausbildung zum Fachinformatiker (m/w/d) für Daten- und Prozessanalyse lernst alles, was du dafür brauchst.
Du bei OneQrew
Du lernst Datenschutz- und Datensicherheitsprozesse zu analysieren und zu optimieren.
Dazu gehört auch die Identifizierung und Klassifizierung von Datenquellen zur Verbesserung von Datenqualität.
Schon während deiner Ausbildung bist du direkt in das Tageschgeschäft eingebunden und unterstützt z. B. unsere Servicetechniker bei der Behebung von Anwenderproblemen.
In eigenen Projekten darfst du stetig neue Erfahrungen sammeln und Verantwortung übernehmen.
Was Du mitbringst
Ob abgeschlossene mittlere Reife, Abitur, oder auch erste Schritte in einem Studium. Dein bisheriger Weg ist erst einmal zweitrangig. Viel wichtiger ist uns, für was du brennst!
Du verfügst über ein Grundlegendes Verständnis für technische Sachverhalte.
Du hast Erfahrung im Programmieren und Interesse an Informationstechnik.
Des Weiteren verfügst du über gute Windows-Kenntnisse und bist sicher im Umgang mit den gängigen MS-Office-Programmen.
Zudem hast du Freude im Umgang mit KundInnen und KollegInnen und siehst dich selbst als serviceorientiert. Du kommunizierst sicher auf Deutsch und bist ein zuverlässiger Teamplayer.
Dein Equipment
Wir statten dich perfekt für deine Arbeit aus – modernste Technik, höhenverstellbare Schreibtische, Dual-Display Setup und für Dienstreisende ein iPhone und iPad.
Dein Rhythmus
Gestalte deinen Arbeitsalltag flexibel – unsere Gleitzeitregelung und unsere hybride Arbeitsweise machen es möglich.
Deine Entwicklung
Wir boosten deine Entwicklung – freue dich auf ein umfangreiches Weiterbildungsangebot mit zielgerichteten Entwicklungsmaßnahmen.
Deine Teamevents und Firmenfeiern
Work hard, play hard – wir investieren in Teamevents und Firmenfeiern, um unseren Teamgeist zu stärken und unseren Zusammenhalt zu fördern, damit wir wieder unser Bestes für unsere Kunden geben können.
Dein Ausgleich
Mit klarem Kopf ins Wochenende – zeige freitags dein Können beim Tennisspielen. Egal ob Profi oder Anfänger. Bei uns steht der Spaß im Vordergrund.
Deine Zukunft
Bestens auf die Zukunft vorbereitet – unsere betriebliche Altersvorsorge macht es möglich.
Mehr anzeigen
Arbeitsorte
Karte anzeigen
Raiffeisenstr. 30, 70794 Filderstadt
Unternehmensdarstellung: DIGI-SOFTWARE GmbH
DIGI-SOFTWARE GmbH
Hauptsitz
Filderstadt
Gründung
1994
Betriebsgröße
40-50
Tätigkeitsfelder und Schlagworte
Digitale ZeiterfassungERP-/CRM-SoftwareRessourcenplanungHandwerkersoftware
DIGI-SOFTWARE ist ein Unternehmen, das sich im Bereich mobile Zeiterfassung eine Marktführerposition erkämpft hat. Unsere Kunden sind Handwerksbetriebe aus Deutschland, Österreich und der Schweiz. Hohe Zuwachsraten und ein jung gebliebenes, motiviertes Team sind unsere Markenzeichen.
Hinter dem bisherigen Erfolg steht ein hochmotiviertes Team mit einem ausgezeichnetem Betriebsklima. Wir bei DIGI haben gut ausgebildete Mitarbeiter, die täglich gefördert werden und mit vollem Einsatz ihre Arbeit leisten. Das DIGI-Team steht für eine offene Kommunikation und hört sich die Ideen jedes Einzelnen an, um gemeinsam das Wachstum des Unternehmens voranzutreiben.
Vorteile für Mitarbeitende
Homeoffice / Mobiles Arbeiten
Firmenevents
Rabatte für Mitarbeitende
Weiterbildungen
Betriebliche Altersvorsorge
Mitgestaltungsmöglichkeiten
Parkmöglichkeiten
Gute Verkehrsanbindung
Moderne technische Ausstattung
Die abgebildeten Vorteile für Mitarbeitende können je nach Abteilung und Position variieren.
Alle Stellen anzeigenIn neuem Tab öffnen
Webseiten
Homepage
Karriereseite
Über uns
Social Media Seiten
Informationen zur Bewerbung
Sicherheitsabfrage",,"Dein Profil
Als Auszubildender zum Fachinformatiker (m/w/d) brennst für IT-Themen, löst komplexe Probleme am liebsten in Code und bist ein zuverlässiger Teamplayer.
Deine Mission
Du sorgst dafür, dass unsere Softwarelösungen mit der gewohnten Qualität unsere KundInnen begeistern - mit der Ausbildung zum Fachinformatiker (m/w/d) für Daten- und Prozessanalyse lernst alles, was du dafür brauchst.
Du bei OneQrew
Du lernst Datenschutz- und Datensicherheitsprozesse zu analysieren und zu optimieren.
Dazu gehört auch die Identifizierung und Klassifizierung von Datenquellen zur Verbesserung von Datenqualität.
Schon während deiner Ausbildung bist du direkt in das Tageschgeschäft eingebunden und unterstützt z. B. unsere Servicetechniker bei der Behebung von Anwenderproblemen.
In eigenen Projekten darfst du stetig neue Erfahrungen sammeln und Verantwortung übernehmen.
Was Du mitbringst
Ob abgeschlossene mittlere Reife, Abitur, oder auch erste Schritte in einem Studium. Dein bisheriger Weg ist erst einmal zweitrangig. Viel wichtiger ist uns, für was du brennst!
Du verfügst über ein Grundlegendes Verständnis für technische Sachverhalte.
Du hast Erfahrung im Programmieren und Interesse an Informationstechnik.
Des Weiteren verfügst du über gute Windows-Kenntnisse und bist sicher im Umgang mit den gängigen MS-Office-Programmen.
Zudem hast du Freude im Umgang mit KundInnen und KollegInnen und siehst dich selbst als serviceorientiert. Du kommunizierst sicher auf Deutsch und bist ein zuverlässiger Teamplayer.
Dein Equipment
Wir statten dich perfekt für deine Arbeit aus – modernste Technik, höhenverstellbare Schreibtische, Dual-Display Setup und für Dienstreisende ein iPhone und iPad.
Dein Rhythmus
Gestalte deinen Arbeitsalltag flexibel – unsere Gleitzeitregelung und unsere hybride Arbeitsweise machen es möglich.
Deine Entwicklung
Wir boosten deine Entwicklung – freue dich auf ein umfangreiches Weiterbildungsangebot mit zielgerichteten Entwicklungsmaßnahmen.
Deine Teamevents und Firmenfeiern
Work hard, play hard – wir investieren in Teamevents und Firmenfeiern, um unseren Teamgeist zu stärken und unseren Zusammenhalt zu fördern, damit wir wieder unser Bestes für unsere Kunden geben können.
Dein Ausgleich
Mit klarem Kopf ins Wochenende – zeige freitags dein Können beim Tennisspielen. Egal ob Profi oder Anfänger. Bei uns steht der Spaß im Vordergrund.
Deine Zukunft
Bestens auf die Zukunft vorbereitet – unsere betriebliche Altersvorsorge macht es möglich.
Mehr anzeigen
Arbeitsorte
Karte anzeigen
Raiffeisenstr. 30, 70794 Filderstadt
Unternehmensdarstellung: DIGI-SOFTWARE GmbH
DIGI-SOFTWARE GmbH
Hauptsitz
Filderstadt
Gründung
1994
Betriebsgröße
40-50
Tätigkeitsfelder und Schlagworte
Digitale ZeiterfassungERP-/CRM-SoftwareRessourcenplanungHandwerkersoftware
DIGI-SOFTWARE ist ein Unternehmen, das sich im Bereich mobile Zeiterfassung eine Marktführerposition erkämpft hat. Unsere Kunden sind Handwerksbetriebe aus Deutschland, Österreich und der Schweiz. Hohe Zuwachsraten und ein jung gebliebenes, motiviertes Team sind unsere Markenzeichen.
Hinter dem bisherigen Erfolg steht ein hochmotiviertes Team mit einem ausgezeichnetem Betriebsklima. Wir bei DIGI haben gut ausgebildete Mitarbeiter, die täglich gefördert werden und mit vollem Einsatz ihre Arbeit leisten. Das DIGI-Team steht für eine offene Kommunikation und hört sich die Ideen jedes Einzelnen an, um gemeinsam das Wachstum des Unternehmens voranzutreiben.
Vorteile für Mitarbeitende
Homeoffice / Mobiles Arbeiten
Firmenevents
Rabatte für Mitarbeitende
Weiterbildungen
Betriebliche Altersvorsorge
Mitgestaltungsmöglichkeiten
Parkmöglichkeiten
Gute Verkehrsanbindung
Moderne technische Ausstattung
Die abgebildeten Vorteile für Mitarbeitende können je nach Abteilung und Position variieren.
Alle Stellen anzeigenIn neuem Tab öffnen
Webseiten
Homepage
Karriereseite
Über uns
Social Media Seiten
Informationen zur Bewerbung
Sicherheitsabfrage",Ausbildung | Stellendetails zu: zum Fachinformatiker Daten- u. Prozessanalyse (m/w/d),dpa,,,,,empty,,javascript:,javascript:,javascript:,externe,"Wir schützen die Kontaktdaten des Arbeitgebers vor unerlaubten Zugriffen. Bitte geben Sie die dargestellten Zeichen in das Textfeld ein, um die Kontaktdaten des Arbeitgebers anzuzeigen.
Anderes Bild laden
Audioversion abspielen
Hinweis: Die dargestellten Zeichen enthalten keine Umlaute (ä, ö, ü oder ß), Sonderzeichen oder Leerzeichen.
Dargestellte Zeichen
Absenden
Fußbereich
Stelle betreut durch die BA
Referenz-Nr.: 10001-1001657676-S
Verstoß melden",,,ausbildungsstellen_de,https://www.arbeitsagentur.de/jobsuche/jobdetail/10001-1001657676-S,False,,40,,,,2026-06-13T12:05:21.251367+00:00
ASD-999960001416364668,ausbildungsstellen_dpa,Fruchthansa GmbH,,,,"Stellendetails zu: Fachinformatiker Daten- und Proessanalyse (m/w/d) 2026

Deine Aufgaben
Du lernst die Konzeption, Realisierung und Betreuung komplexer IT-Systeme kennen.
Du arbeitest aktiv an interessanten Digitalisierungsprojekten mit und unterstützt die informationstechnologische Abbildung von Geschäftsprozessen.
Du analysierst und optimierst Arbeits- und Geschäftsprozesse für die Verwaltung und Logistik
Du vergleichst und wählst geeignete Tools zur Prozessoptimierung aus.
Du identifizierst, klassifizierst und stellst Datenquellen zur Verfügung – für eine strukturierte und effiziente Datennutzung.
Du nutzt analytische, statistische und mathematische Verfahren sowie Programmiersprachen, um Daten auszuwerten und zu verarbeiten.
Du arbeitest eng mit Fachabteilungen zusammen, um Daten in digitale Geschäftsmodelle zu überführen.
Du entwickelst und setzt Datenschutz- und Datensicherheitskonzepte um – inklusive Zugriffsrechte, Datensicherung und Datenverschlüsselung.
Das erwarten wir von Dir
Du hast ein (Fach-)Abitur in der Tasche und bringst besonders gute Noten in Deutsch, Mathematik & Englisch mit
Technisches Verständnis und analytisches Denken sind dein Ding
Informationstechnologien & digitale Medien begeistern dich, du informierst dich und redest gerne darüber
Du hast erste gute Erfahrungen mit Office-Produkten gemacht
Teamwork ist dir wichtig – du bringst dich gerne mit ein, pushst Projekte gemeinsam nach vorne und scheust dich nicht davor Eigeninitiative zu zeigen
Mit deinem Organisationstalent behältst du den Überblick und setzt smarte Prioritäten, indem du auch Verantwortung übernimmst

Das bieten wir Dir
Warum ist diese Ausbildung das Richtige für dich?
Wir bilden aus um unsere Fachkräfte zu behalten: unser Fokus liegt ganz gezielt darauf, unsere Auszubildenden auch zu übernehmen und eine Zukunft bei uns zu bieten
Hohe Zukunftssicherheit: Daten sind das neue Gold – und du lernst, wie man dieses zum Glänzen bringt
Gefragter Beruf: Du wirst in nahezu jeder Branche gebraucht
Viele Entwicklungsmöglichkeiten: z. B. Geprüfte/r Technische/r Fachwirt/in (w/m/d), staatlich geprüfte/r Techniker/in (w/m/d), Studium im Bereich Informatik
Individuelle Förderung und ein starkes Team: Wir begleiten Dich auf Deinem Weg
Internationales Team
Diversität & Vielfalt
Betriebliche Altersvorsorge
Flache Hierarchien
Teamevents
Sprachkurse
Hybrides, flexibles Arbeiten
Fort- und Weiterbildungsmöglichkeiten
Und natürlich jede Menge frisches Obst und Gemüse
Bereit, unser internationales Wachstum mitzugestalten?
Dann freuen wir uns auf deine Bewerbung!
Mehr anzeigen
Arbeitsorte
Karte anzeigen
Urfelder Str. 65, 50389 Wesseling, Rheinland
Unternehmensdarstellung: Fruchthansa GmbH
Fruchthansa GmbH
Alle Stellen anzeigen
Webseiten
Homepage
Informationen zur Bewerbung
Sicherheitsabfrage",,,Ausbildung | Stellendetails zu: Fachinformatiker Daten- und Proessanalyse (m/w/d) 2026,dpa,,"Das bieten wir Dir
Warum ist diese Ausbildung das Richtige für dich?
Wir bilden aus um unsere Fachkräfte zu behalten: unser Fokus liegt ganz gezielt darauf, unsere Auszubildenden auch zu übernehmen und eine Zukunft bei uns zu bieten
Hohe Zukunftssicherheit: Daten sind das neue Gold – und du lernst, wie man dieses zum Glänzen bringt
Gefragter Beruf: Du wirst in nahezu jeder Branche gebraucht
Viele Entwicklungsmöglichkeiten: z. B. Geprüfte/r Technische/r Fachwirt/in (w/m/d), staatlich geprüfte/r Techniker/in (w/m/d), Studium im Bereich Informatik
Individuelle Förderung und ein starkes Team: Wir begleiten Dich auf Deinem Weg
Internationales Team
Diversität & Vielfalt
Betriebliche Altersvorsorge
Flache Hierarchien
Teamevents
Sprachkurse
Hybrides, flexibles Arbeiten
Fort- und Weiterbildungsmöglichkeiten
Und natürlich jede Menge frisches Obst und Gemüse
Bereit, unser internationales Wachstum mitzugestalten?
Dann freuen wir uns auf deine Bewerbung!
Mehr anzeigen
Arbeitsorte
Karte anzeigen
Urfelder Str. 65, 50389 Wesseling, Rheinland
Unternehmensdarstellung: Fruchthansa GmbH
Fruchthansa GmbH
Alle Stellen anzeigen
Webseiten
Homepage
Informationen zur Bewerbung
Sicherheitsabfrage",,,empty,,javascript:,javascript:,javascript:,externe,"Wir schützen die Kontaktdaten des Arbeitgebers vor unerlaubten Zugriffen. Bitte geben Sie die dargestellten Zeichen in das Textfeld ein, um die Kontaktdaten des Arbeitgebers anzuzeigen.
Anderes Bild laden
Audioversion abspielen
Hinweis: Die dargestellten Zeichen enthalten keine Umlaute (ä, ö, ü oder ß), Sonderzeichen oder Leerzeichen.
Dargestellte Zeichen
Absenden
Fußbereich
Stelle betreut durch die BA
Referenz-Nr.: 10000-1206652214-S
Verstoß melden",,,ausbildungsstellen_de,https://www.arbeitsagentur.de/jobsuche/jobdetail/10000-1206652214-S,False,,40,,,,2026-06-13T12:04:43.474904+00:00
ASD-999960000865217726,ausbildungsstellen_dpa,Ladenburger GmbH,,,,"Stellendetails zu: Ausbildung 2027 - Fachinformatiker für Daten- und Prozessanalyse (m/w/d)

Wir bieten ab 01.09.2027 Ausbildungsplätze zur/zum Fachinformatiker für Systemintegration(m/w/d)
Worum geht es?
Daten verstehen, Prozesse optimieren - Der digitale Zukunftsgestalter
Als Fachinformatiker für Daten- und Prozessanalyse bist du unser Datenexperte mit analytischem Blick! Du entschlüsselst komplexe Informationsströme und entwickelst intelligente Lösungen, die unsere Geschäftsprozesse revolutionieren – an der Schnittstelle zwischen IT und Unternehmenserfolg.
Dein Aufgabenspektrum:
• Datenanalyse & -aufbereitung: Du sammelst, strukturierst und analysierst große Datenmengen und machst sie für Entscheidungen nutzbar.
• Prozessoptimierung: Du identifizierst Verbesserungspotentiale in bestehenden Abläufen und entwickelst digitale Lösungen zur Effizienzsteigerung.
• Programmierung & Entwicklung: Du erstellst Skripte und Programme zur automatisierten Datenverarbeitung und baust Schnittstellen zwischen verschiedenen Systemen.
• Business Intelligence: Du konzipierst und erstellst aussagekräftige Dashboards und Visualisierungen für fundierte Unternehmensentscheidungen.
• KI & Machine Learning: Du setzt moderne Algorithmen ein, um Muster in Daten zu erkennen und Prozesse zu automatisieren.
Und vieles mehr!
Rahmenbedingungen:
Berufsschule: Der Blockunterricht findet in der Berufsschule in Aalen statt. Im dritten Lehrjahr findet der Berufsschulunterricht in Stuttgart statt - du musst dich um nichts kümmern: Unterkunft wird organisiert und bezahlt!
Ausbildungsdauer: 3 Jahre
Deine Qualifikationen
Mindestens gute mittlere Reife
Logisches Denkvermögen und analytische Fähigkeiten
Interesse an Datenanalyse und digitalen Technologien
Kommunikationsstärke und Teamfähigkeit
Wir freuen uns auf deine Bewerbung!
Auf Wunsch können wir überregionalen Bewerber/innen (m/w/d) gerne bei der Wohnungssuche unterstützen.
Mehr anzeigen
Arbeitsorte
Karte anzeigen
Zur Walkmühle 1-5, 73441 Bopfingen
Unternehmensdarstellung: Ladenburger GmbH
Ladenburger GmbH
Die Holzwerke Ladenburger beschäftigen sich seit 80 Jahren mit der Verarbeitung und Veredelung des Naturproduktes Holz. Die Firmengruppe gehört mit einer Gesamtproduktionskapazität von über 800.000 m³ zu den führenden Unternehmen in Europa. Produziert wird an 4 Standorten in Deutschland mit Hilfe von modernster Maschinentechnik. Überwiegend beliefert Ladenburger den heimischen Markt in Deutschland und die europäischen Nachbarländer. Durch die Verteilung von unterschiedlichen Produktionsanlagen auf mehrere Standorte und der firmeneigenen Lastwagenflotte sind die Holzwerke Ladenburger in der Lage, flexibel und schnell auf die Anforderungen der Kunden zu reagieren.
Alle Stellen anzeigen
Webseiten
Homepage
Informationen zur Bewerbung
Sicherheitsabfrage",,,Ausbildung | Stellendetails zu: 2027 - Fachinformatiker für Daten- und Prozessanalyse (m/w/d),dpa,,"Wir bieten ab 01.09.2027 Ausbildungsplätze zur/zum Fachinformatiker für Systemintegration(m/w/d)
Worum geht es?
Daten verstehen, Prozesse optimieren - Der digitale Zukunftsgestalter
Als Fachinformatiker für Daten- und Prozessanalyse bist du unser Datenexperte mit analytischem Blick! Du entschlüsselst komplexe Informationsströme und entwickelst intelligente Lösungen, die unsere Geschäftsprozesse revolutionieren – an der Schnittstelle zwischen IT und Unternehmenserfolg.
Dein Aufgabenspektrum:
• Datenanalyse & -aufbereitung: Du sammelst, strukturierst und analysierst große Datenmengen und machst sie für Entscheidungen nutzbar.
• Prozessoptimierung: Du identifizierst Verbesserungspotentiale in bestehenden Abläufen und entwickelst digitale Lösungen zur Effizienzsteigerung.
• Programmierung & Entwicklung: Du erstellst Skripte und Programme zur automatisierten Datenverarbeitung und baust Schnittstellen zwischen verschiedenen Systemen.
• Business Intelligence: Du konzipierst und erstellst aussagekräftige Dashboards und Visualisierungen für fundierte Unternehmensentscheidungen.
• KI & Machine Learning: Du setzt moderne Algorithmen ein, um Muster in Daten zu erkennen und Prozesse zu automatisieren.
Und vieles mehr!
Rahmenbedingungen:
Berufsschule: Der Blockunterricht findet in der Berufsschule in Aalen statt. Im dritten Lehrjahr findet der Berufsschulunterricht in Stuttgart statt - du musst dich um nichts kümmern: Unterkunft wird organisiert und bezahlt!
Ausbildungsdauer: 3 Jahre
Deine Qualifikationen
Mindestens gute mittlere Reife
Logisches Denkvermögen und analytische Fähigkeiten
Interesse an Datenanalyse und digitalen Technologien
Kommunikationsstärke und Teamfähigkeit
Wir freuen uns auf deine Bewerbung!
Auf Wunsch können wir überregionalen Bewerber/innen (m/w/d) gerne bei der Wohnungssuche unterstützen.
Mehr anzeigen
Arbeitsorte
Karte anzeigen
Zur Walkmühle 1-5, 73441 Bopfingen
Unternehmensdarstellung: Ladenburger GmbH
Ladenburger GmbH
Die Holzwerke Ladenburger beschäftigen sich seit 80 Jahren mit der Verarbeitung und Veredelung des Naturproduktes Holz. Die Firmengruppe gehört mit einer Gesamtproduktionskapazität von über 800.000 m³ zu den führenden Unternehmen in Europa. Produziert wird an 4 Standorten in Deutschland mit Hilfe von modernster Maschinentechnik. Überwiegend beliefert Ladenburger den heimischen Markt in Deutschland und die europäischen Nachbarländer. Durch die Verteilung von unterschiedlichen Produktionsanlagen auf mehrere Standorte und der firmeneigenen Lastwagenflotte sind die Holzwerke Ladenburger in der Lage, flexibel und schnell auf die Anforderungen der Kunden zu reagieren.
Alle Stellen anzeigen
Webseiten
Homepage
Informationen zur Bewerbung
Sicherheitsabfrage",,,empty,,javascript:,javascript:,javascript:,externe,"Wir schützen die Kontaktdaten des Arbeitgebers vor unerlaubten Zugriffen. Bitte geben Sie die dargestellten Zeichen in das Textfeld ein, um die Kontaktdaten des Arbeitgebers anzuzeigen.
Anderes Bild laden
Audioversion abspielen
Hinweis: Die dargestellten Zeichen enthalten keine Umlaute (ä, ö, ü oder ß), Sonderzeichen oder Leerzeichen.
Dargestellte Zeichen
Absenden
Fußbereich
Stelle betreut durch die BA
Referenz-Nr.: 10001-1002387031-S
Verstoß melden",,,ausbildungsstellen_de,https://www.arbeitsagentur.de/jobsuche/jobdetail/10001-1002387031-S,False,,40,2027,9,2027-09-01,2026-06-13T12:04:25.626907+00:00
ASD-999960001501810385,ausbildungsstellen_dpa,LIRA service GmbH,,,,"Stellendetails zu: Fachinformatiker - Daten- und Prozessanalyse

Das bringst du mit
(Fach-)Abitur
Begeisterung für IT-Technik und und ein ausgeprägtes logisches Verständnis
Großes Interesse an der Analyse von Daten und betriebswirtschaftlichen Abläufen
Idealerweise erste Berührungspunkte mit Datenbanken (SQL) oder Logik-Rätseln
Gute Englischkenntnisse
Interesse an internationaler Teamarbeit
Arbeitsorte
Karte anzeigen
Lise-Meitner-Str. 10, 33104 Paderborn
Unternehmensdarstellung: LIRA service GmbH
LIRA service GmbH
Die LIRA service GmbH, mit Ihren mittlerweile rund 70 Mitarbeitern, ist exklusiver IT-Dienstleister für die weltweiten Kronospan Standorte. In Paderborn findet die Betreuung des hauseigenen ERP Packages mit Kernkomponenten wie Verkaufsabwicklung, Einkaufsprozessen, Produktions-, Lager- und Versandlogistik statt. Dies umfasst Planung, Design, Entwicklung, Test und Betrieb der Software, Support, Datenbankadministration sowie die Netzwerk- und sonstige Informations- und Telekommunikationstechnik. Wir sind als IT-Dienstleister international tätig und haben uns auf Beratung, Entwicklung und Implementierung kundenspezifischer Softwarelösungen spezialisiert.
Alle Stellen anzeigen
Webseiten
Homepage
Informationen zur Bewerbung
Sicherheitsabfrage",,"Das bringst du mit
(Fach-)Abitur
Begeisterung für IT-Technik und und ein ausgeprägtes logisches Verständnis
Großes Interesse an der Analyse von Daten und betriebswirtschaftlichen Abläufen
Idealerweise erste Berührungspunkte mit Datenbanken (SQL) oder Logik-Rätseln
Gute Englischkenntnisse
Interesse an internationaler Teamarbeit
Arbeitsorte
Karte anzeigen
Lise-Meitner-Str. 10, 33104 Paderborn
Unternehmensdarstellung: LIRA service GmbH
LIRA service GmbH
Die LIRA service GmbH, mit Ihren mittlerweile rund 70 Mitarbeitern, ist exklusiver IT-Dienstleister für die weltweiten Kronospan Standorte. In Paderborn findet die Betreuung des hauseigenen ERP Packages mit Kernkomponenten wie Verkaufsabwicklung, Einkaufsprozessen, Produktions-, Lager- und Versandlogistik statt. Dies umfasst Planung, Design, Entwicklung, Test und Betrieb der Software, Support, Datenbankadministration sowie die Netzwerk- und sonstige Informations- und Telekommunikationstechnik. Wir sind als IT-Dienstleister international tätig und haben uns auf Beratung, Entwicklung und Implementierung kundenspezifischer Softwarelösungen spezialisiert.
Alle Stellen anzeigen
Webseiten
Homepage
Informationen zur Bewerbung
Sicherheitsabfrage",Ausbildung | Stellendetails zu: Fachinformatiker - Daten- und Prozessanalyse,dpa,,,,,empty,,javascript:,javascript:,javascript:,externe,"Wir schützen die Kontaktdaten des Arbeitgebers vor unerlaubten Zugriffen. Bitte geben Sie die dargestellten Zeichen in das Textfeld ein, um die Kontaktdaten des Arbeitgebers anzuzeigen.
Anderes Bild laden
Audioversion abspielen
Hinweis: Die dargestellten Zeichen enthalten keine Umlaute (ä, ö, ü oder ß), Sonderzeichen oder Leerzeichen.
Dargestellte Zeichen
Absenden
Fußbereich
Stelle betreut durch die BA
Referenz-Nr.: 10001-1002908549-S
Verstoß melden",,,ausbildungsstellen_de,https://www.arbeitsagentur.de/jobsuche/jobdetail/10001-1002908549-S,False,,40,,,,2026-06-13T12:05:03.795948+00:00
ASD-999960001832344627,ausbildungsstellen_dpa,Metalogie GmbH,,,,"Stellendetails zu: Fachinformatiker/-in Daten‑ und Prozessanalyse

Wir bieten unseren Mitarbeitenden nicht nur eine hohe Qualifikation, sondern auch vielfältige persönliche Entwicklungsperspektiven. Durch die vielseitigen, spannenden Praxis-Anforderungen entstehen ständig neue Konstellationen und Herausforderungen, die den Arbeitsalltag bei uns spannend und abwechslungsreich gestalten.
Vorteile für Mitarbeitende
Kinderbetreuung
Flexible Arbeitszeiten
Vermögenswirksame Leistungen
Nachhaltigkeit / Umweltschutz
Firmenevents
Sport- und Gesundheitsangebote
Kantine
Mitgestaltungsmöglichkeiten
Parkmöglichkeiten
Gute Verkehrsanbindung
Moderne technische Ausstattung
Die abgebildeten Vorteile für Mitarbeitende können je nach Abteilung und Position variieren.
Alle Stellen anzeigenIn neuem Tab öffnen
Webseiten
Homepage
Social Media Seiten
Informationen zur Bewerbung
Sicherheitsabfrage",,,Ausbildung | Stellendetails zu: Fachinformatiker/-in Daten‑ und Prozessanalyse,dpa,,"Wir bieten unseren Mitarbeitenden nicht nur eine hohe Qualifikation, sondern auch vielfältige persönliche Entwicklungsperspektiven. Durch die vielseitigen, spannenden Praxis-Anforderungen entstehen ständig neue Konstellationen und Herausforderungen, die den Arbeitsalltag bei uns spannend und abwechslungsreich gestalten.
Vorteile für Mitarbeitende
Kinderbetreuung
Flexible Arbeitszeiten
Vermögenswirksame Leistungen
Nachhaltigkeit / Umweltschutz
Firmenevents
Sport- und Gesundheitsangebote
Kantine
Mitgestaltungsmöglichkeiten
Parkmöglichkeiten
Gute Verkehrsanbindung
Moderne technische Ausstattung
Die abgebildeten Vorteile für Mitarbeitende können je nach Abteilung und Position variieren.
Alle Stellen anzeigenIn neuem Tab öffnen
Webseiten
Homepage
Social Media Seiten
Informationen zur Bewerbung
Sicherheitsabfrage",,,empty,,javascript:,javascript:,javascript:,externe,"Wir schützen die Kontaktdaten des Arbeitgebers vor unerlaubten Zugriffen. Bitte geben Sie die dargestellten Zeichen in das Textfeld ein, um die Kontaktdaten des Arbeitgebers anzuzeigen.
Anderes Bild laden
Audioversion abspielen
Hinweis: Die dargestellten Zeichen enthalten keine Umlaute (ä, ö, ü oder ß), Sonderzeichen oder Leerzeichen.
Dargestellte Zeichen
Absenden
Fußbereich
Stelle betreut durch die BA
Referenz-Nr.: 10001-1003024370-S
Verstoß melden",,,ausbildungsstellen_de,https://www.arbeitsagentur.de/jobsuche/jobdetail/10001-1003024370-S,False,,40,,,,2026-06-13T12:05:30.040374+00:00
ASD-999960001816193004,ausbildungsstellen_dpa,Nobilia-Werke J. Stickling GmbH & Co. KG,,,,Stellendetails zu: Ausbildung Fachinformatiker (m/w/d) Daten- und Prozessanalyse,,,Ausbildung | Stellendetails zu: Fachinformatiker (m/w/d) Daten- und Prozessanalyse,dpa,,,,,empty,,javascript:,javascript:,javascript:,externe,"Wir schützen die Kontaktdaten des Arbeitgebers vor unerlaubten Zugriffen. Bitte geben Sie die dargestellten Zeichen in das Textfeld ein, um die Kontaktdaten des Arbeitgebers anzuzeigen.
Anderes Bild laden
Audioversion abspielen
Hinweis: Die dargestellten Zeichen enthalten keine Umlaute (ä, ö, ü oder ß), Sonderzeichen oder Leerzeichen.
Dargestellte Zeichen
Absenden
Fußbereich
Stelle betreut durch die BA
Referenz-Nr.: 10000-1202917922-S
Verstoß melden","Dann freuen wir uns auf die Zusendung Ihrer aussagekräftigen Bewerbung inklusive der letzten drei Schulzeugnisse gern direkt über unser Online-Formular.
Arbeitsorte
Karte anzeigen
Waldstr. 53-57, 33415 Verl
Unternehmensdarstellung: Nobilia-Werke J. Stickling GmbH & Co. KG
Nobilia-Werke J. Stickling GmbH & Co. KG
Alle Stellen anzeigen
Webseiten
Homepage
Informationen zur Bewerbung
Sicherheitsabfrage",,ausbildungsstellen_de,https://www.arbeitsagentur.de/jobsuche/jobdetail/10000-1202917922-S,False,,40,,,,2026-06-13T12:05:27.118869+00:00
ASD-999960001768660837,ausbildungsstellen_dpa,Schlenk Service GmbH & Co. KG,,,,"Stellendetails zu: Fachinformatiker (m/w/d) für Daten- und Prozessanalyse ab 01.09.2027

Wir bieten präzise Unterstützung auf dem Weg zum nachhaltigen Erfolg und stehen als kompetenter, flexibler und lösungsorientierter Partner zur Seite.
Vorteile für Mitarbeitende
Sicherer Arbeitsplatz seit > 140 Jahren
Kinderbetreuung
Flexible Arbeitszeiten
Vermögenswirksame Leistungen
Firmenevents
Rabatte für Mitarbeitende
Sport- und Gesundheitsangebote
Weiterbildungen
Betriebliche Altersvorsorge
Kantine
Parkmöglichkeiten
Die abgebildeten Vorteile für Mitarbeitende können je nach Abteilung und Position variieren.
Alle Stellen anzeigenIn neuem Tab öffnen
Webseiten
Homepage
Karriereseite
Stellenmarkt
Unser Unternehmensvideo
Social Media Seiten
Informationen zur Bewerbung
Sicherheitsabfrage",,,Ausbildung | Stellendetails zu: Fachinformatiker (m/w/d) für Daten- und Prozessanalyse ab 01.09.2027,dpa,,"Wir bieten präzise Unterstützung auf dem Weg zum nachhaltigen Erfolg und stehen als kompetenter, flexibler und lösungsorientierter Partner zur Seite.
Vorteile für Mitarbeitende
Sicherer Arbeitsplatz seit > 140 Jahren
Kinderbetreuung
Flexible Arbeitszeiten
Vermögenswirksame Leistungen
Firmenevents
Rabatte für Mitarbeitende
Sport- und Gesundheitsangebote
Weiterbildungen
Betriebliche Altersvorsorge
Kantine
Parkmöglichkeiten
Die abgebildeten Vorteile für Mitarbeitende können je nach Abteilung und Position variieren.
Alle Stellen anzeigenIn neuem Tab öffnen
Webseiten
Homepage
Karriereseite
Stellenmarkt
Unser Unternehmensvideo
Social Media Seiten
Informationen zur Bewerbung
Sicherheitsabfrage",,,empty,,javascript:,javascript:,javascript:,externe,"Wir schützen die Kontaktdaten des Arbeitgebers vor unerlaubten Zugriffen. Bitte geben Sie die dargestellten Zeichen in das Textfeld ein, um die Kontaktdaten des Arbeitgebers anzuzeigen.
Anderes Bild laden
Audioversion abspielen
Hinweis: Die dargestellten Zeichen enthalten keine Umlaute (ä, ö, ü oder ß), Sonderzeichen oder Leerzeichen.
Dargestellte Zeichen
Absenden
Fußbereich
Stelle betreut durch die BA
Referenz-Nr.: 10000-1206754871-S
Verstoß melden",,,ausbildungsstellen_de,https://www.arbeitsagentur.de/jobsuche/jobdetail/10000-1206754871-S,False,,40,2027,9,2027-09-01,2026-06-13T12:05:24.199663+00:00
ASD-999960000254709243,ausbildungsstellen_dpa,EDV-Optik-Partner GmbH,,,,Stellendetails zu: Ausbildung zum Fachinformatiker für Daten- und Prozessanalyse (m/d/w),,,Ausbildung | Stellendetails zu: zum Fachinformatiker für Daten- und Prozessanalyse (m/d/w),dpa,,,,,empty,,javascript:,javascript:,javascript:,externe,"Wir schützen die Kontaktdaten des Arbeitgebers vor unerlaubten Zugriffen. Bitte geben Sie die dargestellten Zeichen in das Textfeld ein, um die Kontaktdaten des Arbeitgebers anzuzeigen.
Anderes Bild laden
Audioversion abspielen
Hinweis: Die dargestellten Zeichen enthalten keine Umlaute (ä, ö, ü oder ß), Sonderzeichen oder Leerzeichen.
Dargestellte Zeichen
Absenden
Fußbereich
Stelle betreut durch Arbeitgeber
Referenz-Nr.: 10001-1003121982-S
Verstoß melden",,,ausbildungsstellen_de,https://www.arbeitsagentur.de/jobsuche/jobdetail/10001-1003121982-S,False,,33,,,,2026-06-13T12:03:38.184770+00:00
ASD-999960001425869268,ausbildungsstellen_dpa,KraussMaffei Technologies GmbH,,,,Stellendetails zu: Auszubildenden zum Fachinformatiker für Daten- und Prozessanalyse (m/w/d) ab 01.09.2026,,,Ausbildung | Stellendetails zu: Auszubildenden zum Fachinformatiker für Daten- und Prozessanalyse (m/w/d) ab 01.09.2026,dpa,,,,,empty,,javascript:,javascript:,javascript:,externe,"Wir schützen die Kontaktdaten des Arbeitgebers vor unerlaubten Zugriffen. Bitte geben Sie die dargestellten Zeichen in das Textfeld ein, um die Kontaktdaten des Arbeitgebers anzuzeigen.
Anderes Bild laden
Audioversion abspielen
Hinweis: Die dargestellten Zeichen enthalten keine Umlaute (ä, ö, ü oder ß), Sonderzeichen oder Leerzeichen.
Dargestellte Zeichen
Absenden
Fußbereich
Stelle betreut durch die BA
Referenz-Nr.: 10000-1205146023-S
Verstoß melden",,,ausbildungsstellen_de,https://www.arbeitsagentur.de/jobsuche/jobdetail/10000-1205146023-S,False,,33,2026,9,2026-09-01,2026-06-13T12:04:49.271215+00:00
ASD-999960001408302066,ausbildungsstellen_dpa,KRONE Business Center DigITAL GmbH & Co. KG,,,,Stellendetails zu: Fachinformatiker für Daten- und Prozessanalyse (m/w/d),,,Ausbildung | Stellendetails zu: Fachinformatiker für Daten- und Prozessanalyse (m/w/d),dpa,,,,,empty,,javascript:,javascript:,javascript:,externe,"Wir schützen die Kontaktdaten des Arbeitgebers vor unerlaubten Zugriffen. Bitte geben Sie die dargestellten Zeichen in das Textfeld ein, um die Kontaktdaten des Arbeitgebers anzuzeigen.
Anderes Bild laden
Audioversion abspielen
Hinweis: Die dargestellten Zeichen enthalten keine Umlaute (ä, ö, ü oder ß), Sonderzeichen oder Leerzeichen.
Dargestellte Zeichen
Absenden
Fußbereich
Stelle betreut durch die BA
Referenz-Nr.: 10000-1206386853-S
Verstoß melden",,,ausbildungsstellen_de,https://www.arbeitsagentur.de/jobsuche/jobdetail/10000-1206386853-S,False,,33,,,,2026-06-13T12:04:40.541058+00:00
ASD-999960001126292537,ausbildungsstellen_dpa,KVV Kasseler Verkehrs- und Versorgungs- GmbH,,,,Stellendetails zu: Ausbildung Fachinformatiker für Daten- und Prozessanalyse (m/w/d),,,Ausbildung | Stellendetails zu: Fachinformatiker für Daten- und Prozessanalyse (m/w/d),dpa,,,,,empty,,javascript:,javascript:,javascript:,externe,"Wir schützen die Kontaktdaten des Arbeitgebers vor unerlaubten Zugriffen. Bitte geben Sie die dargestellten Zeichen in das Textfeld ein, um die Kontaktdaten des Arbeitgebers anzuzeigen.
Anderes Bild laden
Audioversion abspielen
Hinweis: Die dargestellten Zeichen enthalten keine Umlaute (ä, ö, ü oder ß), Sonderzeichen oder Leerzeichen.
Dargestellte Zeichen
Absenden
Fußbereich
Stelle betreut durch Arbeitgeber
Referenz-Nr.: 17391-0065240461-S
Verstoß melden",,,ausbildungsstellen_de,https://www.arbeitsagentur.de/jobsuche/jobdetail/17391-0065240461-S,False,,33,,,,2026-06-13T12:04:28.584475+00:00
ASD-999960000266911355,ausbildungsstellen_dpa,R.iT GmbH,,,,Stellendetails zu: Ausbildung Fachinformatiker/in - Daten- und Prozessanalyse (m/w/d) 2026,,,Ausbildung | Stellendetails zu: Fachinformatiker/in - Daten- und Prozessanalyse (m/w/d) 2026,dpa,,,,,empty,,javascript:,javascript:,javascript:,externe,"Wir schützen die Kontaktdaten des Arbeitgebers vor unerlaubten Zugriffen. Bitte geben Sie die dargestellten Zeichen in das Textfeld ein, um die Kontaktdaten des Arbeitgebers anzuzeigen.
Anderes Bild laden
Audioversion abspielen
Hinweis: Die dargestellten Zeichen enthalten keine Umlaute (ä, ö, ü oder ß), Sonderzeichen oder Leerzeichen.
Dargestellte Zeichen
Absenden
Fußbereich
Stelle betreut durch die BA
Referenz-Nr.: 10000-1201662326-S
Verstoß melden",,,ausbildungsstellen_de,https://www.arbeitsagentur.de/jobsuche/jobdetail/10000-1201662326-S,False,,33,,,,2026-06-13T12:03:41.235303+00:00
ASD-999960000484463820,ausbildungsstellen_dpa,R.iT GmbH,,,,Stellendetails zu: Ausbildung Fachinformatiker/in - Daten- und Prozessanalyse (m/w/d) 2026,,,Ausbildung | Stellendetails zu: Fachinformatiker/in - Daten- und Prozessanalyse (m/w/d) 2026,dpa,,,,,empty,,javascript:,javascript:,javascript:,externe,"Wir schützen die Kontaktdaten des Arbeitgebers vor unerlaubten Zugriffen. Bitte geben Sie die dargestellten Zeichen in das Textfeld ein, um die Kontaktdaten des Arbeitgebers anzuzeigen.
Anderes Bild laden
Audioversion abspielen
Hinweis: Die dargestellten Zeichen enthalten keine Umlaute (ä, ö, ü oder ß), Sonderzeichen oder Leerzeichen.
Dargestellte Zeichen
Absenden
Fußbereich
Stelle betreut durch die BA
Referenz-Nr.: 10000-1201662326-S
Verstoß melden",,,ausbildungsstellen_de,https://www.arbeitsagentur.de/jobsuche/jobdetail/10000-1201662326-S,False,,33,,,,2026-06-13T12:03:58.857979+00:00
ASD-999960000769885442,ausbildungsstellen_dpa,"CCNet Computer, Communication & Network GmbH",,,,"Stellendetails zu: Ausbildung 2026

Während deiner Ausbildung lernst du wichtige Prozesse im IT-Umfeld unserer Kunden kennen. Du entwickelst datenbasierte Lösungen für digitale Geschäftsprozesse. Dazu zählt unter anderem das Analysieren von Datenquellen und das Schaffen der technischen Voraussetzungen zum Bereitstellen von Daten sowie die Schulung und Unterstützung der Mitarbeiter beim Einsatz der Daten.
Was solltest du mitbringen:
Interesse an Informationstechnologie und technischen Hintergründen
Proaktives Handeln und Bereitschaft Verantwortung zu übernehmen
Engagement, Ausdauer und Disziplin
Offenheit und Flexibilität
Teamwork, Fairness und Respekt für andere
Wohnhaft in Deutschland seit mindestens zwei Jahren
Deutsch B2-C1 Niveau
Haben wir Dein Interesse geweckt?
Deine Schulabschlüsse sind für uns nicht so relevant. Wichtiger ist dein Interesse an der Informatik, neuen Technologien und technischen Hintergründen.
Wenn das alles auf dich zutrifft, dann bewirb dich bei uns.
bewerbung@ccnet.eu
Arbeitsorte
Karte anzeigen
Philipp-Reis-Str. 4, 35398 Gießen, Lahn
Unternehmensdarstellung: CCNet Computer, Communication & Network GmbH
CCNet Computer, Communication & Network GmbH
Alle Stellen anzeigen
Informationen zur Bewerbung
Sicherheitsabfrage",,"Während deiner Ausbildung lernst du wichtige Prozesse im IT-Umfeld unserer Kunden kennen. Du entwickelst datenbasierte Lösungen für digitale Geschäftsprozesse. Dazu zählt unter anderem das Analysieren von Datenquellen und das Schaffen der technischen Voraussetzungen zum Bereitstellen von Daten sowie die Schulung und Unterstützung der Mitarbeiter beim Einsatz der Daten.
Was solltest du mitbringen:
Interesse an Informationstechnologie und technischen Hintergründen
Proaktives Handeln und Bereitschaft Verantwortung zu übernehmen
Engagement, Ausdauer und Disziplin
Offenheit und Flexibilität
Teamwork, Fairness und Respekt für andere
Wohnhaft in Deutschland seit mindestens zwei Jahren
Deutsch B2-C1 Niveau
Haben wir Dein Interesse geweckt?
Deine Schulabschlüsse sind für uns nicht so relevant. Wichtiger ist dein Interesse an der Informatik, neuen Technologien und technischen Hintergründen.
Wenn das alles auf dich zutrifft, dann bewirb dich bei uns.
bewerbung@ccnet.eu
Arbeitsorte
Karte anzeigen
Philipp-Reis-Str. 4, 35398 Gießen, Lahn
Unternehmensdarstellung: CCNet Computer, Communication & Network GmbH
CCNet Computer, Communication & Network GmbH
Alle Stellen anzeigen
Informationen zur Bewerbung
Sicherheitsabfrage",Ausbildung | Stellendetails zu: 2026,non_fi,,,,,empty,bewerbung@ccnet.eu,javascript:,javascript:,javascript:,externe,"Wir schützen die Kontaktdaten des Arbeitgebers vor unerlaubten Zugriffen. Bitte geben Sie die dargestellten Zeichen in das Textfeld ein, um die Kontaktdaten des Arbeitgebers anzuzeigen.
Anderes Bild laden
Audioversion abspielen
Hinweis: Die dargestellten Zeichen enthalten keine Umlaute (ä, ö, ü oder ß), Sonderzeichen oder Leerzeichen.
Dargestellte Zeichen
Absenden
Fußbereich
Stelle betreut durch die BA
Referenz-Nr.: 10000-1203105136-S
Verstoß melden",,,ausbildungsstellen_de,https://www.arbeitsagentur.de/jobsuche/jobdetail/10000-1203105136-S,False,,47,,,,2026-06-13T12:04:19.487508+00:00
ASD-999960001421255839,ausbildungsstellen_dpa,EVO Informationssysteme GmbH,,,,"Stellendetails zu: Ausbildung 2026

Was wir bieten:
Ausgezeichnetes Arbeitsklima: Ein kooperatives und unterstützendes Umfeld.
Gestaltungsfreiraum: Entfalte deine Kreativität bei der Lösung spannender Aufgaben.
Teamgeist: Ein kollegiales Miteinander zwischen Vorgesetzten und Mitarbeitern.
Was wir erwarten:
Qualifikation: (Fachgebundene) Hochschul- oder Fachhochschulreife.
Persönliche Stärken: Lernbereitschaft, Zuverlässigkeit, Teamfähigkeit und Verantwortungsbewusstsein.
Mobilität: Führerschein der Klasse B.
Werde Teil von EVO!
Wenn du beruflich etwas erreichen möchtest und Lust auf eine spannende Ausbildung hast, freuen wir uns auf deine Bewerbung per Post oder E-Mail.",,,Ausbildung | Stellendetails zu: 2026,non_fi,,"Was wir bieten:
Ausgezeichnetes Arbeitsklima: Ein kooperatives und unterstützendes Umfeld.
Gestaltungsfreiraum: Entfalte deine Kreativität bei der Lösung spannender Aufgaben.
Teamgeist: Ein kollegiales Miteinander zwischen Vorgesetzten und Mitarbeitern.
Was wir erwarten:
Qualifikation: (Fachgebundene) Hochschul- oder Fachhochschulreife.
Persönliche Stärken: Lernbereitschaft, Zuverlässigkeit, Teamfähigkeit und Verantwortungsbewusstsein.
Mobilität: Führerschein der Klasse B.
Werde Teil von EVO!
Wenn du beruflich etwas erreichen möchtest und Lust auf eine spannende Ausbildung hast, freuen wir uns auf deine Bewerbung per Post oder E-Mail.",,,empty,bewerbung@evo-solutions.com,https://www.arbeitsagentur.de/jobsuche/,https://www.arbeitsagentur.de/jobsuche/,https://www.arbeitsagentur.de/jobsuche/,externe,"Kontakt:
EVO Informationssysteme GmbH
Ludwig-Bölkow-Straße 15
73568 Durlangen
Telefon: 07176 45290-0
Fax: 07176 45290-50
E-Mail: bewerbung@evo-solutions.com
Arbeitsorte
Karte anzeigen
Ludwig-Bölkow-Str. 15, 73568 Durlangen
Unternehmensdarstellung: EVO Informationssysteme GmbH
EVO Informationssysteme GmbH
Hauptsitz
Durlangen
Die EVO Informationssysteme GmbH
entwickelt seit den 1990er Jahren Softwarelösungen exklusiv für die Fertigungsindustrie in Europa.
Die Softwareanwendungen sind einfach zu bedienende, schlüsselfertige Lösungen, die sich bei unzähligen Installationen in der Fertigungsindustrie bereits bewährt haben.
Unsere Ingenieure, Softwareentwickler und Techniker kommen aus der Industrie und der Informationstechnologie. Sie entwickeln täglich in Teams komplexe Strukturen, Zusammenhänge und Prozesse.
Vorteile für Mitarbeitende
Flexible Arbeitszeiten
Homeoffice / Mobiles Arbeiten
Vermögenswirksame Leistungen
Firmenevents
Sonderzahlungen
Weiterbildungen
Betriebliche Altersvorsorge
Dienstwagen
Kantine
Mitgestaltungsmöglichkeiten
Parkmöglichkeiten
Moderne technische Ausstattung
Die abgebildeten Vorteile für Mitarbeitende können je nach Abteilung und Position variieren.
Alle Stellen anzeigenIn neuem Tab öffnen
Webseiten
Homepage
Karriereseite
YouTube
LinkedIn
Informationen zur Bewerbung
Sicherheitsabfrage
Wir schützen die Kontaktdaten des Arbeitgebers vor unerlaubten Zugriffen. Bitte geben Sie die dargestellten Zeichen in das Textfeld ein, um die Kontaktdaten des Arbeitgebers anzuzeigen.
Anderes Bild laden
Audioversion abspielen
Hinweis: Die dargestellten Zeichen enthalten keine Umlaute (ä, ö, ü oder ß), Sonderzeichen oder Leerzeichen.
Dargestellte Zeichen
Absenden
Fußbereich
Stelle betreut durch die BA
Referenz-Nr.: 10000-1202112020-S
Verstoß melden",,,ausbildungsstellen_de,https://www.arbeitsagentur.de/jobsuche/jobdetail/10000-1202112020-S,False,,47,,,,2026-06-13T12:04:46.376365+00:00
ASD-999960000477794620,ausbildungsstellen_dpa,ProComp Professional Computer GmbH,,,,"Stellendetails zu: Ausbildung 2026 - Praktikum möglich

Deine Aufgaben
Digitalisierung von Geschäftsprozessen
Optimierung und Anpassung von bestehenden Prozessen
Umsetzung von Kundenanfragen zur Digitalisierung
Deine Stärken
Mittlere Reife, Fachabitur oder Abitur
Interesse an der Informationstechnologie
Interesse an einer qualifizierten und vielseitigen Ausbildung
Teamfähigkeit, Sorgfalt und Zuverlässigkeit
Selbstständiges Arbeiten

Wir bieten Dir
Die Möglichkeit eines Praktikums vor Beginn der Ausbildung
Interessante Ausbildung in einer zukunftssicheren Branche",,,Ausbildung | Stellendetails zu: 2026 - Praktikum möglich,non_fi,,"Wir bieten Dir
Die Möglichkeit eines Praktikums vor Beginn der Ausbildung
Interessante Ausbildung in einer zukunftssicheren Branche",,,empty,,javascript:,javascript:,javascript:,externe,"Wir schützen die Kontaktdaten des Arbeitgebers vor unerlaubten Zugriffen. Bitte geben Sie die dargestellten Zeichen in das Textfeld ein, um die Kontaktdaten des Arbeitgebers anzuzeigen.
Anderes Bild laden
Audioversion abspielen
Hinweis: Die dargestellten Zeichen enthalten keine Umlaute (ä, ö, ü oder ß), Sonderzeichen oder Leerzeichen.
Dargestellte Zeichen
Absenden
Fußbereich
Stelle betreut durch die BA
Referenz-Nr.: 10000-1203700074-S
Verstoß melden","Zeugnisprämien
Gratis Vitamine, Obst, Gemüse und Getränke
Azubi-Events
Geführte Prüfungsvorbereitung
Corporate Benefits
Angenehmes Arbeitsklima
Moderne, ergonomische Arbeitsmittel
Realisierung von individuellen Vorschlägen
Nach der Ausbildung gute Chancen auf Übernahme in ein weiteres Arbeitsverhältnis
Persönliche und berufliche Weiterbildungsmöglichkeiten
Arbeitsorte
Karte anzeigen
Industrieallee 1, 95615 Marktredwitz
Unternehmensdarstellung: ProComp Professional Computer GmbH
ProComp Professional Computer GmbH
Wir sind eines der führenden IT-System- und Softwarehäuser in Oberfranken. Unser Team besteht aus 60 fest angestellten Digital Experts. Unsere Kernkompetenz ist es, Sie und Ihr Unternehmen ganzheitlich auf dem Weg der Digitalisierung zu begleiten. Was wir machen, beherrschen wir aus dem Effeff. Dank unserer mehr als 30-jährigen Erfahrung wissen wir, welche IT-Lösungen für Ihren Unternehmenserfolg wirklich wichtig sind.
Alle Stellen anzeigen
Webseiten
Homepage
Informationen zur Bewerbung
Sicherheitsabfrage",,ausbildungsstellen_de,https://www.arbeitsagentur.de/jobsuche/jobdetail/10000-1203700074-S,False,,47,,,,2026-06-13T12:03:55.876047+00:00
ASD-999960000762902097,ausbildungsstellen_dpa,EUCHNER GmbH + Co.KG Industrieelektrik,,,,"Stellendetails zu: Ausbildung 2027

Bringst du folgende Voraussetzungen mit?
• Interesse an Datenverarbeitung
• Erfahrung im Arbeiten mit Computern",,"Bringst du folgende Voraussetzungen mit?
• Interesse an Datenverarbeitung
• Erfahrung im Arbeiten mit Computern",Ausbildung | Stellendetails zu: 2027,non_fi,,,,,empty,,javascript:,javascript:,javascript:,externe,"• Kontaktfreude und Kommunikationsfähigkeit
• Realschulabschluss
Dann freuen wir uns über deine Bewerbung.
Arbeitsorte
Karte anzeigen
Kohlhammerstr. 16, 70771 Leinfelden-Echterdingen
Unternehmensdarstellung: EUCHNER GmbH + Co.KG Industrieelektrik
EUCHNER GmbH + Co.KG Industrieelektrik
Alle Stellen anzeigen
Webseiten
Homepage
Informationen zur Bewerbung
Sicherheitsabfrage
Wir schützen die Kontaktdaten des Arbeitgebers vor unerlaubten Zugriffen. Bitte geben Sie die dargestellten Zeichen in das Textfeld ein, um die Kontaktdaten des Arbeitgebers anzuzeigen.
Anderes Bild laden
Audioversion abspielen
Hinweis: Die dargestellten Zeichen enthalten keine Umlaute (ä, ö, ü oder ß), Sonderzeichen oder Leerzeichen.
Dargestellte Zeichen
Absenden
Fußbereich
Stelle betreut durch die BA
Referenz-Nr.: 10000-1206315986-S
Verstoß melden",,,ausbildungsstellen_de,https://www.arbeitsagentur.de/jobsuche/jobdetail/10000-1206315986-S,False,,40,,,,2026-06-13T12:04:16.633171+00:00
ASD-999960000477639772,ausbildungsstellen_dpa,PLANTA Projektmanagement-Systeme GmbH,,,,"Stellendetails zu: Ausbildung 2026 (m/w/d)

Wir bieten Ihnen...
Mitarbeit an einer interessanten innovativen Software
Mitwachsen in einem dynamischen Unternehmen
flexible Arbeitszeiten
flache Hierarchien und kurze Entscheidungswege
ein tolles Arbeitsklima mit starkem Teamgeist
Mitarbeit in einem engagierten Team
einen angenehmem Arbeitsplatz in ansprechender Umgebung in Karlsruhe
Voraussetzung für eine Ausbildung ist ein zweiwöchiges Praktikum in unserem Haus.
Arbeitsorte
Karte anzeigen
Bunsenstr. 14, 76135 Karlsruhe, Baden
Unternehmensdarstellung: PLANTA Projektmanagement-Systeme GmbH
PLANTA Projektmanagement-Systeme GmbH
Alle Stellen anzeigen
Webseiten
Homepage
Informationen zur Bewerbung
Sicherheitsabfrage",,,Ausbildung | Stellendetails zu: 2026 (m/w/d),non_fi,,"Wir bieten Ihnen...
Mitarbeit an einer interessanten innovativen Software
Mitwachsen in einem dynamischen Unternehmen
flexible Arbeitszeiten
flache Hierarchien und kurze Entscheidungswege
ein tolles Arbeitsklima mit starkem Teamgeist
Mitarbeit in einem engagierten Team
einen angenehmem Arbeitsplatz in ansprechender Umgebung in Karlsruhe
Voraussetzung für eine Ausbildung ist ein zweiwöchiges Praktikum in unserem Haus.
Arbeitsorte
Karte anzeigen
Bunsenstr. 14, 76135 Karlsruhe, Baden
Unternehmensdarstellung: PLANTA Projektmanagement-Systeme GmbH
PLANTA Projektmanagement-Systeme GmbH
Alle Stellen anzeigen
Webseiten
Homepage
Informationen zur Bewerbung
Sicherheitsabfrage",,,empty,,javascript:,javascript:,javascript:,externe,"Wir schützen die Kontaktdaten des Arbeitgebers vor unerlaubten Zugriffen. Bitte geben Sie die dargestellten Zeichen in das Textfeld ein, um die Kontaktdaten des Arbeitgebers anzuzeigen.
Anderes Bild laden
Audioversion abspielen
Hinweis: Die dargestellten Zeichen enthalten keine Umlaute (ä, ö, ü oder ß), Sonderzeichen oder Leerzeichen.
Dargestellte Zeichen
Absenden
Fußbereich
Stelle betreut durch die BA
Referenz-Nr.: 10000-1204700105-S
Verstoß melden",,,ausbildungsstellen_de,https://www.arbeitsagentur.de/jobsuche/jobdetail/10000-1204700105-S,False,,40,,,,2026-06-13T12:03:52.967131+00:00
ASD-999960000676430945,ausbildungsstellen_dpa,R.iT GmbH,,,,Stellendetails zu: AUSBILDUNG 2026 CHAM,,,Ausbildung | Stellendetails zu: AUSBILDUNG 2026 CHAM,non_fi,,,,,empty,,javascript:,javascript:,javascript:,externe,"Wir schützen die Kontaktdaten des Arbeitgebers vor unerlaubten Zugriffen. Bitte geben Sie die dargestellten Zeichen in das Textfeld ein, um die Kontaktdaten des Arbeitgebers anzuzeigen.
Anderes Bild laden
Audioversion abspielen
Hinweis: Die dargestellten Zeichen enthalten keine Umlaute (ä, ö, ü oder ß), Sonderzeichen oder Leerzeichen.
Dargestellte Zeichen
Absenden
Fußbereich
Stelle betreut durch die BA
Referenz-Nr.: 10000-1202154724-S
Verstoß melden",,,ausbildungsstellen_de,https://www.arbeitsagentur.de/jobsuche/jobdetail/10000-1202154724-S,False,,33,,,,2026-06-13T12:04:07.738098+00:00
ASD-999960000159521707,ausbildungsstellen_dpa,,,,,Ausbildung,,,Ausbildung,non_fi,,,,,empty,,javascript:,javascript:,javascript:,externe,"Wir schützen die Kontaktdaten des Arbeitgebers vor unerlaubten Zugriffen. Bitte geben Sie die dargestellten Zeichen in das Textfeld ein, um die Kontaktdaten des Arbeitgebers anzuzeigen.
Anderes Bild laden
Audioversion abspielen
Hinweis: Die dargestellten Zeichen enthalten keine Umlaute (ä, ö, ü oder ß), Sonderzeichen oder Leerzeichen.
Dargestellte Zeichen
Absenden
Fußbereich
Stelle betreut durch die BA
Referenz-Nr.: 15740-1535-1728440-0-S
Verstoß melden",,,ausbildungsstellen_de,https://www.arbeitsagentur.de/jobsuche/jobdetail/15740-1535-1728440-0-S,False,,27,,,,2026-06-13T12:03:35.223162+00:00
ASD-999960003586509152,ausbildungsstellen_dpa,,,,,,,,,non_fi,,,,,empty,[no address given],,,,none,,,,ausbildungsstellen_de,https://www.arbeitsagentur.de/jobsuche/jobdetail/10000-1206366307-S,False,,7,,,,2026-06-13T12:06:52.235431+00:00
ASD-999960000345079185,ausbildungsstellen_dpa,,,,,"Stellendetails zu: Ausbildung Fachinformatiker Daten- & Prozessanalyse (w/m/d) - August 2026

Das bieten wir Ihnen
Work-Life-Balance :Flexible Arbeitszeiten, 30 Urlaubstage, Heiligabend und Silvester arbeitsfrei
Strukturierte Aus- und Weiterbildung :Seminare und E-Learnings, interne Qualifizierungsmaßnahmen, eine intensive Vorbereitung auf die IHK-Prüfungen, Begleitung von Praxis- und Bachelorarbeiten
Attraktive Vergütung :14 überdurchschnittliche Monatsgehälter:1. Ausbildungsjahr 1.355 Euro pro Monat2. Ausbildungsjahr 1.432 Euro pro Monat3. Ausbildungsjahr 1.520 Euro pro Monat(zzgl. monatlich 40 Euro vermögenswirksame Leistungen; Ausbildungsvergütung Stand 01.08.2025)
Sport & Gesundheit :Betriebssportangebot, Betriebliche Krankenversicherung
Karriere :Sehr gute Übernahmechancen, vielfältige Entwicklungsmöglichkeiten
Moderne Arbeitsumgebung :New Work-Elemente, höhenverstellbare Schreibtische, Curved-Bildschirme, Betriebsrestaurant und Cafeteria mit Außenterrassen
Weitere Benefits :Vergünstigungen für Mitarbeitende, Zuschuss zum Deutschlandticket, Firmenevents und vieles mehr
Ausbildung und duales Studium
Bei sehr guten Leistungen stehen Ihnen die Möglichkeit eines ausbildungsbegleiteten oder berufsbegleiteten Studiums offen – so können Sie Ihre Praxis im Unternehmen optimal ergänzen. Oder Sie nutzen die individuellen Weiterbildungsangebote unserer Akademie, um sich zusätzlich zu qualifizieren.
Der Bewerbungsprozess",,,Ausbildung | Stellendetails zu: Fachinformatiker Daten- & Prozessanalyse (w/m/d) - August 2026,dual,,"Das bieten wir Ihnen
Work-Life-Balance :Flexible Arbeitszeiten, 30 Urlaubstage, Heiligabend und Silvester arbeitsfrei
Strukturierte Aus- und Weiterbildung :Seminare und E-Learnings, interne Qualifizierungsmaßnahmen, eine intensive Vorbereitung auf die IHK-Prüfungen, Begleitung von Praxis- und Bachelorarbeiten
Attraktive Vergütung :14 überdurchschnittliche Monatsgehälter:1. Ausbildungsjahr 1.355 Euro pro Monat2. Ausbildungsjahr 1.432 Euro pro Monat3. Ausbildungsjahr 1.520 Euro pro Monat(zzgl. monatlich 40 Euro vermögenswirksame Leistungen; Ausbildungsvergütung Stand 01.08.2025)
Sport & Gesundheit :Betriebssportangebot, Betriebliche Krankenversicherung
Karriere :Sehr gute Übernahmechancen, vielfältige Entwicklungsmöglichkeiten
Moderne Arbeitsumgebung :New Work-Elemente, höhenverstellbare Schreibtische, Curved-Bildschirme, Betriebsrestaurant und Cafeteria mit Außenterrassen
Weitere Benefits :Vergünstigungen für Mitarbeitende, Zuschuss zum Deutschlandticket, Firmenevents und vieles mehr
Ausbildung und duales Studium
Bei sehr guten Leistungen stehen Ihnen die Möglichkeit eines ausbildungsbegleiteten oder berufsbegleiteten Studiums offen – so können Sie Ihre Praxis im Unternehmen optimal ergänzen. Oder Sie nutzen die individuellen Weiterbildungsangebote unserer Akademie, um sich zusätzlich zu qualifizieren.
Der Bewerbungsprozess",,,empty,Lucas.Stahlhofen@debeka.de,javascript:,javascript:,javascript:,externe,"Bewerben können Sie sich jeweils ab Juli für den Start im nächsten Jahr.Haben Sie uns mit Ihrer Bewerbung überzeugt, lernen wir uns bei einem Videointerview persönlich kennen. Bei der Gelegenheit stellen wir Ihnen auch erste Kontaktpersonen vor.Im weiteren Auswahlverfahren laden wir Sie zum Bewerbertag in unsere Hauptverwaltung ein. Freuen Sie sich auf eine Gruppendiskussion, berufsspezifische Fallbesprechungen und eine offene Fragerunde mit unserer Jugend- und Auszubildendenvertretung. Außerdem knüpfen Sie erste Kontakte zu den Menschen, die unsere Auszubildenden begleiten und lotsen.Wir sind gespannt auf Ihre Bewerbung über unsere Website!Senden Sie uns bitte
Wir schützen die Kontaktdaten des Arbeitgebers vor unerlaubten Zugriffen. Bitte geben Sie die dargestellten Zeichen in das Textfeld ein, um die Kontaktdaten des Arbeitgebers anzuzeigen.
Anderes Bild laden
Audioversion abspielen
Hinweis: Die dargestellten Zeichen enthalten keine Umlaute (ä, ö, ü oder ß), Sonderzeichen oder Leerzeichen.
Dargestellte Zeichen
Absenden
Fußbereich
Stelle betreut durch die BA
Referenz-Nr.: 10000-1205414196-S
Verstoß melden","Ihren Lebenslauf,
das aktuelle Schulzeugnis (ggf. alle Zeugnisse der Oberstufe) und
(falls vorhanden) aussagekräftige Praktikumszeugnisse u. ä.
Vielen Dank.
Bei Fragen wenden Sie sich gerne an:
Lucas Stahlhofen
Telefonnummer:
+49 (261) 4985798
E-Mail-Adresse:
Lucas.Stahlhofen@debeka.de
Mehr anzeigen
Arbeitsorte
Karte anzeigen
Debeka-Platz 1, 56073 Koblenz am Rhein
Unternehmensdarstellung: Debeka Kranken- und Lebensversicherungsverein a.G.
Debeka Kranken- und Lebensversicherungsverein a.G.
Hauptsitz
Koblenz am Rhein
Gründung
1905
Betriebsgröße
> 16.000 Mitarbeitende
Tätigkeitsfelder und Schlagworte
VersichernBausparenITMathematik
Die Debeka-Gruppe mit Hauptsitz in Koblenz am Rhein gehört mit ihrem vielfältigen Versicherungs- und Finanzdienstleistungsangebot zu den Top Five der Versicherungs- und Bausparbranche in Deutschland und bietet Versicherungsschutz für private Haushalte sowie klein- und mittelständische Betriebe.
Wir sind genossenschaftlich geprägt und seit unserer Gründung 1905 ein Versicherungsverein auf Gegenseitigkeit. Unsere Kultur ist geprägt von persönlicher Nähe, Zusammenarbeit und gegenseitiger Unterstützung. Bei uns ist jeder für den anderen da.
Als größte private Krankenversicherung (PKV) in Deutschland sichern wir die Zukunft von mehr als 7 Millionen Menschen in Deutschland - und sorgen dafür, dass sie im Notfall schnell wieder ins normale Leben zurückfinden. Jeder von uns ist ein wichtiger Teil einer starken Gemeinschaft. Vereint leisten wir einen sinnvollen Beitrag zum Gemeinwohl. Darauf sind wir stolz. Das Füreinander zählt.
Vorteile für Mitarbeitende
Mentorenprogramm/Coaching
Kinderbetreuung
Flexible Arbeitszeiten
Homeoffice / Mobiles Arbeiten
Vermögenswirksame Leistungen
Nachhaltigkeit / Umweltschutz
Firmenevents
Rabatte für Mitarbeitende
Sport- und Gesundheitsangebote
Sonderzahlungen
Weiterbildungen
Betriebliche Altersvorsorge
ÖPNV-Ticket / Job-Ticket
Kantine
Mitgestaltungsmöglichkeiten
Parkmöglichkeiten
Gute Verkehrsanbindung
Moderne technische Ausstattung
Die abgebildeten Vorteile für Mitarbeitende können je nach Abteilung und Position variieren.
Alle Stellen anzeigenIn neuem Tab öffnen
Webseiten
Homepage
Karriereseite
Social Media Seiten
Informationen zur Bewerbung
Sicherheitsabfrage",,ausbildungsstellen_de,https://www.arbeitsagentur.de/jobsuche/jobdetail/10000-1205414196-S,False,,47,,,,2026-06-13T12:03:47.167863+00:00
