referenznummer,category_id,nama_perusahaan,titik_data_di_peta,posisi_kota,alamat_detail,detail_deskripsi,gaji,persyaratan,jenis_ausbildung,beruf_typ,deskripsi_perusahaan,apa_yang_ditawarkan,link_website_perusahaan,link_website_perusahaan_resmi,website_type,alamat_email_bewerbung,link_bewerbung,link_bewerbung_externe,link_bewerbung_efektif,bewerbung_sumber,kontak_penanggung_jawab,dokumen_yang_harus_dipenuhi,ba_job_url,sumber_data,ausbildung_de_url,is_duplicate_of_arbeitsagentur,duplicate_of_refnr,kelengkapan_score,tahun_mulai,bulan_mulai,tanggal_mulai,scraped_at
ASD-999960000765480726,ausbildungsstellen_ae,Skilled GmbH,,,,"Stellendetails zu: Ausbildung Fachinformatiker/in Anwendungsentwicklung – Schwerpunkt KI & Cloud (Start 2026)

Das lernst du bei uns
Während der 3-jährigen Ausbildung erwirbst du umfangreiche Fähigkeiten, die dich ideal auf Zukunftsthemen vorbereiten:
Programmierung moderner Softwarelösungen (z. B. Java, Python)
Entwicklung von Anwendungen in Cloud-Umgebungen (AWS, Azure, Google Cloud)
Grundlagen der Künstlichen Intelligenz und praktische Anwendung von Machine Learning
Datenbanken und Datenmanagement (SQL, NoSQL)
Gestaltung und Umsetzung anspruchsvoller IT-Projekte

Das bringst du mit
Mindestens Mittlere Reife
Gute bis sehr gute Noten in Mathematik und naturwissenschaftlichen Fächern
Logisches Denken und Freude am Programmieren
Neugierde und Bereitschaft, Neues zu lernen
Zuverlässigkeit, Teamfähigkeit und Eigeninitiative

Wir bieten dir
Überdurchschnittliche Vergütung bis zu 1.500 € monatlich (leistungsabhängig)
Startup-Atmosphäre mit flachen Hierarchien und viel Gestaltungsspielraum
Flexible Arbeitszeiten und Homeoffice-Optionen
Umfangreiche Weiterbildungsangebote und persönliche Betreuung durch Experten
Bewirb dich jetzt!",1.500 €,"Das bringst du mit
Mindestens Mittlere Reife
Gute bis sehr gute Noten in Mathematik und naturwissenschaftlichen Fächern
Logisches Denken und Freude am Programmieren
Neugierde und Bereitschaft, Neues zu lernen
Zuverlässigkeit, Teamfähigkeit und Eigeninitiative",Ausbildung | Stellendetails zu: Fachinformatiker/in Anwendungsentwicklung – Schwerpunkt KI & Cloud (Start 2026),ae,,"Wir bieten dir
Überdurchschnittliche Vergütung bis zu 1.500 € monatlich (leistungsabhängig)
Startup-Atmosphäre mit flachen Hierarchien und viel Gestaltungsspielraum
Flexible Arbeitszeiten und Homeoffice-Optionen
Umfangreiche Weiterbildungsangebote und persönliche Betreuung durch Experten
Bewirb dich jetzt!",,,empty,hr@skilled.gmbh,javascript:,javascript:,javascript:,externe,"Wir schützen die Kontaktdaten des Arbeitgebers vor unerlaubten Zugriffen. Bitte geben Sie die dargestellten Zeichen in das Textfeld ein, um die Kontaktdaten des Arbeitgebers anzuzeigen.
Anderes Bild laden
Audioversion abspielen
Hinweis: Die dargestellten Zeichen enthalten keine Umlaute (ä, ö, ü oder ß), Sonderzeichen oder Leerzeichen.
Dargestellte Zeichen
Absenden
Fußbereich
Stelle betreut durch die BA
Referenz-Nr.: 10001-1001545538-S
Verstoß melden","Wir freuen uns auf deine Bewerbung! Bitte sende deine Unterlagen an:
Marco Wölzlein
Skilled GmbH
Industriestr. 11
91578 Leutershausen
E-Mail: hr@skilled.gmbh
Werde Teil unseres Teams und gestalte mit uns aktiv die digitale Zukunft!
Mehr anzeigen
Arbeitsorte
Karte anzeigen
Industriestraße 11, 91578 Leutershausen, Mittelfranken
Unternehmensdarstellung: Skilled GmbH
Skilled GmbH
Alle Stellen anzeigen
Informationen zur Bewerbung
Sicherheitsabfrage",,ausbildungsstellen_de,https://www.arbeitsagentur.de/jobsuche/jobdetail/10001-1001545538-S,False,,67,,,,2026-06-13T10:49:31.340236+00:00
ASD-999960000770163118,ausbildungsstellen_ae,,,,,"Stellendetails zu: Fachinformatiker/in - Anwendungsentwicklung (w/m/d), Standort Bochum, Start 01.09.2027

Außerdem unterstützen wir die Ziele der UN-Behindertenrechtskonvention und setzen uns besonders für die Belange von Menschen mit Beeinträchtigungen ein. Nach Maßgabe des SGB IX und des Behindertengleichstellungsgesetzes begrüßen wir daher ausdrücklich Bewerbungen von schwerbehinderten Menschen; hinsichtlich der Erfüllung der Ausschreibungsvoraussetzungen erfolgt eine individuelle Betrachtung. Begrüßt werden Bewerbungen von Menschen aller Nationalitäten.
Hinweis zum Datenschutz:
Mit Ihrer Bewerbung erklären Sie sich einverstanden, dass Ihre personenbezogenen Daten erfasst und zur Abwicklung des Bewerbungs- und ggf. Einstellungsverfahrens gespeichert werden.
Wir behandeln diese Daten mit größter Sorgfalt nach den gesetzlichen Bestimmungen zum Datenschutz.
Mehr anzeigen
Arbeitsorte
Karte anzeigen
Knappschaftstraße 1, 44799 Bochum
Unternehmensdarstellung: Knappschaft-Bahn-See KdöR
Knappschaft-Bahn-See KdöR
Alle Stellen anzeigen
Webseiten
Homepage
Informationen zur Bewerbung
Sicherheitsabfrage

Wir bieten dir attraktive Rahmenbedingungen:
ein überdurchschnittliches Ausbildungsentgelt ab 1.368 EUR (1. Jahr) bis 1.464 (3. Jahr) brutto
vermögenswirksame Leistungen
eine Jahressonderzahlung (Weihnachtsgeld)
gleitende Arbeitszeiten
Urlaubsanspruch von 31 Arbeitstagen im Kalenderjahr
persönliches Laptop und IPad während der Ausbildungszeit
projektbezogenes Lernen und Arbeiten
Lernmittelzuschuss (1 x jährlich): 50,00 EUR brutto
zusätzliche Altersversorgung
Abschlussprämie von 400,00 EUR bei dem erfolgreichen Abschluss der Ausbildung
eine hohe Übernahmequote
Was wir von dir erwarten?
Mit der vollen Fachhochschulreife (schulischer und praktischer Teil) oder dem Abitur kannst du mit der Ausbildung beginnen.
Dein Interesse an Computern geht über den Spaß an „Spielen und Surfen“ hinaus.
Es fällt dir leicht, mit mathematischen und logischen Zusammenhängen umzugehen.
Du verfügst über einen sicheren Umgang mit der deutschen Sprache (Sprachniveau B 2)
Du verfügst über gute Englischkenntnisse
Du hast Spaß daran, in einem Team zu arbeiten und kannst dennoch eigenständig tätig sein.
Haben wir dein Interesse geweckt?
Mehr Informationen zu unserem Studienangebot gibt es auf unsere Homepage.",,"Außerdem unterstützen wir die Ziele der UN-Behindertenrechtskonvention und setzen uns besonders für die Belange von Menschen mit Beeinträchtigungen ein. Nach Maßgabe des SGB IX und des Behindertengleichstellungsgesetzes begrüßen wir daher ausdrücklich Bewerbungen von schwerbehinderten Menschen; hinsichtlich der Erfüllung der Ausschreibungsvoraussetzungen erfolgt eine individuelle Betrachtung. Begrüßt werden Bewerbungen von Menschen aller Nationalitäten.
Hinweis zum Datenschutz:
Mit Ihrer Bewerbung erklären Sie sich einverstanden, dass Ihre personenbezogenen Daten erfasst und zur Abwicklung des Bewerbungs- und ggf. Einstellungsverfahrens gespeichert werden.
Wir behandeln diese Daten mit größter Sorgfalt nach den gesetzlichen Bestimmungen zum Datenschutz.
Mehr anzeigen
Arbeitsorte
Karte anzeigen
Knappschaftstraße 1, 44799 Bochum
Unternehmensdarstellung: Knappschaft-Bahn-See KdöR
Knappschaft-Bahn-See KdöR
Alle Stellen anzeigen
Webseiten
Homepage
Informationen zur Bewerbung
Sicherheitsabfrage","Ausbildung | Stellendetails zu: Fachinformatiker/in - Anwendungsentwicklung (w/m/d), Standort Bochum, Start 01.09.2027",ae,,"Wir bieten dir attraktive Rahmenbedingungen:
ein überdurchschnittliches Ausbildungsentgelt ab 1.368 EUR (1. Jahr) bis 1.464 (3. Jahr) brutto
vermögenswirksame Leistungen
eine Jahressonderzahlung (Weihnachtsgeld)
gleitende Arbeitszeiten
Urlaubsanspruch von 31 Arbeitstagen im Kalenderjahr
persönliches Laptop und IPad während der Ausbildungszeit
projektbezogenes Lernen und Arbeiten
Lernmittelzuschuss (1 x jährlich): 50,00 EUR brutto
zusätzliche Altersversorgung
Abschlussprämie von 400,00 EUR bei dem erfolgreichen Abschluss der Ausbildung
eine hohe Übernahmequote
Was wir von dir erwarten?
Mit der vollen Fachhochschulreife (schulischer und praktischer Teil) oder dem Abitur kannst du mit der Ausbildung beginnen.
Dein Interesse an Computern geht über den Spaß an „Spielen und Surfen“ hinaus.
Es fällt dir leicht, mit mathematischen und logischen Zusammenhängen umzugehen.
Du verfügst über einen sicheren Umgang mit der deutschen Sprache (Sprachniveau B 2)
Du verfügst über gute Englischkenntnisse
Du hast Spaß daran, in einem Team zu arbeiten und kannst dennoch eigenständig tätig sein.
Haben wir dein Interesse geweckt?
Mehr Informationen zu unserem Studienangebot gibt es auf unsere Homepage.",,,empty,recruiting@kbs.de,https://bewerberportal.net/register/RUWKEDGR7JG4DDUYE8,https://bewerberportal.net/register/RUWKEDGR7JG4DDUYE8,https://bewerberportal.net/register/RUWKEDGR7JG4DDUYE8,externe,"Wir schützen die Kontaktdaten des Arbeitgebers vor unerlaubten Zugriffen. Bitte geben Sie die dargestellten Zeichen in das Textfeld ein, um die Kontaktdaten des Arbeitgebers anzuzeigen.
Anderes Bild laden
Audioversion abspielen
Hinweis: Die dargestellten Zeichen enthalten keine Umlaute (ä, ö, ü oder ß), Sonderzeichen oder Leerzeichen.
Dargestellte Zeichen
Absenden
Fußbereich
Stelle betreut durch die BA
Referenz-Nr.: 10001-1003152636-S
Verstoß melden","Wir freuen uns auf deine Bewerbung (persönliches Anschreiben, tabellarischer Lebenslauf, aktuelles Schulzeugnis) über unser Onlineportal.
Hast du noch Fragen? Dann melde dich bei uns.
Alexander Behlau, Tel. 0234 304-53127 (Fragen zum Studium)
Annette Zielonka, Tel. 0234/304-53300 (Fragen zum Bewerbungsverfahren)
Mail: bildung_recruiting@kbs.de
Abschließende Infos:
Für uns ist die Vereinbarkeit von Beruf und Familie bzw. Pflege eine Selbstverständlichkeit. Seit 2005 werden wir regelmäßig mit dem Zertifikat berufundfamilie ausgezeichnet.
Wir gewährleisten die berufliche Gleichstellung von Frauen und Männern.",,ausbildungsstellen_de,https://www.arbeitsagentur.de/jobsuche/jobdetail/10001-1003152636-S,False,,53,2027,9,2027-09-01,2026-06-13T10:49:43.200228+00:00
ASD-990610003670523087,ausbildungsstellen_ae,aft automotive GmbH,,,,"Stellendetails zu: Wirtschaftsinformatik B. Sc. + Ausbildung Fachinformatiker (m/w/d) - 2026

Das bringst du mit
• Du besitzt mindestens die Fachhochschulreife oder einen vergleichbaren Abschluss mit Hochschulzugangsberechtigung
• Du bringst sehr gutes Ausdruckvermögen sowie ausgeprägte Englischkenntnisse mit
• Man merkt deine Begeisterung für Informatik und du bist sattelfest im Umgang mit den gängigen Office-Programmen
• Eigeninitiative und Verantwortungsbewusstsein sind für dich genauso selbstverständlich wie Teamwork und Kommunikationsfähigkeit
Darauf kannst du dich bei uns freuen
• Familiäre und moderne Unternehmenskultur
• 30 Tage Urlaub
• Firmenfitness
• Frisches Obst
• Weiterbildungsmöglichkeiten
• Mitarbeiterevents
• Gute Verkehrsanbindung und kostenlose Parkplätze
• Optionale Auslandsaufenthalte
• Prämien bei sehr guten Leistungen
• Übernahmegarantie bei sehr guten Leistungen
Du willst in der spannenden Welt der Automobilbranche durchstarten?

• Du suchst die Vielfalt? Wir bieten die Mischung aus Studium und Ausbildung Du kannst dich nicht entscheiden, ob Ausbildung oder Studium für dich das passende ist? Auf die Praxis willst du nicht verzichten? Dann mache beides! In vier Jahren erlangst du sowohl den Abschluss als Fachinformatiker Systemintegration (m/w/d) / Anwendungsentwicklung (m/w/d) IHK als auch einen Bachelor of Science im Bereich Wirtschaftsinformatik.
• Theorie und Praxis sind eng verbunden
Neben der betrieblichen Praxis wirst du über dein Studium an der Hochschule zum/-r Experten/-in auf deinem Gebiet ausgebildet. Das Duale Studium an der Westfälischen Hochschule in Bocholt läuft dabei wie folgt ab:
Jahr: Ausbildung als Fachinformatiker Systemintegration (m/w/d) / Anwendungsentwicklung (m/w/d) im Betrieb und Grundstudium an der Hochschule an zwei Tagen in der Woche
Jahr: Vollzeitstudium und Praxisphasen im Betrieb",,"Das bringst du mit
• Du besitzt mindestens die Fachhochschulreife oder einen vergleichbaren Abschluss mit Hochschulzugangsberechtigung
• Du bringst sehr gutes Ausdruckvermögen sowie ausgeprägte Englischkenntnisse mit
• Man merkt deine Begeisterung für Informatik und du bist sattelfest im Umgang mit den gängigen Office-Programmen
• Eigeninitiative und Verantwortungsbewusstsein sind für dich genauso selbstverständlich wie Teamwork und Kommunikationsfähigkeit
Darauf kannst du dich bei uns freuen
• Familiäre und moderne Unternehmenskultur
• 30 Tage Urlaub
• Firmenfitness
• Frisches Obst
• Weiterbildungsmöglichkeiten
• Mitarbeiterevents
• Gute Verkehrsanbindung und kostenlose Parkplätze
• Optionale Auslandsaufenthalte
• Prämien bei sehr guten Leistungen
• Übernahmegarantie bei sehr guten Leistungen
Du willst in der spannenden Welt der Automobilbranche durchstarten?",Ausbildung | Stellendetails zu: Wirtschaftsinformatik B. Sc. + Fachinformatiker (m/w/d) - 2026,ae,,"• Du suchst die Vielfalt? Wir bieten die Mischung aus Studium und Ausbildung Du kannst dich nicht entscheiden, ob Ausbildung oder Studium für dich das passende ist? Auf die Praxis willst du nicht verzichten? Dann mache beides! In vier Jahren erlangst du sowohl den Abschluss als Fachinformatiker Systemintegration (m/w/d) / Anwendungsentwicklung (m/w/d) IHK als auch einen Bachelor of Science im Bereich Wirtschaftsinformatik.
• Theorie und Praxis sind eng verbunden
Neben der betrieblichen Praxis wirst du über dein Studium an der Hochschule zum/-r Experten/-in auf deinem Gebiet ausgebildet. Das Duale Studium an der Westfälischen Hochschule in Bocholt läuft dabei wie folgt ab:
Jahr: Ausbildung als Fachinformatiker Systemintegration (m/w/d) / Anwendungsentwicklung (m/w/d) im Betrieb und Grundstudium an der Hochschule an zwei Tagen in der Woche
Jahr: Vollzeitstudium und Praxisphasen im Betrieb",,,empty,,javascript:,javascript:,javascript:,externe,"Deine Ansprechpartnerin:
Frau Höhn
Personalabteilung
aft automotive GmbH
Werner-von-Siemens-Str. 7
48268 Greven-Reckenfeld
+49 (0) 2575 97782-10
Mehr anzeigen
Arbeitsorte
Karte anzeigen
Werner-von-Siemens-Str. 7, 48268 Greven, Westfalen
Unternehmensdarstellung: aft automotive GmbH
aft automotive GmbH
Alle Stellen anzeigen
Informationen zur Bewerbung
Sicherheitsabfrage
Wir schützen die Kontaktdaten des Arbeitgebers vor unerlaubten Zugriffen. Bitte geben Sie die dargestellten Zeichen in das Textfeld ein, um die Kontaktdaten des Arbeitgebers anzuzeigen.
Anderes Bild laden
Audioversion abspielen
Hinweis: Die dargestellten Zeichen enthalten keine Umlaute (ä, ö, ü oder ß), Sonderzeichen oder Leerzeichen.
Dargestellte Zeichen
Absenden
Fußbereich
Stelle betreut durch die BA
Referenz-Nr.: 10000-1204132155-S
Verstoß melden","Bewirb dich für den Ausbildungsbeginn Sommer 2026 mit deinem Lebenslauf und deinen letzten zwei Schulzeugnissen über unsere Website:
www.aft-automotive.de/karriere",,ausbildungsstellen_de,https://www.arbeitsagentur.de/jobsuche/jobdetail/10000-1204132155-S,False,,53,,,,2026-06-13T09:46:21.923394+00:00
ASD-999960000763369268,ausbildungsstellen_ae,bplan solutions GmbH & Co. KG,,,,"Stellendetails zu: Ausbildung zum/zur Fachinformatiker/in für Anwendungsentwicklung (m/w/d)

Das bringst du mit
Mittlere Reife oder (Fach-)Abitur, idealerweise mit guten Noten in Mathematik und Informatik
Begeisterung für Technik, Programmierung und digitale Themen
Logisches Denkvermögen und eine strukturierte Arbeitsweise
Teamgeist und Kommunikationsfreude
Erste Erfahrungen mit dem Programmieren sind ein Plus, aber kein Muss

Die bplan-solutions GmbH ist ein junges und aufstrebendes Unternehmen im Umfeld individueller IT Anwendungsentwicklung für Unternehmen und Behörden. Wir bieten europaweit Softwarelösungen in den Bereichen Besuchermanagement, sicherer Zugang zu IT-Netzwerken und Single-Sign-On (SSO), Online-Shops für eCommerce und die Entwicklung digitaler Wallets.
Zur Verstärkung unseres Teams bieten wir für das neue Ausbildungsjahr die
Ausbildung zum/zur Fachinformatiker/in für Anwendungsentwicklung (m/w/d)
In deiner dreijährigen Ausbildung lernst du, wie moderne Softwareentwicklung in der Praxis funktioniert. Du arbeitest von Beginn an aktiv in unserem Entwicklungsteam mit und sammelst echte Projekterfahrung. Parallel dazu vertiefst du dein Wissen in der Berufsschule.
Im Laufe deiner Ausbildung wirst du:
Softwareanwendungen planen, entwickeln und testen
Datenbanken entwerfen und pflegen
Bestehenden Code analysieren, optimieren und dokumentieren
Dich mit modernen Entwicklungsumgebungen und Versionskontrolle (z. B. Git) vertraut machen
Im Team an realen Kundenprojekten mitwirken
Einblicke in agile Arbeitsmethoden wie Scrum oder Kanban gewinnen
Das bieten wir dir
Persönliche Betreuung durch erfahrene Ausbilder/innen
Moderne Arbeitsausstattung – Laptop, Tools und Entwicklungsumgebungen auf aktuellem Stand
Übernahme von Lehrmitteln und Prüfungsgebühren
Attraktive Ausbildungsvergütung:
Flexible Arbeitszeiten und Homeoffice-Möglichkeiten
Regelmäßige Team-Events und ein offenes Betriebsklima
Sehr gute Übernahmechancen nach erfolgreichem Abschluss
Ein guter Start in die Berufswelt ist von besonderer Bedeutung. Die bplan-solutions unterstützt Dich bei deiner persönlichen Entwicklung in einem abwechslungsreichen Umfeld. Wir nehmen unsere Rolle als Ausbildungsbetrieb sehr ernst. Bei uns erhältst Du eine fundierte und praxisorientierte Ausbildung, eine attraktive Perspektive in einem aussichtsreichen Berufsfeld und eines sicher nicht: Einen langweiligen Routinejob.
Haben wir Dein Interesse geweckt oder hast Du Fragen?
Deine Bewerbung schickst Du bitte per E-Mail an
kai-uwe.marx@bplan-solutions.de. Wir freuen uns auf Dich.
Mehr anzeigen
Arbeitsorte
Karte anzeigen
Max-Reichpietsch-Strasse 22, 51147 Köln
Unternehmensdarstellung: bplan solutions GmbH & Co. KG
bplan solutions GmbH & Co. KG
Alle Stellen anzeigen
Informationen zur Bewerbung
Sicherheitsabfrage",,"Das bringst du mit
Mittlere Reife oder (Fach-)Abitur, idealerweise mit guten Noten in Mathematik und Informatik
Begeisterung für Technik, Programmierung und digitale Themen
Logisches Denkvermögen und eine strukturierte Arbeitsweise
Teamgeist und Kommunikationsfreude
Erste Erfahrungen mit dem Programmieren sind ein Plus, aber kein Muss",Ausbildung | Stellendetails zu: zum/zur Fachinformatiker/in für Anwendungsentwicklung (m/w/d),ae,,"Die bplan-solutions GmbH ist ein junges und aufstrebendes Unternehmen im Umfeld individueller IT Anwendungsentwicklung für Unternehmen und Behörden. Wir bieten europaweit Softwarelösungen in den Bereichen Besuchermanagement, sicherer Zugang zu IT-Netzwerken und Single-Sign-On (SSO), Online-Shops für eCommerce und die Entwicklung digitaler Wallets.
Zur Verstärkung unseres Teams bieten wir für das neue Ausbildungsjahr die
Ausbildung zum/zur Fachinformatiker/in für Anwendungsentwicklung (m/w/d)
In deiner dreijährigen Ausbildung lernst du, wie moderne Softwareentwicklung in der Praxis funktioniert. Du arbeitest von Beginn an aktiv in unserem Entwicklungsteam mit und sammelst echte Projekterfahrung. Parallel dazu vertiefst du dein Wissen in der Berufsschule.
Im Laufe deiner Ausbildung wirst du:
Softwareanwendungen planen, entwickeln und testen
Datenbanken entwerfen und pflegen
Bestehenden Code analysieren, optimieren und dokumentieren
Dich mit modernen Entwicklungsumgebungen und Versionskontrolle (z. B. Git) vertraut machen
Im Team an realen Kundenprojekten mitwirken
Einblicke in agile Arbeitsmethoden wie Scrum oder Kanban gewinnen
Das bieten wir dir
Persönliche Betreuung durch erfahrene Ausbilder/innen
Moderne Arbeitsausstattung – Laptop, Tools und Entwicklungsumgebungen auf aktuellem Stand
Übernahme von Lehrmitteln und Prüfungsgebühren
Attraktive Ausbildungsvergütung:
Flexible Arbeitszeiten und Homeoffice-Möglichkeiten
Regelmäßige Team-Events und ein offenes Betriebsklima
Sehr gute Übernahmechancen nach erfolgreichem Abschluss
Ein guter Start in die Berufswelt ist von besonderer Bedeutung. Die bplan-solutions unterstützt Dich bei deiner persönlichen Entwicklung in einem abwechslungsreichen Umfeld. Wir nehmen unsere Rolle als Ausbildungsbetrieb sehr ernst. Bei uns erhältst Du eine fundierte und praxisorientierte Ausbildung, eine attraktive Perspektive in einem aussichtsreichen Berufsfeld und eines sicher nicht: Einen langweiligen Routinejob.
Haben wir Dein Interesse geweckt oder hast Du Fragen?
Deine Bewerbung schickst Du bitte per E-Mail an
kai-uwe.marx@bplan-solutions.de. Wir freuen uns auf Dich.
Mehr anzeigen
Arbeitsorte
Karte anzeigen
Max-Reichpietsch-Strasse 22, 51147 Köln
Unternehmensdarstellung: bplan solutions GmbH & Co. KG
bplan solutions GmbH & Co. KG
Alle Stellen anzeigen
Informationen zur Bewerbung
Sicherheitsabfrage",,,empty,kai-uwe.marx@bplan-solutions.de,javascript:,javascript:,javascript:,externe,"Wir schützen die Kontaktdaten des Arbeitgebers vor unerlaubten Zugriffen. Bitte geben Sie die dargestellten Zeichen in das Textfeld ein, um die Kontaktdaten des Arbeitgebers anzuzeigen.
Anderes Bild laden
Audioversion abspielen
Hinweis: Die dargestellten Zeichen enthalten keine Umlaute (ä, ö, ü oder ß), Sonderzeichen oder Leerzeichen.
Dargestellte Zeichen
Absenden
Fußbereich
Stelle betreut durch die BA
Referenz-Nr.: 10000-1206419656-S
Verstoß melden",,,ausbildungsstellen_de,https://www.arbeitsagentur.de/jobsuche/jobdetail/10000-1206419656-S,False,,53,,,,2026-06-13T10:49:22.100770+00:00
ASD-999960001136379821,ausbildungsstellen_ae,contech electronic GmbH,,,,"Stellendetails zu: Ausbildung zum Fachinformatiker für Anwendungsentwicklung(m/w/d)

Das erwartet Dich:
• Als Auszubildender wirkst Du aktiv im Tagesgeschäft mit und begleitest die Implementierung von Soft-
ware auf diversen Mikro-Controller-Plattformen
• Du übernimmst eigenverantwortlich kleineren Projekten und eigene Sonderaufgaben
• In Teamarbeit mit erfahrenen Mitarbeitern erstellst Du Software-Konzepte und Spezifikationen
• Du unterstützt bei der Erstellung von Lasten- und Pflichtenheften in Absprache mit unseren Projektpart-
nern
• Als Teil des contech-Teams hilfst Du bei der Organisation und Sicherstellung von Arbeitsabläufen

Das bringst Du mit:
• Sehr guter Schulabschluss mit guten Noten in Deutsch, Englisch und Mathematik sowie ausbildungsrele-
vanten Fächern
• Du hast Interesse an Hardware-Programmierung und begeisterst Dich für elektrotechnische Produkte
• Idealerweise hast Du bereits erste Erfahrungen in den Kommunikationsschnittstellen (I²C, SPI, RS485,
CAN) gesammelt
• Du hast bereits einen Führerschein Klasse B oder planst diesen bis Ausbildungsbeginn zu erhalten
• Du bringst analytischen Fähigkeiten und kreatives Denken mit
• Nicht nur deine Zuverlässigkeit, sondern auch deine Eigeninitiative und Flexibilität zeichnen Dich aus
• Du überzeugst durch deine Kommunikationsstärke sowie ausgeprägte Teamfähigkeit
Kein 100%iges Match? – Keine Sorge!
Wir unterstützen Dich in deiner persönlichen und fachlichen Weiterentwicklung.
Interessiert",,"Das bringst Du mit:
• Sehr guter Schulabschluss mit guten Noten in Deutsch, Englisch und Mathematik sowie ausbildungsrele-
vanten Fächern
• Du hast Interesse an Hardware-Programmierung und begeisterst Dich für elektrotechnische Produkte
• Idealerweise hast Du bereits erste Erfahrungen in den Kommunikationsschnittstellen (I²C, SPI, RS485,
CAN) gesammelt
• Du hast bereits einen Führerschein Klasse B oder planst diesen bis Ausbildungsbeginn zu erhalten
• Du bringst analytischen Fähigkeiten und kreatives Denken mit
• Nicht nur deine Zuverlässigkeit, sondern auch deine Eigeninitiative und Flexibilität zeichnen Dich aus
• Du überzeugst durch deine Kommunikationsstärke sowie ausgeprägte Teamfähigkeit
Kein 100%iges Match? – Keine Sorge!
Wir unterstützen Dich in deiner persönlichen und fachlichen Weiterentwicklung.
Interessiert",Ausbildung | Stellendetails zu: zum Fachinformatiker für Anwendungsentwicklung(m/w/d),ae,,,,,empty,karriere@contech.de,javascript:,javascript:,javascript:,externe,"Wir schützen die Kontaktdaten des Arbeitgebers vor unerlaubten Zugriffen. Bitte geben Sie die dargestellten Zeichen in das Textfeld ein, um die Kontaktdaten des Arbeitgebers anzuzeigen.
Anderes Bild laden
Audioversion abspielen
Hinweis: Die dargestellten Zeichen enthalten keine Umlaute (ä, ö, ü oder ß), Sonderzeichen oder Leerzeichen.
Dargestellte Zeichen
Absenden
Fußbereich
Stelle betreut durch die BA
Referenz-Nr.: 10001-1002620674-S
Verstoß melden","Sende uns bitte Deine vollständigen Bewerbungsunterlagen unter Angabe der Kennziffer „Azubi-2026“ bevorzugt per Email an:
CP contech electronic GmbH | karriere@contech.de
Mehr anzeigen
Arbeitsorte
Karte anzeigen
Westring 31 a, 33818 Leopoldshöhe
Unternehmensdarstellung: contech electronic GmbH
contech electronic GmbH
Alle Stellen anzeigen
Informationen zur Bewerbung
Sicherheitsabfrage",,ausbildungsstellen_de,https://www.arbeitsagentur.de/jobsuche/jobdetail/10001-1002620674-S,False,,53,,,,2026-06-13T10:56:49.929404+00:00
ASD-999380000000125957,ausbildungsstellen_ae,Continental Autonomous Mobility Germany GmbH,,,,"Duale Ausbildung

Voraussetzungen für diesen Beruf sind Interesse an Mathematik und Freude am Umgang mit Menschen.
Zum Berufsprofil ""Fachinformatiker/-in für Anwendungsentwicklung""
Besondere Anforderungen
Spaß an Mathematik und programmieren in verschieden Sprachen.
Wusstest du, dass es neben der Ausbildung zum*r Fachinformatiker (m/w/d) - Anwendungsentwicklung. in der bayerischen Metall- und Elektroindustrie rund 60 weitere Ausbildungsberufe gibt? Deine Möglichkeiten sind also riesig. Feststeht aber, dass diese Ausbildung im Hause Continental Autonomous Mobility Germany GmbH am 01.09.2026 startet.
Wenn du dir diesen Ausbildungsplatz sichern möchtest, dann solltest du mindestens den Schulabschluss 'Mittlere Reife' vorweisen können und deine aussagekräftige Bewerbung bis zum 01.08.2026 an Continental Autonomous Mobility Germany GmbH geschickt haben.
Jetzt bewerben",,"Voraussetzungen für diesen Beruf sind Interesse an Mathematik und Freude am Umgang mit Menschen.
Zum Berufsprofil ""Fachinformatiker/-in für Anwendungsentwicklung""
Besondere Anforderungen
Spaß an Mathematik und programmieren in verschieden Sprachen.
Wusstest du, dass es neben der Ausbildung zum*r Fachinformatiker (m/w/d) - Anwendungsentwicklung. in der bayerischen Metall- und Elektroindustrie rund 60 weitere Ausbildungsberufe gibt? Deine Möglichkeiten sind also riesig. Feststeht aber, dass diese Ausbildung im Hause Continental Autonomous Mobility Germany GmbH am 01.09.2026 startet.
Wenn du dir diesen Ausbildungsplatz sichern möchtest, dann solltest du mindestens den Schulabschluss 'Mittlere Reife' vorweisen können und deine aussagekräftige Bewerbung bis zum 01.08.2026 an Continental Autonomous Mobility Germany GmbH geschickt haben.
Jetzt bewerben",Ausbildung | Duale Ausbildung,ae,,,,,empty,michael.nuber@aumovio.com,https://www.ausbildungsoffensive-bayern.de/bewerben/,https://www.ausbildungsoffensive-bayern.de/bewerben/,https://www.ausbildungsoffensive-bayern.de/bewerben/,externe,"Ansprechpartner
Herr Michael Nuber
Leiter Berufsausbildung für den Standort Ingolstadt
michael.nuber@aumovio.com
Telefon: 08418811427
Das könnte dich auch interessieren:
ONLINEBEWERBUNG
So überzeugst du mit deiner Onlinebewerbung!
Entdecke welche digitalen Bewerbungsformen es gibt und auf was du bei jeder einzelnen achten musst. Wie immer mit vielen wertvollen Tipps und Tricks damit du erfolgreich in deine berufliche Zukunft starten kannst.
Los geht's!
FREIE AUSBILDUNGSPLÄTZE
Finde deinen perfekten Ausbildungsplatz!
Diese freie Stelle ist nichts für dich? Es warten noch viele weitere Stellen in unserer Ausbildungsplatzbörse. Das Beste: Filtere einfach nach deiner Wunschausbildung und erhalte direkt passende Jobangebote.
Mehr erfahren
QUICKLINKS
Ausbildungsbörse
Metallberufe
Elektroberufe
IT-Berufe
Kaufmännische Berufe
Dualen Studienplatz finden","Haben wir dein Interesse geweckt? Dann freuen wir uns auf deine aussagekräftigen Bewerbungsunterlagen.
Online-Bewerbung
Bewerbungsunterlagen
QuickCheck
Berufsweg-Check
BerufsCheck(me)
Die AusbildungsOffensive-Bayern ist eine Initiative der bayerischen Metall- und Elektro-Arbeitgeber bayme vbm. Insgesamt sind das rund 3.700 Betriebe in ganz Bayern, die dir zu einer starken beruflichen Zukunft verhelfen.
© 2026 bayme vbm
Barrierefreiheitserklärung
Datenschutz
Impressum
Datenschutz
Um dir ein ideales Online-Erlebnis zu ermöglichen, aktiviere einfach folgende Dienste:
Adressensuche (Google Maps, damit du eine passgenaue Ausbildung finden kannst)
Videoinhalte (damit YouTube-Videos geladen werden und du sie anschauen kannst)
Diese Einstellungen kannst du jederzeit in unserer Datenschutzerklärung wieder aufrufen, einsehen oder verändern.
Alle Dienste zulassen
Auswahl speichern
Datenschutzerklärung
Ausbildungsplatzbörse
Finde Ausbildungsplätze in Deiner Nähe!
Alle Fachrichtungen
Metallberufe
Elektroberufe
IT-Berufe
Kaufmännische Berufe
Sonstige Berufe
Keine Zuordnung
Alle Fachrichtungen
Warum inaktiv?
Suchen
Zu den dualen Studiengängen",,ausbildungsstellen_de,https://www.ausbildungsoffensive-bayern.de/jobdetail/125957-fachinformatiker-mwd-anwendungsentwicklung/,False,,53,2026,8,2026-08-01,2026-06-13T10:30:06.382206+00:00
ASD-999380000000119626,ausbildungsstellen_ae,DR. JOHANNES HEIDENHAIN GmbH,,,,"Duale Ausbildung

Voraussetzungen für diesen Beruf sind Interesse an Mathematik und Freude am Umgang mit Menschen.
Zum Berufsprofil ""Fachinformatiker/-in""
Besondere Anforderungen
- Interesse an technischen Systemen und Informatik- Freude an mathematischen Herausforderungen- Spaß daran, Neues zu entdecken- Kreative Lösungen im Team zu entwickeln- Sehr gute Computer-Skills
Du interessierst dich für die Ausbildung Fachinformatiker (m/w/d) bei der Firma DR. JOHANNES HEIDENHAIN GmbH in Traunreut? Dann schick am besten direkt deine Bewerbung noch bis zum 01.08.2027 an ausbildung@heidenhain.de.
Aber vergiss nicht: Die Rückmeldung eines Unternehmens kann auch spontan erfolgen – sei also immer vorbereitet und melde dich mit deinem ganzen Namen am Telefon. Wir wünschen dir viel Erfolg!
Jetzt bewerben",,"Voraussetzungen für diesen Beruf sind Interesse an Mathematik und Freude am Umgang mit Menschen.
Zum Berufsprofil ""Fachinformatiker/-in""
Besondere Anforderungen
- Interesse an technischen Systemen und Informatik- Freude an mathematischen Herausforderungen- Spaß daran, Neues zu entdecken- Kreative Lösungen im Team zu entwickeln- Sehr gute Computer-Skills
Du interessierst dich für die Ausbildung Fachinformatiker (m/w/d) bei der Firma DR. JOHANNES HEIDENHAIN GmbH in Traunreut? Dann schick am besten direkt deine Bewerbung noch bis zum 01.08.2027 an ausbildung@heidenhain.de.
Aber vergiss nicht: Die Rückmeldung eines Unternehmens kann auch spontan erfolgen – sei also immer vorbereitet und melde dich mit deinem ganzen Namen am Telefon. Wir wünschen dir viel Erfolg!
Jetzt bewerben",Ausbildung | Duale Ausbildung,ae,,,,,empty,ausbildung@heidenhain.de,https://www.ausbildungsoffensive-bayern.de/bewerben/,https://www.ausbildungsoffensive-bayern.de/bewerben/,https://www.ausbildungsoffensive-bayern.de/bewerben/,externe,"Ansprechpartner
Herr Dr. Florian Schindler
studium@heidenhain.de
Telefon: 08669/31-1228
Herr Benjamin Häupler
ausbildung@heidenhain.de
Telefon: 08669/31-1560
Das könnte dich auch interessieren:
ONLINEBEWERBUNG
So überzeugst du mit deiner Onlinebewerbung!
Entdecke welche digitalen Bewerbungsformen es gibt und auf was du bei jeder einzelnen achten musst. Wie immer mit vielen wertvollen Tipps und Tricks damit du erfolgreich in deine berufliche Zukunft starten kannst.
Los geht's!
FREIE AUSBILDUNGSPLÄTZE
Finde deinen perfekten Ausbildungsplatz!
Diese freie Stelle ist nichts für dich? Es warten noch viele weitere Stellen in unserer Ausbildungsplatzbörse. Das Beste: Filtere einfach nach deiner Wunschausbildung und erhalte direkt passende Jobangebote.
Mehr erfahren
QUICKLINKS
Ausbildungsbörse
Metallberufe
Elektroberufe
IT-Berufe
Kaufmännische Berufe
Dualen Studienplatz finden","Haben wir dein Interesse geweckt? Dann freuen wir uns auf deine aussagekräftigen Bewerbungsunterlagen.
Bewerbung per E-Mail
Online-Bewerbung
Bewerbungsunterlagen
QuickCheck
Berufsweg-Check
BerufsCheck(me)
Die AusbildungsOffensive-Bayern ist eine Initiative der bayerischen Metall- und Elektro-Arbeitgeber bayme vbm. Insgesamt sind das rund 3.700 Betriebe in ganz Bayern, die dir zu einer starken beruflichen Zukunft verhelfen.
© 2026 bayme vbm
Barrierefreiheitserklärung
Datenschutz
Impressum
Datenschutz
Um dir ein ideales Online-Erlebnis zu ermöglichen, aktiviere einfach folgende Dienste:
Adressensuche (Google Maps, damit du eine passgenaue Ausbildung finden kannst)
Videoinhalte (damit YouTube-Videos geladen werden und du sie anschauen kannst)
Diese Einstellungen kannst du jederzeit in unserer Datenschutzerklärung wieder aufrufen, einsehen oder verändern.
Alle Dienste zulassen
Auswahl speichern
Datenschutzerklärung
Ausbildungsplatzbörse
Finde Ausbildungsplätze in Deiner Nähe!
Alle Fachrichtungen
Metallberufe
Elektroberufe
IT-Berufe
Kaufmännische Berufe
Sonstige Berufe
Keine Zuordnung
Alle Fachrichtungen
Warum inaktiv?
Suchen
Zu den dualen Studiengängen",,ausbildungsstellen_de,https://www.ausbildungsoffensive-bayern.de/jobdetail/119626-fachinformatiker-mwd/,False,,53,2027,8,2027-08-01,2026-06-13T10:29:13.780895+00:00
ASD-999960000801279399,ausbildungsstellen_ae,DRK Blutspendedienst gGmbH,,,,"Stellendetails zu: Ausbildung 2026

Deine Aufgaben:
Während deiner Ausbildung wirst du aktiv in alle Phasen der Softwareentwicklung eingebunden und lernst in den Projekten die bei uns eingesetzten Techniken und unser Projektmanagement kennen.
Du führst gemeinsam mit dem Fachbereich Anforderungsanalysen durch und unterstützt bei der Erstellung der dazugehörenden Lastenhefte.
Auf dieser Basis entwickelst du Implementierungskonzepte und Pflichtenhefte und wirkst bei deren Umsetzung aktiv mit.
Du erstellst Testkonzepte, unterstützt den Fachbereich bei der Durchführung der Tests und schulst die Anwender (m/w/d) in der Nutzung der Software.

Dein Profil:
Du verfügst über die allgemeine (Fach-)Hochschulreife mit guten Leistungen in Mathematik/Physik und idealerweise Informatik.
Idealerweise hast du bereits relevante Erfahrung in der Softwareentwicklung.
Du findest das Thema Softwareentwicklung spannend und hast großes Interesse an modernen IT-Technologien und an der Lösung von logischen Aufgaben.
An neue Aufgaben gehst du strukturiert und analytisch heran und kannst dich auch eigenständig in komplexe Themenfelder einarbeiten.
Du verbindest Freude an neuen Themen mit einer engagierten und selbstständigen Arbeitsweise.

Wir bieten im Institut in **Springe **zum **01.08.2026 **eine
Ausbildung zum Fachinformatiker (m/w/d) Anwendungsentwicklung
Deine Vorteile:
Wir bieten dir eine interessante, abwechslungsreiche und praxisbezogene Ausbildung sowie gute Übernahmechancen nach erfolgreich abgeschlossener Ausbildung. Deine berufliche Entwicklung wird durch ein speziell auf unsere Auszubildenden zugeschnittenes Schulungsprogramm gefördert. Neben einem attraktiven Ausbildungsgehalt inkl. Urlaubs- und Weihnachtsgeld sowie 30 Tagen Urlaub im Jahr bekommst du während der Ausbildung einen eigenen Laptop und wir übernehmen die Kosten deiner Schulbücher. Außerdem erwarten dich eine umfassende Ausbildungsbetreuung und ein kollegiales Arbeitsumfeld sowie regelmäßige Team- und Firmenevents.",,"Dein Profil:
Du verfügst über die allgemeine (Fach-)Hochschulreife mit guten Leistungen in Mathematik/Physik und idealerweise Informatik.
Idealerweise hast du bereits relevante Erfahrung in der Softwareentwicklung.
Du findest das Thema Softwareentwicklung spannend und hast großes Interesse an modernen IT-Technologien und an der Lösung von logischen Aufgaben.
An neue Aufgaben gehst du strukturiert und analytisch heran und kannst dich auch eigenständig in komplexe Themenfelder einarbeiten.
Du verbindest Freude an neuen Themen mit einer engagierten und selbstständigen Arbeitsweise.",Ausbildung | Stellendetails zu: 2026,ae,,"Wir bieten im Institut in **Springe **zum **01.08.2026 **eine
Ausbildung zum Fachinformatiker (m/w/d) Anwendungsentwicklung
Deine Vorteile:
Wir bieten dir eine interessante, abwechslungsreiche und praxisbezogene Ausbildung sowie gute Übernahmechancen nach erfolgreich abgeschlossener Ausbildung. Deine berufliche Entwicklung wird durch ein speziell auf unsere Auszubildenden zugeschnittenes Schulungsprogramm gefördert. Neben einem attraktiven Ausbildungsgehalt inkl. Urlaubs- und Weihnachtsgeld sowie 30 Tagen Urlaub im Jahr bekommst du während der Ausbildung einen eigenen Laptop und wir übernehmen die Kosten deiner Schulbücher. Außerdem erwarten dich eine umfassende Ausbildungsbetreuung und ein kollegiales Arbeitsumfeld sowie regelmäßige Team- und Firmenevents.",,,empty,,https://blutspendedienst-nstob.dvinci-easy.com/de/p/Karriereportal/jobs/36/intro,https://blutspendedienst-nstob.dvinci-easy.com/de/p/Karriereportal/jobs/36/intro,https://blutspendedienst-nstob.dvinci-easy.com/de/p/Karriereportal/jobs/36/intro,externe,"Nicht zuletzt bist du kontaktfreudig, aufgeschlossen, zuverlässig und motiviert.
Deine Ansprechpartnerin für diese Position ist Frau Drews. Für Fragen stehen wir dir gern telefonisch unter 05041 772368 zur Verfügung.
DRK-Blutspendedienst NSTOB gGmbH | Personalabteilung | Eldagsener Straße 38 | 31832 Springe
Jetzt bewerben!
Mehr anzeigen
Arbeitsorte
Karte anzeigen
Eldagsener Str. 38, 31832 Springe, Deister
Unternehmensdarstellung: DRK Blutspendedienst gGmbH
DRK Blutspendedienst gGmbH
Alle Stellen anzeigen
Webseiten
Homepage
Informationen zur Bewerbung
Sicherheitsabfrage
Wir schützen die Kontaktdaten des Arbeitgebers vor unerlaubten Zugriffen. Bitte geben Sie die dargestellten Zeichen in das Textfeld ein, um die Kontaktdaten des Arbeitgebers anzuzeigen.
Anderes Bild laden
Audioversion abspielen
Hinweis: Die dargestellten Zeichen enthalten keine Umlaute (ä, ö, ü oder ß), Sonderzeichen oder Leerzeichen.
Dargestellte Zeichen
Absenden
Fußbereich
Stelle betreut durch die BA
Referenz-Nr.: 10000-1204392069-S
Verstoß melden","Haben wir Dein Interesse geweckt? Dann schick uns Deine aussagekräftigen Bewerbungsunterlagen (Anschreiben, Lebenslauf, die letzten 3 Schulzeugnisse/Abschlusszeugnis, Praktikumszeugnisse, Zusatzqualifikationen).",,ausbildungsstellen_de,https://www.arbeitsagentur.de/jobsuche/jobdetail/10000-1204392069-S,False,,53,2026,8,2026-08-01,2026-06-13T10:50:13.501941+00:00
ASD-999960000765287686,ausbildungsstellen_ae,Hark GmbH & Co. KG,,,,"Stellendetails zu: Fachinformatiker/in für Anwendungsentwicklung (m/w/d) - Ausbildung 2026

Was wir bieten
Hark bietet Ihnen eine langfristige, berufliche Perspektive mit einem großen Aufgabenspektrum in einem jungen motivierten Team.
Fachinformatiker/in für Anwendungsentwicklung (m/w/d).
Voraussetzung: Schulabschluss Abitur
Ausbildungszeit: 3 Jahre
Ausbildungsbeginn: : 01.08.2026
Ausbildungsort: Hark-Verwaltung Duisburg
Berufsschule: Kaufmännisches Berufskolleg Duisburg-Mitte
Der Fachinformatiker für Anwendungsentwicklung konzipiert, programmiert und testet maßgeschneiderte Softwarelösungen, von Webanwendungen bis zu Datenbanken. Die 3-jährige duale Ausbildung umfasst Programmierung, IT-Sicherheit und Kundenberatung. Die Firma Hark hat ihr eigenes ERP-System, welches gewartet werden muss und auch immer weiterentwickelt wird.",,,Ausbildung | Stellendetails zu: Fachinformatiker/in für Anwendungsentwicklung (m/w/d) - 2026,ae,,"Was wir bieten
Hark bietet Ihnen eine langfristige, berufliche Perspektive mit einem großen Aufgabenspektrum in einem jungen motivierten Team.
Fachinformatiker/in für Anwendungsentwicklung (m/w/d).
Voraussetzung: Schulabschluss Abitur
Ausbildungszeit: 3 Jahre
Ausbildungsbeginn: : 01.08.2026
Ausbildungsort: Hark-Verwaltung Duisburg
Berufsschule: Kaufmännisches Berufskolleg Duisburg-Mitte
Der Fachinformatiker für Anwendungsentwicklung konzipiert, programmiert und testet maßgeschneiderte Softwarelösungen, von Webanwendungen bis zu Datenbanken. Die 3-jährige duale Ausbildung umfasst Programmierung, IT-Sicherheit und Kundenberatung. Die Firma Hark hat ihr eigenes ERP-System, welches gewartet werden muss und auch immer weiterentwickelt wird.",,,empty,bewerbung@hark.de,javascript:,javascript:,javascript:,externe,"Hark GmbH & Co. KG Ihr Ansprechpartner:
Hochstraße 197-213 Christian Hander
47228 Duisburg Telefon 02065/997-140
Bewerbungen bitte nur per E-Mail an bewerbung@hark.de.
Arbeitsorte
Karte anzeigen
47228 Duisburg
Unternehmensdarstellung: Hark GmbH & Co. KG
Hark GmbH & Co. KG
Alle Stellen anzeigen
Webseiten
Homepage
Informationen zur Bewerbung
Sicherheitsabfrage
Wir schützen die Kontaktdaten des Arbeitgebers vor unerlaubten Zugriffen. Bitte geben Sie die dargestellten Zeichen in das Textfeld ein, um die Kontaktdaten des Arbeitgebers anzuzeigen.
Anderes Bild laden
Audioversion abspielen
Hinweis: Die dargestellten Zeichen enthalten keine Umlaute (ä, ö, ü oder ß), Sonderzeichen oder Leerzeichen.
Dargestellte Zeichen
Absenden
Fußbereich
Stelle betreut durch die BA
Referenz-Nr.: 10000-1206200052-S
Verstoß melden","Zur Verstärkung unseres Teams suchen wir motivierte und engagierte Auszubildende für das Ausbildungsjahr 2026. Falls Ihr Interesse an einer Ausbildung in einem der Berufe habt, sendet Eure Bewerbungsunterlagen einfach online an die unten angegebene E-Mail-Adresse.
Wer wir sind
Hark ist Deutschlands größte Firma im Kamin- und Kachelofenbau mit bundesweit über 65 Studios und einem breiten Händlernetz im In- und Ausland.",,ausbildungsstellen_de,https://www.arbeitsagentur.de/jobsuche/jobdetail/10000-1206200052-S,False,,53,2026,8,2026-08-01,2026-06-13T10:49:25.192891+00:00
ASD-999380000000125607,ausbildungsstellen_ae,Mahlo GmbH + Co. KG,,,,"Duale Ausbildung

Voraussetzungen für diesen Beruf sind Interesse an Mathematik und Freude am Umgang mit Menschen.
Zum Berufsprofil ""Fachinformatiker/-in für Anwendungsentwicklung""
Du kommst direkt aus Saal oder aus der Umgebung? Oder vielleicht wolltest du schon immer in Saal leben? Dann trifft es sich hervorragend, dass die Firma Mahlo GmbH + Co. KG die Ausbildung Fachinformatiker (m/w/d) - Anwendungsentwicklung anbietet. Die Ausbildung dauert 3,0 Jahre und setzt mindestens den Schulabschluss 'Mittlere Reife' voraus .
Bewirb dich noch bis zum 31.08.2026 und freu dich auf eine spannende Ausbildung zum*r Fachinformatiker (m/w/d) - Anwendungsentwicklung. Los geht’s!
Jetzt bewerben",,"Voraussetzungen für diesen Beruf sind Interesse an Mathematik und Freude am Umgang mit Menschen.
Zum Berufsprofil ""Fachinformatiker/-in für Anwendungsentwicklung""
Du kommst direkt aus Saal oder aus der Umgebung? Oder vielleicht wolltest du schon immer in Saal leben? Dann trifft es sich hervorragend, dass die Firma Mahlo GmbH + Co. KG die Ausbildung Fachinformatiker (m/w/d) - Anwendungsentwicklung anbietet. Die Ausbildung dauert 3,0 Jahre und setzt mindestens den Schulabschluss 'Mittlere Reife' voraus .
Bewirb dich noch bis zum 31.08.2026 und freu dich auf eine spannende Ausbildung zum*r Fachinformatiker (m/w/d) - Anwendungsentwicklung. Los geht’s!
Jetzt bewerben",Ausbildung | Duale Ausbildung,ae,,,,,empty,karriere@mahlo.com,https://www.ausbildungsoffensive-bayern.de/bewerben/,https://www.ausbildungsoffensive-bayern.de/bewerben/,https://www.ausbildungsoffensive-bayern.de/bewerben/,externe,"Ansprechpartner
Frau Yvonne Pieper
Kaufmännische Leitung
karriere@mahlo.com
Telefon: 09441/601-142
Das könnte dich auch interessieren:
ONLINEBEWERBUNG
So überzeugst du mit deiner Onlinebewerbung!
Entdecke welche digitalen Bewerbungsformen es gibt und auf was du bei jeder einzelnen achten musst. Wie immer mit vielen wertvollen Tipps und Tricks damit du erfolgreich in deine berufliche Zukunft starten kannst.
Los geht's!
FREIE AUSBILDUNGSPLÄTZE
Finde deinen perfekten Ausbildungsplatz!
Diese freie Stelle ist nichts für dich? Es warten noch viele weitere Stellen in unserer Ausbildungsplatzbörse. Das Beste: Filtere einfach nach deiner Wunschausbildung und erhalte direkt passende Jobangebote.
Mehr erfahren
QUICKLINKS
Ausbildungsbörse
Metallberufe
Elektroberufe
IT-Berufe
Kaufmännische Berufe
Dualen Studienplatz finden","Haben wir dein Interesse geweckt? Dann freuen wir uns auf deine aussagekräftigen Bewerbungsunterlagen.
Bewerbung per E-Mail
Online-Bewerbung
Bewerbungsunterlagen
QuickCheck
Berufsweg-Check
BerufsCheck(me)
Die AusbildungsOffensive-Bayern ist eine Initiative der bayerischen Metall- und Elektro-Arbeitgeber bayme vbm. Insgesamt sind das rund 3.700 Betriebe in ganz Bayern, die dir zu einer starken beruflichen Zukunft verhelfen.
© 2026 bayme vbm
Barrierefreiheitserklärung
Datenschutz
Impressum
Datenschutz
Um dir ein ideales Online-Erlebnis zu ermöglichen, aktiviere einfach folgende Dienste:
Adressensuche (Google Maps, damit du eine passgenaue Ausbildung finden kannst)
Videoinhalte (damit YouTube-Videos geladen werden und du sie anschauen kannst)
Diese Einstellungen kannst du jederzeit in unserer Datenschutzerklärung wieder aufrufen, einsehen oder verändern.
Alle Dienste zulassen
Auswahl speichern
Datenschutzerklärung
Ausbildungsplatzbörse
Finde Ausbildungsplätze in Deiner Nähe!
Alle Fachrichtungen
Metallberufe
Elektroberufe
IT-Berufe
Kaufmännische Berufe
Sonstige Berufe
Keine Zuordnung
Alle Fachrichtungen
Warum inaktiv?
Suchen
Zu den dualen Studiengängen",,ausbildungsstellen_de,https://www.ausbildungsoffensive-bayern.de/jobdetail/125607-fachinformatiker-mwd-anwendungsentwicklung/,False,,53,2026,8,2026-08-31,2026-06-13T10:30:00.306279+00:00
ASD-999960000778813439,ausbildungsstellen_ae,OmniSys Inf.techn. GmbH+Co GmbH & Co. KG,,,,"Stellendetails zu: Fachinformatiker/-in – Anwendungsentwicklung ""Webservice""

Was wir bieten
Abwechslungsreiche und herausfordernde Tätigkeiten in einem wachsenden Unternehmen mit viel Spielraum für eigene Ideen und individuelle Entwicklungsmöglichkeiten
Mitarbeit in einem kreativen und dynamischen Team
Eine Festanstellung in unserem Büro in München-Schwabing
Das Unternehmen
OmniSys IT ist ein innovationsgetriebenes IT-Beratungsunternehmen mit besonderer Expertise in der Entwicklung von Softwarelösungen im Microsoft und SAP-Umfeld. Die OmniSys Gruppe ist eine inhaber- und gründergeführte Unternehmensgruppe, die sowohl deutschlandweit in Projekten vor Ort als auch international tätig ist. Die Unternehmensgruppe verbindet Expertise und langjährige Erfahrung im IT-Umfeld mit der Begeisterung für neue Technologien.
Bewerben Sie sich!",,,"Ausbildung | Stellendetails zu: Fachinformatiker/-in – Anwendungsentwicklung ""Webservice""",ae,,"Was wir bieten
Abwechslungsreiche und herausfordernde Tätigkeiten in einem wachsenden Unternehmen mit viel Spielraum für eigene Ideen und individuelle Entwicklungsmöglichkeiten
Mitarbeit in einem kreativen und dynamischen Team
Eine Festanstellung in unserem Büro in München-Schwabing
Das Unternehmen
OmniSys IT ist ein innovationsgetriebenes IT-Beratungsunternehmen mit besonderer Expertise in der Entwicklung von Softwarelösungen im Microsoft und SAP-Umfeld. Die OmniSys Gruppe ist eine inhaber- und gründergeführte Unternehmensgruppe, die sowohl deutschlandweit in Projekten vor Ort als auch international tätig ist. Die Unternehmensgruppe verbindet Expertise und langjährige Erfahrung im IT-Umfeld mit der Begeisterung für neue Technologien.
Bewerben Sie sich!",,,empty,jobs@omnisys.de,javascript:,javascript:,javascript:,externe,"Wir schützen die Kontaktdaten des Arbeitgebers vor unerlaubten Zugriffen. Bitte geben Sie die dargestellten Zeichen in das Textfeld ein, um die Kontaktdaten des Arbeitgebers anzuzeigen.
Anderes Bild laden
Audioversion abspielen
Hinweis: Die dargestellten Zeichen enthalten keine Umlaute (ä, ö, ü oder ß), Sonderzeichen oder Leerzeichen.
Dargestellte Zeichen
Absenden
Fußbereich
Stelle betreut durch Arbeitgeber
Referenz-Nr.: 10001-1002604072-S
Verstoß melden","Wenn Sie an langfristigen, interessanten und qualitativ hochwertigen Projekten interessiert sind und Sie Teil des OmniSys Teams werden möchten, senden Sie uns bitte Ihre vollständigen Bewerbungsunterlagen unter Angabe Ihrer Verfügbarkeit.
Wir freuen uns auf Ihre Bewerbung!
Wir bitten Sie, auf die Versendung von Papierbewerbungen zu verzichten und uns stattdessen Ihre Unterlagen (Anschreiben, Lebenslauf, Zeugnisse) in einer PDF-Datei per E-Mail an jobs@omnisys.de zu senden.
Bei Rückfragen: OmniSys IT GmbH & Co. KG
+49 69 232369
Mehr anzeigen
Arbeitsorte
Karte anzeigen
Germaniastraße 38, 80805 München
Unternehmensdarstellung: OmniSys Inf.techn. GmbH+Co GmbH & Co. KG
OmniSys Inf.techn. GmbH+Co GmbH & Co. KG
Alle Stellen anzeigen
Informationen zur Bewerbung
Sicherheitsabfrage",,ausbildungsstellen_de,https://www.arbeitsagentur.de/jobsuche/jobdetail/10001-1002604072-S,False,,53,,,,2026-06-13T10:49:46.012621+00:00
ASD-999960000731484110,ausbildungsstellen_ae,petaFuel GmbH,,,,"Stellendetails zu: Ausbildung Fachinformatiker für Anwendungsentwicklung (m/w/d) - Mobile

Das erwartet dich
Das lernst du bei uns
Entwicklung innovativer Softwarelösungen
Gestaltung und Umsetzung ansprechender Benutzeroberflächen für mobile Apps
Implementierung von Sicherheitsstandards und Best Practices
Analyse von Anforderungen und Erstellen von technischen Konzepten für maßgeschneiderte Lösungen
Effektive Kommunikation und Fähigkeit zur eigenverantwortlichen Organisation

Das bringst du mit
Fachabitur, Mittlere Reife oder einen vergleichbaren Abschluss
ein freundliches Wesen, Fleiß und Eigeninitiative
Lust auf Arbeit mit Computern
Linux-Liebe erwünscht
Affinität im Umgang mit Smartphones
Du hast Interesse?",,"Das bringst du mit
Fachabitur, Mittlere Reife oder einen vergleichbaren Abschluss
ein freundliches Wesen, Fleiß und Eigeninitiative
Lust auf Arbeit mit Computern
Linux-Liebe erwünscht
Affinität im Umgang mit Smartphones
Du hast Interesse?",Ausbildung | Stellendetails zu: Fachinformatiker für Anwendungsentwicklung (m/w/d) - Mobile,ae,,,,,empty,bewerbung@petaFuel.de,https://mailto:bewerbung@petafuel.de/,https://mailto:bewerbung@petafuel.de/,https://mailto:bewerbung@petafuel.de/,externe,"eine abwechslungsreiche Ausbildung mit zuverlässigen Ansprechpartnern
ein freundliches und aufgeschlossenes 9-köpfiges Team
eine ausgezeichnete Arbeitsatmosphäre
ein modernes, gut strukturiertes Unternehmen
31 Urlaubstage
Wir schützen die Kontaktdaten des Arbeitgebers vor unerlaubten Zugriffen. Bitte geben Sie die dargestellten Zeichen in das Textfeld ein, um die Kontaktdaten des Arbeitgebers anzuzeigen.
Anderes Bild laden
Audioversion abspielen
Hinweis: Die dargestellten Zeichen enthalten keine Umlaute (ä, ö, ü oder ß), Sonderzeichen oder Leerzeichen.
Dargestellte Zeichen
Absenden
Fußbereich
Stelle betreut durch die BA
Referenz-Nr.: 10001-1002702563-S
Verstoß melden","Dann bewirb dich jetzt und sende uns deine Bewerbungsunterlagen (Lebenslauf, Zeugnisse) per eMail an bewerbung@petaFuel.de
Arbeitsorte
Karte anzeigen
Clemensänger-Ring 24, 85356 Freising, Oberbayern
Unternehmensdarstellung: petaFuel GmbH
petaFuel GmbH
Hauptsitz
Freising
Gründung
2004
Betriebsgröße
82
Die petaFuel GmbH ist dynamisches Unternehmen im Bereich Finanzdienstleistungen. Wir sind auf Dienstleistungen im Finanzsektor spezialisiert, selbstständiger Paymentprovider und Kreditkartenprozessor und entwickeln mobile Payment- und Banking-Apps. Wir entwickeln und implementieren maßgeschneiderte Banken- und Unternehmenslösungen in den Bereichen Softwareentwicklung, IT-unterstützte Zusammenarbeit und Business Intelligence.
Unsere Produkte und Dienstleitungen:
Bereits seit 2009 können wir uns stolz einen eigenständigen Mastercard® Processor nennen und das Processing für weltweit einsetzbare Prepaid-, Debit-, Kredit, Business- und Geschenkkarten übernehmen. Dabei bieten wir voll umfängliche Anpassungsmöglichkeiten, sowie zahlreiche Zahlungstechnologien wie Maestro, Magstripe, EMV, NFC, 3D-Secure, PayPass und Tokenisierung.
Bringing Mobile Banking to the next level:
Unser Spezialgebiet liegt bei der Entwicklung mobiler und intelligenter Applikationen für den Finanzsektor. Mit unserer hauseigenen Banking App VIMpay möchten wir alle Anforderungen und Erwartungen im Bereich Mobile Payment übertreffen. Wir wollen Mobile Banking auf ein neues Level heben!
Open-Source PSD2 XS2A Client:
Unser Produkt Styx Xs2A ist die Schnittstelle für Drittanbieter um von Banken angebotene Kontoinformations-Services sowie Zahlungsauslösedienste zu nutzen. Der PSD2 XS2A Client Styx bietet Drittanbietern (TTPs) eine kostenlose und einfache Lösung, um mit den verschiedenen PSD2-Schnittstellen der Banken aus Deutschland und Europa zu interagieren.
Unser ambitioniertes Team aus Spezialisten setzt täglich neue Ideen mit Leidenschaft um. Denn uns ist es wichtig, dass unsere Kunden vollste Zufriedenheit erfahren und sich stets auf uns verlassen können. Unsere Unternehmenskultur zeichnet sich durch eine weltoffene und familiäre Atmosphäre aus.
Vorteile für Mitarbeitende
Sprachkurs (Deutsch und Englisch)
Mentorenprogramm/Coaching
Kinderbetreuung
Flexible Arbeitszeiten
Homeoffice / Mobiles Arbeiten
Nachhaltigkeit / Umweltschutz
Firmenevents
Rabatte für Mitarbeitende
Sport- und Gesundheitsangebote
Sonderzahlungen
Weiterbildungen
Hunde erlaubt
Mitgestaltungsmöglichkeiten
Parkmöglichkeiten
Moderne technische Ausstattung
Die abgebildeten Vorteile für Mitarbeitende können je nach Abteilung und Position variieren.
Alle Stellen anzeigenIn neuem Tab öffnen
Webseiten
Homepage
Karriereseite
Über uns
Impressum
Social Media Seiten
Informationen zur Bewerbung
Sicherheitsabfrage",,ausbildungsstellen_de,https://www.arbeitsagentur.de/jobsuche/jobdetail/10001-1002702563-S,False,,53,,,,2026-06-13T10:48:33.762649+00:00
ASD-999960000767206004,ausbildungsstellen_ae,SAWS GmbH & Co. KG EDV-Dienstleistungen,,,,"Stellendetails zu: Azubi zum/zur Fachinformatiker/in (Anwendungsentwicklung) 2026 (m/w/d)

Wir bieten ab 01.09.2026 einen Ausbildungsplatz zum/zur Fachinformatiker/in für Anwendungsentwicklung an.
Im Rahmen der dreijährigen Ausbildung wirst Du:
-die Grundlagen betrieblicher Abläufe in einem Softwareunternehmen kennenlernen
-in verschiedenen Rollen und Projektteams eingesetzt und dabei alle Phasen einer Softwareentwicklung von der Angebotserstellung bis zur Auslieferung begleiten
an Planung und Konzeption von individuellen Software-Lösungen mitwirken
Komponenten für Anwendungen programmieren
Benutzeroberflächen und Datenbanken entwerfen und erstellen
mit Kunden interagieren, um Lösungen optimal an deren Bedürfnisse anzupassen
kleinere Projekte selbstständig umsetzen
Was Du mitbringen solltest:
Lernbereitschaft
Freude am Programmieren
Eine schnelle Auffassungsgabe
Eine positive Arbeitseinstellung
Interesse und Spaß an Informationstechnologien
Zuverlässigkeit, Leistungsbereitschaft, Teamfähigkeit und Qualitätsbewusstsein
Was wir Dir bieten:
Einen sicheren Ausbildungsplatz mit der Möglichkeit, auf 2,5 Jahre zu verkürzen, wenn Deine schulischen Leistungen es zulassen; bei erfolgreicher Ausbildung planen wir, Dich anschließend in ein festes, unbefristetes Arbeitsverhältnis zu übernehmen
Attraktive Ausbildungsvergütung
Spannende und abwechslungsreiche Aufgaben
Ein nettes, dynamisches Team in einem sehr angenehmen Arbeitsklima
Flexible Arbeitszeiten (Gleitzeit)
Erfahrene Programmierer, die ihr Wissen an Dich weitergeben
Immer ein offenes Ohr bei Fragen oder Problemen","1.015 €, 1.145 €, 1.280 €",,Ausbildung | Stellendetails zu: Azubi zum/zur Fachinformatiker/in (Anwendungsentwicklung) 2026 (m/w/d),ae,,"Wir bieten ab 01.09.2026 einen Ausbildungsplatz zum/zur Fachinformatiker/in für Anwendungsentwicklung an.
Im Rahmen der dreijährigen Ausbildung wirst Du:
-die Grundlagen betrieblicher Abläufe in einem Softwareunternehmen kennenlernen
-in verschiedenen Rollen und Projektteams eingesetzt und dabei alle Phasen einer Softwareentwicklung von der Angebotserstellung bis zur Auslieferung begleiten
an Planung und Konzeption von individuellen Software-Lösungen mitwirken
Komponenten für Anwendungen programmieren
Benutzeroberflächen und Datenbanken entwerfen und erstellen
mit Kunden interagieren, um Lösungen optimal an deren Bedürfnisse anzupassen
kleinere Projekte selbstständig umsetzen
Was Du mitbringen solltest:
Lernbereitschaft
Freude am Programmieren
Eine schnelle Auffassungsgabe
Eine positive Arbeitseinstellung
Interesse und Spaß an Informationstechnologien
Zuverlässigkeit, Leistungsbereitschaft, Teamfähigkeit und Qualitätsbewusstsein
Was wir Dir bieten:
Einen sicheren Ausbildungsplatz mit der Möglichkeit, auf 2,5 Jahre zu verkürzen, wenn Deine schulischen Leistungen es zulassen; bei erfolgreicher Ausbildung planen wir, Dich anschließend in ein festes, unbefristetes Arbeitsverhältnis zu übernehmen
Attraktive Ausbildungsvergütung
Spannende und abwechslungsreiche Aufgaben
Ein nettes, dynamisches Team in einem sehr angenehmen Arbeitsklima
Flexible Arbeitszeiten (Gleitzeit)
Erfahrene Programmierer, die ihr Wissen an Dich weitergeben
Immer ein offenes Ohr bei Fragen oder Problemen",,,empty,,javascript:,javascript:,javascript:,externe,"Wir schützen die Kontaktdaten des Arbeitgebers vor unerlaubten Zugriffen. Bitte geben Sie die dargestellten Zeichen in das Textfeld ein, um die Kontaktdaten des Arbeitgebers anzuzeigen.
Anderes Bild laden
Audioversion abspielen
Hinweis: Die dargestellten Zeichen enthalten keine Umlaute (ä, ö, ü oder ß), Sonderzeichen oder Leerzeichen.
Dargestellte Zeichen
Absenden
Fußbereich
Stelle betreut durch die BA
Referenz-Nr.: 10000-1206151445-S
Verstoß melden","Auch Studienabbrecher/innen sind ausdrücklich dazu aufgefordert, sich zu bewerben! Wir fordern kein Einser-Zeugnis – Deine Arbeitseinstellung, ein bisschen Ehrgeiz und Freude an persönlicher Weiterentwicklung sind uns wichtiger!
Arbeitsorte
Karte anzeigen
Hauptstr. 29, 83533 Edling bei Wasserburg am Inn
Unternehmensdarstellung: SAWS GmbH & Co. KG EDV-Dienstleistungen
SAWS GmbH & Co. KG EDV-Dienstleistungen
SAWS GmbH & Co. KG ist ein mittelständischer Softwareentwickler, der sich auf die Entwicklung von Schnittstellen spezialisiert hat, um Content-Management-Plattformen mit verschiedensten Zielsystemen zu verbinden. Wir arbeiten für eine Vielzahl von Kunden aus unterschiedlichen Branchen – spannende Projekte gehen uns nie aus!
Alle Stellen anzeigen
Webseiten
Homepage
Informationen zur Bewerbung
Sicherheitsabfrage",,ausbildungsstellen_de,https://www.arbeitsagentur.de/jobsuche/jobdetail/10000-1206151445-S,False,,53,2026,9,2026-09-01,2026-06-13T10:49:34.456636+00:00
ASD-999960000557810067,ausbildungsstellen_ae,Berge & Meer Touristik GmbH,,,,"Stellendetails zu: Ausbildung 2026 - Fachinformatiker/in - Anwendungsentwicklung (m/w/d)

Zuverlässigkeit, Sorgfalt und Verantwortungsbewusstsein runden Dein Profil ab
Worauf Du Dich freuen kannst:
Flexible Arbeitszeiten: Wir schätzen Work-Life-Balance mit 30 Urlaubstagen und flexiblen Arbeitszeiten
Tolle Arbeitsatmosphäre: Dich erwartet eine tolle Arbeitsatmosphäre in einem lockeren und humorvollen aber auch anspruchsvollen und professionellen Team
Praxisnah & Persönlich: Du bekommst eine praxisnahe Ausbildung und Dein Ausbilder oder Deine Ausbilderin sind persönlich für Dich da
Moderner Arbeitsplatz: Bei uns hast Du einen modernen Arbeitsplatz in schöner Lage
Miteinander: Du findest bei uns ein entspanntes Miteinander mit direkter Kommunikation, Wertschätzung und regelmäßigen Teamevents

**Benefits & Extras: **Wir bieten Dir vielseitige Mitarbeiter-Benefits (z.B. Mitarbeiter-Rabatte auf Reisen, VWL-Zuschuss, betriebliche Altersvorsorge, Firmenevents)
Auslandseinsatz: Du darfst in unserem Ferienhotel auf Korsika mitarbeiten
Bereit, mit uns was zu bewegen?
Wir freuen uns auf Dich!",,"Zuverlässigkeit, Sorgfalt und Verantwortungsbewusstsein runden Dein Profil ab
Worauf Du Dich freuen kannst:
Flexible Arbeitszeiten: Wir schätzen Work-Life-Balance mit 30 Urlaubstagen und flexiblen Arbeitszeiten
Tolle Arbeitsatmosphäre: Dich erwartet eine tolle Arbeitsatmosphäre in einem lockeren und humorvollen aber auch anspruchsvollen und professionellen Team
Praxisnah & Persönlich: Du bekommst eine praxisnahe Ausbildung und Dein Ausbilder oder Deine Ausbilderin sind persönlich für Dich da
Moderner Arbeitsplatz: Bei uns hast Du einen modernen Arbeitsplatz in schöner Lage
Miteinander: Du findest bei uns ein entspanntes Miteinander mit direkter Kommunikation, Wertschätzung und regelmäßigen Teamevents",Ausbildung | Stellendetails zu: 2026 - Fachinformatiker/in - Anwendungsentwicklung (m/w/d),ae,,"**Benefits & Extras: **Wir bieten Dir vielseitige Mitarbeiter-Benefits (z.B. Mitarbeiter-Rabatte auf Reisen, VWL-Zuschuss, betriebliche Altersvorsorge, Firmenevents)
Auslandseinsatz: Du darfst in unserem Ferienhotel auf Korsika mitarbeiten
Bereit, mit uns was zu bewegen?
Wir freuen uns auf Dich!",,,empty,,javascript:,javascript:,javascript:,externe,"Ansprechpartnerin: Daniela Benner
Tel.: 02634/960 11 37
Über uns
Freue Dich bei Berge & Meer – Deutschlands führendem Reise-Direktanbieter – auf vielseitige Aufgaben und spannende Herausforderungen mit Feelgood-Charakter. Arbeite bei uns in einem engagierten Team in freundlicher und motivierender Atmosphäre.
**Bewirb Dich jetzt! **Werde ErlebnismacherIn und erfülle mit Neugier und Entdeckergeist die schönsten Urlaubsträume Deiner Kunden und Kundinnen. Wir freuen uns, Dich kennenzulernen!
Mehr anzeigen
Arbeitsorte
Karte anzeigen
Andreestr. 27, 56579 Rengsdorf, Kreis Neuwied
Unternehmensdarstellung: Berge & Meer Touristik GmbH
Berge & Meer Touristik GmbH
Alle Stellen anzeigen
Webseiten
Homepage
Informationen zur Bewerbung
Sicherheitsabfrage
Wir schützen die Kontaktdaten des Arbeitgebers vor unerlaubten Zugriffen. Bitte geben Sie die dargestellten Zeichen in das Textfeld ein, um die Kontaktdaten des Arbeitgebers anzuzeigen.
Anderes Bild laden
Audioversion abspielen
Hinweis: Die dargestellten Zeichen enthalten keine Umlaute (ä, ö, ü oder ß), Sonderzeichen oder Leerzeichen.
Dargestellte Zeichen
Absenden
Fußbereich
Stelle betreut durch die BA
Referenz-Nr.: 10000-1206309927-S
Verstoß melden",,,ausbildungsstellen_de,https://www.arbeitsagentur.de/jobsuche/jobdetail/10000-1206309927-S,False,,47,,,,2026-06-13T10:44:49.435213+00:00
ASD-999960000527277728,ausbildungsstellen_ae,BPEX GmbH,,,,"Stellendetails zu: Ausbildung 2026 zum Fachinformatiker/in Anwendungsentwicklung (m/w/d)

Das solltest du mitbringen:
Einen guten Realschulabschluss oder (Fach-)Abitur
Gute Kenntnisse in Deutsch, Mathematik und Englisch
Erste Erfahrungen in der Programmierung (z. B. objektorientiert)
Grundkenntnisse in Datenbanken (z. B. MySQL, MSSQL) von Vorteil
Interesse an neuen Technologien und Softwareentwicklung
Analytisches Denken und eine strukturierte Arbeitsweise
Teamfähigkeit und Eigeninitiative

Das bieten wir dir:
Eine attraktive Ausbildungsvergütung mit Entwicklung über die Ausbildungsjahre
Persönliche Betreuung und Unterstützung während deiner gesamten Ausbildung
Moderne Arbeitsgeräte – auch für die Berufsschule
Schulungen und Weiterbildungsmöglichkeiten
Ein junges, motiviertes Team mit flachen Hierarchien
Spannende Projekte im Bereich moderner Webtechnologien
Sehr gute Übernahmechancen nach der Ausbildung
Kostenlose Verpflegung (z.B. Brötchen zum Selbstbelegen, Getränke und Obst)
Arbeitsorte
Karte anzeigen
Siemensstr. 23, 76275 Ettlingen
Unternehmensdarstellung: BPEX GmbH
BPEX GmbH
Alle Stellen anzeigen
Informationen zur Bewerbung
Sicherheitsabfrage",,"Das solltest du mitbringen:
Einen guten Realschulabschluss oder (Fach-)Abitur
Gute Kenntnisse in Deutsch, Mathematik und Englisch
Erste Erfahrungen in der Programmierung (z. B. objektorientiert)
Grundkenntnisse in Datenbanken (z. B. MySQL, MSSQL) von Vorteil
Interesse an neuen Technologien und Softwareentwicklung
Analytisches Denken und eine strukturierte Arbeitsweise
Teamfähigkeit und Eigeninitiative",Ausbildung | Stellendetails zu: 2026 zum Fachinformatiker/in Anwendungsentwicklung (m/w/d),ae,,"Das bieten wir dir:
Eine attraktive Ausbildungsvergütung mit Entwicklung über die Ausbildungsjahre
Persönliche Betreuung und Unterstützung während deiner gesamten Ausbildung
Moderne Arbeitsgeräte – auch für die Berufsschule
Schulungen und Weiterbildungsmöglichkeiten
Ein junges, motiviertes Team mit flachen Hierarchien
Spannende Projekte im Bereich moderner Webtechnologien
Sehr gute Übernahmechancen nach der Ausbildung
Kostenlose Verpflegung (z.B. Brötchen zum Selbstbelegen, Getränke und Obst)
Arbeitsorte
Karte anzeigen
Siemensstr. 23, 76275 Ettlingen
Unternehmensdarstellung: BPEX GmbH
BPEX GmbH
Alle Stellen anzeigen
Informationen zur Bewerbung
Sicherheitsabfrage",,,empty,,javascript:,javascript:,javascript:,externe,"Wir schützen die Kontaktdaten des Arbeitgebers vor unerlaubten Zugriffen. Bitte geben Sie die dargestellten Zeichen in das Textfeld ein, um die Kontaktdaten des Arbeitgebers anzuzeigen.
Anderes Bild laden
Audioversion abspielen
Hinweis: Die dargestellten Zeichen enthalten keine Umlaute (ä, ö, ü oder ß), Sonderzeichen oder Leerzeichen.
Dargestellte Zeichen
Absenden
Fußbereich
Stelle betreut durch Arbeitgeber
Referenz-Nr.: 10001-1002988377-S
Verstoß melden",,,ausbildungsstellen_de,https://www.arbeitsagentur.de/jobsuche/jobdetail/10001-1002988377-S,False,,47,,,,2026-06-13T10:44:03.484592+00:00
ASD-999960000567553613,ausbildungsstellen_ae,DATAGROUP Enterprise Services GmbH,,,,"Stellendetails zu: Ausbildung zum Fachinformatiker (all genders) für Anwendungsentwicklung im Bereich SAP 2026

Deine freundliche Art gepaart mit einer guten Prise Humor runden Dein Profil ab

Was wir bieten
Eine Unternehmenskultur, die von Offenheit und Zusammenarbeit geprägt ist. Bei uns herrscht eine vertrauensvolle Arbeitsatmosphäre, und Du kannst sicher sein, dass das Team Dich tatkräftig bei deiner Ausbildung unterstützt
Nach einer entsprechenden Einarbeitungszeit bieten wir Dir bereits während Deiner Ausbildung im gewissen Maß die Möglichkeit zum Mobilen Arbeiten zur Vereinbarkeit von Berufs- und Privatleben an
Darüber hinaus erhältst Du umfangreiche Sozialleistungen wie z.B. eine betriebliche Altersvorsorge, ein JobRad oder diverse Sportangebote
Selbstverständlich findest Du bei uns ein attraktives und modernes Arbeitsumfeld inkl. ergonomischer Arbeitsplätze vor
Du arbeitest in einem jungen Team, in welchem wir flache Hierarchien leben
Arbeitsorte
Karte anzeigen
Beuthener Str. 41, 90471 Nürnberg, Mittelfranken
Unternehmensdarstellung: DATAGROUP Enterprise Services GmbH
DATAGROUP Enterprise Services GmbH
Alle Stellen anzeigen
Informationen zur Bewerbung
Sicherheitsabfrage",,Deine freundliche Art gepaart mit einer guten Prise Humor runden Dein Profil ab,Ausbildung | Stellendetails zu: zum Fachinformatiker (all genders) für Anwendungsentwicklung im Bereich SAP 2026,ae,,"Was wir bieten
Eine Unternehmenskultur, die von Offenheit und Zusammenarbeit geprägt ist. Bei uns herrscht eine vertrauensvolle Arbeitsatmosphäre, und Du kannst sicher sein, dass das Team Dich tatkräftig bei deiner Ausbildung unterstützt
Nach einer entsprechenden Einarbeitungszeit bieten wir Dir bereits während Deiner Ausbildung im gewissen Maß die Möglichkeit zum Mobilen Arbeiten zur Vereinbarkeit von Berufs- und Privatleben an
Darüber hinaus erhältst Du umfangreiche Sozialleistungen wie z.B. eine betriebliche Altersvorsorge, ein JobRad oder diverse Sportangebote
Selbstverständlich findest Du bei uns ein attraktives und modernes Arbeitsumfeld inkl. ergonomischer Arbeitsplätze vor
Du arbeitest in einem jungen Team, in welchem wir flache Hierarchien leben
Arbeitsorte
Karte anzeigen
Beuthener Str. 41, 90471 Nürnberg, Mittelfranken
Unternehmensdarstellung: DATAGROUP Enterprise Services GmbH
DATAGROUP Enterprise Services GmbH
Alle Stellen anzeigen
Informationen zur Bewerbung
Sicherheitsabfrage",,,empty,,javascript:,javascript:,javascript:,externe,"Wir schützen die Kontaktdaten des Arbeitgebers vor unerlaubten Zugriffen. Bitte geben Sie die dargestellten Zeichen in das Textfeld ein, um die Kontaktdaten des Arbeitgebers anzuzeigen.
Anderes Bild laden
Audioversion abspielen
Hinweis: Die dargestellten Zeichen enthalten keine Umlaute (ä, ö, ü oder ß), Sonderzeichen oder Leerzeichen.
Dargestellte Zeichen
Absenden
Fußbereich
Stelle betreut durch die BA
Referenz-Nr.: 10000-1203903059-S
Verstoß melden",,,ausbildungsstellen_de,https://www.arbeitsagentur.de/jobsuche/jobdetail/10000-1203903059-S,False,,47,,,,2026-06-13T10:44:58.750980+00:00
ASD-999960000594115855,ausbildungsstellen_ae,imbus Rheinland GmbH,,,,"Stellendetails zu: Ausbildung Fachinformatiker für Anwendungsentwicklung (m/w/d)

Das erwartet dich
Die Grundwerkzeuge der Informatik sind verschiedene Programmiersprachen. Den Anfang deiner Ausbildung machen das Erlernen und Einsetzen von Programmiersprachen, wie Python und C#. Später kommen noch Tools für die Webentwicklung wie HTML, CSS, JavaScript und PHP dazu.
Zur Informatik gehört mehr als das bloße Programmieren. Du lernst, wie du von der Idee zur fertigen Software kommst. Und wie du diese auf jegliche Schwachstellen testest. Natürlich beginnen wir einfach und werden mit der Zeit immer komplexer.
Nach Beendigung deiner Ausbildung bist du nicht nur Fachinformatiker:in, sondern hast durch Schulungen in unserer Akademie viele relevante Zertifikate, wie den ISTQB® Certified Tester und Agile Tester, erworben.
Um deine Ausbildung praxisnah zu gestalten, wirst du in kürzester Zeit in echten Kundenprojekten mitarbeiten. Selbstverständlich lassen wir dich dabei nicht allein, sondern unterstützen dich beim Einstieg ins spätere Berufsleben.
Die Berufsschule in Köln besuchst du im Teilzeitunterricht an ein bis zwei Tagen pro Woche. Für die Fahrten dorthin übernehmen wir die Kosten des Deutschlandtickets für dich.

Das bringst du mit
Hast du Interesse am Umgang mit Soft- und Hardware und möchtest hinter die IT-Kulissen schauen? Bist du zusätzlich neugierig auf neue Technologien und Methoden? Super!
Deine Stärken liegen im naturwissenschaftlichen Bereich und du hast ein gutes technisches sowie mathematisches Verständnis.
Für uns zählt das Miteinander und wir unterstützen uns gegenseitig. Damit das funktioniert, suchen wir Teamplayer, die nicht davor zurückscheuen, neue Wege mit uns zu gehen.
Kannst du dich gut organisieren und strukturiert arbeiten? Hast du außerdem Lust darauf, ständig Neues zu lernen? Dann passt du perfekt zu uns!
Du sprichst fließend Deutsch (europäische Kompetenzstufe C2) und konntest dir bereits gute Englischkenntnisse (europäische Kompetenzstufe B2) aneignen.

Wir bieten mehr
Flache Hierarchien und Du-Kultur: Vom Vorstand bis zum Azubi, bei imbus steht das herzliche Miteinander und das Du im Vordergrund.
Individuelle Betreuung: Durch fachbezogene Ausbilder:innen steht eine individuelle und intensive Betreuung im Fokus.
Learning on the Job: Durch die Simulation von realen Kundenprojekten können sich unsere Auszubildenden auf die spätere Tätigkeit vorbereiten und wichtige Erfahrungen sammeln.
Veranstaltungen: Bei Firmenveranstaltungen, Sommerfesten, Weihnachtsfeiern oder dem Seminarwochenende kommen unsere Mitarbeitenden zusammen, feiern gemeinsam Erfolge und lernen sich auch standortübergreifend kennen.
Mehr anzeigen
Arbeitsorte
Karte anzeigen
Maternusstr. 44, 50996 Köln
Unternehmensdarstellung: imbus Rheinland GmbH
imbus Rheinland GmbH
Hauptsitz
Möhrendorf
Gründung
1992
Betriebsgröße
400
Tätigkeitsfelder und Schlagworte
SoftwarequalitätITTestautomatisierungSoftwaretestAkademie
imbus sichert die Qualität und die Funktionalität von softwarebasierten Produkten für eine digitalisierte Zukunft!
Wir sorgen dafür, dass Software zuverlässig arbeitet und dass sie leicht und barrierefrei bedienbar ist. Als konstruktiver und erfahrener Begleiter unserer Kunden beraten und unterstützen wir im gesamten Entwicklungsprozess. So helfen wir, Fehler und Schwachstellen zu erkennen und zu beseitigen, bevor daraus Probleme entstehen.
Unsere Vision:
Wir sorgen für Qualität. Mit Leidenschaft und Expertise. Damit funktionierende Software unsere Welt jeden Tag ein wenig besser und sicherer macht.
Wir sind die grüne Heimat von 400 IT-Spezialisten an sechs Standorten in Deutschland und drei Niederlassungen im Ausland. Wir suchen für unsere Standorte jederzeit engagierte und motivierte Mitarbeiter:innen die uns helfen Software besser und sicherer zu machen.
Vorteile für Mitarbeitende
Flexible Arbeitszeiten
Homeoffice / Mobiles Arbeiten
Nachhaltigkeit / Umweltschutz
Firmenevents
Sport- und Gesundheitsangebote
Sonderzahlungen
Weiterbildungen
Betriebliche Altersvorsorge
ÖPNV-Ticket / Job-Ticket
Mitgestaltungsmöglichkeiten
Gute Verkehrsanbindung
Moderne technische Ausstattung
Die abgebildeten Vorteile für Mitarbeitende können je nach Abteilung und Position variieren.
Alle Stellen anzeigenIn neuem Tab öffnen
Webseiten
Homepage
Karriereseite
Social Media Seiten
Informationen zur Bewerbung
Sicherheitsabfrage",,"Das bringst du mit
Hast du Interesse am Umgang mit Soft- und Hardware und möchtest hinter die IT-Kulissen schauen? Bist du zusätzlich neugierig auf neue Technologien und Methoden? Super!
Deine Stärken liegen im naturwissenschaftlichen Bereich und du hast ein gutes technisches sowie mathematisches Verständnis.
Für uns zählt das Miteinander und wir unterstützen uns gegenseitig. Damit das funktioniert, suchen wir Teamplayer, die nicht davor zurückscheuen, neue Wege mit uns zu gehen.
Kannst du dich gut organisieren und strukturiert arbeiten? Hast du außerdem Lust darauf, ständig Neues zu lernen? Dann passt du perfekt zu uns!
Du sprichst fließend Deutsch (europäische Kompetenzstufe C2) und konntest dir bereits gute Englischkenntnisse (europäische Kompetenzstufe B2) aneignen.",Ausbildung | Stellendetails zu: Fachinformatiker für Anwendungsentwicklung (m/w/d),ae,,"Wir bieten mehr
Flache Hierarchien und Du-Kultur: Vom Vorstand bis zum Azubi, bei imbus steht das herzliche Miteinander und das Du im Vordergrund.
Individuelle Betreuung: Durch fachbezogene Ausbilder:innen steht eine individuelle und intensive Betreuung im Fokus.
Learning on the Job: Durch die Simulation von realen Kundenprojekten können sich unsere Auszubildenden auf die spätere Tätigkeit vorbereiten und wichtige Erfahrungen sammeln.
Veranstaltungen: Bei Firmenveranstaltungen, Sommerfesten, Weihnachtsfeiern oder dem Seminarwochenende kommen unsere Mitarbeitenden zusammen, feiern gemeinsam Erfolge und lernen sich auch standortübergreifend kennen.
Mehr anzeigen
Arbeitsorte
Karte anzeigen
Maternusstr. 44, 50996 Köln
Unternehmensdarstellung: imbus Rheinland GmbH
imbus Rheinland GmbH
Hauptsitz
Möhrendorf
Gründung
1992
Betriebsgröße
400
Tätigkeitsfelder und Schlagworte
SoftwarequalitätITTestautomatisierungSoftwaretestAkademie
imbus sichert die Qualität und die Funktionalität von softwarebasierten Produkten für eine digitalisierte Zukunft!
Wir sorgen dafür, dass Software zuverlässig arbeitet und dass sie leicht und barrierefrei bedienbar ist. Als konstruktiver und erfahrener Begleiter unserer Kunden beraten und unterstützen wir im gesamten Entwicklungsprozess. So helfen wir, Fehler und Schwachstellen zu erkennen und zu beseitigen, bevor daraus Probleme entstehen.
Unsere Vision:
Wir sorgen für Qualität. Mit Leidenschaft und Expertise. Damit funktionierende Software unsere Welt jeden Tag ein wenig besser und sicherer macht.
Wir sind die grüne Heimat von 400 IT-Spezialisten an sechs Standorten in Deutschland und drei Niederlassungen im Ausland. Wir suchen für unsere Standorte jederzeit engagierte und motivierte Mitarbeiter:innen die uns helfen Software besser und sicherer zu machen.
Vorteile für Mitarbeitende
Flexible Arbeitszeiten
Homeoffice / Mobiles Arbeiten
Nachhaltigkeit / Umweltschutz
Firmenevents
Sport- und Gesundheitsangebote
Sonderzahlungen
Weiterbildungen
Betriebliche Altersvorsorge
ÖPNV-Ticket / Job-Ticket
Mitgestaltungsmöglichkeiten
Gute Verkehrsanbindung
Moderne technische Ausstattung
Die abgebildeten Vorteile für Mitarbeitende können je nach Abteilung und Position variieren.
Alle Stellen anzeigenIn neuem Tab öffnen
Webseiten
Homepage
Karriereseite
Social Media Seiten
Informationen zur Bewerbung
Sicherheitsabfrage",,,empty,,javascript:,javascript:,javascript:,externe,"Wir schützen die Kontaktdaten des Arbeitgebers vor unerlaubten Zugriffen. Bitte geben Sie die dargestellten Zeichen in das Textfeld ein, um die Kontaktdaten des Arbeitgebers anzuzeigen.
Anderes Bild laden
Audioversion abspielen
Hinweis: Die dargestellten Zeichen enthalten keine Umlaute (ä, ö, ü oder ß), Sonderzeichen oder Leerzeichen.
Dargestellte Zeichen
Absenden
Fußbereich
Stelle betreut durch die BA
Referenz-Nr.: 10001-1002046214-S
Verstoß melden
© Bundesagentur für Arbeit 2026
Impressum
Information & Hilfe
Datenschutz
Rechtliche Hinweise
Erklärung zur Barrierefreiheit
Barrieren melden",,,ausbildungsstellen_de,https://www.arbeitsagentur.de/jobsuche/jobdetail/10001-1002046214-S,False,,47,,,,2026-06-13T10:45:25.978890+00:00
ASD-999960000552403959,ausbildungsstellen_ae,Langmatz GmbH,,,,"Stellendetails zu: Ausbildung 2026! Fachinformatiker (m/w/d) Systemintegration

Wir bieten zum 01.09.2026 einen Ausbildungsplatz zum
Fachinformatiker (m/w/d) für Systemintegration
Voraussetzung: gute Mittlere Reife
Einsatzort: Garmisch-Partenkirchen und Oberau
Die Tätigkeit im Überblick
Fachinformatiker (m/w/d) der Fachrichtung Systemintegration realisieren kundenspezifische Informations-und Kommunikationslösungen. Hierfür vernetzen sie Hard- und Softwarekomponenten zu komplexen Systemen. Daneben beraten und schulen sie Benutzer.
Fachinformatiker (m/w/d) der Fachrichtung Systemintegration arbeiten in
Unternehmen unterschiedlicher Wirtschaftsbereiche, v.a. aber in der IT-Branche.
Die Ausbildung im Überblick
Fachinformatiker (m/w/d) ist ein anerkannter Ausbildungsberuf nach dem Berufsbildungsgesetz (BBiG).
Diese bundesweit geregelte 3-jährige Ausbildung wird in Unternehmen der IT-Branche bzw. in IT-Abteilungen von Unternehmen in den folgenden Fachrichtungen angeboten:
• Anwendungsentwicklung
• Systemintegration
Haben wir Ihr Interesse geweckt ? Dann freuen wir uns auf Ihre Bewerbung an
Frau Angelika Schubert
Personalabteilung
Langmatz GmbH
Am Gschwend 10
Bewerbung@langmatz.de
Arbeitsorte
Karte anzeigen
Alte Ettaler Str. 10, 82496 Oberau, Loisach
Am Gschwend 10, 82467 Garmisch-Partenkirchen
Unternehmensdarstellung: Langmatz GmbH
Langmatz GmbH
Alle Stellen anzeigen
Webseiten
Homepage
Informationen zur Bewerbung
Sicherheitsabfrage",,,Ausbildung | Stellendetails zu: 2026! Fachinformatiker (m/w/d) Systemintegration,ae,,"Wir bieten zum 01.09.2026 einen Ausbildungsplatz zum
Fachinformatiker (m/w/d) für Systemintegration
Voraussetzung: gute Mittlere Reife
Einsatzort: Garmisch-Partenkirchen und Oberau
Die Tätigkeit im Überblick
Fachinformatiker (m/w/d) der Fachrichtung Systemintegration realisieren kundenspezifische Informations-und Kommunikationslösungen. Hierfür vernetzen sie Hard- und Softwarekomponenten zu komplexen Systemen. Daneben beraten und schulen sie Benutzer.
Fachinformatiker (m/w/d) der Fachrichtung Systemintegration arbeiten in
Unternehmen unterschiedlicher Wirtschaftsbereiche, v.a. aber in der IT-Branche.
Die Ausbildung im Überblick
Fachinformatiker (m/w/d) ist ein anerkannter Ausbildungsberuf nach dem Berufsbildungsgesetz (BBiG).
Diese bundesweit geregelte 3-jährige Ausbildung wird in Unternehmen der IT-Branche bzw. in IT-Abteilungen von Unternehmen in den folgenden Fachrichtungen angeboten:
• Anwendungsentwicklung
• Systemintegration
Haben wir Ihr Interesse geweckt ? Dann freuen wir uns auf Ihre Bewerbung an
Frau Angelika Schubert
Personalabteilung
Langmatz GmbH
Am Gschwend 10
Bewerbung@langmatz.de
Arbeitsorte
Karte anzeigen
Alte Ettaler Str. 10, 82496 Oberau, Loisach
Am Gschwend 10, 82467 Garmisch-Partenkirchen
Unternehmensdarstellung: Langmatz GmbH
Langmatz GmbH
Alle Stellen anzeigen
Webseiten
Homepage
Informationen zur Bewerbung
Sicherheitsabfrage",,,empty,Bewerbung@langmatz.de,javascript:,javascript:,javascript:,externe,"Wir schützen die Kontaktdaten des Arbeitgebers vor unerlaubten Zugriffen. Bitte geben Sie die dargestellten Zeichen in das Textfeld ein, um die Kontaktdaten des Arbeitgebers anzuzeigen.
Anderes Bild laden
Audioversion abspielen
Hinweis: Die dargestellten Zeichen enthalten keine Umlaute (ä, ö, ü oder ß), Sonderzeichen oder Leerzeichen.
Dargestellte Zeichen
Absenden
Fußbereich
Stelle betreut durch die BA
Referenz-Nr.: 10001-1001612879-S
Verstoß melden",,,ausbildungsstellen_de,https://www.arbeitsagentur.de/jobsuche/jobdetail/10001-1001612879-S,False,,47,2026,9,2026-09-01,2026-06-13T10:44:30.956241+00:00
ASD-999960000556261300,ausbildungsstellen_ae,LM IT Services AG,,,,"Stellendetails zu: Ausbildung zum Fachinformatiker (m/w/d) Fachrichtung Anwendungsentwicklung

Deine Aufgaben
Einarbeitung in alle Aspekte der Software- und Web-Entwicklung – mit Schwerpunkt auf Prozessdigitalisierung und Prozessautomatisierung
Unterstützung unseres internationalen Power Platform-Teams bei der Umsetzung komplexer Projekte
Entwicklung und Optimierung von Softwarelösungen im Bereich der Microsoft-Technologien
Mitwirkung bei der Integration automatisierter Workflows und digitaler Prozesse
Eigenverantwortliches Einbringen von Ideen, kontinuierliches Lernen und persönliche Weiterentwicklung

Dein Profil
Du verfügst über die Mittlere Reife, Fachhochschulreife, Abitur oder einen vergleichbaren Abschluss.
IT und neue Technologien wecken dein Interesse.
Du hast dein Interesse bereits in kleineren Praxisprojekten umgesetzt.
Du bist verantwortungsbewusst, dynamisch, flexibel und hast Spaß daran, im Team zu arbeiten.
Du beherrschst die deutsche Sprache fließend in Wort und Schrift und verfügst zudem über sehr gute Englischkenntnisse.
Benefits
Hohe Übernahmechancen: Wir bilden unsere eigenen Fachkräfte aus.
Ein starkes, kollegiales Arbeitsumfeld: Bei uns wird Teamarbeit großgeschrieben. Ein respektvolles Miteinander und gegenseitige Unterstützung sind der Schlüssel zu unserem Erfolg.
Arbeiten in einem internationalen Team: Freue dich auf die Zusammenarbeit mit Kollegen aus der ganzen Welt und die Möglichkeit, globales Know-how zu sammeln.

Flexible Arbeitszeitmodelle: Wir bieten dir die Freiheit, deine Arbeitszeit so zu gestalten, dass sie zu deinem Leben passt – für die perfekte Work-Life-Balance.
Offene Kommunikation und flache Hierarchien: Bei uns ist jede Stimme wichtig! Wir pflegen eine Kultur der Offenheit und direkte Kommunikation, in der Ideen und Anregungen stets willkommen sind.
Spannende internationale Mandanten: Arbeite an herausfordernden Projekten und betreuen anspruchsvolle, internationale Kunden, die deine Expertise schätzen.
Frisches, ausgewogenes Essen in unserer Kantine: Genieße gesunde Mahlzeiten, die täglich frisch zubereitet werden – perfekt, um neue Energie zu tanken.
Kostenfreie Getränke: Wasser, Kaffee, Tee und mehr – bei uns stehen dir jederzeit kostenfreie Getränke zur Verfügung.
Zusammenkommen in unserer hauseigenen Bar: Verbringe nach Feierabend entspannte Stunden in unserer Bar und tausche dich in lockerer Atmosphäre aus.
Team Events und Firmenfeiern: Wir feiern gemeinsam! Ob Teamevents oder größere Feiern – bei uns wird der Teamgeist gepflegt und Spaß kommt nicht zu kurz.
Gesundheitsförderung durch Mitgliedschaft im Fitnessverbund: Bleib fit! Profitiere von unserer Mitgliedschaft im Fitnessverbund und tue etwas Gutes für Ihre Gesundheit.
Mehr anzeigen
Arbeitsorte
Karte anzeigen
Rheiner Landstr. 189, 49078 Osnabrück
Unternehmensdarstellung: LM IT Services AG
LM IT Services AG
Die LM IT Services AG aus Osnabrück, blickt mittlerweile auf über 30 Jahre Erfahrung im Bereich der IT-Dienstleistungen zurück. Wir kombinieren seit jeher technisches Know-how, Kreativität und Innovationskraft, um maßgeschneiderte IT-Lösungen für Unternehmen zu entwickeln, die den Erfolg unserer Kunden nachhaltig steigern. Als führendes IT-Unternehmen in Osnabrück legen wir besonderen Wert auf einen ganzheitlichen Ansatz – mit modernen Technologien und einem starken Fokus auf den Menschen.
Unsere Vision
Wir inspirieren und befähigen Unternehmen in Osnabrück und darüber hinaus, das volle Potenzial der Digitalisierung auszuschöpfen. Mit einem klaren Bekenntnis zu Respekt, Fairness und Teamarbeit schaffen wir eine vertrauensvolle Zusammenarbeit mit unseren Kunden und Partnern.
Unsere Mission
Durch die Kombination modernster digitaler Technologien steigern wir messbar den Erfolg unserer Kunden und ermöglichen eine nachhaltige digitale Transformation. Als Ihr** IT-Dienstleister aus Osnabrück** bieten wir maßgeschneiderte Lösungen, die auf Ihre individuellen Bedürfnisse abgestimmt sind.
Vorteile für Mitarbeitende
Mentorenprogramm/Coaching
Kinderbetreuung
Flexible Arbeitszeiten
Homeoffice / Mobiles Arbeiten
Nachhaltigkeit / Umweltschutz
Firmenevents
Rabatte für Mitarbeitende
Sport- und Gesundheitsangebote
Weiterbildungen
Betriebliche Altersvorsorge
Kantine
Hunde erlaubt
Mitgestaltungsmöglichkeiten
Parkmöglichkeiten
Gute Verkehrsanbindung
Moderne technische Ausstattung
Die abgebildeten Vorteile für Mitarbeitende können je nach Abteilung und Position variieren.
Alle Stellen anzeigenIn neuem Tab öffnen
Webseiten
Homepage
Informationen zur Bewerbung
Sicherheitsabfrage",,"Dein Profil
Du verfügst über die Mittlere Reife, Fachhochschulreife, Abitur oder einen vergleichbaren Abschluss.
IT und neue Technologien wecken dein Interesse.
Du hast dein Interesse bereits in kleineren Praxisprojekten umgesetzt.
Du bist verantwortungsbewusst, dynamisch, flexibel und hast Spaß daran, im Team zu arbeiten.
Du beherrschst die deutsche Sprache fließend in Wort und Schrift und verfügst zudem über sehr gute Englischkenntnisse.
Benefits
Hohe Übernahmechancen: Wir bilden unsere eigenen Fachkräfte aus.
Ein starkes, kollegiales Arbeitsumfeld: Bei uns wird Teamarbeit großgeschrieben. Ein respektvolles Miteinander und gegenseitige Unterstützung sind der Schlüssel zu unserem Erfolg.
Arbeiten in einem internationalen Team: Freue dich auf die Zusammenarbeit mit Kollegen aus der ganzen Welt und die Möglichkeit, globales Know-how zu sammeln.",Ausbildung | Stellendetails zu: zum Fachinformatiker (m/w/d) Fachrichtung Anwendungsentwicklung,ae,,"Flexible Arbeitszeitmodelle: Wir bieten dir die Freiheit, deine Arbeitszeit so zu gestalten, dass sie zu deinem Leben passt – für die perfekte Work-Life-Balance.
Offene Kommunikation und flache Hierarchien: Bei uns ist jede Stimme wichtig! Wir pflegen eine Kultur der Offenheit und direkte Kommunikation, in der Ideen und Anregungen stets willkommen sind.
Spannende internationale Mandanten: Arbeite an herausfordernden Projekten und betreuen anspruchsvolle, internationale Kunden, die deine Expertise schätzen.
Frisches, ausgewogenes Essen in unserer Kantine: Genieße gesunde Mahlzeiten, die täglich frisch zubereitet werden – perfekt, um neue Energie zu tanken.
Kostenfreie Getränke: Wasser, Kaffee, Tee und mehr – bei uns stehen dir jederzeit kostenfreie Getränke zur Verfügung.
Zusammenkommen in unserer hauseigenen Bar: Verbringe nach Feierabend entspannte Stunden in unserer Bar und tausche dich in lockerer Atmosphäre aus.
Team Events und Firmenfeiern: Wir feiern gemeinsam! Ob Teamevents oder größere Feiern – bei uns wird der Teamgeist gepflegt und Spaß kommt nicht zu kurz.
Gesundheitsförderung durch Mitgliedschaft im Fitnessverbund: Bleib fit! Profitiere von unserer Mitgliedschaft im Fitnessverbund und tue etwas Gutes für Ihre Gesundheit.
Mehr anzeigen
Arbeitsorte
Karte anzeigen
Rheiner Landstr. 189, 49078 Osnabrück
Unternehmensdarstellung: LM IT Services AG
LM IT Services AG
Die LM IT Services AG aus Osnabrück, blickt mittlerweile auf über 30 Jahre Erfahrung im Bereich der IT-Dienstleistungen zurück. Wir kombinieren seit jeher technisches Know-how, Kreativität und Innovationskraft, um maßgeschneiderte IT-Lösungen für Unternehmen zu entwickeln, die den Erfolg unserer Kunden nachhaltig steigern. Als führendes IT-Unternehmen in Osnabrück legen wir besonderen Wert auf einen ganzheitlichen Ansatz – mit modernen Technologien und einem starken Fokus auf den Menschen.
Unsere Vision
Wir inspirieren und befähigen Unternehmen in Osnabrück und darüber hinaus, das volle Potenzial der Digitalisierung auszuschöpfen. Mit einem klaren Bekenntnis zu Respekt, Fairness und Teamarbeit schaffen wir eine vertrauensvolle Zusammenarbeit mit unseren Kunden und Partnern.
Unsere Mission
Durch die Kombination modernster digitaler Technologien steigern wir messbar den Erfolg unserer Kunden und ermöglichen eine nachhaltige digitale Transformation. Als Ihr** IT-Dienstleister aus Osnabrück** bieten wir maßgeschneiderte Lösungen, die auf Ihre individuellen Bedürfnisse abgestimmt sind.
Vorteile für Mitarbeitende
Mentorenprogramm/Coaching
Kinderbetreuung
Flexible Arbeitszeiten
Homeoffice / Mobiles Arbeiten
Nachhaltigkeit / Umweltschutz
Firmenevents
Rabatte für Mitarbeitende
Sport- und Gesundheitsangebote
Weiterbildungen
Betriebliche Altersvorsorge
Kantine
Hunde erlaubt
Mitgestaltungsmöglichkeiten
Parkmöglichkeiten
Gute Verkehrsanbindung
Moderne technische Ausstattung
Die abgebildeten Vorteile für Mitarbeitende können je nach Abteilung und Position variieren.
Alle Stellen anzeigenIn neuem Tab öffnen
Webseiten
Homepage
Informationen zur Bewerbung
Sicherheitsabfrage",,,empty,,javascript:,javascript:,javascript:,externe,"Wir schützen die Kontaktdaten des Arbeitgebers vor unerlaubten Zugriffen. Bitte geben Sie die dargestellten Zeichen in das Textfeld ein, um die Kontaktdaten des Arbeitgebers anzuzeigen.
Anderes Bild laden
Audioversion abspielen
Hinweis: Die dargestellten Zeichen enthalten keine Umlaute (ä, ö, ü oder ß), Sonderzeichen oder Leerzeichen.
Dargestellte Zeichen
Absenden
Fußbereich
Stelle betreut durch die BA
Referenz-Nr.: 10001-1002379785-S
Verstoß melden",,,ausbildungsstellen_de,https://www.arbeitsagentur.de/jobsuche/jobdetail/10001-1002379785-S,False,,47,,,,2026-06-13T10:44:42.951780+00:00
ASD-999960000483370931,ausbildungsstellen_ae,Minebea Intec Aachen GmbH & Co. KG,,,,"Stellendetails zu: Ausbildung zum Fachinformatiker für Anwendungsentwicklung (m/w/d)

Das bringst Du mit:
Einen sehr guten Realschulabschluss oder Abitur mit guten Noten in Mathematik, Informatik und Englisch
Idealerweise konntest du erste Erfahrungen mit Programmiersprachen wie Python, C#, C++ oder Java sammeln
Teamgeist, analytisches Denken, Flexibilität und Neugierde
Du arbeitest sorgfältig und Qualität ist für dich kein Fremdwort
Die Fähigkeit, eigenständig, strukturiert und präzise zu arbeiten sowie eigene Ideen einzubringen
Das bringen wir mit:
Eine fundierte, praxisorientierte Ausbildung mit persönlicher, intensiver Betreuung
Ein tolles, familiäres Team
Vielfältige Entwicklungsmöglichkeiten und die Chance, eigene Ideen einzubringen und umzusetzen
Einsätze an unseren Standorten in Hamburg und Bovenden sind möglich
Ein familienfreundliches Unternehmen mit einem flexiblen Arbeitszeitsystem und 30 Urlaubstagen
Eine attraktive Ausbildungsvergütung nach Metalltarifvertrag
Arbeitsorte
Karte anzeigen
Am Gut Wolf 11, 52070 Aachen
Unternehmensdarstellung: Minebea Intec Aachen GmbH & Co. KG
Minebea Intec Aachen GmbH & Co. KG
Alle Stellen anzeigen
Webseiten
Homepage
Informationen zur Bewerbung
Sicherheitsabfrage

Darauf kannst Du Dich freuen:
Du entwickelst und programmierst spannende Softwarelösungen sowie anwendungsgerechte Bedienoberflächen für unsere Produkte und Geräte
Dein Einsatz trägt dazu bei, dass unsere Produkte noch intuitiver zu bedienen sind
Du nimmst Softwareanwendungen in Betrieb und kümmerst dich um die Installation auf verschiedenen Systemen
Zu deinem Aufgabengebiet gehören auch die regelmäßige Aktualisierung und Wartung unserer Softwareprodukte
Du erhältst umfangreiche Einblicke in verschiedene Bereiche der Softwareentwicklung und unterschiedliche Technologien
Wir binden dich in spannende Projekte ein, für die optimale Verzahnung von Theorie und Praxis
Du übernimmst eigenverantwortliche betriebsinterne Projekte gemeinsam mit anderen Auszubildenden",,"Das bringst Du mit:
Einen sehr guten Realschulabschluss oder Abitur mit guten Noten in Mathematik, Informatik und Englisch
Idealerweise konntest du erste Erfahrungen mit Programmiersprachen wie Python, C#, C++ oder Java sammeln
Teamgeist, analytisches Denken, Flexibilität und Neugierde
Du arbeitest sorgfältig und Qualität ist für dich kein Fremdwort
Die Fähigkeit, eigenständig, strukturiert und präzise zu arbeiten sowie eigene Ideen einzubringen
Das bringen wir mit:
Eine fundierte, praxisorientierte Ausbildung mit persönlicher, intensiver Betreuung
Ein tolles, familiäres Team
Vielfältige Entwicklungsmöglichkeiten und die Chance, eigene Ideen einzubringen und umzusetzen
Einsätze an unseren Standorten in Hamburg und Bovenden sind möglich
Ein familienfreundliches Unternehmen mit einem flexiblen Arbeitszeitsystem und 30 Urlaubstagen
Eine attraktive Ausbildungsvergütung nach Metalltarifvertrag
Arbeitsorte
Karte anzeigen
Am Gut Wolf 11, 52070 Aachen
Unternehmensdarstellung: Minebea Intec Aachen GmbH & Co. KG
Minebea Intec Aachen GmbH & Co. KG
Alle Stellen anzeigen
Webseiten
Homepage
Informationen zur Bewerbung
Sicherheitsabfrage",Ausbildung | Stellendetails zu: zum Fachinformatiker für Anwendungsentwicklung (m/w/d),ae,,"Darauf kannst Du Dich freuen:
Du entwickelst und programmierst spannende Softwarelösungen sowie anwendungsgerechte Bedienoberflächen für unsere Produkte und Geräte
Dein Einsatz trägt dazu bei, dass unsere Produkte noch intuitiver zu bedienen sind
Du nimmst Softwareanwendungen in Betrieb und kümmerst dich um die Installation auf verschiedenen Systemen
Zu deinem Aufgabengebiet gehören auch die regelmäßige Aktualisierung und Wartung unserer Softwareprodukte
Du erhältst umfangreiche Einblicke in verschiedene Bereiche der Softwareentwicklung und unterschiedliche Technologien
Wir binden dich in spannende Projekte ein, für die optimale Verzahnung von Theorie und Praxis
Du übernimmst eigenverantwortliche betriebsinterne Projekte gemeinsam mit anderen Auszubildenden",,,empty,,javascript:,javascript:,javascript:,externe,"Wir schützen die Kontaktdaten des Arbeitgebers vor unerlaubten Zugriffen. Bitte geben Sie die dargestellten Zeichen in das Textfeld ein, um die Kontaktdaten des Arbeitgebers anzuzeigen.
Anderes Bild laden
Audioversion abspielen
Hinweis: Die dargestellten Zeichen enthalten keine Umlaute (ä, ö, ü oder ß), Sonderzeichen oder Leerzeichen.
Dargestellte Zeichen
Absenden
Fußbereich
Stelle betreut durch die BA
Referenz-Nr.: 10001-1002113809-S
Verstoß melden",,,ausbildungsstellen_de,https://www.arbeitsagentur.de/jobsuche/jobdetail/10001-1002113809-S,False,,47,,,,2026-06-13T10:43:13.684209+00:00
ASD-999960000557430298,ausbildungsstellen_ae,Schnell media GmbH & Co. KG,,,,Stellendetails zu: Ausbildung 2026 - FACHINFORMATIKER (w/m/d) - Anwendungsentwicklung,,,Ausbildung | Stellendetails zu: 2026 - FACHINFORMATIKER (w/m/d) - Anwendungsentwicklung,ae,,,,,empty,bewerbung@schnellmedia.com,javascript:,javascript:,javascript:,externe,"Wir schützen die Kontaktdaten des Arbeitgebers vor unerlaubten Zugriffen. Bitte geben Sie die dargestellten Zeichen in das Textfeld ein, um die Kontaktdaten des Arbeitgebers anzuzeigen.
Anderes Bild laden
Audioversion abspielen
Hinweis: Die dargestellten Zeichen enthalten keine Umlaute (ä, ö, ü oder ß), Sonderzeichen oder Leerzeichen.
Dargestellte Zeichen
Absenden
Fußbereich
Stelle betreut durch die BA
Referenz-Nr.: 10000-1204607833-S
Verstoß melden","Schicke uns einfach deine vollständigen Bewerbungsunterlagen (Anschreiben, Lebenslauf, Zeugnisse, eventuell auch Arbeitsproben) per E-Mail an bewerbung@schnellmedia.com.
Wir freuen uns, dass du neugierig bist und noch mehr wissen möchtest. Rufe uns einfach unter
+49 (0) 2564 / 3922-0
Arbeitsorte
Karte anzeigen
Heinrich-Hertz-Str. 2, 48691 Vreden
Unternehmensdarstellung: Schnell media GmbH & Co. KG
Schnell media GmbH & Co. KG
Hauptsitz
Vreden
Gründung
2002
Wir sind schnell. Wir sind orange. Wir sind bunt. Wir sind laut und leise. Wir lieben, was wir tun und leisten täglich einen wichtigen Beitrag zum Erfolg unserer Kunden. Dabei schaffen wir Qualität und gehören zu den führenden Medien- und IT-Dienstleistern in Europa. Von Deutschland und unseren Standorten in Asien aus beraten und unterstützen wir internationale Kunden aus den Branchen Werbung, Fotografie, Handel und Industrie. SCHNELLMEDIA steht für Know-how und Zukunft. Unsere Leidenschaft gehört der professionellen Bildbearbeitung, der Online- und Printproduktion sowie der fotorealistischen 3D Visualisierung.
Wir sind SCHNELLMEDIA und haben noch viel vor.
Alle Stellen anzeigenIn neuem Tab öffnen
Webseiten
Homepage
Informationen zur Bewerbung
Sicherheitsabfrage",,ausbildungsstellen_de,https://www.arbeitsagentur.de/jobsuche/jobdetail/10000-1204607833-S,False,,47,,,,2026-06-13T10:44:46.043187+00:00
ASD-999960000518837405,ausbildungsstellen_ae,SIRUP GmbH,,,,"Stellendetails zu: Ausbildung zum Fachinformatiker/in für Anwendungsentwicklung (w/m/d)

Wir bieten Dir:
Agiles Arbeiten, inspirierendes Arbeitsumfeld, abwechslungsreiche Projekte, spannende Kunden
Qualifizierte und fundierte Ausbildung im Rotationsprinzip durch alle Bereiche unserer Entwicklung
Mentoring durch erfahrene Entwickler-Kolleg:innen
Nach Ausbildungsabschluss Option zur Übernahme als Junior-Entwickler:in
Harmonisches und multidisziplinäres Team aus motivierten Leuten, die sich gegenseitig unterstützen und ergänzen
Flexible (remote) Arbeitszeiten, Raum für neue Ideen, ein offenes Umfeld mit flachen Hierarchien und Entwicklungsmöglichkeiten
Nachhaltigkeit in allen Aspekten unserer Zusammenarbeit
Teamevents, Bio-Snacks und Drinks, Geburtstagskuchen, moderner Arbeitsplatz in schönem Loft in Berlin Mitte
Übrigens: SIRUP ist eine „Top Company” und „Top Arbeitgeber Mittelstand”. Mehr dazu auf unserem kununu-Profil.
Was Du mitbringen solltest:
Einen guten Schulabschluss (mindestens Fachhochschulreife), Fokus auf MINT-Fächer oder auch ein abgebrochenes Studium ist willkommen
Idealerweise erste Erfahrungen in der IT durch Praktika oder Nebenjobs bzw. erste Kenntnisse in einer Programmiersprache
Begeisterung und Neugier für innovative Ideen, Methoden, Technologien und Lust, dein Wissen darüber auszubauen
Gute Deutschkenntnisse, idealerweise C1
Attitude before skills!",,,Ausbildung | Stellendetails zu: zum Fachinformatiker/in für Anwendungsentwicklung (w/m/d),ae,,"Wir bieten Dir:
Agiles Arbeiten, inspirierendes Arbeitsumfeld, abwechslungsreiche Projekte, spannende Kunden
Qualifizierte und fundierte Ausbildung im Rotationsprinzip durch alle Bereiche unserer Entwicklung
Mentoring durch erfahrene Entwickler-Kolleg:innen
Nach Ausbildungsabschluss Option zur Übernahme als Junior-Entwickler:in
Harmonisches und multidisziplinäres Team aus motivierten Leuten, die sich gegenseitig unterstützen und ergänzen
Flexible (remote) Arbeitszeiten, Raum für neue Ideen, ein offenes Umfeld mit flachen Hierarchien und Entwicklungsmöglichkeiten
Nachhaltigkeit in allen Aspekten unserer Zusammenarbeit
Teamevents, Bio-Snacks und Drinks, Geburtstagskuchen, moderner Arbeitsplatz in schönem Loft in Berlin Mitte
Übrigens: SIRUP ist eine „Top Company” und „Top Arbeitgeber Mittelstand”. Mehr dazu auf unserem kununu-Profil.
Was Du mitbringen solltest:
Einen guten Schulabschluss (mindestens Fachhochschulreife), Fokus auf MINT-Fächer oder auch ein abgebrochenes Studium ist willkommen
Idealerweise erste Erfahrungen in der IT durch Praktika oder Nebenjobs bzw. erste Kenntnisse in einer Programmiersprache
Begeisterung und Neugier für innovative Ideen, Methoden, Technologien und Lust, dein Wissen darüber auszubauen
Gute Deutschkenntnisse, idealerweise C1
Attitude before skills!",,,empty,,javascript:,javascript:,javascript:,externe,"Wir schützen die Kontaktdaten des Arbeitgebers vor unerlaubten Zugriffen. Bitte geben Sie die dargestellten Zeichen in das Textfeld ein, um die Kontaktdaten des Arbeitgebers anzuzeigen.
Anderes Bild laden
Audioversion abspielen
Hinweis: Die dargestellten Zeichen enthalten keine Umlaute (ä, ö, ü oder ß), Sonderzeichen oder Leerzeichen.
Dargestellte Zeichen
Absenden
Fußbereich
Stelle betreut durch die BA
Referenz-Nr.: 10000-1205730363-S
Verstoß melden","Wir wissen, dass niemand perfekt ist. Uns geht es nicht darum, dass Du hiervon wirklich schon alles erfüllst. Aber wenn Du Dich in dieser Beschreibung generell wiederfindest, sende uns gerne Deine Unterlagen. Wir freuen uns darauf, Dich kennen zu lernen!
Ja, ich will!
Wir sind eine inhabergeführte Agentur für Digitale Transformation, E-Business und Digital Branding. Erfolgreich seit 2002 in Berlin.
SIRUP sind rund 20 Kreative, Spezialisten, Enthusiasten und Nerds. Wir leben digitale Kultur aus Überzeugung. Wir sind neugierig, arbeiten interdisziplinär und für unsere Klienten sind wir eine agile Taskforce, die individuelle und rasante Lösungen ermöglicht. Den Alltag von Menschen zu bereichern ist unsere Mission. Unsere digitalen Lösungen vereinfachen Abläufe, transportieren Markenbotschaften und erzeugen (Nutzer-)Erlebnisse, die Spaß machen.
Mit dieser Inspiration und großer Erfahrung schaffen wir für unsere Kunden Relevanz und eine nachhaltige Wertschöpfung. Und mit den drei Units Beratung, Kreation und Development inhouse liefern wir ein Projekt komplett aus einer Hand. Große Dynamik ist der Vorteil: kurze Abstimmungswege, agile Produktionsprozesse, elanvolles Schaffen!
Haben wir Dein Interesse geweckt? Dann schicke uns Deine vollständigen Bewerbungsunterlagen als PDF über unser Stellenangebot auf sirup.com.
Mehr anzeigen
Arbeitsorte
Karte anzeigen
Brunnenstr. 181, 10119 Berlin
Unternehmensdarstellung: SIRUP GmbH
SIRUP GmbH
Wir sind eine inhabergeführte Agentur für Digitale Transformation, E-Business und Digital Branding. Erfolgreich seit 2002 in Berlin.
SIRUP sind rund 20 Kreative, Spezialisten, Enthusiasten und Nerds. Wir leben digitale Kultur aus Überzeugung. Wir sind neugierig, arbeiten interdisziplinär und für unsere Klienten sind wir eine agile Taskforce, die individuelle und rasante Lösungen ermöglicht.
Den Alltag von Menschen zu bereichern ist unsere Mission. Unsere digitalen Lösungen vereinfachen Abläufe, transportieren Markenbotschaften und erzeugen (Nutzer-)Erlebnisse, die Spaß machen.
Alle Stellen anzeigen
Webseiten
Homepage
Informationen zur Bewerbung
Sicherheitsabfrage",,ausbildungsstellen_de,https://www.arbeitsagentur.de/jobsuche/jobdetail/10000-1205730363-S,False,,47,,,,2026-06-13T10:43:47.362721+00:00
ASD-990610003161465079,ausbildungsstellen_ae,Takko Holding GmbH,,,,"Stellendetails zu: Ausbildung 2026 - Praktikum möglich

Das erwartet Dich:
Während Deines dreieinhalbjährigen Dualen Studiums machst Du nicht nur Deine Ausbildung zum Fachinformatiker Anwendungsentwicklung (m|w|d), sondern Du studierst auch berufsbegleitend Wirtschaftsinformatik.
Praktische Ausbildung: praktische Kenntnisse lernst du in unserer Zentrale in Telgte von Deinen erfahrenen Kolleginnen und Kollegen und durch eigenes Ausprobieren. Du durchläufst bei uns alle IT-Abteilungen, unterstützt bei der Einführung von Tools, unterstützt unsere Fachabteilungen und arbeitest in verschiedenen Projekten mit.
Theoretische Ausbildung: Du studierst sechs Semester an der Hochschule Osnabrück. Die Vorlesungen finden auf dem Campus in Lingen statt.

Das bringst Du mit:
Fachhochschulreife oder Abitur
Lust an der Arbeit mit IT-gestützten Systemen
Lern- und Leistungsbereitschaft

Darauf kannst Du Dich freuen:
· Bachelor-Abschluss: Qualifizierte Ausbildung mit einem anerkannten IHK-Abschluss als Fachinformatiker Systemintegration und den Bachelor of Science (m/w/d)
Persönliche Betreuung: Intensive Unterstützung und Förderung sowie Hilfe bei der Prüfungsvorbereitung
Attraktive Vergütung: Ausbildungsvergütung inkl. Übernahme aller Studien- und Prüfungsgebühren und stellen Dir ein Auto für die Fahrten zur Uni, Urlaubs- und Weihnachtsgeld
Urlaub: Sechs Wochen Urlaub pro Jahr
Karrierechancen: Sicherer Arbeitsplatz, sehr gute Übernahmechancen nach der Ausbildung und vielfältige Karriereperspektiven
Willkommensveranstaltungen: Einführungsveranstaltungen für alle neuen Auszubildenden
Mitarbeiterrabatte: Willkommensgutschein im Wert von 100 Euro zum Ausbildungsstart, 20% Personalrabatt bei Takko, vergünstigter Zugang zu Fitnessstudios wie McFit, die Möglichkeit deinen Hund mit ins Büro zu bringen und vieles mehr
Arbeitsorte
Karte anzeigen
Alfred-Krupp-Str. 21, 48291 Telgte
Unternehmensdarstellung: Takko Holding GmbH
Takko Holding GmbH
Alle Stellen anzeigen
Webseiten
Homepage
Informationen zur Bewerbung
Sicherheitsabfrage",,"Das bringst Du mit:
Fachhochschulreife oder Abitur
Lust an der Arbeit mit IT-gestützten Systemen
Lern- und Leistungsbereitschaft",Ausbildung | Stellendetails zu: 2026 - Praktikum möglich,ae,,"Darauf kannst Du Dich freuen:
· Bachelor-Abschluss: Qualifizierte Ausbildung mit einem anerkannten IHK-Abschluss als Fachinformatiker Systemintegration und den Bachelor of Science (m/w/d)
Persönliche Betreuung: Intensive Unterstützung und Förderung sowie Hilfe bei der Prüfungsvorbereitung
Attraktive Vergütung: Ausbildungsvergütung inkl. Übernahme aller Studien- und Prüfungsgebühren und stellen Dir ein Auto für die Fahrten zur Uni, Urlaubs- und Weihnachtsgeld
Urlaub: Sechs Wochen Urlaub pro Jahr
Karrierechancen: Sicherer Arbeitsplatz, sehr gute Übernahmechancen nach der Ausbildung und vielfältige Karriereperspektiven
Willkommensveranstaltungen: Einführungsveranstaltungen für alle neuen Auszubildenden
Mitarbeiterrabatte: Willkommensgutschein im Wert von 100 Euro zum Ausbildungsstart, 20% Personalrabatt bei Takko, vergünstigter Zugang zu Fitnessstudios wie McFit, die Möglichkeit deinen Hund mit ins Büro zu bringen und vieles mehr
Arbeitsorte
Karte anzeigen
Alfred-Krupp-Str. 21, 48291 Telgte
Unternehmensdarstellung: Takko Holding GmbH
Takko Holding GmbH
Alle Stellen anzeigen
Webseiten
Homepage
Informationen zur Bewerbung
Sicherheitsabfrage",,,empty,,javascript:,javascript:,javascript:,externe,"Wir schützen die Kontaktdaten des Arbeitgebers vor unerlaubten Zugriffen. Bitte geben Sie die dargestellten Zeichen in das Textfeld ein, um die Kontaktdaten des Arbeitgebers anzuzeigen.
Anderes Bild laden
Audioversion abspielen
Hinweis: Die dargestellten Zeichen enthalten keine Umlaute (ä, ö, ü oder ß), Sonderzeichen oder Leerzeichen.
Dargestellte Zeichen
Absenden
Fußbereich
Stelle betreut durch die BA
Referenz-Nr.: 10000-1204339706-S
Verstoß melden",,,ausbildungsstellen_de,https://www.arbeitsagentur.de/jobsuche/jobdetail/10000-1204339706-S,False,,47,,,,2026-06-13T09:45:39.492006+00:00
ASD-999960002830502134,ausbildungsstellen_ae,Zambelli Fertigungs GmbH & Co KG,,,,Stellendetails zu: Fachinformatiker für Anwendungsentwicklung (m/w/d),,,Ausbildung | Stellendetails zu: Fachinformatiker für Anwendungsentwicklung (m/w/d),ae,,,,,empty,bewerbung@zambelli.com,https://mailto:bewerbung@zambelli.com/,https://mailto:bewerbung@zambelli.com/,https://mailto:bewerbung@zambelli.com/,externe,"Wir schützen die Kontaktdaten des Arbeitgebers vor unerlaubten Zugriffen. Bitte geben Sie die dargestellten Zeichen in das Textfeld ein, um die Kontaktdaten des Arbeitgebers anzuzeigen.
Anderes Bild laden
Audioversion abspielen
Hinweis: Die dargestellten Zeichen enthalten keine Umlaute (ä, ö, ü oder ß), Sonderzeichen oder Leerzeichen.
Dargestellte Zeichen
Absenden
Fußbereich
Stelle betreut durch die BA
Referenz-Nr.: 10001-1001946487-S
Verstoß melden
© Bundesagentur für Arbeit 2026
Impressum
Information & Hilfe
Datenschutz
Rechtliche Hinweise
Erklärung zur Barrierefreiheit
Barrieren melden","Technische Unterlagen benutzergerecht aufbereiten
Benutzer fachlich beraten, schulen und betreuen
Methoden der Projektplanung, -durchführung und-kontrolle einsetzen, Qualitätssicherung gewährleisten
EIGENSCHAFTEN & FÄHIGKEITEN
Mathematische Fähigkeiten
Technisches Verständnis
Interesse an Hardware, Software & Co.
Gutes räumliches Vorstellungsvermögen
Logisches Denken
Gutes mündliches Ausdrucksvermögen
Sorgfältiges und schnelles Arbeiten
Organisationstalent
Spaß am Erklären
Geduld
Freundlichkeit
DATEN & FAKTEN
BERUFSTYP
Anerkannter Ausbildungsberuf
AUSBILDUNGSART
Duale Berufsausbildung, geregelt nach Berufsbildungsgesetz (BBiG)
AUSBILDUNGSDAUER
3 Jahre
SCHULABSCHLUSS
Mittlerer Schulabschluss oder Hochschulreife
AUSBILDUNGSORTE
Zambelli Haus im Wald (Grafenau)
Berufsschule (z.B. Passau)
Zambelli Holding GmbH
Herr Michael Plöchinger
Passauer Straße 3+5
94481 Grafenau
Telefon +49 8555 409-0
E-Mail bewerbung@zambelli.com
Mehr anzeigen
Arbeitsorte
Karte anzeigen
Passauer Str. 3-5, 94481 Grafenau, Niederbayern
Unternehmensdarstellung: Zambelli Fertigungs GmbH & Co KG
Zambelli Fertigungs GmbH & Co KG
Alle Stellen anzeigen
Webseiten
Homepage
Informationen zur Bewerbung
Sicherheitsabfrage",,ausbildungsstellen_de,https://www.arbeitsagentur.de/jobsuche/jobdetail/10001-1001946487-S,False,,47,,,,2026-06-13T11:31:38.124694+00:00
ASD-999960002836673233,ausbildungsstellen_ae,,,,,"Stellendetails zu: Ausbildung Fachinformatiker:in Systemingegration

Voraussetzungen:
Schulabschluss: Fachhochschulreife oder höher
Deutsch fließend
Führerschein Klasse B
Aufgabengebiete:
Installation von Hard- und Software
Windows Client Support
Windows Server
Linux Root Server Management
vmWare / Hyper-V
Skriptsprachen: CMD, Powershell, Bash, Python, PHP
Monitoring
Firewall Administration
Microsoft 365 Administration
Bewerbungen ausschließlich per e-Mail an: team@dieefi.de
Arbeitsorte
Karte anzeigen
Heerweg 15 A1, 73770 Denkendorf, Württemberg
Unternehmensdarstellung: die-efi.de
die-efi.de
Alle Stellen anzeigen
Webseiten
Homepage
Informationen zur Bewerbung
Sicherheitsabfrage",,"Voraussetzungen:
Schulabschluss: Fachhochschulreife oder höher
Deutsch fließend
Führerschein Klasse B
Aufgabengebiete:
Installation von Hard- und Software
Windows Client Support
Windows Server
Linux Root Server Management
vmWare / Hyper-V
Skriptsprachen: CMD, Powershell, Bash, Python, PHP
Monitoring
Firewall Administration
Microsoft 365 Administration
Bewerbungen ausschließlich per e-Mail an: team@dieefi.de
Arbeitsorte
Karte anzeigen
Heerweg 15 A1, 73770 Denkendorf, Württemberg
Unternehmensdarstellung: die-efi.de
die-efi.de
Alle Stellen anzeigen
Webseiten
Homepage
Informationen zur Bewerbung
Sicherheitsabfrage",Ausbildung | Stellendetails zu: Fachinformatiker:in Systemingegration,ae,,,,,empty,team@dieefi.de,javascript:,javascript:,javascript:,externe,"Wir schützen die Kontaktdaten des Arbeitgebers vor unerlaubten Zugriffen. Bitte geben Sie die dargestellten Zeichen in das Textfeld ein, um die Kontaktdaten des Arbeitgebers anzuzeigen.
Anderes Bild laden
Audioversion abspielen
Hinweis: Die dargestellten Zeichen enthalten keine Umlaute (ä, ö, ü oder ß), Sonderzeichen oder Leerzeichen.
Dargestellte Zeichen
Absenden
Fußbereich
Stelle betreut durch Arbeitgeber
Referenz-Nr.: 10001-1002926344-S
Verstoß melden
© Bundesagentur für Arbeit 2026
Impressum
Information & Hilfe
Datenschutz
Rechtliche Hinweise
Erklärung zur Barrierefreiheit
Barrieren melden",,,ausbildungsstellen_de,https://www.arbeitsagentur.de/jobsuche/jobdetail/10001-1002926344-S,False,,40,,,,2026-06-13T11:31:46.756854+00:00
ASD-999960000594754869,ausbildungsstellen_ae,ABV Braunschweig/MD e.V. - Lohn,,,,Stellendetails zu: Ausbildungsplatz zum/zur Fachinformatiker/-in - Anwendungsentwicklung,,,Ausbildung | Stellendetails zu: Ausbildungsplatz zum/zur Fachinformatiker/-in - Anwendungsentwicklung,ae,,,,,empty,info@abv-braunschweig.de,javascript:,javascript:,javascript:,externe,"Wir schützen die Kontaktdaten des Arbeitgebers vor unerlaubten Zugriffen. Bitte geben Sie die dargestellten Zeichen in das Textfeld ein, um die Kontaktdaten des Arbeitgebers anzuzeigen.
Anderes Bild laden
Audioversion abspielen
Hinweis: Die dargestellten Zeichen enthalten keine Umlaute (ä, ö, ü oder ß), Sonderzeichen oder Leerzeichen.
Dargestellte Zeichen
Absenden
Fußbereich
Stelle betreut durch Arbeitgeber
Referenz-Nr.: 10001-1002932519-S
Verstoß melden
© Bundesagentur für Arbeit 2026
Impressum
Information & Hilfe
Datenschutz
Rechtliche Hinweise
Erklärung zur Barrierefreiheit
Barrieren melden",,,ausbildungsstellen_de,https://www.arbeitsagentur.de/jobsuche/jobdetail/10001-1002932519-S,False,,40,,,,2026-06-13T10:45:28.999416+00:00
ASD-990610002834895961,ausbildungsstellen_ae,Aicomp Consulting GmbH,,,,"Stellendetails zu: Bachelor + Ausbildung Fachinformatiker & Bachelor of Science

Deine Benefits
Spannende und vielfältige Aufgaben bis hin zur Übernahme von Kundenprojekten
Ein kreatives Arbeitsumfeld mit einem offenen engagierten Team
Individuelle Freiräume und einen Betreuer, der dir während deiner Abschlussarbeit oder während deines Praxissemesters zur Seite steht
Zwei anerkannte Abschlüsse in nur 4,5 Jahren: Fachinformatiker/in und Bachelor of Science
Gezielte Förderung deiner Fähigkeiten sowie Entwicklungsmöglichkeiten
Neben einem MacBook erhälst du eine komplette Ausstattung, um Produktivität zu maximieren
Das sind wir
Entdecke eine Welt der Innovationen bei Aicomp!
Wir sind ein global agierendes Software- und Beratungsunternehmen mit Standorten in Europa und den USA. Unser Fokus liegt auf der Implementierung hochkomplexer SAP-Softwarelösungen für Verpackungshersteller und andere diskrete Fertiger.
Bei Aicomp unterstützen wir unsere Kunden bei der individuellen Konfiguration und Implementierung von SAP ERP Order-to-Cash-Prozessen, vom Mittelständler bis zum global agierenden Konzern. Unsere SAP-Softwarelösung, VCPowerPack, ermöglicht innovative und komplexe Produktkonfigurationen innerhalb der SAP-Schlüsseltechnologien (ERP, S/4HANA, Cloud-Integration).
Bist du bereit, Teil unseres Teams zu werden und die Zukunft der Unternehmenssoftware mitzugestalten? Dann sende uns jetzt deine Bewerbung über unsere Website zu!
Mehr anzeigen
Arbeitsorte
Karte anzeigen
Undinger Straße 2, 72820 Sonnenbühl
Unternehmensdarstellung: Aicomp Consulting GmbH
Aicomp Consulting GmbH
Alle Stellen anzeigen
Webseiten
Homepage
Informationen zur Bewerbung
Sicherheitsabfrage",,,Ausbildung | Stellendetails zu: Bachelor + Fachinformatiker & Bachelor of Science,ae,,"Deine Benefits
Spannende und vielfältige Aufgaben bis hin zur Übernahme von Kundenprojekten
Ein kreatives Arbeitsumfeld mit einem offenen engagierten Team
Individuelle Freiräume und einen Betreuer, der dir während deiner Abschlussarbeit oder während deines Praxissemesters zur Seite steht
Zwei anerkannte Abschlüsse in nur 4,5 Jahren: Fachinformatiker/in und Bachelor of Science
Gezielte Förderung deiner Fähigkeiten sowie Entwicklungsmöglichkeiten
Neben einem MacBook erhälst du eine komplette Ausstattung, um Produktivität zu maximieren
Das sind wir
Entdecke eine Welt der Innovationen bei Aicomp!
Wir sind ein global agierendes Software- und Beratungsunternehmen mit Standorten in Europa und den USA. Unser Fokus liegt auf der Implementierung hochkomplexer SAP-Softwarelösungen für Verpackungshersteller und andere diskrete Fertiger.
Bei Aicomp unterstützen wir unsere Kunden bei der individuellen Konfiguration und Implementierung von SAP ERP Order-to-Cash-Prozessen, vom Mittelständler bis zum global agierenden Konzern. Unsere SAP-Softwarelösung, VCPowerPack, ermöglicht innovative und komplexe Produktkonfigurationen innerhalb der SAP-Schlüsseltechnologien (ERP, S/4HANA, Cloud-Integration).
Bist du bereit, Teil unseres Teams zu werden und die Zukunft der Unternehmenssoftware mitzugestalten? Dann sende uns jetzt deine Bewerbung über unsere Website zu!
Mehr anzeigen
Arbeitsorte
Karte anzeigen
Undinger Straße 2, 72820 Sonnenbühl
Unternehmensdarstellung: Aicomp Consulting GmbH
Aicomp Consulting GmbH
Alle Stellen anzeigen
Webseiten
Homepage
Informationen zur Bewerbung
Sicherheitsabfrage",,,empty,,javascript:,javascript:,javascript:,externe,"Wir schützen die Kontaktdaten des Arbeitgebers vor unerlaubten Zugriffen. Bitte geben Sie die dargestellten Zeichen in das Textfeld ein, um die Kontaktdaten des Arbeitgebers anzuzeigen.
Anderes Bild laden
Audioversion abspielen
Hinweis: Die dargestellten Zeichen enthalten keine Umlaute (ä, ö, ü oder ß), Sonderzeichen oder Leerzeichen.
Dargestellte Zeichen
Absenden
Fußbereich
Stelle betreut durch die BA
Referenz-Nr.: 10000-1204483232-S
Verstoß melden",,,ausbildungsstellen_de,https://www.arbeitsagentur.de/jobsuche/jobdetail/10000-1204483232-S,False,,40,,,,2026-06-13T09:45:13.531464+00:00
ASD-999960000588402788,ausbildungsstellen_ae,Druckerei C.H.Beck ZNL Verlag C.H.Beck GmbH & Co. KG,,,,Stellendetails zu: Fachinformatiker für Anwendungsentwicklung (m/w/d),,,Ausbildung | Stellendetails zu: Fachinformatiker für Anwendungsentwicklung (m/w/d),ae,,,,,empty,,javascript:,javascript:,javascript:,externe,"Wir schützen die Kontaktdaten des Arbeitgebers vor unerlaubten Zugriffen. Bitte geben Sie die dargestellten Zeichen in das Textfeld ein, um die Kontaktdaten des Arbeitgebers anzuzeigen.
Anderes Bild laden
Audioversion abspielen
Hinweis: Die dargestellten Zeichen enthalten keine Umlaute (ä, ö, ü oder ß), Sonderzeichen oder Leerzeichen.
Dargestellte Zeichen
Absenden
Fußbereich
Stelle betreut durch die BA
Referenz-Nr.: 10000-1206615819-S
Verstoß melden","Zeugnisprämie
Beteiligung an der betrieblichen Altersvorsorge
Verschiedene Fortbildungsmöglichkeiten
Bezuschussung der Fahrtkosten zur Berufsschule
Mitwirkung an verschiedenen Azubiprojekten
Firmenevents für Mitarbeiter
Mehr anzeigen
Arbeitsorte
Karte anzeigen
Bergerstr. 3, 86720 Nördlingen
Unternehmensdarstellung: Druckerei C.H.Beck ZNL Verlag C.H.Beck GmbH & Co. KG
Druckerei C.H.Beck ZNL Verlag C.H.Beck GmbH & Co. KG
Hauptsitz
Nördlingen
Gründung
1763
Tätigkeitsfelder und Schlagworte
DruckBuchbindereiSatzSoftwareentwicklung
Die Druckerei C.H.Beck ist ein vollstufiges Unternehmen aus der Print- und Medienindustrie mit rund 350 Beschäftigten und gehört zu den Marktführern in Deutschland. Neben der Produktion von Printprodukten erbringen wir auch umfangreiche Dienstleistungen verschiedenster Art bei der Softwareerstellung und Prozessoptimierung für namhafte Kunden aus Verlagen und Industrie.
Vorteile für Mitarbeitende
Flexible Arbeitszeiten
Homeoffice / Mobiles Arbeiten
Vermögenswirksame Leistungen
Nachhaltigkeit / Umweltschutz
Firmenevents
Rabatte für Mitarbeitende
Weiterbildungen
Betriebliche Altersvorsorge
Parkmöglichkeiten
Gute Verkehrsanbindung
Moderne technische Ausstattung
Die abgebildeten Vorteile für Mitarbeitende können je nach Abteilung und Position variieren.
Alle Stellen anzeigenIn neuem Tab öffnen
Webseiten
Homepage
Social Media Seiten
Informationen zur Bewerbung
Sicherheitsabfrage",,ausbildungsstellen_de,https://www.arbeitsagentur.de/jobsuche/jobdetail/10000-1206615819-S,False,,40,,,,2026-06-13T10:45:16.480731+00:00
ASD-999960000802711145,ausbildungsstellen_ae,INDEX-Werke GmbH & Co. KG Hahn & Tessky,,,,"Stellendetails zu: Ausbildung als Fachinformatiker/-in* in 2026

Wir bieten:
Arbeitskleidung
Betriebskrankenkasse
Essenszulage
Gute Verkehrsanbindung
Sport- und Fitnessangebote
Jugendticket (VVS)
Corporate Benefits
Betriebliche Altersvorsorge
Unsere Auszubildende sind die Zukunft unseres Unternehmens. Wir bieten eine frühzeitige Einbindung in den Ablauf betrieblicher Prozesse, Auslandsaufenthalte bei einer unserer Tochtergesellschaften und eine intensive und nachhaltige Betreuung durch unsere erfahrenen Ausbilder*innen. Zum Ende der Ausbildung ergeben sich vielfältige Perspektiven. Gemeinsam gehen wir den Weg in eine erfolgreiche Zukunft.
Interessiert? Dann freuen wir uns auf eine Bewerbung über unser Online-Portal.
*jeglichen Geschlechts
Mehr anzeigen
Arbeitsorte
Karte anzeigen
Plochinger Str. 92, 73730 Esslingen am Neckar
Unternehmensdarstellung: INDEX-Werke GmbH & Co. KG Hahn & Tessky
INDEX-Werke GmbH & Co. KG Hahn & Tessky
Alle Stellen anzeigen
Webseiten
Homepage
Informationen zur Bewerbung
Sicherheitsabfrage",,,Ausbildung | Stellendetails zu: als Fachinformatiker/-in* in 2026,ae,,"Wir bieten:
Arbeitskleidung
Betriebskrankenkasse
Essenszulage
Gute Verkehrsanbindung
Sport- und Fitnessangebote
Jugendticket (VVS)
Corporate Benefits
Betriebliche Altersvorsorge
Unsere Auszubildende sind die Zukunft unseres Unternehmens. Wir bieten eine frühzeitige Einbindung in den Ablauf betrieblicher Prozesse, Auslandsaufenthalte bei einer unserer Tochtergesellschaften und eine intensive und nachhaltige Betreuung durch unsere erfahrenen Ausbilder*innen. Zum Ende der Ausbildung ergeben sich vielfältige Perspektiven. Gemeinsam gehen wir den Weg in eine erfolgreiche Zukunft.
Interessiert? Dann freuen wir uns auf eine Bewerbung über unser Online-Portal.
*jeglichen Geschlechts
Mehr anzeigen
Arbeitsorte
Karte anzeigen
Plochinger Str. 92, 73730 Esslingen am Neckar
Unternehmensdarstellung: INDEX-Werke GmbH & Co. KG Hahn & Tessky
INDEX-Werke GmbH & Co. KG Hahn & Tessky
Alle Stellen anzeigen
Webseiten
Homepage
Informationen zur Bewerbung
Sicherheitsabfrage",,,empty,,javascript:,javascript:,javascript:,externe,"Wir schützen die Kontaktdaten des Arbeitgebers vor unerlaubten Zugriffen. Bitte geben Sie die dargestellten Zeichen in das Textfeld ein, um die Kontaktdaten des Arbeitgebers anzuzeigen.
Anderes Bild laden
Audioversion abspielen
Hinweis: Die dargestellten Zeichen enthalten keine Umlaute (ä, ö, ü oder ß), Sonderzeichen oder Leerzeichen.
Dargestellte Zeichen
Absenden
Fußbereich
Stelle betreut durch die BA
Referenz-Nr.: 10000-1203691304-S
Verstoß melden",,,ausbildungsstellen_de,https://www.arbeitsagentur.de/jobsuche/jobdetail/10000-1203691304-S,False,,40,,,,2026-06-13T10:50:19.330656+00:00
ASD-999960000554071681,ausbildungsstellen_ae,Mosca GmbH,,,,"Stellendetails zu: Ausbildung 2026

Wir bieten eine Ausbildung zum Fachinformatiker für Anwendungsentwicklung (m/w/d) an.
Dein Aufgabengebiet:
Fachinformatiker für Anwendungsentwicklung (m/w/d) setzen fachspezifische Anforderungen in komplexe Hard- und Softwaresysteme um. Sie analysieren, planen und realisieren informations- und telekommunikationstechnische Systeme und führen neue oder modifizierte Systeme der IT-Technik ein. Kunden und Benutzern stehen sie für die fachliche Beratung, Betreuung und Schulung zur Verfügung. Typische Einsatzgebiete in der Fachrichtung Anwendungsentwicklung sind zum Beispiel kaufmännische Systeme, technische Systeme, Expertensysteme, mathematisch-wissenschaftliche Systeme oder Multimediasysteme.
Du hast großes Interesse an der Entwicklung neuer Programme und kannst Dir vorstellen, Software entsprechend der Vorgabe aus dem eigenen Unternehmen zu konzipieren und zu programmieren? Dann ist die Ausbildung zum Fachinformatiker für Anwendungsentwicklung genau das Richtige für Dich.
Einsatzmöglichkeiten:
Fachinformatiker der Fachrichtung Anwendungsentwicklung (m/w/d) arbeiten in der IT-Abteilung und entwerfen bzw. realisieren Softwareprojekte. Außerdem schulen sie Benutzer zur Bedienung von Anwendungen.
Unsere Anforderungen:
Mindestens Mittlere Reife oder Abitur
Gute Noten in Mathematik und Englisch
Deine Qualifikationen:
Affinität im Umgang mit Computern
Spaß am Tüfteln
Gutes räumliches Vorstellungsvermögen und logisches Denken
Gutes Ausdrucksvermögen in Wort und Schrift",,,Ausbildung | Stellendetails zu: 2026,ae,,"Wir bieten eine Ausbildung zum Fachinformatiker für Anwendungsentwicklung (m/w/d) an.
Dein Aufgabengebiet:
Fachinformatiker für Anwendungsentwicklung (m/w/d) setzen fachspezifische Anforderungen in komplexe Hard- und Softwaresysteme um. Sie analysieren, planen und realisieren informations- und telekommunikationstechnische Systeme und führen neue oder modifizierte Systeme der IT-Technik ein. Kunden und Benutzern stehen sie für die fachliche Beratung, Betreuung und Schulung zur Verfügung. Typische Einsatzgebiete in der Fachrichtung Anwendungsentwicklung sind zum Beispiel kaufmännische Systeme, technische Systeme, Expertensysteme, mathematisch-wissenschaftliche Systeme oder Multimediasysteme.
Du hast großes Interesse an der Entwicklung neuer Programme und kannst Dir vorstellen, Software entsprechend der Vorgabe aus dem eigenen Unternehmen zu konzipieren und zu programmieren? Dann ist die Ausbildung zum Fachinformatiker für Anwendungsentwicklung genau das Richtige für Dich.
Einsatzmöglichkeiten:
Fachinformatiker der Fachrichtung Anwendungsentwicklung (m/w/d) arbeiten in der IT-Abteilung und entwerfen bzw. realisieren Softwareprojekte. Außerdem schulen sie Benutzer zur Bedienung von Anwendungen.
Unsere Anforderungen:
Mindestens Mittlere Reife oder Abitur
Gute Noten in Mathematik und Englisch
Deine Qualifikationen:
Affinität im Umgang mit Computern
Spaß am Tüfteln
Gutes räumliches Vorstellungsvermögen und logisches Denken
Gutes Ausdrucksvermögen in Wort und Schrift",,,empty,,javascript:,javascript:,javascript:,externe,"Kontaktfreudig
Ausbildungsdauer: 3 Jahre
Berufsschule: ZGB Buchen
Mit einem Praktikum bei uns kannst Du herausfinden, ob dein Wunsch-Beruf auch zu Dir passt. Egal, ob als Schulpraktikum oder freiwillig in den Schulferien - Du kannst jederzeit ein Praktikum absolvieren.
Finde weitere Informationen und einen Film zu Deiner Ausbildung bei Mosca
https://www.mosca.com/de-de/karriere/schueler/ausbildung/
Arbeitsorte
Karte anzeigen
Gerd-Mosca-Str. 1, 69429 Waldbrunn, Odenwald
Unternehmensdarstellung: Mosca GmbH
Mosca GmbH
Alle Stellen anzeigen
Webseiten
Homepage
Informationen zur Bewerbung
Sicherheitsabfrage
Wir schützen die Kontaktdaten des Arbeitgebers vor unerlaubten Zugriffen. Bitte geben Sie die dargestellten Zeichen in das Textfeld ein, um die Kontaktdaten des Arbeitgebers anzuzeigen.
Anderes Bild laden
Audioversion abspielen
Hinweis: Die dargestellten Zeichen enthalten keine Umlaute (ä, ö, ü oder ß), Sonderzeichen oder Leerzeichen.
Dargestellte Zeichen
Absenden
Fußbereich
Stelle betreut durch die BA
Referenz-Nr.: 10000-1203783990-S
Verstoß melden",,,ausbildungsstellen_de,https://www.arbeitsagentur.de/jobsuche/jobdetail/10000-1203783990-S,False,,40,,,,2026-06-13T10:44:33.929501+00:00
ASD-999960000481302254,ausbildungsstellen_ae,onOffice GmbH,,,,"Stellendetails zu: Ausbildung Fachinformatiker Anwendungsentwicklung (m/w/d)

Deine Vorteile
Gutes Geld – Dein eigenes Einkommen: 1.000 € (1. Jahr), 1.100 € (2. Jahr), 1.200 € (3. Jahr) – plus vergünstigtes Deutschland-Ticket.
Ausbildungsqualität –Echte Kundenprojekte von Anfang an, ein strukturierter Ausbildungsplan und persönliche Ausbilder an deiner Seite.
Perspektiven – Wir bilden in Berufen mit guten Zukunftsaussichten aus, weil wir engagierte Azubis gern ins Team übernehmen.
Zusammenarbeit – Teamleiter sind selbst erfahrene Entwickler und unser gesamtes Team steht offen und konstruktiv füreinander ein.
Teamkultur – Freu dich auf viele Erlebnisse: Teamevents, unsere Teamfahrt oder gemeinsame Zeit nach Feierabend.
Extras – Für deine Zukunft vorsorgen, sparen und fit bleiben – mit Rabatten, Altersvorsorge, Sportevents, Firmenfitness und Urban Sports Club.
onOffice – always on your side
In den Entwicklungsteams arbeitest du direkt an unseren Softwareprojekten mit und lernst, wie digitale Lösungen in der Praxis funktionieren. Du verbindest technisches Know-how mit kreativen Projekten und echten Kundenanforderungen – vom ersten Code bis zur fertigen Software.
Mehr anzeigen
Arbeitsorte
Karte anzeigen
Charlottenburger Allee 5, 52068 Aachen
Unternehmensdarstellung: onOffice GmbH
onOffice GmbH
Hauptsitz
Aachen
Gründung
2001
Betriebsgröße
über 370 Mitarbeitende
Tätigkeitsfelder und Schlagworte
CRM-Software für ImmobilienmaklerWebsites für ImmobilienunternehmenOnline MarketingConsulting für ImmobilienunternehmenSoftware-, Web- und App-Entwicklung
onOffice – always on your side
Gemeinsam für die Digitalisierung der Immobilienbranche. Bei uns dreht sich alles um die Software onOffice enterprise. Mit rund 370 Expert:innen arbeitest du für unsere Produkte, stärkst Immobilienunternehmen in ihren Geschäftsprozessen und hast die Chance, Neues zu bewegen. In unserem inhabergeführten Unternehmen gilt seit 2001 der Anspruch, Freiräume, Verantwortung und Perspektiven zu bieten – Seite an Seite als Team.
Vorteile für Mitarbeitende
Mentorenprogramm/Coaching
Flexible Arbeitszeiten
Homeoffice / Mobiles Arbeiten
Firmenevents
Rabatte für Mitarbeitende
Sport- und Gesundheitsangebote
Weiterbildungen
Betriebliche Altersvorsorge
Mitgestaltungsmöglichkeiten
Parkmöglichkeiten
Gute Verkehrsanbindung
Moderne technische Ausstattung
Die abgebildeten Vorteile für Mitarbeitende können je nach Abteilung und Position variieren.
Alle Stellen anzeigenIn neuem Tab öffnen
Webseiten
Homepage
Karriereseite
Alle aktuellen Jobangebote
Ausbildung & Duales Studium
Social Media Seiten
Informationen zur Bewerbung
Sicherheitsabfrage",,,Ausbildung | Stellendetails zu: Fachinformatiker Anwendungsentwicklung (m/w/d),ae,,"Deine Vorteile
Gutes Geld – Dein eigenes Einkommen: 1.000 € (1. Jahr), 1.100 € (2. Jahr), 1.200 € (3. Jahr) – plus vergünstigtes Deutschland-Ticket.
Ausbildungsqualität –Echte Kundenprojekte von Anfang an, ein strukturierter Ausbildungsplan und persönliche Ausbilder an deiner Seite.
Perspektiven – Wir bilden in Berufen mit guten Zukunftsaussichten aus, weil wir engagierte Azubis gern ins Team übernehmen.
Zusammenarbeit – Teamleiter sind selbst erfahrene Entwickler und unser gesamtes Team steht offen und konstruktiv füreinander ein.
Teamkultur – Freu dich auf viele Erlebnisse: Teamevents, unsere Teamfahrt oder gemeinsame Zeit nach Feierabend.
Extras – Für deine Zukunft vorsorgen, sparen und fit bleiben – mit Rabatten, Altersvorsorge, Sportevents, Firmenfitness und Urban Sports Club.
onOffice – always on your side
In den Entwicklungsteams arbeitest du direkt an unseren Softwareprojekten mit und lernst, wie digitale Lösungen in der Praxis funktionieren. Du verbindest technisches Know-how mit kreativen Projekten und echten Kundenanforderungen – vom ersten Code bis zur fertigen Software.
Mehr anzeigen
Arbeitsorte
Karte anzeigen
Charlottenburger Allee 5, 52068 Aachen
Unternehmensdarstellung: onOffice GmbH
onOffice GmbH
Hauptsitz
Aachen
Gründung
2001
Betriebsgröße
über 370 Mitarbeitende
Tätigkeitsfelder und Schlagworte
CRM-Software für ImmobilienmaklerWebsites für ImmobilienunternehmenOnline MarketingConsulting für ImmobilienunternehmenSoftware-, Web- und App-Entwicklung
onOffice – always on your side
Gemeinsam für die Digitalisierung der Immobilienbranche. Bei uns dreht sich alles um die Software onOffice enterprise. Mit rund 370 Expert:innen arbeitest du für unsere Produkte, stärkst Immobilienunternehmen in ihren Geschäftsprozessen und hast die Chance, Neues zu bewegen. In unserem inhabergeführten Unternehmen gilt seit 2001 der Anspruch, Freiräume, Verantwortung und Perspektiven zu bieten – Seite an Seite als Team.
Vorteile für Mitarbeitende
Mentorenprogramm/Coaching
Flexible Arbeitszeiten
Homeoffice / Mobiles Arbeiten
Firmenevents
Rabatte für Mitarbeitende
Sport- und Gesundheitsangebote
Weiterbildungen
Betriebliche Altersvorsorge
Mitgestaltungsmöglichkeiten
Parkmöglichkeiten
Gute Verkehrsanbindung
Moderne technische Ausstattung
Die abgebildeten Vorteile für Mitarbeitende können je nach Abteilung und Position variieren.
Alle Stellen anzeigenIn neuem Tab öffnen
Webseiten
Homepage
Karriereseite
Alle aktuellen Jobangebote
Ausbildung & Duales Studium
Social Media Seiten
Informationen zur Bewerbung
Sicherheitsabfrage",,,empty,,https://onoffice.com/jobs-und-bewerbung/,https://onoffice.com/jobs-und-bewerbung/,https://onoffice.com/jobs-und-bewerbung/,externe,"Wir schützen die Kontaktdaten des Arbeitgebers vor unerlaubten Zugriffen. Bitte geben Sie die dargestellten Zeichen in das Textfeld ein, um die Kontaktdaten des Arbeitgebers anzuzeigen.
Anderes Bild laden
Audioversion abspielen
Hinweis: Die dargestellten Zeichen enthalten keine Umlaute (ä, ö, ü oder ß), Sonderzeichen oder Leerzeichen.
Dargestellte Zeichen
Absenden
Fußbereich
Stelle betreut durch die BA
Referenz-Nr.: 10001-1001858980-S
Verstoß melden",,,ausbildungsstellen_de,https://www.arbeitsagentur.de/jobsuche/jobdetail/10001-1001858980-S,False,,40,,,,2026-06-13T10:43:10.843529+00:00
ASD-999960000769119497,ausbildungsstellen_ae,ratiokontakt GmbH,,,,Stellendetails zu: Ausbildung zum Fachinformatiker/in Anwendungsentwicklung (m/w/d) in Bamberg 2026,,,Ausbildung | Stellendetails zu: zum Fachinformatiker/in Anwendungsentwicklung (m/w/d) in Bamberg 2026,ae,,,,,empty,personal@ratiokontakt.de,javascript:,javascript:,javascript:,externe,"ratiokontakt GmbH
Besondere Merkmale
Beginn ab 01.09.2026
Ort
Bamberg
Anstellungsart
Vollzeit
Benötigter Schulabschluss
Mittlere Reife / Mittlerer Bildungsabschluss
Ausbildungsberuf
Fachinformatiker/in - Anwendungsentwicklung
Info zur Bewerbung
Vormerken
Notiz / Status
PDF / Drucken
Link kopieren
Veröffentlichungsdatum:
Vor 12 Tagen veröffentlicht
Änderungsdatum:
Vor 11 Tagen bearbeitet
Stellenbeschreibung
Wenn Dich Technik begeistert und du eine Herausforderung suchst, die abwechslungsreich und spannend ist... dann bewirb Dich jetzt bei ratiokontakt!
Eine Ausbildung zum Fachinformatiker bei ratiokontakt umfasst eine vielzahl an technischen Themen, unter anderem:
Linux- und Windows-Server
viel Netzwerktechnik
Datenbanken
Monitoring-, Backup- und Patchmanagement
E-Mail
Devops, Scripting und Programmierung
Neubau und Reparatur von Hardware
Das erwarten wir von Dir:
Interesse für Technik und IT
Logisches Denkvermögen, strukturiertes Arbeiten
Lust im Team, aber auch selbstständig zu arbeiten
ein freundliches und selbstbewusstes Auftreten
Das darfst du von uns erwarten:
eine abwechslungsreiche Ausbildung mit viel Praxiserfahrung
eine lockere, teamorientierte Arbeitsatmosphäre
viel Input und eine steile Lernkurve
Wir freuen uns auf Deine Bewerbung per E-Mail an: personal@ratiokontakt.de
Arbeitsorte
Karte anzeigen
Starkenfeldstr. 21, 96050 Bamberg
Unternehmensdarstellung: ratiokontakt GmbH
ratiokontakt GmbH
Hauptsitz
Bamberg
ratiokontakt bietet seit über 30 Jahren maßgeschneiderte Lösungen in den Bereichen Server, Web- und Applikations-Hosting, Managed Services sowie Public- und Private-Cloud. Dabei berät ratiokontakt bei der Konzeption von IT-Infrastrukturen, verfügt über ein eigenes Rechenzentrum in Nürnberg und übernimmt als Partner auf Augenhöhe die Betreuung von Systemen im 24/7-Betrieb.
Alle Stellen anzeigenIn neuem Tab öffnen
Webseiten
Homepage
Informationen zur Bewerbung
Sicherheitsabfrage
Wir schützen die Kontaktdaten des Arbeitgebers vor unerlaubten Zugriffen. Bitte geben Sie die dargestellten Zeichen in das Textfeld ein, um die Kontaktdaten des Arbeitgebers anzuzeigen.
Anderes Bild laden
Audioversion abspielen
Hinweis: Die dargestellten Zeichen enthalten keine Umlaute (ä, ö, ü oder ß), Sonderzeichen oder Leerzeichen.
Dargestellte Zeichen
Absenden
Fußbereich
Stelle betreut durch die BA
Referenz-Nr.: 10001-1003153535-S
Verstoß melden",,,ausbildungsstellen_de,https://www.arbeitsagentur.de/jobsuche/jobdetail/10001-1003153535-S,False,,40,,,,2026-06-13T10:49:37.406833+00:00
ASD-999960001132233916,ausbildungsstellen_ae,Rudi Göbel GmbH & Co. KG,,,,Stellendetails zu: Ausbildung zum Fachinformatiker - Fachrichtung Anwendungsentwicklung Praktikum möglich,,,Ausbildung | Stellendetails zu: zum Fachinformatiker - Fachrichtung Anwendungsentwicklung Praktikum möglich,ae,,,,,empty,karriere@rgoebel.de,javascript:,javascript:,javascript:,externe,"Wir schützen die Kontaktdaten des Arbeitgebers vor unerlaubten Zugriffen. Bitte geben Sie die dargestellten Zeichen in das Textfeld ein, um die Kontaktdaten des Arbeitgebers anzuzeigen.
Anderes Bild laden
Audioversion abspielen
Hinweis: Die dargestellten Zeichen enthalten keine Umlaute (ä, ö, ü oder ß), Sonderzeichen oder Leerzeichen.
Dargestellte Zeichen
Absenden
Fußbereich
Stelle betreut durch die BA
Referenz-Nr.: 10000-1204505008-S
Verstoß melden",,,ausbildungsstellen_de,https://www.arbeitsagentur.de/jobsuche/jobdetail/10000-1204505008-S,False,,40,,,,2026-06-13T10:56:43.613652+00:00
ASD-999960000485185288,ausbildungsstellen_ae,,,,,"Stellendetails zu: Ausbildung 2027

VORAUSSETZUNGEN
Mittlere Reife
Fähigkeit zum analytischen Arbeiten
gute mathematische Kenntnisse
Ausdauer
ständige Fortbildungsbereitschaft
Interesse und Erfahrungen auf dem Gebiet der Computertechnik
AUSBILDUNGSDAUER
3 Jahre
GEHALT
Ausbildungsjahr: 1.218,26 Euro
Ausbildungsjahr: 1.268,20 Euro
Ausbildungsjahr: 1.314,02 Euro
Die Ausbildungsvergütung richtet sich nach dem Tarifvertrag für Auszubildende des öffentlichen Dienstes (TVAöD).
Zusätzlich kannst Du monatlich eine vermögenswirksame Leistung bis zu 13,29 Euro erhalten.
BERUFSSCHULE
Du besuchst blockweise die Berufsschule in Aalen.
DU SOLLTEST FACHINFORMATIKER (M/W/D) WERDEN, WENN…
Du IT-begeistert bist und Interesse an komplexen Aufgabenstellungen sowie Freude an Problemlösungen hast
Du Freude sowohl an selbstständigem Arbeiten als auch an Teamarbeit hast
Du erste Hard- und Software-Kenntnisse besitzt
DU SOLLTEST AUF KEINEN FALL FACHINFORMATIKER (M/W/D) WERDEN, WENN…
Du draußen an der frischen Luft arbeiten möchtest
Geduld nicht zu deinen Stärken gehört
Du technisch unbegabt bist
WARUM EINE AUSBILDUNG BEI DER STADTVERWALTUNG SCHWÄBISCH GMÜND?
moderner, zukunfts- und standortsicherer Arbeitsplatz
gute Weiterbildungsmöglichkeiten
Dein Anfahrtsweg mit Bus und Bahn wird finanziell unterstützt
wöchentliche gemeinsame Lernnachmittage
Angebote im Bereich der Gesundheitsförderung
gemeinsame Ausflüge und Projekte
Chancengleichheit, Vielfalt, Inklusion und Integration sind für die Stadt Schwäbisch Gmünd selbstverständlich
BEWIRB DICH JETZT!
Mehr anzeigen
Arbeitsorte
Karte anzeigen
Marktplatz 1, 73525 Schwäbisch Gmünd
Unternehmensdarstellung: Stadtverwaltung Schwäbisch Gmünd
Stadtverwaltung Schwäbisch Gmünd
Alle Stellen anzeigen
Webseiten
Homepage
Informationen zur Bewerbung
Sicherheitsabfrage",,"VORAUSSETZUNGEN
Mittlere Reife
Fähigkeit zum analytischen Arbeiten
gute mathematische Kenntnisse
Ausdauer
ständige Fortbildungsbereitschaft
Interesse und Erfahrungen auf dem Gebiet der Computertechnik
AUSBILDUNGSDAUER
3 Jahre
GEHALT
Ausbildungsjahr: 1.218,26 Euro
Ausbildungsjahr: 1.268,20 Euro
Ausbildungsjahr: 1.314,02 Euro
Die Ausbildungsvergütung richtet sich nach dem Tarifvertrag für Auszubildende des öffentlichen Dienstes (TVAöD).
Zusätzlich kannst Du monatlich eine vermögenswirksame Leistung bis zu 13,29 Euro erhalten.
BERUFSSCHULE
Du besuchst blockweise die Berufsschule in Aalen.
DU SOLLTEST FACHINFORMATIKER (M/W/D) WERDEN, WENN…
Du IT-begeistert bist und Interesse an komplexen Aufgabenstellungen sowie Freude an Problemlösungen hast
Du Freude sowohl an selbstständigem Arbeiten als auch an Teamarbeit hast
Du erste Hard- und Software-Kenntnisse besitzt
DU SOLLTEST AUF KEINEN FALL FACHINFORMATIKER (M/W/D) WERDEN, WENN…
Du draußen an der frischen Luft arbeiten möchtest
Geduld nicht zu deinen Stärken gehört
Du technisch unbegabt bist
WARUM EINE AUSBILDUNG BEI DER STADTVERWALTUNG SCHWÄBISCH GMÜND?
moderner, zukunfts- und standortsicherer Arbeitsplatz
gute Weiterbildungsmöglichkeiten
Dein Anfahrtsweg mit Bus und Bahn wird finanziell unterstützt
wöchentliche gemeinsame Lernnachmittage
Angebote im Bereich der Gesundheitsförderung
gemeinsame Ausflüge und Projekte
Chancengleichheit, Vielfalt, Inklusion und Integration sind für die Stadt Schwäbisch Gmünd selbstverständlich
BEWIRB DICH JETZT!
Mehr anzeigen
Arbeitsorte
Karte anzeigen
Marktplatz 1, 73525 Schwäbisch Gmünd
Unternehmensdarstellung: Stadtverwaltung Schwäbisch Gmünd
Stadtverwaltung Schwäbisch Gmünd
Alle Stellen anzeigen
Webseiten
Homepage
Informationen zur Bewerbung
Sicherheitsabfrage",Ausbildung | Stellendetails zu: 2027,ae,,,,,empty,,javascript:,javascript:,javascript:,externe,"Wir schützen die Kontaktdaten des Arbeitgebers vor unerlaubten Zugriffen. Bitte geben Sie die dargestellten Zeichen in das Textfeld ein, um die Kontaktdaten des Arbeitgebers anzuzeigen.
Anderes Bild laden
Audioversion abspielen
Hinweis: Die dargestellten Zeichen enthalten keine Umlaute (ä, ö, ü oder ß), Sonderzeichen oder Leerzeichen.
Dargestellte Zeichen
Absenden
Fußbereich
Stelle betreut durch die BA
Referenz-Nr.: 10000-1206660918-S
Verstoß melden",,,ausbildungsstellen_de,https://www.arbeitsagentur.de/jobsuche/jobdetail/10000-1206660918-S,False,,33,,,,2026-06-13T10:43:23.317372+00:00
ASD-999960000734058643,ausbildungsstellen_ae,,,,,"Stellendetails zu: Ausbildung Fachinformatiker - Anwendungsentwicklung (w/m/d) 2026

Das erwartet dich in der Ausbildung bei Peopleware:
Hoch individuelle Ausbildung: Wir unterstützen deine persönliche und berufliche Entwicklung, damit du das Beste aus dir herausholen kannst. Dies ermöglichen wir dir durch eine maßgeschneiderte Ausbildung mit spannenden Themen, individuellen Entwicklungsmöglichkeiten sowie viel Freiraum zum Lernen, Wachsen, Entfalten und Ausprobieren.
Praxisbezug von Anfang an: Theorie ist wichtig, aber Praxis ist unersetzlich. Daher wirst du, nach einer vorhergehenden umfangreichen Einarbeitungsphase, direkt in unsere Enwicklungs-Teams integriert. Du lernst von erfahrenen Software Engineers, die ihr Wissen und ihre Erfahrung mit dir teilen, und arbeitest an echten Herausforderungen sowie der Entwicklung unserer Softwareprodukte mit.
Technologische Vielfalt: Tauche ein in die Welt von Ruby, TypeScript, Python, HTML, CSS und Linux und lerne Methoden wie Pair Programming, agiles Arbeiten und testgetriebene Entwicklung (TDD) kennen.
Duales Lernen: Du verbringst pro Woche jeweils 1,5 Tage im Berufskolleg Hilden und 3,5 Tage direkt bei uns im Unternehmen.
Diese Ausbildung ist genau das Richtige für dich, wenn:
Dich IT/Software-Themen, moderne Technologien, Apps und/oder Programmiersprachen begeistern.
Du erste Erfahrungen im IT-Bereich mitbringst, z.B. durch eigene Projekte und Interessen in deiner Freizeit, Praktika, IT-Kurse oder sonstige Vorbildung im Bereich Software/IT.
Du motiviert bist, dich in komplexe Zusammenhänge einzuarbeiten und daran zu wachsen.
Du dich in einem internationalen Umfeld und im Englischen wohlfühlst.
Du Spaß daran hast, sowohl im Team als auch eigenständig zu arbeiten und Verantwortung zu übernehmen.

Das bieten wir dir:
Wir lassen dich nicht allein: Deine erfahrenen Ausbilder begleiten dich vom ersten Tag an bis zu deinem IHK-Abschluss, inklusive intensiver Prüfungsvorbereitung.
Übernahme: Bei erfolgreich bestandener Ausbildung und passender Eignung geht deine Reise selbstverständlich mit uns weiter.
Langjährige Ausbildungsexpertise: Wir bilden seit 2015 im Bereich Fachinformatik für Anwendungsentwicklung aus und bringen unser Know-how jährlich in die Ausbildung engagierter Talente ein.
High-end IT-Equipment: Für die Zeit deiner Ausbildung statten wir dich direkt am ersten Tag mit einem MacBook aus.
All-inclusive: Von kostenlosen, täglichen Mahlzeiten (Frühstück, Mittagessen, Snacks), kostenfreien Tickets für den öffentlichen Personennahverkehr über eine betriebliche Altersvorsorge bis hin zu einer überdurchschnittlichen Vergütung - wir bieten dir ein Rundum-Sorglos-Paket.
Kurz zu Peopleware:
Wir bei Peopleware blicken auf 30 Jahre Erfahrung als erfolgreiches Software-Unternehmen zurück. Wir entwickeln eigene, cloud-basierte SaaS-Produkte (Software as a Service) im Bereich Workforce Management (WFM) und Digital Education, mit denen unsere weltweiten Geschäftskunden ihre komplexen Probleme gezielt und einfach lösen können. Bei Peopleware findest du flache Hierarchien sowie eigenverantwortliche und vielfältige Teams mit internationalen Kollegen. Und: Wir sind ein zertifizierter Great Place to Work.
Lässt dieses Ausbildungsangebot dein Herz höher schlagen?
Dann bewirb dich jetzt und gestalte aktiv die digitale Zukunft mit uns!
Chancengleichheit, Diversität und Inklusion sind bei uns nicht nur Worte, sondern gelebte Kultur. Jede:r qualifizierte Bewerber:in ist willkommen, unabhängig von ethnischer Zugehörigkeit, Hautfarbe, nationaler Herkunft, Religion, Geschlecht, Geschlechtsidentität, sexueller Orientierung, Schwangerschaft, Alter oder Behinderung.
Wir freuen uns auf dich!
Mehr anzeigen
Arbeitsorte
Karte anzeigen
Speditionstraße 5, 40221 Düsseldorf
Unternehmensdarstellung: Peopleware
Peopleware
Über Peopleware:
Aktuell sind wir ca. 120 Mitarbeiter, die an 7 internationalen Standorten arbeiten. Seit 1995 entwickeln wir unsere eigenen Softwareprodukte (SaaS) in den Bereichen Workforce Management und Digital Education. Tausende von Geschäftskunden weltweit nutzen unsere Lösungen. Wir legen Wert auf Einfachheit, Vertrauen und Teamarbeit. Bei Peopleware findest Du flache Hierarchien sowie eigenverantwortliche und vielfältige Teams.
Und: Wir sind ein zertifizierter Great Place to Work.
Vorteile für Mitarbeitende
Flexible Arbeitszeiten
Homeoffice / Mobiles Arbeiten
Firmenevents
Rabatte für Mitarbeitende
Weiterbildungen
Betriebliche Altersvorsorge
ÖPNV-Ticket / Job-Ticket
Kantine
Mitgestaltungsmöglichkeiten
Parkmöglichkeiten
Gute Verkehrsanbindung
Moderne technische Ausstattung
Die abgebildeten Vorteile für Mitarbeitende können je nach Abteilung und Position variieren.
Alle Stellen anzeigenIn neuem Tab öffnen
Webseiten
Karriereseite
Social Media Seiten
Informationen zur Bewerbung
Sicherheitsabfrage",,,Ausbildung | Stellendetails zu: Fachinformatiker - Anwendungsentwicklung (w/m/d) 2026,ae,,"Das bieten wir dir:
Wir lassen dich nicht allein: Deine erfahrenen Ausbilder begleiten dich vom ersten Tag an bis zu deinem IHK-Abschluss, inklusive intensiver Prüfungsvorbereitung.
Übernahme: Bei erfolgreich bestandener Ausbildung und passender Eignung geht deine Reise selbstverständlich mit uns weiter.
Langjährige Ausbildungsexpertise: Wir bilden seit 2015 im Bereich Fachinformatik für Anwendungsentwicklung aus und bringen unser Know-how jährlich in die Ausbildung engagierter Talente ein.
High-end IT-Equipment: Für die Zeit deiner Ausbildung statten wir dich direkt am ersten Tag mit einem MacBook aus.
All-inclusive: Von kostenlosen, täglichen Mahlzeiten (Frühstück, Mittagessen, Snacks), kostenfreien Tickets für den öffentlichen Personennahverkehr über eine betriebliche Altersvorsorge bis hin zu einer überdurchschnittlichen Vergütung - wir bieten dir ein Rundum-Sorglos-Paket.
Kurz zu Peopleware:
Wir bei Peopleware blicken auf 30 Jahre Erfahrung als erfolgreiches Software-Unternehmen zurück. Wir entwickeln eigene, cloud-basierte SaaS-Produkte (Software as a Service) im Bereich Workforce Management (WFM) und Digital Education, mit denen unsere weltweiten Geschäftskunden ihre komplexen Probleme gezielt und einfach lösen können. Bei Peopleware findest du flache Hierarchien sowie eigenverantwortliche und vielfältige Teams mit internationalen Kollegen. Und: Wir sind ein zertifizierter Great Place to Work.
Lässt dieses Ausbildungsangebot dein Herz höher schlagen?
Dann bewirb dich jetzt und gestalte aktiv die digitale Zukunft mit uns!
Chancengleichheit, Diversität und Inklusion sind bei uns nicht nur Worte, sondern gelebte Kultur. Jede:r qualifizierte Bewerber:in ist willkommen, unabhängig von ethnischer Zugehörigkeit, Hautfarbe, nationaler Herkunft, Religion, Geschlecht, Geschlechtsidentität, sexueller Orientierung, Schwangerschaft, Alter oder Behinderung.
Wir freuen uns auf dich!
Mehr anzeigen
Arbeitsorte
Karte anzeigen
Speditionstraße 5, 40221 Düsseldorf
Unternehmensdarstellung: Peopleware
Peopleware
Über Peopleware:
Aktuell sind wir ca. 120 Mitarbeiter, die an 7 internationalen Standorten arbeiten. Seit 1995 entwickeln wir unsere eigenen Softwareprodukte (SaaS) in den Bereichen Workforce Management und Digital Education. Tausende von Geschäftskunden weltweit nutzen unsere Lösungen. Wir legen Wert auf Einfachheit, Vertrauen und Teamarbeit. Bei Peopleware findest Du flache Hierarchien sowie eigenverantwortliche und vielfältige Teams.
Und: Wir sind ein zertifizierter Great Place to Work.
Vorteile für Mitarbeitende
Flexible Arbeitszeiten
Homeoffice / Mobiles Arbeiten
Firmenevents
Rabatte für Mitarbeitende
Weiterbildungen
Betriebliche Altersvorsorge
ÖPNV-Ticket / Job-Ticket
Kantine
Mitgestaltungsmöglichkeiten
Parkmöglichkeiten
Gute Verkehrsanbindung
Moderne technische Ausstattung
Die abgebildeten Vorteile für Mitarbeitende können je nach Abteilung und Position variieren.
Alle Stellen anzeigenIn neuem Tab öffnen
Webseiten
Karriereseite
Social Media Seiten
Informationen zur Bewerbung
Sicherheitsabfrage",,,empty,,javascript:,javascript:,javascript:,externe,"Wir schützen die Kontaktdaten des Arbeitgebers vor unerlaubten Zugriffen. Bitte geben Sie die dargestellten Zeichen in das Textfeld ein, um die Kontaktdaten des Arbeitgebers anzuzeigen.
Anderes Bild laden
Audioversion abspielen
Hinweis: Die dargestellten Zeichen enthalten keine Umlaute (ä, ö, ü oder ß), Sonderzeichen oder Leerzeichen.
Dargestellte Zeichen
Absenden
Fußbereich
Stelle betreut durch Arbeitgeber
Referenz-Nr.: 10001-1001956369-S
Verstoß melden",,,ausbildungsstellen_de,https://www.arbeitsagentur.de/jobsuche/jobdetail/10001-1001956369-S,False,,33,,,,2026-06-13T10:48:36.689883+00:00
ASD-999960000742294375,ausbildungsstellen_ae,,,,,Stellendetails zu: Fachinformatiker/in 2026 (m/w/d),,,Ausbildung | Stellendetails zu: Fachinformatiker/in 2026 (m/w/d),ae,,,,,empty,,http://www.rwth-aachen.de/dsgvo-information-bewerbung,http://www.rwth-aachen.de/dsgvo-information-bewerbung,http://www.rwth-aachen.de/dsgvo-information-bewerbung,externe,"Wir schützen die Kontaktdaten des Arbeitgebers vor unerlaubten Zugriffen. Bitte geben Sie die dargestellten Zeichen in das Textfeld ein, um die Kontaktdaten des Arbeitgebers anzuzeigen.
Anderes Bild laden
Audioversion abspielen
Hinweis: Die dargestellten Zeichen enthalten keine Umlaute (ä, ö, ü oder ß), Sonderzeichen oder Leerzeichen.
Dargestellte Zeichen
Absenden
Fußbereich
Stelle betreut durch die BA
Referenz-Nr.: 10000-1204127834-S
Verstoß melden","Auswahlverfahren: Bewerbungsunterlagen, Testverfahren und Vorstellungsgespräche
Persönliche Voraussetzung: Interesse an Datenverarbeitung, Freude an neuer Technik, analytisches und logisches Denkvermögen
Eignungstest: Nein.
Ausbildungsdauer: drei Jahre
Kammer: Industrie- und Handelskammer Aachen
Prüfung: Gestreckte Abschlussprüfung (Teil 1 im Ausbildungsverlauf, Teil 2 am Ende der Ausbildung)
**Doppelqualifizierung: **Bei guten Leistungen können Sie parallel zur Ausbildung die Fachhochschulreife am Berufskolleg erwerben.
Berufsbeschreibung
Die RWTH Aachen bildet Fachinformatikerinnen und ‑informatiker in der Fachrichtung Systemintegration, kurz SI, aus. Sie konzipieren und realisieren komplexe Systeme der Informations- und Telekommunikationstechnik, kurz IuK-Systeme, durch Integration von Hard- und Softwarekomponenten. Sie installieren und konfigurieren vernetzte luK-Systeme und nehmen diese in Betrieb. Sie sind in der Lage, Störungen in luK-Systemen zu beheben. Neben der Verwaltung von IT-Umgebungen nehmen sie auch Aufgaben in der Präsentation von Systemlösungen, der Beratung und bei der Schulung der Anwender wahr. Typische Einsatzgebiete sind zum Beispiel Netzwerke, Client- und Server-Systeme oder Funknetze.
Fortbildungen
Aufstiegsfortbildungen mit staatlich anerkanntem Abschluss nach der
IT-Fortbildungsverordnung:
IT-Entwicklerinnen und ‑entwickler
IT-Projektleiterin und ‑leiter
IT-Beraterin und ‑Berater
IT-Ökonomin und -Ökonom
Technische Betriebswirtin und Technischer Betriebswirt
Wirtschafts-Informatikerin und ‑Informatiker
Studium an einer Fachhochschule oder einer wissenschaftlichen Hochschule bei entsprechender schulischer Voraussetzung
Betriebliche Ausbildung
Die Ausbildung findet in den dafür ausgestatteten Hochschuleinrichtungen statt. Ergänzt wird sie durch Kurse und Seminare, die zentral im Berufsausbildungszentrum der RWTH Aachen durchgeführt werden. Im dritten Ausbildungsjahr nehmen die Auszubildenden an einem so genannten Betriebspraktikum außerhalb der Hochschule teil.
Schulische Ausbildung
Der Berufsschulunterricht findet an zwei Tagen in der Woche an dem Berufskolleg für Gestaltung und Technik der Stadt Aachen, Neuköllner Straße 15, 52068 Aachen statt.
Vergütung, Jobticket und Urlaub während der Ausbildung
VERGÜTUNG, JOBTICKET UND URLAUB WÄHREND DER AUSBILDUNG
Ausbildungsvergütung
Ausbildungsjahr: 1.296,82 Euro
Ausbildungsjahr: 1.350,96 Euro
Ausbildungsjahr: 1.400,61 Euro
(bei Ausbildungsberufen bei denen ein 4. Ausbildungsjahr gelistet ist: 4. Ausbildungsjahr 1.469,51 Euro)
vermögenswirksame Leistungen: 13,29 Euro
Jobticket als Deutschlandticket: 37,50 Euro pro Monat
Weihnachtsgeld: 95 Prozent des Novemberentgelts
Urlaubstage: 30 Tage pro Jahr
Informationen zur Erhebung personenbezogener Daten nach Artikeln 13 und 14 Datenschutz-Grundverordnung (DS-GVO) finden Sie unter: http://www.rwth-aachen.de/dsgvo-information-bewerbung
Im Sinne der Gleichbehandlung bitten wir Sie, auf ein Bewerbungsfoto zu verzichten.
Unsere Stellenausschreibungen für Ausbildungsplätze richten sich an alle Geschlechter.
Mehr anzeigen
Arbeitsorte
Karte anzeigen
Templergraben 55, 52062 Aachen
Unternehmensdarstellung: RWTH Aachen
RWTH Aachen
Alle Stellen anzeigen
Webseiten
Homepage
Informationen zur Bewerbung
Sicherheitsabfrage",,ausbildungsstellen_de,https://www.arbeitsagentur.de/jobsuche/jobdetail/10000-1204127834-S,False,,33,,,,2026-06-13T10:48:45.433233+00:00
ASD-999960000747383927,ausbildungsstellen_ae,,,,,"Stellendetails zu: Ausbildung zum/zur Fachinformatiker/in (w/m/d) für 2027

Typische Aufgaben:
• Installieren und Konfigurieren von Geräten und Systemen der Informations- und Telekommunikationstechnik
• Informieren und beraten der Kunden über Nutzungsmöglichkeiten
• Einweisen der Benutzer/innen in die Bedienung der Systeme
• Installieren von Netzwerken
• Problemanalyse und -behebung etc.
Die theoretische Ausbildung findet am Dietrich-Bonhoeffer-Berufskolleg in Detmold als Blockunterricht statt.
Die Schwerpunkte sind:
• Rechnungswesen
• Betriebswirtschaftslehre
• Digitaltechnik
• Elektrotechnik
• Anwendungsentwicklung, etc.
Die praktische Ausbildung erfolgt im IT-Bereich des Kreishauses oder in den IT-Bereichen der kreiseigenen Berufskollegs. Gib bei deiner Bewerbung gerne an, ob du dich auf beide IT-Bereiche bewirbst oder einen dieser bevorzugst.
Was wir erwarten:
• Mindestens Fachoberschulreife
• Kommunikations- und Teamfähigkeit
• Gute Schulnoten, insbesondere Mathe und Deutsch
• Geschicklichkeit im Umgang mit PCs

Was wir bieten:
Bei guten Ausbildungsleistungen erhältst du beste Übernahme- und Karrierechancen in einer familienfreundlichen Kommunalverwaltung, die u.a. über eine Betriebskita für Kinder unter drei Jahren verfügt sowie ein Ausbildungsteam, welches zur individuellen Förderung der Nachwuchskräfte beiträgt.
Heimat geben. Zukunft bieten.
https://karriere.kreis-lippe.de/de/jobposting/9107bf58262e383616d3b5b860295ec5657a387d0/apply?ref=homepage
Haben wir dein Interesse geweckt? Wir freuen uns auf deine Online-Bewerbung bis zum 31.08.2026.
Der Kreis Lippe fördert aktiv die Gleichstellung aller Mitarbeitenden und hat einen Gleichstellungsplan. Wir begrüßen deshalb Bewerbungen von Menschen jeden Geschlechts, unabhängig von deren kultureller und sozialer Herkunft, Alter, Religion, Weltanschauung, Behinderung oder sexueller Identität. Schwerbehinderte Menschen und Gleichgestellte werden bei gleicher Eignung unter Beachtung des Leistungsprinzips bevorzugt.
Online-Bewerbungen sind ausdrücklich erwünscht. Von Bewerbungen per Post oder per E-Mail bitten wir abzusehen bzw. diese nach Aufforderung online nachzureichen.
Wir bitten um Verständnis, dass Bewerbungen, die auf dem Postweg bei uns eingehen, nach Abschluss des Verfahrens aufgrund des Verwaltungsaufwands nicht zurückgeschickt werden können.
Mit allen Fragen zu unseren Ausbildungsplätzen und Studienangeboten kannst du dich gerne an unsere Ausbildungs-Hotline unter 05231 / 62-1333 wenden.
Mehr anzeigen
Arbeitsorte
Karte anzeigen
Felix-Fechenbach-Str. 5, 32756 Detmold
Unternehmensdarstellung: Kreis Lippe Uebrige Öffentl.Verwaltung
Kreis Lippe Uebrige Öffentl.Verwaltung
Alle Stellen anzeigen
Informationen zur Bewerbung
Sicherheitsabfrage",,,Ausbildung | Stellendetails zu: zum/zur Fachinformatiker/in (w/m/d) für 2027,ae,,"Was wir bieten:
Bei guten Ausbildungsleistungen erhältst du beste Übernahme- und Karrierechancen in einer familienfreundlichen Kommunalverwaltung, die u.a. über eine Betriebskita für Kinder unter drei Jahren verfügt sowie ein Ausbildungsteam, welches zur individuellen Förderung der Nachwuchskräfte beiträgt.
Heimat geben. Zukunft bieten.
https://karriere.kreis-lippe.de/de/jobposting/9107bf58262e383616d3b5b860295ec5657a387d0/apply?ref=homepage
Haben wir dein Interesse geweckt? Wir freuen uns auf deine Online-Bewerbung bis zum 31.08.2026.
Der Kreis Lippe fördert aktiv die Gleichstellung aller Mitarbeitenden und hat einen Gleichstellungsplan. Wir begrüßen deshalb Bewerbungen von Menschen jeden Geschlechts, unabhängig von deren kultureller und sozialer Herkunft, Alter, Religion, Weltanschauung, Behinderung oder sexueller Identität. Schwerbehinderte Menschen und Gleichgestellte werden bei gleicher Eignung unter Beachtung des Leistungsprinzips bevorzugt.
Online-Bewerbungen sind ausdrücklich erwünscht. Von Bewerbungen per Post oder per E-Mail bitten wir abzusehen bzw. diese nach Aufforderung online nachzureichen.
Wir bitten um Verständnis, dass Bewerbungen, die auf dem Postweg bei uns eingehen, nach Abschluss des Verfahrens aufgrund des Verwaltungsaufwands nicht zurückgeschickt werden können.
Mit allen Fragen zu unseren Ausbildungsplätzen und Studienangeboten kannst du dich gerne an unsere Ausbildungs-Hotline unter 05231 / 62-1333 wenden.
Mehr anzeigen
Arbeitsorte
Karte anzeigen
Felix-Fechenbach-Str. 5, 32756 Detmold
Unternehmensdarstellung: Kreis Lippe Uebrige Öffentl.Verwaltung
Kreis Lippe Uebrige Öffentl.Verwaltung
Alle Stellen anzeigen
Informationen zur Bewerbung
Sicherheitsabfrage",,,empty,,javascript:,javascript:,javascript:,externe,"Wir schützen die Kontaktdaten des Arbeitgebers vor unerlaubten Zugriffen. Bitte geben Sie die dargestellten Zeichen in das Textfeld ein, um die Kontaktdaten des Arbeitgebers anzuzeigen.
Anderes Bild laden
Audioversion abspielen
Hinweis: Die dargestellten Zeichen enthalten keine Umlaute (ä, ö, ü oder ß), Sonderzeichen oder Leerzeichen.
Dargestellte Zeichen
Absenden
Fußbereich
Stelle betreut durch die BA
Referenz-Nr.: 10000-1205955152-S
Verstoß melden",,,ausbildungsstellen_de,https://www.arbeitsagentur.de/jobsuche/jobdetail/10000-1205955152-S,False,,33,2026,8,2026-08-31,2026-06-13T10:48:54.431855+00:00
ASD-999960000800292468,ausbildungsstellen_ae,CompuGroup Medical SE & Co. KGaA,,,,Stellendetails zu: Ausbildung Fachinformatik für Anwendungsentwicklung (m/w/d) am Standort Oberessendorf zum 01.09.2026,,,Ausbildung | Stellendetails zu: Fachinformatik für Anwendungsentwicklung (m/w/d) am Standort Oberessendorf zum 01.09.2026,ae,,,,,empty,,javascript:,javascript:,javascript:,externe,"Übrigens, wir möchten Dir sehr gerne schon jetzt das ""Du"" anbieten. Hab also keine Scheu auch uns zu Duzen, gerne auch in Deinem Bewerbungsanschreiben und bei jedem weiteren Kontakt.
Wir freuen uns auf Deine aussagekräftige Bewerbung.
Arbeitsorte
Karte anzeigen
Unixstr. 1, 88436 Eberhardzell
Unternehmensdarstellung: CompuGroup Medical SE & Co. KGaA
CompuGroup Medical SE & Co. KGaA
Hauptsitz
Koblenz am Rhein
Gründung
1987
Betriebsgröße
über 9000
Tätigkeitsfelder und Schlagworte
IT-DienstleistungSoftwareE-HealthGesundheit
CompuGroup Medical ist eines der führenden E-Health Unternehmen weltweit und erwirtschaftete im Jahr 2023 einen Jahresumsatz von EUR 1,19 Mrd. Die Softwareprodukte des Unternehmens zur Unterstützung aller ärztlichen und organisatorischen Tätigkeiten in Arztpraxen, Apotheken, Laboren, Krankenhäusern und sozialen Einrichtungen, die Informationsdienstleistungen für alle Beteiligten im Gesundheitswesen und die webbasierten persönlichen Gesundheitsakten dienen einem sichereren und effizienteren Gesundheitswesen.
Grundlage der CompuGroup Medical Leistungen ist die einzigartige Kundenbasis, darunter Ärztinnen und Ärzte, Zahnärztinnen und -ärzte, Apotheken und sonstige Gesundheitsprofis in ambulanten und stationären Einrichtungen. Mit eigenen Standorten in 20 Ländern und Produkten in 60 Ländern weltweit ist CompuGroup Medical das E-Health Unternehmen mit einer der größten Reichweiten unter Leistungserbringern. Mehr als 9.000 hoch qualifizierte Mitarbeiterinnen und Mitarbeiter stehen für nachhaltige Lösungen bei ständig wachsenden Anforderungen im Gesundheitswesen.
Vorteile für Mitarbeitende
Jobrad
Flexible Arbeitszeiten
Firmenevents
Rabatte für Mitarbeitende
Sport- und Gesundheitsangebote
Weiterbildungen
Kantine
Mitgestaltungsmöglichkeiten
Moderne technische Ausstattung
Die abgebildeten Vorteile für Mitarbeitende können je nach Abteilung und Position variieren.
Alle Stellen anzeigenIn neuem Tab öffnen
Webseiten
Homepage
Informationen zur Bewerbung
Sicherheitsabfrage
Wir schützen die Kontaktdaten des Arbeitgebers vor unerlaubten Zugriffen. Bitte geben Sie die dargestellten Zeichen in das Textfeld ein, um die Kontaktdaten des Arbeitgebers anzuzeigen.
Anderes Bild laden
Audioversion abspielen
Hinweis: Die dargestellten Zeichen enthalten keine Umlaute (ä, ö, ü oder ß), Sonderzeichen oder Leerzeichen.
Dargestellte Zeichen
Absenden
Fußbereich
Stelle betreut durch Arbeitgeber
Referenz-Nr.: 10001-1002065936-S
Verstoß melden",,,ausbildungsstellen_de,https://www.arbeitsagentur.de/jobsuche/jobdetail/10001-1002065936-S,False,,33,2026,9,2026-09-01,2026-06-13T10:50:10.556257+00:00
ASD-999960000566347373,ausbildungsstellen_ae,Deutsche Bank AG,,,,Stellendetails zu: Ausbildung Fachinformatiker:innen Anwendungsentwicklung (d/m/w),,,Ausbildung | Stellendetails zu: Fachinformatiker:innen Anwendungsentwicklung (d/m/w),ae,,,,,empty,,javascript:,javascript:,javascript:,externe,"Wir schützen die Kontaktdaten des Arbeitgebers vor unerlaubten Zugriffen. Bitte geben Sie die dargestellten Zeichen in das Textfeld ein, um die Kontaktdaten des Arbeitgebers anzuzeigen.
Anderes Bild laden
Audioversion abspielen
Hinweis: Die dargestellten Zeichen enthalten keine Umlaute (ä, ö, ü oder ß), Sonderzeichen oder Leerzeichen.
Dargestellte Zeichen
Absenden
Fußbereich
Stelle betreut durch die BA
Referenz-Nr.: 10000-1204463579-S
Verstoß melden",,,ausbildungsstellen_de,https://www.arbeitsagentur.de/jobsuche/jobdetail/10000-1204463579-S,False,,33,,,,2026-06-13T10:44:55.624926+00:00
ASD-999960000765296958,ausbildungsstellen_ae,esmo AG,,,,Stellendetails zu: Auszubildende/n zum/zur Fachinformatiker/in (m/w/d) 2027,,,Ausbildung | Stellendetails zu: Auszubildende/n zum/zur Fachinformatiker/in (m/w/d) 2027,ae,,,,,empty,,javascript:,javascript:,javascript:,externe,"Der direkte Kontakt zu unseren Anwendern spielt in jedem Fall eine wichtige Rolle auf Deinem Weg zum IT-Spezialisten. Eingebunden in ein kleines Team, das Dich tatkräftig unterstützt, erlernst du alles Grundlegende und Weiterführende und kannst es auch unmittelbar in der Praxis anwenden, was Dir eine interessante und abwechslungsreiche Beschäftigung bietet.
----------
Anforderungen:
Mittlere Reife, (Fach-) Abitur oder Studienabbrecher
solide Vorkenntnisse im IT-Umfeld (auch selbst erworben)
spielerisches Interesse an Programmierung, Betriebssystemen, Servern und Netzwerken
Flexibilität, Engagement, Zuverlässigkeit
Teamfähigkeit
----------
Angebot:
qualifizierte und engagierte Ausbilder
optimale Verknüpfung von Theorie und Praxis
Durchlauf verschiedener interner Fachabteilungen
gemeinsame Prüfungsvorbereitung und individuelle Förderung
großzügige Sozialleistungen
Fahrgeldunterstützung für die Berufsschule
----------
Weitere Fragen zur Ausbildung richtest du bitte an unsere Personalabteilung:
Doris Beyer
Tel. +49 8031 233 88 120
Mehr anzeigen
Arbeitsorte
Karte anzeigen
Brückenstr. 1, 83022 Rosenheim, Oberbayern
Unternehmensdarstellung: esmo AG
esmo AG
Hauptsitz
Rosenheim, Oberbayern
Gründung
2001
Betriebsgröße
160
Die esmo AG ist seit mehr als 20 Jahren in Rosenheim zu Hause – und weltweit unterwegs (mit Standorten in den USA, Singapur, China & Taiwan).
Unsere Kolleginnen und Kollegen finden, dass uns genau diese Verwurzelung in der Region gepaart mit technischem Know-How zu dem gemacht hat, was wir heute sind: ein erfolgreicher Lösungsanbieter und Entwickler von Sondermaschinen, u. a. für die Halbleiterindustrie.
Wir sind nicht abgehoben, sondern immer noch ein ganz solider, krisensicherer Arbeitgeber mit ehrlicher Kommunikation auf Augenhöhe. Eigentlich möchten wir hier nicht von flachen Hierarchien reden, weil das alle tun. Aber genau das trifft es.
Auch wenn wir mittlerweile mehr als 160 Personen sind, duzen wir unseren CEO genauso wie die Kollegen in der Logistik – und wir können dabei immer alles direkt ansprechen.
Das macht Deinen Arbeitstag bei der esmo besonders:
Unsere Kolleginnen und Kollegen sagen, dass dieses hohe Maß an Vertrauen, das wir in jede/n einzelne/n setzen, besonders spannend und attraktiv ist.
Bei alledem sind wir immer offen für Deine Ideen! Nein, wir setzen sogar darauf, denn nur so können wir uns weiterentwickeln. Und Du Dich auch. Das fördern wir gerne.
Wichtig ist noch die ausgesprochen angenehme, kollegiale Atmosphäre. Anders könnten und wollten wir auch nicht arbeiten. Das macht uns aus. Und das spürst Du auch sofort
Work-Life-Balance
Arbeiten ist wichtig – aber wieder zu Kräften zu kommen und neue Ideen zu entwickeln genauso. Denn die besten Ideen entstehen einfach oft, wenn man nicht an die Arbeit denkt.
In Deinen 30 Tagen Urlaub pro Jahr kannst Du entspannen – dann will niemand etwas von Dir! Nach Feierabend übrigens auch nicht...
Unter der Woche kannst Du auch Privates regeln, etwas unternehmen oder Termine wahrnehmen – wir haben eine großzügige Gleitzeitregelung, die Dir viel Spielraum lässt. Darüber hinaus sind wir in einem hybriden Arbeitsmodell unterwegs
Vorteile für Mitarbeitende
Flexible Arbeitszeiten
Homeoffice / Mobiles Arbeiten
Firmenevents
Sport- und Gesundheitsangebote
Weiterbildungen
Betriebliche Altersvorsorge
Parkmöglichkeiten
Gute Verkehrsanbindung
Moderne technische Ausstattung
Die abgebildeten Vorteile für Mitarbeitende können je nach Abteilung und Position variieren.
Alle Stellen anzeigenIn neuem Tab öffnen
Webseiten
Homepage
Informationen zur Bewerbung
Sicherheitsabfrage
Wir schützen die Kontaktdaten des Arbeitgebers vor unerlaubten Zugriffen. Bitte geben Sie die dargestellten Zeichen in das Textfeld ein, um die Kontaktdaten des Arbeitgebers anzuzeigen.
Anderes Bild laden
Audioversion abspielen
Hinweis: Die dargestellten Zeichen enthalten keine Umlaute (ä, ö, ü oder ß), Sonderzeichen oder Leerzeichen.
Dargestellte Zeichen
Absenden
Fußbereich
Stelle betreut durch die BA
Referenz-Nr.: 10001-1002969628-S
Verstoß melden",,,ausbildungsstellen_de,https://www.arbeitsagentur.de/jobsuche/jobdetail/10001-1002969628-S,False,,33,,,,2026-06-13T10:49:28.001866+00:00
ASD-999960000519464064,ausbildungsstellen_ae,TecAlliance GmbH ISM,,,,"Stellendetails zu: Fachinformatiker (m/w/d) Fachrichtung Anwendungsentwicklung, Start 2026",,,"Ausbildung | Stellendetails zu: Fachinformatiker (m/w/d) Fachrichtung Anwendungsentwicklung, Start 2026",ae,,,,,empty,,javascript:,javascript:,javascript:,externe,"Wir schützen die Kontaktdaten des Arbeitgebers vor unerlaubten Zugriffen. Bitte geben Sie die dargestellten Zeichen in das Textfeld ein, um die Kontaktdaten des Arbeitgebers anzuzeigen.
Anderes Bild laden
Audioversion abspielen
Hinweis: Die dargestellten Zeichen enthalten keine Umlaute (ä, ö, ü oder ß), Sonderzeichen oder Leerzeichen.
Dargestellte Zeichen
Absenden
Fußbereich
Stelle betreut durch die BA
Referenz-Nr.: 10000-1201074822-S
Verstoß melden",,,ausbildungsstellen_de,https://www.arbeitsagentur.de/jobsuche/jobdetail/10000-1201074822-S,False,,33,,,,2026-06-13T10:43:50.240470+00:00
ASD-999960000567832109,ausbildungsstellen_ae,Ulmer - Kemo GmbH & Co GmbH & Co. KG,,,,Stellendetails zu: Fachinformatiker/in (m/w/d) - Anwendungsentwicklung 2026,,,Ausbildung | Stellendetails zu: Fachinformatiker/in (m/w/d) - Anwendungsentwicklung 2026,ae,,,,,empty,,javascript:,javascript:,javascript:,externe,"Wir schützen die Kontaktdaten des Arbeitgebers vor unerlaubten Zugriffen. Bitte geben Sie die dargestellten Zeichen in das Textfeld ein, um die Kontaktdaten des Arbeitgebers anzuzeigen.
Anderes Bild laden
Audioversion abspielen
Hinweis: Die dargestellten Zeichen enthalten keine Umlaute (ä, ö, ü oder ß), Sonderzeichen oder Leerzeichen.
Dargestellte Zeichen
Absenden
Fußbereich
Stelle betreut durch die BA
Referenz-Nr.: 10000-1203292548-S
Verstoß melden",,,ausbildungsstellen_de,https://www.arbeitsagentur.de/jobsuche/jobdetail/10000-1203292548-S,False,,33,,,,2026-06-13T10:45:01.715178+00:00
ASD-990610003817614992,ausbildungsstellen_ae,Evonik Operations GmbH,,,,"Stellendetails zu: Ausbildung 2026 Fachinformatiker Bachelor of Science (m/w/d) - Marl

Was wir bieten
Wir bieten dir eine abwechslungsreiche und qualitativ hochwertige Ausbildung in verschiedensten Berufen der Naturwissenschaft, Technik, Logistik, Gastronomie und der kaufmännischen Verwaltung. Bei uns als top Ausbildungsbetrieb kannst du dich unter anderem über die folgenden Vorteile freuen:
Ausbildungsvergütung
Bereits im ersten Ausbildungsjahr erhältst du über 1.100 €/Monat Gehalt. Danach steigt dein Monatsgehalt pro Ausbildungsjahr. On top erhältst du noch Zusatzleistungen wie Urlaubs- und Weihnachtsgeld.
Urlaub und Arbeitszeit
Wir bieten dir eine gute Work-Life-Balance mit 30 Urlaubstagen und modernen Arbeitszeitmodellen.
Spaß bei der Arbeit
Wir bieten dir ein gutes Arbeitsklima mit vielseitigen Praxiseinsätzen in großartigen Teams
kostenfreie Lernunterstützung Wir bieten dir Unterstützung beim Lernen und eine gute Betreuung durch den Betrieb
…und vieles mehr!
Verantwortlichkeiten
Theoriephasen an der Westfälischen Hochschule in Gelsenkirchen:
Studium bietet eine Kombination aus betriebswirtschaftlichem und informationstechnischem Wissen
Fundiertes theoretisches Grundwissen mit Praxisbezug
Lernen Softwarelösungen zur Unterstützung betriebswirtschaftlicher Aufgabenstellungen zu erstellen und zum Einsatz zu bringen, wie auch Geschäftsprozesse zu erfassen, analysieren und optimieren
Digitalisierung und Automatisierung kreativ vorantreiben und damit die Leistungsangebote optimieren
Die betriebliche Ausbildung:
Entwicklung, Installation und Optimierung neuer IT-Systeme und Cloud Services
Anwendungen von Programmiersprachen
Testen neuer Software und Hardware
Analyse von IT-gestützten Geschäftsprozessen
Mitarbeit an IT-Projekten
Daten- und Prozessanalyse zur Optimierung von IT-Systemen
Ausbildungsdauer: 3 Jahre Ausbildung / 8 Semester Studium
Ausbildungsbeginn: 01.09.2026
Ausbildungsstandort: Chemiepark Marl und Westfälische Hochschule Gelsenkirchen","1.100 €, 1.180 €, 1.288 €, 1.349 €, 1.448 €",,Ausbildung | Stellendetails zu: 2026 Fachinformatiker Bachelor of Science (m/w/d) - Marl,dpa,,"Was wir bieten
Wir bieten dir eine abwechslungsreiche und qualitativ hochwertige Ausbildung in verschiedensten Berufen der Naturwissenschaft, Technik, Logistik, Gastronomie und der kaufmännischen Verwaltung. Bei uns als top Ausbildungsbetrieb kannst du dich unter anderem über die folgenden Vorteile freuen:
Ausbildungsvergütung
Bereits im ersten Ausbildungsjahr erhältst du über 1.100 €/Monat Gehalt. Danach steigt dein Monatsgehalt pro Ausbildungsjahr. On top erhältst du noch Zusatzleistungen wie Urlaubs- und Weihnachtsgeld.
Urlaub und Arbeitszeit
Wir bieten dir eine gute Work-Life-Balance mit 30 Urlaubstagen und modernen Arbeitszeitmodellen.
Spaß bei der Arbeit
Wir bieten dir ein gutes Arbeitsklima mit vielseitigen Praxiseinsätzen in großartigen Teams
kostenfreie Lernunterstützung Wir bieten dir Unterstützung beim Lernen und eine gute Betreuung durch den Betrieb
…und vieles mehr!
Verantwortlichkeiten
Theoriephasen an der Westfälischen Hochschule in Gelsenkirchen:
Studium bietet eine Kombination aus betriebswirtschaftlichem und informationstechnischem Wissen
Fundiertes theoretisches Grundwissen mit Praxisbezug
Lernen Softwarelösungen zur Unterstützung betriebswirtschaftlicher Aufgabenstellungen zu erstellen und zum Einsatz zu bringen, wie auch Geschäftsprozesse zu erfassen, analysieren und optimieren
Digitalisierung und Automatisierung kreativ vorantreiben und damit die Leistungsangebote optimieren
Die betriebliche Ausbildung:
Entwicklung, Installation und Optimierung neuer IT-Systeme und Cloud Services
Anwendungen von Programmiersprachen
Testen neuer Software und Hardware
Analyse von IT-gestützten Geschäftsprozessen
Mitarbeit an IT-Projekten
Daten- und Prozessanalyse zur Optimierung von IT-Systemen
Ausbildungsdauer: 3 Jahre Ausbildung / 8 Semester Studium
Ausbildungsbeginn: 01.09.2026
Ausbildungsstandort: Chemiepark Marl und Westfälische Hochschule Gelsenkirchen",,,empty,ausbildung-marl@evonik.com,javascript:,javascript:,javascript:,externe,"Ansprechpartner: Oliver Lesch (ausbildung-marl@evonik.com)
Anforderungen
Allgemeine Hochschulreife
Gute Mathematik-, Informatik- und Englischkenntnisse
Kommunikationsfähigkeit und gewandte Ausdrucksweise in Wort und Schrift
Interesse an digitalen Lösungen und Programmieren sicherer Systeme
Freude an der IT-Branche und der Digitalisierung
Lust auf Analyse von Zahlen, Algorithmen und Datenstrukturen
Verantwortungsbewusstsein, Zuverlässigkeit und Teamfähigkeit
Sorgfalt, Konzentrationsfähigkeit und eigenverantwortliche Lernbereitschaft
AUSBILDUNG GESCHAFFT – WAS DANN?
Als Bachelor of Science (m/w/d) des Studiengangs Wirtschaftsinformatik hast du vielfältige Entwicklungsmöglichkeiten, beispielweise im Projektmanagement oder in der Systementwicklung. Deine berufliche Reise kann natürlich noch weitergehen: Wie wäre es zum Beispiel durch interne Workshops oder mit einem berufsbegleitendem Masterstudium? Das Ziel wählst du!
Hinweis: Aufgrund unseres Recruitingsystems Workday und teilweise automatisierten Prozessschritten werden wir im weiteren Bewerbungsprozess deine persönliche Anrede auf die Sie-Form umstellen.
Ihre Bewerbung
Um eine schnellstmögliche Bearbeitung Ihrer Bewerbung zu gewährleisten und die Umwelt zu schonen, bewerben Sie sich bitte online über unser Karriereportal. Weitere Informationen über Evonik als Arbeitgeber finden Sie unter https://careers.evonik.com.
Ihr Talent Acquisition Manager:
Anna Waterkotte, Lara Ide, Mara Winkelhagen, Oliver Lesch, Sonja Kensbock, Vanessa Jordan
Unternehmen ist Evonik Operations GmbH
Mehr anzeigen
Arbeitsorte
Karte anzeigen
Paul-Baumann-Str. 1, 45772 Marl, Westfalen
Unternehmensdarstellung: Evonik Operations GmbH
Evonik Operations GmbH
Alle Stellen anzeigen
Informationen zur Bewerbung
Sicherheitsabfrage
Wir schützen die Kontaktdaten des Arbeitgebers vor unerlaubten Zugriffen. Bitte geben Sie die dargestellten Zeichen in das Textfeld ein, um die Kontaktdaten des Arbeitgebers anzuzeigen.
Anderes Bild laden
Audioversion abspielen
Hinweis: Die dargestellten Zeichen enthalten keine Umlaute (ä, ö, ü oder ß), Sonderzeichen oder Leerzeichen.
Dargestellte Zeichen
Absenden
Fußbereich
Stelle betreut durch die BA
Referenz-Nr.: 10000-1203185821-S
Verstoß melden",,,ausbildungsstellen_de,https://www.arbeitsagentur.de/jobsuche/jobdetail/10000-1203185821-S,False,,53,2026,9,2026-09-01,2026-06-13T09:46:33.124331+00:00
ASD-990610003332645297,ausbildungsstellen_ae,SYNEQT GmbH,,,,"Stellendetails zu: Ausbildung 2027 Fachinformatiker Bachelor of Science (m/w/d) - Marl

Was wir bieten
Wir bieten dir eine abwechslungsreiche und qualitativ hochwertige Ausbildung in verschiedensten Berufen der Naturwissenschaft, Technik, Logistik, Gastronomie und der kaufmännischen Verwaltung. Bei uns als top Ausbildungsbetrieb kannst du dich unter anderem über die folgenden Vorteile freuen:
Ausbildungsvergütung
Bereits im ersten Ausbildungsjahr erhältst du über 1.100 €/Monat Gehalt. Danach steigt dein Monatsgehalt pro Ausbildungsjahr. On top erhältst du noch Zusatzleistungen wie Urlaubs- und Weihnachtsgeld.
Urlaub und Arbeitszeit
Wir bieten dir eine gute Work-Life-Balance mit 30 Urlaubstagen und modernen Arbeitszeitmodellen.
Spaß bei der Arbeit
Wir bieten dir ein gutes Arbeitsklima mit vielseitigen Praxiseinsätzen in großartigen Teams.
kostenfreie Lernunterstützung
Wir bieten dir Unterstützung beim Lernen und eine gute Betreuung durch den Betrieb
Weitere Benefits findest du auf der Landing-Page unserer Ausbildungsseite.
Verantwortlichkeiten
Theoriephasen an der Westfälischen Hochschule in Gelsenkirchen:
Studium bietet eine Kombination aus betriebswirtschaftlichem und informationstechnischem Wissen
Fundiertes theoretisches Grundwissen mit Praxisbezug
Lernen Softwarelösungen zur Unterstützung betriebswirtschaftlicher Aufgabenstellungen zu erstellen und zum Einsatz zu bringen, wie auch Geschäftsprozesse zu erfassen, analysieren und optimieren
Digitalisierung und Automatisierung kreativ vorantreiben und damit die Leistungsangebote optimieren
Die betriebliche Ausbildung:
Entwicklung, Installation und Optimierung neuer IT-Systeme und Cloud Services
Anwendungen von Programmiersprachen
Testen neuer Software und Hardware
Analyse von IT-gestützten Geschäftsprozessen
Mitarbeit an IT-Projekten
Daten- und Prozessanalyse zur Optimierung von IT-Systemen
Ausbildungsdauer: 3 Jahre Ausbildung / 8 Semester Studium
Ausbildungsbeginn: 01.09.2027
Ausbildungsstandort: Chemiepark Marl und Westfälische Hochschule Gelsenkirchen
Deine Vorteile bei uns
Bei uns sollst du dich von Anfang an wohlfühlen. Hierauf kannst du dich bei uns freuen:
Attraktive tarifliche Zusatzleistungen
Zukunftsbetrag von 23 % der monatlichen Ausbildungsvergütung.
Fahrtkostenzuschuss
Abhängig von der Entfernung deines Wohnortes zu deinem Evonik-Standort bzw. Berufsschule/Hochschule, erhältst du von uns einen Zuschuss zu deinen Fahrtkosten.
Einführungswoche
Gemeinsame Aktionswoche, um den Start in die Ausbildung zu erleichtern.
Gut versorgt
Ob Kantine oder Altersvorsorge – bei uns wirst du gut versorgt.
Moderne Ausstattung
Weg von Papier und Stift - bei uns nutzt du während deiner Ausbildung personalisierte Notebooks oder iPads.
Flexibles Lernen mit der Evonik-Mediathek
In mehreren Sprachen und rund um die Uhr - von Lernplänen, Q&As bis hin zu Quizzes und Games ist alles dabei!
Mehr anzeigen
Arbeitsorte
Karte anzeigen
Marl, Westfalen
Unternehmensdarstellung: SYNEQT GmbH
SYNEQT GmbH
Alle Stellen anzeigen
Informationen zur Bewerbung
Sicherheitsabfrage",1.100 €,,Ausbildung | Stellendetails zu: 2027 Fachinformatiker Bachelor of Science (m/w/d) - Marl,dpa,,"Was wir bieten
Wir bieten dir eine abwechslungsreiche und qualitativ hochwertige Ausbildung in verschiedensten Berufen der Naturwissenschaft, Technik, Logistik, Gastronomie und der kaufmännischen Verwaltung. Bei uns als top Ausbildungsbetrieb kannst du dich unter anderem über die folgenden Vorteile freuen:
Ausbildungsvergütung
Bereits im ersten Ausbildungsjahr erhältst du über 1.100 €/Monat Gehalt. Danach steigt dein Monatsgehalt pro Ausbildungsjahr. On top erhältst du noch Zusatzleistungen wie Urlaubs- und Weihnachtsgeld.
Urlaub und Arbeitszeit
Wir bieten dir eine gute Work-Life-Balance mit 30 Urlaubstagen und modernen Arbeitszeitmodellen.
Spaß bei der Arbeit
Wir bieten dir ein gutes Arbeitsklima mit vielseitigen Praxiseinsätzen in großartigen Teams.
kostenfreie Lernunterstützung
Wir bieten dir Unterstützung beim Lernen und eine gute Betreuung durch den Betrieb
Weitere Benefits findest du auf der Landing-Page unserer Ausbildungsseite.
Verantwortlichkeiten
Theoriephasen an der Westfälischen Hochschule in Gelsenkirchen:
Studium bietet eine Kombination aus betriebswirtschaftlichem und informationstechnischem Wissen
Fundiertes theoretisches Grundwissen mit Praxisbezug
Lernen Softwarelösungen zur Unterstützung betriebswirtschaftlicher Aufgabenstellungen zu erstellen und zum Einsatz zu bringen, wie auch Geschäftsprozesse zu erfassen, analysieren und optimieren
Digitalisierung und Automatisierung kreativ vorantreiben und damit die Leistungsangebote optimieren
Die betriebliche Ausbildung:
Entwicklung, Installation und Optimierung neuer IT-Systeme und Cloud Services
Anwendungen von Programmiersprachen
Testen neuer Software und Hardware
Analyse von IT-gestützten Geschäftsprozessen
Mitarbeit an IT-Projekten
Daten- und Prozessanalyse zur Optimierung von IT-Systemen
Ausbildungsdauer: 3 Jahre Ausbildung / 8 Semester Studium
Ausbildungsbeginn: 01.09.2027
Ausbildungsstandort: Chemiepark Marl und Westfälische Hochschule Gelsenkirchen
Deine Vorteile bei uns
Bei uns sollst du dich von Anfang an wohlfühlen. Hierauf kannst du dich bei uns freuen:
Attraktive tarifliche Zusatzleistungen
Zukunftsbetrag von 23 % der monatlichen Ausbildungsvergütung.
Fahrtkostenzuschuss
Abhängig von der Entfernung deines Wohnortes zu deinem Evonik-Standort bzw. Berufsschule/Hochschule, erhältst du von uns einen Zuschuss zu deinen Fahrtkosten.
Einführungswoche
Gemeinsame Aktionswoche, um den Start in die Ausbildung zu erleichtern.
Gut versorgt
Ob Kantine oder Altersvorsorge – bei uns wirst du gut versorgt.
Moderne Ausstattung
Weg von Papier und Stift - bei uns nutzt du während deiner Ausbildung personalisierte Notebooks oder iPads.
Flexibles Lernen mit der Evonik-Mediathek
In mehreren Sprachen und rund um die Uhr - von Lernplänen, Q&As bis hin zu Quizzes und Games ist alles dabei!
Mehr anzeigen
Arbeitsorte
Karte anzeigen
Marl, Westfalen
Unternehmensdarstellung: SYNEQT GmbH
SYNEQT GmbH
Alle Stellen anzeigen
Informationen zur Bewerbung
Sicherheitsabfrage",,,empty,ausbildung-marl@evonik.com,javascript:,javascript:,javascript:,externe,"**Ansprechpartner: **Oliver Lesch (ausbildung-marl@evonik.com)
Anforderungen:
Allgemeine Hochschulreife
Gute Mathematik-, Informatik- und Englischkenntnisse
Kommunikationsfähigkeit und gewandte Ausdrucksweise in Wort und Schrift
Interesse an digitalen Lösungen und Programmieren sicherer Systeme
Freude an der IT-Branche und der Digitalisierung
Lust auf Analyse von Zahlen, Algorithmen und Datenstrukturen
Verantwortungsbewusstsein, Zuverlässigkeit und Teamfähigkeit
Sorgfalt, Konzentrationsfähigkeit und eigenverantwortliche Lernbereitschaft
AUSBILDUNG GESCHAFFT – WAS DANN?
Als Bachelor of Science (m/w/d) des Studiengangs Wirtschaftsinformatik hast du vielfältige Entwicklungsmöglichkeiten, beispielweise im Projektmanagement oder in der Systementwicklung. Deine berufliche Reise kann natürlich noch weitergehen: Wie wäre es zum Beispiel durch interne Workshops oder mit einem berufsbegleitendem Masterstudium? Das Ziel wählst du!
Hinweis: Aufgrund unseres Recruitingsystems Workday und teilweise automatisierten Prozessschritten werden wir im weiteren Bewerbungsprozess deine persönliche Anrede auf die Sie-Form umstellen.
Wir schützen die Kontaktdaten des Arbeitgebers vor unerlaubten Zugriffen. Bitte geben Sie die dargestellten Zeichen in das Textfeld ein, um die Kontaktdaten des Arbeitgebers anzuzeigen.
Anderes Bild laden
Audioversion abspielen
Hinweis: Die dargestellten Zeichen enthalten keine Umlaute (ä, ö, ü oder ß), Sonderzeichen oder Leerzeichen.
Dargestellte Zeichen
Absenden
Fußbereich
Stelle betreut durch die BA
Referenz-Nr.: 10000-1206744232-S
Verstoß melden",,,ausbildungsstellen_de,https://www.arbeitsagentur.de/jobsuche/jobdetail/10000-1206744232-S,False,,53,2027,9,2027-09-01,2026-06-13T09:45:52.440879+00:00
ASD-999960000594825465,ausbildungsstellen_ae,SYNEQT GmbH,,,,"Stellendetails zu: Ausbildung 2027 Fachinformatiker (m/w/d) - Marl

Was wir bieten
Wir bieten dir eine abwechslungsreiche und qualitativ hochwertige Ausbildung in verschiedensten Berufen der Naturwissenschaft, Technik, Logistik, Gastronomie und der kaufmännischen Verwaltung. Bei uns als top Ausbildungsbetrieb kannst du dich unter anderem über die folgenden Vorteile freuen:
Ausbildungsvergütung
Bereits im ersten Ausbildungsjahr erhältst du über 1.100 €/Monat Gehalt. Danach steigt dein Monatsgehalt pro Ausbildungsjahr. On top erhältst du noch Zusatzleistungen wie Urlaubs- und Weihnachtsgeld.
Urlaub und Arbeitszeit
Wir bieten dir eine gute Work-Life-Balance mit 30 Urlaubstagen und modernen Arbeitszeitmodellen.
Spaß bei der Arbeit
Wir bieten dir ein gutes Arbeitsklima mit vielseitigen Praxiseinsätzen in großartigen Teams
kostenfreie Lernunterstützung
Wir bieten dir Unterstützung beim Lernen und eine gute Betreuung durch den Betrieb
…und vieles mehr!
Weitere Benefits findest du auf der** Landing-Page** unserer Ausbildungsseite.
VERANTWORTLICHKEITEN
Die Ausbildung im Beruf Fachinformatiker (m/w/d) bieten wir in verschiedenen Fachrichtungen an. Demnach unterscheiden sich die Ausbildungsbestandteile je nach Fachrichtung.
Die betriebliche Ausbildung:
Entwicklung, Installation und Optimierung neuer IT-Systeme und Cloud Services
Anwendungen von Programmiersprachen
Testen neuer Software und Hardware
Analyse von IT-gestützten Geschäftsprozesse
Mitarbeit an IT-Projekten
Daten- und Prozessanalyse zur Optimierung von IT-Systemen
Die theoretische Ausbildung:
An einer regionalen Berufsschule wird Ihnen ein fundiertes Grundwissen in fachspezifischen und allgemeinbildenden Fächern vermittelt.
Ausbildungsdauer: 3 Jahre
Ausbildungsbeginn: 01.09.2027
Ausbildungsstandort: Zu unserem Ausbildungsverbund im Chemiepark Marl gehören neben den Unternehmen des Evonik Konzerns die Arcelormittal Bottrop GmbH, die Eastman Chemical HTF GmbH, die INEOS Phenol GmbH, die SABIC Polyolefine GmbH, die Sabo GmbH, die Sasol Germany GmbH, die Synthomer Deutschland GmbH, die VESTOLIT GmbH und die Weber Industrieller Rohrleitungsbau & Anlagenbau GmbH & Co. KG.
Deine Vorteile bei uns
Bei uns sollst du dich von Anfang an wohlfühlen. Hierauf kannst du dich bei uns freuen:
Attraktive tarifliche Zusatzleistungen
Zukunftsbetrag von 23 % der monatlichen Ausbildungsvergütung.
Fahrtkostenzuschuss
Abhängig von der Entfernung deines Wohnortes zu deinem Evonik-Standort bzw. Berufsschule/Hochschule, erhältst du von uns einen Zuschuss zu deinen Fahrtkosten.
Einführungswoche
Gemeinsame Aktionswoche, um den Start in die Ausbildung zu erleichtern.
Gut versorgt
Ob Kantine oder Altersvorsorge – bei uns wirst du gut versorgt.
Moderne Ausstattung
Weg von Papier und Stift - bei uns nutzt du während deiner Ausbildung personalisierte Notebooks oder iPads.
Flexibles Lernen mit der Evonik-Mediathek
In mehreren Sprachen und rund um die Uhr - von Lernplänen, Q&As bis hin zu Quizzes und Games ist alles dabei!
Mehr anzeigen
Arbeitsorte
Karte anzeigen
Marl, Westfalen
Unternehmensdarstellung: SYNEQT GmbH
SYNEQT GmbH
Alle Stellen anzeigen
Informationen zur Bewerbung
Sicherheitsabfrage","1.100 €, 1.180 €, 1.288 €, 1.349 €",,Ausbildung | Stellendetails zu: 2027 Fachinformatiker (m/w/d) - Marl,dpa,,"Was wir bieten
Wir bieten dir eine abwechslungsreiche und qualitativ hochwertige Ausbildung in verschiedensten Berufen der Naturwissenschaft, Technik, Logistik, Gastronomie und der kaufmännischen Verwaltung. Bei uns als top Ausbildungsbetrieb kannst du dich unter anderem über die folgenden Vorteile freuen:
Ausbildungsvergütung
Bereits im ersten Ausbildungsjahr erhältst du über 1.100 €/Monat Gehalt. Danach steigt dein Monatsgehalt pro Ausbildungsjahr. On top erhältst du noch Zusatzleistungen wie Urlaubs- und Weihnachtsgeld.
Urlaub und Arbeitszeit
Wir bieten dir eine gute Work-Life-Balance mit 30 Urlaubstagen und modernen Arbeitszeitmodellen.
Spaß bei der Arbeit
Wir bieten dir ein gutes Arbeitsklima mit vielseitigen Praxiseinsätzen in großartigen Teams
kostenfreie Lernunterstützung
Wir bieten dir Unterstützung beim Lernen und eine gute Betreuung durch den Betrieb
…und vieles mehr!
Weitere Benefits findest du auf der** Landing-Page** unserer Ausbildungsseite.
VERANTWORTLICHKEITEN
Die Ausbildung im Beruf Fachinformatiker (m/w/d) bieten wir in verschiedenen Fachrichtungen an. Demnach unterscheiden sich die Ausbildungsbestandteile je nach Fachrichtung.
Die betriebliche Ausbildung:
Entwicklung, Installation und Optimierung neuer IT-Systeme und Cloud Services
Anwendungen von Programmiersprachen
Testen neuer Software und Hardware
Analyse von IT-gestützten Geschäftsprozesse
Mitarbeit an IT-Projekten
Daten- und Prozessanalyse zur Optimierung von IT-Systemen
Die theoretische Ausbildung:
An einer regionalen Berufsschule wird Ihnen ein fundiertes Grundwissen in fachspezifischen und allgemeinbildenden Fächern vermittelt.
Ausbildungsdauer: 3 Jahre
Ausbildungsbeginn: 01.09.2027
Ausbildungsstandort: Zu unserem Ausbildungsverbund im Chemiepark Marl gehören neben den Unternehmen des Evonik Konzerns die Arcelormittal Bottrop GmbH, die Eastman Chemical HTF GmbH, die INEOS Phenol GmbH, die SABIC Polyolefine GmbH, die Sabo GmbH, die Sasol Germany GmbH, die Synthomer Deutschland GmbH, die VESTOLIT GmbH und die Weber Industrieller Rohrleitungsbau & Anlagenbau GmbH & Co. KG.
Deine Vorteile bei uns
Bei uns sollst du dich von Anfang an wohlfühlen. Hierauf kannst du dich bei uns freuen:
Attraktive tarifliche Zusatzleistungen
Zukunftsbetrag von 23 % der monatlichen Ausbildungsvergütung.
Fahrtkostenzuschuss
Abhängig von der Entfernung deines Wohnortes zu deinem Evonik-Standort bzw. Berufsschule/Hochschule, erhältst du von uns einen Zuschuss zu deinen Fahrtkosten.
Einführungswoche
Gemeinsame Aktionswoche, um den Start in die Ausbildung zu erleichtern.
Gut versorgt
Ob Kantine oder Altersvorsorge – bei uns wirst du gut versorgt.
Moderne Ausstattung
Weg von Papier und Stift - bei uns nutzt du während deiner Ausbildung personalisierte Notebooks oder iPads.
Flexibles Lernen mit der Evonik-Mediathek
In mehreren Sprachen und rund um die Uhr - von Lernplänen, Q&As bis hin zu Quizzes und Games ist alles dabei!
Mehr anzeigen
Arbeitsorte
Karte anzeigen
Marl, Westfalen
Unternehmensdarstellung: SYNEQT GmbH
SYNEQT GmbH
Alle Stellen anzeigen
Informationen zur Bewerbung
Sicherheitsabfrage",,,empty,ausbildung-marl@evonik.com,javascript:,javascript:,javascript:,externe,"**Ansprechpartner: **Oliver Lesch (ausbildung-marl@evonik.com)
ANFORDERUNGEN
Fachoberschulreife/Mittlere Reife oder höherer Schulabschluss
Kommunikationstalent und Teamplayer
gute Englisch-, Mathe- und Deutschkenntnisse
ausgeprägtes analytisches Denkvermögen
Spaß an Herausforderungen und am Lösen von Problemen
Freude im Umgang mit IT-Systemen und Anwendungen
Verantwortungsbewusstsein, Zuverlässigkeit und Teamfähigkeit
AUSBILDUNG GESCHAFFT – WAS DANN?
Fachinformatiker (m/w/d) sind die Digitalisierungsprofis im Unternehmen. Sie sorgen in allen möglichen Unternehmensbereichen für sichere Netzwerk- und IT-Architekturen. Deine berufliche Reise kann natürlich noch weitergehen: Wie wäre es zum Beispiel mit einer Weiterbildung zum Betriebswirt (m/w/d) oder Spezialisierung durch IT-Zertifizierungen? Das Ziel wählst du!
Hinweis: Aufgrund unseres Recruitingsystems Workday und teilweise automatisierten Prozessschritten werden wir im weiteren Bewerbungsprozess deine persönliche Anrede auf die Sie-Form umstellen.
Wir schützen die Kontaktdaten des Arbeitgebers vor unerlaubten Zugriffen. Bitte geben Sie die dargestellten Zeichen in das Textfeld ein, um die Kontaktdaten des Arbeitgebers anzuzeigen.
Anderes Bild laden
Audioversion abspielen
Hinweis: Die dargestellten Zeichen enthalten keine Umlaute (ä, ö, ü oder ß), Sonderzeichen oder Leerzeichen.
Dargestellte Zeichen
Absenden
Fußbereich
Stelle betreut durch die BA
Referenz-Nr.: 10000-1206744247-S
Verstoß melden
© Bundesagentur für Arbeit 2026
Impressum
Information & Hilfe
Datenschutz
Rechtliche Hinweise
Erklärung zur Barrierefreiheit
Barrieren melden",,,ausbildungsstellen_de,https://www.arbeitsagentur.de/jobsuche/jobdetail/10000-1206744247-S,False,,53,2027,9,2027-09-01,2026-06-13T10:45:31.960978+00:00
ASD-990610002130420511,ausbildungsstellen_ae,Computacenter AG & Co. oHG,,,,"Stellendetails zu: Fachinformatiker/in Systemintegration w/m/d mit dualem Studium Informatik an der BHH - Ausbildung

Deine Aufgaben
Planung und Umsetzung komplexer IT-System-Lösungen und deren Dokumentation
Beheben von Fehlern durch den Einsatz von Experten- und Diagnosesystemen
Analyse und Entwicklung von Netzwerken unter Beachtung von IT-Sicherheitsaspekten
Fokusthemen Studium: IT-Security, Mensch-Computer-Interaktion, Algorithmen und Datenstrukturen. Dein Lehrplan umfasst aber auch Einführungs- und Grundlagenmodule wie Mathematik, Betriebswirtschaftslehre, Datenschutz und rechtliche Grundlagen
Inhalte des Studiums sind in dem Berufsschulunterricht verzahnt. Zusätzlich gibt es Seminare an den Berufsschultagen oder in Präsenzphasen an der Beruflichen Hochschule.
Parallel zum Studium Informatik an der BHH absolvierst Du Deine dreijährige Ausbildung zur/m Fachinformatiker/in Systemintegration und am Ende hast Du zwei Abschlüsse in der Tasche. Du arbeitest schwerpunktmäßig in internen IT-Abteilungen und bei unseren Kunden vor Ort und erfährst, wie man IT-Systeme plant, aufbaut, einrichtet und pflegt. Zudem wirst Du in Deinem Studium die Grundlagen zur Entwicklung von Software-Systemen vermittelt bekommen und erlangst akademische Kompetenzen.
Nach 1,5 Jahren darfst Du - basierend auf deinen Erfahrungswerten - erneut über Deinen Bildungsweg entscheiden: die Fortsetzung der Doppelqualifizierung oder die Weiterführung der betrieblichen Ausbildung zur/m Fachinformatiker/in Systemintegration. Natürlich stehen wir Dir bei dieser Entscheidung beratend zur Seite.

Dein Profil
Ein gutes (Fach-)Abitur
Mathematisch-technisches Verständnis
Spaß an der Arbeit im Team, aber auch an selbstständigem Problemlösen
Reisebereitschaft für den Einsatz bei unseren Kunden vor Ort
Im Idealfall sogar schon erste praktische Erfahrungen, z.B. im Rahmen eines Schülerpraktikums

Wir bieten
Eigenes, aktuelles Notebook
Regelmäßige Trainings, sowohl fachspezifisch als auch berufsübergreifend
Sehr gute Übernahmechancen – durchschnittliche Übernahmequote: 84%
Prämien bei guten und sehr guten IHK-Abschlüssen
Ausbildung bei Computacenter:
Mach IT auch zu Deiner Zukunft und starte Deine Ausbildung bei uns – Europas führendem herstellerübergreifenden IT-Dienstleister. Hier arbeiten rund 18.000 Menschen weltweit an großen Projekten für internationale Kunden. Dazu zählen unter anderem die Mehrheit der DAX-40-Unternehmen, aber auch öffentliche Auftraggeber auf Länder- und Bundesebene.
Deine Bewerbung
Wir freuen uns auf Deine Online-Bewerbung, unabhängig von Geschlecht, Alter, sexueller Orientierung, Nationalität, ethnischer und sozialer Herkunft sowie Religion. Bewerbungen von schwerbehinderten Menschen sind bei Computacenter willkommen und werden bei gleicher Eignung bevorzugt berücksichtigt.",,"Dein Profil
Ein gutes (Fach-)Abitur
Mathematisch-technisches Verständnis
Spaß an der Arbeit im Team, aber auch an selbstständigem Problemlösen
Reisebereitschaft für den Einsatz bei unseren Kunden vor Ort
Im Idealfall sogar schon erste praktische Erfahrungen, z.B. im Rahmen eines Schülerpraktikums",Ausbildung | Stellendetails zu: Fachinformatiker/in Systemintegration w/m/d mit dualem Studium Informatik an der BHH - Ausbildung,si,,"Wir bieten
Eigenes, aktuelles Notebook
Regelmäßige Trainings, sowohl fachspezifisch als auch berufsübergreifend
Sehr gute Übernahmechancen – durchschnittliche Übernahmequote: 84%
Prämien bei guten und sehr guten IHK-Abschlüssen
Ausbildung bei Computacenter:
Mach IT auch zu Deiner Zukunft und starte Deine Ausbildung bei uns – Europas führendem herstellerübergreifenden IT-Dienstleister. Hier arbeiten rund 18.000 Menschen weltweit an großen Projekten für internationale Kunden. Dazu zählen unter anderem die Mehrheit der DAX-40-Unternehmen, aber auch öffentliche Auftraggeber auf Länder- und Bundesebene.
Deine Bewerbung
Wir freuen uns auf Deine Online-Bewerbung, unabhängig von Geschlecht, Alter, sexueller Orientierung, Nationalität, ethnischer und sozialer Herkunft sowie Religion. Bewerbungen von schwerbehinderten Menschen sind bei Computacenter willkommen und werden bei gleicher Eignung bevorzugt berücksichtigt.",,,empty,Pascal.Deschka@computacenter.com,javascript:,javascript:,javascript:,externe,"Wir schützen die Kontaktdaten des Arbeitgebers vor unerlaubten Zugriffen. Bitte geben Sie die dargestellten Zeichen in das Textfeld ein, um die Kontaktdaten des Arbeitgebers anzuzeigen.
Anderes Bild laden
Audioversion abspielen
Hinweis: Die dargestellten Zeichen enthalten keine Umlaute (ä, ö, ü oder ß), Sonderzeichen oder Leerzeichen.
Dargestellte Zeichen
Absenden
Fußbereich
Stelle betreut durch die BA
Referenz-Nr.: 10001-1001687538-S
Verstoß melden","Reiche dabei bitte Deine vollständigen Unterlagen ein (Anschreiben, Lebenslauf und mindestens Deine letzten beiden Schulzeugnisse und etwaige Praktikumsbescheinigungen).
Solltest Du vorab noch Fragen haben, wende Dich gerne an Herrn Pascal Deschka unter 02273/5971107/ Pascal.Deschka@computacenter.com oder an unsere kostenlose Karriere-Hotline unter +49 800 4682326.
Für weitere Informationen besuche uns gerne auf unserer Homepage.
Mehr anzeigen
Arbeitsorte
Karte anzeigen
Sachsenkamp 4, 20097 Hamburg
Unternehmensdarstellung: Computacenter AG & Co. oHG
Computacenter AG & Co. oHG
Wir bitten um Ihre Onlinebewerbung. Postbewerbungen werden mit der Bitte um eine Onlinebewerbung zurückgeschickt.
Alle Stellen anzeigen
Webseiten
Homepage
Informationen zur Bewerbung
Sicherheitsabfrage",,ausbildungsstellen_de,https://www.arbeitsagentur.de/jobsuche/jobdetail/10001-1001687538-S,False,,60,,,,2026-06-13T09:44:24.125262+00:00
ASD-999960000788290668,ausbildungsstellen_ae,Erdt Systems GmbH & Co. KG,,,,"Stellendetails zu: Fachinformatiker*in (m/w/d) Systemintegration

Deine Aufgaben:
Als Auszubildende/r der Fachrichtung Systemintegration lernst du
IT-Systeme und ganze Rechnernetze zu planen, zu installieren und zu
warten und kennst dich besonders gut im Bereich der Betriebssysteme,
Rechnernetztechniken und Protokolle aus.
Auch Sicherheitsthemen wie beispielsweise Firewalls oder Verschlüsselungen
sind wichtige Bestandteile der Ausbildung. Darüber hinaus
berätst und schulst du die Benutzer. Parallel zur praktischen Ausbildung
erarbeitest du das entsprechende theoretische Grundlagenwissen
im Berufsschulunterricht.

Das bringst du mit:
Einen guten Schulabschluss (mindestens mittlere Reife)
Mathematische Fähigkeiten und Fingergeschick
Interesse und Verständnis für Technik
Verständnis für mündliche und schriftliche Äußerungen
Hohe Lernbereitschaft und Engagement
Serviceorientiertes Arbeiten

Wir bieten:
‒ Einen sicheren Arbeitsplatz in einem erfolgreichen, wachsenden Unternehmen
‒ Freiräume für Ideen & Initiative
‒ Einen modernen Arbeitsplatz zum Wohlfühlen
‒ Weiterbildungsmöglichkeiten (z. B. Teilnahme an Fachseminaren)
30 Tage Urlaub
Betriebliche Altersvorsorge
Zuschus zur Fitnessmitgliedschaft
Mitarbeiterevents
Obst & Getränke
Bikeleasing
Food-Truck
Neugierig geworden?",,"Das bringst du mit:
Einen guten Schulabschluss (mindestens mittlere Reife)
Mathematische Fähigkeiten und Fingergeschick
Interesse und Verständnis für Technik
Verständnis für mündliche und schriftliche Äußerungen
Hohe Lernbereitschaft und Engagement
Serviceorientiertes Arbeiten",Ausbildung | Stellendetails zu: Fachinformatiker*in (m/w/d) Systemintegration,si,,"Wir bieten:
‒ Einen sicheren Arbeitsplatz in einem erfolgreichen, wachsenden Unternehmen
‒ Freiräume für Ideen & Initiative
‒ Einen modernen Arbeitsplatz zum Wohlfühlen
‒ Weiterbildungsmöglichkeiten (z. B. Teilnahme an Fachseminaren)
30 Tage Urlaub
Betriebliche Altersvorsorge
Zuschus zur Fitnessmitgliedschaft
Mitarbeiterevents
Obst & Getränke
Bikeleasing
Food-Truck
Neugierig geworden?",,,empty,bewerbung@erdt-gruppe.de,javascript:,javascript:,javascript:,externe,"Wir schützen die Kontaktdaten des Arbeitgebers vor unerlaubten Zugriffen. Bitte geben Sie die dargestellten Zeichen in das Textfeld ein, um die Kontaktdaten des Arbeitgebers anzuzeigen.
Anderes Bild laden
Audioversion abspielen
Hinweis: Die dargestellten Zeichen enthalten keine Umlaute (ä, ö, ü oder ß), Sonderzeichen oder Leerzeichen.
Dargestellte Zeichen
Absenden
Fußbereich
Stelle betreut durch die BA
Referenz-Nr.: 10000-1205439885-S
Verstoß melden","Sende uns deine Bewerbungsunterlagen über unser
Online-Formular oder per Mail. Wir freuen uns auf dich!
Personal Management Erdt Consulting GmbH
Team Recruiting – Anja Volk
Fritz-Haber-Straße 6
68519 Viernheim
bewerbung@erdt-gruppe.de
Mehr anzeigen
Arbeitsorte
Karte anzeigen
Werner-Heisenberg-Str. 2, 68519 Viernheim
Unternehmensdarstellung: Erdt Systems GmbH & Co. KG
Erdt Systems GmbH & Co. KG
Alle Stellen anzeigen
Informationen zur Bewerbung
Sicherheitsabfrage",,ausbildungsstellen_de,https://www.arbeitsagentur.de/jobsuche/jobdetail/10000-1205439885-S,False,,60,,,,2026-06-13T10:49:58.650851+00:00
ASD-999960002836003615,ausbildungsstellen_ae,AiCentive GmbH,,,,"Stellendetails zu: AUSBILDUNG Fachinformatiker*in Systemintegration (m/w/d)

Wir bieten an:
• Kundenindividuelle Lösungen mit: Python, Django, Angular, Node.js, PHP, SQL, C#
• Entwicklung von KI basierten Lösungen, Chatbots und Prozess-Automatisierung
• App- und Webentwicklung, inkl. Betrieb und Wartung
• Beratung, Organisation, Verkauf und Anschluss von technischen Geräten
Du bringst mit:
• Fähigkeit zu logisch-analytischem Denken
• technisch-praktisches Verständnis
• Kenntnisse im Programmieren
• Freude an der Programmierung im Allgemeinen, auch im privaten Umfeld
• Freude am Arbeiten im Team
• Kommunikationsfähigkeit
• du verfügst über solide Deutsch- & Englischkenntnisse in Wort und Schrift
• Abitur oder einen guten Realschulabschluss
Was wir dir bieten:
• Arbeiten mit neuester Technologie und Büroausstattung
• familiäres Arbeitsklima in einer flachen Hierarchie
• ein junges, motiviertes Team, das dir unter die Arme greift
• eine hochwertige, duale Ausbildung
• flexible Arbeitszeiten
• abwechslungsreiches Arbeiten (Arbeiten im Büro und vor Ort beim Kunden)
• auch abseits der Arbeit ein überdurchschnittlich soziales Miteinander
Du willst einen Beruf mit Zukunft erlernen? Einen Beruf, der im Zuge der Digitalisierung weltweit gefragt ist und global ausgeübt werden kann? Einen Beruf, indem du dich stetig weiterbilden, dich einbringen und deinen Horizont erweitern kannst?
Dann bewirb dich jetzt – wir freuen uns den Weg mit dir gemeinsam zu gehen!",,,Ausbildung | Stellendetails zu: AUSBILDUNG Fachinformatiker*in Systemintegration (m/w/d),si,,"Wir bieten an:
• Kundenindividuelle Lösungen mit: Python, Django, Angular, Node.js, PHP, SQL, C#
• Entwicklung von KI basierten Lösungen, Chatbots und Prozess-Automatisierung
• App- und Webentwicklung, inkl. Betrieb und Wartung
• Beratung, Organisation, Verkauf und Anschluss von technischen Geräten
Du bringst mit:
• Fähigkeit zu logisch-analytischem Denken
• technisch-praktisches Verständnis
• Kenntnisse im Programmieren
• Freude an der Programmierung im Allgemeinen, auch im privaten Umfeld
• Freude am Arbeiten im Team
• Kommunikationsfähigkeit
• du verfügst über solide Deutsch- & Englischkenntnisse in Wort und Schrift
• Abitur oder einen guten Realschulabschluss
Was wir dir bieten:
• Arbeiten mit neuester Technologie und Büroausstattung
• familiäres Arbeitsklima in einer flachen Hierarchie
• ein junges, motiviertes Team, das dir unter die Arme greift
• eine hochwertige, duale Ausbildung
• flexible Arbeitszeiten
• abwechslungsreiches Arbeiten (Arbeiten im Büro und vor Ort beim Kunden)
• auch abseits der Arbeit ein überdurchschnittlich soziales Miteinander
Du willst einen Beruf mit Zukunft erlernen? Einen Beruf, der im Zuge der Digitalisierung weltweit gefragt ist und global ausgeübt werden kann? Einen Beruf, indem du dich stetig weiterbilden, dich einbringen und deinen Horizont erweitern kannst?
Dann bewirb dich jetzt – wir freuen uns den Weg mit dir gemeinsam zu gehen!",,,empty,job@aicentive.com,javascript:,javascript:,javascript:,externe,"Wir schützen die Kontaktdaten des Arbeitgebers vor unerlaubten Zugriffen. Bitte geben Sie die dargestellten Zeichen in das Textfeld ein, um die Kontaktdaten des Arbeitgebers anzuzeigen.
Anderes Bild laden
Audioversion abspielen
Hinweis: Die dargestellten Zeichen enthalten keine Umlaute (ä, ö, ü oder ß), Sonderzeichen oder Leerzeichen.
Dargestellte Zeichen
Absenden
Fußbereich
Stelle betreut durch die BA
Referenz-Nr.: 10000-1203586908-S
Verstoß melden
© Bundesagentur für Arbeit 2026
Impressum
Information & Hilfe
Datenschutz
Rechtliche Hinweise
Erklärung zur Barrierefreiheit
Barrieren melden","Bitte sende deine Bewerbung mit Anschreiben, Lebenslauf und Zeugnissen an unsere Personalabteilung: job@aicentive.com
Mehr anzeigen
Arbeitsorte
Karte anzeigen
Berliner Straße 7, 71101 Schönaich, Württemberg
Unternehmensdarstellung: AiCentive GmbH
AiCentive GmbH
Alle Stellen anzeigen
Informationen zur Bewerbung
Sicherheitsabfrage",,ausbildungsstellen_de,https://www.arbeitsagentur.de/jobsuche/jobdetail/10000-1203586908-S,False,,53,,,,2026-06-13T11:31:43.888078+00:00
ASD-999960000799270304,ausbildungsstellen_ae,Alpirsbacher Klosterbräu Glauner GmbH,,,,"Stellendetails zu: Fachinformatiker*in für Systemintegration (m/w/d)

Dein Profil
mind. mittlerer Bildungsabschluss
Interesse an IT, Technik und digitalen Trends
logisches Denkvermögen und eine sorgfältige Arbeitsweise
Teamfähigkeit und gute Kommunikationsfähigkeit
Eigeninitiative und Lernbereitschaft
Deine Vergütung
1. Lehrjahr: 1.300 €
2. Lehrjahr: 1.400 €
3. Lehrjahr: 1.500 €
*Stand Mai 2026
Unser Angebot
individuelle Betreuung & Mentoring
Arbeit in topaktueller Technologieumgebung
Azubi-Events & Teambuilding
Ausbildungs- und Lernmittel sind kostenlos
abwechslungsreiche Tätigkeiten in einem starken Familienunternehmen
Fortbildungsmöglichkeiten und interne Schulungen
attraktive Sozialleistungen
Haustrunk 50 Liter im Monat
Unterstützung bei der Zimmersuche","1.300 €, 1.400 €, 1.500 €","Dein Profil
mind. mittlerer Bildungsabschluss
Interesse an IT, Technik und digitalen Trends
logisches Denkvermögen und eine sorgfältige Arbeitsweise
Teamfähigkeit und gute Kommunikationsfähigkeit
Eigeninitiative und Lernbereitschaft
Deine Vergütung
1. Lehrjahr: 1.300 €
2. Lehrjahr: 1.400 €
3. Lehrjahr: 1.500 €
*Stand Mai 2026
Unser Angebot
individuelle Betreuung & Mentoring
Arbeit in topaktueller Technologieumgebung
Azubi-Events & Teambuilding
Ausbildungs- und Lernmittel sind kostenlos
abwechslungsreiche Tätigkeiten in einem starken Familienunternehmen
Fortbildungsmöglichkeiten und interne Schulungen
attraktive Sozialleistungen
Haustrunk 50 Liter im Monat
Unterstützung bei der Zimmersuche",Ausbildung | Stellendetails zu: Fachinformatiker*in für Systemintegration (m/w/d),si,,,,,empty,,javascript:,javascript:,javascript:,externe,"Wir schützen die Kontaktdaten des Arbeitgebers vor unerlaubten Zugriffen. Bitte geben Sie die dargestellten Zeichen in das Textfeld ein, um die Kontaktdaten des Arbeitgebers anzuzeigen.
Anderes Bild laden
Audioversion abspielen
Hinweis: Die dargestellten Zeichen enthalten keine Umlaute (ä, ö, ü oder ß), Sonderzeichen oder Leerzeichen.
Dargestellte Zeichen
Absenden
Fußbereich
Stelle betreut durch die BA
Referenz-Nr.: 10001-1003186386-S
Verstoß melden","Deine Unterlagen
Bewerbungsschreiben
Lebenslauf
Zeugnisse und Bescheinigungen
Bitte achte darauf, dass deine Unterlagen vollständig sind und alle wichtigen Informationen enthalten. So können wir uns ein umfassendes Bild von dir und deinen Qualifikationen machen.
Mehr anzeigen
Arbeitsorte
Karte anzeigen
Marktplatz 1, 72275 Alpirsbach
Unternehmensdarstellung: Alpirsbacher Klosterbräu Glauner GmbH
Alpirsbacher Klosterbräu Glauner GmbH
Alle Stellen anzeigen
Webseiten
Homepage
Informationen zur Bewerbung
Sicherheitsabfrage",,ausbildungsstellen_de,https://www.arbeitsagentur.de/jobsuche/jobdetail/10001-1003186386-S,False,,53,,,,2026-06-13T10:50:07.667314+00:00
ASD-999960000539535610,ausbildungsstellen_ae,ANSMANN AG,,,,"Stellendetails zu: Ausbildung 2027 Fachinformatiker Systemintegration (m/w/d)

Voraussetzungen:
▪ Mittlere Reife
▪ Gute Leistungen in Mathematik, Englisch
▪ Gute Computerkenntnisse
▪ Programmiererfahrung wünschenswert
▪ Lernbereitschaft
▪ Teamfähigkeit sowie selbstständige Arbeitsweise
Betriebliche Ausbildungsschwerpunkte:
▪ Planung, Installation, Wartung, Administration der Systeme und Netzwerke
▪ Betriebssysteme, Rechnernetztechniken und Protokolle
▪ IT-Sicherheit (z.B. Firewalls, Verschlüsselung)
Ausbildungsbeginn: 01.09.2026
Ausbildungsdauer: 3 Jahre
Schule: Gewerbliche Schule Bad Mergentheim
Bei uns steht die Ausbildung im Mittelpunkt! Wir bieten eine praxis- und zukunftsorientierte Ausbildung mit besten Chancen für deine berufliche Entwicklung! Interessante Produkte, spannende Märkte und ein großartiges Firmenumfeld sind doch die besten Voraussetzungen für einen guten Start in die Berufswelt, oder?",,"Voraussetzungen:
▪ Mittlere Reife
▪ Gute Leistungen in Mathematik, Englisch
▪ Gute Computerkenntnisse
▪ Programmiererfahrung wünschenswert
▪ Lernbereitschaft
▪ Teamfähigkeit sowie selbstständige Arbeitsweise
Betriebliche Ausbildungsschwerpunkte:
▪ Planung, Installation, Wartung, Administration der Systeme und Netzwerke
▪ Betriebssysteme, Rechnernetztechniken und Protokolle
▪ IT-Sicherheit (z.B. Firewalls, Verschlüsselung)
Ausbildungsbeginn: 01.09.2026
Ausbildungsdauer: 3 Jahre
Schule: Gewerbliche Schule Bad Mergentheim
Bei uns steht die Ausbildung im Mittelpunkt! Wir bieten eine praxis- und zukunftsorientierte Ausbildung mit besten Chancen für deine berufliche Entwicklung! Interessante Produkte, spannende Märkte und ein großartiges Firmenumfeld sind doch die besten Voraussetzungen für einen guten Start in die Berufswelt, oder?",Ausbildung | Stellendetails zu: 2027 Fachinformatiker Systemintegration (m/w/d),si,,,,,empty,bewerbung@ansmann.de,javascript:,javascript:,javascript:,externe,"Wir schützen die Kontaktdaten des Arbeitgebers vor unerlaubten Zugriffen. Bitte geben Sie die dargestellten Zeichen in das Textfeld ein, um die Kontaktdaten des Arbeitgebers anzuzeigen.
Anderes Bild laden
Audioversion abspielen
Hinweis: Die dargestellten Zeichen enthalten keine Umlaute (ä, ö, ü oder ß), Sonderzeichen oder Leerzeichen.
Dargestellte Zeichen
Absenden
Fußbereich
Stelle betreut durch die BA
Referenz-Nr.: 10001-1002615743-S
Verstoß melden","Bitte sende deine vollständigen Bewerbungsunterlagen an die ANSMANN AG.
Fragen beantwortet gerne Frau Corina Schmitt; Tel.: 06294 4204 6994, E-Mail: bewerbung@ansmann.de
ANSMANN AG | Industriestr. 10 | 97959 Assamstadt | www.ansmann.de
DU BIST SUPER! - KOMM INS TEAM!
Du bist Schüler und möchtest Dich über ein Praktikum, eine Ausbildung oder ein Studium bei ANSMANN informieren? Dann bist Du hier genau richtig.
Im Hause ANSMANN wird sehr großer Wert auf eine praxis- und zukunftsorientierte Ausbildung gelegt, die sich bewusst nicht nur auf die fachliche Qualifikation beschränkt. Eine hohe soziale Kompetenz verbunden mit Freude bei der Arbeit sind Faktoren, die genauso wichtig sind. Auch bei der Ausbildung steht, der Firmenphilosophie entsprechend, der Mensch im Mittelpunkt.
Die Ausbildung basiert auf drei Säulen: Neben der fachgebundenen Ausbildung und projektorientiertem Lernen runden Weiterbildungen im hauseigenen Schulungszentrum, der ANSMANN ACADEMY, das Gesamtpaket ab.
In enger Zusammenarbeit mit der Dualen Hochschule Baden-Württemberg und der IHK Heilbronn-Franken werden jährlich zahlreiche interessante Ausbildungs- und Studienplätze im kaufmännischen sowie technischen Bereich angeboten.
Unsere überdurchschnittlich gute Ausbildungsqualität wurde seitens der IHK Heilbronn-Franken bestätigt. Daher ist die ANSMANN AG seit 2016 mit dem Dualis Siegel ausgezeichnet.
Mehr anzeigen
Arbeitsorte
Karte anzeigen
Industriestr. 10, 97959 Assamstadt
Unternehmensdarstellung: ANSMANN AG
ANSMANN AG
Alle Stellen anzeigen
Webseiten
Homepage
Informationen zur Bewerbung
Sicherheitsabfrage",,ausbildungsstellen_de,https://www.arbeitsagentur.de/jobsuche/jobdetail/10001-1002615743-S,False,,53,2026,9,2026-09-01,2026-06-13T10:44:15.733226+00:00
ASD-999960000579620219,ausbildungsstellen_ae,ante-holz GmbH,,,,"Stellendetails zu: AUSBILDUNG 2027 Fachinformatiker Systemintegration (m/w/d)

Deine Aufgaben:
In Deiner Ausbildung
• konfigurierst Du Hard- und Softwarekomponenten und integrierst diese in unsere bestehenden Systeme
• machst Du Dich mit den Bereichen Systemarchitektur, Netzwerke und Betriebssystemen vertraut
• unterstützt Du in der Netzwerkadministration (Installation, Konfiguration, Fehlerbehebung)
• arbeitest Du in Projekten mit

Dein Profil:
• Du interessierst Dich für Computer und Netzwerke?
• Mathematik und Informatik sind Deine Lieblingsfächer?
• Du hast bereits ein Praktikum im Bereich IT gemacht?
• Du arbeitest gern im Team und bist kommunikativ?

Das bieten wir Dir:
• Du startest mit Einführungstagen zum Ausbildungsstart bei uns
• Du erhältst eine persönliche Betreuung durch Deinen Ausbilder, die Personalreferentin für Ausbildung und Deinen Paten
• Du bekommst einen auf Dich abgestimmten Ausbildungsplan
• Du wirst gezielt auf Deine Abschlussprüfung durch individuelle Prüfungsvorbereitung vorbereitet
• Wir garantieren Dir eine 100%ige Übernahme bei entsprechender Leistung nach Deiner Ausbildung
• Individuelle Weiterentwicklungsmöglichkeiten im Anschluss an Deine Ausbildung ermöglichen wir Dir gerne (wie z.B. ein duales Studium, Meister- oder Technikerschule)
Deine Bewerbung für eine Ausbildung bei der ante-Gruppe:",,"Dein Profil:
• Du interessierst Dich für Computer und Netzwerke?
• Mathematik und Informatik sind Deine Lieblingsfächer?
• Du hast bereits ein Praktikum im Bereich IT gemacht?
• Du arbeitest gern im Team und bist kommunikativ?",Ausbildung | Stellendetails zu: AUSBILDUNG 2027 Fachinformatiker Systemintegration (m/w/d),si,,"Das bieten wir Dir:
• Du startest mit Einführungstagen zum Ausbildungsstart bei uns
• Du erhältst eine persönliche Betreuung durch Deinen Ausbilder, die Personalreferentin für Ausbildung und Deinen Paten
• Du bekommst einen auf Dich abgestimmten Ausbildungsplan
• Du wirst gezielt auf Deine Abschlussprüfung durch individuelle Prüfungsvorbereitung vorbereitet
• Wir garantieren Dir eine 100%ige Übernahme bei entsprechender Leistung nach Deiner Ausbildung
• Individuelle Weiterentwicklungsmöglichkeiten im Anschluss an Deine Ausbildung ermöglichen wir Dir gerne (wie z.B. ein duales Studium, Meister- oder Technikerschule)
Deine Bewerbung für eine Ausbildung bei der ante-Gruppe:",,,empty,,javascript:,javascript:,javascript:,externe,"Wenn wir „wir“ sagen, dann sind damit mehr als 1400 Mitarbeiter in Deutschland und Polen gemeint. Unsere stetigen Investitionsprogramme an allen sieben Standorten bilden die Basis, dass Nadelholz zu modernsten Holzprodukten verarbeitet wird, welches weltweit Absatz findet. Mit der Expertise aus vier Generationen sind wir kompetenter Ansprechpartner rund um das Naturprodukt Holz.
Vorteile für Mitarbeitende
Nachhaltigkeit / Umweltschutz
Parkmöglichkeiten
Die abgebildeten Vorteile für Mitarbeitende können je nach Abteilung und Position variieren.
Alle Stellen anzeigenIn neuem Tab öffnen
Webseiten
Homepage
Informationen zur Bewerbung
Sicherheitsabfrage
Wir schützen die Kontaktdaten des Arbeitgebers vor unerlaubten Zugriffen. Bitte geben Sie die dargestellten Zeichen in das Textfeld ein, um die Kontaktdaten des Arbeitgebers anzuzeigen.
Anderes Bild laden
Audioversion abspielen
Hinweis: Die dargestellten Zeichen enthalten keine Umlaute (ä, ö, ü oder ß), Sonderzeichen oder Leerzeichen.
Dargestellte Zeichen
Absenden
Fußbereich
Stelle betreut durch die BA
Referenz-Nr.: 10000-1205902064-S
Verstoß melden","Du bewirbst Dich bei uns mit einem persönlichen Anschreiben, Deinem Lebenslauf sowie Deinen letzten beiden Schulzeugnissen. Falls Du bereits Praktika absolviert hast, kannst Du diese gern als Tätigkeitsnachweis Deiner Bewerbung hinzufügen.
Arbeitsorte
Karte anzeigen
Im Inkerfeld 1, 35108 Allendorf (Eder)
Unternehmensdarstellung: ante-holz GmbH
ante-holz GmbH
Die ante-Gruppe ist eines der größten inhabergeführten Familienunternehmen der europäischen Holzindustrie. Seit der Gründung 1927 als Sägewerk in Winterberg (Nordrhein-Westfalen), haben wir uns durch nachhaltiges und langfristiges Wachstum zur heutigen ante-Gruppe entwickelt.",,ausbildungsstellen_de,https://www.arbeitsagentur.de/jobsuche/jobdetail/10000-1205902064-S,False,,53,,,,2026-06-13T10:45:13.415178+00:00
ASD-999380000000128789,ausbildungsstellen_ae,Chr. Mayr GmbH + Co. KG,,,,"Duale Ausbildung

Voraussetzungen für diesen Beruf sind Interesse an Mathematik und Freude am Umgang mit Menschen.
Zum Berufsprofil ""Fachinformatiker/-in für Systemintegration""
Besondere Anforderungen
• logisches Denken
• gutes mündliches und schriftliches Ausdrucksvermögen
• Teamgeist
• Sorgfalt
• Verantwortungsbewusstsein
Die Ausbildung Fachinformatiker (m/w/d) - Systemintegration bei Chr. Mayr GmbH + Co. KG überzeugt vor allem durch abwechslungsreiche sowie spannende Inhalte. Sie beginnt am 01.09.2027 und dauert 3,0 Jahre .
Entdecke während dieser Ausbildung deine vielseitigen Möglichkeiten in der bayerischen Metall- und Elektroindustrie. Bewirb dich noch bis zum 01.08.2027 und leg den Grundstein für deine beruflichen Karrierestart! Viel Erfolg!
Jetzt bewerben",,"Voraussetzungen für diesen Beruf sind Interesse an Mathematik und Freude am Umgang mit Menschen.
Zum Berufsprofil ""Fachinformatiker/-in für Systemintegration""
Besondere Anforderungen
• logisches Denken
• gutes mündliches und schriftliches Ausdrucksvermögen
• Teamgeist
• Sorgfalt
• Verantwortungsbewusstsein
Die Ausbildung Fachinformatiker (m/w/d) - Systemintegration bei Chr. Mayr GmbH + Co. KG überzeugt vor allem durch abwechslungsreiche sowie spannende Inhalte. Sie beginnt am 01.09.2027 und dauert 3,0 Jahre .
Entdecke während dieser Ausbildung deine vielseitigen Möglichkeiten in der bayerischen Metall- und Elektroindustrie. Bewirb dich noch bis zum 01.08.2027 und leg den Grundstein für deine beruflichen Karrierestart! Viel Erfolg!
Jetzt bewerben",Ausbildung | Duale Ausbildung,si,,,,,empty,bewerbung@mayr.de,https://www.ausbildungsoffensive-bayern.de/bewerben/,https://www.ausbildungsoffensive-bayern.de/bewerben/,https://www.ausbildungsoffensive-bayern.de/bewerben/,externe,"Ansprechpartner
Herr Daniel Keppeler
Ausbilder Industriemechaniker/-in & Zerspanungsmechaniker/-in & Fachkraft für Metalltechnik
bewerbung@mayr.de
Telefon: 08341 804-399
Herr Fabian Härle
Ausbilder Fachinformatiker/-in
bewerbung@mayr.de
Telefon: 08341 804-181
Herr Johannes Schmid
Ausbilder Mechatroniker/-in
bewerbung@mayr.de
Telefon: 08341 804-385
Frau Carola Karger
Ausbilderin Technische/r Produktdesigner/-in
bewerbung@mayr.de
Telefon: 08341 804-3100
Herr Jürgen Hermann
Ausbilder Fachkräfte für Lagerlogistik
bewerbung@mayr.de
Telefon: 08341 804-349
Herr Dr. Max Bauer
Forschung und Entwicklung / Bachelor-/Masterarbeiten
bewerbung@mayr.de
Telefon: 08341 804-3105
Frau Sonja Stritzke
Ausbilderin Industriekaufmann/-frau
bewerbung@mayr.de
Telefon: +49(0)8341 804-1296
Frau Maria Zimmerer
Ausbilderin Industriemechaniker/-in & Zerspanungsmechaniker/-in & Fachkraft für Metalltechnik
bewerbung@mayr.de
Telefon: 08341 804-3452
Herr Lukas Mayr
Ausbilder Industriemechaniker/-in & Zerspanungsmechaniker/-in & Fachkraft für Metalltechnik
bewerbung@mayr.de
Telefon: 08341 804-3971
Frau Susanne Ried
Personalreferentin / Studentenbetreuung
bewerbung@mayr.de
Telefon: 08341 804-1251
Das könnte dich auch interessieren:
ONLINEBEWERBUNG
So überzeugst du mit deiner Onlinebewerbung!
Entdecke welche digitalen Bewerbungsformen es gibt und auf was du bei jeder einzelnen achten musst. Wie immer mit vielen wertvollen Tipps und Tricks damit du erfolgreich in deine berufliche Zukunft starten kannst.
Los geht's!
FREIE AUSBILDUNGSPLÄTZE
Finde deinen perfekten Ausbildungsplatz!
Diese freie Stelle ist nichts für dich? Es warten noch viele weitere Stellen in unserer Ausbildungsplatzbörse. Das Beste: Filtere einfach nach deiner Wunschausbildung und erhalte direkt passende Jobangebote.
Mehr erfahren
QUICKLINKS
Ausbildungsbörse
Metallberufe
Elektroberufe
IT-Berufe
Kaufmännische Berufe
Dualen Studienplatz finden","Haben wir dein Interesse geweckt? Dann freuen wir uns auf deine aussagekräftigen Bewerbungsunterlagen.
Bewerbung per E-Mail
Online-Bewerbung
Bewerbungsunterlagen
QuickCheck
Berufsweg-Check
BerufsCheck(me)
Die AusbildungsOffensive-Bayern ist eine Initiative der bayerischen Metall- und Elektro-Arbeitgeber bayme vbm. Insgesamt sind das rund 3.700 Betriebe in ganz Bayern, die dir zu einer starken beruflichen Zukunft verhelfen.
© 2026 bayme vbm
Barrierefreiheitserklärung
Datenschutz
Impressum
Datenschutz
Um dir ein ideales Online-Erlebnis zu ermöglichen, aktiviere einfach folgende Dienste:
Adressensuche (Google Maps, damit du eine passgenaue Ausbildung finden kannst)
Videoinhalte (damit YouTube-Videos geladen werden und du sie anschauen kannst)
Diese Einstellungen kannst du jederzeit in unserer Datenschutzerklärung wieder aufrufen, einsehen oder verändern.
Alle Dienste zulassen
Auswahl speichern
Datenschutzerklärung
Ausbildungsplatzbörse
Finde Ausbildungsplätze in Deiner Nähe!
Alle Fachrichtungen
Metallberufe
Elektroberufe
IT-Berufe
Kaufmännische Berufe
Sonstige Berufe
Keine Zuordnung
Alle Fachrichtungen
Warum inaktiv?
Suchen
Zu den dualen Studiengängen",,ausbildungsstellen_de,https://www.ausbildungsoffensive-bayern.de/jobdetail/128789-fachinformatiker-mwd-systemintegration/,False,,53,2027,8,2027-08-01,2026-06-13T10:30:29.016423+00:00
ASD-999960000707889262,ausbildungsstellen_ae,Die GHT GmbH ist ein bundesweit tätiges Generalunternehmen.,,,,"Stellendetails zu: Ausbildung zum Fachinformatiker für Systemintegration (m/w/d) – Start 2026

Was du bei uns lernst (Deine Aufgaben)
Während deiner Ausbildung wirst du Schritt für Schritt zum Experten für unsere IT-Landschaft aufgebaut. Du unterstützt unser Team bei folgenden Themen:
Server-Administration: Du lernst, wie man Microsoft- und Linux-Serverumgebungen (Active Directory, Microsoft 365) einrichtet, wartet und auf dem neuesten Stand hält.
User-Support & Management: Du begleitest den gesamten On- und Offboarding-Prozess von Mitarbeitern und verwaltest Benutzerkonten.
Netzwerktechnik: Wir zeigen dir, wie Firewalls, VPN-Verbindungen und Standortvernetzungen funktionieren und wie man diese sicher betreibt.
Hardware-Management: Du übernimmst Verantwortung für unsere Hardware (Laptops, Smartphones, Drucker, Switche) – von der Beschaffung über die Einrichtung bis zur Inventarisierung.
IT-Sicherheit: Du unterstützt uns bei der Umsetzung der ISO 27001-Zertifizierung und lernst, wie man IT-Sicherheitsrichtlinien und Prozesse dokumentiert und anwendet.
Projektmitarbeit: Du arbeitest mit externen Dienstleister zusammen und lernst, wie man IT-Projekte plant und Strukturen für einen modernen IT-Betrieb entwickelt.

Das bringst du mit (Dein Profil)
Schulabschluss: Du hast einen guten Realschulabschluss, Fachabitur oder Abitur. Auch Studienabbrecher aus dem Bereich Informatik sind bei uns herzlich willkommen.
IT-Begeisterung: Du hast bereits privat erste Erfahrungen mit Hardware oder Software gesammelt (z. B. PC-Bau, kleines Heimnetzwerk, Linux-Experimente).
Analytisches Denken: Du hast Spaß daran, technische Probleme logisch zu durchdringen und Lösungen zu finden.
Sprachkenntnisse: Du sprichst sehr gut Deutsch und verfügst über gute Englischkenntnisse (technisches Englisch). Türkischkenntnisse sind aufgrund unserer Konzernstruktur ein Vorteil.
Persönlichkeit: Du arbeitest gerne im Team, bist zuverlässig und hast eine „Hands-On-Mentalität“.
Was wir dir bieten
Qualifizierte Ausbildung: Eine praxisnahe Ausbildung in einem wachsenden Unternehmen mit der Perspektive auf Übernahme nach erfolgreichem Abschluss.
Verantwortung von Anfang an: Bei uns lernst du direkt an echten Systemen und Projekten.
Moderne Ausstattung: Du erhältst moderne Arbeitsmittel und Einblicke in aktuelle Technologien (Virtualisierung, Cloud, moderne Security-Standards).
Teamspirit: Flache Hierarchien, kurze Entscheidungswege und eine offene Unternehmenskultur in der Dumlupinar Holding.
Zukunftschancen: Wir wachsen – und wir wollen, dass du mit uns wächst (perspektivisch Entwicklung in Richtung Systemadministration oder Teamleitung).
Bewirb dich jetzt und gestalte mit uns die Zukunft der digitalen Infrastruktur!",,"Das bringst du mit (Dein Profil)
Schulabschluss: Du hast einen guten Realschulabschluss, Fachabitur oder Abitur. Auch Studienabbrecher aus dem Bereich Informatik sind bei uns herzlich willkommen.
IT-Begeisterung: Du hast bereits privat erste Erfahrungen mit Hardware oder Software gesammelt (z. B. PC-Bau, kleines Heimnetzwerk, Linux-Experimente).
Analytisches Denken: Du hast Spaß daran, technische Probleme logisch zu durchdringen und Lösungen zu finden.
Sprachkenntnisse: Du sprichst sehr gut Deutsch und verfügst über gute Englischkenntnisse (technisches Englisch). Türkischkenntnisse sind aufgrund unserer Konzernstruktur ein Vorteil.
Persönlichkeit: Du arbeitest gerne im Team, bist zuverlässig und hast eine „Hands-On-Mentalität“.
Was wir dir bieten
Qualifizierte Ausbildung: Eine praxisnahe Ausbildung in einem wachsenden Unternehmen mit der Perspektive auf Übernahme nach erfolgreichem Abschluss.
Verantwortung von Anfang an: Bei uns lernst du direkt an echten Systemen und Projekten.
Moderne Ausstattung: Du erhältst moderne Arbeitsmittel und Einblicke in aktuelle Technologien (Virtualisierung, Cloud, moderne Security-Standards).
Teamspirit: Flache Hierarchien, kurze Entscheidungswege und eine offene Unternehmenskultur in der Dumlupinar Holding.
Zukunftschancen: Wir wachsen – und wir wollen, dass du mit uns wächst (perspektivisch Entwicklung in Richtung Systemadministration oder Teamleitung).
Bewirb dich jetzt und gestalte mit uns die Zukunft der digitalen Infrastruktur!",Ausbildung | Stellendetails zu: zum Fachinformatiker für Systemintegration (m/w/d) – Start 2026,si,,,,,empty,bewerbung@biconag.com,javascript:,javascript:,javascript:,externe,"Wir schützen die Kontaktdaten des Arbeitgebers vor unerlaubten Zugriffen. Bitte geben Sie die dargestellten Zeichen in das Textfeld ein, um die Kontaktdaten des Arbeitgebers anzuzeigen.
Anderes Bild laden
Audioversion abspielen
Hinweis: Die dargestellten Zeichen enthalten keine Umlaute (ä, ö, ü oder ß), Sonderzeichen oder Leerzeichen.
Dargestellte Zeichen
Absenden
Fußbereich
Stelle betreut durch die BA
Referenz-Nr.: 10001-1002991535-S
Verstoß melden","Sende uns deine Bewerbungsunterlagen (Anschreiben, Lebenslauf, letzte Zeugnisse) bevorzugt per E-Mail an bewerbung@biconag.com oder melde dich bei Fragen direkt bei uns.
Mehr anzeigen
Arbeitsorte
Karte anzeigen
Am Kloßberg 1, 64367 Mühltal, Hessen
Unternehmensdarstellung: Building Infrastructure Construction
Building Infrastructure Construction
Die GHT GmbH ist ein bundesweit tätiges Generalunternehmen.
Hinter dem Logo ‘‘GHT‘‘ verbergen sich Initialen von wichtigen Baubranchen: Gleis-, Hoch- und Tiefbau.
Als Spezialist im Telekommunikation Netz, bieten wir Ihnen Leistungen von der Planung bis hin zur Aktivierung des Endkunden an. Wir stehen für modernes Equipment und innovative Techniken.
Wir überzeugen durch Zuverlässigkeit, Professionalität und Effizienz. Mit umweltschonenden Verfahren und der Unterstützung wichtiger Infrastrukturprojekte wie dem Breitbandausbau oder der Modernisierung des Straßen- und Wegenetzes für nachhaltige Mobilität ist die GHT GmbH ein Unternehmen der Zukunft.
Alle Stellen anzeigen
Webseiten
Homepage
Informationen zur Bewerbung
Sicherheitsabfrage",,ausbildungsstellen_de,https://www.arbeitsagentur.de/jobsuche/jobdetail/10001-1002991535-S,False,,53,,,,2026-06-13T10:47:51.313130+00:00
ASD-999960000575279689,ausbildungsstellen_ae,GHMT AG,,,,"Stellendetails zu: 2026 Ausbildung Fachinformatiker - Systemintegration (m/w/d)

Deine Aufgaben:
Bereits während deiner Ausbildung arbeitest du als Teil des Teams und übernimmst und löst selbständig und eigenverantwortlich wichtige Projektaufgaben.
Du erlernst notwendige Grundlagen der physikalischen und logischen Arbeitsweise von
WLAN- und Mobilfunknetzen, dazugehörige Protokolle von lokalen und globalen Netzwerken und relevante Sicherheitsmechanismen.
Du sammelst praktische Erfahrungen bei Planung, Messung und Störungssuche in WLAN- und
Mobilfunknetzen oder der Untersuchung und Zertifizierung von Tablets oder Handys.

Das solltest Du mitbringen:
Du verfügst über einen mittleren Bildungsabschluss, die Fachhochschul- oder allgemeine Hochschulreife.
Mathe und Physik waren in der Schule kein Graus für dich und du verfügst über gute Englischkenntnisse.
Kenntnisse in den MS-Office Anwendungen sind von Vorteil.

Wir bieten Dir unter anderem:
WEITERENTWICKLUNG
Übernahmegarantie nach der Ausbildung
interne Weiterbildungen
Förderung von externen Weiterbildungen
BETEILIGUNG und FEEDBACK
regelmäßiges Feedback
Mitarbeiterbeteiligungsprogramm
Companymeetings und –events
Innovationskultur
VERGÜTUNG
attraktive Gehälter
Erfolgsprämien
Frequent Traveller Modell
FLEXIBILITÄT
flexible Arbeitszeiten
Homeoffice
SPORT und AKTIVITÄTEN
Laufgruppe + Firmenlauf
Wellnessbereich mit Sauna
Tischkicker
Ausflüge + Veranstaltungen
GESUNDHEIT und VORSORGE
GHMT-Vorsorgekonto
kostenlose Getränke, Kaffee, Tee
kostenloses Obst
… und vieles mehr. Weitere Details auf Anfrage.
Stelle Dich neuen Herausforderungen
Karriere bei GHMT - alles, außer gewöhnlich…
Bewirb dich jetzt. Richte deine aussagekräftige Bewerbung an personal@ghmt.de.
Tipps für deine Bewerbung sowie Informationen zum Bewerberauswahlverfahren findest du auf
karriere.ghmt.de
Falls du die Schule mit mindestens mittlerem Bildungsabschluss oder ein Studium abbrechen möchtest oder bereits hast, bist du bei uns gerne willkommen.
Mehr anzeigen
Arbeitsorte
Karte anzeigen
In der Kolling 320, 66450 Bexbach
Unternehmensdarstellung: GHMT AG
GHMT AG
Alle Stellen anzeigen
Webseiten
Homepage
Informationen zur Bewerbung
Sicherheitsabfrage",,"Das solltest Du mitbringen:
Du verfügst über einen mittleren Bildungsabschluss, die Fachhochschul- oder allgemeine Hochschulreife.
Mathe und Physik waren in der Schule kein Graus für dich und du verfügst über gute Englischkenntnisse.
Kenntnisse in den MS-Office Anwendungen sind von Vorteil.",Ausbildung | Stellendetails zu: 2026 Fachinformatiker - Systemintegration (m/w/d),si,,"Wir bieten Dir unter anderem:
WEITERENTWICKLUNG
Übernahmegarantie nach der Ausbildung
interne Weiterbildungen
Förderung von externen Weiterbildungen
BETEILIGUNG und FEEDBACK
regelmäßiges Feedback
Mitarbeiterbeteiligungsprogramm
Companymeetings und –events
Innovationskultur
VERGÜTUNG
attraktive Gehälter
Erfolgsprämien
Frequent Traveller Modell
FLEXIBILITÄT
flexible Arbeitszeiten
Homeoffice
SPORT und AKTIVITÄTEN
Laufgruppe + Firmenlauf
Wellnessbereich mit Sauna
Tischkicker
Ausflüge + Veranstaltungen
GESUNDHEIT und VORSORGE
GHMT-Vorsorgekonto
kostenlose Getränke, Kaffee, Tee
kostenloses Obst
… und vieles mehr. Weitere Details auf Anfrage.
Stelle Dich neuen Herausforderungen
Karriere bei GHMT - alles, außer gewöhnlich…
Bewirb dich jetzt. Richte deine aussagekräftige Bewerbung an personal@ghmt.de.
Tipps für deine Bewerbung sowie Informationen zum Bewerberauswahlverfahren findest du auf
karriere.ghmt.de
Falls du die Schule mit mindestens mittlerem Bildungsabschluss oder ein Studium abbrechen möchtest oder bereits hast, bist du bei uns gerne willkommen.
Mehr anzeigen
Arbeitsorte
Karte anzeigen
In der Kolling 320, 66450 Bexbach
Unternehmensdarstellung: GHMT AG
GHMT AG
Alle Stellen anzeigen
Webseiten
Homepage
Informationen zur Bewerbung
Sicherheitsabfrage",,,empty,personal@ghmt.de,javascript:,javascript:,javascript:,externe,"Wir schützen die Kontaktdaten des Arbeitgebers vor unerlaubten Zugriffen. Bitte geben Sie die dargestellten Zeichen in das Textfeld ein, um die Kontaktdaten des Arbeitgebers anzuzeigen.
Anderes Bild laden
Audioversion abspielen
Hinweis: Die dargestellten Zeichen enthalten keine Umlaute (ä, ö, ü oder ß), Sonderzeichen oder Leerzeichen.
Dargestellte Zeichen
Absenden
Fußbereich
Stelle betreut durch die BA
Referenz-Nr.: 10000-1204385443-S
Verstoß melden",,,ausbildungsstellen_de,https://www.arbeitsagentur.de/jobsuche/jobdetail/10000-1204385443-S,False,,53,,,,2026-06-13T10:45:07.662693+00:00
ASD-999960000754767506,ausbildungsstellen_ae,ILC GmbH,,,,"Stellendetails zu: Ausbildung zum Fachinformatiker Systemintegration (m/w/d) Beginn: 01.08.2026

Das bringst du mit
Guter Abschluss der allg. oder fachgebundenen Hochschulreife oder Fachhochschulreife
Interesse an IT-Systemen, Netzwerken und technischen Zusammenhängen
Erste Berührungspunkte mit Hard- oder Software sind ein Plus
Spaß am logisch-analytischen Denken und an der Lösung technischer Herausforderungen
Zuverlässigkeit sowie Team- und Begeisterungsfähigkeit
Sehr gute Deutschkenntnisse (C1) und gute Englischkenntnisse (B2)

Wir bieten
Intensive Einarbeitung und Betreuung vom ersten Ausbildungstag bis zur Abschlussprüfung
Eine vertrauensvolle und teamorientierte Arbeitsatmosphäre
Arbeiten auf Augenhöhe und vielfältige Möglichkeiten, dich einzubringen
Eine zielgerichtete Aus- und Weiterbildung durch interne und externe Schulungen
Sehr gute Übernahmechancen nach erfolgreichem Abschluss
Kostenlose Getränke sowie tolle Firmen-Events
Ausbildungsvergütung:
Jahr: 950,00 €
Jahr: 1.050,00 €
Jahr: 1.100,00 €
Bei Rückfragen kannst du dich gern an Oliver Schlunke wenden:
ILC GmbH
Oliver Schlunke, Manager Human Resources
Tel: +49 (0)6826 / 189 - 165
Wir freuen uns auf deine Bewerbung! Bitte nutze dafür unser Online-Bewerbungsformular auf: https://www.ilc-solutions.de/unternehmen/karriere/
Mehr anzeigen
Arbeitsorte
Karte anzeigen
Saarpfalz-Park 7, 66450 Bexbach
Unternehmensdarstellung: ILC GmbH
ILC GmbH
Hauptsitz
Bexbach
Gründung
2003
Betriebsgröße
100
Tätigkeitsfelder und Schlagworte
PLMSoftwareentwicklungPLM BeratungSAPTop Company
Die ILC GmbH ist ein führender Anbieter von Product Lifecycle Management (PLM)-Lösungen mit Sitz in Bexbach.
Mit einem Team von 100 hochqualifizierten Mitarbeitern bietet ILC umfassende strategische Beratung und modulare Softwarelösungen, die speziell auf die Bedürfnisse produzierender Unternehmen abgestimmt sind. Die PLM-Software-Suite ⁴PEP hilft Unternehmen, ihre Produktentwicklung von der Planung über die Fertigung bis zur Markteinführung effizient zu gestalten.
ILC hat Niederlassungen in Bexbach/Saar, Koblenz, Salzburg und Chicago.
Vorteile für Mitarbeitende
JobRad als Gehaltsextra
berufsbegleitende Masterstudiengänge
Mentorenprogramm/Coaching
Flexible Arbeitszeiten
Homeoffice / Mobiles Arbeiten
Firmenevents
Sport- und Gesundheitsangebote
Sonderzahlungen
Weiterbildungen
Betriebliche Altersvorsorge
Dienstwagen
Hunde erlaubt
Mitgestaltungsmöglichkeiten
Parkmöglichkeiten
Gute Verkehrsanbindung
Moderne technische Ausstattung
Die abgebildeten Vorteile für Mitarbeitende können je nach Abteilung und Position variieren.
Alle Stellen anzeigenIn neuem Tab öffnen
Webseiten
Homepage
Social Media Seiten
Informationen zur Bewerbung
Sicherheitsabfrage","950,00 €, 1.050,00 €, 1.100,00 €, 950 €, 1.050 €, 1.100 €","Das bringst du mit
Guter Abschluss der allg. oder fachgebundenen Hochschulreife oder Fachhochschulreife
Interesse an IT-Systemen, Netzwerken und technischen Zusammenhängen
Erste Berührungspunkte mit Hard- oder Software sind ein Plus
Spaß am logisch-analytischen Denken und an der Lösung technischer Herausforderungen
Zuverlässigkeit sowie Team- und Begeisterungsfähigkeit
Sehr gute Deutschkenntnisse (C1) und gute Englischkenntnisse (B2)",Ausbildung | Stellendetails zu: zum Fachinformatiker Systemintegration (m/w/d) Beginn: 01.08.2026,si,,"Wir bieten
Intensive Einarbeitung und Betreuung vom ersten Ausbildungstag bis zur Abschlussprüfung
Eine vertrauensvolle und teamorientierte Arbeitsatmosphäre
Arbeiten auf Augenhöhe und vielfältige Möglichkeiten, dich einzubringen
Eine zielgerichtete Aus- und Weiterbildung durch interne und externe Schulungen
Sehr gute Übernahmechancen nach erfolgreichem Abschluss
Kostenlose Getränke sowie tolle Firmen-Events
Ausbildungsvergütung:
Jahr: 950,00 €
Jahr: 1.050,00 €
Jahr: 1.100,00 €
Bei Rückfragen kannst du dich gern an Oliver Schlunke wenden:
ILC GmbH
Oliver Schlunke, Manager Human Resources
Tel: +49 (0)6826 / 189 - 165
Wir freuen uns auf deine Bewerbung! Bitte nutze dafür unser Online-Bewerbungsformular auf: https://www.ilc-solutions.de/unternehmen/karriere/
Mehr anzeigen
Arbeitsorte
Karte anzeigen
Saarpfalz-Park 7, 66450 Bexbach
Unternehmensdarstellung: ILC GmbH
ILC GmbH
Hauptsitz
Bexbach
Gründung
2003
Betriebsgröße
100
Tätigkeitsfelder und Schlagworte
PLMSoftwareentwicklungPLM BeratungSAPTop Company
Die ILC GmbH ist ein führender Anbieter von Product Lifecycle Management (PLM)-Lösungen mit Sitz in Bexbach.
Mit einem Team von 100 hochqualifizierten Mitarbeitern bietet ILC umfassende strategische Beratung und modulare Softwarelösungen, die speziell auf die Bedürfnisse produzierender Unternehmen abgestimmt sind. Die PLM-Software-Suite ⁴PEP hilft Unternehmen, ihre Produktentwicklung von der Planung über die Fertigung bis zur Markteinführung effizient zu gestalten.
ILC hat Niederlassungen in Bexbach/Saar, Koblenz, Salzburg und Chicago.
Vorteile für Mitarbeitende
JobRad als Gehaltsextra
berufsbegleitende Masterstudiengänge
Mentorenprogramm/Coaching
Flexible Arbeitszeiten
Homeoffice / Mobiles Arbeiten
Firmenevents
Sport- und Gesundheitsangebote
Sonderzahlungen
Weiterbildungen
Betriebliche Altersvorsorge
Dienstwagen
Hunde erlaubt
Mitgestaltungsmöglichkeiten
Parkmöglichkeiten
Gute Verkehrsanbindung
Moderne technische Ausstattung
Die abgebildeten Vorteile für Mitarbeitende können je nach Abteilung und Position variieren.
Alle Stellen anzeigenIn neuem Tab öffnen
Webseiten
Homepage
Social Media Seiten
Informationen zur Bewerbung
Sicherheitsabfrage",,,empty,,javascript:,javascript:,javascript:,externe,"Wir schützen die Kontaktdaten des Arbeitgebers vor unerlaubten Zugriffen. Bitte geben Sie die dargestellten Zeichen in das Textfeld ein, um die Kontaktdaten des Arbeitgebers anzuzeigen.
Anderes Bild laden
Audioversion abspielen
Hinweis: Die dargestellten Zeichen enthalten keine Umlaute (ä, ö, ü oder ß), Sonderzeichen oder Leerzeichen.
Dargestellte Zeichen
Absenden
Fußbereich
Stelle betreut durch Arbeitgeber
Referenz-Nr.: 10001-1002828719-S
Verstoß melden",,,ausbildungsstellen_de,https://www.arbeitsagentur.de/jobsuche/jobdetail/10001-1002828719-S,False,,53,2026,8,2026-08-01,2026-06-13T10:49:03.906748+00:00
ASD-999960000780982212,ausbildungsstellen_ae,Papier-Mettler KG,,,,"Stellendetails zu: Ausbildung Fachinformatiker/in - Systemintegration (m/w/d) 2026

Das bringst du mit:
Mittlere Reife mit guten Noten in Mathe, Deutsch und Englisch
Zuverlässigkeit
Belastbarkeit,
Organisationstalent,
Spaß am Umgang mit Computern,
handwerkliches Geschick,
Kenntnisse in der Hardware und Software
Was wir dir bieten findest du unter:
https://job.papier-mettler.com/de_schueler-studenten_was-wir-bieten.htm

Wir bieten zum 01.08.2026 zwei Ausbildungsplätze für den Beruf
Fachinformatiker/in - Systemintegration (m/w/d)
Ausbildung:
Dauer der Ausbildung: 3 Jahre
Berufsschule: Berufsbildende Schule Wittlich (3 Berufsschultage in 2 Wochen)",,"Das bringst du mit:
Mittlere Reife mit guten Noten in Mathe, Deutsch und Englisch
Zuverlässigkeit
Belastbarkeit,
Organisationstalent,
Spaß am Umgang mit Computern,
handwerkliches Geschick,
Kenntnisse in der Hardware und Software
Was wir dir bieten findest du unter:
https://job.papier-mettler.com/de_schueler-studenten_was-wir-bieten.htm",Ausbildung | Stellendetails zu: Fachinformatiker/in - Systemintegration (m/w/d) 2026,si,,"Wir bieten zum 01.08.2026 zwei Ausbildungsplätze für den Beruf
Fachinformatiker/in - Systemintegration (m/w/d)
Ausbildung:
Dauer der Ausbildung: 3 Jahre
Berufsschule: Berufsbildende Schule Wittlich (3 Berufsschultage in 2 Wochen)",,,empty,,javascript:,javascript:,javascript:,externe,"Wir schützen die Kontaktdaten des Arbeitgebers vor unerlaubten Zugriffen. Bitte geben Sie die dargestellten Zeichen in das Textfeld ein, um die Kontaktdaten des Arbeitgebers anzuzeigen.
Anderes Bild laden
Audioversion abspielen
Hinweis: Die dargestellten Zeichen enthalten keine Umlaute (ä, ö, ü oder ß), Sonderzeichen oder Leerzeichen.
Dargestellte Zeichen
Absenden
Fußbereich
Stelle betreut durch die BA
Referenz-Nr.: 10000-1202368400-S
Verstoß melden","Deine Bewerbungsunterlagen sind der erste Schritt, dich kennen zu lernen. Überzeuge uns mit deiner Bewerbung und in einem persönlichen Gespräch. Um einen vollständigen Eindruck von dir zu erhalten, fülle bitte den Fragebogen möglichst umfangreich aus.
Ergänzt eure Angaben bitte mit folgenden Unterlagen:
Anschreiben
Lebenslauf
die beiden letzten Zeugnisse
Arbeits-, Praktikumszeugnisse und Zertifikate
Bitte bewirb dich online. Wir freuen uns!
https://job.papier-mettler.com/de_ausbildung-studium.htm#form
Mehr anzeigen
Arbeitsorte
Karte anzeigen
Hochwaldstr. 22, 54497 Morbach, Hunsrück
Unternehmensdarstellung: Papier-Mettler KG
Papier-Mettler KG
PAPIER-METTLER – IHR PARTNER FÜR DIE ZUKUNFT
Zuverlässig, dynamisch, bodenständig & nachhaltig- dies sind nur einige Attribute, die Papier-Mettler ausmachen.
Entsprechend suchen wir Mitarbeiter*innen, die zu uns passen. Bodenständige, zuverlässige Persönlichkeiten, die gerne selbstständig arbeiten und schnell Verantwortung übernehmen. Neben einer ausgeprägten Leistungsbereitschaft arbeiten sie gerne im Team? Dann passen Sie zu uns und wir freuen uns, Sie bald bei uns begrüßen zu dürfen.
Entwickeln auch Sie sich mit uns weiter!
Vorteile für Mitarbeitende
Flexible Arbeitszeiten
Vermögenswirksame Leistungen
Nachhaltigkeit / Umweltschutz
Firmenevents
Rabatte für Mitarbeitende
Sonderzahlungen
Weiterbildungen
Betriebliche Altersvorsorge
Parkmöglichkeiten
Moderne technische Ausstattung
Die abgebildeten Vorteile für Mitarbeitende können je nach Abteilung und Position variieren.
Alle Stellen anzeigenIn neuem Tab öffnen
Webseiten
Homepage
Informationen zur Bewerbung
Sicherheitsabfrage",,ausbildungsstellen_de,https://www.arbeitsagentur.de/jobsuche/jobdetail/10000-1202368400-S,False,,53,2026,8,2026-08-01,2026-06-13T10:49:51.917060+00:00
ASD-999960001142837140,ausbildungsstellen_ae,StratOz GmbH Strategic Organizations analysis & consulting,,,,"Stellendetails zu: AUSBILDUNG 2026 | Fachinformatiker/in - Systemintegration (m/w/d)

Wir bieten dir mit unserer Ausbildung zum/zur Fachinformatiker/in Systemintegration einen Top Einstieg in die Berufswelt.
· Du interessierst dich für mehr als nur Computerspiele?
· Du hast schon deine eigenen Anwendungen programmiert?
· Dich interessiert wie IT-Unternehmen arbeiten?
· Du möchtest nach deinem Abitur eine Ausbildung beginnen oder das Studium, das du begonnen hast, ist doch nichts für dich?
Eine Ausbildung bei StratOz ist wie unser Unternehmen selbst: Dynamisch, agil, kundenorientiert und eine Teamangelegenheit.
· Du besitzt eine präzise Auffassungsgabe und analytische Fähigkeiten für komplexe Situationen?
· Du arbeitest gern aktiv in Teams mit?
· Du magst abwechslungsreiches, praxisbezogenes und selbstständiges Arbeiten?
· Du bist bereit schon bald deinem ersten Kunden gegenüberzustehen und eigenverantwortlich erste Aufgaben oder Projekte zu übernehmen?
Wenn du diese Fragen mit ja beantwortest, dann bewirb dich jetzt bei StratOz!
Während deiner Ausbildung wirst du umfangreiche Kenntnisse über interne Abläufe erlangen, Erfahrungen mit unseren Systemen und Kunden machen und zu einem wichtigen und unverzichtbaren Mitglieds unseres agilen Teams werden.
Du möchtest dich direkt bewerben?",,,Ausbildung | Stellendetails zu: AUSBILDUNG 2026 | Fachinformatiker/in - Systemintegration (m/w/d),si,,"Wir bieten dir mit unserer Ausbildung zum/zur Fachinformatiker/in Systemintegration einen Top Einstieg in die Berufswelt.
· Du interessierst dich für mehr als nur Computerspiele?
· Du hast schon deine eigenen Anwendungen programmiert?
· Dich interessiert wie IT-Unternehmen arbeiten?
· Du möchtest nach deinem Abitur eine Ausbildung beginnen oder das Studium, das du begonnen hast, ist doch nichts für dich?
Eine Ausbildung bei StratOz ist wie unser Unternehmen selbst: Dynamisch, agil, kundenorientiert und eine Teamangelegenheit.
· Du besitzt eine präzise Auffassungsgabe und analytische Fähigkeiten für komplexe Situationen?
· Du arbeitest gern aktiv in Teams mit?
· Du magst abwechslungsreiches, praxisbezogenes und selbstständiges Arbeiten?
· Du bist bereit schon bald deinem ersten Kunden gegenüberzustehen und eigenverantwortlich erste Aufgaben oder Projekte zu übernehmen?
Wenn du diese Fragen mit ja beantwortest, dann bewirb dich jetzt bei StratOz!
Während deiner Ausbildung wirst du umfangreiche Kenntnisse über interne Abläufe erlangen, Erfahrungen mit unseren Systemen und Kunden machen und zu einem wichtigen und unverzichtbaren Mitglieds unseres agilen Teams werden.
Du möchtest dich direkt bewerben?",,,empty,loetters@stratoz.de,http://www.stratoz.de/flyer/Datenschutzerkl%C3%A4rung%20zum%20Bewerbungsverfahren.pdf,http://www.stratoz.de/flyer/Datenschutzerkl%C3%A4rung%20zum%20Bewerbungsverfahren.pdf,http://www.stratoz.de/flyer/Datenschutzerkl%C3%A4rung%20zum%20Bewerbungsverfahren.pdf,externe,"Wir schützen die Kontaktdaten des Arbeitgebers vor unerlaubten Zugriffen. Bitte geben Sie die dargestellten Zeichen in das Textfeld ein, um die Kontaktdaten des Arbeitgebers anzuzeigen.
Anderes Bild laden
Audioversion abspielen
Hinweis: Die dargestellten Zeichen enthalten keine Umlaute (ä, ö, ü oder ß), Sonderzeichen oder Leerzeichen.
Dargestellte Zeichen
Absenden
Fußbereich
Stelle betreut durch die BA
Referenz-Nr.: 10000-1203661258-S
Verstoß melden","Wenn du dich bewerben möchtest, schreib uns warum genau du Fachinformatiker/-in für Anwendungsentwicklung bei der StratOz GmbH werden möchtest. Sende dein Anschreiben, deinen Lebenslauf mit Lichtbild sowie wichtige Zeugnisse per E-Mail an Frau Barbara Lötters an loetters@stratoz.de.
http://www.stratoz.de/flyer/Datenschutzerkl%C3%A4rung%20zum%20Bewerbungsverfahren.pdf
Arbeitsorte
Karte anzeigen
Lohbachstr. 12, 58239 Schwerte
Unternehmensdarstellung: StratOz GmbH Strategic Organizations analysis & consulting
StratOz GmbH Strategic Organizations analysis & consulting
Hauptsitz
Schwerte
Gründung
1984
Betriebsgröße
33 Mitarbeiter
Tätigkeitsfelder und Schlagworte
IT BrancheDigitalisierung
Wir sind ein führendes Unternehmen in der IT-Branche, spezialisiert auf innovative Lösungen und Dienstleistungen. Wir unterstützen Unternehmen auf ihrem Weg zur Digitalisierung und Prozessoptimierung – von der Informationsverarbeitung über Arbeits- und Geschäftsprozesse bis hin zum unternehmensinternen Informations- und Wissensmanagement. Unser Erfolg basiert auf unserem engagierten Team und unserer Fähigkeit, Kundenbedürfnisse zu verstehen und optimal zu erfüllen.
Vorteile für Mitarbeitende
Homeoffice / Mobiles Arbeiten
Firmenevents
Sport- und Gesundheitsangebote
Sonderzahlungen
Betriebliche Altersvorsorge
ÖPNV-Ticket / Job-Ticket
Parkmöglichkeiten
Gute Verkehrsanbindung
Moderne technische Ausstattung
Die abgebildeten Vorteile für Mitarbeitende können je nach Abteilung und Position variieren.
Alle Stellen anzeigenIn neuem Tab öffnen
Webseiten
Homepage
Informationen zur Bewerbung
Sicherheitsabfrage",,ausbildungsstellen_de,https://www.arbeitsagentur.de/jobsuche/jobdetail/10000-1203661258-S,False,,53,,,,2026-06-13T10:56:55.964839+00:00
ASD-999960000720548276,ausbildungsstellen_ae,Wienrank Datentechnik GmbH Herbert Wienrank,,,,"Stellendetails zu: Fachinformatiker für Systemintegration (m/w/d)

Voraussetzungen:
Fachhochschulreife, Fachoberschulreife
Teamfähigkeit
selbstständiges Problemlösungsverhalten
Führerschein Klasse B
Beginn:
ab 01.08.2026 (01.09.2026)
Ausbildungsdauer:
3 Jahre
Haben wir dein Interesse geweckt?",,"Voraussetzungen:
Fachhochschulreife, Fachoberschulreife
Teamfähigkeit
selbstständiges Problemlösungsverhalten
Führerschein Klasse B
Beginn:
ab 01.08.2026 (01.09.2026)
Ausbildungsdauer:
3 Jahre
Haben wir dein Interesse geweckt?",Ausbildung | Stellendetails zu: Fachinformatiker für Systemintegration (m/w/d),si,,,,,empty,personal@wienrank.de,javascript:,javascript:,javascript:,externe,"Wir schützen die Kontaktdaten des Arbeitgebers vor unerlaubten Zugriffen. Bitte geben Sie die dargestellten Zeichen in das Textfeld ein, um die Kontaktdaten des Arbeitgebers anzuzeigen.
Anderes Bild laden
Audioversion abspielen
Hinweis: Die dargestellten Zeichen enthalten keine Umlaute (ä, ö, ü oder ß), Sonderzeichen oder Leerzeichen.
Dargestellte Zeichen
Absenden
Fußbereich
Stelle betreut durch die BA
Referenz-Nr.: 10000-1206787904-S
Verstoß melden","Dann sende uns deine aussagefähigen Bewerbungsunterlagen an:
personal@wienrank.de
Arbeitsorte
Karte anzeigen
33154 Salzkotten
Unternehmensdarstellung: Wienrank Datentechnik GmbH Herbert Wienrank
Wienrank Datentechnik GmbH Herbert Wienrank
Alle Stellen anzeigen
Webseiten
Homepage
Informationen zur Bewerbung
Sicherheitsabfrage",,ausbildungsstellen_de,https://www.arbeitsagentur.de/jobsuche/jobdetail/10000-1206787904-S,False,,53,2026,8,2026-08-01,2026-06-13T10:48:15.872475+00:00
ASD-999960000521443659,ausbildungsstellen_ae,,,,,"Stellendetails zu: Ausbildung Fachinformatiker für Systemintegration (m/w/d)

Das Erwartet dich:
Gemeinsam mit unserem IT-Team stellst Du in Deiner 3-jährigen dualen Ausbildung eine leistungsfähige und sichere IT-Infrastruktur in allen Einrichtungen unserer Stiftung sicher – vom Krankenhaus über das Seniorenzentrum bis hin zur Kita
Du richtest Computer, Drucker, mobile Endgeräte, Server- und Storagesysteme ein, sorgst für eine saubere Verkabelung und schaffst damit die Grundlage für eine reibungslose Kommunikation.
Du stellst sicher, dass Netzwerke, Hardware und Software sinnvoll eingerichtet und miteinander verbunden werden und alle Systeme in die Abläufe des Unternehmens integriert sind
Du kümmerst du dich um die Installation der für uns relevanten Software, wie z.B. Microsoft 365, Antiviren-Programme, Krankenhausinformationssystem (KIS), etc.
Läuft schließlich alles, gehört die Wartung von Hard- und Software genauso zu deinen Aufgaben wie der professionelle IT-Support unserer KollegInnen
Du wirst die ganze Ausbildung über eng von erfahrenen Kollegen betreut, die Dir helfen, Theorie und Praxis zu verbinden und Dich zu einem gefragten IT-Experten ausbilden
Ausbildungsdauer:
Die nächste Ausbildung startet am 1. August 2026 und dauert drei Jahre.
So Bewirbst du dich bei uns
Bewerbungsschreiben

Wir bieten dir:
Eine** spannende Ausbildung**, in der Du eine Menge lernst und viel ausprobieren darfst
Ein tolles, multiprofessionelles Team, welches Dir immer gern mit Rat und Tat zur Seite steht
Sehr gute Übernahme- und Entwicklungschancen nach Abschluss Deiner Ausbildung
Eine attraktive **Ausbildungsvergütung **nach den AVR Caritas
Regelmäßige Feed- und **Reflektionsgespräche **zur Förderung Deines persönlichen Wachstums
Umfassendes Angebot an Mitarbeiterrabatten
Maßnahmen zur Prävention und Förderung Deiner Gesundheit
Eine günstige **Wohnmöglichkeit **in unserem Appartementhaus (nach Verfügbarkeit)
Deine Vergütung richtet sich nach den AVR Caritas und beträgt:
-im 1. Ausbildungsjahr: 1.368,26 EUR
-im 2. Ausbildungsjahr: 1.418,20 Euro
-im 3. Ausbildungsjahr: 1.464,02 Euro
Dein Urlaubsanspruch beträgt 30 Tage.","1.368,26 €, 1.418,20 €, 1.464,02 €",,Ausbildung | Stellendetails zu: Fachinformatiker für Systemintegration (m/w/d),si,,"Wir bieten dir:
Eine** spannende Ausbildung**, in der Du eine Menge lernst und viel ausprobieren darfst
Ein tolles, multiprofessionelles Team, welches Dir immer gern mit Rat und Tat zur Seite steht
Sehr gute Übernahme- und Entwicklungschancen nach Abschluss Deiner Ausbildung
Eine attraktive **Ausbildungsvergütung **nach den AVR Caritas
Regelmäßige Feed- und **Reflektionsgespräche **zur Förderung Deines persönlichen Wachstums
Umfassendes Angebot an Mitarbeiterrabatten
Maßnahmen zur Prävention und Förderung Deiner Gesundheit
Eine günstige **Wohnmöglichkeit **in unserem Appartementhaus (nach Verfügbarkeit)
Deine Vergütung richtet sich nach den AVR Caritas und beträgt:
-im 1. Ausbildungsjahr: 1.368,26 EUR
-im 2. Ausbildungsjahr: 1.418,20 Euro
-im 3. Ausbildungsjahr: 1.464,02 Euro
Dein Urlaubsanspruch beträgt 30 Tage.",,,empty,,javascript:,javascript:,javascript:,externe,"Wir schützen die Kontaktdaten des Arbeitgebers vor unerlaubten Zugriffen. Bitte geben Sie die dargestellten Zeichen in das Textfeld ein, um die Kontaktdaten des Arbeitgebers anzuzeigen.
Anderes Bild laden
Audioversion abspielen
Hinweis: Die dargestellten Zeichen enthalten keine Umlaute (ä, ö, ü oder ß), Sonderzeichen oder Leerzeichen.
Dargestellte Zeichen
Absenden
Fußbereich
Stelle betreut durch die BA
Referenz-Nr.: 10000-1205212724-S
Verstoß melden","Lebenslauf
Schulabschlusszeugnis und/oder das letzte Zeugnis
Zeugnis über vorausgegangene Tätigkeiten
Mehr Informationen bei: https://www.marien-hospital.com/karriere/schueler-auszubildende/ausbildung-fachinformatiker
Mehr anzeigen
Arbeitsorte
Karte anzeigen
Gottfried-Disse-Str. 40, 53879 Euskirchen
Unternehmensdarstellung: Stiftung Marienhospital Euskirchen
Stiftung Marienhospital Euskirchen
Alle Stellen anzeigen
Webseiten
Homepage
Informationen zur Bewerbung
Sicherheitsabfrage",,ausbildungsstellen_de,https://www.arbeitsagentur.de/jobsuche/jobdetail/10000-1205212724-S,False,,47,,,,2026-06-13T10:43:53.119989+00:00
ASD-999960001138602735,ausbildungsstellen_ae,,,,,"Stellendetails zu: 2026-76 Ausbildung zur Fachinformatikerin / zum Fachinformatiker Systemintegration (m/w/d)

Wir bieten
eine Ausbildungsvergütung nach TVA-L BBiG
eine interessante und praxisorientierte Ausbildung in einem kollegialen und motivierten Team
individuelle Betreuung während der Ausbildung
Absicht zur dauerhaften Übernahme in einen sicheren Arbeitsplatz nach erfolgreichem Abschluss
gute Work-Life-Balance durch 30 Tage Urlaub sowie flexible Arbeitszeiten
Jobticket
Interessiert?",,,Ausbildung | Stellendetails zu: 2026-76 zur Fachinformatikerin / zum Fachinformatiker Systemintegration (m/w/d),si,,"Wir bieten
eine Ausbildungsvergütung nach TVA-L BBiG
eine interessante und praxisorientierte Ausbildung in einem kollegialen und motivierten Team
individuelle Betreuung während der Ausbildung
Absicht zur dauerhaften Übernahme in einen sicheren Arbeitsplatz nach erfolgreichem Abschluss
gute Work-Life-Balance durch 30 Tage Urlaub sowie flexible Arbeitszeiten
Jobticket
Interessiert?",,,empty,AI@LfL.bayern.de,javascript:,javascript:,javascript:,externe,"Ansprechpartner:
Herr Gregor Wild
Tel.: 08161/8640-1117
E-Mail: AI@LfL.bayern.de
Mehr anzeigen
Arbeitsorte
Karte anzeigen
Lange Point 12, 85354 Freising, Oberbayern
Hans-Loher-Straße 32, 94099 Ruhstorf an der Rott
Unternehmensdarstellung: Bay.Landesanstalt f.Landwirts. Abteilung Verwaltung Land Bayern
Bay.Landesanstalt f.Landwirts. Abteilung Verwaltung Land Bayern
Alle Stellen anzeigen
Webseiten
Homepage
Informationen zur Bewerbung
Sicherheitsabfrage
Wir schützen die Kontaktdaten des Arbeitgebers vor unerlaubten Zugriffen. Bitte geben Sie die dargestellten Zeichen in das Textfeld ein, um die Kontaktdaten des Arbeitgebers anzuzeigen.
Anderes Bild laden
Audioversion abspielen
Hinweis: Die dargestellten Zeichen enthalten keine Umlaute (ä, ö, ü oder ß), Sonderzeichen oder Leerzeichen.
Dargestellte Zeichen
Absenden
Fußbereich
Stelle betreut durch die BA
Referenz-Nr.: 10000-1206705886-S
Verstoß melden","Dann bewerben Sie sich bitte per E-Mail (ausschließlich pdf-Dateien) unter Angabe der Stellenausschreibungsnummer mit den üblichen Unterlagen (u.a. tabellarischer Lebenslauf, Kopien von Zeugnissen, Fortbildungsnachweisen, evtl. dienstlichen Beurteilungen).
Bei im Wesentlichen gleicher Eignung werden schwerbehinderte Bewerberinnen/Bewerber bevorzugt. Die LfL hat sich zum Ziel gesetzt, den Frauenanteil zu erhöhen, und fordert deshalb ausdrücklich Frauen zur Bewerbung auf. Auf das Antragsrecht zur Beteiligung der Gleichstellungsbeauftragten wird hingewiesen. Die Stelle ist grundsätzlich teilzeitfähig, sofern durch Jobsharing die vollständige Wahrnehmung der Aufgabe sichergestellt ist.
Reisekosten für Vorstellungsreisen werden nicht erstattet.
Ihre aussagekräftige Bewerbung richten Sie bitte bis zum** 24.06.2026** an:
Bayerische Landesanstalt für Landwirtschaft
Abteilung Informationsmanagement
Lange Point 12
85354 Freising",,ausbildungsstellen_de,https://www.arbeitsagentur.de/jobsuche/jobdetail/10000-1206705886-S,False,,47,,,,2026-06-13T10:56:53.025441+00:00
ASD-999960000577476521,ausbildungsstellen_ae,Atobis GmbH,,,,Stellendetails zu: Fachinformatiker Systemintegration/ IT- Administrator (m/w/d),,,Ausbildung | Stellendetails zu: Fachinformatiker Systemintegration/ IT- Administrator (m/w/d),si,,,,,empty,bewerbung@atobis.de,javascript:,javascript:,javascript:,externe,"Wir schützen die Kontaktdaten des Arbeitgebers vor unerlaubten Zugriffen. Bitte geben Sie die dargestellten Zeichen in das Textfeld ein, um die Kontaktdaten des Arbeitgebers anzuzeigen.
Anderes Bild laden
Audioversion abspielen
Hinweis: Die dargestellten Zeichen enthalten keine Umlaute (ä, ö, ü oder ß), Sonderzeichen oder Leerzeichen.
Dargestellte Zeichen
Absenden
Fußbereich
Stelle betreut durch die BA
Referenz-Nr.: 10000-1205225587-S
Verstoß melden","Sende deinen Lebenslauf an bewerbung@atobis.de. Wenn es für beide Seiten passt, ist der erste Schritt ein persönliches Gespräch vor Ort.
Arbeitsorte
Karte anzeigen
Auf der Heide 9, 65553 Limburg an der Lahn
Unternehmensdarstellung: Atobis GmbH
Atobis GmbH
Alle Stellen anzeigen
Informationen zur Bewerbung
Sicherheitsabfrage",,ausbildungsstellen_de,https://www.arbeitsagentur.de/jobsuche/jobdetail/10000-1205225587-S,False,,47,,,,2026-06-13T10:45:10.481510+00:00
ASD-999960002835027441,ausbildungsstellen_ae,E. H. Worlée & Co. (GmbH. & Co.) KG,,,,"Stellendetails zu: Ausbildung zum Fachinformatiker (m/w/d) mit Fachrichtung Systemintegration

Deine Aufgaben – Vielfältig und spannend
Kennenlernen: Einblick in Planung und Konfiguration moderner IT Systeme
Installation: Einrichtung und Administration von Netzwerken mit Unterstützung Deiner Ausbilder
Betrieb: Betreuung und Verwaltung von Systemen im laufenden Arbeitsalltag
Unterstützung: Beratung von Anwendern bei Auswahl und Einsatz von Hard und Software

Das bringst Du mit – Deine Stärken zählen
IT Interesse: Begeisterung für digitale Technologien und Systemzusammenhänge
Lernbereitschaft: Motivation Neues schnell zu verstehen und anzuwenden
Verantwortungsbewusstsein: Sorgfältiger Umgang mit sensiblen Daten und Systemen
Teamfähigkeit: Konstruktive Zusammenarbeit im IT Team",,"Das bringst Du mit – Deine Stärken zählen
IT Interesse: Begeisterung für digitale Technologien und Systemzusammenhänge
Lernbereitschaft: Motivation Neues schnell zu verstehen und anzuwenden
Verantwortungsbewusstsein: Sorgfältiger Umgang mit sensiblen Daten und Systemen
Teamfähigkeit: Konstruktive Zusammenarbeit im IT Team",Ausbildung | Stellendetails zu: zum Fachinformatiker (m/w/d) mit Fachrichtung Systemintegration,si,,,,,empty,,"https://ehworlee.pi-asp.de/bewerber-web/?company=*-FIRMA-ID&tenant=&lang=D#position,id=fe45bb0c-943e-4be6-b607-fb1943ecde9f,jobportalid=7d51b858-e466-400d-8696-5e01d3b26140","https://ehworlee.pi-asp.de/bewerber-web/?company=*-FIRMA-ID&tenant=&lang=D#position,id=fe45bb0c-943e-4be6-b607-fb1943ecde9f,jobportalid=7d51b858-e466-400d-8696-5e01d3b26140","https://ehworlee.pi-asp.de/bewerber-web/?company=*-FIRMA-ID&tenant=&lang=D#position,id=fe45bb0c-943e-4be6-b607-fb1943ecde9f,jobportalid=7d51b858-e466-400d-8696-5e01d3b26140",externe,"Hilfsbereitschaft: Freundliche Unterstützung für interne Ansprechpartner
Engagement: Aktive Mitarbeit und Einsatz im Ausbildungsalltag
Unsere Benefits – Mehr als nur ein Job
Attraktive Vergütung: Tarifgebundenes Gehalt nach Groß- und Außenhandelstarif inklusive 30 Tagen Urlaub sowie Urlaubs- und Weihnachtsgeld
Persönliche Betreuung: Fester Ansprechpartner, der Dich durch Deine gesamte Ausbildung von rund 3,5 Jahren begleitet
Gute Übernahmeperspektive: Hohe Chance auf einen sicheren Arbeitsplatz nach Deiner Ausbildung
Flexible Mobilität: Zuschuss zum Deutschlandticket für entspanntes und günstiges Pendeln
Exklusive Vorteile: Zugang zu Corporate Benefits mit vielen Rabatten bei bekannten Marken
Bereit für Deine Zukunft?
Lass uns diese gemeinsam gestalten – wir freuen uns darauf Dich kennenzulernen!
Bewirb Dich in nur wenigen Minuten
Bewerbungsformular
E.H. Worlée, z. Hd. Tina Goretzka, Grunsonstrasse 26, 22113 Hamburg
Mehr anzeigen
Arbeitsorte
Karte anzeigen
Grusonstr. 26, 22113 Hamburg
Unternehmensdarstellung: E. H. Worlée & Co. (GmbH. & Co.) KG
E. H. Worlée & Co. (GmbH. & Co.) KG
Alle Stellen anzeigen
Informationen zur Bewerbung
Sicherheitsabfrage
Wir schützen die Kontaktdaten des Arbeitgebers vor unerlaubten Zugriffen. Bitte geben Sie die dargestellten Zeichen in das Textfeld ein, um die Kontaktdaten des Arbeitgebers anzuzeigen.
Anderes Bild laden
Audioversion abspielen
Hinweis: Die dargestellten Zeichen enthalten keine Umlaute (ä, ö, ü oder ß), Sonderzeichen oder Leerzeichen.
Dargestellte Zeichen
Absenden
Fußbereich
Stelle betreut durch die BA
Referenz-Nr.: 10001-1002695201-S
Verstoß melden
© Bundesagentur für Arbeit 2026
Impressum
Information & Hilfe
Datenschutz
Rechtliche Hinweise
Erklärung zur Barrierefreiheit
Barrieren melden","Dokumentation: Erstellung von Systemunterlagen zur Sicherstellung transparenter Abläufe
Anwendung: Umsetzung des Berufsschulwissens in konkreten IT Projekten",,ausbildungsstellen_de,https://www.arbeitsagentur.de/jobsuche/jobdetail/10001-1002695201-S,False,,47,,,,2026-06-13T11:31:41.031458+00:00
ASD-999960000757259228,ausbildungsstellen_ae,etherTec Systems GmbH,,,,Stellendetails zu: Ausbildung zur/m Fachinformatiker/in für Systemintegration,,,Ausbildung | Stellendetails zu: zur/m Fachinformatiker/in für Systemintegration,si,,,,,empty,jobs@ethertec.net,javascript:,javascript:,javascript:,externe,"► Kontaktfreudigkeit
Was Dich erwartet:
► Ein moderner Arbeitsplatz sowie modernste Arbeitsmittel
► Attraktive Vergütung
► Gute Anbindung an ÖPNV und die Möglichkeit PKW-Stellplätze zu nutzen
► Kostenlose & vergünstigte Verpflegung (Getränke & Mahlzeiten) in der Firma, sowie
weitere vielfältige Gastronomie im näheren Umfeld
► Langfristige Karriereperspektiven
► Persönliche und kollegiale Arbeitsatmosphäre
► Eigenverantwortlicher Handlungsbereich und weitreichende Gestaltungsmöglichkeiten
► Kontinuierliche Förderung und Weiterbildungsmöglichkeiten
Möchtest Du ein Teil unseres Teams werden? Dann sende uns Deine aussagekräftige Bewerbung
Wir schützen die Kontaktdaten des Arbeitgebers vor unerlaubten Zugriffen. Bitte geben Sie die dargestellten Zeichen in das Textfeld ein, um die Kontaktdaten des Arbeitgebers anzuzeigen.
Anderes Bild laden
Audioversion abspielen
Hinweis: Die dargestellten Zeichen enthalten keine Umlaute (ä, ö, ü oder ß), Sonderzeichen oder Leerzeichen.
Dargestellte Zeichen
Absenden
Fußbereich
Stelle betreut durch die BA
Referenz-Nr.: 10001-1003071488-S
Verstoß melden","(Anschreiben, Lebenslauf, letztes Zeugnis) als PDF an jobs@ethertec.net.
Wir freuen uns auf Deine Bewerbung!
Mehr anzeigen
Arbeitsorte
Karte anzeigen
Südwall 22, 47798 Krefeld
Unternehmensdarstellung: etherTec Systems GmbH
etherTec Systems GmbH
etherTec Systems ist ein überregional tätiger Dienstleister mit einem vielfältigen Leistungsspektrum im Bereich der Informationstechnik sowie langjähriger Branchenerfahrung. Unsere Kernkompetenz liegt im Aufbau, Betrieb und der Optimierung von IT-Infrastrukturen. Unsere namhaften Kunden stammen aus verschiedensten Sektoren wie dem Finanzwesen, der IT oder dem Medienbereich.
Alle Stellen anzeigen
Webseiten
Homepage
Informationen zur Bewerbung
Sicherheitsabfrage",,ausbildungsstellen_de,https://www.arbeitsagentur.de/jobsuche/jobdetail/10001-1003071488-S,False,,47,,,,2026-06-13T10:49:09.837589+00:00
ASD-999960000523421733,ausbildungsstellen_ae,hm-netzwerke GmbH,,,,"Stellendetails zu: Ausbildung zum Fachinformatiker (w/m/d) Systemintegration für den Standort Althengstett

Wir schätzen Deine individuelle Persönlichkeit. Besonders wichtig ist uns Deine Leidenschaft für IT-Technologien. Schön wäre es, wenn Du erste berufliche Erfahrungen mitbringst. Vielleicht hast Du auch bereits eine Ausbildung begonnen und suchst nach neuen Herausforderungen. Folgende Skills runden Dein Profil ab:
Guter Schulabschluss (Mittlere Reife, Fachabitur oder Abitur)
Gute Vorkenntnisse in den Bereichen Mathematik, Informatik, Technik von Vorteil
Hohe Motivation sowie Bereitschaft zum selbstständigen Arbeiten
Teamfähigkeit und ein freundliches Auftreten
Was wir Dir bieten

Du hast die Möglichkeit Dich bei uns zu entwickeln. Wir bieten Dir eine hervorragende Ausbildung und fördern Deine Kompetenzen. Dazu findest Du bei uns:
Eine attraktive Ausbildungsvergütung
Sehr gute Chancen zur Übernahme in ein festes Arbeitsverhältnis
Interne und externe Weiterbildungsmöglichkeiten
Arbeitsorte
Karte anzeigen
Ferdinand-Porsche-Str. 32, 75382 Althengstett
Unternehmensdarstellung: hm-netzwerke GmbH
hm-netzwerke GmbH
Hauptsitz
Althengstett
Gründung
1998
Betriebsgröße
40
Wir sind ein System- und Service-Partner für Privatkunden, Unternehmen und Schulen in allen Belangen der IT-Welt. Als mittelständisches, inhabergeführtes IT-Dienstleistungsunternehmen können wir mit kurzen Entscheidungswegen schnell und flexibel auf neue Technologien und Marktveränderungen reagieren. Seit der Gründung 1998 sind wir kontinuierlich gewachsen. Unsere derzeit 35 - 40 Mitarbeiter engagieren sich mit Herzblut für die Belange unserer Kunden.
Alle Stellen anzeigenIn neuem Tab öffnen
Webseiten
Homepage
Informationen zur Bewerbung
Sicherheitsabfrage",,"Wir schätzen Deine individuelle Persönlichkeit. Besonders wichtig ist uns Deine Leidenschaft für IT-Technologien. Schön wäre es, wenn Du erste berufliche Erfahrungen mitbringst. Vielleicht hast Du auch bereits eine Ausbildung begonnen und suchst nach neuen Herausforderungen. Folgende Skills runden Dein Profil ab:
Guter Schulabschluss (Mittlere Reife, Fachabitur oder Abitur)
Gute Vorkenntnisse in den Bereichen Mathematik, Informatik, Technik von Vorteil
Hohe Motivation sowie Bereitschaft zum selbstständigen Arbeiten
Teamfähigkeit und ein freundliches Auftreten
Was wir Dir bieten",Ausbildung | Stellendetails zu: zum Fachinformatiker (w/m/d) Systemintegration für den Standort Althengstett,si,,"Du hast die Möglichkeit Dich bei uns zu entwickeln. Wir bieten Dir eine hervorragende Ausbildung und fördern Deine Kompetenzen. Dazu findest Du bei uns:
Eine attraktive Ausbildungsvergütung
Sehr gute Chancen zur Übernahme in ein festes Arbeitsverhältnis
Interne und externe Weiterbildungsmöglichkeiten
Arbeitsorte
Karte anzeigen
Ferdinand-Porsche-Str. 32, 75382 Althengstett
Unternehmensdarstellung: hm-netzwerke GmbH
hm-netzwerke GmbH
Hauptsitz
Althengstett
Gründung
1998
Betriebsgröße
40
Wir sind ein System- und Service-Partner für Privatkunden, Unternehmen und Schulen in allen Belangen der IT-Welt. Als mittelständisches, inhabergeführtes IT-Dienstleistungsunternehmen können wir mit kurzen Entscheidungswegen schnell und flexibel auf neue Technologien und Marktveränderungen reagieren. Seit der Gründung 1998 sind wir kontinuierlich gewachsen. Unsere derzeit 35 - 40 Mitarbeiter engagieren sich mit Herzblut für die Belange unserer Kunden.
Alle Stellen anzeigenIn neuem Tab öffnen
Webseiten
Homepage
Informationen zur Bewerbung
Sicherheitsabfrage",,,empty,,javascript:,javascript:,javascript:,externe,"Wir schützen die Kontaktdaten des Arbeitgebers vor unerlaubten Zugriffen. Bitte geben Sie die dargestellten Zeichen in das Textfeld ein, um die Kontaktdaten des Arbeitgebers anzuzeigen.
Anderes Bild laden
Audioversion abspielen
Hinweis: Die dargestellten Zeichen enthalten keine Umlaute (ä, ö, ü oder ß), Sonderzeichen oder Leerzeichen.
Dargestellte Zeichen
Absenden
Fußbereich
Stelle betreut durch die BA
Referenz-Nr.: 10001-1002675266-S
Verstoß melden",,,ausbildungsstellen_de,https://www.arbeitsagentur.de/jobsuche/jobdetail/10001-1002675266-S,False,,47,,,,2026-06-13T10:43:56.958450+00:00
ASD-999960000795317877,ausbildungsstellen_ae,Maximator GmbH,,,,"Stellendetails zu: Ausbildung zum Fachinformatiker für Systemintegration (m/w/d)

Deine Aufgaben bei uns:
Du beschäftigst dich mit der Konfiguration und Verwaltung von vernetzten IT-Systemen
Du sorgst für eine sichere IT-Landschaft im Unternehmen
Du berätst Kollegen bei der Auswahl und dem Einsatz von Hard- & Software
Du löst im IT Support Anwendungs- und Systemprobleme
Du bist verantwortlich für die Einrichtung und Installation von Computerarbeitsplätzen

Das bringst du mit:
Du machst in der Schule gern Mathe, Englisch und Informatik
Du kümmerst dich auch zuhause um PC-Probleme, Omas Handy oder euer Netzwerk
Du bist zahlenaffin, geduldig und kreativ bei der Lösung von Problemen
Du arbeitest viel mit deinen Kollegen zusammen und bist daher hilfsbereit und aufgeschlossen gegenüber Anderen
Du musst nicht alle Anforderungen erfüllen können, wenn du Interesse und die Motivation dazu hast, dann freuen wir uns auf Deine aussagekräftige Bewerbung – gern per E-Mail an Hanna Thomas.
Wir freuen uns auf dich!
Für weitere Informationen wendest Du dich entweder per Telefon (03631 9533 5334) oder WhatsApp (0152 90023808) an uns.
Solltest du noch mehr Infos benötigen, kannst du einfach auf unserer Karriereseite vorbei schauen:
https://www.maximator.de/flycms/de/web/536/-/Stellenportal.html
Oder schau dir unser Video zur Ausbildung bei Maximator an, um dir einen kleinen Eindruck von unserem Unternehmen zu verschaffen:
https://www.youtube.com/watch?v=AlHsb_thfvQ
#maxazubi #maximatorteam #wirsuchendich #karriere #nordhausen #nordhausenamharz #zukunft #stellenausschreibung
Mehr anzeigen
Arbeitsorte
Karte anzeigen
Lange Str. 6, 99734 Nordhausen, Thüringen
Unternehmensdarstellung: Maximator GmbH
Maximator GmbH
Hauptsitz
Nordhausen, Thüringen
Betriebsgröße
400 Mitarbeiter
Tätigkeitsfelder und Schlagworte
MaschinenbauHochdrucktechnikHydraulikPneumatikWasserstofftechnik
Willkommen bei MAXIMATOR! Unsere Mission: Am Puls der Zeit gemeinsam Hightech-Produkte im Bereich Hochdruck & Wasserstoff entwickeln. Wir sind für dich zuverlässiger Partner, um Dich und Dein Know-How voranzubringen.
Maximal innovativ.
Maximal stolz.
MAXIMATOR.
Verstärke jetzt unser Team!
Vorteile für Mitarbeitende
Fahrtkostenzuschuss
Jobrad
Metalltarif
30 Tage Urlaub
38h-Woche
Flexible Arbeitszeiten
Homeoffice / Mobiles Arbeiten
Nachhaltigkeit / Umweltschutz
Firmenevents
Rabatte für Mitarbeitende
Sport- und Gesundheitsangebote
Sonderzahlungen
Weiterbildungen
Betriebliche Altersvorsorge
Dienstwagen
Kantine
Mitgestaltungsmöglichkeiten
Parkmöglichkeiten
Gute Verkehrsanbindung
Moderne technische Ausstattung
Die abgebildeten Vorteile für Mitarbeitende können je nach Abteilung und Position variieren.
Alle Stellen anzeigenIn neuem Tab öffnen
Webseiten
Homepage
Karriereseite
Social Media Seiten
Informationen zur Bewerbung
Sicherheitsabfrage

Das bieten wir Dir:
Familiäres Arbeitsklima: Viel Abwechslung & eigene Azubiprojekte
Attraktive Arbeitszeiten: 38h-Woche von Mo-Fr & 30 Tage Urlaub
Bezahlung nach Metalltarif:
Jahr € 1.271
Jahr € 1.338
Jahr € 1.437
Jahr € 1.504
Gute Anbindung an ÖPNV: In Bahn- & Busbahnhofsnähe, kostenlose Parkplätze
Zusatzleistungen: Zuschüsse für Bücher, Fahrtkosten & Altersvorsorge
Entwicklungsmöglichkeiten: Hohe Übernahmequote, Duales Studium
Eigener Laptop für deine Berufsschulaufgaben",,"Das bringst du mit:
Du machst in der Schule gern Mathe, Englisch und Informatik
Du kümmerst dich auch zuhause um PC-Probleme, Omas Handy oder euer Netzwerk
Du bist zahlenaffin, geduldig und kreativ bei der Lösung von Problemen
Du arbeitest viel mit deinen Kollegen zusammen und bist daher hilfsbereit und aufgeschlossen gegenüber Anderen
Du musst nicht alle Anforderungen erfüllen können, wenn du Interesse und die Motivation dazu hast, dann freuen wir uns auf Deine aussagekräftige Bewerbung – gern per E-Mail an Hanna Thomas.
Wir freuen uns auf dich!
Für weitere Informationen wendest Du dich entweder per Telefon (03631 9533 5334) oder WhatsApp (0152 90023808) an uns.
Solltest du noch mehr Infos benötigen, kannst du einfach auf unserer Karriereseite vorbei schauen:
https://www.maximator.de/flycms/de/web/536/-/Stellenportal.html
Oder schau dir unser Video zur Ausbildung bei Maximator an, um dir einen kleinen Eindruck von unserem Unternehmen zu verschaffen:
https://www.youtube.com/watch?v=AlHsb_thfvQ
#maxazubi #maximatorteam #wirsuchendich #karriere #nordhausen #nordhausenamharz #zukunft #stellenausschreibung
Mehr anzeigen
Arbeitsorte
Karte anzeigen
Lange Str. 6, 99734 Nordhausen, Thüringen
Unternehmensdarstellung: Maximator GmbH
Maximator GmbH
Hauptsitz
Nordhausen, Thüringen
Betriebsgröße
400 Mitarbeiter
Tätigkeitsfelder und Schlagworte
MaschinenbauHochdrucktechnikHydraulikPneumatikWasserstofftechnik
Willkommen bei MAXIMATOR! Unsere Mission: Am Puls der Zeit gemeinsam Hightech-Produkte im Bereich Hochdruck & Wasserstoff entwickeln. Wir sind für dich zuverlässiger Partner, um Dich und Dein Know-How voranzubringen.
Maximal innovativ.
Maximal stolz.
MAXIMATOR.
Verstärke jetzt unser Team!
Vorteile für Mitarbeitende
Fahrtkostenzuschuss
Jobrad
Metalltarif
30 Tage Urlaub
38h-Woche
Flexible Arbeitszeiten
Homeoffice / Mobiles Arbeiten
Nachhaltigkeit / Umweltschutz
Firmenevents
Rabatte für Mitarbeitende
Sport- und Gesundheitsangebote
Sonderzahlungen
Weiterbildungen
Betriebliche Altersvorsorge
Dienstwagen
Kantine
Mitgestaltungsmöglichkeiten
Parkmöglichkeiten
Gute Verkehrsanbindung
Moderne technische Ausstattung
Die abgebildeten Vorteile für Mitarbeitende können je nach Abteilung und Position variieren.
Alle Stellen anzeigenIn neuem Tab öffnen
Webseiten
Homepage
Karriereseite
Social Media Seiten
Informationen zur Bewerbung
Sicherheitsabfrage",Ausbildung | Stellendetails zu: zum Fachinformatiker für Systemintegration (m/w/d),si,,"Das bieten wir Dir:
Familiäres Arbeitsklima: Viel Abwechslung & eigene Azubiprojekte
Attraktive Arbeitszeiten: 38h-Woche von Mo-Fr & 30 Tage Urlaub
Bezahlung nach Metalltarif:
Jahr € 1.271
Jahr € 1.338
Jahr € 1.437
Jahr € 1.504
Gute Anbindung an ÖPNV: In Bahn- & Busbahnhofsnähe, kostenlose Parkplätze
Zusatzleistungen: Zuschüsse für Bücher, Fahrtkosten & Altersvorsorge
Entwicklungsmöglichkeiten: Hohe Übernahmequote, Duales Studium
Eigener Laptop für deine Berufsschulaufgaben",,,empty,,javascript:,javascript:,javascript:,externe,"Wir schützen die Kontaktdaten des Arbeitgebers vor unerlaubten Zugriffen. Bitte geben Sie die dargestellten Zeichen in das Textfeld ein, um die Kontaktdaten des Arbeitgebers anzuzeigen.
Anderes Bild laden
Audioversion abspielen
Hinweis: Die dargestellten Zeichen enthalten keine Umlaute (ä, ö, ü oder ß), Sonderzeichen oder Leerzeichen.
Dargestellte Zeichen
Absenden
Fußbereich
Stelle betreut durch die BA
Referenz-Nr.: 10000-1204636724-S
Verstoß melden",,,ausbildungsstellen_de,https://www.arbeitsagentur.de/jobsuche/jobdetail/10000-1204636724-S,False,,47,,,,2026-06-13T10:50:04.801088+00:00
ASD-999960000739175440,ausbildungsstellen_ae,Müller Fleisch GmbH,,,,"Stellendetails zu: Ausbildung 2026 - Fachinformatiker Fachrichtung Systemintegration (m/w/d)

Das lernst du bei uns:
Du bist an der Planung, Installation und Konfiguration von Netzwerken, Servern und Workstations beteiligt
Du sorgst dafür, dass IT-Infrastrukturen reibungslos laufen, führst regelmäßige Wartungsarbeiten durch und behebst Störungen
Du lernst, IT-Probleme zu erkennen und effizient zu beheben, damit Systeme immer einsatzbereit bleiben",,,Ausbildung | Stellendetails zu: 2026 - Fachinformatiker Fachrichtung Systemintegration (m/w/d),si,,,,,empty,josefin.seeger@mueller-fleisch.de,javascript:,javascript:,javascript:,externe,"Du bist Ansprechpartner für Benutzer und hilfst bei IT-Fragen, sei es per Telefon, E-Mail oder vor Ort
Du beschäftigst dich mit der Sicherheit von IT-Systemen und sorgst dafür, dass Netzwerke vor Cyberangriffen geschützt sind
Du erstellst Dokumentationen zu Installationen, Systemkonfigurationen und durchgeführten Reparaturen
Du unterstützt bei der Umsetzung von IT-Projekten und arbeitest an der Integration neuer Systeme
Du bekommst Einblicke in die Verwaltung und Pflege von Datenbanken, die für den Betrieb von IT-Systemen wichtig sind
Du erklärst Kollegen oder Kunden, wie sie IT-Systeme effektiv nutzen und optimieren können
Du bringst mit:
Einen guten Realschulabschluss oder einen vergleichbaren Abschluss
Leidenschaft für IT-Themen und Technik
Technische Begabung, Fingerfertigkeit
Sorgfältiges, gewissenhaftes Arbeiten
Teamfähigkeit, Lernbereitschaft
Lust, aus den Erfahrungen unserer Kollegen zu lernen
Gute Gründe für uns:
Eine 3-jährige Berufsausbildung (Industrie, Handel, Handwerk); duale Ausbildung betrieblich sowie in der Berufsschule
Attraktive Ausbildungsvergütung
Die Möglichkeit, dich persönlich zu entwickeln und deine Ideen einzubringen
Kurze Entscheidungswege in einem erfolgreichen Familienunternehmen
Firmeneigene Kantine
Optimale Erreichbarkeit mit Bus und Regionalbahn
Benefits, wie zum Beispiel: Mitarbeiterrabatte für unseren Werksverkauf, Firmenevents, kostenfreie Warmgetränke, Teilnahme an Mitarbeiterprämien, Mitarbeiterparkplatz
STARTE MIT MÜLLER FLEISCH IN EIN ERFOLGREICHES BERUFSLEBEN!
Wir schützen die Kontaktdaten des Arbeitgebers vor unerlaubten Zugriffen. Bitte geben Sie die dargestellten Zeichen in das Textfeld ein, um die Kontaktdaten des Arbeitgebers anzuzeigen.
Anderes Bild laden
Audioversion abspielen
Hinweis: Die dargestellten Zeichen enthalten keine Umlaute (ä, ö, ü oder ß), Sonderzeichen oder Leerzeichen.
Dargestellte Zeichen
Absenden
Fußbereich
Stelle betreut durch die BA
Referenz-Nr.: 15060-0058971938-S
Verstoß melden","Wir freuen uns über deine aussagekräftigen Bewerbungsunterlagen mit Anschreiben und Lebenslauf.
Josefin Seeger
Personalreferentin
07231-4838-586
josefin.seeger@mueller-fleisch.de
Mehr anzeigen
Arbeitsorte
Karte anzeigen
Industriestraße 42, 75217 Birkenfeld, Württemberg
Unternehmensdarstellung: Müller Fleisch GmbH
Müller Fleisch GmbH
Hauptsitz
Birkenfeld, Württemberg
Betriebsgröße
>1000
Tätigkeitsfelder und Schlagworte
Lebensmittelindustrie
Mit über 1600 Mitarbeitern an unseren vier deutschen Standorten geben wir tagtäglich unser Bestes, um qualitativ hochwertige Lebensmittel zu produzieren. Als einer der größten Fleischproduzenten Deutschlands setzt die Müller Gruppe bereits seit 1959 Maßstäbe in der Verarbeitung von Fleisch. Unser Portfolio reicht von der Rinder- und Schweineschlachtung, über die Warenproduktion für die Selbstbedienungstheke bis hin zur Auslieferung an unsere Kunden.
Vorteile für Mitarbeitende
Mentorenprogramm/Coaching
Flexible Arbeitszeiten
Homeoffice / Mobiles Arbeiten
Vermögenswirksame Leistungen
Nachhaltigkeit / Umweltschutz
Firmenevents
Rabatte für Mitarbeitende
Sonderzahlungen
Kantine
Parkmöglichkeiten
Gute Verkehrsanbindung
Moderne technische Ausstattung
Die abgebildeten Vorteile für Mitarbeitende können je nach Abteilung und Position variieren.
Alle Stellen anzeigenIn neuem Tab öffnen
Webseiten
Homepage
Informationen zur Bewerbung
Sicherheitsabfrage",,ausbildungsstellen_de,https://www.arbeitsagentur.de/jobsuche/jobdetail/15060-0058971938-S,False,,47,,,,2026-06-13T10:48:39.676676+00:00
ASD-999960000717107156,ausbildungsstellen_ae,New Media Service GmbH,,,,"Stellendetails zu: Ausbildung Fachinformatiker/in Systemintegration (m/w/d)

Was wir bieten
Echte Praxis von Anfang an – du arbeitest mit modernsten Technologien (KI, Cloud, Microsoft 365), die auch unsere Profis täglich nutzen
Junges, dynamisches Team mit flachen Hierarchien und kurzen Entscheidungswegen
Tolle Kunden und Projekte – von Mittelstand bis Enterprise, von lokal bis bundesweit
Betriebliche Weiterbildung und Förderung von Zertifizierungen (Microsoft, ITIL)
Moderne Arbeitsumgebung
Kostenlose Getränke und kostenloser Parkplatz
Übertarifliche Ausbildungsvergütung, die mit jedem Lehrjahr steigt
Perspektive: Bei guten Leistungen sind Übernahme und Weiterentwicklung bei NMS selbstverständlich kein leeres Versprechen
Fakten zur Ausbildung
Ausbildungsberuf Fachinformatiker/in Systemintegration (IHK)
Ausbildungsdauer 3 Jahre (Verkürzung bei sehr guten Leistungen möglich)
Ausbildungsstart 1. September 2026
Klingt gut? Dann bewirb dich!",,,Ausbildung | Stellendetails zu: Fachinformatiker/in Systemintegration (m/w/d),si,,"Was wir bieten
Echte Praxis von Anfang an – du arbeitest mit modernsten Technologien (KI, Cloud, Microsoft 365), die auch unsere Profis täglich nutzen
Junges, dynamisches Team mit flachen Hierarchien und kurzen Entscheidungswegen
Tolle Kunden und Projekte – von Mittelstand bis Enterprise, von lokal bis bundesweit
Betriebliche Weiterbildung und Förderung von Zertifizierungen (Microsoft, ITIL)
Moderne Arbeitsumgebung
Kostenlose Getränke und kostenloser Parkplatz
Übertarifliche Ausbildungsvergütung, die mit jedem Lehrjahr steigt
Perspektive: Bei guten Leistungen sind Übernahme und Weiterentwicklung bei NMS selbstverständlich kein leeres Versprechen
Fakten zur Ausbildung
Ausbildungsberuf Fachinformatiker/in Systemintegration (IHK)
Ausbildungsdauer 3 Jahre (Verkürzung bei sehr guten Leistungen möglich)
Ausbildungsstart 1. September 2026
Klingt gut? Dann bewirb dich!",,,empty,,javascript:,javascript:,javascript:,externe,"Wir schützen die Kontaktdaten des Arbeitgebers vor unerlaubten Zugriffen. Bitte geben Sie die dargestellten Zeichen in das Textfeld ein, um die Kontaktdaten des Arbeitgebers anzuzeigen.
Anderes Bild laden
Audioversion abspielen
Hinweis: Die dargestellten Zeichen enthalten keine Umlaute (ä, ö, ü oder ß), Sonderzeichen oder Leerzeichen.
Dargestellte Zeichen
Absenden
Fußbereich
Stelle betreut durch Arbeitgeber
Referenz-Nr.: 10001-1003068046-S
Verstoß melden","Wir freuen uns auf deine aussagekräftige Bewerbung – Anschreiben, Lebenslauf und letztes Zeugnis genügen für den Start.
Du hast noch Fragen? Ruf uns gerne an – wir nehmen uns Zeit für dich.
Mehr anzeigen
Arbeitsorte
Karte anzeigen
Maggistr. 5, 78224 Singen (Hohentwiel)
Unternehmensdarstellung: New Media Service GmbH
New Media Service GmbH
Hauptsitz
78224 Singen
Gründung
2011
Betriebsgröße
10–49 Mitarbeiter
Tätigkeitsfelder und Schlagworte
IT-SystemhausIT-ConsultingManaged ServicesIT-SecurityKünstliche Intelligenz
Die New Media Service GmbH (NMS) ist ein modernes IT-Systemhaus mit Hauptsitz in Singen (Hohentwiel) am Bodensee und einem weiteren Standort in Heidelberg. Als Microsoft Solution Partner und ISO 27001 zertifiziertes Unternehmen betreuen wir Kunden vom Mittelstand bis hin zu Großunternehmen – bundesweit sowie in Österreich und der deutschsprachigen Schweiz.
Was uns ausmacht Bei NMS leben wir Technologie nicht nur – wir gestalten sie aktiv mit. Künstliche Intelligenz, Cloud-Lösungen und moderne Microsoft-Technologien sind bei uns kein Zukunftsthema, sondern gelebter Alltag. Wir implementieren heute, was andere morgen erst lesen.
Unser Team aus rund 20 zertifizierten IT-Professionals arbeitet in Enterprise-Umgebungen mit bis zu 50.000 Usern. Was uns dabei antreibt: der Anspruch, für unsere Kunden wirklich den Unterschied zu machen – technisch wie menschlich.
Wie wir arbeiten Flache Hierarchien, kurze Entscheidungswege und eine offene Unternehmenskultur prägen unseren Alltag. Wir schätzen Menschen, die mitdenken, Verantwortung übernehmen und Lust haben, sich weiterzuentwickeln. Neugier und Eigeninitiative sind bei uns keine Floskeln – sie sind die Grundlage unserer Arbeit.
Was dich erwartet Ein junges, engagiertes Team, spannende Kundenprojekte und die Möglichkeit, an der technologischen Spitze zu arbeiten. Dazu ein Arbeitsumfeld, in dem du nicht nur funktionierst, sondern wächst.
Wir freuen uns auf dich.
Vorteile für Mitarbeitende
Flexible Arbeitszeiten
Homeoffice / Mobiles Arbeiten
Firmenevents
Rabatte für Mitarbeitende
Weiterbildungen
Betriebliche Altersvorsorge
Mitgestaltungsmöglichkeiten
Parkmöglichkeiten
Gute Verkehrsanbindung
Moderne technische Ausstattung
Die abgebildeten Vorteile für Mitarbeitende können je nach Abteilung und Position variieren.
Alle Stellen anzeigenIn neuem Tab öffnen
Webseiten
Homepage
Social Media Seiten
Informationen zur Bewerbung
Sicherheitsabfrage",,ausbildungsstellen_de,https://www.arbeitsagentur.de/jobsuche/jobdetail/10001-1003068046-S,False,,47,,,,2026-06-13T10:48:06.531741+00:00
ASD-999960000779705955,ausbildungsstellen_ae,Panasonic Industrial Devices Europe GmbH,,,,"Stellendetails zu: Ausbildung 2026 / Fachinformatiker/-in Systemintegration (m/w/d)

Wir bieten u.a. folgende Benefits :
Übernahme der Kosten für die Prüfungsvorbereitung
Zuschuss Deutschlandticket
35 Stunden Woche
Gleitzeit
Urlaubs- und Weihnachtsgeld
tarifliche Ausbildungsvergütung
30 Tage Urlaub
verschiede Azubi Events
betriebliche Altersvorsorge
Hansefit
Arbeitsorte
Karte anzeigen
Zeppelinstr. 19, 21337 Lüneburg
Unternehmensdarstellung: Panasonic Industrial Devices Europe GmbH
Panasonic Industrial Devices Europe GmbH
Unser Unternehmen ist die europäische Repräsentanz der weltweit tätigen Automobil- und Industrie Systemsparte des Panasonic Konzerns in Japan. Modern und international geführt, erforschen, entwickeln und designen wir in Deutschland kundenspezifische Produktlösungen für die Automobil-, Industrie- und Energiemanagementbranche.
Von der Grundlagenforschung über die Konzepterstellung und der Produktentwicklung bis zur Serienproduktion bieten wir eine Vielzahl von Leistungen aus einer Hand, um unseren Kunden einen auf ihr Produkt optimierten Mehrwert zu bieten.
Alle Stellen anzeigen
Webseiten
Homepage
Informationen zur Bewerbung
Sicherheitsabfrage","1.226 €, 1.294 €, 1.396 €, 1.464 €",,Ausbildung | Stellendetails zu: 2026 / Fachinformatiker/-in Systemintegration (m/w/d),si,,"Wir bieten u.a. folgende Benefits :
Übernahme der Kosten für die Prüfungsvorbereitung
Zuschuss Deutschlandticket
35 Stunden Woche
Gleitzeit
Urlaubs- und Weihnachtsgeld
tarifliche Ausbildungsvergütung
30 Tage Urlaub
verschiede Azubi Events
betriebliche Altersvorsorge
Hansefit
Arbeitsorte
Karte anzeigen
Zeppelinstr. 19, 21337 Lüneburg
Unternehmensdarstellung: Panasonic Industrial Devices Europe GmbH
Panasonic Industrial Devices Europe GmbH
Unser Unternehmen ist die europäische Repräsentanz der weltweit tätigen Automobil- und Industrie Systemsparte des Panasonic Konzerns in Japan. Modern und international geführt, erforschen, entwickeln und designen wir in Deutschland kundenspezifische Produktlösungen für die Automobil-, Industrie- und Energiemanagementbranche.
Von der Grundlagenforschung über die Konzepterstellung und der Produktentwicklung bis zur Serienproduktion bieten wir eine Vielzahl von Leistungen aus einer Hand, um unseren Kunden einen auf ihr Produkt optimierten Mehrwert zu bieten.
Alle Stellen anzeigen
Webseiten
Homepage
Informationen zur Bewerbung
Sicherheitsabfrage",,,empty,,javascript:,javascript:,javascript:,externe,"Wir schützen die Kontaktdaten des Arbeitgebers vor unerlaubten Zugriffen. Bitte geben Sie die dargestellten Zeichen in das Textfeld ein, um die Kontaktdaten des Arbeitgebers anzuzeigen.
Anderes Bild laden
Audioversion abspielen
Hinweis: Die dargestellten Zeichen enthalten keine Umlaute (ä, ö, ü oder ß), Sonderzeichen oder Leerzeichen.
Dargestellte Zeichen
Absenden
Fußbereich
Stelle betreut durch die BA
Referenz-Nr.: 10001-1001767174-S
Verstoß melden",,,ausbildungsstellen_de,https://www.arbeitsagentur.de/jobsuche/jobdetail/10001-1001767174-S,False,,47,,,,2026-06-13T10:49:48.933193+00:00
ASD-999960000717450726,ausbildungsstellen_ae,Popken Fashion GmbH,,,,"Stellendetails zu: Ausbildung zum Fachinformatiker für Systemintegration (m/w/d) für 2026

Das bringst du mit:
Mittlerer Bildungsabschluss, Fachhochschulreife oder allgemeine Hochschulreife
Logisches Denkvermögen und ein hohes Interesse an neuen Informations- und Kommunikationstechniken
Grundkenntnisse im Umgang mit moderner IT und ein ausgeprägtes Interesse an ihrer Steuerung
Interesse an Software, Hardware und technischen Zusammenhängen
Ein offener und freundlicher Umgang ist für dich selbstverständlich
Fließende Deutschkenntnisse
Noch Fragen?
Dann wende dich gerne an unsere Ausbildungsleiterin Hannah Kaper unter der Nummer:** **04402 - 799 446.
Benefits
Welcome-Days & Teambuilding-Event zu Beginn der Ausbildung
30 Tage Jahresurlaub
Mobile Ausstattung durch eigenes Notebook
Vergünstigungen im eigenen Betriebsrestaurant
Hansefit zum günstigen Azubitarif
Personalrabatt auf alle Marken
Zusatzleistungen neben der Ausbildungsvergütung
Hohe Übernahmechancen und gute Entwicklungsmöglichkeiten nach der Ausbildung
--> alle Benefits
Was macht es besonders für uns zu arbeiten?
Ganz einfach: Wir lieben Menschen in jeder Form und Farbe. Ebenso wie unsere Mode ist auch das Arbeiten bei der Popken Fashion Group geprägt von Individualität. Gestalte deinen Arbeitsalltag so, wie er zu dir und deinem Leben passt. Dein Morgen ist stressiger als gedacht? Gleitzeit lässt dich entspannt in den Tag starten. Du kommst bei uns zur Arbeit, wie du dich wohlfühlst! Zusätzlich schaffen flache Hierarchien und die allgemeine Duz-Kultur ein entspanntes Arbeitsklima. Und warum das alles? Weil ohne ein zufriedenes Team nichts geht. Trotz mittlerweile rund 2000 Mitarbeitern weltweit, bleiben wir im Herzen ein Familienbetrieb.
Klingt interessant? – Dann freuen wir uns auf deine Online-Bewerbung
Jetzt Bewerben",,"Das bringst du mit:
Mittlerer Bildungsabschluss, Fachhochschulreife oder allgemeine Hochschulreife
Logisches Denkvermögen und ein hohes Interesse an neuen Informations- und Kommunikationstechniken
Grundkenntnisse im Umgang mit moderner IT und ein ausgeprägtes Interesse an ihrer Steuerung
Interesse an Software, Hardware und technischen Zusammenhängen
Ein offener und freundlicher Umgang ist für dich selbstverständlich
Fließende Deutschkenntnisse
Noch Fragen?
Dann wende dich gerne an unsere Ausbildungsleiterin Hannah Kaper unter der Nummer:** **04402 - 799 446.
Benefits
Welcome-Days & Teambuilding-Event zu Beginn der Ausbildung
30 Tage Jahresurlaub
Mobile Ausstattung durch eigenes Notebook
Vergünstigungen im eigenen Betriebsrestaurant
Hansefit zum günstigen Azubitarif
Personalrabatt auf alle Marken
Zusatzleistungen neben der Ausbildungsvergütung
Hohe Übernahmechancen und gute Entwicklungsmöglichkeiten nach der Ausbildung
--> alle Benefits
Was macht es besonders für uns zu arbeiten?
Ganz einfach: Wir lieben Menschen in jeder Form und Farbe. Ebenso wie unsere Mode ist auch das Arbeiten bei der Popken Fashion Group geprägt von Individualität. Gestalte deinen Arbeitsalltag so, wie er zu dir und deinem Leben passt. Dein Morgen ist stressiger als gedacht? Gleitzeit lässt dich entspannt in den Tag starten. Du kommst bei uns zur Arbeit, wie du dich wohlfühlst! Zusätzlich schaffen flache Hierarchien und die allgemeine Duz-Kultur ein entspanntes Arbeitsklima. Und warum das alles? Weil ohne ein zufriedenes Team nichts geht. Trotz mittlerweile rund 2000 Mitarbeitern weltweit, bleiben wir im Herzen ein Familienbetrieb.
Klingt interessant? – Dann freuen wir uns auf deine Online-Bewerbung
Jetzt Bewerben",Ausbildung | Stellendetails zu: zum Fachinformatiker für Systemintegration (m/w/d) für 2026,si,,,,,empty,talentmanagement@popken.de,https://jobdb.softgarden.de/jobdb/public/jobposting/applyonline/click?jp=60286850&ADP,https://jobdb.softgarden.de/jobdb/public/jobposting/applyonline/click?jp=60286850&ADP,https://jobdb.softgarden.de/jobdb/public/jobposting/applyonline/click?jp=60286850&ADP,externe,"Ansprechpartner/-in
May-Britt Röhrs
talentmanagement@popken.de
Mehr anzeigen
Arbeitsorte
Karte anzeigen
Am Waldrand 19, 26180 Rastede
Unternehmensdarstellung: Popken Fashion GmbH
Popken Fashion GmbH
Ulla Popken
Hochwertige Fashion für starke Frauen, die am liebsten ihrem eigenen Kopf und Geschmack folgen – darum geht es bei Ulla Popken. Mit weich fließenden Stoffen, angesagten Schnitten in perfekter Passform, innovativen Materialien und trendsicheren Farben und Mustern steht dabei ganz klar der Stil im Vordergrund – und nicht die Konfektionsgröße.
Mode für jede Gelegenheit
Monatlich neue Kollektionen reichen von Mode für jeden Tag über Business-Outfits und Abendmode bis zu funktionaler Sportkleidung, Bademoden, verspielten Dessous, Accessoires und Schuhen. So bietet Ulla Popken das passende Outfit für jeden Stil und jeden Anlass in den Größen 42 bis 68.
Alle Stellen anzeigen
Webseiten
Homepage
Informationen zur Bewerbung
Sicherheitsabfrage
Wir schützen die Kontaktdaten des Arbeitgebers vor unerlaubten Zugriffen. Bitte geben Sie die dargestellten Zeichen in das Textfeld ein, um die Kontaktdaten des Arbeitgebers anzuzeigen.
Anderes Bild laden
Audioversion abspielen
Hinweis: Die dargestellten Zeichen enthalten keine Umlaute (ä, ö, ü oder ß), Sonderzeichen oder Leerzeichen.
Dargestellte Zeichen
Absenden
Fußbereich
Stelle betreut durch die BA
Referenz-Nr.: 10000-1205627905-S
Verstoß melden",,,ausbildungsstellen_de,https://www.arbeitsagentur.de/jobsuche/jobdetail/10000-1205627905-S,False,,47,,,,2026-06-13T10:48:09.730274+00:00
ASD-999960000543499629,ausbildungsstellen_ae,RR Software GmbH,,,,"Stellendetails zu: Ausbildung zum Fachinformatiker für Systemintegration (m/w/d)

Das bringst Du mit:
Mittlere Reife, Fachabitur oder allgemeine Hochschulreife – auch Studienabbrecher sind willkommen!
Starke Noten in Mathematik und Deutsch: Ein gutes Verständnis für Zahlen und Sprache ist wichtig.
Interesse an Computern: Kenntnisse in Hardware und Betriebssystemen sind unumgänglich.

Wir bieten Dir:
Spannende Aufgaben und moderne Technologien: Sei Teil eines Teams, das sich ständig weiterentwickelt und neue Herausforderungen liebt.
Kollegiales Arbeitsklima: Ein familiäres Umfeld und eine offene Unternehmenskultur.
Finanzielle Unterstützung: Zuschüsse für Fahrtkosten zur Berufsschule und Übernahme der Kosten für Schulbücher.
Wir begleiten Dich auf Deinem Weg zur Fachkraft für IT-Administration und bieten Dir eine Perspektive in einem wachsenden Unternehmen.
Interessiert?
Dann lerne uns persönlich kennen! Wir freuen uns auf Deine Fragen und stehen Dir gerne für weitere Informationen zur Verfügung.
Arbeitsorte
Karte anzeigen
Am Bahnhof 1, 38899 Hasselfelde
Unternehmensdarstellung: RR Software GmbH
RR Software GmbH
Hauptsitz
Hasselfelde
Gründung
1996
Tätigkeitsfelder und Schlagworte
Software-EntwicklungIT DienstleistungenAnwendungssupportProjektmanagementMarketing & Vertrieb
Wir gestalten aktiv die Zukunft des digitalen Bildungsmanagements. Mit unserer jahrzehntelangen Expertise setzen wir klare Standards für einen effizienten Bildungszyklus und bringen die Akteure der modernen Bildung zusammen. Bildungsanbieter aller Größen profitieren von unseren innovativen Softwarelösungen.
Gemeinsam gestalten wir als Team die Zukunft des lebenslangen Lernens und ermöglichen dabei die individuelle, berufliche Entfaltung unserer Mitarbeitenden. In unserer kollaborativen Atmosphäre kommen die Stärken eines jeden und einer jeden zusammen, um inspirierende Lösungen zu entwickeln, die unsere Kunden begeistern.
Vorteile für Mitarbeitende
Mentorenprogramm/Coaching
Flexible Arbeitszeiten
Homeoffice / Mobiles Arbeiten
Firmenevents
Sport- und Gesundheitsangebote
Weiterbildungen
Betriebliche Altersvorsorge
Mitgestaltungsmöglichkeiten
Parkmöglichkeiten
Gute Verkehrsanbindung
Moderne technische Ausstattung
Die abgebildeten Vorteile für Mitarbeitende können je nach Abteilung und Position variieren.
Alle Stellen anzeigenIn neuem Tab öffnen
Webseiten
Karriereseite
Informationen zur Bewerbung
Sicherheitsabfrage",,"Das bringst Du mit:
Mittlere Reife, Fachabitur oder allgemeine Hochschulreife – auch Studienabbrecher sind willkommen!
Starke Noten in Mathematik und Deutsch: Ein gutes Verständnis für Zahlen und Sprache ist wichtig.
Interesse an Computern: Kenntnisse in Hardware und Betriebssystemen sind unumgänglich.",Ausbildung | Stellendetails zu: zum Fachinformatiker für Systemintegration (m/w/d),si,,"Wir bieten Dir:
Spannende Aufgaben und moderne Technologien: Sei Teil eines Teams, das sich ständig weiterentwickelt und neue Herausforderungen liebt.
Kollegiales Arbeitsklima: Ein familiäres Umfeld und eine offene Unternehmenskultur.
Finanzielle Unterstützung: Zuschüsse für Fahrtkosten zur Berufsschule und Übernahme der Kosten für Schulbücher.
Wir begleiten Dich auf Deinem Weg zur Fachkraft für IT-Administration und bieten Dir eine Perspektive in einem wachsenden Unternehmen.
Interessiert?
Dann lerne uns persönlich kennen! Wir freuen uns auf Deine Fragen und stehen Dir gerne für weitere Informationen zur Verfügung.
Arbeitsorte
Karte anzeigen
Am Bahnhof 1, 38899 Hasselfelde
Unternehmensdarstellung: RR Software GmbH
RR Software GmbH
Hauptsitz
Hasselfelde
Gründung
1996
Tätigkeitsfelder und Schlagworte
Software-EntwicklungIT DienstleistungenAnwendungssupportProjektmanagementMarketing & Vertrieb
Wir gestalten aktiv die Zukunft des digitalen Bildungsmanagements. Mit unserer jahrzehntelangen Expertise setzen wir klare Standards für einen effizienten Bildungszyklus und bringen die Akteure der modernen Bildung zusammen. Bildungsanbieter aller Größen profitieren von unseren innovativen Softwarelösungen.
Gemeinsam gestalten wir als Team die Zukunft des lebenslangen Lernens und ermöglichen dabei die individuelle, berufliche Entfaltung unserer Mitarbeitenden. In unserer kollaborativen Atmosphäre kommen die Stärken eines jeden und einer jeden zusammen, um inspirierende Lösungen zu entwickeln, die unsere Kunden begeistern.
Vorteile für Mitarbeitende
Mentorenprogramm/Coaching
Flexible Arbeitszeiten
Homeoffice / Mobiles Arbeiten
Firmenevents
Sport- und Gesundheitsangebote
Weiterbildungen
Betriebliche Altersvorsorge
Mitgestaltungsmöglichkeiten
Parkmöglichkeiten
Gute Verkehrsanbindung
Moderne technische Ausstattung
Die abgebildeten Vorteile für Mitarbeitende können je nach Abteilung und Position variieren.
Alle Stellen anzeigenIn neuem Tab öffnen
Webseiten
Karriereseite
Informationen zur Bewerbung
Sicherheitsabfrage",,,empty,,javascript:,javascript:,javascript:,externe,"Wir schützen die Kontaktdaten des Arbeitgebers vor unerlaubten Zugriffen. Bitte geben Sie die dargestellten Zeichen in das Textfeld ein, um die Kontaktdaten des Arbeitgebers anzuzeigen.
Anderes Bild laden
Audioversion abspielen
Hinweis: Die dargestellten Zeichen enthalten keine Umlaute (ä, ö, ü oder ß), Sonderzeichen oder Leerzeichen.
Dargestellte Zeichen
Absenden
Fußbereich
Stelle betreut durch Arbeitgeber
Referenz-Nr.: 10001-1000613607-S
Verstoß melden",,,ausbildungsstellen_de,https://www.arbeitsagentur.de/jobsuche/jobdetail/10001-1000613607-S,False,,47,,,,2026-06-13T10:44:21.803010+00:00
ASD-999960000543681747,ausbildungsstellen_ae,VS Vereinigte Spezialmöbelfabriken GmbH & Co. KG,,,,"Stellendetails zu: Ausbildung Fachinformatiker Systemintegration (m/w/d) 2027

Das erwartet dich während deiner Ausbildung:
Wir zeigen dir, wie man die unterschiedlichsten IT-Komponenten mit Hard- und Software verbindet, damit die Kommunikation im Netzwerk funktioniert
Dabei lernst du Programmiersprachen, Betriebssysteme, Sicherheitskonzepte von der Datenträgerverschlüsselung bis zur Kontrolle und Steuerung von Zugriffsrechten und noch vieles mehr kennen
Eine zentrale Rolle spielt das Thema Sicherheit – als angehende*r Fachinformatiker*in unterstützt du bei der Systemsicherheit, also dem Schutz aller Programme und Daten des Unternehmens
Des Weiteren lernst du, wie bestehende Systeme und Anwendungen gepflegt, gewartet und aktualisiert werden

Das bringst du mit:
Du hast deine Mittlere Reife mit gutem Erfolg abgeschlossen
Die Arbeit am Computer bereitet dir Freude
Du besitzt bestenfalls bereits IT-Grundkenntnisse, analytisches Denkvermögen, betriebswirtschaftliches Interesse und technisches Verständnis
Du bist pünktlich, zuverlässig, kommunikationsfähig und arbeitest gerne im Team

Das bieten wir dir:
Spannende und abwechslungsreiche Herausforderungen bei einem verantwortungsvoll und nachhaltig agierenden Familienunternehmen
30 Tage Urlaub im Jahr
Zusätzliche bezahlte Freistellung am 24.12. + 31.12. des Jahres
Betriebliche Gesundheitsförderung, wie bspw. Betriebsarzt, Grippeschutzimpfungen
Vergünstigte Mitarbeiterangebote im VS-Werksverkauf sowie in zahlreichen Markenshops
Ausbildungsübergreifende Schulungen und Events
Zuschuss für Frühstück und Mittagessen im hauseigenen Betriebsrestaurant
Fahrtkostenzuschuss
Einkaufsmöglichkeit im VS-Biogarten
Haben wir dein Interesse geweckt?
Dann freuen wir uns auf deine Bewerbung!
Bei Fragen stehen wir dir gerne jederzeit zur Verfügung.
Werde Teil unseres Teams und starte mit uns ins Berufsleben!
Mehr anzeigen
Arbeitsorte
Karte anzeigen
Hochhäuser Str. 8, 97941 Tauberbischofsheim
Unternehmensdarstellung: VS Vereinigte Spezialmöbelfabriken GmbH & Co. KG
VS Vereinigte Spezialmöbelfabriken GmbH & Co. KG
Alle Stellen anzeigen
Webseiten
Homepage
Informationen zur Bewerbung
Sicherheitsabfrage",,"Das bringst du mit:
Du hast deine Mittlere Reife mit gutem Erfolg abgeschlossen
Die Arbeit am Computer bereitet dir Freude
Du besitzt bestenfalls bereits IT-Grundkenntnisse, analytisches Denkvermögen, betriebswirtschaftliches Interesse und technisches Verständnis
Du bist pünktlich, zuverlässig, kommunikationsfähig und arbeitest gerne im Team",Ausbildung | Stellendetails zu: Fachinformatiker Systemintegration (m/w/d) 2027,si,,"Das bieten wir dir:
Spannende und abwechslungsreiche Herausforderungen bei einem verantwortungsvoll und nachhaltig agierenden Familienunternehmen
30 Tage Urlaub im Jahr
Zusätzliche bezahlte Freistellung am 24.12. + 31.12. des Jahres
Betriebliche Gesundheitsförderung, wie bspw. Betriebsarzt, Grippeschutzimpfungen
Vergünstigte Mitarbeiterangebote im VS-Werksverkauf sowie in zahlreichen Markenshops
Ausbildungsübergreifende Schulungen und Events
Zuschuss für Frühstück und Mittagessen im hauseigenen Betriebsrestaurant
Fahrtkostenzuschuss
Einkaufsmöglichkeit im VS-Biogarten
Haben wir dein Interesse geweckt?
Dann freuen wir uns auf deine Bewerbung!
Bei Fragen stehen wir dir gerne jederzeit zur Verfügung.
Werde Teil unseres Teams und starte mit uns ins Berufsleben!
Mehr anzeigen
Arbeitsorte
Karte anzeigen
Hochhäuser Str. 8, 97941 Tauberbischofsheim
Unternehmensdarstellung: VS Vereinigte Spezialmöbelfabriken GmbH & Co. KG
VS Vereinigte Spezialmöbelfabriken GmbH & Co. KG
Alle Stellen anzeigen
Webseiten
Homepage
Informationen zur Bewerbung
Sicherheitsabfrage",,,empty,,javascript:,javascript:,javascript:,externe,"Wir schützen die Kontaktdaten des Arbeitgebers vor unerlaubten Zugriffen. Bitte geben Sie die dargestellten Zeichen in das Textfeld ein, um die Kontaktdaten des Arbeitgebers anzuzeigen.
Anderes Bild laden
Audioversion abspielen
Hinweis: Die dargestellten Zeichen enthalten keine Umlaute (ä, ö, ü oder ß), Sonderzeichen oder Leerzeichen.
Dargestellte Zeichen
Absenden
Fußbereich
Stelle betreut durch die BA
Referenz-Nr.: 10001-1003138962-S
Verstoß melden",,,ausbildungsstellen_de,https://www.arbeitsagentur.de/jobsuche/jobdetail/10001-1003138962-S,False,,47,,,,2026-06-13T10:44:25.001344+00:00
ASD-999960000759026579,ausbildungsstellen_ae,WKN Datentechnik GmbH,,,,"Stellendetails zu: Praktikum möglich - Ausbildung 2026 - Fachinformatiker/in Fachrichtung Systemintegration (m/w/d)

Deine Aufgaben:
Du wirst direkt in das Tagesgeschäft eingebunden und erhältst Unterstützung durch erfahrene Kolleg:innen und das gesamte Team
Du betreust unsere Kunden im IT-Infrastrukturbereich
Du prüfst täglich die Systeme unserer Kunden, damit es keine Ausfälle gibt
Du planst neue Projekte im Serverumfeld und nimmst sie später in Betrieb
Du betreust Firewall-Lösungen bei unseren Kunden und achtest auf die IT-Sicherheit

Dein Profil:
Mittlere Reife oder Fachhochschulreife
Spaß und Interesse an Computern und digitalen Innovationen
Erste Erfahrungen mit Hard- und Software (z.B. durch private Projekte, Schulprojekte oder Praktikum)
Lernbereitschaft und Teamfähigkeit
Kommunikationsfähigkeit und Motivation
Gute Auffassungsgabe
Kundenorientierte Arbeitsweise und Zuverlässigkeit
Unser Angebot:
Du erhältst moderne technische Arbeitsmittel für Deinen persönlichen Modern Workplace (eigenes Laptop, Headset, 2 Monitore usw.)
Eigenverantwortliches, flexibles und unbürokratisches Arbeiten mit Raum für Innovation
Kurze Entscheidungswege und eine flache Hierarchie
Zusätzlich zu den Ausbildungsinhalten: Permanente Wissenserweiterung durch interne und externe Weiterbildungen
Sehr gutes Arbeitsklima in einem harmonischen Team
Kostenlose Getränke und kostenloses Obst
Regelmäßige Team-Events und Freizeit-Veranstaltungen mit den Kolleg:innen
Eine Ausbildung in einem zukunftssicheren Bereich
Attraktives Gehalt schon im ersten Jahr der Ausbildung
Du möchtest Deine Ausbildung bei uns starten? Prima!
Wir freuen uns auf Deine Bewerbung per E-Mail an bewerbung@wkn-online.com.
Für erste Rückfragen stehen wir Dir gerne unter der Telefonnummer 02375 – 9392690 zur Verfügung!
WKN Datentechnik GmbH
Am Bahnhof 5
58802 Balve",,"Dein Profil:
Mittlere Reife oder Fachhochschulreife
Spaß und Interesse an Computern und digitalen Innovationen
Erste Erfahrungen mit Hard- und Software (z.B. durch private Projekte, Schulprojekte oder Praktikum)
Lernbereitschaft und Teamfähigkeit
Kommunikationsfähigkeit und Motivation
Gute Auffassungsgabe
Kundenorientierte Arbeitsweise und Zuverlässigkeit
Unser Angebot:
Du erhältst moderne technische Arbeitsmittel für Deinen persönlichen Modern Workplace (eigenes Laptop, Headset, 2 Monitore usw.)
Eigenverantwortliches, flexibles und unbürokratisches Arbeiten mit Raum für Innovation
Kurze Entscheidungswege und eine flache Hierarchie
Zusätzlich zu den Ausbildungsinhalten: Permanente Wissenserweiterung durch interne und externe Weiterbildungen
Sehr gutes Arbeitsklima in einem harmonischen Team
Kostenlose Getränke und kostenloses Obst
Regelmäßige Team-Events und Freizeit-Veranstaltungen mit den Kolleg:innen
Eine Ausbildung in einem zukunftssicheren Bereich
Attraktives Gehalt schon im ersten Jahr der Ausbildung
Du möchtest Deine Ausbildung bei uns starten? Prima!
Wir freuen uns auf Deine Bewerbung per E-Mail an bewerbung@wkn-online.com.
Für erste Rückfragen stehen wir Dir gerne unter der Telefonnummer 02375 – 9392690 zur Verfügung!
WKN Datentechnik GmbH
Am Bahnhof 5
58802 Balve",Ausbildung | Stellendetails zu: Praktikum möglich - 2026 - Fachinformatiker/in Fachrichtung Systemintegration (m/w/d),si,,,,,empty,bewerbung@wkn-online.com,javascript:,javascript:,javascript:,externe,"Ansprechpartner:
Pascal Sorof
📱02375 – 9392690
✉️ bewerbung@wkn-online.com
Mehr anzeigen
Arbeitsorte
Karte anzeigen
Am Bahnhof 5, 58802 Balve
Unternehmensdarstellung: WKN Datentechnik GmbH
WKN Datentechnik GmbH
Alle Stellen anzeigen
Informationen zur Bewerbung
Sicherheitsabfrage
Wir schützen die Kontaktdaten des Arbeitgebers vor unerlaubten Zugriffen. Bitte geben Sie die dargestellten Zeichen in das Textfeld ein, um die Kontaktdaten des Arbeitgebers anzuzeigen.
Anderes Bild laden
Audioversion abspielen
Hinweis: Die dargestellten Zeichen enthalten keine Umlaute (ä, ö, ü oder ß), Sonderzeichen oder Leerzeichen.
Dargestellte Zeichen
Absenden
Fußbereich
Stelle betreut durch die BA
Referenz-Nr.: 10000-1204188992-S
Verstoß melden",,,ausbildungsstellen_de,https://www.arbeitsagentur.de/jobsuche/jobdetail/10000-1204188992-S,False,,47,,,,2026-06-13T10:49:12.864385+00:00
ASD-999960000538042027,ausbildungsstellen_ae,,,,,"Stellendetails zu: Ausbildung 2026: Fachinformatiker für Systemintegration (m/w/d)

Das erwartet dich bei uns:
Du planst, installierst und konfigurierst komplexe Hard- und Softwarelösungen
Du verwaltest Windows- und Linux-Serversysteme, sowie Clientsysteme

Das solltest du mitbringen:
Eine gute Mittlere Reife oder (Fach-)Hochschulreife oder Studienaussteiger: innen aus den Bereichender Informatik, Mathematik und Wirtschaftsinformatik
Freude und großes Interesse am Umgang mit Informationstechnologien, auch außerhalb der Ausbildung
Begeisterung am Lösen von Problemen
Teamfähigkeit, Zuverlässigkeit und Kommunikationsfähigkeit
Freude am selbstständigen Arbeiten

Das bieten wir dir:
Wir begleiten dich individuell vom ersten Tag an und unterstützen dich beim Einstieg ins Berufsleben
Du erhältst ein eigenes Notebook, um dich im Rahmen deiner Ausbildung optimal zu unterstützen
Aufgrund der vielseitigen und verschiedenen Aufgaben ist kein Tag wie der andere
Wir schaffen, dank unserer flexiblen Arbeitszeit, eine gute Work-Life-Balance
Wir bieten dir hohe Übernahmechancen und gute Karriereperspektiven
Dir stehen nach der Ausbildung berufsbegleitend zahlreiche Weiterbildungs- und Entwicklungsmöglichkeiten offen
Bewirb dich jetzt bei uns und werde ab September 2026 ein Teil unseres Azubi-Teams!
Arbeitsorte
Karte anzeigen
Sulzbacher Str. 1-7, 90489 Nürnberg, Mittelfranken
Unternehmensdarstellung: uniVersa Lebensversicherung a. G.
uniVersa Lebensversicherung a. G.
Alle Stellen anzeigen
Webseiten
Homepage
Informationen zur Bewerbung
Sicherheitsabfrage",,"Das solltest du mitbringen:
Eine gute Mittlere Reife oder (Fach-)Hochschulreife oder Studienaussteiger: innen aus den Bereichender Informatik, Mathematik und Wirtschaftsinformatik
Freude und großes Interesse am Umgang mit Informationstechnologien, auch außerhalb der Ausbildung
Begeisterung am Lösen von Problemen
Teamfähigkeit, Zuverlässigkeit und Kommunikationsfähigkeit
Freude am selbstständigen Arbeiten",Ausbildung | Stellendetails zu: 2026: Fachinformatiker für Systemintegration (m/w/d),si,,"Das bieten wir dir:
Wir begleiten dich individuell vom ersten Tag an und unterstützen dich beim Einstieg ins Berufsleben
Du erhältst ein eigenes Notebook, um dich im Rahmen deiner Ausbildung optimal zu unterstützen
Aufgrund der vielseitigen und verschiedenen Aufgaben ist kein Tag wie der andere
Wir schaffen, dank unserer flexiblen Arbeitszeit, eine gute Work-Life-Balance
Wir bieten dir hohe Übernahmechancen und gute Karriereperspektiven
Dir stehen nach der Ausbildung berufsbegleitend zahlreiche Weiterbildungs- und Entwicklungsmöglichkeiten offen
Bewirb dich jetzt bei uns und werde ab September 2026 ein Teil unseres Azubi-Teams!
Arbeitsorte
Karte anzeigen
Sulzbacher Str. 1-7, 90489 Nürnberg, Mittelfranken
Unternehmensdarstellung: uniVersa Lebensversicherung a. G.
uniVersa Lebensversicherung a. G.
Alle Stellen anzeigen
Webseiten
Homepage
Informationen zur Bewerbung
Sicherheitsabfrage",,,empty,,javascript:,javascript:,javascript:,externe,"Du bist der technische Ansprechpartner für IT-Probleme und Anwendungsberatung
Du wirkst an innovativen IT-Projekten mit
Du erstellst Skripte zur Automatisierung der Administrationsaufgaben und technische Dokumentationen
Du konfigurierst und verwaltest Netzwerk- und Telekommunikationssysteme, virtuelle System sowie Datenbanksysteme
Wir schützen die Kontaktdaten des Arbeitgebers vor unerlaubten Zugriffen. Bitte geben Sie die dargestellten Zeichen in das Textfeld ein, um die Kontaktdaten des Arbeitgebers anzuzeigen.
Anderes Bild laden
Audioversion abspielen
Hinweis: Die dargestellten Zeichen enthalten keine Umlaute (ä, ö, ü oder ß), Sonderzeichen oder Leerzeichen.
Dargestellte Zeichen
Absenden
Fußbereich
Stelle betreut durch die BA
Referenz-Nr.: 17276-0061620702-S
Verstoß melden",,,ausbildungsstellen_de,https://www.arbeitsagentur.de/jobsuche/jobdetail/17276-0061620702-S,False,,40,2026,9,,2026-06-13T10:44:12.566499+00:00
ASD-999960000731007384,ausbildungsstellen_ae,,,,,"Stellendetails zu: Azubi zum Fachinformatiker (m/w/d) für Systemintegration

Das erwartet dich bei uns:
Als Azubi zum Fachinformatiker (m/w/d) für Systemintegration lernst du nicht nur, wie IT funktioniert – du wirst aktiv mitgestalten:
Mitten im Geschehen: Du arbeitest direkt an spannenden IT-Projekten mit – von der Planung bis zur Umsetzung.
Support mit Herz und Verstand: Du hilfst unseren Kunden und Kolleg:innen bei Fragen zu Hard- und Software – technisch fit und menschlich verständlich.
IT am Laufen halten: Du unterstützt bei der Administration und Überwachung unserer Systeme und Netzwerke.
Probleme lösen statt nur suchen: Du analysierst Störungen und findest Wege, sie schnell und sauber zu beheben.
Dokumentieren, was zählt: Du hältst Konfigurationen, Prozesse und Lösungen verständlich fest.
Wissen teilen: Du erklärst anderen, wie unsere Technik funktioniert – verständlich und geduldig.
Was du mitbringen solltest:
Einen guten mittleren Schulabschluss oder höher
Interesse an Technik und Lust, ständig Neues zu lernen
Spaß an Teamarbeit und am Umgang mit Menschen
Die Fähigkeit, komplizierte Dinge einfach zu erklären
Eine neugierige, lösungsorientierte Art

Das bieten wir dir:
Kurze Wege & flache Hierarchien: Bei uns kannst du schnell was bewegen.
Gute Übernahmechancen nach der Ausbildung
Ein kollegiales Team und abwechslungsreiche Aufgaben
Individuelle Weiterbildungsmöglichkeiten: Jeder in unserem Team hat mit der Zeit seinen eigenen Fachbereich entwickelt – das fördern wir aktiv. Auch du kannst dich im Laufe deiner Ausbildung auf ein Thema spezialisieren, das dir besonders liegt.
Raum für eigene Ideen – Eigeninitiative ist bei uns ausdrücklich erwünscht
Und klar: Kostenlose Getränke wie Kaffee, Wasser und Softdrinks
Bereit für den nächsten Schritt?",,,Ausbildung | Stellendetails zu: Azubi zum Fachinformatiker (m/w/d) für Systemintegration,si,,"Das bieten wir dir:
Kurze Wege & flache Hierarchien: Bei uns kannst du schnell was bewegen.
Gute Übernahmechancen nach der Ausbildung
Ein kollegiales Team und abwechslungsreiche Aufgaben
Individuelle Weiterbildungsmöglichkeiten: Jeder in unserem Team hat mit der Zeit seinen eigenen Fachbereich entwickelt – das fördern wir aktiv. Auch du kannst dich im Laufe deiner Ausbildung auf ein Thema spezialisieren, das dir besonders liegt.
Raum für eigene Ideen – Eigeninitiative ist bei uns ausdrücklich erwünscht
Und klar: Kostenlose Getränke wie Kaffee, Wasser und Softdrinks
Bereit für den nächsten Schritt?",,,empty,,javascript:,javascript:,javascript:,externe,"Wir schützen die Kontaktdaten des Arbeitgebers vor unerlaubten Zugriffen. Bitte geben Sie die dargestellten Zeichen in das Textfeld ein, um die Kontaktdaten des Arbeitgebers anzuzeigen.
Anderes Bild laden
Audioversion abspielen
Hinweis: Die dargestellten Zeichen enthalten keine Umlaute (ä, ö, ü oder ß), Sonderzeichen oder Leerzeichen.
Dargestellte Zeichen
Absenden
Fußbereich
Stelle betreut durch die BA
Referenz-Nr.: 10001-1001545329-S
Verstoß melden","Dann freuen wir uns auf deine Bewerbung – mit Anschreiben, Lebenslauf und deinen letzten Zeugnissen.
Werde Teil unseres Teams und gestalte die IT-Welt von morgen mit uns!
Arbeitsorte
Karte anzeigen
Gutenbergring 27, 22848 Norderstedt
Unternehmensdarstellung: dreszler IT-Service Adam Dreszler
dreszler IT-Service Adam Dreszler
Alle Stellen anzeigen
Informationen zur Bewerbung
Sicherheitsabfrage",,ausbildungsstellen_de,https://www.arbeitsagentur.de/jobsuche/jobdetail/10001-1001545329-S,False,,40,,,,2026-06-13T10:48:30.828299+00:00
ASD-999960000794252175,ausbildungsstellen_ae,,,,,Stellendetails zu: Ausbildungsplatz zur*zum Fachinformatiker*in für Systemintegration (m/w/d),"1.368,26 €, 1000€",,Ausbildung | Stellendetails zu: Ausbildungsplatz zur*zum Fachinformatiker*in für Systemintegration (m/w/d),si,,,,,empty,,javascript:,javascript:,javascript:,externe,"Wir schützen die Kontaktdaten des Arbeitgebers vor unerlaubten Zugriffen. Bitte geben Sie die dargestellten Zeichen in das Textfeld ein, um die Kontaktdaten des Arbeitgebers anzuzeigen.
Anderes Bild laden
Audioversion abspielen
Hinweis: Die dargestellten Zeichen enthalten keine Umlaute (ä, ö, ü oder ß), Sonderzeichen oder Leerzeichen.
Dargestellte Zeichen
Absenden
Fußbereich
Stelle betreut durch Arbeitgeber
Referenz-Nr.: 10001-1003150308-S
Verstoß melden","Bitte bewerben Sie sich mit einem kurzen Absatz zu Ihrer Motivation und einer Beschreibung Ihrer Interessen und Vorerfahrungen, Lebenslauf und Zeugnissen bis spätestens 26. Juni 2026 über den folgenden Link: https://safran.csl.mpg.de/job-postings/itaz2026?tl=de
Arbeitsorte
Karte anzeigen
Günterstalstr. 73, 79100 Freiburg im Breisgau
Unternehmensdarstellung: Max-Planck-Institut zur Erforschung v. Kriminalität, Sicherheit und Recht
Max-Planck-Institut zur Erforschung v. Kriminalität, Sicherheit und Recht
Alle Stellen anzeigen
Webseiten
Homepage
Informationen zur Bewerbung
Sicherheitsabfrage",,ausbildungsstellen_de,https://www.arbeitsagentur.de/jobsuche/jobdetail/10001-1003150308-S,False,,40,,,,2026-06-13T10:50:01.859047+00:00
ASD-999960000534354828,ausbildungsstellen_ae,Atecto GmbH,,,,"Stellendetails zu: Ausbildung zum Fachinformatiker (m/w/d) für Systemintegration 2027 – go for IT!

Deine Aufgaben während der Ausbildung
Einrichtung und Betreuung von IT-Arbeitsplätzen und Netzwerken
Unterstützung bei Server-, Cloud- und Microsoft 365 Umgebungen
Analyse und Behebung von Störungen im laufenden Betrieb
Mitarbeit an Projekten (z. B. Migrationen, Modernisierung von IT-Strukturen)",,,Ausbildung | Stellendetails zu: zum Fachinformatiker (m/w/d) für Systemintegration 2027 – go for IT!,si,,,,,empty,,javascript:,javascript:,javascript:,externe,"Direkter Kontakt mit Anwendern und Kunden
Was du mitbringen solltest
Interesse an IT und Technik
Logisches Denken und Lust, Probleme zu lösen
Zuverlässigkeit und Lernbereitschaft
Kommunikationsfähigkeit – IT ist Teamarbeit
Deutschkenntnisse Sprachlevel C2
Führerschein Klasse B ist von Vorteil
Wichtig: Du musst kein Profi sein – aber du solltest wirklich Interesse haben.
Was wir dir bieten
Eine Ausbildung mit echtem Praxisbezug – kein „Zuschauen und Mitschreiben“
Ein Team, das dich ernst nimmt und einbindet
Moderne IT-Umgebungen (Cloud, Security, Managed Services)
Klare Perspektive auf Übernahme und Weiterentwicklung
Faire Vergütung
Interesse?
Dann bewirb dich mit:
Die atecto ist Ihr kompetenter Ansprechpartner für ganzheitliche Managed IT Services, IT Lösungen und IT Sicherheit. Überzeugen Sie sich von unserem 360°-Grad-Service und profitieren Sie von unseren zukunftsfähigen Ideen! Für den ganzheitlichen IT-Betrieb von Unternehmen sowie Arztpraxen und medizinischen Versorgungszentren.
Veränderungen in der IT haben wir stetig im Blick und bieten kontinuierlich zukunftsfähige und vor allem sichere Lösungen für unsere Kunden. Ein maßgeblicher Faktor für den langfristigen Erfolg von kleinen, mittelständischen und großen Unternehmen aller Branchen sowie der Kommunikation im Medizinwesen / Telematik-Infrastruktur!
Vorteile für Mitarbeitende
immer am Puls der Zeit
Kurze Entscheidungswege
Flexibles Arbeiten
Eigenes Versorgungswerk
Mentorenprogramm/Coaching
Flexible Arbeitszeiten
Homeoffice / Mobiles Arbeiten
Vermögenswirksame Leistungen
Firmenevents
Rabatte für Mitarbeitende
Sonderzahlungen
Weiterbildungen
Betriebliche Altersvorsorge
Dienstwagen
Hunde erlaubt
Mitgestaltungsmöglichkeiten
Parkmöglichkeiten
Moderne technische Ausstattung
Die abgebildeten Vorteile für Mitarbeitende können je nach Abteilung und Position variieren.
Alle Stellen anzeigenIn neuem Tab öffnen
Webseiten
Homepage
Karriereseite
Social Media Seiten
Informationen zur Bewerbung
Sicherheitsabfrage
Wir schützen die Kontaktdaten des Arbeitgebers vor unerlaubten Zugriffen. Bitte geben Sie die dargestellten Zeichen in das Textfeld ein, um die Kontaktdaten des Arbeitgebers anzuzeigen.
Anderes Bild laden
Audioversion abspielen
Hinweis: Die dargestellten Zeichen enthalten keine Umlaute (ä, ö, ü oder ß), Sonderzeichen oder Leerzeichen.
Dargestellte Zeichen
Absenden
Fußbereich
Stelle betreut durch die BA
Referenz-Nr.: 10001-1002854208-S
Verstoß melden","Lebenslauf
kurzem Anschreiben
per E-Mail.
atecto GmbH – we_IT
Mehr anzeigen
Arbeitsorte
Karte anzeigen
Brechhofer Str. 1, 56316 Raubach, Westerwald
Unternehmensdarstellung: Atecto GmbH
Atecto GmbH
Hauptsitz
Raubach, Westerwald
Gründung
2017
Betriebsgröße
40 Mitarbeitende
Tätigkeitsfelder und Schlagworte
SystemhausIT-Infrastruktur AnbieterValue Added ResellerIT-Security Spezialist, Managed ServiceCloud Transformation und Cyber Security
Willkommen bei Ihrem persönlichen IT Systemhaus für maßgeschneiderten 360° Managed IT Service!",,ausbildungsstellen_de,https://www.arbeitsagentur.de/jobsuche/jobdetail/10001-1002854208-S,False,,40,,,,2026-06-13T10:44:09.659900+00:00
ASD-999960000588624091,ausbildungsstellen_ae,BSB Metallverformung GmbH & Co. KG Stanzwerk,,,,"Stellendetails zu: Ausbildung 2027 - FACHINFORMATIKER FÜR SYSTEMINTEGRATION (M/W/D) - Praktikum möglich

DEINE AUFGABEN:
Planung und Konfigurierung komplexer IT-Systeme
Integration in verschiedene IT-Prozesse
Vernetzung von Hard- und Softwarekomponenten
Beratung und Schulung der Anwender
Softwareentwicklung
Problemlösung bei Systemstörungen
Ausbildungszeit: 3 Jahre; evtl. Verkürzung auf 2 ½ Jahre möglich
DEINE QUALIFIKATION:
Abgeschlossene Schulausbildung, mind. Mittlere Reife
Affinität zur IT und neuen Technologien
Gute PC Kenntnisse
Gute deutsche Sprachkenntnisse in Wort und Schrift
Lernbereitschaft, hohe Eigeninitiative und Flexibilität
Teamfähigkeit
Zuverlässigkeit

WIR BIETEN:",,,Ausbildung | Stellendetails zu: 2027 - FACHINFORMATIKER FÜR SYSTEMINTEGRATION (M/W/D) - Praktikum möglich,si,,WIR BIETEN:,,,empty,,javascript:,javascript:,javascript:,externe,"Einen persönlichen Ansprechpartner
Interessante und abwechslungsreiche Tätigkeiten
Individuelles Einarbeitungsprogramm und Leistungsbeurteilung
Sehr gute Übernahmechancen
Betriebliche Altersvorsorge
Gesundheitsmanagement
Kontinuierliche Weiterentwicklung
Moderne Arbeitsumgebung
30 Tage Urlaub p.a.
Business-Bike
Corporate Benefits
Kostenlose Parkplätze
Firmenevents
DEIN ANSPRECHPARTNER:
Viktoria Merger, Personalreferentin der BSB Metallverformung GmbH + Co. Stanzwerk
Tel. +49 8222 4001-250
Mehr anzeigen
Arbeitsorte
Karte anzeigen
Siemensstr. 8, 89331 Burgau, Schwaben
Unternehmensdarstellung: BSB Metallverformung GmbH & Co. KG Stanzwerk
BSB Metallverformung GmbH & Co. KG Stanzwerk
BSB ist ein zuverlässiger Partner für Stanz- und Ziehteile aus Metall, Blechverarbeitung und komplette Schweißbaugruppen. Unsere Produkte werden für den Fahrzeug- und Maschinenbau sowie im Bauwesen eingesetzt.
BWB Behälter-Werk Burgau GmbH + Co. KG fertigt und vertreibt Druckluftbehälter aus Stahl, Edelstahl und Aluminium. Zur Speicherung und Reinigung von Druckluft sind unsere Behälter im Maschinenbau sowie in Straßen-, Schienen- und Wasserfahrzeugen weltweit im Einsatz.
Alle Stellen anzeigen
Webseiten
Homepage
Informationen zur Bewerbung
Sicherheitsabfrage
Wir schützen die Kontaktdaten des Arbeitgebers vor unerlaubten Zugriffen. Bitte geben Sie die dargestellten Zeichen in das Textfeld ein, um die Kontaktdaten des Arbeitgebers anzuzeigen.
Anderes Bild laden
Audioversion abspielen
Hinweis: Die dargestellten Zeichen enthalten keine Umlaute (ä, ö, ü oder ß), Sonderzeichen oder Leerzeichen.
Dargestellte Zeichen
Absenden
Fußbereich
Stelle betreut durch die BA
Referenz-Nr.: 10000-1206422665-S
Verstoß melden
© Bundesagentur für Arbeit 2026
Impressum
Information & Hilfe
Datenschutz
Rechtliche Hinweise
Erklärung zur Barrierefreiheit
Barrieren melden",,,ausbildungsstellen_de,https://www.arbeitsagentur.de/jobsuche/jobdetail/10000-1206422665-S,False,,40,,,,2026-06-13T10:45:19.681509+00:00
ASD-999960000757106084,ausbildungsstellen_ae,Bühler Motor GmbH Elektro-Kleinstmotoren,,,,"Stellendetails zu: 2027 - Auszubildende als Fachinformatiker für Systemintegration (m/w/d)

Voraussetzungen:
Guter mittlerer Schulabschluss
Gute Noten in Informatik, Mathe, Englisch
Technisches Verständnis
Sorgfältige Arbeitsweise
Verantwortungsbewusstsein und Einsatzbereitschaft
Teamfähigkeit
Unsere Benefits:
Betrieblicher Unterricht
Seminare und Schulungen
Azubi-Projekte
Übernahme der Fahrtkosten zur Berufsschule ÖPNV
Haben wir Ihr Interesse geweckt? Dann freuen wir uns auf Ihre Bewerbung über unser Online-Bewerbungsportal.
Arbeitsorte
Karte anzeigen
Bgm-Xaver-Reinhard-Str 9, 86653 Monheim, Schwaben
Unternehmensdarstellung: Bühler Motor GmbH Elektro-Kleinstmotoren
Bühler Motor GmbH Elektro-Kleinstmotoren
Alle Stellen anzeigen
Informationen zur Bewerbung
Sicherheitsabfrage",,"Voraussetzungen:
Guter mittlerer Schulabschluss
Gute Noten in Informatik, Mathe, Englisch
Technisches Verständnis
Sorgfältige Arbeitsweise
Verantwortungsbewusstsein und Einsatzbereitschaft
Teamfähigkeit
Unsere Benefits:
Betrieblicher Unterricht
Seminare und Schulungen
Azubi-Projekte
Übernahme der Fahrtkosten zur Berufsschule ÖPNV
Haben wir Ihr Interesse geweckt? Dann freuen wir uns auf Ihre Bewerbung über unser Online-Bewerbungsportal.
Arbeitsorte
Karte anzeigen
Bgm-Xaver-Reinhard-Str 9, 86653 Monheim, Schwaben
Unternehmensdarstellung: Bühler Motor GmbH Elektro-Kleinstmotoren
Bühler Motor GmbH Elektro-Kleinstmotoren
Alle Stellen anzeigen
Informationen zur Bewerbung
Sicherheitsabfrage",Ausbildung | Stellendetails zu: 2027 - Auszubildende als Fachinformatiker für Systemintegration (m/w/d),si,,,,,empty,,javascript:,javascript:,javascript:,externe,"Wir schützen die Kontaktdaten des Arbeitgebers vor unerlaubten Zugriffen. Bitte geben Sie die dargestellten Zeichen in das Textfeld ein, um die Kontaktdaten des Arbeitgebers anzuzeigen.
Anderes Bild laden
Audioversion abspielen
Hinweis: Die dargestellten Zeichen enthalten keine Umlaute (ä, ö, ü oder ß), Sonderzeichen oder Leerzeichen.
Dargestellte Zeichen
Absenden
Fußbereich
Stelle betreut durch die BA
Referenz-Nr.: 10001-1003202444-S
Verstoß melden",,,ausbildungsstellen_de,https://www.arbeitsagentur.de/jobsuche/jobdetail/10001-1003202444-S,False,,40,,,,2026-06-13T10:49:06.816311+00:00
ASD-999960000712702891,ausbildungsstellen_ae,Haimer GmbH,,,,"Stellendetails zu: Fachinformatiker Systemintegration (m/w/d) | September 2026

Das solltest du mitbringen:
• Gutes Zahlenverständnis
• Begeisterung für IT-Systeme
• Hilfsbereitschaft Organisationstalent
• Spaß an Teamarbeit
• Freundlichkeit & Engagement
• Lernbereitschaft & Anpassungsfähigkeit
Zu durchlaufende Abteilungen:
IT – Vertrieb – Einkauf – Buchhaltung
• Ausbildungsdauer: 3 Jahre
• Berufsschule: Augsburg
• Schulabschluss: Mittlere Reife oder (Fach-)Abitur
Wir freuen uns auf Deine Bewerbung!
Arbeitsorte
Karte anzeigen
Weiherstr. 21, 86568 Hollenbach bei Aichach
Unternehmensdarstellung: Haimer GmbH
Haimer GmbH
Alle Stellen anzeigen
Webseiten
Homepage
Informationen zur Bewerbung
Sicherheitsabfrage",,"Das solltest du mitbringen:
• Gutes Zahlenverständnis
• Begeisterung für IT-Systeme
• Hilfsbereitschaft Organisationstalent
• Spaß an Teamarbeit
• Freundlichkeit & Engagement
• Lernbereitschaft & Anpassungsfähigkeit
Zu durchlaufende Abteilungen:
IT – Vertrieb – Einkauf – Buchhaltung
• Ausbildungsdauer: 3 Jahre
• Berufsschule: Augsburg
• Schulabschluss: Mittlere Reife oder (Fach-)Abitur
Wir freuen uns auf Deine Bewerbung!
Arbeitsorte
Karte anzeigen
Weiherstr. 21, 86568 Hollenbach bei Aichach
Unternehmensdarstellung: Haimer GmbH
Haimer GmbH
Alle Stellen anzeigen
Webseiten
Homepage
Informationen zur Bewerbung
Sicherheitsabfrage",Ausbildung | Stellendetails zu: Fachinformatiker Systemintegration (m/w/d) | September 2026,si,,,,,empty,,javascript:,javascript:,javascript:,externe,"Wir schützen die Kontaktdaten des Arbeitgebers vor unerlaubten Zugriffen. Bitte geben Sie die dargestellten Zeichen in das Textfeld ein, um die Kontaktdaten des Arbeitgebers anzuzeigen.
Anderes Bild laden
Audioversion abspielen
Hinweis: Die dargestellten Zeichen enthalten keine Umlaute (ä, ö, ü oder ß), Sonderzeichen oder Leerzeichen.
Dargestellte Zeichen
Absenden
Fußbereich
Stelle betreut durch die BA
Referenz-Nr.: 10001-1002401700-S
Verstoß melden",,,ausbildungsstellen_de,https://www.arbeitsagentur.de/jobsuche/jobdetail/10001-1002401700-S,False,,40,,,,2026-06-13T10:48:00.498910+00:00
ASD-999960000518546879,ausbildungsstellen_ae,MILEI GmbH,,,,"Stellendetails zu: Ausbildung zum Fachinformatiker für Systemintegration (m/w/d) 2026

DEINE AUFGABEN / TÄTIGKEITSBEREICHE BEI UNS:
Nach dem erfolgreichen Abschluss Deiner Ausbildung zum Fachinformatiker für Systemintegration (m/w/d) kennst Du Dich bestens mit Computern und IT-Systemen aus. Sobald ein Hardware- oder Software-Problem auftritt, bist Du zur Stelle und weißt, wie man den Fehler behebt. Das ist bei der MILEI GmbH besonders wichtig, da wir für die Herstellung unserer Trockenpulver für die Babynahrungsindustrie unbedingt technische Unterstützung benötigen.
Die MILEI GmbH ist spezialisiert auf die Produktion von hochtechnischen Trockenpulvern. In diesem abwechslungsreichen und spannenden Arbeitsumfeld lernst Du darüber hinaus:
• Administration und Wartung der unternehmensinternen EDV- und IT-Systeme sowie Sicherstellung eines störungsfreien Betriebs
• Beratung und Unterstützung der Benutzer bei der Behebung von Hardware- und Software-Problemen
• Instandhaltung der Telekommunikationstechnik, wie zum Beispiel Drucker, Telefonanlage oder Internetverbindung
• Einrichtung von Hard- und Software inklusive der Durchführung von Updates und Backups
• Technische Vorbereitung von Sitzungen und Vorträgen (z.B. Beamer, Tontechnik einrichten)
WIR FREUEN UNS AUF:
• Fach-/Hochschulreife oder sehr guter mittlerer Bildungsabschluss (Werk- /Realschule)
• Freude am Umgang mit Computern und anderen technischen Geräten
• Besondere Stärken in den Bereichen Technik und Fehlerbehebung
• Gute Englischkenntnisse von Vorteil
• Persönliche Eigenschaften: Ausdauer, Teamfähigkeit, Verantwortungsbewusstsein, Flexibilität, Engagement
• Idealerweise erfolgreiche Absolvierung eines einwöchigen Betriebspraktikums

WIR BIETEN DIR:
• Ein kostenloses IPad
• Attraktive Ausbildungsvergütung
• 30 Tage Urlaub
• Azubi-Activity-Day
• Breites Angebot zu betriebssportlichen Aktivitäten (z.B. Joggen, Wandern, Wakeboarden, Bouldern, Ski fahren)
• Subventionierte EGYM-Wellpass-Mitgliedschaft
• Kostenfreies Obst, Mineralwasser und Kaffee sowie gesunde Mittagsmenüs zu stark vergünstigten Preisen
• Vieles mehr...
Mehr anzeigen
Arbeitsorte
Karte anzeigen
Kemptener Str. 91, 88299 Leutkirch im Allgäu
Unternehmensdarstellung: MILEI GmbH
MILEI GmbH
Als international bekannter Hersteller von Spezialprodukten auf Milch- und Molkebasis zählen die größten Lebensmittelhersteller zu unseren Kunden. Weltweit. Täglich verarbeiten wir mit modernster Technologie mehrere Millionen Kilogramm Milch und Molke zu hochwertig veredelten Basisprodukten für die Lebensmittel-, Diät- und Pharmaindustrie.
Alle Stellen anzeigen
Webseiten
Homepage
Informationen zur Bewerbung
Sicherheitsabfrage",,,Ausbildung | Stellendetails zu: zum Fachinformatiker für Systemintegration (m/w/d) 2026,si,,"WIR BIETEN DIR:
• Ein kostenloses IPad
• Attraktive Ausbildungsvergütung
• 30 Tage Urlaub
• Azubi-Activity-Day
• Breites Angebot zu betriebssportlichen Aktivitäten (z.B. Joggen, Wandern, Wakeboarden, Bouldern, Ski fahren)
• Subventionierte EGYM-Wellpass-Mitgliedschaft
• Kostenfreies Obst, Mineralwasser und Kaffee sowie gesunde Mittagsmenüs zu stark vergünstigten Preisen
• Vieles mehr...
Mehr anzeigen
Arbeitsorte
Karte anzeigen
Kemptener Str. 91, 88299 Leutkirch im Allgäu
Unternehmensdarstellung: MILEI GmbH
MILEI GmbH
Als international bekannter Hersteller von Spezialprodukten auf Milch- und Molkebasis zählen die größten Lebensmittelhersteller zu unseren Kunden. Weltweit. Täglich verarbeiten wir mit modernster Technologie mehrere Millionen Kilogramm Milch und Molke zu hochwertig veredelten Basisprodukten für die Lebensmittel-, Diät- und Pharmaindustrie.
Alle Stellen anzeigen
Webseiten
Homepage
Informationen zur Bewerbung
Sicherheitsabfrage",,,empty,,javascript:,javascript:,javascript:,externe,"Wir schützen die Kontaktdaten des Arbeitgebers vor unerlaubten Zugriffen. Bitte geben Sie die dargestellten Zeichen in das Textfeld ein, um die Kontaktdaten des Arbeitgebers anzuzeigen.
Anderes Bild laden
Audioversion abspielen
Hinweis: Die dargestellten Zeichen enthalten keine Umlaute (ä, ö, ü oder ß), Sonderzeichen oder Leerzeichen.
Dargestellte Zeichen
Absenden
Fußbereich
Stelle betreut durch die BA
Referenz-Nr.: 10000-1203873052-S
Verstoß melden",,,ausbildungsstellen_de,https://www.arbeitsagentur.de/jobsuche/jobdetail/10000-1203873052-S,False,,40,,,,2026-06-13T10:43:44.244211+00:00
ASD-999960000493712320,ausbildungsstellen_ae,Mosca GmbH,,,,"Stellendetails zu: Ausbildung 2026

Wir bieten am Standort Waldbrunn eine Ausbildung zum/zur
Fachinformatiker/in für Systemintegration
Du kennst Deinen Computer in- und auswendig und weißt dir zu helfen, wenn er nicht läuft? Dann ist die Ausbildung zum Fachinformatiker für Systemintegration genau das Richtige für Dich.
Fachinformatiker der Fachrichtung Systemintegration kümmern sich in der IT-Abteilung um die Planung und Konfiguration von IT-Systemen. Dazu gehört auch das Installieren und Einrichten von Hardwarekomponenten, Betriebssystemen und Netzwerken. Außerdem schulen sie Benutzer zur Bedienung von Anwendungen.
Art der Ausbildung:
Duale Ausbildung (Berufsschule und Betrieb)
Dauer der Ausbildung:
3 Jahre
Empfohlener Schulabschluss:
Mittlere Reife oder Abitur
Für diese Ausbildung ist es hilfreich, wenn Du
gerne am Computer arbeitest
Interesse an Software, Hardware und Co. hast
gerne tüftelst
Spaß am Erklären und Zeigen mitbringst
gute Noten in Mathe und Englisch hast
Jetzt bewerben!
Arbeitsorte
Karte anzeigen
Gerd-Mosca-Str. 1, 69429 Waldbrunn, Odenwald
Unternehmensdarstellung: Mosca GmbH
Mosca GmbH
Alle Stellen anzeigen
Webseiten
Homepage
Informationen zur Bewerbung
Sicherheitsabfrage",,,Ausbildung | Stellendetails zu: 2026,si,,"Wir bieten am Standort Waldbrunn eine Ausbildung zum/zur
Fachinformatiker/in für Systemintegration
Du kennst Deinen Computer in- und auswendig und weißt dir zu helfen, wenn er nicht läuft? Dann ist die Ausbildung zum Fachinformatiker für Systemintegration genau das Richtige für Dich.
Fachinformatiker der Fachrichtung Systemintegration kümmern sich in der IT-Abteilung um die Planung und Konfiguration von IT-Systemen. Dazu gehört auch das Installieren und Einrichten von Hardwarekomponenten, Betriebssystemen und Netzwerken. Außerdem schulen sie Benutzer zur Bedienung von Anwendungen.
Art der Ausbildung:
Duale Ausbildung (Berufsschule und Betrieb)
Dauer der Ausbildung:
3 Jahre
Empfohlener Schulabschluss:
Mittlere Reife oder Abitur
Für diese Ausbildung ist es hilfreich, wenn Du
gerne am Computer arbeitest
Interesse an Software, Hardware und Co. hast
gerne tüftelst
Spaß am Erklären und Zeigen mitbringst
gute Noten in Mathe und Englisch hast
Jetzt bewerben!
Arbeitsorte
Karte anzeigen
Gerd-Mosca-Str. 1, 69429 Waldbrunn, Odenwald
Unternehmensdarstellung: Mosca GmbH
Mosca GmbH
Alle Stellen anzeigen
Webseiten
Homepage
Informationen zur Bewerbung
Sicherheitsabfrage",,,empty,,javascript:,javascript:,javascript:,externe,"Wir schützen die Kontaktdaten des Arbeitgebers vor unerlaubten Zugriffen. Bitte geben Sie die dargestellten Zeichen in das Textfeld ein, um die Kontaktdaten des Arbeitgebers anzuzeigen.
Anderes Bild laden
Audioversion abspielen
Hinweis: Die dargestellten Zeichen enthalten keine Umlaute (ä, ö, ü oder ß), Sonderzeichen oder Leerzeichen.
Dargestellte Zeichen
Absenden
Fußbereich
Stelle betreut durch die BA
Referenz-Nr.: 10000-1203783957-S
Verstoß melden",,,ausbildungsstellen_de,https://www.arbeitsagentur.de/jobsuche/jobdetail/10000-1203783957-S,False,,40,,,,2026-06-13T10:43:29.116591+00:00
ASD-999960000591273959,ausbildungsstellen_ae,Perga GmbH,,,,"Stellendetails zu: AUSBILDUNG 2026 - Fachinformatiker (m/w/d)

Wir sind ein mittelständisches Unternehmen in der Kunststoffverarbeitenden Industrie. Seit 1970 liefern wir hochwertige Polyethylen-Folien und Verpackungsprodukte für verschiedene Industriezweige sowie Handelsorganisationen. Durch die individuellen Anforderungen unserer Kunden, entwickeln wir immer wieder neue Rezepturen und Produktspezifikationen. Wir bieten unseren Kunden Kompetenz, Erfahrung und höchste Verarbeitungsqualität.
Ausbildung 2026 - Fachinformatiker für Systemintegration [m/w/d]
Ein Fachinformatiker für Systemintegration plant, installiert und betreut IT-Systeme und Netzwerke. Er richtet Server, PCs und Netzkomponenten ein, installiert Betriebssysteme und Software und sorgt für einen reibungslosen Betrieb. Zu seinen Aufgaben gehören außerdem die Benutzerverwaltung, Datensicherung, Systempflege sowie die Fehleranalyse und -behebung. Er konfiguriert Netzwerke, richtet WLAN-, VPN- und Firewallsysteme ein und achtet auf IT-Sicherheit und Datenschutz. Zudem unterstützt er Anwender bei technischen Problemen, dokumentiert seine Arbeit und wirkt an IT-Projekten wie Systemmigrationen oder Netzwerkerweiterungen mit.
Unsere Anforderungen
Guter Hauptschulabschluss
Gute Noten in Mathematik, Deutsch und Englisch
Deine Qualifikationen
Technisches Verständnis und logisches Denken
Sorgfalt und Genauigkeit
Kommunikationsfähigkeit
Teamfähigkeit
Belastbarkeit und Geduld
Lernbereitschaft
Selbstorganisation und Verantwortungsbewusstsein
Ausbildungsdauer
3 Jahre
Die Berufsschule ist die ZGB in Buchen und die FLS in Walldürn
Arbeitsorte
Karte anzeigen
Tiefenweg 25, 74731 Walldürn
Unternehmensdarstellung: Perga GmbH
Perga GmbH
Hauptsitz
74731 Walldürn-Altheim
Gründung
1970
Die Perga GmbH mit Firmensitz in Walldürn-Altheim gehört mit seinen rund 200 Mitarbeitern zu den führenden Anbietern von Industriefolien und Folienverpackungen mit eigener Extrusion. Das Produktspektrum umfasst überwiegend mono- und coextrudierte Polyethylen High Density Folien sowie Polyethylen Low Density Folien, die bedruckt oder konfektioniert werden. Das Unternehmen ist in der Lage, nahezu die gesamte Bandbreite von Dünnfolien < 6µ bis zu Dickfolien > 400µ herzustellen.
Vorteile für Mitarbeitende
Vermögenswirksame Leistungen
Firmenevents
Betriebliche Altersvorsorge
Kantine
Die abgebildeten Vorteile für Mitarbeitende können je nach Abteilung und Position variieren.
Alle Stellen anzeigenIn neuem Tab öffnen
Webseiten
Homepage
Informationen zur Bewerbung
Sicherheitsabfrage",,,Ausbildung | Stellendetails zu: AUSBILDUNG 2026 - Fachinformatiker (m/w/d),si,,"Wir sind ein mittelständisches Unternehmen in der Kunststoffverarbeitenden Industrie. Seit 1970 liefern wir hochwertige Polyethylen-Folien und Verpackungsprodukte für verschiedene Industriezweige sowie Handelsorganisationen. Durch die individuellen Anforderungen unserer Kunden, entwickeln wir immer wieder neue Rezepturen und Produktspezifikationen. Wir bieten unseren Kunden Kompetenz, Erfahrung und höchste Verarbeitungsqualität.
Ausbildung 2026 - Fachinformatiker für Systemintegration [m/w/d]
Ein Fachinformatiker für Systemintegration plant, installiert und betreut IT-Systeme und Netzwerke. Er richtet Server, PCs und Netzkomponenten ein, installiert Betriebssysteme und Software und sorgt für einen reibungslosen Betrieb. Zu seinen Aufgaben gehören außerdem die Benutzerverwaltung, Datensicherung, Systempflege sowie die Fehleranalyse und -behebung. Er konfiguriert Netzwerke, richtet WLAN-, VPN- und Firewallsysteme ein und achtet auf IT-Sicherheit und Datenschutz. Zudem unterstützt er Anwender bei technischen Problemen, dokumentiert seine Arbeit und wirkt an IT-Projekten wie Systemmigrationen oder Netzwerkerweiterungen mit.
Unsere Anforderungen
Guter Hauptschulabschluss
Gute Noten in Mathematik, Deutsch und Englisch
Deine Qualifikationen
Technisches Verständnis und logisches Denken
Sorgfalt und Genauigkeit
Kommunikationsfähigkeit
Teamfähigkeit
Belastbarkeit und Geduld
Lernbereitschaft
Selbstorganisation und Verantwortungsbewusstsein
Ausbildungsdauer
3 Jahre
Die Berufsschule ist die ZGB in Buchen und die FLS in Walldürn
Arbeitsorte
Karte anzeigen
Tiefenweg 25, 74731 Walldürn
Unternehmensdarstellung: Perga GmbH
Perga GmbH
Hauptsitz
74731 Walldürn-Altheim
Gründung
1970
Die Perga GmbH mit Firmensitz in Walldürn-Altheim gehört mit seinen rund 200 Mitarbeitern zu den führenden Anbietern von Industriefolien und Folienverpackungen mit eigener Extrusion. Das Produktspektrum umfasst überwiegend mono- und coextrudierte Polyethylen High Density Folien sowie Polyethylen Low Density Folien, die bedruckt oder konfektioniert werden. Das Unternehmen ist in der Lage, nahezu die gesamte Bandbreite von Dünnfolien < 6µ bis zu Dickfolien > 400µ herzustellen.
Vorteile für Mitarbeitende
Vermögenswirksame Leistungen
Firmenevents
Betriebliche Altersvorsorge
Kantine
Die abgebildeten Vorteile für Mitarbeitende können je nach Abteilung und Position variieren.
Alle Stellen anzeigenIn neuem Tab öffnen
Webseiten
Homepage
Informationen zur Bewerbung
Sicherheitsabfrage",,,empty,,javascript:,javascript:,javascript:,externe,"Wir schützen die Kontaktdaten des Arbeitgebers vor unerlaubten Zugriffen. Bitte geben Sie die dargestellten Zeichen in das Textfeld ein, um die Kontaktdaten des Arbeitgebers anzuzeigen.
Anderes Bild laden
Audioversion abspielen
Hinweis: Die dargestellten Zeichen enthalten keine Umlaute (ä, ö, ü oder ß), Sonderzeichen oder Leerzeichen.
Dargestellte Zeichen
Absenden
Fußbereich
Stelle betreut durch die BA
Referenz-Nr.: 10001-1002093144-S
Verstoß melden
© Bundesagentur für Arbeit 2026
Impressum
Information & Hilfe
Datenschutz
Rechtliche Hinweise
Erklärung zur Barrierefreiheit
Barrieren melden",,,ausbildungsstellen_de,https://www.arbeitsagentur.de/jobsuche/jobdetail/10001-1002093144-S,False,,40,,,,2026-06-13T10:45:22.729942+00:00
ASD-999960000496234426,ausbildungsstellen_ae,,,,,Stellendetails zu: Ausbildung 2027 / Fachinformatiker (m/w/d) für Systemintegration,"1.443 €, 1.504 €, 1.576 €, 1.443 €, 1.504 €, 1.576 €",,Ausbildung | Stellendetails zu: 2027 / Fachinformatiker (m/w/d) für Systemintegration,si,,,,,empty,,javascript:,javascript:,javascript:,externe,"Wir schützen die Kontaktdaten des Arbeitgebers vor unerlaubten Zugriffen. Bitte geben Sie die dargestellten Zeichen in das Textfeld ein, um die Kontaktdaten des Arbeitgebers anzuzeigen.
Anderes Bild laden
Audioversion abspielen
Hinweis: Die dargestellten Zeichen enthalten keine Umlaute (ä, ö, ü oder ß), Sonderzeichen oder Leerzeichen.
Dargestellte Zeichen
Absenden
Fußbereich
Stelle betreut durch die BA
Referenz-Nr.: 10000-1205561431-S
Verstoß melden",,,ausbildungsstellen_de,https://www.arbeitsagentur.de/jobsuche/jobdetail/10000-1205561431-S,False,,33,,,,2026-06-13T10:43:32.138242+00:00
ASD-999960000727572697,ausbildungsstellen_ae,,,,,"Stellendetails zu: Ausbildung 2027 - Fachinformatiker (m/w/d) für Systemintegration

Deine Aufgaben bei uns
Wenn Dir abstürzende PCs, Gruppenlaufwerke und Server keine Angst bereiten, Du gerne Sicherungen machst und es liebst im Netzwerk zu arbeiten, dann bist Du kompatibel für die IT-Abteilung der Stadt Schramberg.
So vielfältig wie die Aufgaben der Stadt ist auch Dein Aufgabenbereich. Du kümmerst Dich um alle technischen Probleme der Stadtverwaltung und Ortsverwaltungen.
Mit der Ausbildung wirst Du zur Fachkraft für das Aufbauen und Einrichten ganzer Rechnersysteme, außerdem kümmerst Du Dich um die Vernetzung der Server und PCs untereinander.
Du wächst hier als Teil des Teams in Deine Aufgaben hinein. Täglich lernst Du Neues dazu und kannst immer anspruchsvollere Aufgaben selbst bewältigen.
Erforderlicher Schulabschluss
Guter Realschulabschluss

Wir bieten Dir
Intensive Betreuung
Betriebliche Altersvorsorgung
Zuschuss zur Nutzung des öffentlichen Nahverkehrs / Deutschland-Ticket
Vermögenswirksame Leistungen
Gehalt
Richtet sich nach dem Tarifvertrag für den öffentlichen Dienst (TVAöD).
Arbeitsorte
Karte anzeigen
Hauptstr. 25, 78713 Schramberg
Unternehmensdarstellung: Große Kreisstadt Schramberg
Große Kreisstadt Schramberg
Alle Stellen anzeigen
Webseiten
Homepage
Informationen zur Bewerbung
Sicherheitsabfrage",,,Ausbildung | Stellendetails zu: 2027 - Fachinformatiker (m/w/d) für Systemintegration,si,,"Wir bieten Dir
Intensive Betreuung
Betriebliche Altersvorsorgung
Zuschuss zur Nutzung des öffentlichen Nahverkehrs / Deutschland-Ticket
Vermögenswirksame Leistungen
Gehalt
Richtet sich nach dem Tarifvertrag für den öffentlichen Dienst (TVAöD).
Arbeitsorte
Karte anzeigen
Hauptstr. 25, 78713 Schramberg
Unternehmensdarstellung: Große Kreisstadt Schramberg
Große Kreisstadt Schramberg
Alle Stellen anzeigen
Webseiten
Homepage
Informationen zur Bewerbung
Sicherheitsabfrage",,,empty,,javascript:,javascript:,javascript:,externe,"Wir schützen die Kontaktdaten des Arbeitgebers vor unerlaubten Zugriffen. Bitte geben Sie die dargestellten Zeichen in das Textfeld ein, um die Kontaktdaten des Arbeitgebers anzuzeigen.
Anderes Bild laden
Audioversion abspielen
Hinweis: Die dargestellten Zeichen enthalten keine Umlaute (ä, ö, ü oder ß), Sonderzeichen oder Leerzeichen.
Dargestellte Zeichen
Absenden
Fußbereich
Stelle betreut durch die BA
Referenz-Nr.: 10001-1003086061-S
Verstoß melden",,,ausbildungsstellen_de,https://www.arbeitsagentur.de/jobsuche/jobdetail/10001-1003086061-S,False,,33,,,,2026-06-13T10:48:24.629769+00:00
ASD-999960000787785706,ausbildungsstellen_ae,,,,,"Stellendetails zu: 2027 Fachinformatiker / Fachinformatikerin Systemintegration (w/m/d)

📣 DAS ERWARTET DICH WÄHREND DEINER AUSBILDUNG
Umgang mit innovativer IT-Technik zur Unterstützung der Medienproduktion
Einblick in die Audio- und Videoproduktion
Vielfältige Teams sowie spannende und praxisnahe Projekte
Berücksichtigung deiner individuellen Interessen im Ausbildungsplan
Ein Laptop, den du auch für die Berufsschule und privat nutzen kannst
Innovative Themen für deine IHK-Abschlussarbeit
✔️ DAS BRINGST DU SCHON MIT
Du bist IT-begeistert und hast Interesse an komplexen Aufgabenstellungen sowie Freude an Problemlösungen
Erste Hard- und Software-Kenntnisse
Spaß am Umgang mit digitalen Medien
Freude sowohl an selbständigem Arbeiten als auch an Teamarbeit
Du bist vielfältig interessiert, offen und kommunikativ
Einen guten bis sehr guten Abschluss der mittleren Reife oder einen höheren Schulabschluss inkl. gutem Ausdrucksvermögen in Wort und Schrift (Deutsch und Englisch)

🎉 DEINE BENEFITS
Neben einer umfassenden Ausbildung in einem multimedialen Unternehmen profitierst du bei uns von zahlreichen Benefits!
VIELFALT IM SWR
Der SWR verfolgt das Ziel der beruflichen Chancengleichheit von Frauen und Männern und fordert daher Frauen auf, sich zu bewerben.
Wir sind Unterzeichner der „Charta der Vielfalt“ und fördern die Vielfalt in unserer Belegschaft. Deine Bewerbung ist bei uns willkommen, unabhängig von Geschlecht, kultureller oder sozialer Herkunft, Religion, Weltanschauung, Alter, sexueller Orientierung oder einer Behinderung.
Arbeitsorte
Karte anzeigen
Hans-Bredow-Str. 20, 76530 Baden-Baden
Neckarstraße 221, 70190 Stuttgart
Unternehmensdarstellung: Südwestrundfunk Anstalt des öf fentlichen Rechts Ausland Bade n-Baden
Südwestrundfunk Anstalt des öf fentlichen Rechts Ausland Bade n-Baden
Alle Stellen anzeigen
Informationen zur Bewerbung
Sicherheitsabfrage",,,Ausbildung | Stellendetails zu: 2027 Fachinformatiker / Fachinformatikerin Systemintegration (w/m/d),si,,"🎉 DEINE BENEFITS
Neben einer umfassenden Ausbildung in einem multimedialen Unternehmen profitierst du bei uns von zahlreichen Benefits!
VIELFALT IM SWR
Der SWR verfolgt das Ziel der beruflichen Chancengleichheit von Frauen und Männern und fordert daher Frauen auf, sich zu bewerben.
Wir sind Unterzeichner der „Charta der Vielfalt“ und fördern die Vielfalt in unserer Belegschaft. Deine Bewerbung ist bei uns willkommen, unabhängig von Geschlecht, kultureller oder sozialer Herkunft, Religion, Weltanschauung, Alter, sexueller Orientierung oder einer Behinderung.
Arbeitsorte
Karte anzeigen
Hans-Bredow-Str. 20, 76530 Baden-Baden
Neckarstraße 221, 70190 Stuttgart
Unternehmensdarstellung: Südwestrundfunk Anstalt des öf fentlichen Rechts Ausland Bade n-Baden
Südwestrundfunk Anstalt des öf fentlichen Rechts Ausland Bade n-Baden
Alle Stellen anzeigen
Informationen zur Bewerbung
Sicherheitsabfrage",,,empty,,javascript:,javascript:,javascript:,externe,"Wir schützen die Kontaktdaten des Arbeitgebers vor unerlaubten Zugriffen. Bitte geben Sie die dargestellten Zeichen in das Textfeld ein, um die Kontaktdaten des Arbeitgebers anzuzeigen.
Anderes Bild laden
Audioversion abspielen
Hinweis: Die dargestellten Zeichen enthalten keine Umlaute (ä, ö, ü oder ß), Sonderzeichen oder Leerzeichen.
Dargestellte Zeichen
Absenden
Fußbereich
Stelle betreut durch die BA
Referenz-Nr.: 10001-1002689655-S
Verstoß melden",,,ausbildungsstellen_de,https://www.arbeitsagentur.de/jobsuche/jobdetail/10001-1002689655-S,False,,33,,,,2026-06-13T10:49:55.312992+00:00
ASD-999960000485144041,ausbildungsstellen_ae,Burger Küchenmöbel GmbH,,,,Stellendetails zu: Ausbildung Fachinformatiker/in Systemintegration (m/w/d),,,Ausbildung | Stellendetails zu: Fachinformatiker/in Systemintegration (m/w/d),si,,,,,empty,,javascript:,javascript:,javascript:,externe,"Wir schützen die Kontaktdaten des Arbeitgebers vor unerlaubten Zugriffen. Bitte geben Sie die dargestellten Zeichen in das Textfeld ein, um die Kontaktdaten des Arbeitgebers anzuzeigen.
Anderes Bild laden
Audioversion abspielen
Hinweis: Die dargestellten Zeichen enthalten keine Umlaute (ä, ö, ü oder ß), Sonderzeichen oder Leerzeichen.
Dargestellte Zeichen
Absenden
Fußbereich
Stelle betreut durch die BA
Referenz-Nr.: 10001-1002921416-S
Verstoß melden",,,ausbildungsstellen_de,https://www.arbeitsagentur.de/jobsuche/jobdetail/10001-1002921416-S,False,,33,,,,2026-06-13T10:43:19.872422+00:00
ASD-999960000723955198,ausbildungsstellen_ae,ENTEGA AG,,,,Stellendetails zu: Fachinformatiker (w/m/d) für Systemintegration 2027,,,Ausbildung | Stellendetails zu: Fachinformatiker (w/m/d) für Systemintegration 2027,si,,,,,empty,,javascript:,javascript:,javascript:,externe,"Wir schützen die Kontaktdaten des Arbeitgebers vor unerlaubten Zugriffen. Bitte geben Sie die dargestellten Zeichen in das Textfeld ein, um die Kontaktdaten des Arbeitgebers anzuzeigen.
Anderes Bild laden
Audioversion abspielen
Hinweis: Die dargestellten Zeichen enthalten keine Umlaute (ä, ö, ü oder ß), Sonderzeichen oder Leerzeichen.
Dargestellte Zeichen
Absenden
Fußbereich
Stelle betreut durch die BA
Referenz-Nr.: 10001-1003155697-S
Verstoß melden",,,ausbildungsstellen_de,https://www.arbeitsagentur.de/jobsuche/jobdetail/10001-1003155697-S,False,,33,,,,2026-06-13T10:48:21.773045+00:00
ASD-999960000716337286,ausbildungsstellen_ae,Heinz Schnorpfeil Bau GmbH,,,,Stellendetails zu: Ausbildung zum Fachinformatiker für Systemintegration (m/w/d),,,Ausbildung | Stellendetails zu: zum Fachinformatiker für Systemintegration (m/w/d),si,,,,,empty,,javascript:,javascript:,javascript:,externe,"Du bist der Ansprechpartner bei technischen Problemen und findest die passenden Lösungen.
Du konfigurierst Hard- und Softwarekomponenten und integrierst diese in bestehende Systeme.
Du unterstützt dein Team dabei, andere Nutzer in der Einführung neuer Systeme zu beraten, zu betreuen und zu schulen.
Dein Fundament für einen erfolgreichen Start bei uns:
Mittlere Reife oder gute Leistungen in den MINT-Fächern
Interesse an IT, Technik und Problemlösungen
Analytisches Denken, Sorgfalt und Freude am Umgang mit Menschen
Zuverlässigkeit und Motivation, Neues zu lernen
Darauf kannst du bei uns bauen:
Sicherer Arbeitsplatz mit Zukunft: Starte deine Karriere in einer zukunftssicheren Branche – denn ohne Bau geht nichts!
Starke Bezahlung: Du verdienst vom ersten Tag an ein starkes Gehalt nach Bautarif – inklusive Urlaubs- und Weihnachtsgeld.
Echte Perspektiven: Nach der Ausbildung stehen dir alle Türen offen – ob als Weiterbildung zum Fachwirt, zum Techniker oder mit einem anschließenden Studium.
Echte Projekte: Bei uns arbeitest du in starken Teams an echten Projekten und wirst dabei von Anfang an aktiv mit eingebunden.
Theorie trifft Praxis: Den praktischen Teil deiner dreijährigen Ausbildung absolvierst du bei uns im Unternehmen. Für die theoretischen Grundlagen besuchst du ein- bis zweimal pro Woche die Berufsschule in Koblenz.
Gemeinschaft erleben: Freue dich auf gemeinsame Aktivitäten wie unser Sommerfest oder unsere Weihnachtsfeier.
Bereit, Großes zu bauen?
Dann freuen wir uns auf deine Bewerbung! Im Anschluss werden wir uns zeitnah bei dir melden.
Mehr anzeigen
Arbeitsorte
Karte anzeigen
Kastellauner Straße 51, 56253 Treis-Karden
Unternehmensdarstellung: Heinz Schnorpfeil Bau GmbH
Heinz Schnorpfeil Bau GmbH
Herzlich willkommen bei der Heinz Schnorpfeil Bau GmbH
Die HEINZ SCHNORPFEIL BAU GMBH zählt zu den führenden mittelständischen Bauunternehmen in Deutschland.
Seit über 75 Jahren sind wir in vielen Bereichen des Bauens erfolgreich tätig. Mit ca. 1.000 qualifizierten Mitarbeitern/-innen, einem hochmodernen Maschinenpark sowie eigenen Steinbrüchen und Asphaltmischanlagen, erfüllen wir die unterschiedlichsten Aufgaben zur Zufriedenheit unserer Kunden.
Alle Stellen anzeigen
Webseiten
Homepage
Informationen zur Bewerbung
Sicherheitsabfrage
Wir schützen die Kontaktdaten des Arbeitgebers vor unerlaubten Zugriffen. Bitte geben Sie die dargestellten Zeichen in das Textfeld ein, um die Kontaktdaten des Arbeitgebers anzuzeigen.
Anderes Bild laden
Audioversion abspielen
Hinweis: Die dargestellten Zeichen enthalten keine Umlaute (ä, ö, ü oder ß), Sonderzeichen oder Leerzeichen.
Dargestellte Zeichen
Absenden
Fußbereich
Stelle betreut durch die BA
Referenz-Nr.: 13529-k13112.342-S
Verstoß melden",,,ausbildungsstellen_de,https://www.arbeitsagentur.de/jobsuche/jobdetail/13529-k13112.342-S,False,,33,,,,2026-06-13T10:48:03.493142+00:00
ASD-999960000486657084,ausbildungsstellen_ae,ITworks Systemhaus GmbH,,,,Stellendetails zu: Fachinformatiker/in – Systemintegration (m/w/d),,,Ausbildung | Stellendetails zu: Fachinformatiker/in – Systemintegration (m/w/d),si,,,,,empty,,javascript:,javascript:,javascript:,externe,"Wir schützen die Kontaktdaten des Arbeitgebers vor unerlaubten Zugriffen. Bitte geben Sie die dargestellten Zeichen in das Textfeld ein, um die Kontaktdaten des Arbeitgebers anzuzeigen.
Anderes Bild laden
Audioversion abspielen
Hinweis: Die dargestellten Zeichen enthalten keine Umlaute (ä, ö, ü oder ß), Sonderzeichen oder Leerzeichen.
Dargestellte Zeichen
Absenden
Fußbereich
Stelle betreut durch die BA
Referenz-Nr.: 10000-1206063174-S
Verstoß melden",,,ausbildungsstellen_de,https://www.arbeitsagentur.de/jobsuche/jobdetail/10000-1206063174-S,False,,33,,,,2026-06-13T10:43:26.164256+00:00
ASD-999960000708706442,ausbildungsstellen_ae,netgo GmbH,,,,"Stellendetails zu: Ausbildung zum Fachinformatiker für Systemintegration 2026 (m/w/d)

Das erwartet Dich bei uns:
Systeme aufbauen: Du lernst, wie man IT-Systeme installiert, konfiguriert und zum Laufen bringt – von Hardware bis Software. Dabei bist du nah dran an den Bedürfnissen unserer User und Kund*innen.
Netzwerke managen: Du checkst, wie Netzwerke funktionieren, setzt sie auf und sorgst dafür, dass sie stabil laufen.
Fehler lösen: Probleme? Machen! Du findest Bugs und sorgst dafür, dass alles schnell wieder rund läuft.
IT-Projekte rocken: Du planst und setzt coole IT-Projekte um – von Anfang bis Ende – und bringst deine eigenen Ideen ein.
Sicherheit im Fokus: Du schützt unsere Systeme vor Angriffen und sorgst mit dem Motto Security first dafür, dass alles sicher bleibt.
Support bieten: Zusammen wachsen! Du bist die erste Anlaufstelle für unsere User, wenn sie Hilfe mit ihren IT-Systemen brauchen, und arbeitest eng mit Kolleg*innen zusammen, um den besten Service zu bieten.
Das bist du:
Deine Begeisterung für Technik und deine Neugier sind der Schlüssel, um gemeinsam mit uns die IT-Welt zu gestalten. Mit diesen Qualifikationen wirst Du zum perfekten Teammitglied:
Technik-Geek: Du liebst es, Dich mit Technik zu beschäftigen und probierst immer wieder neue Dinge aus.
Problem-Solver: Herausforderungen bringen dich nicht aus der Ruhe – du findest immer einen Weg, Probleme zu lösen.
Teamplayer: Du arbeitest gern mit anderen zusammen, bringst deine Ideen ein und fühlst Dich im Team wohl.
Digital Native: Du fühlst dich in der digitalen Welt zuhause und hast ein gutes Händchen für IT-Themen.
Selbstständig: Du übernimmst gern Verantwortung und gehst auch mal eigene Wege, wenn es um neue Ideen und Projekte geht.",,,Ausbildung | Stellendetails zu: zum Fachinformatiker für Systemintegration 2026 (m/w/d),si,,,,,empty,,javascript:,javascript:,javascript:,externe,"Freude am Umgang mit Menschen und keine Scheu vor Kundenkontakt.
Kommunikationstalent: Du bringst Deutsch- und Englischkenntnisse auf dem Niveau C1-C2 mit.
Idealerweise Führerschein Klasse B
Das kannst du von uns erwarten:
Flexible Work-Life-Balance: Entspannte Arbeitszeiten und die Möglichkeit, auch mal remote zu arbeiten (nach Absprache mit deiner Ansprechperson).
Ein Team, das rockt: Flache Hierarchien, lockere Atmosphäre und immer ein offenes Ohr.
Moderne Arbeitswelt: Top ausgestattete Arbeitsplätze, neueste Technik und Raum für Kreativität.
Zukunftssicherheit: Nach deiner Ausbildung stehen dir bei uns viele Türen offen – du bestimmst deinen Weg.
Vorsorge: Damit es dir im Alter an nichts fehlt, bezuschussen wir deine Altersvorsorge. Bei uns gibt es außerdem die Arbeitgeberzulage zu deinem Gehalt dazu. Das hilft dir finanziell beim Vermögensaufbau. Im Detail bedeutet das +25 % zusätzlich als Zuschuss auf deine Altersvorsorge durch netgo.
30 Tage Urlaub: Die Gesundheit und Erholung unserer Mitarbeitenden hat für uns höchste Bedeutung. Daher erhältst du von uns 30 Tage Urlaub pro Jahr.
Gesundheit: Wir subventionieren fast zu 100 % deine Mitgliedschaft im Urban Sports Club + JobRad zu Top Konditionen mit Übernahmeoption.
Rabatte und Goodies: Mit netgo profitierst du bei mehr als 1.500 Anbietern mit exklusiven Rabatten zu bekannten Marken und Herstellern aus diversen Branchen.
Dafür stehen wir:
Wir bei netgo glauben an echtes Teamwork, Offenheit und Weiterentwicklung. Unsere Werte bilden das Fundament für unsere tägliche Arbeit:
#Unsere Vielfalt. Unsere Stärke.
Vielfalt ist kein Add-on, sondern Teil unserer Identität.
#nahdran
Nähe schafft Vertrauen.
#machen
Wir übernehmen Verantwortung und packen an.
#TechmitHerz
Weil wir lieben, was wir tun und up-to-date bleiben.
#zusammenwachsen
Wir entwickeln uns gemeinsam weiter und lernen voneinander.
Führung verstehen wir als Verantwortung: Wir kommunizieren offen, schaffen Klarheit, fördern Entwicklung und leben vor, was wir sagen und erwarten. Unsere Prinzipien geben Orientierung, Guidance und sollen empowern – nicht kontrollieren. Du willst nicht nur arbeiten, sondern mitgestalten? Dann bist du bei uns richtig.
bepartofnetgo– denn unser Herz brennt für IT & Software!
Mehr anzeigen
Arbeitsorte
Karte anzeigen
Weseler Str. 9, 46325 Borken, Westfalen
Unternehmensdarstellung: netgo GmbH
netgo GmbH
Hauptsitz
Berlin
Gründung
2007
Betriebsgröße
1500+
Tätigkeitsfelder und Schlagworte
Ganzheitliche IT-Lösungen aus einer Hand
Umfassende IT-Expertise in einem Unternehmen
netgo ist in der heutigen Form aus dem Zusammenschluss vieler Gesellschaften erwachsen, die mit detailliertem IT-Expertenwissen und innovativen Software-Entwicklungen zukunftsorientierte Unternehmen digitalisieren und beim Geschäftserfolg unterstützen.
Durch die Minimierung von Anlaufstellen bieten wir an zahlreichen Standorten in ganz Deutschland ein ganzheitliches Leistungsportfolio aus einer Hand und finden so für unsere Kunden aus den unterschiedlichsten Branchen und Geschäftsbereichen stets die optimalen Lösungen.
Ganz gleich ob vor Ort individuell zugeschnittene IT-Infrastrukturen benötigt werden oder in komplexen Cloud-Lösungen der Grundstein für flexibles Wachstum gelegt werden soll – wir stehen unseren Kunden zuverlässig zur Seite, damit sie den Herausforderungen der Zukunft gelassen entgegensehen und sich auf ihr Kerngeschäft konzentrieren können.
Vorteile für Mitarbeitende
Mentorenprogramm/Coaching
Flexible Arbeitszeiten
Homeoffice / Mobiles Arbeiten
Vermögenswirksame Leistungen
Nachhaltigkeit / Umweltschutz
Firmenevents
Rabatte für Mitarbeitende
Sport- und Gesundheitsangebote
Weiterbildungen
ÖPNV-Ticket / Job-Ticket
Hunde erlaubt
Mitgestaltungsmöglichkeiten
Moderne technische Ausstattung
Die abgebildeten Vorteile für Mitarbeitende können je nach Abteilung und Position variieren.
Alle Stellen anzeigenIn neuem Tab öffnen
Webseiten
Homepage
Social Media Seiten
Informationen zur Bewerbung
Sicherheitsabfrage
Wir schützen die Kontaktdaten des Arbeitgebers vor unerlaubten Zugriffen. Bitte geben Sie die dargestellten Zeichen in das Textfeld ein, um die Kontaktdaten des Arbeitgebers anzuzeigen.
Anderes Bild laden
Audioversion abspielen
Hinweis: Die dargestellten Zeichen enthalten keine Umlaute (ä, ö, ü oder ß), Sonderzeichen oder Leerzeichen.
Dargestellte Zeichen
Absenden
Fußbereich
Stelle betreut durch Arbeitgeber
Referenz-Nr.: 10001-1002319720-S
Verstoß melden",,,ausbildungsstellen_de,https://www.arbeitsagentur.de/jobsuche/jobdetail/10001-1002319720-S,False,,33,,,,2026-06-13T10:47:54.452292+00:00
ASD-999960001133501162,ausbildungsstellen_ae,,,,,Stellendetails zu: Ausbildung zum Fachinformatiker (gn) für Systemintegration,,,Ausbildung | Stellendetails zu: zum Fachinformatiker (gn) für Systemintegration,si,,,,,empty,,javascript:,javascript:,javascript:,externe,"Wir schützen die Kontaktdaten des Arbeitgebers vor unerlaubten Zugriffen. Bitte geben Sie die dargestellten Zeichen in das Textfeld ein, um die Kontaktdaten des Arbeitgebers anzuzeigen.
Anderes Bild laden
Audioversion abspielen
Hinweis: Die dargestellten Zeichen enthalten keine Umlaute (ä, ö, ü oder ß), Sonderzeichen oder Leerzeichen.
Dargestellte Zeichen
Absenden
Fußbereich
Stelle betreut durch Arbeitgeber
Referenz-Nr.: 10000-1187290347-S
Verstoß melden",,,ausbildungsstellen_de,https://www.arbeitsagentur.de/jobsuche/jobdetail/10000-1187290347-S,False,,27,,,,2026-06-13T10:56:46.640314+00:00
ASD-999960000802772439,ausbildungsstellen_ae,Paul Kauth GmbH & Co. KG,,,,Stellendetails zu: Ausbildung Fachinformatiker- Systemintegration (m/w/d) 2027,,,Ausbildung | Stellendetails zu: Fachinformatiker- Systemintegration (m/w/d) 2027,si,,,,,empty,,javascript:,javascript:,javascript:,externe,,,,ausbildungsstellen_de,https://www.arbeitsagentur.de/jobsuche/jobdetail/10001-1002999143-S,False,,27,,,,2026-06-13T10:50:22.349307+00:00
ASD-999960000569916554,ausbildungsstellen_ae,BMK Office Service GmbH & Co. KG,,,,"Stellendetails zu: Ausbildung 2026

Deine Aufgaben:
Planung und Konfiguration von IT-Systemen
• Installation und Einrichtung von Hardwarekomponenten, Betriebssystemen und Netzwerken
• Feststellung von Störungen und Problemen und deren Behebung
Auch Zugewanderte haben bei uns mit B2-Sprachkenntnissen gute Einstellungsmöglichkeiten: # welcome
Bist du interessiert? Dann bewirb dich und werde ein Köpfchen von uns!

Das bringst du mit:
• Guter Realschulabschluss (mit guten Leistungen in Mathematik)
• Ausgeprägtes technisches Verständnis
• Interesse an Informationstechnik und Elektronik sowie Spaß an der Arbeit am Computer
• Hohes Maß an Eigenmotivation und Zuverlässigkeit
• Praktisches Geschick und deine Teamfähigkeit runden dein Profil ab

Das bieten wir dir:
• Die Sicherheit eines am Markt etablierten Unternehmens mit starken Marken wie z. B. Kyocera
• Eine spannende und abwechslungsreiche Ausbildung in einem erfolgreichen Unternehmen
• Eine schnelle Übernahme von Verantwortung und die eigenständige Abwicklung von Aufgaben als vollwertiges Teammitglied
• Weiterbildungsmöglichkeiten bereits während deiner Ausbildung
• Teilnahme am Firmenfitnessprogramm (Qualitrain)
• Marktübliches Ausbildungsgehalt
• Sehr gute Übernahmechancen nach der Ausbildung
• Zahlreiche Teambuildingmaßnahmen und Team-Events",,"Das bringst du mit:
• Guter Realschulabschluss (mit guten Leistungen in Mathematik)
• Ausgeprägtes technisches Verständnis
• Interesse an Informationstechnik und Elektronik sowie Spaß an der Arbeit am Computer
• Hohes Maß an Eigenmotivation und Zuverlässigkeit
• Praktisches Geschick und deine Teamfähigkeit runden dein Profil ab",Ausbildung | Stellendetails zu: 2026,non_fi,,"Das bieten wir dir:
• Die Sicherheit eines am Markt etablierten Unternehmens mit starken Marken wie z. B. Kyocera
• Eine spannende und abwechslungsreiche Ausbildung in einem erfolgreichen Unternehmen
• Eine schnelle Übernahme von Verantwortung und die eigenständige Abwicklung von Aufgaben als vollwertiges Teammitglied
• Weiterbildungsmöglichkeiten bereits während deiner Ausbildung
• Teilnahme am Firmenfitnessprogramm (Qualitrain)
• Marktübliches Ausbildungsgehalt
• Sehr gute Übernahmechancen nach der Ausbildung
• Zahlreiche Teambuildingmaßnahmen und Team-Events",,,empty,personal@bmk-online.de,javascript:,javascript:,javascript:,externe,"Wir schützen die Kontaktdaten des Arbeitgebers vor unerlaubten Zugriffen. Bitte geben Sie die dargestellten Zeichen in das Textfeld ein, um die Kontaktdaten des Arbeitgebers anzuzeigen.
Anderes Bild laden
Audioversion abspielen
Hinweis: Die dargestellten Zeichen enthalten keine Umlaute (ä, ö, ü oder ß), Sonderzeichen oder Leerzeichen.
Dargestellte Zeichen
Absenden
Fußbereich
Stelle betreut durch die BA
Referenz-Nr.: 10000-1205303285-S
Verstoß melden","Sende uns deine aussagekräftigen Bewerbungsunterlagen (inkl. Anschreiben, tabellarischem Lebenslauf, die letzten zwei Schulzeugnissen und ggf. Praktikumsbestätigungen) an personal@bmk-online.de
Arbeitsorte
Karte anzeigen
Rehland 12.14, 28832 Achim bei Bremen
Unternehmensdarstellung: BMK Office Service GmbH & Co. KG
BMK Office Service GmbH & Co. KG
Alle Stellen anzeigen
Webseiten
Homepage
Informationen zur Bewerbung
Sicherheitsabfrage",,ausbildungsstellen_de,https://www.arbeitsagentur.de/jobsuche/jobdetail/10000-1205303285-S,False,,60,,,,2026-06-13T10:45:04.693635+00:00
ASD-999960000504376684,ausbildungsstellen_ae,MuM acadGraph GmbH,,,,"Stellendetails zu: ***Ausbildung 2027***

Deine Aufgaben:
• Aktive Mitarbeit an spannenden Softwareprojekten von der Konzeption bis zur Umsetzung
• Programmierung und Weiterentwicklung von Anwendungen in verschiedenen Sprachen
• Enge Zusammenarbeit mit erfahrenen Kollegen, das gibt dir Sicherheit und bringt deine frischen Ideen ins Team

Dein Profil:
• Begeisterung für Softwareentwicklung und IT-Themen
• Kreativität und Spaß am Lösen von Problemen
• Teamgeist und Freude an der Zusammenarbeit in einem dynamischen Umfeld
• Eigeninitiative und die Bereitschaft, neue Herausforderungen anzunehmen
• Optimalerweise hast du bereits Erfahrung im Programmieren sammeln können

Über uns: Mensch und Maschine (MuM) ist einer der führenden Anbieter von CAD-, CAM-, BIM und PDM-Lösungen. Rund 1.000 Menschen arbeiten für MuM weltweit im Wachstumsmarkt CAD. Wir sind ein innovatives Unternehmen, das sich auf die Entwicklung maßgeschneiderter Softwarelösungen spezialisiert hat. Unser dynamisches Team besteht aus kreativen Köpfen, die mit Leidenschaft und Neugier an Projekten arbeiten, um digitale Welten zu gestalten. Wir bieten dir die Möglichkeit, in einem inspirierenden Umfeld zu lernen, zu wachsen und deine Fähigkeiten als Entwickler zu entfalten.
Wir bieten:
• Eine praxisnahe Ausbildung in einem zukunftsorientierten Unternehmen
• Ein motiviertes und erfahrenes Team, das sich auf deine Unterstützung freut
• Individuelle Förderung und Weiterentwicklungsmöglichkeiten
• Ein angenehmes Arbeitsklima in modernen Büroräumen mit Café-Lounge, Kickertisch und Dartscheibe
• Moderne Hardware - auch zum privaten Gebrauch
• Mitarbeiterevents, u.a. auch unsere jährliche MuM DevCon mit vielen namhaften Partnern
• Du hast kreative Ideen und möchtest diese einbringen? Bei uns ist das direkt von Anfang an möglich - wir unterstützen ein kreatives und innovatives Arbeitsumfeld, bei dem jeder auf seine Weise beitragen kann.",,"Dein Profil:
• Begeisterung für Softwareentwicklung und IT-Themen
• Kreativität und Spaß am Lösen von Problemen
• Teamgeist und Freude an der Zusammenarbeit in einem dynamischen Umfeld
• Eigeninitiative und die Bereitschaft, neue Herausforderungen anzunehmen
• Optimalerweise hast du bereits Erfahrung im Programmieren sammeln können",Ausbildung | Stellendetails zu: ***2027***,non_fi,,"Über uns: Mensch und Maschine (MuM) ist einer der führenden Anbieter von CAD-, CAM-, BIM und PDM-Lösungen. Rund 1.000 Menschen arbeiten für MuM weltweit im Wachstumsmarkt CAD. Wir sind ein innovatives Unternehmen, das sich auf die Entwicklung maßgeschneiderter Softwarelösungen spezialisiert hat. Unser dynamisches Team besteht aus kreativen Köpfen, die mit Leidenschaft und Neugier an Projekten arbeiten, um digitale Welten zu gestalten. Wir bieten dir die Möglichkeit, in einem inspirierenden Umfeld zu lernen, zu wachsen und deine Fähigkeiten als Entwickler zu entfalten.
Wir bieten:
• Eine praxisnahe Ausbildung in einem zukunftsorientierten Unternehmen
• Ein motiviertes und erfahrenes Team, das sich auf deine Unterstützung freut
• Individuelle Förderung und Weiterentwicklungsmöglichkeiten
• Ein angenehmes Arbeitsklima in modernen Büroräumen mit Café-Lounge, Kickertisch und Dartscheibe
• Moderne Hardware - auch zum privaten Gebrauch
• Mitarbeiterevents, u.a. auch unsere jährliche MuM DevCon mit vielen namhaften Partnern
• Du hast kreative Ideen und möchtest diese einbringen? Bei uns ist das direkt von Anfang an möglich - wir unterstützen ein kreatives und innovatives Arbeitsumfeld, bei dem jeder auf seine Weise beitragen kann.",,,empty,ausbildung-acadgraph@mum.de,javascript:,javascript:,javascript:,externe,"Wir schützen die Kontaktdaten des Arbeitgebers vor unerlaubten Zugriffen. Bitte geben Sie die dargestellten Zeichen in das Textfeld ein, um die Kontaktdaten des Arbeitgebers anzuzeigen.
Anderes Bild laden
Audioversion abspielen
Hinweis: Die dargestellten Zeichen enthalten keine Umlaute (ä, ö, ü oder ß), Sonderzeichen oder Leerzeichen.
Dargestellte Zeichen
Absenden
Fußbereich
Stelle betreut durch die BA
Referenz-Nr.: 10001-1003006096-S
Verstoß melden","Bewirb dich jetzt: Sende uns deine aussagekräftigen Bewerbungsunterlagen inklusive Lebenslauf, Anschreiben und relevanten Zeugnissen an ausbildung-acadgraph@mum.de. Wir freuen uns darauf, dich kennenzulernen und gemeinsam die Zukunft der Softwareentwicklung bei der MuM zu gestalten!
Hinweis: Wir begrüßen Bewerbungen von Menschen jeden Geschlechts, Alters, ethnischer Herkunft und mit unterschiedlichen Hintergründen. Bei uns zählt der Mensch und sein Potenzial.
Arbeitsorte
Karte anzeigen
Dülmener Weg 221, 46325 Borken, Westfalen
Unternehmensdarstellung: MuM acadGraph GmbH
MuM acadGraph GmbH
Hauptsitz
München
Gründung
1985
Betriebsgröße
70
Tätigkeitsfelder und Schlagworte
CADITGISInnovativDigital
Mit mehr als 35 Jahren Erfahrung bietet MuM acadGraph neben individuellen Gesamtlösungen aus Software, Hardware und Service in den Bereich Architektur, Geographischen Informationssystemen, Tiefbau und Facility Management umfangreiche Projektunterstützung und Consulting-Leistungen. Mit Autodesk Produkten setzt MuM acadGraph konsequent auf weltweite Standards. Durch die im Markt stark verbreitete Basis-Software wird eine schnelle Einarbeitung und ein reibungsloser Datenaustausch und nicht zuletzt Ihre Investitionssicherheit gewährleistet.
Vorteile für Mitarbeitende
Flexible Arbeitszeiten
Homeoffice / Mobiles Arbeiten
Firmenevents
Rabatte für Mitarbeitende
Weiterbildungen
Parkmöglichkeiten
Gute Verkehrsanbindung
Moderne technische Ausstattung
Die abgebildeten Vorteile für Mitarbeitende können je nach Abteilung und Position variieren.
Alle Stellen anzeigenIn neuem Tab öffnen
Webseiten
Homepage
Karriereseite
Über uns
Impressum
Informationen zur Bewerbung
Sicherheitsabfrage",,ausbildungsstellen_de,https://www.arbeitsagentur.de/jobsuche/jobdetail/10001-1003006096-S,False,,60,,,,2026-06-13T10:43:38.098720+00:00
ASD-999960000745862245,ausbildungsstellen_ae,RR Software GmbH,,,,"Stellendetails zu: Ausbildung Kaufmann/Kauffrau für IT-Systemmanagement (m/w/d)

Deine Aufgaben.
Du interessierst dich für IT und hast Spaß am Umgang mit Menschen? Dann ist die Ausbildung zum Kaufmann für IT-Systemmanagement (m/w/d) genau richtig für dich!
Bei uns lernst du, wie man IT-Projekte plant, Kunden berät und IT-Lösungen professionell umsetzt.
Dabei erwarten dich abwechslungsreiche Aufgaben zwischen Organisation, Technik und Kommunikation wie:
Kundenberatung und Support: Du findest heraus, was unsere Kunden brauchen, unterstützt bei Fragen und hilfst ihnen bei Problemen mit unseren Softwarelösungen weiter.

Das bringst Du mit.
mittlere Reife, Fachabitur oder allgemeine Hochschulreife – auch Studienaussteiger:innen sind willkommen!
starke Noten in Mathematik und Deutsch: Ein gutes Verständnis für Zahlen und Sprache ist wichtig.
Interesse an Computern: Du bringst erste Kenntnisse im Bereich Hardware, Datenbanken oder Programmierung mit.
Offenheit: Du gehst gern auf Menschen zu und hast Freude daran, dich mit unseren Kunden auszutauschen.
So arbeiten wir.
Teamarbeit, Offenheit und Begeisterung für IT prägen unseren Alltag. Wir arbeiten praxisnah, lösungsorientiert und auf Augenhöhe – das gilt auch für unsere Auszubildenden. Du wirst von Anfang an in echte Aufgaben eingebunden und arbeitest mit Kolleg:innen aus verschiedenen Bereichen zusammen. Dabei kannst du dich einbringen, eigene Erfahrungen sammeln und dich mit unserer Unterstützung fachlich und persönlich weiterentwickeln.

Das bieten wir Dir.
Spannende Aufgaben und moderne Technologien: Sei Teil eines Teams, das sich ständig weiterentwickelt und neue Herausforderungen liebt.
Kollegiales Arbeitsklima: Ein familiäres Umfeld und eine offene Unternehmenskultur.
Finanzielle Unterstützung: Zuschüsse für Fahrtkosten zur Berufsschule und Übernahme der Kosten für Schulbücher.
Perspektive auf Übernahme: Bei guter Leistung bieten wir dir die Chance, nach deiner Ausbildung fester Bestandteil unseres wachsenden Unternehmens zu werden.
Dein Talent. Unsere Vision. Ein gemeinsamer Weg.",,"Das bringst Du mit.
mittlere Reife, Fachabitur oder allgemeine Hochschulreife – auch Studienaussteiger:innen sind willkommen!
starke Noten in Mathematik und Deutsch: Ein gutes Verständnis für Zahlen und Sprache ist wichtig.
Interesse an Computern: Du bringst erste Kenntnisse im Bereich Hardware, Datenbanken oder Programmierung mit.
Offenheit: Du gehst gern auf Menschen zu und hast Freude daran, dich mit unseren Kunden auszutauschen.
So arbeiten wir.
Teamarbeit, Offenheit und Begeisterung für IT prägen unseren Alltag. Wir arbeiten praxisnah, lösungsorientiert und auf Augenhöhe – das gilt auch für unsere Auszubildenden. Du wirst von Anfang an in echte Aufgaben eingebunden und arbeitest mit Kolleg:innen aus verschiedenen Bereichen zusammen. Dabei kannst du dich einbringen, eigene Erfahrungen sammeln und dich mit unserer Unterstützung fachlich und persönlich weiterentwickeln.",Ausbildung | Stellendetails zu: Kaufmann/Kauffrau für IT-Systemmanagement (m/w/d),non_fi,,"Das bieten wir Dir.
Spannende Aufgaben und moderne Technologien: Sei Teil eines Teams, das sich ständig weiterentwickelt und neue Herausforderungen liebt.
Kollegiales Arbeitsklima: Ein familiäres Umfeld und eine offene Unternehmenskultur.
Finanzielle Unterstützung: Zuschüsse für Fahrtkosten zur Berufsschule und Übernahme der Kosten für Schulbücher.
Perspektive auf Übernahme: Bei guter Leistung bieten wir dir die Chance, nach deiner Ausbildung fester Bestandteil unseres wachsenden Unternehmens zu werden.
Dein Talent. Unsere Vision. Ein gemeinsamer Weg.",,,empty,,javascript:,javascript:,javascript:,externe,"Projektarbeit: Du lernst, wie IT-Projekte organisiert, geplant und Schritt für Schritt umgesetzt werden – im direkten Kontakt mit unseren Kunden.
Technisches Produktverständnis: Du bekommst Einblicke in die Funktionsweise unserer Software und eignest dir Wissen zu Datenbanken und Programmierung an.
Vermarktung und Vertrieb: Du hilfst beim Vertrieb unserer Software für unterschiedliche Zielgruppen und lernst, wie man Softwarelösungen aus technischer sowie vertrieblicher Sicht überzeugend präsentiert.
Wir schützen die Kontaktdaten des Arbeitgebers vor unerlaubten Zugriffen. Bitte geben Sie die dargestellten Zeichen in das Textfeld ein, um die Kontaktdaten des Arbeitgebers anzuzeigen.
Anderes Bild laden
Audioversion abspielen
Hinweis: Die dargestellten Zeichen enthalten keine Umlaute (ä, ö, ü oder ß), Sonderzeichen oder Leerzeichen.
Dargestellte Zeichen
Absenden
Fußbereich
Stelle betreut durch Arbeitgeber
Referenz-Nr.: 10001-1001945682-S
Verstoß melden","Klingt gut? Lerne uns persönlich kennen! Wir freuen uns auf deine Fragen und stehen dir gerne für weitere Informationen zur Verfügung. Oder bewirb dich direkt mit deinem Lebenslauf, Anschreiben und aktuellen Zeugnissen.
Mehr anzeigen
Arbeitsorte
Karte anzeigen
Am Bahnhof 1, 38899 Hasselfelde
Unternehmensdarstellung: RR Software GmbH
RR Software GmbH
Hauptsitz
Hasselfelde
Gründung
1996
Tätigkeitsfelder und Schlagworte
Software-EntwicklungIT DienstleistungenAnwendungssupportProjektmanagementMarketing & Vertrieb
Wir gestalten aktiv die Zukunft des digitalen Bildungsmanagements. Mit unserer jahrzehntelangen Expertise setzen wir klare Standards für einen effizienten Bildungszyklus und bringen die Akteure der modernen Bildung zusammen. Bildungsanbieter aller Größen profitieren von unseren innovativen Softwarelösungen.
Gemeinsam gestalten wir als Team die Zukunft des lebenslangen Lernens und ermöglichen dabei die individuelle, berufliche Entfaltung unserer Mitarbeitenden. In unserer kollaborativen Atmosphäre kommen die Stärken eines jeden und einer jeden zusammen, um inspirierende Lösungen zu entwickeln, die unsere Kunden begeistern.
Vorteile für Mitarbeitende
Mentorenprogramm/Coaching
Flexible Arbeitszeiten
Homeoffice / Mobiles Arbeiten
Firmenevents
Sport- und Gesundheitsangebote
Weiterbildungen
Betriebliche Altersvorsorge
Mitgestaltungsmöglichkeiten
Parkmöglichkeiten
Gute Verkehrsanbindung
Moderne technische Ausstattung
Die abgebildeten Vorteile für Mitarbeitende können je nach Abteilung und Position variieren.
Alle Stellen anzeigenIn neuem Tab öffnen
Webseiten
Karriereseite
Informationen zur Bewerbung
Sicherheitsabfrage",,ausbildungsstellen_de,https://www.arbeitsagentur.de/jobsuche/jobdetail/10001-1001945682-S,False,,53,,,,2026-06-13T10:48:51.379877+00:00
ASD-999960000550972951,ausbildungsstellen_ae,Prozesstechnik Kropf GmbH,,,,"Stellendetails zu: Softwaretalent gesucht: Ausbildung Informatik 2026 (m/w/d)

Deine Aufgaben während der Ausbildung:
Entwicklung und Programmierung von Softwarelösungen
Mitarbeit an Projekten im Bereich Automatisierung und IT
Analyse von Anforderungen und Umsetzung in Code
Testen und Optimieren von Anwendungen
Dokumentation und Weiterentwicklung bestehender Systeme

Das bringst du mit:
einen Realschulabschluss oder einen vergleichbaren Schulabschluss
Interesse an Programmierung und Softwareentwicklung
logisches Denkvermögen und strukturierte Arbeitsweise
Motivation, Neues zu lernen und im Team zu arbeiten

Das bieten wir dir:
eine praxisnahe und abwechslungsreiche Ausbildung
Mitarbeit an echten Projekten
Betreuung durch erfahrene Ausbilderinnen und Ausbilder
ein modernes Arbeitsumfeld und spannende Aufgaben
gute Übernahmechancen nach der Ausbildung
Wenn du dich für Softwareentwicklung interessierst und gerne kreativ an Lösungen arbeitest, freuen wir uns auf deine Bewerbung.
Gerne kannst du vorab auch ein Praktikum bei uns machen, um den Beruf und unser Team kennenzulernen.
Arbeitsorte
Karte anzeigen
Hofer Str. 49, 95145 Oberkotzau
Unternehmensdarstellung: Prozesstechnik Kropf GmbH
Prozesstechnik Kropf GmbH
Alle Stellen anzeigen
Informationen zur Bewerbung
Sicherheitsabfrage",,"Das bringst du mit:
einen Realschulabschluss oder einen vergleichbaren Schulabschluss
Interesse an Programmierung und Softwareentwicklung
logisches Denkvermögen und strukturierte Arbeitsweise
Motivation, Neues zu lernen und im Team zu arbeiten",Ausbildung | Stellendetails zu: Softwaretalent gesucht: Informatik 2026 (m/w/d),non_fi,,"Das bieten wir dir:
eine praxisnahe und abwechslungsreiche Ausbildung
Mitarbeit an echten Projekten
Betreuung durch erfahrene Ausbilderinnen und Ausbilder
ein modernes Arbeitsumfeld und spannende Aufgaben
gute Übernahmechancen nach der Ausbildung
Wenn du dich für Softwareentwicklung interessierst und gerne kreativ an Lösungen arbeitest, freuen wir uns auf deine Bewerbung.
Gerne kannst du vorab auch ein Praktikum bei uns machen, um den Beruf und unser Team kennenzulernen.
Arbeitsorte
Karte anzeigen
Hofer Str. 49, 95145 Oberkotzau
Unternehmensdarstellung: Prozesstechnik Kropf GmbH
Prozesstechnik Kropf GmbH
Alle Stellen anzeigen
Informationen zur Bewerbung
Sicherheitsabfrage",,,empty,,javascript:,javascript:,javascript:,externe,"Wir schützen die Kontaktdaten des Arbeitgebers vor unerlaubten Zugriffen. Bitte geben Sie die dargestellten Zeichen in das Textfeld ein, um die Kontaktdaten des Arbeitgebers anzuzeigen.
Anderes Bild laden
Audioversion abspielen
Hinweis: Die dargestellten Zeichen enthalten keine Umlaute (ä, ö, ü oder ß), Sonderzeichen oder Leerzeichen.
Dargestellte Zeichen
Absenden
Fußbereich
Stelle betreut durch die BA
Referenz-Nr.: 10001-1002872151-S
Verstoß melden",,,ausbildungsstellen_de,https://www.arbeitsagentur.de/jobsuche/jobdetail/10001-1002872151-S,False,,47,,,,2026-06-13T10:44:27.861588+00:00
ASD-999960000540278423,ausbildungsstellen_ae,,,,,"Stellendetails zu: Ausbildungsplatz 2026 zum Anwendungsentwickler bei JJK

Deine Aufgaben
Vielfalt und Abwechslung sind bei uns Trumpf. Bei uns gibt es ein breites Betätigungsfeld. Unser Leitgedanke für gute Software ist: Einfach in der Bedienung, schnell und funktional. In vier Teams entwickeln wir über 50 Programme, die zusammen eine ganzheitliche Prozessteuerung für Medienhäuser abbilden. Je nach Fähigkeiten und Interessenslage finden wir mit Dir das passende Team für Dich.

Dein Profil
◾Fachabitur
◾Gutes Deutsch in Wort und Schrift
◾Freundliches Auftreten und schnelle Auffassungsgabe
◾Teamfähig, verantwortungsbewusst, zuverlässig und flexibel
◾Engagement und Interesse an neuen Herausforderungen

Wir bieten Dir einen Ausbildungsplatz zum Anwendungsentwickler (m/w/d), bei dem Du in einem kollegialen Umfeld hinsichtlich der eingesetzten Technologien, Methoden und Prozesse ganz vorne dabei bist.
Wir bieten
◾Eine fachliche Ausbildung auf erwiesenermaßen hohem Niveau
◾Eine schrittweise und umfassende Einarbeitung in Deinen Aufgabenbereich
◾Zeit für Deine fachliche und persönliche Entwicklung in einem tollen Team mit netten Kolleginnnen und Kollegen
◾Offene Kommunikation und kurze Dienstwege
◾Moderne Arbeitsplatzausstattung
◾Leistungsgerechte Ausbildungsvergütung
Arbeitsorte
Karte anzeigen
Emil-Schäfer-Str. 89, 47800 Krefeld
Unternehmensdarstellung: JJK Gesellschaft für innovative Verlagssoftware mbH
JJK Gesellschaft für innovative Verlagssoftware mbH
JJK wurde im Oktober 1995 in Krefeld mit dem Ziel gegründet, leistungsstarke und benutzerfreundliche Softwarelösungen für die Zeitungsindustrie zu entwickeln. Unser Alleinstellungsmerkmal ist das schnittstellenfreie Gesamtkonzept mit zentraler Datenverwaltung. Heute betreuen 50 Mitarbeiter über 170 in- und ausländische Verlags- und Vertriebsgesellschaften. Zu unseren Kunden zählen Tages- und Wochenzeitungsverlage, Zustellgesellschaften, Direktverteilunternehmen sowie Druckvorstufenbetriebe. Bundesweit werden ca. 22 Millionen Haushalte mit Zeitungen oder Prospekten beliefert, die mit JJK-Systemen zu- oder hergestellt wurden. Im Bereich Wochenzeitungen ist JJK der marktführende Systemanbieter
Alle Stellen anzeigen
Webseiten
Homepage
Informationen zur Bewerbung
Sicherheitsabfrage",,"Dein Profil
◾Fachabitur
◾Gutes Deutsch in Wort und Schrift
◾Freundliches Auftreten und schnelle Auffassungsgabe
◾Teamfähig, verantwortungsbewusst, zuverlässig und flexibel
◾Engagement und Interesse an neuen Herausforderungen",Ausbildung | Stellendetails zu: Ausbildungsplatz 2026 zum Anwendungsentwickler bei JJK,non_fi,,"Wir bieten Dir einen Ausbildungsplatz zum Anwendungsentwickler (m/w/d), bei dem Du in einem kollegialen Umfeld hinsichtlich der eingesetzten Technologien, Methoden und Prozesse ganz vorne dabei bist.
Wir bieten
◾Eine fachliche Ausbildung auf erwiesenermaßen hohem Niveau
◾Eine schrittweise und umfassende Einarbeitung in Deinen Aufgabenbereich
◾Zeit für Deine fachliche und persönliche Entwicklung in einem tollen Team mit netten Kolleginnnen und Kollegen
◾Offene Kommunikation und kurze Dienstwege
◾Moderne Arbeitsplatzausstattung
◾Leistungsgerechte Ausbildungsvergütung
Arbeitsorte
Karte anzeigen
Emil-Schäfer-Str. 89, 47800 Krefeld
Unternehmensdarstellung: JJK Gesellschaft für innovative Verlagssoftware mbH
JJK Gesellschaft für innovative Verlagssoftware mbH
JJK wurde im Oktober 1995 in Krefeld mit dem Ziel gegründet, leistungsstarke und benutzerfreundliche Softwarelösungen für die Zeitungsindustrie zu entwickeln. Unser Alleinstellungsmerkmal ist das schnittstellenfreie Gesamtkonzept mit zentraler Datenverwaltung. Heute betreuen 50 Mitarbeiter über 170 in- und ausländische Verlags- und Vertriebsgesellschaften. Zu unseren Kunden zählen Tages- und Wochenzeitungsverlage, Zustellgesellschaften, Direktverteilunternehmen sowie Druckvorstufenbetriebe. Bundesweit werden ca. 22 Millionen Haushalte mit Zeitungen oder Prospekten beliefert, die mit JJK-Systemen zu- oder hergestellt wurden. Im Bereich Wochenzeitungen ist JJK der marktführende Systemanbieter
Alle Stellen anzeigen
Webseiten
Homepage
Informationen zur Bewerbung
Sicherheitsabfrage",,,empty,,javascript:,javascript:,javascript:,externe,"Wir schützen die Kontaktdaten des Arbeitgebers vor unerlaubten Zugriffen. Bitte geben Sie die dargestellten Zeichen in das Textfeld ein, um die Kontaktdaten des Arbeitgebers anzuzeigen.
Anderes Bild laden
Audioversion abspielen
Hinweis: Die dargestellten Zeichen enthalten keine Umlaute (ä, ö, ü oder ß), Sonderzeichen oder Leerzeichen.
Dargestellte Zeichen
Absenden
Fußbereich
Stelle betreut durch die BA
Referenz-Nr.: 10000-1206408001-S
Verstoß melden",,,ausbildungsstellen_de,https://www.arbeitsagentur.de/jobsuche/jobdetail/10000-1206408001-S,False,,40,,,,2026-06-13T10:44:18.876535+00:00
ASD-999960000740534838,ausbildungsstellen_ae,EVO Informationssysteme GmbH,,,,"Stellendetails zu: Ausbildung 2027

Was wir bieten:
Ausgezeichnetes Arbeitsklima: Ein kooperatives und unterstützendes Umfeld.
Gestaltungsfreiraum: Entfalte deine Kreativität bei der Lösung spannender Aufgaben.
Teamgeist: Ein kollegiales Miteinander zwischen Vorgesetzten und Mitarbeitern.
Was wir erwarten:
Qualifikation: (Fachgebundene) Hochschul- oder Fachhochschulreife.
Persönliche Stärken: Lernbereitschaft, Zuverlässigkeit, Teamfähigkeit und Verantwortungsbewusstsein.
Mobilität: Führerschein der Klasse B.
Werde Teil von EVO!
Wenn du beruflich etwas erreichen möchtest und Lust auf eine spannende Ausbildung hast, freuen wir uns auf deine Bewerbung per Post oder E-Mail.
Arbeitsorte
Karte anzeigen
Ludwig-Bölkow-Str. 15, 73568 Durlangen
Unternehmensdarstellung: EVO Informationssysteme GmbH
EVO Informationssysteme GmbH
Hauptsitz
Durlangen
Die EVO Informationssysteme GmbH
entwickelt seit den 1990er Jahren Softwarelösungen exklusiv für die Fertigungsindustrie in Europa.
Die Softwareanwendungen sind einfach zu bedienende, schlüsselfertige Lösungen, die sich bei unzähligen Installationen in der Fertigungsindustrie bereits bewährt haben.
Unsere Ingenieure, Softwareentwickler und Techniker kommen aus der Industrie und der Informationstechnologie. Sie entwickeln täglich in Teams komplexe Strukturen, Zusammenhänge und Prozesse.
Vorteile für Mitarbeitende
Flexible Arbeitszeiten
Homeoffice / Mobiles Arbeiten
Vermögenswirksame Leistungen
Firmenevents
Sonderzahlungen
Weiterbildungen
Betriebliche Altersvorsorge
Dienstwagen
Kantine
Mitgestaltungsmöglichkeiten
Parkmöglichkeiten
Moderne technische Ausstattung
Die abgebildeten Vorteile für Mitarbeitende können je nach Abteilung und Position variieren.
Alle Stellen anzeigenIn neuem Tab öffnen
Webseiten
Homepage
Karriereseite
YouTube
LinkedIn
Informationen zur Bewerbung
Sicherheitsabfrage",,,Ausbildung | Stellendetails zu: 2027,non_fi,,"Was wir bieten:
Ausgezeichnetes Arbeitsklima: Ein kooperatives und unterstützendes Umfeld.
Gestaltungsfreiraum: Entfalte deine Kreativität bei der Lösung spannender Aufgaben.
Teamgeist: Ein kollegiales Miteinander zwischen Vorgesetzten und Mitarbeitern.
Was wir erwarten:
Qualifikation: (Fachgebundene) Hochschul- oder Fachhochschulreife.
Persönliche Stärken: Lernbereitschaft, Zuverlässigkeit, Teamfähigkeit und Verantwortungsbewusstsein.
Mobilität: Führerschein der Klasse B.
Werde Teil von EVO!
Wenn du beruflich etwas erreichen möchtest und Lust auf eine spannende Ausbildung hast, freuen wir uns auf deine Bewerbung per Post oder E-Mail.
Arbeitsorte
Karte anzeigen
Ludwig-Bölkow-Str. 15, 73568 Durlangen
Unternehmensdarstellung: EVO Informationssysteme GmbH
EVO Informationssysteme GmbH
Hauptsitz
Durlangen
Die EVO Informationssysteme GmbH
entwickelt seit den 1990er Jahren Softwarelösungen exklusiv für die Fertigungsindustrie in Europa.
Die Softwareanwendungen sind einfach zu bedienende, schlüsselfertige Lösungen, die sich bei unzähligen Installationen in der Fertigungsindustrie bereits bewährt haben.
Unsere Ingenieure, Softwareentwickler und Techniker kommen aus der Industrie und der Informationstechnologie. Sie entwickeln täglich in Teams komplexe Strukturen, Zusammenhänge und Prozesse.
Vorteile für Mitarbeitende
Flexible Arbeitszeiten
Homeoffice / Mobiles Arbeiten
Vermögenswirksame Leistungen
Firmenevents
Sonderzahlungen
Weiterbildungen
Betriebliche Altersvorsorge
Dienstwagen
Kantine
Mitgestaltungsmöglichkeiten
Parkmöglichkeiten
Moderne technische Ausstattung
Die abgebildeten Vorteile für Mitarbeitende können je nach Abteilung und Position variieren.
Alle Stellen anzeigenIn neuem Tab öffnen
Webseiten
Homepage
Karriereseite
YouTube
LinkedIn
Informationen zur Bewerbung
Sicherheitsabfrage",,,empty,,javascript:,javascript:,javascript:,externe,"Wir schützen die Kontaktdaten des Arbeitgebers vor unerlaubten Zugriffen. Bitte geben Sie die dargestellten Zeichen in das Textfeld ein, um die Kontaktdaten des Arbeitgebers anzuzeigen.
Anderes Bild laden
Audioversion abspielen
Hinweis: Die dargestellten Zeichen enthalten keine Umlaute (ä, ö, ü oder ß), Sonderzeichen oder Leerzeichen.
Dargestellte Zeichen
Absenden
Fußbereich
Stelle betreut durch die BA
Referenz-Nr.: 10000-1205933150-S
Verstoß melden",,,ausbildungsstellen_de,https://www.arbeitsagentur.de/jobsuche/jobdetail/10000-1205933150-S,False,,40,,,,2026-06-13T10:48:42.580233+00:00
ASD-990610003716083000,ausbildungsstellen_ae,EVOMOTIV Ulm GmbH,,,,"Ausbildung

Unser Magazin bietet Ihnen eine Fülle von Informationen und Beratung zu Karrieremöglichkeiten. Wir informieren Sie über die aktuellen Trends und Entwicklungen auf dem Arbeitsmarkt und helfen Ihnen, Ihre beruflichen Ziele zu erreichen. Wir bieten Ihnen auch eine Vielzahl an Tipps, mit denen Sie Ihre Karriere vorantreiben können.
Karrieretipps
© Romolo Tavani | shutterstock.com
Karrierestart: 5 Tipps für Berufseinsteiger
Besonders ganz am Anfang der Karriere kann es schwierig werden: Gar nicht so leicht, sich in der Arbeitswelt zurechtzufinden. Schule, Ausbildung und Studium bereiten Sie theoretisch auf die...
© YAKOBCHUK VIACHESLAV | shutterstock.com
Soft Skills: Für mehr Erfolg im Berufsleben
Im Job spielen zum einen die absolvierte Ausbildung und die fachlichen Qualifikationen eine wichtige Rolle. Doch mindestens ebenso wichtig sind die charakterlichen und persönlichen Eigenschaften,...
© Bojan Milinkov | shutterstock.com
Warum Sie sich über jede Beschwerde freuen sollten
Kundenbeschwerden sind für viele Arbeitnehmer der absolute Horror. Die eigentliche Arbeit muss stehen und liegen gelassen werden, nur damit ein sogenannter „Wutbürger“ seinen...
© Rawpixel.com | shutterstock.com
Tipps für das Networking: So wichtig ist Vitamin B im Job
Die wirklich guten Aufträge bekommt man nicht, weil man besonders fleißig und ehrgeizig ist. Man bekommt sie, weil man jemanden kennt, der jemanden kennt, der genau Sie für sein...
© G-Stock Studio | shutterstock.com
Mit den neuesten Kommunikationstricks zur Traumkarriere
Beruflicher Erfolg hängt oft von der verbalen und nonverbalen Kommunikation eines Arbeitnehmers ab. Wie sieht es mit Ihrer Kommunikationskompetenz aus? Wussten Sie, dass Sie mit ein Paar...
© Miha Creative | shutterstock.com
Hohes Gehalt ohne Studium: Berufe mit guter Bezahlung
Viele Menschen schlagen die akademische Laufbahn ein, um sich auf dem Arbeitsmarkt eine bessere Verhandlungsgrundlage in Sachen Verdienst zu schaffen. Doch ist ein Studium wirklich nötig, um in...
Bewerbungstipps
Die Bewerbung ist der erste Schritt auf dem Weg zu einem neuen Job. Eine überzeugende Bewerbung ist dabei oft entscheidend für den Erfolg. Doch wie schreibt man eigentlich eine erfolgreiche Bewerbung? Welche Fehler sollte man vermeiden und welche Tipps gibt es, um positiv aufzufallen? In unseren Artikeln werden wichtige Tipps rund um das Thema Bewerbung vorgestellt, die Ihnen dabei helfen sollen, eine überzeugende Bewerbung zu erstellen und im Bewerbungsprozess erfolgreich zu sein. Von der richtigen Vorbereitung bis hin zum erfolgreichen Vorstellungsgespräch - hier finden Sie alle wichtigen Informationen, um erfolgreich in Ihre berufliche Zukunft zu starten.
Bewerbungstipps
© bernatets photo | shutterstock.com
Tipps für eine erfolgreiche Bewerbung",,,Ausbildung,non_fi,,"Unser Magazin bietet Ihnen eine Fülle von Informationen und Beratung zu Karrieremöglichkeiten. Wir informieren Sie über die aktuellen Trends und Entwicklungen auf dem Arbeitsmarkt und helfen Ihnen, Ihre beruflichen Ziele zu erreichen. Wir bieten Ihnen auch eine Vielzahl an Tipps, mit denen Sie Ihre Karriere vorantreiben können.
Karrieretipps
© Romolo Tavani | shutterstock.com
Karrierestart: 5 Tipps für Berufseinsteiger
Besonders ganz am Anfang der Karriere kann es schwierig werden: Gar nicht so leicht, sich in der Arbeitswelt zurechtzufinden. Schule, Ausbildung und Studium bereiten Sie theoretisch auf die...
© YAKOBCHUK VIACHESLAV | shutterstock.com
Soft Skills: Für mehr Erfolg im Berufsleben
Im Job spielen zum einen die absolvierte Ausbildung und die fachlichen Qualifikationen eine wichtige Rolle. Doch mindestens ebenso wichtig sind die charakterlichen und persönlichen Eigenschaften,...
© Bojan Milinkov | shutterstock.com
Warum Sie sich über jede Beschwerde freuen sollten
Kundenbeschwerden sind für viele Arbeitnehmer der absolute Horror. Die eigentliche Arbeit muss stehen und liegen gelassen werden, nur damit ein sogenannter „Wutbürger“ seinen...
© Rawpixel.com | shutterstock.com
Tipps für das Networking: So wichtig ist Vitamin B im Job
Die wirklich guten Aufträge bekommt man nicht, weil man besonders fleißig und ehrgeizig ist. Man bekommt sie, weil man jemanden kennt, der jemanden kennt, der genau Sie für sein...
© G-Stock Studio | shutterstock.com
Mit den neuesten Kommunikationstricks zur Traumkarriere
Beruflicher Erfolg hängt oft von der verbalen und nonverbalen Kommunikation eines Arbeitnehmers ab. Wie sieht es mit Ihrer Kommunikationskompetenz aus? Wussten Sie, dass Sie mit ein Paar...
© Miha Creative | shutterstock.com
Hohes Gehalt ohne Studium: Berufe mit guter Bezahlung
Viele Menschen schlagen die akademische Laufbahn ein, um sich auf dem Arbeitsmarkt eine bessere Verhandlungsgrundlage in Sachen Verdienst zu schaffen. Doch ist ein Studium wirklich nötig, um in...
Bewerbungstipps
Die Bewerbung ist der erste Schritt auf dem Weg zu einem neuen Job. Eine überzeugende Bewerbung ist dabei oft entscheidend für den Erfolg. Doch wie schreibt man eigentlich eine erfolgreiche Bewerbung? Welche Fehler sollte man vermeiden und welche Tipps gibt es, um positiv aufzufallen? In unseren Artikeln werden wichtige Tipps rund um das Thema Bewerbung vorgestellt, die Ihnen dabei helfen sollen, eine überzeugende Bewerbung zu erstellen und im Bewerbungsprozess erfolgreich zu sein. Von der richtigen Vorbereitung bis hin zum erfolgreichen Vorstellungsgespräch - hier finden Sie alle wichtigen Informationen, um erfolgreich in Ihre berufliche Zukunft zu starten.
Bewerbungstipps
© bernatets photo | shutterstock.com
Tipps für eine erfolgreiche Bewerbung",,,empty,,https://www.backinjob.de/bewerbungstipps/,https://www.backinjob.de/bewerbungstipps/,https://www.backinjob.de/bewerbungstipps/,externe,,"In der Regel sind Sie bei einer Bewerbung auf eine Stelle nicht der einzige Kandidat, der seine Unterlagen beim potenziellen Arbeitgeber einreicht. Um sich von anderen Bewerbern abzuheben und...
© Tero Vesalainen | shutterstock.com
Das Anschreiben - Die erste Seite der Bewerbung
Jede Bewerbung beginnt mit dem Anschreiben. Um die Aufmerksamkeit und die Neugier des Personalverantwortlichen zu wecken, ist es wichtig, dass Sie die „Erste Seite“ Ihrer Bewerbung effektiv...
© Production Perig | shutterstock.com
Nur Absagen auf Ihre Bewerbung? Was in diesem Fall zu tun ist
Gute Zeugnisse, ein fehlerfreies Anschreiben und keine Lücke im Lebenslauf. Trotzdem hagelt es eine Bewerbungsabsage nach der anderen? Da sind Sie nicht alleine! Für viele Menschen ist die...
© fizkes | shutterstock.com
Wie finden Sie eine passende Stelle?
Die Möglichkeiten sich nach einer passenden Stelle umzusehen sind vielfältig. Zunächst kommt es darauf an zu wissen, was man möchte. Suchen Sie nach einer bestimmten Position? Möchten Sie erst...
Die 50 größten Städte mit den meisten freien Stellen in Deutschland.
Erfolg und Karriere bedeuten auch häufig, zur richtigen Zeit am richtigen Ort zu sein. In Deutschland gibt es viele große Städte, die mit unterschiedlichen Vorzügen punkten und mit ihrem Charme die Bewohner und Arbeitswelt verzaubern.
Doch in welcher deutschen Großstadt lässt es sich am besten arbeiten und leben? Wo finden Sie das größte Angebot an freien Stellen und Jobs? Was ist Ihnen an Ihrem Arbeitsort wichtig und macht für Sie eine Stadt aus?
Die beste Stadt definiert wohl jeder anders: Für viele Arbeitnehmer*innen sind Gehälter, Arbeitgeber Standortvorteile und Arbeitsbedingungen entscheidend, für andere spielen Umgebung, Lebensqualität und das Angebot an kulturellen sowie sozialen Aktivitäten eine Rolle. Für viele Menschen sind auch die Punkte Kriminalität, Lebensqualität und Klimaschutz ausschlaggebend.
In welche Großstadt zieht es Sie zum Arbeiten und welche Vorteile bringt Ihr Arbeitsort mit sich?
Entdecken Sie in dieser Übersicht die 50 größten Städte mit den meisten Jobs in Deutschland. Finden Sie freie Stellen in einer der Stadt Ihrer Wahl und informieren Sie sich über Ihre Möglichkeiten. Viel Erfolg bei der Jobsuche!
Berlin
Hamburg
München
Köln
Frankfurt am Main
Stuttgart
Düsseldorf
Dortmund
Essen
Bremen
Leipzig
Dresden
Hannover
Nürnberg
Duisburg
Bochum
Wuppertal
Bonn
Bielefeld
Mannheim
Karlsruhe
Wiesbaden
Augsburg
Aachen
Mönchengladbach
Gelsenkirchen
Braunschweig
Chemnitz
Kiel
Krefeld
Halle (Saale)
Magdeburg
Freiburg im Breisgau
Oberhausen
Lübeck
Erfurt
Rostock
Mainz
Kassel
Hagen
Hamm
Saarbrücken
Mülheim an der Ruhr
Ludwigshafen am Rhein
Osnabrück
Herne
Oldenburg (Oldenburg)
Leverkusen
Solingen
Potsdam
Für Jobsuchende
Stellengesuch aufgeben
Datenschutzerklärung
Arbeitgeberübersicht von A bis Z
Für Arbeitgeber
Stellenanzeigen schalten
AGB
Über uns
Impressum
Presse
Unsere Auszeichnungen
backinjob.de 2002 - 2026
Wir nutzen Cookies
Um das Nutzererlebnis und die Performance unserer Seiten zu verbessern, nutzen wir Cookies. Auch werden Cookies für Marketingzwecke eingesetzt. Um Inhalte von anderen Seiten einzublenden, ist eine Cookienutzung ebenfalls nötig. Weitere Details finden Sie unter Einstellungen und in unserer Datenschutzerklärung.
Akzeptieren
Einstellungen",,ausbildungsstellen_de,https://www.backinjob.de/,False,,40,,,,2026-06-13T09:46:25.340432+00:00
ASD-999960000747432797,ausbildungsstellen_ae,Mesutronic GmbH,,,,Stellendetails zu: Ausbildung 2026 - Praktikum möglich,,,Ausbildung | Stellendetails zu: 2026 - Praktikum möglich,non_fi,,,,,empty,erwin.engl@mesutronic.de,javascript:,javascript:,javascript:,externe,"Ansprechpartner
Herr Erwin Engl
Kaufmännischer Leiter
E-Mail: erwin.engl@mesutronic.de
Wir freuen uns auf Deine Bewerbung!
Gerne kannst du auch vorab bei uns ein Praktikum absolvieren.
Arbeitsorte
Karte anzeigen
Hackenfeld 13, 94259 Kirchberg i. Wald
Unternehmensdarstellung: Mesutronic GmbH
Mesutronic GmbH
Alle Stellen anzeigen
Webseiten
Homepage
Informationen zur Bewerbung
Sicherheitsabfrage
Wir schützen die Kontaktdaten des Arbeitgebers vor unerlaubten Zugriffen. Bitte geben Sie die dargestellten Zeichen in das Textfeld ein, um die Kontaktdaten des Arbeitgebers anzuzeigen.
Anderes Bild laden
Audioversion abspielen
Hinweis: Die dargestellten Zeichen enthalten keine Umlaute (ä, ö, ü oder ß), Sonderzeichen oder Leerzeichen.
Dargestellte Zeichen
Absenden
Fußbereich
Stelle betreut durch die BA
Referenz-Nr.: 10000-1203210819-S
Verstoß melden",,,ausbildungsstellen_de,https://www.arbeitsagentur.de/jobsuche/jobdetail/10000-1203210819-S,False,,40,,,,2026-06-13T10:48:57.291421+00:00
ASD-999960000718631164,ausbildungsstellen_ae,Apotechnik GmbH,,,,Stellendetails zu: Ausbildung 2026,,,Ausbildung | Stellendetails zu: 2026,non_fi,,,,,empty,,javascript:,javascript:,javascript:,externe,"Wir schützen die Kontaktdaten des Arbeitgebers vor unerlaubten Zugriffen. Bitte geben Sie die dargestellten Zeichen in das Textfeld ein, um die Kontaktdaten des Arbeitgebers anzuzeigen.
Anderes Bild laden
Audioversion abspielen
Hinweis: Die dargestellten Zeichen enthalten keine Umlaute (ä, ö, ü oder ß), Sonderzeichen oder Leerzeichen.
Dargestellte Zeichen
Absenden
Fußbereich
Stelle betreut durch die BA
Referenz-Nr.: 10000-1204212821-S
Verstoß melden",,,ausbildungsstellen_de,https://www.arbeitsagentur.de/jobsuche/jobdetail/10000-1204212821-S,False,,33,,,,2026-06-13T10:48:12.824415+00:00
ASD-999960000561553594,ausbildungsstellen_ae,Christ Akademie Aus- und Weiterbildungs-GmbH,,,,Stellendetails zu: Ausbildungsstelle 2026,,,Ausbildung | Stellendetails zu: Ausbildungsstelle 2026,non_fi,,,,,empty,,javascript:,javascript:,javascript:,externe,"Wir schützen die Kontaktdaten des Arbeitgebers vor unerlaubten Zugriffen. Bitte geben Sie die dargestellten Zeichen in das Textfeld ein, um die Kontaktdaten des Arbeitgebers anzuzeigen.
Anderes Bild laden
Audioversion abspielen
Hinweis: Die dargestellten Zeichen enthalten keine Umlaute (ä, ö, ü oder ß), Sonderzeichen oder Leerzeichen.
Dargestellte Zeichen
Absenden
Fußbereich
Stelle betreut durch die BA
Referenz-Nr.: 10000-1202578031-S
Verstoß melden",,,ausbildungsstellen_de,https://www.arbeitsagentur.de/jobsuche/jobdetail/10000-1202578031-S,False,,33,,,,2026-06-13T10:44:52.448065+00:00
ASD-999960000721647043,ausbildungsstellen_ae,Christ Akademie Aus- und Weiterbildungs-GmbH,,,,Stellendetails zu: Ausbildungsstelle 2027,,,Ausbildung | Stellendetails zu: Ausbildungsstelle 2027,non_fi,,,,,empty,,javascript:,javascript:,javascript:,externe,"Wir schützen die Kontaktdaten des Arbeitgebers vor unerlaubten Zugriffen. Bitte geben Sie die dargestellten Zeichen in das Textfeld ein, um die Kontaktdaten des Arbeitgebers anzuzeigen.
Anderes Bild laden
Audioversion abspielen
Hinweis: Die dargestellten Zeichen enthalten keine Umlaute (ä, ö, ü oder ß), Sonderzeichen oder Leerzeichen.
Dargestellte Zeichen
Absenden
Fußbereich
Stelle betreut durch die BA
Referenz-Nr.: 10000-1206494106-S
Verstoß melden",,,ausbildungsstellen_de,https://www.arbeitsagentur.de/jobsuche/jobdetail/10000-1206494106-S,False,,33,,,,2026-06-13T10:48:18.781367+00:00
ASD-999960000555251319,ausbildungsstellen_ae,Eisen-Fischer GmbH,,,,Stellendetails zu: Ausbildung 2027,,,Ausbildung | Stellendetails zu: 2027,non_fi,,,,,empty,,javascript:,javascript:,javascript:,externe,"Wir schützen die Kontaktdaten des Arbeitgebers vor unerlaubten Zugriffen. Bitte geben Sie die dargestellten Zeichen in das Textfeld ein, um die Kontaktdaten des Arbeitgebers anzuzeigen.
Anderes Bild laden
Audioversion abspielen
Hinweis: Die dargestellten Zeichen enthalten keine Umlaute (ä, ö, ü oder ß), Sonderzeichen oder Leerzeichen.
Dargestellte Zeichen
Absenden
Fußbereich
Stelle betreut durch die BA
Referenz-Nr.: 10000-1205378546-S
Verstoß melden",,,ausbildungsstellen_de,https://www.arbeitsagentur.de/jobsuche/jobdetail/10000-1205378546-S,False,,33,,,,2026-06-13T10:44:36.768853+00:00
ASD-999960000502825598,ausbildungsstellen_ae,Fahrzeugwerk Bernard Krone GmbH & Co. KG,,,,Stellendetails zu: Ausbildung 2026 / Praktikum möglich,,,Ausbildung | Stellendetails zu: 2026 / Praktikum möglich,non_fi,,,,,empty,,https://career5.successfactors.eu/career?&company=Krone&career_ns=job_application&career_job_req_id=8445&jobPipeline=Direct,https://career5.successfactors.eu/career?&company=Krone&career_ns=job_application&career_job_req_id=8445&jobPipeline=Direct,https://career5.successfactors.eu/career?&company=Krone&career_ns=job_application&career_job_req_id=8445&jobPipeline=Direct,externe,"Als Fachinformatiker für Systemintegration (m/w/d) bei KRONE bekommst Du die Grundlagen der Informatik vermittelt und arbeitest in einem der größten IT-Systemhäuser der Region. Du durchläufst verschiedene Abteilungen und lernst so alle Bereiche der IT- Technik kennen. Gerade in Betrieben mit vielen Mitarbeitern und einer großen Auswahl an technischem Zubehör kommen täglich viele kleinere aber auch größere Aufgaben auf Dich zu. Von Laptop über Drucker bis Beamer und PCs. Du bist der erste Ansprechpartner wenn es um bestimmte Anliegen geht.
Dauer der Ausbildung
3 Jahre
Du lernst
First-Level-Support – Unterstützung der Anwender bei Fragen & Problemen im Hard- und Softwarebereich
Planen, installieren, konfigurieren und warten von Informations- und Telekommunikationstechnik
Fehleranalysen
Softwareinstallationen
Mögliche Einsatzgebiete während der Ausbildung
Service Desk
On-Site-Support für die Hauptstandorte
Datacenter
IT Communications
Retail
Client Management
IT-Security
Da das KRONE Business Center für die IT in der gesamten KRONE Gruppe zuständig ist, kann es temporär zu Einsätzen an verschiedenen Standorten kommen, allerdings ist der einstellende Standort der Hauptstandort.
Du bringst mit
Realschulabschluss
Gute Noten in Mathematik und Englisch
Kommunikatives Auftreten
Selbstständiges und verantwortungsbewusstes Arbeiten
Mögliche Berufsschulstandorte
Nordhorn
Meppen
Ibbenbüren
oder andere Schulen nach Absprache
Du fühlst dich angesprochen? Dann freut sich
Stefanie Snaadt
von KRONE Business Center DigITal GmbH & Co.KG auf deine Online-Bewerbung und beantwortet vorab Fragen.
(0049) 5977 935 18855
Mehr anzeigen
Arbeitsorte
Karte anzeigen
Bernard-Krone-Str. 1, 49757 Werlte, Emsland
Unternehmensdarstellung: Fahrzeugwerk Bernard Krone GmbH & Co. KG
Fahrzeugwerk Bernard Krone GmbH & Co. KG
Hauptsitz
Werlte, Emsland
Alle Stellen anzeigenIn neuem Tab öffnen
Webseiten
Karriereseite
Informationen zur Bewerbung
Sicherheitsabfrage
Wir schützen die Kontaktdaten des Arbeitgebers vor unerlaubten Zugriffen. Bitte geben Sie die dargestellten Zeichen in das Textfeld ein, um die Kontaktdaten des Arbeitgebers anzuzeigen.
Anderes Bild laden
Audioversion abspielen
Hinweis: Die dargestellten Zeichen enthalten keine Umlaute (ä, ö, ü oder ß), Sonderzeichen oder Leerzeichen.
Dargestellte Zeichen
Absenden
Fußbereich
Stelle betreut durch die BA
Referenz-Nr.: 10000-1203702129-S
Verstoß melden",,,ausbildungsstellen_de,https://www.arbeitsagentur.de/jobsuche/jobdetail/10000-1203702129-S,False,,33,,,,2026-06-13T10:43:35.081677+00:00
ASD-999960000555884603,ausbildungsstellen_ae,GEDIA Gebrüder Dingerkus GmbH,,,,"Stellendetails zu: Ausbildung 2027; Praktikum möglich

Das erwartet Dich bei GEDIA
Du bist Teil unseres IT-Teams
Du bekommst eine IT- Grundausstattung (Laptop und Smartphone)
Du erhältst Einblicke in weitere kaufmännische Bereiche (z.B. Projekteinkauf)
Du nimmst an in- und externen Schulungsmaßnahmen teil (z.B. MS-Office-Schulungen oder fachspezifische IT-Seminare)
Du absolvierst ein dreiwöchiges Praktikum in einem GEDIA Auslandsstandort und sammelst wertvolle internationale Erfahrungen
Du hast flexible Arbeitszeiten, da du in einem Gleitzeitmodell arbeitest
Das Wichtigste im Überblick
Ausbildungsdauer:
3 Jahre
Unterrichtsform:
Teilzeitunterricht in Siegen
Anforderungen:
Allgemeine Hochschul- oder Fachhochschulreife, IT-Kenntnisse
Arbeitsorte
Karte anzeigen
Rötgenstraße 2-4, 57439 Attendorn
Unternehmensdarstellung: GEDIA Gebrüder Dingerkus GmbH
GEDIA Gebrüder Dingerkus GmbH
Alle Stellen anzeigen
Webseiten
Homepage
Informationen zur Bewerbung
Sicherheitsabfrage",,,Ausbildung | Stellendetails zu: 2027; Praktikum möglich,non_fi,,,,,empty,,javascript:,javascript:,javascript:,externe,"Wir schützen die Kontaktdaten des Arbeitgebers vor unerlaubten Zugriffen. Bitte geben Sie die dargestellten Zeichen in das Textfeld ein, um die Kontaktdaten des Arbeitgebers anzuzeigen.
Anderes Bild laden
Audioversion abspielen
Hinweis: Die dargestellten Zeichen enthalten keine Umlaute (ä, ö, ü oder ß), Sonderzeichen oder Leerzeichen.
Dargestellte Zeichen
Absenden
Fußbereich
Stelle betreut durch die BA
Referenz-Nr.: 10000-1205548320-S
Verstoß melden",,,ausbildungsstellen_de,https://www.arbeitsagentur.de/jobsuche/jobdetail/10000-1205548320-S,False,,33,,,,2026-06-13T10:44:40.096171+00:00
ASD-999960000711547071,ausbildungsstellen_ae,,,,,Stellendetails zu: Ausbildung 2026,,,Ausbildung | Stellendetails zu: 2026,non_fi,,,,,empty,,javascript:,javascript:,javascript:,externe,"Wenn Du jetzt auch noch den Kundenkontakt schätzt, solltest du dich unbedingt bei uns bewerben!
Deine Bewerbung richtest du bitte schriftlich an Rainer Braker.
Arbeitsorte
Karte anzeigen
Bahnhofstr. 24, 24647 Wasbek
Unternehmensdarstellung: Möhle und Braker Datentechnik GbR
Möhle und Braker Datentechnik GbR
Alle Stellen anzeigen
Webseiten
Homepage
Informationen zur Bewerbung
Sicherheitsabfrage
Wir schützen die Kontaktdaten des Arbeitgebers vor unerlaubten Zugriffen. Bitte geben Sie die dargestellten Zeichen in das Textfeld ein, um die Kontaktdaten des Arbeitgebers anzuzeigen.
Anderes Bild laden
Audioversion abspielen
Hinweis: Die dargestellten Zeichen enthalten keine Umlaute (ä, ö, ü oder ß), Sonderzeichen oder Leerzeichen.
Dargestellte Zeichen
Absenden
Fußbereich
Stelle betreut durch die BA
Referenz-Nr.: 10000-1206380338-S
Verstoß melden",,,ausbildungsstellen_de,https://www.arbeitsagentur.de/jobsuche/jobdetail/10000-1206380338-S,False,,27,,,,2026-06-13T10:47:57.380721+00:00
ASD-990610001476379837,ausbildungsstellen_ae,,,,,,,,,non_fi,,,,,empty,[no address given],,,,none,,,,ausbildungsstellen_de,https://www.arbeitsagentur.de/jobsuche/jobdetail/10000-1206387510-S,False,,7,,,,2026-06-13T09:41:45.241638+00:00
ASD-990610001497214439,ausbildungsstellen_ae,,,,,,,,,non_fi,,,,,empty,[no address given],,,,none,,,,ausbildungsstellen_de,https://www.arbeitsagentur.de/jobsuche/jobdetail/10001-1001638496-S,False,,7,,,,2026-06-13T09:41:50.405822+00:00
ASD-990610001611817341,ausbildungsstellen_ae,,,,,,,,,non_fi,,,,,empty,[no address given],,,,none,,,,ausbildungsstellen_de,https://www.arbeitsagentur.de/jobsuche/jobdetail/12462-1581765-1-S,False,,7,,,,2026-06-13T09:41:58.338904+00:00
ASD-990610001628094990,ausbildungsstellen_ae,,,,,,,,,non_fi,,,,,empty,[no address given],,,,none,,,,ausbildungsstellen_de,https://www.arbeitsagentur.de/jobsuche/jobdetail/10000-1206387666-S,False,,7,,,,2026-06-13T09:42:03.565935+00:00
ASD-990610001635114836,ausbildungsstellen_ae,,,,,,,,,non_fi,,,,,empty,[no address given],,,,none,,,,ausbildungsstellen_de,https://www.arbeitsagentur.de/jobsuche/jobdetail/10000-1206387734-S,False,,7,,,,2026-06-13T09:42:06.122004+00:00
ASD-990610001657363085,ausbildungsstellen_ae,,,,,,,,,non_fi,,,,,empty,[no address given],,,,none,,,,ausbildungsstellen_de,https://www.arbeitsagentur.de/jobsuche/jobdetail/10000-1206387666-S,False,,7,,,,2026-06-13T09:42:08.670513+00:00
ASD-990610001670227143,ausbildungsstellen_ae,,,,,,,,,non_fi,,,,,empty,[no address given],,,,none,,,,ausbildungsstellen_de,https://www.arbeitsagentur.de/jobsuche/jobdetail/10001-1003196089-S,False,,7,,,,2026-06-13T09:42:11.286307+00:00
ASD-990610001681243623,ausbildungsstellen_ae,,,,,,,,,non_fi,,,,,empty,[no address given],,,,none,,,,ausbildungsstellen_de,https://www.arbeitsagentur.de/jobsuche/jobdetail/12462-1582918-1-S,False,,7,,,,2026-06-13T09:42:13.802930+00:00
ASD-999960001946751288,ausbildungsstellen_ae,,,,,,,,,non_fi,,,,,empty,[no address given],,,,none,,,,ausbildungsstellen_de,https://www.arbeitsagentur.de/jobsuche/jobdetail/10000-1206180417-S,False,,7,,,,2026-06-13T11:12:59.178800+00:00
ASD-999960001955990452,ausbildungsstellen_ae,,,,,,,,,non_fi,,,,,empty,[no address given],,,,none,,,,ausbildungsstellen_de,https://www.arbeitsagentur.de/jobsuche/jobdetail/10000-1204746140-S,False,,7,,,,2026-06-13T11:13:04.440327+00:00
ASD-999960001990573211,ausbildungsstellen_ae,,,,,,,,,non_fi,,,,,empty,[no address given],,,,none,,,,ausbildungsstellen_de,https://www.arbeitsagentur.de/jobsuche/jobdetail/10000-1200381641-S,False,,7,,,,2026-06-13T11:13:34.071986+00:00
ASD-999960001996509463,ausbildungsstellen_ae,,,,,,,,,non_fi,,,,,empty,[no address given],,,,none,,,,ausbildungsstellen_de,https://www.arbeitsagentur.de/jobsuche/jobdetail/10000-1203270141-S,False,,7,,,,2026-06-13T11:13:57.844266+00:00
ASD-999960002002037832,ausbildungsstellen_ae,,,,,,,,,non_fi,,,,,empty,[no address given],,,,none,,,,ausbildungsstellen_de,https://www.arbeitsagentur.de/jobsuche/jobdetail/10001-1001819903-S,False,,7,,,,2026-06-13T11:14:08.380731+00:00
ASD-999960002045591959,ausbildungsstellen_ae,,,,,,,,,non_fi,,,,,empty,[no address given],,,,none,,,,ausbildungsstellen_de,https://www.arbeitsagentur.de/jobsuche/jobdetail/10001-1002926582-S,False,,7,,,,2026-06-13T11:14:53.459225+00:00
ASD-999960002265177980,ausbildungsstellen_ae,,,,,,,,,non_fi,,,,,empty,[no address given],,,,none,,,,ausbildungsstellen_de,https://www.arbeitsagentur.de/jobsuche/jobdetail/10000-1206366165-S,False,,7,,,,2026-06-13T11:19:26.864149+00:00
ASD-999960002385067145,ausbildungsstellen_ae,,,,,,,,,non_fi,,,,,empty,[no address given],,,,none,,,,ausbildungsstellen_de,https://www.arbeitsagentur.de/jobsuche/jobdetail/10000-1205494271-S,False,,7,,,,2026-06-13T11:21:59.387631+00:00
ASD-999960002972713635,ausbildungsstellen_ae,,,,,,,,,non_fi,,,,,empty,[no address given],,,,none,,,,ausbildungsstellen_de,https://www.arbeitsagentur.de/jobsuche/jobdetail/10000-1206369363-S,False,,7,,,,2026-06-13T11:35:07.798815+00:00
ASD-999960003197377166,ausbildungsstellen_ae,,,,,,,,,non_fi,,,,,empty,[no address given],,,,none,,,,ausbildungsstellen_de,https://www.arbeitsagentur.de/jobsuche/jobdetail/10000-1204190954-S,False,,7,,,,2026-06-13T11:39:15.185175+00:00
ASD-999960003262036006,ausbildungsstellen_ae,,,,,,,,,non_fi,,,,,empty,[no address given],,,,none,,,,ausbildungsstellen_de,https://www.arbeitsagentur.de/jobsuche/jobdetail/10001-1002926565-S,False,,7,,,,2026-06-13T11:40:25.873176+00:00
ASD-999960003517924554,ausbildungsstellen_ae,,,,,,,,,non_fi,,,,,empty,[no address given],,,,none,,,,ausbildungsstellen_de,https://www.arbeitsagentur.de/jobsuche/jobdetail/10000-1206068614-S,False,,7,,,,2026-06-13T11:45:48.185480+00:00
ASD-999960003558198356,ausbildungsstellen_ae,,,,,,,,,non_fi,,,,,empty,[no address given],,,,none,,,,ausbildungsstellen_de,https://www.arbeitsagentur.de/jobsuche/jobdetail/10000-1205527112-S,False,,7,,,,2026-06-13T11:46:25.476070+00:00
ASD-999960003738262582,ausbildungsstellen_ae,,,,,,,,,non_fi,,,,,empty,[no address given],,,,none,,,,ausbildungsstellen_de,https://www.arbeitsagentur.de/jobsuche/jobdetail/10000-1206365830-S,False,,7,,,,2026-06-13T11:49:40.371176+00:00
ASD-999960004044478615,ausbildungsstellen_ae,,,,,,,,,non_fi,,,,,empty,[no address given],,,,none,,,,ausbildungsstellen_de,https://www.arbeitsagentur.de/jobsuche/jobdetail/10000-1203858372-S,False,,7,,,,2026-06-13T11:56:07.089692+00:00
ASD-990610004262902814,ausbildungsstellen_ae,DATAGROUP Rhein-Main GmbH,,,,"Duales Studium (ausbildungs­integrierend)Beginn ab 01.08.2026

Was wir bieten
Du erlangst vielfältige Erfahrung durch regelmäßige Teamwechsel und Einbindung in spannende Kundenprojekte.
Unsere Ausbildungsleitung sowie ein individueller Ausbildungsplan begleiten dich durch deine Zeit als Nachwuchskraft bei uns.
Dich erwartet eine hochwertige IT-Ausstattung (u.a. iPhone mit Dual Sim Funktion und MacBook).
Im Rahmen unseres Azubi-Schulungskatalogs besuchst du Seminare, in denen unsere erfahrenen Kolleg*innen ihr Wissen mit dir teilen.
Durch flexible Arbeitszeiten und 30 Tage Urlaub im Jahre fördern wir deine Work-Life-Balance.
Wir bieten hohe Übernahmechancen bei guten Leistungen.
Neben unseren Mitarbeitendenevents warten auch exklusive Azubi-Events auf dich.
Wir übernehmen die Kosten deiner Schulbücher.
Mehr Informationen und weitere Benefits findest du hier: DATAGROUP in Ingelheim.
Wir bieten maßgeschneiderte IT-Lösungen und umfassende Services aus einer Hand – von individueller Beratung und Konzeption über die Umsetzung bis hin zur Betreuung und Wartung von IT-Umgebungen. Unsere Expertise umfasst Shared Services, Support Services, Consulting Services und Service Management.
Für unsere 330 Mitarbeiter*innen ist Digitalisierung kein Modewort, sondern Kerngeschäft. Unter der Geschäftsführung von Sebastian Schmalenbach setzen wir auf die neuesten Technologien und Trends, um unseren Kunden stets die besten Lösungen zu bieten.
Unsere Arbeitskultur zeichnet sich durch zahlreiche Handlungsspielräume und vielfältige Weiterentwicklungsmöglichkeiten aus. Flexible Arbeitszeiten und die Vereinbarkeit von Beruf und Familie sind für uns selbstverständlich. Unsere positive Arbeitsatmosphäre, unterstützt durch kompetente und glaubwürdige Führungskräfte, wird von unserer Crew sehr geschätzt. Wir arbeiten kontinuierlich daran, die Zufriedenheit unserer Mitarbeiter*innen zu steigern und integrieren dies in unsere Zukunftsstrategie
Vorteile für Mitarbeitende
Jährliches Mitarbeitergespräch
IT-Schulungskatalog (kostenfrei)
Mentorenprogramm/Coaching
Flexible Arbeitszeiten
Homeoffice / Mobiles Arbeiten
Firmenevents
Rabatte für Mitarbeitende
Sport- und Gesundheitsangebote
Weiterbildungen
Betriebliche Altersvorsorge
Dienstwagen
Mitgestaltungsmöglichkeiten
Parkmöglichkeiten
Gute Verkehrsanbindung
Moderne technische Ausstattung
Die abgebildeten Vorteile für Mitarbeitende können je nach Abteilung und Position variieren.
Alle Stellen anzeigenIn neuem Tab öffnen
Webseiten
Homepage
Karriereseite
Social Media Seiten
Informationen zur Bewerbung
Sicherheitsabfrage",,,Ausbildung | Duales Studium (ausbildungs­integrierend)Beginn ab 01.08.2026,dual,,"Was wir bieten
Du erlangst vielfältige Erfahrung durch regelmäßige Teamwechsel und Einbindung in spannende Kundenprojekte.
Unsere Ausbildungsleitung sowie ein individueller Ausbildungsplan begleiten dich durch deine Zeit als Nachwuchskraft bei uns.
Dich erwartet eine hochwertige IT-Ausstattung (u.a. iPhone mit Dual Sim Funktion und MacBook).
Im Rahmen unseres Azubi-Schulungskatalogs besuchst du Seminare, in denen unsere erfahrenen Kolleg*innen ihr Wissen mit dir teilen.
Durch flexible Arbeitszeiten und 30 Tage Urlaub im Jahre fördern wir deine Work-Life-Balance.
Wir bieten hohe Übernahmechancen bei guten Leistungen.
Neben unseren Mitarbeitendenevents warten auch exklusive Azubi-Events auf dich.
Wir übernehmen die Kosten deiner Schulbücher.
Mehr Informationen und weitere Benefits findest du hier: DATAGROUP in Ingelheim.
Wir bieten maßgeschneiderte IT-Lösungen und umfassende Services aus einer Hand – von individueller Beratung und Konzeption über die Umsetzung bis hin zur Betreuung und Wartung von IT-Umgebungen. Unsere Expertise umfasst Shared Services, Support Services, Consulting Services und Service Management.
Für unsere 330 Mitarbeiter*innen ist Digitalisierung kein Modewort, sondern Kerngeschäft. Unter der Geschäftsführung von Sebastian Schmalenbach setzen wir auf die neuesten Technologien und Trends, um unseren Kunden stets die besten Lösungen zu bieten.
Unsere Arbeitskultur zeichnet sich durch zahlreiche Handlungsspielräume und vielfältige Weiterentwicklungsmöglichkeiten aus. Flexible Arbeitszeiten und die Vereinbarkeit von Beruf und Familie sind für uns selbstverständlich. Unsere positive Arbeitsatmosphäre, unterstützt durch kompetente und glaubwürdige Führungskräfte, wird von unserer Crew sehr geschätzt. Wir arbeiten kontinuierlich daran, die Zufriedenheit unserer Mitarbeiter*innen zu steigern und integrieren dies in unsere Zukunftsstrategie
Vorteile für Mitarbeitende
Jährliches Mitarbeitergespräch
IT-Schulungskatalog (kostenfrei)
Mentorenprogramm/Coaching
Flexible Arbeitszeiten
Homeoffice / Mobiles Arbeiten
Firmenevents
Rabatte für Mitarbeitende
Sport- und Gesundheitsangebote
Weiterbildungen
Betriebliche Altersvorsorge
Dienstwagen
Mitgestaltungsmöglichkeiten
Parkmöglichkeiten
Gute Verkehrsanbindung
Moderne technische Ausstattung
Die abgebildeten Vorteile für Mitarbeitende können je nach Abteilung und Position variieren.
Alle Stellen anzeigenIn neuem Tab öffnen
Webseiten
Homepage
Karriereseite
Social Media Seiten
Informationen zur Bewerbung
Sicherheitsabfrage",,,empty,bewerbung.DGRM@datagroup.de,https://mailto:bewerbung.DGRM@datagroup.de/,https://mailto:bewerbung.DGRM@datagroup.de/,https://mailto:bewerbung.DGRM@datagroup.de/,externe,"Kontakt
Deine Ansprechpartner bei Rückfragen: Maren Jahn & Jakob Werner (Team Recruiting)
Mehr anzeigen
Arbeitsorte
Karte anzeigen
Konrad-Adenauer-Straße 3, 55218 Ingelheim am Rhein
Unternehmensdarstellung: DATAGROUP Rhein-Main GmbH
DATAGROUP Rhein-Main GmbH
Hauptsitz
Ingelheim am Rhein
Gründung
1990
Betriebsgröße
330
Tätigkeitsfelder und Schlagworte
IT - DienstleistungenIT - BeratungIT - Support
Die DATAGROUP Rhein-Main GmbH (ehemals URANO), mit Sitz in Ingelheim am Rhein, Rheinland-Pfalz, ist Teil der DATAGROUP SE, einem der führenden IT-Dienstleister in Deutschland. Seit fast 35 Jahren sind wir der innovative und herstellerunabhängige IT-Partner für Konzerne, mittelständische Unternehmen und öffentliche Auftraggeber in der Rhein-Main-Region, deutschlandweit und in Österreich.
Wir schützen die Kontaktdaten des Arbeitgebers vor unerlaubten Zugriffen. Bitte geben Sie die dargestellten Zeichen in das Textfeld ein, um die Kontaktdaten des Arbeitgebers anzuzeigen.
Anderes Bild laden
Audioversion abspielen
Hinweis: Die dargestellten Zeichen enthalten keine Umlaute (ä, ö, ü oder ß), Sonderzeichen oder Leerzeichen.
Dargestellte Zeichen
Absenden
Fußbereich
Stelle betreut durch die BA
Referenz-Nr.: 10001-1001806785-S
Verstoß melden","Du interessierst dich für das duale Studium? Dann sende uns deine vollständigen Bewerbungsunterlagen einfach über unser Bewerberportal oder per E-Mail an: bewerbung.DGRM@datagroup.de
Vielfalt ist ein Teil von DATAGROUP. Wir freuen uns unabhängig von Geschlecht, Nationalität, ethnischer und sozialer Herkunft, Religion, Weltanschauung, Behinderung, Alter sowie sexueller Orientierung und Identität auf deine Bewerbung.",,ausbildungsstellen_de,https://www.arbeitsagentur.de/jobsuche/jobdetail/10001-1001806785-S,False,,53,2026,8,2026-08-01,2026-06-13T09:46:51.298184+00:00
ASD-990610003597039344,ausbildungsstellen_ae,Fr. Fassmer GmbH & Co. KG,,,,"Duales Studium (ausbildungs­integrierend)1. Jahr: 1.332 €/Monat2. Jahr: 1.366 €/Monat3. Jahr: 1.400 €/Monat4. Jahr: 1.434 €/MonatBeginn ab 15.08.2026

Wir bieten dir:
Sehr gute Rahmenbedingungen mit einer 35-Stunden-Woche und einer überdurchschnittlichen Vergütung (Stand 01.09.2022) sowie weiteren Sonderzahlungen
Ausbildungsjahr 1.332 € pro Monat
Ausbildungsjahr 1.366 € pro Monat
Ausbildungsjahr 1.400 € pro Monat
Ausbildungsjahr 1.434 € pro Monat
Attraktives Arbeits- und Lernumfeld durch die enge Betreuung und regelmäßigen Feedbackgesprächen mit den Verantwortlichen während des gesamten Studiums sowie die Unterstützung bei den Prüfungsvorbereitungen
Sichere Perspektiven durch die Möglichkeit einer Festanstellung nach Abschluss des Studiums
Gesundheit & Team Spirit dank eines umfangreichen Sportangebotes mit Egym-Wellpass, Corporate Benefits und regelmäßigen Duali-Treffen zum gemeinsamen Austausch und Kennenlernen","1.332 €, 1.366 €, 1.400 €, 1.434 €, 1.332 €, 1.366 €",,Ausbildung | Duales Studium (ausbildungs­integrierend)1. Jahr: 1.332 €/Monat2. Jahr: 1.366 €/Monat3. Jahr: 1.400 €/Monat4. Jahr: 1.434 €/MonatBeginn ab 15.08.2026,dual,,"Wir bieten dir:
Sehr gute Rahmenbedingungen mit einer 35-Stunden-Woche und einer überdurchschnittlichen Vergütung (Stand 01.09.2022) sowie weiteren Sonderzahlungen
Ausbildungsjahr 1.332 € pro Monat
Ausbildungsjahr 1.366 € pro Monat
Ausbildungsjahr 1.400 € pro Monat
Ausbildungsjahr 1.434 € pro Monat
Attraktives Arbeits- und Lernumfeld durch die enge Betreuung und regelmäßigen Feedbackgesprächen mit den Verantwortlichen während des gesamten Studiums sowie die Unterstützung bei den Prüfungsvorbereitungen
Sichere Perspektiven durch die Möglichkeit einer Festanstellung nach Abschluss des Studiums
Gesundheit & Team Spirit dank eines umfangreichen Sportangebotes mit Egym-Wellpass, Corporate Benefits und regelmäßigen Duali-Treffen zum gemeinsamen Austausch und Kennenlernen",,,empty,,javascript:,javascript:,javascript:,externe,"Kontakt:
Melanie Lerbs (Personalreferentin), Tel.: +49 4406 942-6020
Mehr anzeigen
Arbeitsorte
Karte anzeigen
Industriestr. 2, 27804 Berne, Kreis Wesermarsch
Unternehmensdarstellung: Fr. Fassmer GmbH & Co. KG
Fr. Fassmer GmbH & Co. KG
Hauptsitz
Berne / Motzen
Gründung
1850
Tätigkeitsfelder und Schlagworte
SchiffbauBoote & DavitsAfter-Sales-ServiceFaserverbundtechnik
Seit 1850 auf richtigem Kurs, kommen Sie an Bord!
Fassmer ist ein weltweit erfolgreiches, innovatives Familienunternehmen in fünfter Generation. Zwischen den fünf Produktbereichen Schiffbau, Bootsbau & Davits, Anlagenbau, Windkraft und Faserverbundtechnik ergeben sich hervorragende Synergie-Effekte. Der Name Fassmer steht für eine umfangreiche Entwicklungsabteilung, modernste Fertigungseinrichtungen und einen weltweiten Service bei konsequenter Qualität, Kompetenz und Verlässlichkeit.
Vorteile für Mitarbeitende
Flexible Arbeitszeiten
Homeoffice / Mobiles Arbeiten
Firmenevents
Rabatte für Mitarbeitende
Sport- und Gesundheitsangebote
Sonderzahlungen
Weiterbildungen
Betriebliche Altersvorsorge
Kantine
Mitgestaltungsmöglichkeiten
Parkmöglichkeiten
Die abgebildeten Vorteile für Mitarbeitende können je nach Abteilung und Position variieren.
Alle Stellen anzeigenIn neuem Tab öffnen
Webseiten
Homepage
Karriereseite
Social Media Seiten
Informationen zur Bewerbung
Sicherheitsabfrage
Wir schützen die Kontaktdaten des Arbeitgebers vor unerlaubten Zugriffen. Bitte geben Sie die dargestellten Zeichen in das Textfeld ein, um die Kontaktdaten des Arbeitgebers anzuzeigen.
Anderes Bild laden
Audioversion abspielen
Hinweis: Die dargestellten Zeichen enthalten keine Umlaute (ä, ö, ü oder ß), Sonderzeichen oder Leerzeichen.
Dargestellte Zeichen
Absenden
Fußbereich
Stelle betreut durch die BA
Referenz-Nr.: 10001-1001930617-S
Verstoß melden",Nutze deine Chance und sende uns deine aussagekräftigen Bewerbungsunterlagen über unser Online-Formular.,,ausbildungsstellen_de,https://www.arbeitsagentur.de/jobsuche/jobdetail/10001-1001930617-S,False,,53,2026,8,2026-08-15,2026-06-13T09:46:12.802267+00:00
ASD-999960000532564785,ausbildungsstellen_ae,,,,,"Stellendetails zu: Ausbildung Fachinformatiker Systemintegration - August 2026 (w/m/d)

Das bieten wir Ihnen
Work-Life-Balance: Flexible Arbeitszeiten, 30 Urlaubstage, Heiligabend und Silvester arbeitsfrei
Strukturierte Aus- und Weiterbildung: Seminare und E-Learnings, interne Qualifizierungsmaßnahmen, eine intensive Vorbereitung auf die IHK-Prüfungen, Begleitung von Praxis- und Bachelorarbeiten
Attraktive Vergütung: 14 überdurchschnittliche Monatsgehälter:
1. Ausbildungsjahr 1.355 Euro pro Monat
2. Ausbildungsjahr 1.432 Euro pro Monat
3. Ausbildungsjahr 1.520 Euro pro Monat
(zzgl. monatlich 40 Euro vermögenswirksame Leistungen; Ausbildungsvergütung Stand 01.08.2025)
Sport & Gesundheit: Betriebssportangebot, Betriebliche Krankenversicherung
Karriere: Sehr gute Übernahmechancen, vielfältige Entwicklungsmöglichkeiten
Moderne Arbeitsumgebung: New Work-Elemente*, *höhenverstellbare Schreibtische*, Curved-Bildschirme, *Betriebsrestaurant und Cafeteria mit Außenterrassen
Weitere Benefits: Vergünstigungen für Mitarbeitende, Zuschuss zum Deutschlandticket, Firmenevents und vieles mehr
Ausbildung und duales Studium
Bei sehr guten Leistungen stehen Ihnen die Möglichkeit eines ausbildungsbegleiteten oder berufsbegleiteten Studiums offen – so können Sie Ihre Praxis im Unternehmen optimal ergänzen. Oder Sie nutzen die individuellen Weiterbildungsangebote unserer Akademie, um sich zusätzlich zu qualifizieren.
Der Bewerbungsprozess",,,Ausbildung | Stellendetails zu: Fachinformatiker Systemintegration - August 2026 (w/m/d),dual,,"Das bieten wir Ihnen
Work-Life-Balance: Flexible Arbeitszeiten, 30 Urlaubstage, Heiligabend und Silvester arbeitsfrei
Strukturierte Aus- und Weiterbildung: Seminare und E-Learnings, interne Qualifizierungsmaßnahmen, eine intensive Vorbereitung auf die IHK-Prüfungen, Begleitung von Praxis- und Bachelorarbeiten
Attraktive Vergütung: 14 überdurchschnittliche Monatsgehälter:
1. Ausbildungsjahr 1.355 Euro pro Monat
2. Ausbildungsjahr 1.432 Euro pro Monat
3. Ausbildungsjahr 1.520 Euro pro Monat
(zzgl. monatlich 40 Euro vermögenswirksame Leistungen; Ausbildungsvergütung Stand 01.08.2025)
Sport & Gesundheit: Betriebssportangebot, Betriebliche Krankenversicherung
Karriere: Sehr gute Übernahmechancen, vielfältige Entwicklungsmöglichkeiten
Moderne Arbeitsumgebung: New Work-Elemente*, *höhenverstellbare Schreibtische*, Curved-Bildschirme, *Betriebsrestaurant und Cafeteria mit Außenterrassen
Weitere Benefits: Vergünstigungen für Mitarbeitende, Zuschuss zum Deutschlandticket, Firmenevents und vieles mehr
Ausbildung und duales Studium
Bei sehr guten Leistungen stehen Ihnen die Möglichkeit eines ausbildungsbegleiteten oder berufsbegleiteten Studiums offen – so können Sie Ihre Praxis im Unternehmen optimal ergänzen. Oder Sie nutzen die individuellen Weiterbildungsangebote unserer Akademie, um sich zusätzlich zu qualifizieren.
Der Bewerbungsprozess",,,empty,Jennifer.Scherf@debeka.de,javascript:,javascript:,javascript:,externe,"Bewerben können Sie sich jeweils ab Juli für den Start im nächsten Jahr.Haben Sie uns mit Ihrer Bewerbung überzeugt, lernen wir uns bei einem Videochat oder Telefoninterview persönlich kennen. Bei der Gelegenheit stellen wir Ihnen auch erste Kontaktpersonen vor.Im weiteren Auswahlverfahren laden wir Sie zum Bewerbertag in unsere Hauptverwaltung ein. Freuen Sie sich auf eine Gruppendiskussion, berufsspezifische Fallbesprechungen und eine offene Fragerunde mit unseren Azubis. Außerdem knüpfen Sie erste Kontakte zu den Menschen, die unsere Auszubildenden begleiten und lotsen.Wir sind gespannt auf Ihre Bewerbung über unsere Website! Sie sind auf der Suche nach einer praxisnäheren Alternative zum Studium? Wir freuen uns, auch von Ihnen zu hören.Senden Sie uns bitte
Wir schützen die Kontaktdaten des Arbeitgebers vor unerlaubten Zugriffen. Bitte geben Sie die dargestellten Zeichen in das Textfeld ein, um die Kontaktdaten des Arbeitgebers anzuzeigen.
Anderes Bild laden
Audioversion abspielen
Hinweis: Die dargestellten Zeichen enthalten keine Umlaute (ä, ö, ü oder ß), Sonderzeichen oder Leerzeichen.
Dargestellte Zeichen
Absenden
Fußbereich
Stelle betreut durch die BA
Referenz-Nr.: 10000-1205414400-S
Verstoß melden","Ihren Lebenslauf,
das aktuelle Schulzeugnis (ggf. alle Zeugnisse der Oberstufe) und
(falls vorhanden) aussagekräftige Praktikumszeugnisse u. ä.
Vielen Dank.
Bei Fragen wenden Sie sich gerne an:
Jennifer Scherf
Telefonnummer:
+49 (261) 4981562
E-Mail-Adresse:
Jennifer.Scherf@debeka.de
Mehr anzeigen
Arbeitsorte
Karte anzeigen
Debeka-Platz 1, 56073 Koblenz am Rhein
Unternehmensdarstellung: Debeka Kranken- und Lebensversicherungsverein a.G.
Debeka Kranken- und Lebensversicherungsverein a.G.
Hauptsitz
Koblenz am Rhein
Gründung
1905
Betriebsgröße
> 16.000 Mitarbeitende
Tätigkeitsfelder und Schlagworte
VersichernBausparenITMathematik
Die Debeka-Gruppe mit Hauptsitz in Koblenz am Rhein gehört mit ihrem vielfältigen Versicherungs- und Finanzdienstleistungsangebot zu den Top Five der Versicherungs- und Bausparbranche in Deutschland und bietet Versicherungsschutz für private Haushalte sowie klein- und mittelständische Betriebe.
Wir sind genossenschaftlich geprägt und seit unserer Gründung 1905 ein Versicherungsverein auf Gegenseitigkeit. Unsere Kultur ist geprägt von persönlicher Nähe, Zusammenarbeit und gegenseitiger Unterstützung. Bei uns ist jeder für den anderen da.
Als größte private Krankenversicherung (PKV) in Deutschland sichern wir die Zukunft von mehr als 7 Millionen Menschen in Deutschland - und sorgen dafür, dass sie im Notfall schnell wieder ins normale Leben zurückfinden. Jeder von uns ist ein wichtiger Teil einer starken Gemeinschaft. Vereint leisten wir einen sinnvollen Beitrag zum Gemeinwohl. Darauf sind wir stolz. Das Füreinander zählt.
Vorteile für Mitarbeitende
Mentorenprogramm/Coaching
Kinderbetreuung
Flexible Arbeitszeiten
Homeoffice / Mobiles Arbeiten
Vermögenswirksame Leistungen
Nachhaltigkeit / Umweltschutz
Firmenevents
Rabatte für Mitarbeitende
Sport- und Gesundheitsangebote
Sonderzahlungen
Weiterbildungen
Betriebliche Altersvorsorge
ÖPNV-Ticket / Job-Ticket
Kantine
Mitgestaltungsmöglichkeiten
Parkmöglichkeiten
Gute Verkehrsanbindung
Moderne technische Ausstattung
Die abgebildeten Vorteile für Mitarbeitende können je nach Abteilung und Position variieren.
Alle Stellen anzeigenIn neuem Tab öffnen
Webseiten
Homepage
Karriereseite
Social Media Seiten
Informationen zur Bewerbung
Sicherheitsabfrage",,ausbildungsstellen_de,https://www.arbeitsagentur.de/jobsuche/jobdetail/10000-1205414400-S,False,,47,,,,2026-06-13T10:44:06.626558+00:00
ASD-990610001791824755,ausbildungsstellen_ae,CHEFS CULINAR West GmbH & Co. KG,,,,"Duales Studium (ausbildungs­integrierend)Beginn ab 01.08.2026

Wir bieten
Wir unterstützen dich…
… auf deinem Weg ins Büro.
Wer mag schon Stress am Morgen: Dank ausreichend kostenfreien Parkplätzen kannst du ganz entspannt in deinen Arbeitstag starten. Und: Bei uns gestaltest du deine Arbeitszeiten selbst. Unsere flexible Gleitzeit macht es möglich!
… in deiner Freizeit.
Du erhältst 30 Tage bezahlten Urlaub, bei besonderen Ereignissen sogar noch Tage on top. Auch für die Urlaubskasse und Weihnachtsgeschenke gibt’s einen Bonus. Sparfüchse nutzen die Vorteile von Corporate Benefits!
… an deinem Arbeitsplatz.
Getränke gibt es kostenlos und geschlemmt wird zu moderaten Preisen in der hauseigenen Kantine. Ein modernes Büro und eine intensive Betreuung durch erfahrene Ausbilder und Trainer schaffen die Basis für eine lockere Atmosphäre und kreatives Arbeiten im Team.
… und darüber hinaus.
Bei uns ist kein Tag wie der andere. Während deiner Ausbildung lernst du unsere verschiedenen Fachabteilungen kennen. Und auch nach Feierabend gilt: Egal ob sportliche Challenges und außerbetriebliche Events –Langeweile kennen wir nicht!
Wir freuen uns auf deine Bewerbung!
CHEFS CULINAR West GmbH & Co. KG
Lucia Eykholt
Holtumsweg 26
47652 Weeze
E-Mail: hr-ccwest@chefsculinar.de
Mehr anzeigen
Arbeitsorte
Karte anzeigen
Holtumsweg 26, 47652 Weeze
Unternehmensdarstellung: CHEFS CULINAR West GmbH & Co. KG
CHEFS CULINAR West GmbH & Co. KG
Alle Stellen anzeigen
Webseiten
Homepage
Informationen zur Bewerbung
Sicherheitsabfrage",,,Ausbildung | Duales Studium (ausbildungs­integrierend)Beginn ab 01.08.2026,dual,,"Wir bieten
Wir unterstützen dich…
… auf deinem Weg ins Büro.
Wer mag schon Stress am Morgen: Dank ausreichend kostenfreien Parkplätzen kannst du ganz entspannt in deinen Arbeitstag starten. Und: Bei uns gestaltest du deine Arbeitszeiten selbst. Unsere flexible Gleitzeit macht es möglich!
… in deiner Freizeit.
Du erhältst 30 Tage bezahlten Urlaub, bei besonderen Ereignissen sogar noch Tage on top. Auch für die Urlaubskasse und Weihnachtsgeschenke gibt’s einen Bonus. Sparfüchse nutzen die Vorteile von Corporate Benefits!
… an deinem Arbeitsplatz.
Getränke gibt es kostenlos und geschlemmt wird zu moderaten Preisen in der hauseigenen Kantine. Ein modernes Büro und eine intensive Betreuung durch erfahrene Ausbilder und Trainer schaffen die Basis für eine lockere Atmosphäre und kreatives Arbeiten im Team.
… und darüber hinaus.
Bei uns ist kein Tag wie der andere. Während deiner Ausbildung lernst du unsere verschiedenen Fachabteilungen kennen. Und auch nach Feierabend gilt: Egal ob sportliche Challenges und außerbetriebliche Events –Langeweile kennen wir nicht!
Wir freuen uns auf deine Bewerbung!
CHEFS CULINAR West GmbH & Co. KG
Lucia Eykholt
Holtumsweg 26
47652 Weeze
E-Mail: hr-ccwest@chefsculinar.de
Mehr anzeigen
Arbeitsorte
Karte anzeigen
Holtumsweg 26, 47652 Weeze
Unternehmensdarstellung: CHEFS CULINAR West GmbH & Co. KG
CHEFS CULINAR West GmbH & Co. KG
Alle Stellen anzeigen
Webseiten
Homepage
Informationen zur Bewerbung
Sicherheitsabfrage",,,empty,hr-ccwest@chefsculinar.de,javascript:,javascript:,javascript:,externe,"Wir schützen die Kontaktdaten des Arbeitgebers vor unerlaubten Zugriffen. Bitte geben Sie die dargestellten Zeichen in das Textfeld ein, um die Kontaktdaten des Arbeitgebers anzuzeigen.
Anderes Bild laden
Audioversion abspielen
Hinweis: Die dargestellten Zeichen enthalten keine Umlaute (ä, ö, ü oder ß), Sonderzeichen oder Leerzeichen.
Dargestellte Zeichen
Absenden
Fußbereich
Stelle betreut durch die BA
Referenz-Nr.: 10001-1000596362-S
Verstoß melden",,,ausbildungsstellen_de,https://www.arbeitsagentur.de/jobsuche/jobdetail/10001-1000596362-S,False,,47,2026,8,2026-08-01,2026-06-13T09:43:48.417974+00:00
ASD-990610003188243656,ausbildungsstellen_ae,PharmLog Pharma Logistik GmbH,,,,"Stellendetails zu: Duales Studium Bachelor of Science (B.Sc.) Kombination Ausbildung zum Fachinformatiker (m/w/d)

Wer wir sind und was wir bieten:
Ein gesundes und wachstumsorientiertes Unternehmen mit derzeit 380 Mitarbeitern
Flexible Arbeitszeitregelung (Gleitzeit)
Optimale Verzahnung von Arbeitsalltag und Berufsschule
Eine attraktive Vergütung (13 Gehälter)
Eine interessante und vielseitige Ausbildung mit Freiraum für Impulse
Interne Schulungen und Möglichkeiten zur Weiterbildung
Sehr gute Übernahmechancen nach der Ausbildung
Ein angenehmes Betriebsklima mit flachen Hierarchien und kurzen Entscheidungswegen
Eine arbeitgeberfinanzierte Gruppenunfallversicherung
Ein betriebsinternes Bistro (Kantine), bezuschusst durch den Arbeitgeber
Ausbildungsdauer
9 Semester
nach 6 Semestern IHK-Abschluss zum Fachinformatiker (m/w/d), Fachrichtung Anwendungsentwicklung oder Systemintegration nach 9 Semestern Bachelor of Science (B.Sc.), Vertiefungsrichtung Softwaretechnik oder Netztechnik und Systemintegration
Aufgabengebiet
Entwicklung, Installation und Betreuung von Softwarelösungen
Einsatz von verschiedenen Programmiersprachen (PL/SQL, SAP ABAP, MySQL / MariaDB und MS-SQL)
Installation, Pflege und Administration von Netzwerken und Servern mit unterschiedlichen Betriebssystemen (Linux und Microsoft Windows)
Entwicklung und Implementierung von Maßnahmen und Strategien im Bereich der IT-Sicherheit
Installation und Betreuung von PC-Arbeitsplätzen sowie von mobilen Endgeräten
Anschaffung, Konfiguration und Verwaltung verschiedener Peripheriegeräte
First- und Second Level Support für Mitarbeiter
Übernahme von Beratungs- und Schulungstätigkeiten für interne und externe Anwender, sowie Erstellung von Dokumentationen
Projektplanung und -management
Ausbildungsbegleitender Unterricht
In Ergänzung zu Ihrer praxisnahen Arbeit im Unternehmen nehmen Sie an den Lehrveranstaltungen der Fachhochschule Dortmund teil. Dort erfolgt die Vermittlung und Vertiefung Ihrer Kompetenzen im Bereich Softwaretechnik, Systemtechnik, Netztechnik sowie Systemintegration. Diese Kombination aus praktischer Anwendung und theoretischer Ausbildung bietet Ihnen eine umfassende und fundierte Qualifikation für die Herausforderungen des Berufsalltags.
Weitere Informationen finden Sie unter:
https://www.fh-dortmund.de/studiengaenge/informatik-dual-bachelor.php
Ausbildungsvergütung
ab dem 1. Semester: 1.100 € / Monat
ab dem 3. Semester: 1.200 € / Monat
ab dem 5. Semester: 1.300 € / Monat
Darüber hinaus übernimmt PharmLog die anfallenden Semesterbeiträge.
Mehr anzeigen
Arbeitsorte
Karte anzeigen
Siemensstr. 1, 59199 Bönen
Unternehmensdarstellung: PharmLog Pharma Logistik GmbH
PharmLog Pharma Logistik GmbH
Alle Stellen anzeigen
Webseiten
Homepage
Informationen zur Bewerbung
Sicherheitsabfrage","1.100 €, 1.200 €, 1.300 €, 1.100 €, 1.200 €, 1.300 €",,Ausbildung | Stellendetails zu: Duales Studium Bachelor of Science (B.Sc.) Kombination zum Fachinformatiker (m/w/d),dual,,"Wer wir sind und was wir bieten:
Ein gesundes und wachstumsorientiertes Unternehmen mit derzeit 380 Mitarbeitern
Flexible Arbeitszeitregelung (Gleitzeit)
Optimale Verzahnung von Arbeitsalltag und Berufsschule
Eine attraktive Vergütung (13 Gehälter)
Eine interessante und vielseitige Ausbildung mit Freiraum für Impulse
Interne Schulungen und Möglichkeiten zur Weiterbildung
Sehr gute Übernahmechancen nach der Ausbildung
Ein angenehmes Betriebsklima mit flachen Hierarchien und kurzen Entscheidungswegen
Eine arbeitgeberfinanzierte Gruppenunfallversicherung
Ein betriebsinternes Bistro (Kantine), bezuschusst durch den Arbeitgeber
Ausbildungsdauer
9 Semester
nach 6 Semestern IHK-Abschluss zum Fachinformatiker (m/w/d), Fachrichtung Anwendungsentwicklung oder Systemintegration nach 9 Semestern Bachelor of Science (B.Sc.), Vertiefungsrichtung Softwaretechnik oder Netztechnik und Systemintegration
Aufgabengebiet
Entwicklung, Installation und Betreuung von Softwarelösungen
Einsatz von verschiedenen Programmiersprachen (PL/SQL, SAP ABAP, MySQL / MariaDB und MS-SQL)
Installation, Pflege und Administration von Netzwerken und Servern mit unterschiedlichen Betriebssystemen (Linux und Microsoft Windows)
Entwicklung und Implementierung von Maßnahmen und Strategien im Bereich der IT-Sicherheit
Installation und Betreuung von PC-Arbeitsplätzen sowie von mobilen Endgeräten
Anschaffung, Konfiguration und Verwaltung verschiedener Peripheriegeräte
First- und Second Level Support für Mitarbeiter
Übernahme von Beratungs- und Schulungstätigkeiten für interne und externe Anwender, sowie Erstellung von Dokumentationen
Projektplanung und -management
Ausbildungsbegleitender Unterricht
In Ergänzung zu Ihrer praxisnahen Arbeit im Unternehmen nehmen Sie an den Lehrveranstaltungen der Fachhochschule Dortmund teil. Dort erfolgt die Vermittlung und Vertiefung Ihrer Kompetenzen im Bereich Softwaretechnik, Systemtechnik, Netztechnik sowie Systemintegration. Diese Kombination aus praktischer Anwendung und theoretischer Ausbildung bietet Ihnen eine umfassende und fundierte Qualifikation für die Herausforderungen des Berufsalltags.
Weitere Informationen finden Sie unter:
https://www.fh-dortmund.de/studiengaenge/informatik-dual-bachelor.php
Ausbildungsvergütung
ab dem 1. Semester: 1.100 € / Monat
ab dem 3. Semester: 1.200 € / Monat
ab dem 5. Semester: 1.300 € / Monat
Darüber hinaus übernimmt PharmLog die anfallenden Semesterbeiträge.
Mehr anzeigen
Arbeitsorte
Karte anzeigen
Siemensstr. 1, 59199 Bönen
Unternehmensdarstellung: PharmLog Pharma Logistik GmbH
PharmLog Pharma Logistik GmbH
Alle Stellen anzeigen
Webseiten
Homepage
Informationen zur Bewerbung
Sicherheitsabfrage",,,empty,,javascript:,javascript:,javascript:,externe,"Wir schützen die Kontaktdaten des Arbeitgebers vor unerlaubten Zugriffen. Bitte geben Sie die dargestellten Zeichen in das Textfeld ein, um die Kontaktdaten des Arbeitgebers anzuzeigen.
Anderes Bild laden
Audioversion abspielen
Hinweis: Die dargestellten Zeichen enthalten keine Umlaute (ä, ö, ü oder ß), Sonderzeichen oder Leerzeichen.
Dargestellte Zeichen
Absenden
Fußbereich
Stelle betreut durch die BA
Referenz-Nr.: 10000-1205240042-S
Verstoß melden",,,ausbildungsstellen_de,https://www.arbeitsagentur.de/jobsuche/jobdetail/10000-1205240042-S,False,,47,,,,2026-06-13T09:45:42.771977+00:00
ASD-990610001817891545,ausbildungsstellen_ae,,,,,Stellendetails zu: Ausbildung / Duales Studium - Fachinformatiker/-in für Systemintegration + duales Studium (m/w/d),,,Ausbildung | Stellendetails zu: / Duales Studium - Fachinformatiker/-in für Systemintegration + duales Studium (m/w/d),dual,,,,,empty,jobs@built.de,javascript:,javascript:,javascript:,externe,"Wir schützen die Kontaktdaten des Arbeitgebers vor unerlaubten Zugriffen. Bitte geben Sie die dargestellten Zeichen in das Textfeld ein, um die Kontaktdaten des Arbeitgebers anzuzeigen.
Anderes Bild laden
Audioversion abspielen
Hinweis: Die dargestellten Zeichen enthalten keine Umlaute (ä, ö, ü oder ß), Sonderzeichen oder Leerzeichen.
Dargestellte Zeichen
Absenden
Fußbereich
Stelle betreut durch die BA
Referenz-Nr.: 10001-1003161849-S
Verstoß melden","Bist Du interessiert? Dann freuen wir uns auf Deine Bewerbung mit Deinen vollständigen Unterlagen per eMail an jobs@built.de
Im Anschreiben beantworte uns bitte auch folgende Fragen:
• Warum passt dieser Beruf zu Dir?
• Warum möchtest du bei BUILT Deine Ausbildung absolvieren?
• Was erwartest Du von deiner Ausbildung?
• Was dürfen wir von Dir während der Ausbildung erwarten?
Bitte sende uns zum Anschreiben auch einen Lebenslauf sowie Deine letzten Schul- und Praktikumszeugnisse.
Mehr anzeigen
Arbeitsorte
Karte anzeigen
Galileo-Galilei-Str. 18, 55129 Mainz am Rhein
Unternehmensdarstellung: thinkarella ag
thinkarella ag
Gründung
1995
Tätigkeitsfelder und Schlagworte
Digitalisierung, Managed Services
Wir, die thinkarella ag aus Mainz, sind Teil der MetaComp Gruppe mit mehreren Standorten in Deutschland. Mit ca. 180 IT-Spezialisten und über 75 Mio € Umsatz gehören wir zu den größten IT-Systemhäusern Deutschlands.
Unser eingespieltes Team aus IT-KönnerInnen &-KennerInnen, optimiert mittels Digitalisierung erfolgreich Unternehmensprozesse. Dabei umfasst unser Aufgabengebiet die Beratung, Konzeption, Auswahl, Lieferung und Implementierung geeigneter Software, Hardware, Cloud-, Managed- und IT- Services.
Wir hegen und pflegen langjährige Partnerschaften zu Kunden, Partnern und Herstellern und bieten über ein viertel Jahrhundert Erfahrung mit knackigen Referenzen.
Ein Shop-Angebot mit über 200.000 herstellerübergreifende IT Produkten zu wettbewerbsfähigen Konditionen, rundet unser Lösungsportfolio zu einem umfassenden Komplettservice ab.
Vorteile für Mitarbeitende
Flexible Arbeitszeiten
Homeoffice / Mobiles Arbeiten
Firmenevents
Rabatte für Mitarbeitende
Weiterbildungen
Betriebliche Altersvorsorge
Mitgestaltungsmöglichkeiten
Parkmöglichkeiten
Gute Verkehrsanbindung
Die abgebildeten Vorteile für Mitarbeitende können je nach Abteilung und Position variieren.
Alle Stellen anzeigenIn neuem Tab öffnen
Webseiten
Homepage
Informationen zur Bewerbung
Sicherheitsabfrage",,ausbildungsstellen_de,https://www.arbeitsagentur.de/jobsuche/jobdetail/10001-1003161849-S,False,,40,,,,2026-06-13T09:43:51.326373+00:00
ASD-990610003489292555,ausbildungsstellen_ae,Helm AG,,,,"Stellendetails zu: Duales Studium - Bachelor Informatik + Fachinformatiker/in (BHH)

Deine Ausbildung bei uns bietet dir von Anfang an beste Chancen. Wir stellen dir von Beginn an qualifizierte Ausbilder zur Seite, die dich intensiv auf deine Aufgaben vorbereiten.

Wir bieten dir herausfordernde, interessante Aufgaben mit hoher Verantwortung in einem wirklich internationalen Arbeitsumfeld.
Arbeitsorte
Karte anzeigen
Nordkanalstr. 28, 20097 Hamburg
Unternehmensdarstellung: Helm AG
Helm AG
Alle Stellen anzeigen
Webseiten
Homepage
Informationen zur Bewerbung
Sicherheitsabfrage",,,Ausbildung | Stellendetails zu: Duales Studium - Bachelor Informatik + Fachinformatiker/in (BHH),dual,,"Wir bieten dir herausfordernde, interessante Aufgaben mit hoher Verantwortung in einem wirklich internationalen Arbeitsumfeld.
Arbeitsorte
Karte anzeigen
Nordkanalstr. 28, 20097 Hamburg
Unternehmensdarstellung: Helm AG
Helm AG
Alle Stellen anzeigen
Webseiten
Homepage
Informationen zur Bewerbung
Sicherheitsabfrage",,,empty,,javascript:,javascript:,javascript:,externe,"Wir schützen die Kontaktdaten des Arbeitgebers vor unerlaubten Zugriffen. Bitte geben Sie die dargestellten Zeichen in das Textfeld ein, um die Kontaktdaten des Arbeitgebers anzuzeigen.
Anderes Bild laden
Audioversion abspielen
Hinweis: Die dargestellten Zeichen enthalten keine Umlaute (ä, ö, ü oder ß), Sonderzeichen oder Leerzeichen.
Dargestellte Zeichen
Absenden
Fußbereich
Stelle betreut durch die BA
Referenz-Nr.: 10000-1204786490-S
Verstoß melden",,,ausbildungsstellen_de,https://www.arbeitsagentur.de/jobsuche/jobdetail/10000-1204786490-S,False,,40,,,,2026-06-13T09:45:59.723365+00:00
ASD-990610001858240304,ausbildungsstellen_ae,PHOENIX CONTACT GmbH & Co. KG,,,,"Stellendetails zu: Duales Studium Technische Informatik + Ausbildung

Aufgaben:
Erstellung von anwendungsorientierten Lösungen im Industrieumfeld
Einrichtung von Robotern, intelligenten Sensoren, Automatisierungs- und Netzwerktechnik
Entwicklung von Software für inhouse Anwendungen und Kundenprojekten
Service und Support im Automatisierungsumfeld
Anforderungen:
Gute Fachhochschulreife oder allgemeine Hochschulreife
Mathematik Leistungskurs wünschenswert
Analytisches Denken
Teamfähigkeit, Spaß an der Arbeit, Motivation, Neugierde und Engagement
Leistungsorientiert, gute organisatorische und kommunikative Fähigkeiten
Folgende Fächer sind im Dualen Studium Technische Informatik integriert:
Mathematik
Rechnerorganisation und Betriebssysteme
Programmiersprachen
Algorithmen und Datenstrukturen
Software-Design
Dualer Partner im Studium:
Hochschule: Technische Hochschule Ostwestfalen-Lippe, Lemgo
Abschluss: B.Sc. - Bachelor of Science
Ausbildungsberuf: Fachinformatiker m/w/d oder Elektroniker für Geräte und Systeme m/w/d
Regelstudienzeit: 6 Semester
Gesamte Ausbildungszeit: 4 Jahre
Wenn du Interesse an diesem Traumjob hast, bewerbe dich bitte online über unsere Homepage.
Arbeitsorte
Karte anzeigen
Paderborn
Flachsmarktstr. 8, 32825 Blomberg, Lippe
32816 Schieder-Schwalenberg
Bad Pyrmont
Unternehmensdarstellung: PHOENIX CONTACT GmbH & Co. KG
PHOENIX CONTACT GmbH & Co. KG
Innovation für die Zukunft
Bei Phoenix Contact werden fast täglich neue elektrotechnische Produkte entwickelt. Die braucht man zur Übertragung von Signalen in der Industrie und auch zum Schutz von Geräten und Anlagen vor Überspannungen, wie sie zum Beispiel durch Blitzeinschlag auftreten. Dazu kommen Produkte für die Automatisierungstechnik, welche die Datenkommunikation übernehmen. Außerdem bieten wir Module rund um die Steuerung an. Die Produktneuentwicklungen werden stark von den Herausforderungen der Zukunft wie regenerative Energieerzeugung, Infrastruktur, Elektromobilität und Industrie 4.0 geprägt.
Insgesamt beschäftigen wir mehr als 14.000 Mitarbeiter/innen in über 50 Ländern.
Alle Stellen anzeigen
Webseiten
Homepage
Informationen zur Bewerbung
Sicherheitsabfrage",,,Ausbildung | Stellendetails zu: Duales Studium Technische Informatik + Ausbildung,dual,,,,,empty,,javascript:,javascript:,javascript:,externe,"Wir schützen die Kontaktdaten des Arbeitgebers vor unerlaubten Zugriffen. Bitte geben Sie die dargestellten Zeichen in das Textfeld ein, um die Kontaktdaten des Arbeitgebers anzuzeigen.
Anderes Bild laden
Audioversion abspielen
Hinweis: Die dargestellten Zeichen enthalten keine Umlaute (ä, ö, ü oder ß), Sonderzeichen oder Leerzeichen.
Dargestellte Zeichen
Absenden
Fußbereich
Stelle betreut durch die BA
Referenz-Nr.: 10000-1202708578-S
Verstoß melden",,,ausbildungsstellen_de,https://www.arbeitsagentur.de/jobsuche/jobdetail/10000-1202708578-S,False,,33,,,,2026-06-13T09:43:55.771862+00:00
