referenznummer,category_id,nama_perusahaan,titik_data_di_peta,posisi_kota,alamat_detail,detail_deskripsi,gaji,persyaratan,jenis_ausbildung,deskripsi_perusahaan,apa_yang_ditawarkan,link_website_perusahaan,link_website_perusahaan_resmi,website_type,alamat_email_bewerbung,link_bewerbung,link_bewerbung_externe,link_bewerbung_efektif,bewerbung_sumber,kontak_penanggung_jawab,dokumen_yang_harus_dipenuhi,ba_job_url,sumber_data,ausbildung_de_url,is_duplicate_of_arbeitsagentur,duplicate_of_refnr,kelengkapan_score,scraped_at
AD-e70a94fb-ce03-4110-b0ca-b89867eecb01,ausbildung_de_ae,Würth Industrie Service GmbH & Co. KG,,Bad Mergentheim,97980 Bad Mergentheim Baden-Württemberg,"2026 - Ausbildung zum Fachinformatiker (m/w/d) Anwendungsentwicklung

Mittlere Reife

Sicherheit: Wir bieten flexible Arbeitszeiten und hohe Übernahmechancen in ein i.d.R. unbefristetes Anstellungsverhältnis. On top hast Du 30 Tage Urlaub. Für soziales Engagement kannst Du Dich 2 Tage pro Jahr bezahlt freistellen lassen.
Weiterbildung: Wir tun alles dafür, dass Du Dich individuell entwickeln und entfalten kannst – das reicht von einer fundierten Einarbeitung in den Teams bis zu einer zielgerichteten interne Schulungsreihe speziell für Azubis. Zusätzlich gibt es über 300 E-Learnings, die ein flexibles Lernen direkt am Arbeitsplatz ermöglichen. Nach der Ausbildung gibt es die Möglichkeit, sich berufsbegleitend weiterzubilden (Fachwirt, Bachelor, etc.).
Unternehmenskultur: Gegenseitige Hilfsbereitschaft, das herzliche und respektvolle Miteinander sowie das gemeinsame Feiern bei Teamessen, Teamausflügen, Betriebsfeiern, an denen Azubis selbstverständlich teilnehmen können, und vieles mehr machen uns aus.
Benefits: Wir bieten flexible Arbeitszeiten sowie nach Absprache die Möglichkeit zur Arbeit im Home-Office an einzelnen Tagen pro Woche. Ebenso die Welcome-Tage und ein Teambuilding-Event zu Beginn der Ausbildung, Laptop und Headset, Notenprämien, Ausbildung in Teilzeit nach Rücksprache sowie interessante Bonusprogramme zu vergünstigten Konditionen (z. B. im Bereich Reisen, Wohnen, Mode) unterstreichen, dass bei uns der Mensch im Mittelpunkt steht.",,Mittlere Reife,Ausbildung | 2026 - zum Fachinformatiker (m/w/d) Anwendungsentwicklung,"Immer weiter – aber den Wurzeln treuDer Weg zu einem der modernsten Logistikzentren für Industriebelieferung Europas liegt nun über zwei Jahrzehnte zurück. Ursprünglich als Division Industrie innerhalb der Adolf Würth GmbH & Co. KG in Künzelsau angesiedelt, wurde das Unternehmen am 13. Januar 1999 als eigenständiges Tochterunternehmen im Industriepark Würth in Bad Mergentheim gegründet. Mit über 1.800 Mitarbeitenden hat sich das Unternehmen auf den C-Teile-Bedarf von produzierenden Industriekunden fokussiert und kümmert sich um die gesamtheitliche Betreuung von über insgesamt 20.000 Kunden. Ein Handelsunternehmen mit Fokussierung auf alle Belange von Industriekunden benötigt eine umfangreiche Infrastruktur. Der in Deutschland gelegene Industriepark Würth, das ehemalige Gelände der Deutschordenskaserne, bietet die optimale Voraussetzung. Wir sind einzigartig: Kundenindividuelle C-Teile-LösungenEin System. Für alle Lieferanten. Individuell zugeschnitten. Die Vielfalt unterschiedlicher Bedarfe in der Produktion, Logistik und Materialwirtschaft kennen keine Grenzen. Unter der Marke „CPS® – C-Produkt-Service“ bietet Würth Industrie Service den produzierenden Industriekunden individuell zugeschnittene, logistische Beschaffungs- und Dienstleistungskonzepte wie scannerunterstützte Regalsysteme, automatisierte elektronische Bestellsysteme oder eine Just-in-time-Versorgung mittels Kanban-Behältersystemen. Die vernetzten Systeme setzen direkt am Bedarfs- und Verbrauchsort an. Dabei sind die Ziele klar auf eine Senkung des Beschaffungsaufwands, eine Optimierung der Prozesse, eine Reduzierung der Kosten und einer maximalen Zeitersparnis bei gleichzeitig maximaler Liefersicherheit und geringstmöglicher Kapitalbindung gerichtet.","Sicherheit: Wir bieten flexible Arbeitszeiten und hohe Übernahmechancen in ein i.d.R. unbefristetes Anstellungsverhältnis. On top hast Du 30 Tage Urlaub. Für soziales Engagement kannst Du Dich 2 Tage pro Jahr bezahlt freistellen lassen.
Weiterbildung: Wir tun alles dafür, dass Du Dich individuell entwickeln und entfalten kannst – das reicht von einer fundierten Einarbeitung in den Teams bis zu einer zielgerichteten interne Schulungsreihe speziell für Azubis. Zusätzlich gibt es über 300 E-Learnings, die ein flexibles Lernen direkt am Arbeitsplatz ermöglichen. Nach der Ausbildung gibt es die Möglichkeit, sich berufsbegleitend weiterzubilden (Fachwirt, Bachelor, etc.).
Unternehmenskultur: Gegenseitige Hilfsbereitschaft, das herzliche und respektvolle Miteinander sowie das gemeinsame Feiern bei Teamessen, Teamausflügen, Betriebsfeiern, an denen Azubis selbstverständlich teilnehmen können, und vieles mehr machen uns aus.
Benefits: Wir bieten flexible Arbeitszeiten sowie nach Absprache die Möglichkeit zur Arbeit im Home-Office an einzelnen Tagen pro Woche. Ebenso die Welcome-Tage und ein Teambuilding-Event zu Beginn der Ausbildung, Laptop und Headset, Notenprämien, Ausbildung in Teilzeit nach Rücksprache sowie interessante Bonusprogramme zu vergünstigten Konditionen (z. B. im Bereich Reisen, Wohnen, Mode) unterstreichen, dass bei uns der Mensch im Mittelpunkt steht.",https://www.wuerth-industrie.com/web/de/karriere/ausbildung/schueler_badmergentheim.php,https://www.wuerth-industrie.com/web/de/karriere/ausbildung/schueler_badmergentheim.php,company,,https://wurth-it-international-gm.contactrh.com/jobs/11871/44160260,https://wurth-it-international-gm.contactrh.com/jobs/11871/44160260,https://wurth-it-international-gm.contactrh.com/jobs/11871/44160260,externe,"Als Fachinformatiker (m/w/d) für Anwendungsentwicklung entwickelst und programmierst Du unternehmensspezifische Software. Du testest bestehende Anwendungen, passt sie an, verbesserst sie und entwickelst anwendungsgerechte Bedienoberflächen. Darüber hinaus hast Du die Möglichkeit, Dich regelmäßig in Azubiprojekten mit Technologie-Trends und deren Einsatzmöglichkeiten zu beschäftigen. Der Austausch mit den Anwendern, die Unterstützung bei Fragen zur Software und das Kennenlernen der beteiligten Unternehmensprozesse sind wichtige Praxisinhalte im Unternehmen. Während Deiner dreijährigen Ausbildung besuchst Du wöchentlich ein- bis zweimal die Gewerbliche Schule in Bad Mergentheim.
Beginn: 01. September 2026
Dauer: regulär 3 Jahre, Verkürzung auf 2,5 Jahre bei Vorbildung Fachhochschulreife/allgemeine Hochschulreife möglich
Theorie: Gewerbliche Schule Bad Mergentheim
Was Dich erwartet
Einblicke: Du lernst das Unternehmen kennen und entwickelst Prozesse im Unternehmen nachhaltig weiter. Du arbeitest in spannenden IT-Projekten in verschiedene IT-Teams mit, um innovative Industrie Geschäftsprozesslösungen national und international zu entwickeln. Dabei sammelst Du praktische Erfahrungen in den Bereichen SAP-Systemprogrammierung und unserem eigens entwickelten Warenwirtschaftssystem im Microsoft .NET Umfeld (ABAP OO, CDS, RAP, ASP.NET, C#, T-SQL, WinForms, WPF & Blazor). Um Geschäftsprozesse zu optimieren, erhältst Du Einblicke unter anderem in die Fachabteilungen Logistik und Vertrieb. Dabei wirst Du jederzeit durch deinen Ausbildenden betreut und führst regelmäßig Feedbackgespräche.
Verantwortung: Du arbeitest eigenständig an Aufgaben in der Abteilung und hast die Möglichkeit in verschiedenen Azubi-Projekten (z. B. Projektgruppen, wie Azubi-Ausschuss, Social Media, WISpresents) mitzuwirken.
Zusammenarbeit: Du unterstützt die Mitarbeitenden im Team und arbeitest zudem eng mit den anderen Azubis und Abteilungen zusammen.
Was Du mitbringen solltest
Schulbildung: Du hast die Schule mindestens mit dem mittleren Bildungsabschluss abgeschlossen.
Motivation: Du hast Freude daran, Neues zu lernen und arbeitest gerne im Team sowie an abwechslungsreichen Aufgaben. Du möchtest Dein Interesse und Deine Affinität zur IT im Berufsalltag einsetzen und ausbauen.
Deine Stärken: Du zeichnest Dich durch eine zuverlässige und engagierte Arbeitsweise aus.
Du weißt noch nicht welcher Ausbildungsberuf/ Duale Studiengang in der IT der Richtige für Dich ist? Dann sprechen wir in einem Kennenlerngespräch gemeinsam mit Dir über Deine Interessen und Stärken und zeigen Dir Deine Möglichkeiten bei der Würth Industrie Service auf.
Was wir Dir bieten",,,ausbildung_de,https://www.ausbildung.de/stellen/2026-ausbildung-zum-fachinformatiker-m-w-d-anwendungsentwicklung-bei-wuerth-industrie-service-gmbh-co-kg-in-bad-mergentheim-92c46429-f2e0-43ef-911d-303d298430f6/,False,,73,2026-06-11T11:11:31.006501+00:00
AD-0432ed67-c8e9-4075-bc0c-500b6a9fc9d2,ausbildung_de_ae,Schwarz Digits,,Neckarsulm,Stiftsbergstraße 1 74172 Neckarsulm Baden-Württemberg,"Abiturientenprogramm IT: Fachinformatiker Anwendungsentwicklung + Bachelor Professional IT (m/w/d)

Dein Profil
- Du bringst die Allgemeine Hochschulreife/ Fachhochschulreife oder einen vergleichbaren Abschluss mit guten Noten in Mathematik, Informatik und naturwissenschaftlichen Fächern mit.
- Du hast Interesse an Betriebswirtschaft und IT-Projekten sowie dem Digitalen Wandel.
- Du hast bereits erste Erfahrungen in Programmiersprachen, Automatisierung oder Digitalisierung.
- Du arbeitest strukturiert, verantwortungsbewusst und zuverlässig, hast Spaß am Lernen und bist offen für Neues.
- Du hast große Freude im Team zusammenzuarbeiten und dein Wissen zu teilen. Dabei bringst du gerne eigene Ideen mit und möchtest aktiv mitwirken.
Einleitungstext
Du brennst für die IT? Also werde Teil unseres Expertenteams und lerne das Spektrum rund um IT-Lösungen des Europas größten Handelsunternehmen kennen. Tauche ein in den lebendigen Spirit der Schwarz Digits und deren spannenden Innovationen. Unser Abiturientenprogramm IT ist die optimale Kombination um durchzustarten. Während des Programms erwirbst du drei anerkannte Abschlüsse in 4,5 Jahren: die Ausbildung zum Fachinformatiker, die Weiterbildung zum Bachelor Professional in IT (IHK) sowie den Ausbilderschein. Der Abschluss des Abiturientenprogramms ist nach dem Deutschen Qualifikationsrahmen gleichwertig zu einem Bachelor-Abschluss.
{Programmsbeginn:} 01.09.2026
{Programmdauer:} 4,5 Jahre
{Praxisort:} Neckarsulm
{Ausbildungsort:} Christian-Schmidt-Schule in Neckarsulm
{Vergütung:} 1. Jahr: 1.350€, 2. Jahr: 1.500€, ab 3. Jahr tarifliche Vergütung + Prämie bei gutem oder sehr gutem Bestehen der Abschlussprüfung
{Ausbildungsinfos:} Weitere Informationen findest du unter www.css-nsu.de","1.350€, 1.500€","Dein Profil
- Du bringst die Allgemeine Hochschulreife/ Fachhochschulreife oder einen vergleichbaren Abschluss mit guten Noten in Mathematik, Informatik und naturwissenschaftlichen Fächern mit.
- Du hast Interesse an Betriebswirtschaft und IT-Projekten sowie dem Digitalen Wandel.
- Du hast bereits erste Erfahrungen in Programmiersprachen, Automatisierung oder Digitalisierung.
- Du arbeitest strukturiert, verantwortungsbewusst und zuverlässig, hast Spaß am Lernen und bist offen für Neues.
- Du hast große Freude im Team zusammenzuarbeiten und dein Wissen zu teilen. Dabei bringst du gerne eigene Ideen mit und möchtest aktiv mitwirken.
Einleitungstext
Du brennst für die IT? Also werde Teil unseres Expertenteams und lerne das Spektrum rund um IT-Lösungen des Europas größten Handelsunternehmen kennen. Tauche ein in den lebendigen Spirit der Schwarz Digits und deren spannenden Innovationen. Unser Abiturientenprogramm IT ist die optimale Kombination um durchzustarten. Während des Programms erwirbst du drei anerkannte Abschlüsse in 4,5 Jahren: die Ausbildung zum Fachinformatiker, die Weiterbildung zum Bachelor Professional in IT (IHK) sowie den Ausbilderschein. Der Abschluss des Abiturientenprogramms ist nach dem Deutschen Qualifikationsrahmen gleichwertig zu einem Bachelor-Abschluss.
{Programmsbeginn:} 01.09.2026
{Programmdauer:} 4,5 Jahre
{Praxisort:} Neckarsulm
{Ausbildungsort:} Christian-Schmidt-Schule in Neckarsulm
{Vergütung:} 1. Jahr: 1.350€, 2. Jahr: 1.500€, ab 3. Jahr tarifliche Vergütung + Prämie bei gutem oder sehr gutem Bestehen der Abschlussprüfung
{Ausbildungsinfos:} Weitere Informationen findest du unter www.css-nsu.de",Ausbildung | Abiturientenprogramm IT: Fachinformatiker Anwendungsentwicklung + Bachelor Professional IT (m/w/d),"Das sind wir Schwarz Digits entwickelt und betreibt IT-Infrastrukturen sowie digitale Lösungen, die die digitale Souveränität in Europa stärken. Als Digitalsparte der Schwarz Gruppe verantworten wir das technologische Fundament eines der größten Handelsökosysteme Europas und entwickeln es kontinuierlich weiter. Gleichzeitig treten wir mit unseren Lösungen auch am externen Markt auf und unterstützen Unternehmen sowie Organisationen der öffentlichen Hand bei ihrer digitalen Transformation. Mit rund 8.000 Mitarbeitenden gestalten wir die gesamte digitale Wertschöpfungskette – von Cloud-Infrastruktur über Cyber Security bis hin zu Data & AI. Unsere Leistungen bündeln wir in den Bereichen Cloud, Cyber Security, Data & AI, Communication und Workspace. So ermöglichen wir digitale Entscheidungsfreiheit für die Unternehmen der Schwarz Gruppe und für Partner in ganz Europa. (Perspektiven:) Egal ob Ausbildung, Studium, Berufseinstieg oder Führung: Bei uns entwickelst du Lösungen mit Wirkung. Du verbindest Innovationskraft mit Stabilität und stärkst Europas digitale Entscheidungsfreiheit. Dein Talent und dein Handeln haben direkten Einfluss auf das digitale Rückgrat der Schwarz Gruppe und darüber hinaus. Unsere Themenfelder Cloud Mit datensouveränen Cloud- und Colocation-Lösungen bieten wir skalierbare, leistungsfähige Systeme für ganzheitliche Digitalisierungsvorhaben. Cyber Security Mit modernem Continuous Threat Exposure Management (CTEM) schützen wir Systeme und sensible Daten nachhaltig vor Cyberbedrohungen. Data & AI Wir entwickeln souveräne KI-Lösungen – branchenspezifisch, schlüsselfertig und auf kritische Geschäftsprozesse zugeschnitten. Communication Unsere Kommunikationsplattform für Messaging, Audio- und Videokonferenzen verbindet Sicherheit mit technologischer Unabhängigkeit. Workspace Wir entwickeln sichere, browserbasierte Kollaborationslösungen – insbesondere für regulierte Branchen. (Wen wir suchen:) Bei Schwarz Digits arbeiten wir an einem gemeinsamen Ziel: Europas digitale Entscheidungsfreiheit zu stärken. Deshalb denken wir nicht in Silos, sondern in Lösungen. Wir suchen Menschen, die Verantwortung übernehmen, kollaborativ arbeiten und das große Ganze im Blick behalten – technisch fundiert und lösungsorientiert.",,https://schwarz-digits.de/,https://schwarz-digits.de/,company,,https://schwarz-digits.de/jobsearch/hr/abiturientenprogramm-it-fachinformatiker-anwendungsentwicklung-bachelor-professional-it-m-w-d-GT1554,https://schwarz-digits.de/jobsearch/hr/abiturientenprogramm-it-fachinformatiker-anwendungsentwicklung-bachelor-professional-it-m-w-d-GT1554,https://schwarz-digits.de/jobsearch/hr/abiturientenprogramm-it-fachinformatiker-anwendungsentwicklung-bachelor-professional-it-m-w-d-GT1554,externe,,,,ausbildung_de,https://www.ausbildung.de/stellen/abiturientenprogramm-it-fachinformatiker-anwendungsentwicklung-bachelor-professional-it-m-w-d-bei-schwarz-digits-in-neckarsulm-9e251341-32da-4da8-9024-535ca30d587f/,False,,67,2026-06-11T11:11:33.035337+00:00
AD-ee7e28fb-6919-4b64-9e65-8bd82e20d1a9,ausbildung_de_ae,acadon AG,,Krefeld,Königsbergerstr. 115 47809 Krefeld Nordrhein-Westfalen,"Ausbildung 2026 - Fachinformatiker/in für Anwendungsentwicklung (m/w/d)

Deine Aufgaben:
- Echte Projekte statt Langeweile: Du arbeitest von Anfang an an realen Anforderungen unserer Kunden mit – gemeinsam mit einem erfahrenen Team, das dich Schritt für Schritt begleitet.
- Entwicklung mit Microsoft Business Central: Du programmierst in AL auf Basis von Dynamics 365 Business Central – der modernen Cloud‑ERP‑Plattform von Microsoft.
- Arbeiten mit KI gehört bei uns dazu: Ob GitHub Copilot oder interne Automatisierungen - Du lernst, wie KI dich beim Programmieren unterstützt.
- Ausbildung mit Ziel : Freude am Lernen, Ausprobieren und Weiterentwickeln mit dem klaren Ziel - Festanstellung nach der Ausbildung

Dein Profil:
- Echtes Interesse an Softwareentwicklung: Du hast Freude daran, Probleme durch Software zu lösen und vielleicht schon erste Projekte umgesetzt.
- Eigene Ideen willkommen: Du möchtest dich einbringen, neue Ansätze ausprobieren und die Zukunft unserer Lösungen aktiv mitgestalten.
- Kommunikativ & teamorientiert: Du kannst gut erklären, hörst gut zu und arbeitest gerne mit unterschiedlichen Kollegen zusammen.

Was wir bieten:
- Deep Dive statt Dienst nach Vorschrift: Intensive Einarbeitung in unsere Microsoft-Dynamics-Welt und in die Besonderheiten der Holzbranche
- Dein persönlicher Guide durch die Ausbildung: Mit unserem Mentorenprogramm bist du nie allein
- Tech up your Workday: Modernste digitale Ausstattung in einer zukunftssicheren Branche
- Flexible Zeiten – aber fair bleibt fair: Du gestaltest deinen Arbeitstag flexibel – solange du auf deine 40 Stunden kommst, ist (fast) alles drin
- Wachstum, das zu dir passt: Individuelle Weiterbildungen für deine fachliche und persönliche Entwicklung
- Teamspirit inklusive: Kollegiales Miteinander, motiviertes Team & regelmäßige Team- und Firmenevents
- Mehr fürs Morgen: Zuschuss zur Altersvorsorge & zum Deutschland-Ticket – plus attraktive Corporate Benefits
- Stay fresh: Gratis Getränke für alle. Außerdem Verpflegungsmöglichkeiten – mit Salat-Tag & Co.",,"Dein Profil:
- Echtes Interesse an Softwareentwicklung: Du hast Freude daran, Probleme durch Software zu lösen und vielleicht schon erste Projekte umgesetzt.
- Eigene Ideen willkommen: Du möchtest dich einbringen, neue Ansätze ausprobieren und die Zukunft unserer Lösungen aktiv mitgestalten.
- Kommunikativ & teamorientiert: Du kannst gut erklären, hörst gut zu und arbeitest gerne mit unterschiedlichen Kollegen zusammen.",Ausbildung | 2026 - Fachinformatiker/in für Anwendungsentwicklung (m/w/d),Karriere bei acadonDie acadon AG ist seit über 30 Jahren ein erfahrener IT-Dienstleister. Wir entwickeln mit acadon_timber und acadon_packaging Softwarelösungen für mittelständische Unternehmen der Holz- und Holzverpackungsbranche. Diese basiert auf Microsoft Dynamics 365 Business Central.,"Was wir bieten:
- Deep Dive statt Dienst nach Vorschrift: Intensive Einarbeitung in unsere Microsoft-Dynamics-Welt und in die Besonderheiten der Holzbranche
- Dein persönlicher Guide durch die Ausbildung: Mit unserem Mentorenprogramm bist du nie allein
- Tech up your Workday: Modernste digitale Ausstattung in einer zukunftssicheren Branche
- Flexible Zeiten – aber fair bleibt fair: Du gestaltest deinen Arbeitstag flexibel – solange du auf deine 40 Stunden kommst, ist (fast) alles drin
- Wachstum, das zu dir passt: Individuelle Weiterbildungen für deine fachliche und persönliche Entwicklung
- Teamspirit inklusive: Kollegiales Miteinander, motiviertes Team & regelmäßige Team- und Firmenevents
- Mehr fürs Morgen: Zuschuss zur Altersvorsorge & zum Deutschland-Ticket – plus attraktive Corporate Benefits
- Stay fresh: Gratis Getränke für alle. Außerdem Verpflegungsmöglichkeiten – mit Salat-Tag & Co.",https://acadon.net/karriere/,https://acadon.net/karriere/,company,karriere@acadon.de,https://www.ausbildung.de/direktbewerbung/ausbildung-2025-fachinformatiker-anwendungsentwicklung-m-w-d-bei-acadon-ag-in-krefeld-3b322f63-1586-4119-8d09-9fbf118b7cba/,https://www.ausbildung.de/direktbewerbung/ausbildung-2025-fachinformatiker-anwendungsentwicklung-m-w-d-bei-acadon-ag-in-krefeld-3b322f63-1586-4119-8d09-9fbf118b7cba/,https://www.ausbildung.de/direktbewerbung/ausbildung-2025-fachinformatiker-anwendungsentwicklung-m-w-d-bei-acadon-ag-in-krefeld-3b322f63-1586-4119-8d09-9fbf118b7cba/,externe,,"- (Fach-)Hochschulreife – gerne auch Studienabbrecher: Wichtig ist uns nicht das perfekte Zeugnis, sondern dass du wirklich Lust auf IT hast.",,ausbildung_de,https://www.ausbildung.de/stellen/ausbildung-2025-fachinformatiker-anwendungsentwicklung-m-w-d-bei-acadon-ag-in-krefeld-3b322f63-1586-4119-8d09-9fbf118b7cba/,False,,80,2026-06-11T11:11:35.640552+00:00
AD-9cbaa021-0651-4260-b774-19407cd00d60,ausbildung_de_ae,HDI AG,,Hannover,30659 Hannover Niedersachsen,"Ausbildung als Fachinformatiker:in Anwendungsentwicklung

Deine Aufgaben
- Du möchtest Software nicht nur nutzen, sondern verstehen, wie sie funktioniert? In unserer dreijährigen Ausbildung als Fachinformatiker:in Anwendungsentwicklung zeigen wir Dir, was in unserer Software steckt und welche Tools Du zum Entwickeln benötigst.
- Wir gestalten Deine Praxisphasen gemeinsam nach Deinen Interessen, damit Du Deine Stärken optimal einbringen und entwickeln kannst.
- We – Du bist nicht allein, sondern stets Teil eines Teams sowie unserer Community von IT-Nachwuchstalenten.
- (de)code - wir zeigen Dir alles , was vor der ersten und nach der letzten Zeile Code passiert.
- Insurance - Du erhältst Einblicke in die Versicherungswelt und die Technik dahinter.
- Spannende Aufgaben rund um Anforderungsmanagement, Programmierung, Künstliche Intelligenz, Cloud-Services sowie agile Arbeitsmethoden erwarten Dich.

Dein Profil
- Computer und Technik interessieren Dich - vielleicht hast Du auch schon erste Erfahrungen im Programmieren gesammelt.
- Dein Umfeld wendet sich bei technischen Fragestellungen gerne an Dich.
- Sollte mal etwas nicht funktionieren, suchst Du nach der Ursache.
- Teamarbeit macht Dir Spaß – gleichzeitig möchtest Du auch eigenverantwortlich Aufgaben übernehmen.
- Gute Fachoberschulreife (mittlere Reife), (Fach-) Abitur – auch Menschen, die sich nach einem begonnenen Berufsweg oder Studium umorientieren möchten, sind herzlich willkommen.
Deine Benefits
- Ausbildungscommunity","1. Jahr: 1455 €
2. Jahr: 1532 €
3. Jahr: 1620 €","Dein Profil
- Computer und Technik interessieren Dich - vielleicht hast Du auch schon erste Erfahrungen im Programmieren gesammelt.
- Dein Umfeld wendet sich bei technischen Fragestellungen gerne an Dich.
- Sollte mal etwas nicht funktionieren, suchst Du nach der Ursache.
- Teamarbeit macht Dir Spaß – gleichzeitig möchtest Du auch eigenverantwortlich Aufgaben übernehmen.
- Gute Fachoberschulreife (mittlere Reife), (Fach-) Abitur – auch Menschen, die sich nach einem begonnenen Berufsweg oder Studium umorientieren möchten, sind herzlich willkommen.
Deine Benefits
- Ausbildungscommunity",Ausbildung | als Fachinformatiker:in Anwendungsentwicklung,"Willkommen bei der HDI Group Die HDI Group zählt zu den größten europäischen Versicherungsunternehmen und bietet als das „Haus der 100 Berufe“ eine große Vielfalt an Aufgaben und Karrierewegen. Von spannenden Möglichkeiten für die Berufsausbildung bis hin zu dualen Bachelor- und Masterprogrammen gibt es bei der HDI Group vielfältige Chancen, Theorie und Arbeitswelt zu verbinden. Dabei bietet die HDI Group ein modernes, flexibles Arbeitsumfeld, in dem du dich persönlich wie fachlich weiterentwickeln und wirklich etwas bewegen kannst. Unsere Einstiegsmöglichkeiten für dich Du suchst einen Start ins Berufsleben, der wirklich zu dir passt? Die Aufgabenfelder bei der HDI Group sind vielfältig – ganz sicher ist auch genau das Richtige für deine Interessen und Stärken dabei! Ausbildungsmöglichkeiten Die HDI Group bietet dir vielfältige Ausbildungsmöglichkeiten in verschiedenen Fachrichtungen. Wenn du dich für spannende Themen rund um Versicherungen interessierst, ist unsere kaufmännische Ausbildung im Bereich Versicherung mit verschiedenen Schwerpunkten genau das Richtige für dich. Oder liegt deine Leidenschaft eher in der Küche und Gastronomie, in der IT oder im kreativen Bereich wie Medien und Ton? Auch hierfür bieten wir dir vielseitige Ausbildungsberufe, damit du den Karriereweg wählen kannst, der dich begeistert und am besten zu dir passt. Duales Studium Mit einem dualen Studium bei der HDI Group kannst du theoretisches Fachwissen sammeln und gleichzeitig ins Berufsleben durchstarten. Ob Betriebswirtschaft mit Schwerpunkt Vertrieb oder Industrieversicherung, Wirtschaftsinformatik, IT, Data Science oder Business Administration, bei uns kannst du aus einem abwechslungsreichen Angebot auswählen, welcher Studiengang am besten zu deinen Interessen passt. Innerhalb von drei Jahren absolvierst du im drei Monatswechsel Studienphasen an der Hochschule und verschiedene Praxisstationen in unterschiedlichen Gesellschaften der HDI Group.",,https://careers.hdi.group/de/,https://careers.hdi.group/de/,company,,https://job.hdi.group/job/Ausbildung-als-Fachinformatikerin-Anwendungsentwicklung/115-de_DE/,https://job.hdi.group/job/Ausbildung-als-Fachinformatikerin-Anwendungsentwicklung/115-de_DE/,https://job.hdi.group/job/Ausbildung-als-Fachinformatikerin-Anwendungsentwicklung/115-de_DE/,externe,"Jeder für sich? Nicht bei uns. Unsere bundesweit digitale Ausbildungscommunity unterstützt bei Fragen, Lerngruppenbildung und Prüfungsvorbereitung.
- Gesundheitsmanagement
Mit unserem betrieblichen Gesundheitsmanagement wollen wir Deine physische und psychische Gesundheit stärken. Gleichzeitig steht hier der Spaß und das Networking an erster Stelle.
- Coaching und Trainings
Neben fachlicher Weiterbildung bieten wir Dir individuelle Coachings sowie spezielle Trainings an, die Dir helfen, Deine Kommunikationsfähigkeiten, Präsentationstechniken und Entscheidungsfindungen weiter auszubauen.
- Kostenübernahme Prüfungsvorbereitungskurse & Literatur
Auf Deine Prüfungen bereiten wir Dich bestens mit Prüfungsvorbereitungskursen und verschiedenen Seminaren vor.
Be You!
Bei uns steht der Mensch im Fokus. Wir leben eine Unternehmenskultur der Offenheit sowie Wertschätzung und garantieren allen Mitarbeiter:innen und Kandidat:innen Chancengleichheit. So schaffen wir ein Umfeld, in dem das persönliche Potenzial bestmöglich entfaltet werden kann.
Starte durch bei der HDI Group!
Innerhalb der HDI Group bündeln wir die Aufgaben für die verschiedenen Gesellschaften in der Privat- und Firmenversicherung sowie der Industrieversicherung. Bei uns hast Du die Chance, immer wieder neue Wege zu entdecken, gemeinsam mit uns zu wachsen und Dich weiterzuentwickeln.",,,ausbildung_de,https://www.ausbildung.de/stellen/ausbildung-als-fachinformatiker-in-anwendungsentwicklung-bei-hdi-ag-in-hannover-2332e5bb-68e7-4148-b140-3aca607ef23e/,False,,73,2026-06-11T11:11:37.435400+00:00
AD-83b0a68a-1768-4dc8-a323-c4aadad31823,ausbildung_de_ae,psb intralogistics GmbH,,Pirmasens,Pirmasens Rheinland-Pfalz,"Ausbildung als Fachinformatiker/in für Anwendungsentwicklung (m/w/d)

Das lernst du bei uns
- Entwickeln und Programmieren kundenspezifischer Softwareanwendungen
- Testen und Dokumentieren von Anwendungen
- Modifizieren bestehender Anwendungen
- Einsetzen von Methoden der Projektplanung, -durchführung und -kontrolle
- Anwenden von Software-Entwicklungswerkzeugen
- Entwickeln anwendungsgerechter und ergonomischer Bedienoberflächen
- Fehlerbehebung durch Einsatz von Experten- und Diagnosesystemen
- Präsentation von Anwendungen
- Beratung und Schulung der Benutzer

Das solltest du mitbringen
- Guter Realschulabschluss oder Fachabitur
- Interesse an Informatik und Softwareentwicklung
- Gute Kenntnisse in Mathematik bilden eine solide Grundlage
- Sorgfältige und zuverlässige Arbeitsweise
- Teamfähigkeit und Kommunikationsstärke

Das bieten wir dir
- Eine fundierte Ausbildung mit breitem fachlichem Spektrum
- Attraktive Ausbildungsvergütung
- Fahrtkostenzuschuss zur Berufsschule, Zuschüsse zu Lehrmitteln
- Freistellung für Prüfungen und Unterstützung bei der Vorbereitung
- Azubi-Events, gemeinsame Grillfeste und Betriebsveranstaltungen
- Kantine mit vergünstigtem Mittagessen, Arbeitskleidung wird gestellt
- Betriebliche Altersvorsorge und weitere Sozialleistungen
- Übernahmegarantie
Deine Perspektiven
Als Fachinformatiker entwickelst du bei psb Softwarelösungen für unsere Intralogistiksysteme weiter, unterstützt interne Fachbereiche und trägst zur Digitalisierung im Unternehmen bei. Dank der Übernahmegarantie kannst du direkt nach deiner Ausbildung durchstarten und tiefer in unsere Projekte einsteigen – mit langfristiger Perspektive in unserem Entwicklungsteam.
Über uns
psb intralogistics ist seit über 70 Jahren ein zuverlässiger Partner für komplexe Intralogistiklösungen. Mit rund 520 Mitarbeitenden entwickeln und realisieren wir maßgeschneiderte Systeme für Kunden weltweit – von der Mechanik über die Steuerung bis zur Software. Als Ausbildungsbetrieb legen wir großen Wert auf Qualität, persönliche Betreuung und langfristige Entwicklungsperspektiven.
Interesse geweckt?
Dann freuen wir uns über Deine aussagekräftige Bewerbung an unsere Personalabteilung, Frau Jasmin Forseth.","1. Jahr: 1261 €
2. Jahr: 1328 €
3. Jahr: 1419 €","Das solltest du mitbringen
- Guter Realschulabschluss oder Fachabitur
- Interesse an Informatik und Softwareentwicklung
- Gute Kenntnisse in Mathematik bilden eine solide Grundlage
- Sorgfältige und zuverlässige Arbeitsweise
- Teamfähigkeit und Kommunikationsstärke",Ausbildung | als Fachinformatiker/in für Anwendungsentwicklung (m/w/d),"Arbeiten bei psbDu begeisterst dich für Technik? Dann bist du bei psb richtig!Als erfolgreich am Markt agierendes mittelständisches Familienunternehmen bieten wir einen sicheren Arbeitsplatz und vielseitige Aufgaben in einer expandierenden Branche. Ein Team von mehr als 520 Mitarbeitern plant und realisiert Intralogistik-Anlagen für viele Branchen.An unserem Firmensitz in Pirmasens arbeiten Spezialisten für Planung, Entwicklung, Konstruktion, SPS-Programmierung und Software. Da die Anlagen zudem von unseren eigenen Mitarbeitern gefertigt und montiert werden, gehören auch viele Fachkräfte aus diesen Bereichen zu unserem Mitarbeiterstamm. Ausbildung bei psb Eine Ausbildung bei psb ist ein starker erster Schritt in eine berufliche Zukunft, in der dir alle Möglichkeiten offenstehen.psb bildet in vielen verschiedenen technischen Berufen aus. Eines haben alle diese Ausbildungen gemeinsam, egal ob in unserer großen und modernen Lehrwerkstatt oder in den Fachabteilungen: Du profitierst von einer praxisnahen, abwechslungsreichen und intensiven Betreuung durch erfahrene und engagierte Ausbilder.Du lernst nicht nur in einer faszinierenden Branche mit High-Tech Produkten, sondern wirst bereits frühzeitig in die Realisierung von Kundenprojekten eingebunden. Und das Beste: du wirst nach deiner erfolgreich bestandenen Ausbildung garantiert übernommen!Was du von uns erwarten darfstDu lernst nicht nur in einer faszinierenden Branche mit High-Tech Produkten, sondern wirst bereits frühzeitig in die Realisierung von Kundenprojekten eingebunden. Und das Beste: du wirst nach deiner erfolgreich bestandenen Ausbildung garantiert übernommen!Was wir dir sonst noch bieten können: Fahrkostenzuschuss zur Berufsschule Zuschuss zu den Lehrmitteln Eigene, sehr gut ausgestattete Lehrwerkstatt Bezahlte Freistellung zur Prüfungsvorbereitung Regelmäßige Events- und Teamtage, wie z.B. unser Azubi-Grillfest Übernahmegarantie Eigene Kantine mit Bezuschussung","Das bieten wir dir
- Eine fundierte Ausbildung mit breitem fachlichem Spektrum
- Attraktive Ausbildungsvergütung
- Fahrtkostenzuschuss zur Berufsschule, Zuschüsse zu Lehrmitteln
- Freistellung für Prüfungen und Unterstützung bei der Vorbereitung
- Azubi-Events, gemeinsame Grillfeste und Betriebsveranstaltungen
- Kantine mit vergünstigtem Mittagessen, Arbeitskleidung wird gestellt
- Betriebliche Altersvorsorge und weitere Sozialleistungen
- Übernahmegarantie
Deine Perspektiven
Als Fachinformatiker entwickelst du bei psb Softwarelösungen für unsere Intralogistiksysteme weiter, unterstützt interne Fachbereiche und trägst zur Digitalisierung im Unternehmen bei. Dank der Übernahmegarantie kannst du direkt nach deiner Ausbildung durchstarten und tiefer in unsere Projekte einsteigen – mit langfristiger Perspektive in unserem Entwicklungsteam.
Über uns
psb intralogistics ist seit über 70 Jahren ein zuverlässiger Partner für komplexe Intralogistiklösungen. Mit rund 520 Mitarbeitenden entwickeln und realisieren wir maßgeschneiderte Systeme für Kunden weltweit – von der Mechanik über die Steuerung bis zur Software. Als Ausbildungsbetrieb legen wir großen Wert auf Qualität, persönliche Betreuung und langfristige Entwicklungsperspektiven.
Interesse geweckt?
Dann freuen wir uns über Deine aussagekräftige Bewerbung an unsere Personalabteilung, Frau Jasmin Forseth.",https://www.psb-gmbh.de/,https://www.psb-gmbh.de/,company,karriere@psb-gmbh.de,https://www.ausbildung.de/direktbewerbung/ausbildung-als-fachinformatiker-in-fuer-anwendungsentwicklung-m-w-d-bei-psb-intralogistics-gmbh-in-pirmasens-9b59ebc1-134e-4c6a-9978-029aa306beab/,https://www.ausbildung.de/direktbewerbung/ausbildung-als-fachinformatiker-in-fuer-anwendungsentwicklung-m-w-d-bei-psb-intralogistics-gmbh-in-pirmasens-9b59ebc1-134e-4c6a-9978-029aa306beab/,https://www.ausbildung.de/direktbewerbung/ausbildung-als-fachinformatiker-in-fuer-anwendungsentwicklung-m-w-d-bei-psb-intralogistics-gmbh-in-pirmasens-9b59ebc1-134e-4c6a-9978-029aa306beab/,externe,,"- Gute Englischkenntnisse sind wichtig - technische Unterlagen werden teilweise auf Englisch geführt
So läuft deine Ausbildung ab
- Dauer: 3 Jahre (Verkürzung möglich bei sehr guten Leistungen)
- Unterricht an der Berufsschule, kombiniert mit praktischer Arbeit im Betrieb
- Persönliche Betreuung durch erfahrene Ausbilder
- Regelmäßiger Austausch und enge Zusammenarbeit mit anderen Azubis und praxisnahe Projekte
- Während deiner Ausbildung wirst du in der Softwareentwicklung und der IT Abteilung eingesetzt",,ausbildung_de,https://www.ausbildung.de/stellen/ausbildung-als-fachinformatiker-in-fuer-anwendungsentwicklung-m-w-d-bei-psb-intralogistics-gmbh-in-pirmasens-9b59ebc1-134e-4c6a-9978-029aa306beab/,False,,87,2026-06-11T11:11:39.566984+00:00
AD-d28ddcd4-a2da-45c6-b3a9-a370f4b9ae21,ausbildung_de_ae,Globus Baumarkt (Globus Fachmärkte GmbH & Co. KG),,Völklingen,Zechenstraße 66333 Völklingen Saarland,"Ausbildung / Auszubildender (m/w/d) zum Fachinformatiker für Anwendungsentwicklung - Ab August 2026

Mittlere Reife",,Mittlere Reife,Ausbildung | / Auszubildender (m/w/d) zum Fachinformatiker für Anwendungsentwicklung - Ab August 2026,"Globus Baumarkt kennt man, oder? Bei uns geben täglich rund 9.000 Mitarbeiter in unseren 90 Märkten in Deutschland und Luxemburg ihr Bestes, um unsere Kunden zufrieden zu stellen. Hiervon sorgen circa 700 Mitarbeiter in unserer Zentrale in Völklingen im Hintergrund dafür, dass alle Abläufe in den Märkten reibungslos funktionieren. Sei es unsere IT-Abteilung, unser Einkauf, unsere Personalabteilung oder einer unserer vielen anderen Bereiche. Berufliche Vielfalt bei Globus Baumarkt ist bei Globus Baumarkt garantiert!Wenn Du an eine Ausbildung bei Globus Baumarkt denkst, kommt Dir wahrscheinlich nur der Einzelhandelskaufmann oder der Verkäufer in den Sinn, richtig? Doch wusstest Du, dass Du bei uns aus insgesamt 12 Ausbildungsberufen wählen kannst?In unserer Koordination (Zentrale) in Völklingen kannst Du zwischen fünf verschiedenen Ausbildungsberufen aus den Bereichen IT, E-Commerce, Marketing und Büromanagement wählen.In unseren Märkten hast Du acht verschiedene Ausbildungsberufe zur Auswahl. Wir bilden hier nicht nur den klassischen Verkäufer oder Einzelhandelskaufmann aus, sondern Du kannst Dich bei uns beispielsweise auch zum Koch oder Systemgastronomen ausbilden lassen.Du bist dir noch unsicher, welche Ausbildung zu dir passt? Check unsere Karriereseite und erfahre mehr über die einzelnen Ausbildungsinhalte: https://www.globus-baumarkt.de/info/karriere/ausbildung/ PS: Bewerben geht bei uns auch super easy! Ohne Anschreiben und auch gerne per WhatsApp. Check dazu gerne unsere offenen Ausbildungsstellen auf unserer Karriereseite: https://www.globus-baumarkt.de/info/karriere",,https://www.globus-baumarkt.de/,https://www.globus-baumarkt.de/,company,,https://jobdb.softgarden.de/jobdb/public/jobposting/applyonline/click?jp=64278943,https://jobdb.softgarden.de/jobdb/public/jobposting/applyonline/click?jp=64278943,https://jobdb.softgarden.de/jobdb/public/jobposting/applyonline/click?jp=64278943,externe,Ansprechpartner: Herr Uli de Maddalena,,,ausbildung_de,https://www.ausbildung.de/stellen/ausbildung-auszubildender-m-w-d-zum-fachinformatiker-fuer-anwendungsentwicklung-ab-august-2026-bei-globus-baumarkt-globus-fachmaerkte-gmbh-co-kg-in-voelklingen-77efea55-a06b-4c55-bc48-47b5d8a80953/,False,,67,2026-06-11T11:11:41.251656+00:00
AD-30476c57-a005-46ae-b0a2-bdcdce096643,ausbildung_de_ae,CGI Deutschland B.V. & Co. KG,,Leinfelden-Echterdingen,Leinfelder Str. 60 70771 Leinfelden-Echterdingen Baden-Württemberg,"Ausbildung – Fachinformatiker Anwendungsentwicklung 2026 (m/w/d)

Mittlere Reife

Was wir bieten:
- Bei uns findest du Kolleg:innen, mit denen die Zusammenarbeit Spaß macht. Wir begegnen uns offen, duzen uns über alle Positionen hinweg und denken nicht in Hierarchien oder Silos.
- Du arbeitest meist direkt an deinem Heimatort – weil wir Kundennähe wörtlich nehmen und uns Work-Life-Balance am Herzen liegt.
- Du profitierst von flexiblen Arbeitszeiten und hast je nach Kundensituation die Möglichkeit, von zuhause zu arbeiten.
- Die richtigen Trainings und Zertifikate bringen deine Weiterbildung voran. Unsere E-Learning-Plattform Academia ermöglicht dir das Lernen, wo und wann du willst.
- Einen Teil deines Bruttogehalts kannst du in CGI Aktien investieren – bis maximal 3 % des Monatsgehalts geben wir für jeden Euro einen weiteren hinzu.
- Außerdem beteiligen wir dich am Unternehmenserfolg: Du erhältst eine Gewinnbeteiligung, die sich danach richtet, wie wir als Unternehmen unsere finanziellen Ziele erreichen konnten.
- Wir bieten verschiedene Modelle, damit du mobil sein kannst.
- Sabbatical oder Elternzeit werden unterstützt. Sie sind bei uns kein Karriere-Stopper!
- Wir sind an deiner Seite, auch wenn es einmal nicht so gut läuft: Du kannst Sonderurlaub nehmen, und unsere Beratungshotline steht dir immer zur Verfügung.
- Eine Vielzahl an gemeinsamen Events und Freizeitaktivitäten stärkt deine Verbundenheit mit deinen Kolleg:innen.
Stellenbeschreibung
Du interessierst dich für Software und dafür, wie moderne Anwendungen entstehen und funktionieren? Du möchtest mit Technologien arbeiten, die sich stetig weiterentwickeln und in realen Industrieprojekten eingesetzt werden? Dann bist du bei uns genau richtig.
Bewirb dich jetzt um einen Ausbildungsplatz zum Fachinformatiker (m/w/d) Fachrichtung Anwendungsentwicklung in unserer Einheit Greater Stuttgart Metro und werde Teil eines engagierten Teams an einem unserer Standorte, mit Schwerpunkt am Ausbildungsstandort Leinfelden-Echterdingen.
Wir entwickeln und realisieren innovative Softwarelösungen für Kunden aus den Bereichen Automotive und Manufacturing. Dabei unterstützen wir unsere Kunden entlang der gesamten Wertschöpfungskette – von der Analyse über die Entwicklung bis hin zum Betrieb moderner IT- und Cloud-Lösungen.
Während deiner dreijährigen Ausbildung zum Fachinformatiker für Anwendungsentwicklung lernst du, fachliche Anforderungen zu analysieren, Softwarelösungen zu konzipieren und diese mit aktuellen Programmiersprachen, Frameworks und Technologien umzusetzen. Du arbeitest an praxisnahen Projekten, lernst den Einsatz von Design Patterns kennen und bekommst Einblicke in moderne Cloud- und Industrieanwendungen.
Die Ausbildung endet mit der erfolgreich bestandenen Prüfung vor der Industrie- und Handelskammer (IHK) und wird über die gesamte Dauer attraktiv vergütet. Uns ist eine qualitativ hochwertige Ausbildung besonders wichtig – mit dem Ziel, dich langfristig für eine gemeinsame Zukunft in unserem Unternehmen zu gewinnen.
Wir wählen unsere Nachwuchskräfte sorgfältig aus und freuen uns darauf, auch nach deiner Ausbildung gemeinsam mit dir innovative Softwarelösungen für unsere Kunden zu realisieren.
Aufgaben:
Deine Ausbildung bei Greater Stuttgart Metro
- Deine Ausbildung hat für uns einen hohen Stellenwert. Deshalb bist du vom ersten Tag an ein fester Bestandteil unseres Teams – entsprechend ist auch unser Ausbildungskonzept aufgebaut.
- In den ersten beiden Ausbildungsjahren durchläufst du verschiedene agile Teams und Projekte und erhältst einen breiten Einblick in unsere Arbeitsweise und Technologien.
- Im dritten Ausbildungsjahr spezialisierst du dich fachlich und legst gemeinsam mit uns deine zukünftigen Zieltechnologien fest.
- Du arbeitest in den Projekten Seite an Seite mit unseren Spezialistinnen und Spezialisten und nimmst aktiv an Meetings und Abstimmungen teil.
- Bereits während deiner Ausbildung legst du den Grundstein für deine Karriere als Developer oder Software Architect und arbeitest direkt mit erfahrenen Experten in diesen Rollen zusammen.
- Schritt für Schritt machen wir dich mit Cloud-Technologien, unseren Partnern sowie unseren Kunden aus Automotive und Manufacturing vertraut.
Strukturierte Begleitung während der gesamten Ausbildung
- Regelmäßige Azubi-Teammeetings sorgen für Austausch, Feedback und gemeinsame Weiterentwicklung.
- Wir bieten dir zielgerichtete Seminare und Trainings, auch zu Themen jenseits der reinen Technologie.
- Auf deine Prüfungen vor der Industrie- und Handelskammer (IHK) bereiten wir dich kontinuierlich und intensiv vor.
Was uns darüber hinaus wichtig ist
- Du bist nie allein – unsere Ausbilderinnen und Ausbilder haben jederzeit ein offenes Ohr für dich.
- Unsere Member verstehen sich als Team, auch außerhalb der Projekte, und unterstützen sich gegenseitig im Arbeitsalltag.
- Dich erwartet ein angenehmes Arbeitsumfeld mit modernen Offices an unseren Standorten in Leinfelden-Echterdingen, Mannheim, Aalen, Karlsruhe und Zweibrücken.
- Für deine tägliche Arbeit stellen wir dir einen mobilen Arbeitsplatz inklusive Laptop und Smartphone zur Verfügung.
Qualifikation:
Dein Antrieb für die Ausbildung
- Technik und Innovation sind für dich ein fester Bestandteil deines Alltags.
- Du hast bereits erste Erfahrungen im technischen Umfeld gesammelt – sei es in der Schule, privat oder im Studium.
- Du hast Freude am Lernen und bist motiviert, dich neuen fachlichen und technologischen Herausforderungen zu stellen.
- Du arbeitest gerne im Team, übernimmst Verantwortung und gehst Aufgaben strukturiert sowie gewissenhaft an.","1. Jahr: 1150 €
2. Jahr: 1275 €
3. Jahr: 1400 €",Mittlere Reife,Ausbildung | – Fachinformatiker Anwendungsentwicklung 2026 (m/w/d),"CGI ist einer der weltweit größten Anbieter für IT und Business Consulting mit mehr als 94.000 Mitarbeitenden. Die Basis für unseren Erfolg und unsere einzigartige Unternehmenskultur ist unser Ownership-Modell: Unsere Mitarbeitenden sind Aktionäre und verstehen sich als CGI Partner. Getreu nach unserem Anspruch „Together as owners, let‘s turn meaningful insights into action“ gestalten wir gemeinsam unser Unternehmen. In Zusammenarbeit mit Kolleg:innen und Kunden entwickelst du innovative Lösungen und wirkst an der Zukunft von Wirtschaft und Gesellschaft mit. CGI unterstützt dich dabei, dein volles Potenzial zu entfalten – zum Beispiel mit größtmöglicher Flexibilität und einem inspirierenden Arbeitsumfeld, in dem du beruflich und persönlich wachsen kannst. Wir freuen uns auf dich!","Was wir bieten:
- Bei uns findest du Kolleg:innen, mit denen die Zusammenarbeit Spaß macht. Wir begegnen uns offen, duzen uns über alle Positionen hinweg und denken nicht in Hierarchien oder Silos.
- Du arbeitest meist direkt an deinem Heimatort – weil wir Kundennähe wörtlich nehmen und uns Work-Life-Balance am Herzen liegt.
- Du profitierst von flexiblen Arbeitszeiten und hast je nach Kundensituation die Möglichkeit, von zuhause zu arbeiten.
- Die richtigen Trainings und Zertifikate bringen deine Weiterbildung voran. Unsere E-Learning-Plattform Academia ermöglicht dir das Lernen, wo und wann du willst.
- Einen Teil deines Bruttogehalts kannst du in CGI Aktien investieren – bis maximal 3 % des Monatsgehalts geben wir für jeden Euro einen weiteren hinzu.
- Außerdem beteiligen wir dich am Unternehmenserfolg: Du erhältst eine Gewinnbeteiligung, die sich danach richtet, wie wir als Unternehmen unsere finanziellen Ziele erreichen konnten.
- Wir bieten verschiedene Modelle, damit du mobil sein kannst.
- Sabbatical oder Elternzeit werden unterstützt. Sie sind bei uns kein Karriere-Stopper!
- Wir sind an deiner Seite, auch wenn es einmal nicht so gut läuft: Du kannst Sonderurlaub nehmen, und unsere Beratungshotline steht dir immer zur Verfügung.
- Eine Vielzahl an gemeinsamen Events und Freizeitaktivitäten stärkt deine Verbundenheit mit deinen Kolleg:innen.
Stellenbeschreibung
Du interessierst dich für Software und dafür, wie moderne Anwendungen entstehen und funktionieren? Du möchtest mit Technologien arbeiten, die sich stetig weiterentwickeln und in realen Industrieprojekten eingesetzt werden? Dann bist du bei uns genau richtig.
Bewirb dich jetzt um einen Ausbildungsplatz zum Fachinformatiker (m/w/d) Fachrichtung Anwendungsentwicklung in unserer Einheit Greater Stuttgart Metro und werde Teil eines engagierten Teams an einem unserer Standorte, mit Schwerpunkt am Ausbildungsstandort Leinfelden-Echterdingen.
Wir entwickeln und realisieren innovative Softwarelösungen für Kunden aus den Bereichen Automotive und Manufacturing. Dabei unterstützen wir unsere Kunden entlang der gesamten Wertschöpfungskette – von der Analyse über die Entwicklung bis hin zum Betrieb moderner IT- und Cloud-Lösungen.
Während deiner dreijährigen Ausbildung zum Fachinformatiker für Anwendungsentwicklung lernst du, fachliche Anforderungen zu analysieren, Softwarelösungen zu konzipieren und diese mit aktuellen Programmiersprachen, Frameworks und Technologien umzusetzen. Du arbeitest an praxisnahen Projekten, lernst den Einsatz von Design Patterns kennen und bekommst Einblicke in moderne Cloud- und Industrieanwendungen.
Die Ausbildung endet mit der erfolgreich bestandenen Prüfung vor der Industrie- und Handelskammer (IHK) und wird über die gesamte Dauer attraktiv vergütet. Uns ist eine qualitativ hochwertige Ausbildung besonders wichtig – mit dem Ziel, dich langfristig für eine gemeinsame Zukunft in unserem Unternehmen zu gewinnen.
Wir wählen unsere Nachwuchskräfte sorgfältig aus und freuen uns darauf, auch nach deiner Ausbildung gemeinsam mit dir innovative Softwarelösungen für unsere Kunden zu realisieren.
Aufgaben:
Deine Ausbildung bei Greater Stuttgart Metro
- Deine Ausbildung hat für uns einen hohen Stellenwert. Deshalb bist du vom ersten Tag an ein fester Bestandteil unseres Teams – entsprechend ist auch unser Ausbildungskonzept aufgebaut.
- In den ersten beiden Ausbildungsjahren durchläufst du verschiedene agile Teams und Projekte und erhältst einen breiten Einblick in unsere Arbeitsweise und Technologien.
- Im dritten Ausbildungsjahr spezialisierst du dich fachlich und legst gemeinsam mit uns deine zukünftigen Zieltechnologien fest.
- Du arbeitest in den Projekten Seite an Seite mit unseren Spezialistinnen und Spezialisten und nimmst aktiv an Meetings und Abstimmungen teil.
- Bereits während deiner Ausbildung legst du den Grundstein für deine Karriere als Developer oder Software Architect und arbeitest direkt mit erfahrenen Experten in diesen Rollen zusammen.
- Schritt für Schritt machen wir dich mit Cloud-Technologien, unseren Partnern sowie unseren Kunden aus Automotive und Manufacturing vertraut.
Strukturierte Begleitung während der gesamten Ausbildung
- Regelmäßige Azubi-Teammeetings sorgen für Austausch, Feedback und gemeinsame Weiterentwicklung.
- Wir bieten dir zielgerichtete Seminare und Trainings, auch zu Themen jenseits der reinen Technologie.
- Auf deine Prüfungen vor der Industrie- und Handelskammer (IHK) bereiten wir dich kontinuierlich und intensiv vor.
Was uns darüber hinaus wichtig ist
- Du bist nie allein – unsere Ausbilderinnen und Ausbilder haben jederzeit ein offenes Ohr für dich.
- Unsere Member verstehen sich als Team, auch außerhalb der Projekte, und unterstützen sich gegenseitig im Arbeitsalltag.
- Dich erwartet ein angenehmes Arbeitsumfeld mit modernen Offices an unseren Standorten in Leinfelden-Echterdingen, Mannheim, Aalen, Karlsruhe und Zweibrücken.
- Für deine tägliche Arbeit stellen wir dir einen mobilen Arbeitsplatz inklusive Laptop und Smartphone zur Verfügung.
Qualifikation:
Dein Antrieb für die Ausbildung
- Technik und Innovation sind für dich ein fester Bestandteil deines Alltags.
- Du hast bereits erste Erfahrungen im technischen Umfeld gesammelt – sei es in der Schule, privat oder im Studium.
- Du hast Freude am Lernen und bist motiviert, dich neuen fachlichen und technologischen Herausforderungen zu stellen.
- Du arbeitest gerne im Team, übernimmst Verantwortung und gehst Aufgaben strukturiert sowie gewissenhaft an.",https://www.cgi.com/de/de/karriere,https://www.cgi.com/de/de/karriere,company,,https://cgi.njoyn.com/corp/xweb/xweb.asp?clid=21001&page=jobdetails&jobid=J1225-1728&BRID=EX1257444&SBDID=1&LANG=4,https://cgi.njoyn.com/corp/xweb/xweb.asp?clid=21001&page=jobdetails&jobid=J1225-1728&BRID=EX1257444&SBDID=1&LANG=4,https://cgi.njoyn.com/corp/xweb/xweb.asp?clid=21001&page=jobdetails&jobid=J1225-1728&BRID=EX1257444&SBDID=1&LANG=4,externe,,"Bitte beachte: Für deine Bewerbung benötigen wir folgende Unterlagen:
Lebenslauf
- Zeugnisse
- Anschreiben
Unvollständige Bewerbungen können wir leider nicht berücksichtigen. Wir freuen uns auf deine vollständigen Unterlagen!",,ausbildung_de,https://www.ausbildung.de/stellen/ausbildung-fachinformatiker-anwendungsentwicklung-2026-m-w-d-bei-cgi-deutschland-b-v-co-kg-in-leinfelden-echterdingen-1ac40928-246e-427d-a2fa-ec5da37c9ca7/,False,,80,2026-06-11T11:11:43.141021+00:00
AD-006a94a3-539f-44e2-af92-7f73dc717f92,ausbildung_de_ae,eck*cellent IT GmbH,,Braunschweig,Theodor-Heuss-Straße 2 38122 Braunschweig Niedersachsen,"Ausbildung Fachinformatiker Anwendungsentwicklung (m/w/d)

Mittlere Reife",,Mittlere Reife,Ausbildung | Fachinformatiker Anwendungsentwicklung (m/w/d),"Wir entwickeln seit mehr als 20 Jahren individuelle Software mit Methode und gesundem Menschenverstand - von der ersten Idee bis zur Wartung - durch Einsatz bewährter Basistechnologien und neuesten Technologietrends. Dabei sind zufriedene Mitarbeiter und begeisterte Kunden unser höchstes Ziel.Mit Sozialkompetenz und transparentem Kommunikationsstil sind wir in Projekten mit den Schwerpunkten HMI, Automotive, Java, Software-Entwicklung, IT-Projekte, Forschung und Industrie 4.0, Mikrosystemtechnik, Medizintechnik und Fahrerassistenzsystemen tätig. Bereits früh haben wir uns mit Partnerfirmen und Forschungsinstituten in anwendungsorientierten Forschungsprojekten engagiert. Hohe Qualität durch effiziente Software-Entwicklungsprozesse: Wir sind nach DIN EN ISO 9001:2015 zertifiziert und unsere Mitarbeiter sind mit Techniken wie ERM, UML und OOA/OOD vertraut. Wir arbeiten nach Standards wie SCRUM, CMMI, V-Modell XT, MISRA C, Automotive SPICE® sowie nach projektspezifischen Qualitätsanforderungen.Wir sagen, was wir denken und meinen, was wir sagen ... Es gibt immer Zeit, sich gegenseitig zu unterstützen Wir kommunizieren offen und begegnen uns auf Augenhöhe Miteinander ist die bessere Hierarchie Beruf und Familie sind kein Entweder-Oder Langfristig muss nicht gleich langweilig sein ... und wir suchen Menschen, die diese Werte teilen! Unsere Azubis berichten: https://eckcellent-it.blog/lernen-im-team-ausbildung-bei-eckcellent-it/Details zu Deinem ersten Tag bei uns: https://eckcellent-it.blog/onboarding/",,https://eckcellent-it.de/,https://eckcellent-it.de/,company,bewerbung@eckcellent-it.de,https://www.ausbildung.de/direktbewerbung/ausbildung-fachinformatiker-anwendungsentwicklung-m-w-d-bei-eck-cellent-it-gmbh-in-braunschweig-e28c211a-051c-4f0f-a5bb-42e1951c4041/,https://www.ausbildung.de/direktbewerbung/ausbildung-fachinformatiker-anwendungsentwicklung-m-w-d-bei-eck-cellent-it-gmbh-in-braunschweig-e28c211a-051c-4f0f-a5bb-42e1951c4041/,https://www.ausbildung.de/direktbewerbung/ausbildung-fachinformatiker-anwendungsentwicklung-m-w-d-bei-eck-cellent-it-gmbh-in-braunschweig-e28c211a-051c-4f0f-a5bb-42e1951c4041/,externe,,"Schick uns Deine Bewerbungsunterlagen per E-Mail als PDF-Datei mit Anschreiben, Lebenslauf (mit Telefonnummer!), Zeugnissen, Praktikumsnachweisen o.ä., Zertifikaten, ggf. Leistungsnachweisen aus dem Studium.
Was passiert, wenn Du Dich beworben hast?
- Du erhältst eine Eingangsbestätigung (ggf. mit Rückfragen)
- Die Bewerberauswahl findet statt
- ggf. werden weitere Fragen telefonisch geklärt und ein persönlicher Vorstellungstermin vereinbart
- Du erhältst innerhalb kurzer Zeit eine Zu- oder Absage",,ausbildung_de,https://www.ausbildung.de/stellen/ausbildung-fachinformatiker-anwendungsentwicklung-m-w-d-bei-eck-cellent-it-gmbh-in-braunschweig-e28c211a-051c-4f0f-a5bb-42e1951c4041/,False,,73,2026-06-11T11:11:45.866098+00:00
AD-623d509c-d1a7-40e8-bfd5-a03c771f4e3c,ausbildung_de_ae,NTT Germany AG & Co. KG,,Bad Homburg vor der Höhe,Horexstraße 7 61352 Bad Homburg vor der Höhe Hessen,"Ausbildung Fachinformatiker/in für Anwendungsentwicklung (m/w/d)

Deine Aufgaben:
- Entwicklung und Implementierung von Softwarelösungen
- Programmierung in verschiedenen Sprachen und Frameworks
- Mitwirkung an spannenden IT-Projekten
Was Du mitbringen solltest:
- Vorkenntnisse in einer höheren Programmiersprache (C++, .NET, Python oder Java) zwingend erforderlich
- Wir setzen grundlegende Kenntnisse in HTML, PHP oder JavaScript voraus
- Interesse an aktuellen Technologien und Trends
- Teamfähigkeit und eigenständige Arbeitsweise
- Deutschkenntnisse auf C1 level
- Dein Wohnsitz liegt in Deutschland, in der Nähe zu unserem Headquarter in Bad Homburg

Mittlere Reife

Wir bieten Dir:
- Eine fundierte Ausbildung in einem zukunftsorientierten Bereich
- Ein motiviertes Team, in dem ein vertrauensvolles Miteinander selbstverständlich ist und eine angenehme Arbeitsatmosphäre herrscht
- Es werden auf die individuellen Interessen der Azubis eingegangen und Ideen der Auszubildenden werden gehört – Du als Azubi stehst mit Deinen Interessen im Mittelpunkt
- Dir wird die Möglichkeit der individuellen Weiterentwicklung geboten
- Einen festen Arbeitsplatz mit modernster IT Ausstattung (Laptop, Firmenhandy, Monitor...)
- DeutschlandTicket
Dich erwarten spannende und anspruchsvolle Entwicklungsmöglichkeiten in einem modernen und globalen Unternehmen. Innerbetrieblicher Unterricht, Prüfungsvorbereitungen für Deine IHK-Prüfung und das Erlangen von ersten Herstellerzertifizierungen (z.B. Microsoft, Cisco, Kubernetes) sind für uns selbstverständlich. Die Aufgaben sind sehr abwechslungsreich, gleichzeitig ist ein hohes Maß an Selbständigkeit gefragt.
Hört sich nach Deinem Traumjob an? Lass es uns gemeinsam herausfinden. Wir freuen uns auf Deine Bewerbung! Auch Studienabbrecher sind herzlich willkommen!","1. Jahr: 1050 €
2. Jahr: 1150 €
3. Jahr: 1250 €",Mittlere Reife,Ausbildung | Fachinformatiker/in für Anwendungsentwicklung (m/w/d),.,"Wir bieten Dir:
- Eine fundierte Ausbildung in einem zukunftsorientierten Bereich
- Ein motiviertes Team, in dem ein vertrauensvolles Miteinander selbstverständlich ist und eine angenehme Arbeitsatmosphäre herrscht
- Es werden auf die individuellen Interessen der Azubis eingegangen und Ideen der Auszubildenden werden gehört – Du als Azubi stehst mit Deinen Interessen im Mittelpunkt
- Dir wird die Möglichkeit der individuellen Weiterentwicklung geboten
- Einen festen Arbeitsplatz mit modernster IT Ausstattung (Laptop, Firmenhandy, Monitor...)
- DeutschlandTicket
Dich erwarten spannende und anspruchsvolle Entwicklungsmöglichkeiten in einem modernen und globalen Unternehmen. Innerbetrieblicher Unterricht, Prüfungsvorbereitungen für Deine IHK-Prüfung und das Erlangen von ersten Herstellerzertifizierungen (z.B. Microsoft, Cisco, Kubernetes) sind für uns selbstverständlich. Die Aufgaben sind sehr abwechslungsreich, gleichzeitig ist ein hohes Maß an Selbständigkeit gefragt.
Hört sich nach Deinem Traumjob an? Lass es uns gemeinsam herausfinden. Wir freuen uns auf Deine Bewerbung! Auch Studienabbrecher sind herzlich willkommen!",https://www.ausbildung.de/unternehmen/ntt-ltd-group-services-united-kingdom-limited/stellen/,,partner_portal,ak.schmidt@global.ntt,https://www.ausbildung.de/direktbewerbung/ausbildung-fachinformatiker-anwendungsentwicklung-m-w-d-fuer-das-ausbildungsjahr-2026-bei-ntt-germany-ag-co-kg-in-bad-homburg-vor-der-hoehe-a8aae3fc-168d-4096-aef7-06f9480b9ba6/,https://www.ausbildung.de/direktbewerbung/ausbildung-fachinformatiker-anwendungsentwicklung-m-w-d-fuer-das-ausbildungsjahr-2026-bei-ntt-germany-ag-co-kg-in-bad-homburg-vor-der-hoehe-a8aae3fc-168d-4096-aef7-06f9480b9ba6/,https://www.ausbildung.de/direktbewerbung/ausbildung-fachinformatiker-anwendungsentwicklung-m-w-d-fuer-das-ausbildungsjahr-2026-bei-ntt-germany-ag-co-kg-in-bad-homburg-vor-der-hoehe-a8aae3fc-168d-4096-aef7-06f9480b9ba6/,externe,,,,ausbildung_de,https://www.ausbildung.de/stellen/ausbildung-fachinformatiker-anwendungsentwicklung-m-w-d-fuer-das-ausbildungsjahr-2026-bei-ntt-germany-ag-co-kg-in-bad-homburg-vor-der-hoehe-a8aae3fc-168d-4096-aef7-06f9480b9ba6/,False,,80,2026-06-11T11:11:49.439231+00:00
AD-99195e6a-8677-46ed-8dca-cceea2084755,ausbildung_de_ae,Otto GmbH & Co. KGaA,,Hamburg,Werner-Otto-Straße 1-7 22179 Hamburg Hamburg,"Ausbildung Fachinformatiker Anwendungsentwicklung (w/m/d) | 01.09.2027

Mittlere Reife","1. Jahr: 1297 €
2. Jahr: 1348 €
3. Jahr: 1459 €",Mittlere Reife,Ausbildung | Fachinformatiker Anwendungsentwicklung (w/m/d) | 01.09.2027,"Herzlich willkommen bei OTTODu willst dich aktiv einbringen, deine Ausbildung oder dein duales Studium mitgestalten und OTTO als Ausbilder kennenlernen? Ja dann: Moin Moin aus Hamburg! Das machen wir bei OTTOEs dreht sich alles um unsere riesige Onlineshopping-Plattform. Wir bieten mehr als 19 Millionen Produkte an und haben über 6.100 Market-Partner*innen. Damit sind wir einer der führenden deutschen Onlineshops und immer technologiegetrieben. Bei uns wirst du keine Langweile haben, denn dein Potenzial werden wir fördern. Als Familienunternehmen ist Menschlichkeit für uns zentral: wir bleiben persönlich und immer auf Augenhöhe.Das macht OTTO besondersUns ist wichtig, dass du einen guten Start hast. Dafür sorgen bei OTTO engagierte Fachausbilder*innen, die an deiner Seite stehen und dich vor Ort unterstützen. Mit unserem Onboarding-Programm bist du startklar und legst erste Grundsteine für dein soziales Netzwerk in unserem Unternehmen. Denn wie schon erwähnt: Wir pflegen ein freundschaftliches Miteinander. Die Menschen stehen bei uns im Mittelpunkt. Wir stehen für Offenheit, Respekt und Toleranz – ohne Wenn und Aber. Du bist für uns einmalig und genau das suchen wir. Bring deine Ideen mit ein, treibe Projekte voran, engagiere dich für dein Herzensthema, probiere Dinge aus, sei innovativ, gestalte OTTO aktiv mit. Bei uns lernst du nicht nur viel, sondern hast auch tolle Benefits: 37,5 Stundenwoche Flexibles Arbeiten (im Headquarter und bis zu 50% mobil) Übertarifliches Ausbildungsgehalt Weihnachts- und Urlaubsgeld Eigenes Notebook Viele Vergünstigungen, u.a. einen Zuschuss zum Deutschlandticket, Personalrabatt Auslandssemester und Studienreisen in Kooperation mit Berufsschule/ Hochschule möglich Das bieten wir dir auch noch: Intensives Onboarding für einen gelungenen Start Vielfältige Einsatzplätze u.a. im E-Commerce, Einkauf, Marketing Persönliche Betreuung durch das Ausbildungsteam Umfangreiche Events und Trainings Die Möglichkeit, dich während der Ausbildung zu engagieren, z.B. beim Azubiblog, als Jobbotschafter*in, in unserem TikTok-Team oder in sozialen Projekten.",,http://www.otto.de/jobs,http://www.otto.de/jobs,company,,https://www.otto.de/jobs/obb/index.php?offid=03575623&bid=950003,https://www.otto.de/jobs/obb/index.php?offid=03575623&bid=950003,https://www.otto.de/jobs/obb/index.php?offid=03575623&bid=950003,externe,,,,ausbildung_de,https://www.ausbildung.de/stellen/ausbildung-fachinformatiker-anwendungsentwicklung-w-m-d-01-09-2027-bei-otto-gmbh-co-kgaa-in-hamburg-216e105e-7402-4fec-89b4-e74a07812e40/,False,,67,2026-06-11T11:11:51.768207+00:00
AD-b21206ae-2a0e-4580-920e-ef1320689c04,ausbildung_de_ae,Debeka Versicherungsvereine aG,,Koblenz,Debeka-Platz 56073 Koblenz Rheinland-Pfalz,"Ausbildung Fachinformatiker Anwendungsentwicklung (w/m/d) - August 2026

Mittlere Reife",,Mittlere Reife,Ausbildung | Fachinformatiker Anwendungsentwicklung (w/m/d) - August 2026,"Die Debeka-Gruppe gehört mit ihrem vielfältigen Versicherungs- und Finanzdienstleistungsangebot zu den Top Ten der Versicherungs- und Bausparbranche. Sie wurde im Jahre 1905 gegründet und hat sich vom reinen Krankenversicherer für Beamte zu einer Versicherungsgruppe entwickelt, die Versicherungsschutz für alle privaten Haushalte bietet. Heute zählt Sie zu den erfolgreichsten Gruppen ihrer Art in Deutschland mit über 16.000 fest angestellten Mitarbeitern. Und mit über 1.500 Auszubildenden ist die Debeka der größte und erfolgreichste Ausbilder der Branche. Wir bieten unseren Mitarbeitern 14 Monatsgehälter und dazu vermögenswirksame Leistungen und eine betriebliche Altersvorsorge mit Arbeitgeberbeteiligung. Unsere Auszubildenden profitieren während und nach der Ausbildung von vielen Aus- und Weiterbildungsangeboten der Debeka-Akademie. Sie erhalten Kostenbeteiligungen und Freistellungen für Weiterbildungsmaßnahmen. Auch E-Learning mit unserem Debeka-Lernportal ist fester Bestandteil. Wir bieten so die Möglichkeit für gleichwertige Führungs-und Fachkarrieren.Neben flexiblen Arbeitszeiten, vielfältigen individuellen Arbeitszeitmodellen und flexiblen Arbeitsorten (durch alternierende Telearbeit), haben unsere Mitarbeiter einen Urlaubsanspruch von 30 Tagen pro Jahr.",,https://www.debeka.de/unternehmen/Karriere/index.html,https://www.debeka.de/unternehmen/Karriere/index.html,company,,https://debeka.wd3.myworkdayjobs.com/Karriere/job/Koblenz/Ausbildung-Fachinformatiker-Anwendungsentwicklung--w-m-d----Einstellung-August-2026_JR9107-1/apply,https://debeka.wd3.myworkdayjobs.com/Karriere/job/Koblenz/Ausbildung-Fachinformatiker-Anwendungsentwicklung--w-m-d----Einstellung-August-2026_JR9107-1/apply,https://debeka.wd3.myworkdayjobs.com/Karriere/job/Koblenz/Ausbildung-Fachinformatiker-Anwendungsentwicklung--w-m-d----Einstellung-August-2026_JR9107-1/apply,externe,"- Sie unterstützen Ihre Kolleginnen und Kollegen bei Fragen zu Anwendungen.
- Sie arbeiten mit unterschiedlichen Programmierlogiken, -methoden und -sprachen (z. B. Java).
- Sie wirken in spannenden Projekten mit.
Das wünschen wir uns
- Sie haben (bald) einen sehr guten Realschulabschluss, ein gutes Fachabitur oder Abitur.
- Sie sind stark in Informatik und Mathematik.
- Sie wollen sich persönlich und fachlich weiterentwickeln.
- Sie sind kommunikativ und arbeiten gerne im Team.",,,ausbildung_de,https://www.ausbildung.de/stellen/ausbildung-fachinformatiker-anwendungsentwicklung-w-m-d-august-2026-bei-debeka-versicherungsvereine-ag-in-koblenz-0555d2b4-995b-44e8-9498-db9c4d0c5105/,False,,67,2026-06-11T11:11:54.311270+00:00
AD-f5f69140-9d1d-4a25-90de-712cd92702df,ausbildung_de_ae,meap GmbH,,Witten,Witten Nordrhein-Westfalen,"Ausbildung Fachinformatiker* für Anwendungsentwicklung

Worin Deine Aufgaben bestehen
Entwicklung & Programmierung
- Coding: Du lernst webbasierte Programmiersprachen, HTML und CSS sowie Konzepte zur Softwareentwicklung (Software-Architektur & Design Patterns) kennen.
- Testing: Du überprüfst Software auf Fehler, testest neue Features und sorgst dafür, dass Anwendungen stabil und performant laufen.
- Dokumentation: Du erstellst Tutorials, Anwenderhandbücher und technische Dokumentationen für unsere Softwarelösungen und Produkte.
Systeme & Datenbanken
- Datenbanken: Du arbeitest mit SQL-Dialekten (MariaDB, postgreSQL & MySQL) und lernst den Aufbau relationaler Datenbankstrukturen.
- Integration: Du verbindest Anwendungen mit Backend-Systemen und Schnittstellen.
Teamwork
- Zusammenarbeit: Du arbeitest eng mit anderen Entwicklern, Systemadministratoren und Kollegen aus anderen Fachabteilungen zusammen.Praxisprojekte
- Projektmitarbeit: Du steigst früh in reale Kundenprojekten ein und kannst eigene Ideen einfließen lassen.
- Kundenkontakt: Du unterstützt dabei, Kundenwünsche zu erfassen, Lösungen vorzustellen und Anwender im Umgang mit Standard- oder Individualsoftware zu schulen.
Was Du mitbringen solltest
Bildungsweg & Vorwissen
(OR-Verknüpfung)
- Studium: Du hast ein Studium im Bereich der Informatik abgeschlossen oder begonnen und gemerkt, dass Dir die praktische Umsetzung mehr liegt.
- Ausbildung: Du bringst Wissen aus einer anderen IT-nahen Ausbildung mit und möchtest Dich auf die Konzeption von Software fokussieren.
- Selbsterlernt: Du hast Dir das Vorwissen selbst beigebracht und willst jetzt praxisnah und professionell einsteigen.
Persönlichkeit & Haltung
(AND-Verknüpfung)
- Lernfreude: Du willst Neues entdecken, an Dir arbeiten und jeden Tag ein Stück besser werden.
- Teamgeist: Du arbeitest gern mit anderen zusammen, tauschst Dich aus und bringst Ideen aktiv ein.
- Eigeninitiative: Du übernimmst Verantwortung, gehst Probleme an und suchst nach smarten Lösungen.
Bonus-Skills
- Erfahrungen: Du hast Dich bereits mit webbasierter Programmierung (z. B. PHP) beschäftigt.
- Projekte: Du hast schon eigene Projekte umgesetzt oder an Software mitgearbeitet? Dann schick uns gerne einen Link oder Beispiele.
Du hast Lust, professionellen Code zu schreiben, statt nur drüber zu reden? Dann starte Deine Entwicklerstory bei uns und zeig, was in Deinem Code steckt! Bewirb Dich jetzt!
WIR UNTERSTÜTZEN DICH IN FOLGENDEN PUNKTEN:
Die Vergütung während der Ausbildungszeit ist bei uns klar definiert:
- 1. Ausbildungsjahr: 1.250,00 € brutto
- 2. Ausbildungsjahr: 1.300,00 € brutto
- 3. Ausbildungsjahr: 1.350,00 € brutto
Außerdem unterstützen wir Dich in folgenden Punkten:
- Kostenübernahme Deines ÖPNV-Tickets
- Kostenübernahme Deiner Lernmaterialien wie Fachbücher, E-Learning-Angebote oder Material zum Vorbereiten auf Deine Zwischen- oder Abschlussprüfung
- Einräumen von freien Zeitslots zur Fertigstellung des Führerscheins
- Deutlich erhöhte Überstundenvergütung bei entsprechender Leistung
Das sind nur ein paar der Beispiele, die wir für unsere Auszubildenden ermöglicht haben. Weitere Unterstützungsmöglichkeiten sprechen wir gerne individuell mit Dir ab.

Mittlere Reife

UND WIR BIETEN NOCH VIEL MEHR:
- Übernahme bei guten Leistungen
- 31 + 1 Tage Urlaub im Jahr fürs Meer, Schnee, die Berge oder auch für Balkonien
- Wir stehen auf kurze Wege sowie für Kommunikation „auf Augenhöhe“, darum sind die Hierarchien entsprechend flach und das „Du“ hier selbstverständlich
- Dir den Hintern plattsitzen findest Du langweilig? Dann steh doch auf! Bei uns hast Du nicht nur top-moderne Hard- und Software, sondern auch höhenverstellbare Tische und ergonomisch eingerichtete Arbeitsplätze!
- Du willst Effizienz? Kannst Du haben! Wir arbeiten mit 3 Bildschirmen (Multimonitor-Betrieb)
- Teamwork ist cool und Austausch ist wichtig – siehst Du auch so? Top! Und weil uns Teamwork so wichtig ist, haben wir auch 4 coole Firmenevents pro Jahr
- Du bist ein Frühstücksmensch? Dann wird Dich unser tägliches Mitarbeiter-Frühstück zu Selbstkosten begeistern
- Kaffeejunkie? Oder doch lieber Wasser, Tee oder Saft? Kannst Du alles haben – for free
- Abteilungseigene, klimatisierte Büroräume statt Großraumbüro? Kriegste bei uns!
- Attraktive Betriebliche Sozialleistungen (wie z.B. eine Betriebliche Altersvorsorge, Vermögenswirksame Leistung, persönliche Sachbezugskarte, etc.)
- Du hast einen Hund, welchen Du immer gerne an Deiner Seite hast? Dann bring ihn doch gerne mit ins Office
SO BEWIRBST DU DICH BEI UNS:","1. Jahr: 1250 €
2. Jahr: 1300 €
3. Jahr: 1350 €",Mittlere Reife,Ausbildung | Fachinformatiker* für Anwendungsentwicklung,"Du hast Bock, die Welt der Online- und Offline-Kommunikation mitzugestalten? Dann komm zu meap! Wir sind bereits seit über 20 Jahren als Full-Service-Agentur für Kommunikation und Design tätig und haben noch lange nicht genug. Wir sind in neuen Medien genauso zu Hause wie in klassischen – und irgendwie scheinen wir unsere Arbeit ganz gut zu machen. Jedenfalls sind unsere Kunden so überzeugt von uns, dass sie uns gerne weiterempfehlen. Darum sind wir inzwischen gar nicht mehr so klein wie wir am Anfang mal waren. Bei uns erwartet Dich ein Team aus aktuell rund 80 kreativen, nerdigen, aber auch völlig normalen Köpfen aus den Bereichen Mediengestaltung, Software-Entwicklung, Systemintegration, Projektmanagement, Redaktion und mehr. Auf mehr als 1.000 m2 Agenturfläche ist bestimmt auch noch ein Platz für Dich frei … Klingt spannend? Dann bewirb Dich jetzt für eine Ausbildung bei meap. Wir freuen uns auf Deine vollständigen Unterlagen in Form eines zusammengefassten pdf-Dokuments.","UND WIR BIETEN NOCH VIEL MEHR:
- Übernahme bei guten Leistungen
- 31 + 1 Tage Urlaub im Jahr fürs Meer, Schnee, die Berge oder auch für Balkonien
- Wir stehen auf kurze Wege sowie für Kommunikation „auf Augenhöhe“, darum sind die Hierarchien entsprechend flach und das „Du“ hier selbstverständlich
- Dir den Hintern plattsitzen findest Du langweilig? Dann steh doch auf! Bei uns hast Du nicht nur top-moderne Hard- und Software, sondern auch höhenverstellbare Tische und ergonomisch eingerichtete Arbeitsplätze!
- Du willst Effizienz? Kannst Du haben! Wir arbeiten mit 3 Bildschirmen (Multimonitor-Betrieb)
- Teamwork ist cool und Austausch ist wichtig – siehst Du auch so? Top! Und weil uns Teamwork so wichtig ist, haben wir auch 4 coole Firmenevents pro Jahr
- Du bist ein Frühstücksmensch? Dann wird Dich unser tägliches Mitarbeiter-Frühstück zu Selbstkosten begeistern
- Kaffeejunkie? Oder doch lieber Wasser, Tee oder Saft? Kannst Du alles haben – for free
- Abteilungseigene, klimatisierte Büroräume statt Großraumbüro? Kriegste bei uns!
- Attraktive Betriebliche Sozialleistungen (wie z.B. eine Betriebliche Altersvorsorge, Vermögenswirksame Leistung, persönliche Sachbezugskarte, etc.)
- Du hast einen Hund, welchen Du immer gerne an Deiner Seite hast? Dann bring ihn doch gerne mit ins Office
SO BEWIRBST DU DICH BEI UNS:",https://www.meap.de/,https://www.meap.de/,company,jobs@meap.de,https://www.ausbildung.de/direktbewerbung/ausbildung-fachinformatiker-fuer-anwendungsentwicklung-bei-meap-gmbh-in-witten-623d45f3-c273-4f88-b140-862f408d773e/,https://www.ausbildung.de/direktbewerbung/ausbildung-fachinformatiker-fuer-anwendungsentwicklung-bei-meap-gmbh-in-witten-623d45f3-c273-4f88-b140-862f408d773e/,https://www.ausbildung.de/direktbewerbung/ausbildung-fachinformatiker-fuer-anwendungsentwicklung-bei-meap-gmbh-in-witten-623d45f3-c273-4f88-b140-862f408d773e/,externe,"Deine Ansprechpartner sind Katharina (Recruiterin Active Sourcing) und Sebastian (Leitung Softwareentwicklung).
Du möchtest gerne vorab Fragen stellen? Dann kannst Du das unter 02302 17918-1210 tun oder schick uns Deine Fragen per Mail an: jobs@meap.de. Wir freuen uns schon auf Dich.
* Bei meap akzeptieren wir Dich, wie Du bist. Dein Geschlecht und wen Du liebst, Deine ethnische Herkunft, Religion, Alter und Behinderung spielen keine Rolle, denn bei uns zählst Du als Person, Punkt.","Schick einfach Deine vollständigen Bewerbungsunterlagen in einer pdf-Datei über den Button „Jetzt bewerben“ zu. Dazu zählen bei uns ein Anschreiben (damit wir mehr über Deine Beweggründe, Interessen und ggfs. ersten Erfahrungen erfahren), ein Lebenslauf sowie Deine letzten Zeugnisse. Falls Du schon einmal erste Erfahrungen mit Servern oder Netzwerken gesammelt hast, egal ob es im Rahmen von eigenen erstellten Projekten war oder Du in einem Praktikum an einem Projekt mitgewirkt hast, freuen wir uns natürlich über einen Link oder Referenzen.",,ausbildung_de,https://www.ausbildung.de/stellen/ausbildung-fachinformatiker-fuer-anwendungsentwicklung-bei-meap-gmbh-in-witten-623d45f3-c273-4f88-b140-862f408d773e/,False,,93,2026-06-11T11:12:01.629296+00:00
AD-462fa07b-6e8c-4ee6-806f-0eba1a462cf4,ausbildung_de_ae,Original Equipment Solutions,,Karben,Dieselstraße 4 61184 Karben Hessen,"Ausbildung Fachinformatiker für Anwendungsentwicklung (m/w/d)

Deine Aufgaben:
Du interessierst dich für Informatik, Programmierung und Softwarelösungen? Java, Python oder JavaScript sind für dich keine Fremdwörter? Dann starte jetzt deine Karriere bei der OESL als Fachinformatiker für Anwendungsentwicklung!
An unserem Standort Karben bilden wir diesen zukunftsorientierten Beruf mit flexiblen Einsatzmöglichkeiten zum 01.08.2026 aus.
In deiner Ausbildung lernst du die Grundlagen der Informatik und der IT-Sicherheit kennen. Natürlich kommt auch die Programmierung nicht zu kurz.
Dabei wirst du:
- Programmieren lernen in verschiedenen Sprachen
- Software- und Betriebssysteme sowie Entwicklungstools kennenlernen
- Testverfahren verstehen und anwenden
- Datenbanken nutzen und eigene Lösungen entwickeln
Darüber hinaus erhältst du Einblicke in:
- Bedienoberflächen und Betriebssysteme sowie deren Einsatzfelder
- Grundlagen der Systementwicklung
- Spannende Use Cases aus unterschiedlichen Abteilungen

Dein Profil
- Spaß an den Schulfächern Mathe, Deutsch, Englisch und IT
- Programmier- und IT-Affinität
- Interesse am Umgang mit Zahlen und Daten
- Motivation, dich weiterzuentwickeln und zu lernen
Die Bewerbungen von schwerbehinderten Menschen sind willkommen.
Unser Angebot
Hol dir Rabatte bei Restaurants, Fitnessprogrammen und mehr – dank unserer Partnerangebote, zusätzlich zur Kantine und Nutzung des örtlichen Hallenbads :
- Ideen bringen, Prämie kassieren: Mach mit beim Ideenmanagement und werde für clevere Vorschläge belohnt!
- Weiterkommen im Job: Entwickle dich weiter – bei uns gibt’s viele Chancen, neue Skills zu lernen und Karriere zu machen.
- Dein Einsatz zählt – und nach dem Tarifvertrag IGBCE Chemie Niedersachsen bezahlt
Unser Engagement:
- Mehr bewegen: Du willst was erreichen? Bei uns kannst du richtig Einfluss nehmen!
- Zeig Initiative: Trau dich was – entwickle dich weiter, übernimm Verantwortung und bring neue Ideen ein.
- Flexibel arbeiten: New Work heißt bei uns: agil, modern und immer nah am Kunden.
- Teamspirit: Gemeinsam stark – wir setzen auf Zusammenhalt und echte Zugehörigkeit.
Wir freuen uns dich kennenzulernen!",,"Dein Profil
- Spaß an den Schulfächern Mathe, Deutsch, Englisch und IT
- Programmier- und IT-Affinität
- Interesse am Umgang mit Zahlen und Daten
- Motivation, dich weiterzuentwickeln und zu lernen
Die Bewerbungen von schwerbehinderten Menschen sind willkommen.
Unser Angebot
Hol dir Rabatte bei Restaurants, Fitnessprogrammen und mehr – dank unserer Partnerangebote, zusätzlich zur Kantine und Nutzung des örtlichen Hallenbads :
- Ideen bringen, Prämie kassieren: Mach mit beim Ideenmanagement und werde für clevere Vorschläge belohnt!
- Weiterkommen im Job: Entwickle dich weiter – bei uns gibt’s viele Chancen, neue Skills zu lernen und Karriere zu machen.
- Dein Einsatz zählt – und nach dem Tarifvertrag IGBCE Chemie Niedersachsen bezahlt
Unser Engagement:
- Mehr bewegen: Du willst was erreichen? Bei uns kannst du richtig Einfluss nehmen!
- Zeig Initiative: Trau dich was – entwickle dich weiter, übernimm Verantwortung und bring neue Ideen ein.
- Flexibel arbeiten: New Work heißt bei uns: agil, modern und immer nah am Kunden.
- Teamspirit: Gemeinsam stark – wir setzen auf Zusammenhalt und echte Zugehörigkeit.
Wir freuen uns dich kennenzulernen!",Ausbildung | Fachinformatiker für Anwendungsentwicklung (m/w/d),"Wir sind ein vertrauensvoller Partner für unsere Kunden in der Automobilindustrie. Aufbauend auf jahrzehntelanger Erfahrung innerhalb der Continental Corporation verbinden wir Materialien, um hochwertige Komponenten für Nutz- und Pkw-Fahrzeuge zu liefern. Unsere Lösungen und Engineering-Dienstleistungen für alle Antriebsarten unterstützen die Branche auf ihrem Weg hin zu sauberer, sicherer, komfortabler und effizienter Mobilität.Heute agiert OESL als unabhängige Organisation. Im Rahmen dieses neuen Kapitels entwickelt OESL eine erneuerte Markenidentität.",,https://www.oesl-automotive.com/,https://www.oesl-automotive.com/,company,,https://iamjgs.fa.ocs.oraclecloud.com/hcmUI/CandidateExperience/de/sites/CX_2/job/10137/?utm_medium=jobshare&utm_source=External+Job+Share,https://iamjgs.fa.ocs.oraclecloud.com/hcmUI/CandidateExperience/de/sites/CX_2/job/10137/?utm_medium=jobshare&utm_source=External+Job+Share,https://iamjgs.fa.ocs.oraclecloud.com/hcmUI/CandidateExperience/de/sites/CX_2/job/10137/?utm_medium=jobshare&utm_source=External+Job+Share,externe,,,,ausbildung_de,https://www.ausbildung.de/stellen/ausbildung-fachinformatiker-fuer-anwendungsentwicklung-m-w-d-bei-contitech-vibration-control-gmbh-in-karben-c39de0e3-3b2a-4f46-acb2-85c9514f4082/,False,,60,2026-06-11T11:12:06.381780+00:00
AD-7cb1808b-d17d-4410-8e52-d2ff0b8168f9,ausbildung_de_ae,ExperTeach Gesellschaft für Netzwerkkompetenz mbH,,Dietzenbach,Waldstraße 94 63128 Dietzenbach Hessen,"Ausbildung Fachinformatiker für Anwendungsentwicklung (m/w/d)

Das erwartet Dich
In deiner 3-jährigen Ausbildung (Verkürzung möglich) lernst du die vielseitige Welt der Programmierung in einem modernen IT-Schulungsunternehmen kennen.
So läuft die Ausbildung ab:
- 1-2 Tage Berufsschule (August-Bebel-Schule, Offenbach), 3-4 Tage Praxis im Unternehmen
- Abwechslung durch Mitarbeit in vielen verschiedenen Projekten
Deine Praxisthemen:
- Entwicklung und Programmierung von Softwarelösungen mit HTML, CSS, PHP, Python etc.
- Verwendung von KI-Tools zur Unterstützung bei der Code-Generierung
- Analyse von Anforderungen und deren Umsetzung in funktionale Anwendungen
- Anwendung moderner FrameWorks wie z.B. Symfony
- Testen, dokumentieren, verbessern - du begleitest den gesamten Entwicklungsprozess
- Programmierung von API´s und Schnittstellen
- Weiterentwicklung von Datenbanken und Kundenportal (SQL, MySQL)

Das bringst du mit
- (Fach-) Abitur oder Realschulabschluss mit guten Noten
- Deine schnelle Auffassungsgabe für mathematisch-logische Problemstellungen zeichnet dich aus
- Idealerweise verfügst du schon über erste praktische Programmiererfahrung
- Du arbeitest strukturiert und hältst Termine und Absprachen zuverlässig ein
- Neue Aufgaben gehst du motiviert und lernbereit an
- Deine Deutschkenntnisse sind sehr gut in Wort und Schrift (Niveau C1)

Darauf kannst du dich freuen
- Ein innovatives und teamorientiertes Miteinander
- Eine attraktive Ausbildungsvergütung
- Beste Übernahmechancen nach der Ausbildung
- Schülerticket Hessen
- 30 Tage Urlaub und Sonderurlaubstage bei besonderen Anlässen
- Regelmäßige Teammeetings und Mitarbeiterevents
- Betriebsrestaurant
- Kostenlose Getränke
- Einkaufsrabatte über Corporate Benefits
Sei dabei und bewirb dich!
Hier wartet ein super Team auf dich.",,"Das bringst du mit
- (Fach-) Abitur oder Realschulabschluss mit guten Noten
- Deine schnelle Auffassungsgabe für mathematisch-logische Problemstellungen zeichnet dich aus
- Idealerweise verfügst du schon über erste praktische Programmiererfahrung
- Du arbeitest strukturiert und hältst Termine und Absprachen zuverlässig ein
- Neue Aufgaben gehst du motiviert und lernbereit an
- Deine Deutschkenntnisse sind sehr gut in Wort und Schrift (Niveau C1)",Ausbildung | Fachinformatiker für Anwendungsentwicklung (m/w/d),"Wir sind ein Top-Anbieter für Schulungs- und Beratungsleistungen im IT-Umfeld mit aktuell rund 120 Mitarbeitenden. Wir machen die IT-Teams unserer Kunden fit für morgen! Wenn du Interesse an einer Ausbildung zum Fachinformatiker, einem dualen Informatikstudium oder an einem kaufmännisch-organisatorischen Ausbildungsberuf hast, bist du bei uns genau richtig für den Start ins Berufsleben. Vom ersten Tag an erlebst du bei uns die Praxis in verschiedenen Unternehmensbereichen und arbeitest aktiv in aktuellen Projekten mit.Bei uns kennt jeder jeden und wir duzen uns auch alle. Als Schulungsunternehmen sind wir echte Profis in der Wissensvermittlung, so dass du als Neustarter/in bei uns viele Kolleginnen und Kollegen treffen wirst, die Spaß daran haben, ihr Wissen mit dir zu teilen. Wir freuen uns auf motivierte Berufsstarter, die sich aktiv bei uns einbringen wollen und Spaß an der Teamarbeit haben.","Darauf kannst du dich freuen
- Ein innovatives und teamorientiertes Miteinander
- Eine attraktive Ausbildungsvergütung
- Beste Übernahmechancen nach der Ausbildung
- Schülerticket Hessen
- 30 Tage Urlaub und Sonderurlaubstage bei besonderen Anlässen
- Regelmäßige Teammeetings und Mitarbeiterevents
- Betriebsrestaurant
- Kostenlose Getränke
- Einkaufsrabatte über Corporate Benefits
Sei dabei und bewirb dich!
Hier wartet ein super Team auf dich.",https://www.experteach.eu/de/,https://www.experteach.eu/de/,company,,https://job.experteach.eu/?id=85071a,https://job.experteach.eu/?id=85071a,https://job.experteach.eu/?id=85071a,externe,"Bei uns arbeitest du im Team. Dabei übernimmst du auch Verantwortung für eigene Aufgaben, die du selbstständig erledigst. Deine Ausbilder, Kollegen und Mitazubis sind als Ansprechpartner immer an deiner Seite.",,,ausbildung_de,https://www.ausbildung.de/stellen/ausbildung-fachinformatiker-fuer-anwendungsentwicklung-m-w-d-bei-experteach-gesellschaft-fuer-netzwerkkompetenz-mbh-in-dietzenbach-7ed8f419-a20c-43e8-8ebf-3a0ba5f99b93/,False,,73,2026-06-11T11:12:09.757723+00:00
AD-6a100c69-d246-4e92-862a-4d87eeea3ad9,ausbildung_de_ae,GFOS - Gesellschaft für Organisationsberatung und Softwareentwicklung mbH,,Essen,Am Lichtbogen 9 45141 Essen Nordrhein-Westfalen,"Ausbildung zum Fachinformatiker für Anwendungsentwicklung (m/w/d)

DAS SOLLTEST DU MITBRINGEN
- Du verfügst über eine (Fach-)Hochschulreife mit guten bis sehr guten Noten im mathematisch-naturwissenschaftlich-technischen Bereich oder bist Studienabbrecher mit Interesse an IT
- Du bringst ausgeprägtes analytisches Denken sowie Planungs- und Organisationstalent mit
- Du konntest idealerweise schon erste Erfahrungen mit Software und/oder Hardware sammeln
- Du kannst Ideen und Lösungen verständlich präsentieren
- Du verfügst über sehr gute Deutschkenntnisse (C1) und gute Englischkenntnisse (B2)
DEIN START BEI GFOS
- Du startest in einem innovativen, familiengeführten Unternehmen durch
- Dein Einstieg beginnt mit einem strukturierten Onboarding-Programm, bei dem du unser Unternehmen, unsere Kultur und unsere Software kennenlernst
- Du lernst von Anfang an praxisorientiert und zu arbeiten
- Du wirst während deiner Ausbildungszeit aktiv begleitet und unterstützt
- Wir interessieren uns für dich, deine Ideen und deinen beruflichen Werdegang – Idea Heroes ausdrücklich erwünscht!
- Dich erwartet ein attraktives und flexibles Arbeitsumfeld mit einem zukunftssicheren Arbeitsplatz – unser gemeinsames Ziel: deine Übernahme nach der Ausbildung
DEINE BENEFITS
- Attraktive Vergütung: Dich erwartet von Anfang an eine überdurchschnittliche Bezahlung
- Flexible Arbeitszeiten: Du kannst deinen Arbeitstag flexibel gestalten und so Beruf und Privatleben optimal miteinander vereinbaren
- Berufliche Weiterentwicklung: Nach deiner Ausbildung oder während deiner Tätigkeit hast du die Möglichkeit, ein berufsbegleitendes Studium zu starten und dein Fachwissen gezielt auszubauen
- Deutschlandticket: Wir bezuschussen dein Deutschlandticket, sodass du es sowohl für den Arbeitsweg als auch privat nutzen kannst
- Gesundheit: Über unsere Kooperation mit Wellhub stehen dir Fitnessstudios, Gesundheitsangebote und Kurse zur persönlichen Weiterentwicklung zu vergünstigten Konditionen weltweit offen
- JobRad Leasing: Du kannst Fahrräder und E‑Bikes zu attraktiven Konditionen leasen und profitierst dabei von einem geldwerten Vorteil
- Altersvorsorge: Wir unterstützen dich mit einer betrieblichen Altersvorsorge
- Mitarbeiterrabatte: Über Corporate Benefits erhältst du exklusive Vergünstigungen bei zahlreichen Marken und Anbietern
- Barrierefreiheit: Unsere Arbeitsumgebung ist barrierefrei gestaltet
Du bist interessiert? Wir freuen uns darauf, dich kennenzulernen!","1. Jahr: 1000 €
2. Jahr: 1100 €
3. Jahr: 1200 €","DAS SOLLTEST DU MITBRINGEN
- Du verfügst über eine (Fach-)Hochschulreife mit guten bis sehr guten Noten im mathematisch-naturwissenschaftlich-technischen Bereich oder bist Studienabbrecher mit Interesse an IT
- Du bringst ausgeprägtes analytisches Denken sowie Planungs- und Organisationstalent mit
- Du konntest idealerweise schon erste Erfahrungen mit Software und/oder Hardware sammeln
- Du kannst Ideen und Lösungen verständlich präsentieren
- Du verfügst über sehr gute Deutschkenntnisse (C1) und gute Englischkenntnisse (B2)
DEIN START BEI GFOS
- Du startest in einem innovativen, familiengeführten Unternehmen durch
- Dein Einstieg beginnt mit einem strukturierten Onboarding-Programm, bei dem du unser Unternehmen, unsere Kultur und unsere Software kennenlernst
- Du lernst von Anfang an praxisorientiert und zu arbeiten
- Du wirst während deiner Ausbildungszeit aktiv begleitet und unterstützt
- Wir interessieren uns für dich, deine Ideen und deinen beruflichen Werdegang – Idea Heroes ausdrücklich erwünscht!
- Dich erwartet ein attraktives und flexibles Arbeitsumfeld mit einem zukunftssicheren Arbeitsplatz – unser gemeinsames Ziel: deine Übernahme nach der Ausbildung
DEINE BENEFITS
- Attraktive Vergütung: Dich erwartet von Anfang an eine überdurchschnittliche Bezahlung
- Flexible Arbeitszeiten: Du kannst deinen Arbeitstag flexibel gestalten und so Beruf und Privatleben optimal miteinander vereinbaren
- Berufliche Weiterentwicklung: Nach deiner Ausbildung oder während deiner Tätigkeit hast du die Möglichkeit, ein berufsbegleitendes Studium zu starten und dein Fachwissen gezielt auszubauen
- Deutschlandticket: Wir bezuschussen dein Deutschlandticket, sodass du es sowohl für den Arbeitsweg als auch privat nutzen kannst
- Gesundheit: Über unsere Kooperation mit Wellhub stehen dir Fitnessstudios, Gesundheitsangebote und Kurse zur persönlichen Weiterentwicklung zu vergünstigten Konditionen weltweit offen
- JobRad Leasing: Du kannst Fahrräder und E‑Bikes zu attraktiven Konditionen leasen und profitierst dabei von einem geldwerten Vorteil
- Altersvorsorge: Wir unterstützen dich mit einer betrieblichen Altersvorsorge
- Mitarbeiterrabatte: Über Corporate Benefits erhältst du exklusive Vergünstigungen bei zahlreichen Marken und Anbietern
- Barrierefreiheit: Unsere Arbeitsumgebung ist barrierefrei gestaltet
Du bist interessiert? Wir freuen uns darauf, dich kennenzulernen!",Ausbildung | zum Fachinformatiker für Anwendungsentwicklung (m/w/d),"GESTALTE DIE ZUKUNFT MIT GFOSDie GFOS mbH wurde 1988 gegründet und hat sich zu einem international agierenden Technologieunternehmen in zweiter Generation entwickelt. Mit einem Umsatz in zweistelliger Millionenhöhe zählt GFOS heute zu den führenden HR-Tech-Anbietern. Unsere innovativen Softwarelösungen für Workforce Management, Smart Manufacturing und Access Control sowie unsere sicheren Cloud Services und IT-Infrastructures stehen für Effizienz, Qualität und Zuverlässigkeit. Die modular aufgebaute, branchenunabhängige Software wird in 30 Ländern von über 4.500 Kunden eingesetzt. Als ISO 27001-zertifiziertes Unternehmen stehen wir für höchste Standards in IT- und Cyber-Security. Unsere Mission ist es, mit Innovation, Kundennähe und Technologiekompetenz die Arbeitswelt nachhaltig zu gestalten. WELCOME! - EINFÜHRUNGSPHASEZu Beginn deiner Ausbildung oder Work & Studys warten viele interessante & spannende Veranstaltungen unserer auf dich. Im Workshop „Fit für die GFOS“ lernst du alles, was du im Berufsleben gebrauchen kannst und worauf es ankommt. Auch über deine Rechte und Pflichten als Mitarbeiter*in klären wir dich auf, damit du jederzeit weißt, was Sache ist. Außerdem erhältst du im Rahmen des Workshops „GFOS erleben“ erste Einblicke in unsere eigene Software. Darüber hinaus lernst du hier bereits einen Teil unserer #GFOSFamily kennen: Das Team von People & Culture, unsere Bereichsleiter*innen und last but not least unsere Geschäftsführung. WERDE EXPERT*IN - EINSATZ IM FACHBEREICHNachdem du einen Überblick über GFOS bekommen hast, geht es in deinen Fachbereich. Während unsere Fachinformatiker für Systemintegration in der Cloud & IT-Infrastructure durchstarten, lernen die Fachinformatiker für Anwendungsentwicklung die Grundlagen der Programmierung kennen. Kaufleute für Büromanagement bekommen die Möglichkeit die kaufmännischen Bereiche genau unter die Lupe zu nehmen. Kaufleute für IT-Systemmanagement werden in dieser Zeit weiter in GFOS ausgebildet, um die Software noch besser kennenzulernen.In der darauffolgenden Rotationsphase gehen wir einen Schritt weiter: In kurzen Praxisphasen bekommst du die Möglichkeit, die unterschiedlichen Fachbereiche und deren Teams näher kennenzulernen. AUSBILDUNG BEI GFOSFür welchen Ausbildungsberuf du dich auch entscheidest: Hier hast du genug Zeit herauszufinden, wo deine persönlichen Stärken und Interessen liegen – und dabei helfen wir dir auch. Anschließend entscheiden wir gemeinsam, wohin deine Reise bei GFOS geht. Eins ist dabei immer klar: Nach einem erfolgreichen Ausbildungsabschluss möchten wir dich gerne übernehmen!Neben deiner Ausbildung in unserem Headquarter besuchst du für technische Berufe du das Heinz-Nixdorf-Berufskolleg, für kaufmännische Ausbildungsberufe das Erich-Brost-Berufskolleg in Essen. STUDIUM, JA – ABER BITTE MIT PRAXIS!Du bist eher Typ Studium und interessierst dich für den IT-Bereich, möchtest aber nicht zwischen Theorie und Praxis wählen müssen? Das musst du auch gar nicht.Mit dem Work & Study Modell der GFOS hast du die Möglichkeit, praktische Erfahrungen aus dem Arbeitsalltag mit dem theoretischen Wissen aus dem Hörsaal zu kombinieren.Vier Tage pro Woche bist du bei der GFOS eingebunden und bekommst als festes Teammitglied in deinem Fachbereich praxisorientiertes Fachwissen vermittelt. Die restliche Zeit kannst du ganz nach deinen Bedürfnissen für dein Studium nutzen – ob in Präsenz an der FOM Hochschule für Oekonomie und Management oder online, du entscheidest selbst. Welcher Studientyp du auch bist, wir unterstützen dich. Wenn du dein Studium erfolgreich abschließt, dann freuen wir uns mit dir und möchten das auch zeigen: Wir übernehmen die gesamten Kosten für dein Studium, zahlen dir Gehalt und bieten dir ein unbefristetes Arbeitsverhältnis!",,https://www.gfos.com/,https://www.gfos.com/,company,,https://career.gfos.com/de/bewerben/,https://career.gfos.com/de/bewerben/,https://career.gfos.com/de/bewerben/,externe,,,,ausbildung_de,https://www.ausbildung.de/stellen/ausbildung-fachinformatiker-fuer-anwendungsentwicklung-m-w-d-bei-gfos-gesellschaft-fuer-organisationsberatung-und-softwareentwicklung-mbh-in-essen-821e38be-5dbf-4c4d-b108-4a6e54388117/,False,,67,2026-06-11T11:12:15.473505+00:00
AD-68285be3-c131-4f6a-903b-16759b89268e,ausbildung_de_ae,TARGOBANK,,Duisburg,Targobank-Platz 1 47058 Duisburg Nordrhein-Westfalen,"Ausbildung Fachinformatiker für Anwendungsentwicklung Vollzeit/Teilzeit (w|m|d) - Duisburg (01.08.2026)

Mittlere Reife","1.400 €, 1.470 €, 1.550 €",Mittlere Reife,Ausbildung | Fachinformatiker für Anwendungsentwicklung Vollzeit/Teilzeit (w|m|d) - Duisburg (01.08.2026),"🚀 HIER IST BANK.ECHT.ANDERS.Du suchst eine Ausbildung, die mehr ist als nur ein Job? Eine, die dich fordert, fördert und dir echte Perspektiven bietet? Willkommen bei der TARGOBANK! Hier bist du von Anfang an mittendrin. Mit rund 7.200 Mitarbeitenden und 550 Auszubildenden an 340 Standorten gehören wir zu den großen Banken in Deutschland. Aber typisch Banker? Das sind wir nicht! Wir machen Banking persönlich und einfach – für unsere Kund*innen und für dich. Deshalb bist du von Anfang an ein wichtiger Teil unseres Teams.________________________________________________________WARUM ECHT.ANDERS. FÜR DICH ECHT GUT IST:✔️ Flache Hierarchien (die wirklich flach sind) – Wir sprechen auf Augenhöhe und leben ein offenes Miteinander.✔️ Starker Teamgeist – Wir ziehen alle an einem Strang und feiern Erfolge gemeinsam. 💪✔️ Deine Zukunft, dein Weg – Egal, wie du startest – du kannst dich entwickeln. Fach- oder Führungskarriere? Du entscheidest! 🚀 ✔️ Attraktive Benefits – Nach der Probezeit gibt’s ein Lernzuschuss für z.B. ein eigenes Tablet, umfangreiche E-Learning-Angebote, volle Erstattung des Deutschlandtickets und exklusive Vergünstigungen (z. B. Ferienwohnungen, Versicherungen u. v. m.).________________________________________________________🎮 PROBIERE DEINE AUSBILDUNG ALS SPIEL AUS! 🎮 Übernimm die Rolle eines Azubis und erlebe den Arbeitsalltag spielerisch: https://targobank.azubi-game.de/ 🕹️________________________________________________________🤔 NOCH UNSICHER? 🔹 Sprich direkt mit unseren Azubis oder Dualis und erfahre, wie es wirklich bei uns läuft! 📅 Buche hier deinen Gesprächstermin: https://is.gd/Wo7vra________________________________________________________📞 DEIN KONTAKT ZU UNS 👩‍💼 Julia Schmieder 📞 Telefon: 0211 900 20 995 📧 E-Mail: ausbildung@targobank.de________________________________________________________📢 MEHR INSIGHTS GEFÄLLIG?🔹 Erfahre auf unserer Karriereseite und unseren Social Media Kanälen, was unsere Azubis berichten!💻 Karriereseite: ausbildung.targobank.de 📷 Instagram: @targobank_karriere ________________________________________________________ 🎯 Bist du bereit für deine Zukunft? Dann bewirb dich jetzt!",,https://jobs.targobank.de/ausbildung-duales-studium/,https://jobs.targobank.de/ausbildung-duales-studium/,company,ausbildung@targobank.de,https://www.ausbildung.de/direktbewerbung/ausbildung-fachinformatiker-fuer-anwendungsentwicklung-vollzeit-teilzeit-w-m-d-duisburg-01-08-2026-bei-targobank-in-duisburg-eaa5fe40-1688-47cd-a2d3-4d55bdd176b5/,https://www.ausbildung.de/direktbewerbung/ausbildung-fachinformatiker-fuer-anwendungsentwicklung-vollzeit-teilzeit-w-m-d-duisburg-01-08-2026-bei-targobank-in-duisburg-eaa5fe40-1688-47cd-a2d3-4d55bdd176b5/,https://www.ausbildung.de/direktbewerbung/ausbildung-fachinformatiker-fuer-anwendungsentwicklung-vollzeit-teilzeit-w-m-d-duisburg-01-08-2026-bei-targobank-in-duisburg-eaa5fe40-1688-47cd-a2d3-4d55bdd176b5/,externe,,,,ausbildung_de,https://www.ausbildung.de/stellen/ausbildung-fachinformatiker-fuer-anwendungsentwicklung-vollzeit-teilzeit-w-m-d-duisburg-01-08-2026-bei-targobank-in-duisburg-eaa5fe40-1688-47cd-a2d3-4d55bdd176b5/,False,,73,2026-06-11T11:12:18.616471+00:00
AD-da3dad76-a789-4d01-8e4e-6f186a0c3cdf,ausbildung_de_ae,Gebr. Brasseler GmbH & Co. KG,,Lemgo,Trophagener Weg 25 32657 Lemgo Nordrhein-Westfalen,"Ausbildung Fachinformatiker/in für Anwendungsentwicklung (m/w/d)

Das erwartet Dich
- Entwicklung, Programmierung und Wartung von Softwareanwendungen
- Analyse und Spezifikation von Anforderungen in enger Zusammenarbeit mit den Fachabteilungen
- Testen und Dokumentieren der entwickelten Anwendungen
- Wartung und Optimierung bestehender Anwendungssysteme
- Hardwareentwicklung (Design, Prototyping, Integrationstests)
- Datenbankentwicklung, -verwaltung und -optimierung
- Umgang mit Künstlicher Intelligenz und maschinellem Lernen
Das wünschen wir uns von Dir
- Mindestens mittlerer Bildungsabschluss
- Erste Kenntnisse in Excel, Datenbanken, Statistik oder Programmierlogik (z. B. aus Schulprojekten oder Freizeit)
- Begeisterung für Daten, Digitalisierung und Geschäftsprozesse
- Interesse an IT-Systemen, Datenbanken und analytischen Aufgaben
- Logisches Denkvermögen und strukturierte Herangehensweise
- Sorgfältigkeit
- Teamfähigkeit, Eigeninitiative und gute kommunikative Fähigkeiten

Mittlere Reife

Das bieten wir Dir
- 35 Stunden-Arbeitswoche
- 30 Tage Urlaub
- Ein flexibles Gleitzeitmodell
- Attraktive Ausbildungsvergütung gemäß Tarifvertrag
- Welcome Week zum Start deiner Ausbildung
- Hohe Übernahmechancen nach der Ausbildung (1. Jahr garantiert)
- Vielfältiges Weiterbildungsangebot während und nach der Ausbildung
- Neues Aus- und Weiterbildungszentrum
- Mitarbeit in spannenden Projekten
- Betriebsrestaurant
- Sportangebote und Kooperationen mit Fitnessstudios
- Mitarbeiter-Events wie z.B. After-Work-Partys und Betriebsfeste
Berufsschule und die Unterrichtsform
- Dietrich-Bonhoeffer-Berufskolleg Detmold
- Blockunterricht","1. Jahr: 1242,96 €
2. Jahr: 1297,67 €
3. Jahr: 1378,93 €",Mittlere Reife,Ausbildung | Fachinformatiker/in für Anwendungsentwicklung (m/w/d),"Voll Brasseler. Eine Ausbildung voller Vielfalt. Brasseler stellt Medizintechnik her. Wahrscheinlich hast Du auch schon einmal eines der Produkte unserer Marke Komet aus nächster Nähe kennengelernt. Beim Zahnarzt. Denn wir stellen Bohrer her. Aber nicht nur. Unser Angebot umfasst heute über 12.000 verschiedene Produkte. Präzisionsinstrumente unterschiedlicher Art für Zahnärzte, Zahntechniker, die Chirurgie und die Schmuckindustrie. Unsere Qualität ist extrem hoch und wir setzen mit Innovationen immer wieder neue Maßstäbe. Brasseler produziert ausschließlich in Lemgo, unsere Produkte werden aber weltweit verkauft und geschätzt. Damit das so bleibt, brauchen wir junge Menschen wie Dich. Junge Menschen, die etwas lernen und erreichen wollen. Und es zu schätzen wissen, in einem anerkannten und wachsenden Unternehmen zu arbeiten, das bei allem Erfolg eines nicht vergessen hat: den Respekt vor dem Einzelnen.","Das bieten wir Dir
- 35 Stunden-Arbeitswoche
- 30 Tage Urlaub
- Ein flexibles Gleitzeitmodell
- Attraktive Ausbildungsvergütung gemäß Tarifvertrag
- Welcome Week zum Start deiner Ausbildung
- Hohe Übernahmechancen nach der Ausbildung (1. Jahr garantiert)
- Vielfältiges Weiterbildungsangebot während und nach der Ausbildung
- Neues Aus- und Weiterbildungszentrum
- Mitarbeit in spannenden Projekten
- Betriebsrestaurant
- Sportangebote und Kooperationen mit Fitnessstudios
- Mitarbeiter-Events wie z.B. After-Work-Partys und Betriebsfeste
Berufsschule und die Unterrichtsform
- Dietrich-Bonhoeffer-Berufskolleg Detmold
- Blockunterricht",https://www.brasseler.de/karriere/ausbildung/,https://www.brasseler.de/karriere/ausbildung/,company,ausbildung@brasseler.de,https://karriere.brasseler.de/azubi-fachinformatiker-fuer-anwendungsentwicklung-mwd-2027-de-f507.html,https://karriere.brasseler.de/azubi-fachinformatiker-fuer-anwendungsentwicklung-mwd-2027-de-f507.html,https://karriere.brasseler.de/azubi-fachinformatiker-fuer-anwendungsentwicklung-mwd-2027-de-f507.html,externe,,,,ausbildung_de,https://www.ausbildung.de/stellen/ausbildung-fachinformatiker-fuer-daten-und-prozessanalyse-m-w-d-bei-gebr-brasseler-gmbh-co-kg-in-lemgo-e4743a80-cbd4-480c-97fe-f37bebdff442/,False,,80,2026-06-11T11:16:54.826669+00:00
AD-9d539cc5-2960-4467-a936-e8df8a1138ae,ausbildung_de_ae,Schneider Electric,,Düsseldorf,40472 Düsseldorf Nordrhein-Westfalen,"Ausbildung Fachinformatiker für Systemintegration (w/m/d)| Düsseldorf | 2026 (w/m/d)

Das lernst Du:
- Du hilfst dabei, IT-Lösungen zu bauen, die Maschinen und Abläufe automatisch steuern. Das nennt man Automatisierung.
- Du stellst ein, wie unsere Steuerungsprogramme funktionieren sollen, und prüfst, ob alles richtig läuft. Das nennt man Konfigurieren und Testen.
- Du kümmerst dich um Computer, Server und Programme, die auf echten Geräten oder in einer virtuellen Umgebung laufen.
- Du erklärst anderen Menschen, wie sie ihre Computer und Netzwerke richtig benutzen. Du zeigst ihnen auch, wie sie sich vor Hackern und Cyberangriffen schützen können – das nennt man Cybersecurity.
Das erwartet Dich bei uns – weil Du mehr verdienst als nur eine Ausbildung:
- Top Ausbildungsvergütung, die sich wirklich sehen lassen kann
- Teamspirit & Wohlfühlatmosphäre – bei uns zählt jeder, und das spürt man
- Individuelle Förderung – wir unterstützen Dich gezielt in Deiner fachlichen und persönlichen Entwicklung
- Zukunft mit Perspektive – mit einer hohen Übernahmechance stehen dir alle Türen offen
- Attraktive Mitarbeiterrabatte – z. B. über Corporate Benefits
- Finanzielle Extras wie unser Aktienprogramm – weil Du Teil unseres Erfolgs bist
- Azubi-Camp und Azubi-Netzwerk– lerne andere Azubis kennen, wachse über Dich hinaus und baue dein Netzwerk auf
- Arbeiten auf Augenhöhe – Wertschätzung und Respekt sind bei uns selbstverständlich
Das liegt uns am Herzen:
- Fließende Deutschkenntnisse, Englischkenntnisse von Vorteil
- Du scheust Dich nicht davor anzupacken und hast Spaß an Team- wie auch an selbstständiger Arbeit
- Du besitzt einen Führerschein (Klasse B)
- Spaß an modernen IT-Systemen, IT-Netzwerken & Computern
- Verantwortungsbewusstsein, Zuverlässigkeit und sorgfältiges Arbeiten

Nicht der klassische Lebenslauf? Wir schätzen Vielfalt – ob Studienabbruch, Umweg oder Neuanfang: Deine Bewerbung ist bei uns willkommen! Und keine Sorge: Du musst nicht alle Voraussetzungen erfüllen – überzeug uns einfach mit Deiner Persönlichkeit und Motivation!
_______________________________________
Dein nächster Schritt?",. €,"Nicht der klassische Lebenslauf? Wir schätzen Vielfalt – ob Studienabbruch, Umweg oder Neuanfang: Deine Bewerbung ist bei uns willkommen! Und keine Sorge: Du musst nicht alle Voraussetzungen erfüllen – überzeug uns einfach mit Deiner Persönlichkeit und Motivation!
_______________________________________
Dein nächster Schritt?",Ausbildung | Fachinformatiker für Systemintegration (w/m/d)| Düsseldorf | 2026 (w/m/d),"Du weißt schon genau, wie es nach dem Schulabschluss für Dich weitergehen soll? Perfekt! Du bist Dir noch unsicher, welcher Weg der richtige für Dich ist? Keine Sorge – wir unterstützen Dich dabei. Bei Schneider Electric findest Du alle Informationen rund um Ausbildungsplätze, duale und klassische Studienangebote sowie unseren Bewerbungsprozess. Lerne uns kennen, entdecke unsere vielseitigen Einstiegsmöglichkeiten und gestalte Deine Zukunft aktiv mit. We are your Energy Technology Partner Bei Schneider Electric sind wir da, um echte Wirkung zu erzielen. Als Dein Partner für Energietechnologie ermöglichen wir durch Elektrifizierung, Automatisierung und digitale Intelligenz allen, die Energiewende möglich und nachhaltig zu gestalten. Wenn Du zu uns kommst, wirst du Teil inklusiver, kollaborativer Teams, die Ambitionen in sinnvolle Ergebnisse für Kunden und Gemeinschaften verwandeln. Deine Arbeit hilft dabei, dass Gebäude, Rechenzentren, Fabriken, Infrastruktur und Stromnetze intelligenter, sicherer und mit weniger Umweltbelastung betrieben werden. Jedes Projekt ist mit einer größeren Mission verbunden, und jede Rolle trägt zu Fortschritten bei, die wirklich zählen. Hier hast Du den Raum zu wachsen, die Unterstützung, um zu innovieren, und die Möglichkeit, eine widerstandsfähigere und nachhaltigere Zukunft für alle mitzugestalten. Mit über 163.000 Mitarbeiter*innen weltweit, mehr als 20 Standorten in der DACH‑Region und einem Umsatz von 40,15 Milliarden Euro ist Schneider Electric ein weltweit führender Anbieter für Energietechnologien. Mehr als ein Job: IMPACT zählt Unsere IMPACT-Werte leiten nicht nur unsere Arbeit – sie prägen auch, wie wir uns weiterentwickeln. Inclusion sorgt dafür, dass jede Stimme gehört wird. Mastery treibt Spitzenleistungen an. Purpose gibt unserer Arbeit Sinn. Action verwandelt Ideen in Ergebnisse. Curiosity entfacht Innovation. Und Teamwork bringt alles zusammen. Jeden Tag treiben uns diese Werte voran – und helfen uns, Karrieren zu gestalten, die wirklich zählen, in einem Arbeitsumfeld, in dem sich alle entfalten können. Klingt spannend? Dann freuen wir uns darauf, Dich kennenzulernen und gemeinsam Deine Zukunft zu gestalten.Klingt spannend? Dann freuen wir uns darauf, Dich kennenzulernen und gemeinsam Deine Zukunft zu gestalten.Schau doch mal auf unserem Instagram-Account vorbei und lerne deine zukünftigen Kolleg:innen kennen: @schneiderelectric_karriere",,https://careers.se.com/ausbildung,https://careers.se.com/ausbildung,company,ausbildung-dach@se.com,https://ars2.equest.com/?response_id=21ed5b65fbecbdfd60e1f3c32ad60a19,https://ars2.equest.com/?response_id=21ed5b65fbecbdfd60e1f3c32ad60a19,https://ars2.equest.com/?response_id=21ed5b65fbecbdfd60e1f3c32ad60a19,externe,,"Bewirb Dich über ""Jetzt Bewerben"" und lade Deinen Lebenslauf und Deine letzten Schulzeugnisse hoch!
Du hast noch offene Fragen? Dann schreib uns gerne an ausbildung-dach@se.com.
Bewerbungen, die uns nicht über unser Karriereportal schneider-electric.de/jobs erreichen, können wir nicht berücksichtigen
#IMPACT_Azubi
Möchtest auch Du mit Deiner Karriere ein/e IMPACT-Maker/in sein?
Wenn Du darüber nachdenkst, einem neuen Team beizutreten, ist die Kultur entscheidend. Bei Schneider Electric bilden unsere Werte und Verhaltensweisen die Grundlage für die Schaffung einer großartigen Kultur, die den Geschäftserfolg unterstützt. Wir glauben, dass unsere IMPACT-Werte - Inclusion, Mastery, Purpose, Action, Curiosity, Teamwork - bei uns selbst beginnen.
IMPACT lädt Dich ein, Dich Schneider Electric anzuschließen und unsere Nachhaltigkeitsambitionen in die Tat umzusetzen, unabhängig von Deiner Rolle. Es ist eine Einladung, Deine Karriere mit dem Ziel zu verbinden, eine widerstandsfähigere, effizientere und nachhaltigere Welt zu schaffen.
Wir sind auf der Suche nach IMPACT-Maker/innen - außergewöhnlichen Menschen, die Nachhaltigkeitsambitionen an der Schnittstelle von Automatisierung, Elektrifizierung und Digitalisierung in die Tat umsetzen. Wir feiern IMPACT-Maker/innen und glauben, dass jede/r das Potenzial dazu hat.
Werde ein/e IMPACT-Maker/in bei Schneider Electric - Bewirb Dich noch heute!
36 Mrd. € Umsatz weltweit
+13% organisches Wachstum
150 000+ Mitarbeiter in 100+ Ländern
#Platz 1 der Global 100 der nachhaltigsten Unternehmen der Welt
Du musst Dich online bewerben, um für eine Stelle bei uns berücksichtigt zu werden. Diese Position bleibt, bis sie besetzt wurde, online.
Schneider Electric strebt danach, das inklusivste und fürsorglichste Unternehmen der Welt zu sein, indem wir allen Menschen überall die gleichen Chancen bieten und sicherstellen, dass sich alle Mitarbeitende in einzigartiger Weise wertgeschätzt und sicher fühlen, um ihr Bestes zu geben. Wir spiegeln die Diversität der Gesellschaften wider, in denen wir tätig sind, und ""Inklusion"" ist einer unserer Grundwerte. Wir sind davon überzeugt, dass unsere Unterschiede uns als Unternehmen und als Individuen stärken, und wir verpflichten uns, bei allem, was wir tun, für Inklusion einzutreten.
Bei Schneider Electric halten wir die höchsten Standards in Bezug auf Ethik und Compliance aufrecht, und wir glauben, dass Vertrauen ein grundlegender Wert ist. Unsere Trust Charter ist unser Verhaltenscodex und zeigt unser Engagement für Ethik, Sicherheit, Nachhaltigkeit, Qualität und Cybersicherheit. Sie untermauert jeden Aspekt unseres Geschäfts und unsere Bereitschaft, uns gegenüber allen unseren Stakeholdern respektvoll und aufrichtig zu verhalten und zu handeln. Mehr über unsere Trust Charter erfährst Du hier
Schneider Electric ist ein Arbeitgeber, der die Chancengleichheit fördert. Es gehört zu unseren Grundsätzen, allen qualifizierten Personen ungeachtet von Rasse, Religion, Hautfarbe, Geschlecht, Behinderung, nationaler Herkunft, Abstammung, Alter, militärischen Status, sexueller Orientierung, Familienstand oder anderen rechtlich geschützten Merkmalen oder Verhaltensweisen die gleichen Beschäftigungs- und Aufstiegschancen zu bieten, und zwar in den Bereichen Rekrutierung, Schulung, Versetzung und Beförderung.ätzen, allen qualifizierten Personen ungeachtet ihrer Rasse, Religion, Hautfarbe, ihres Geschlechts, ihrer Behinderung, ihrer nationalen Herkunft, ihrer Abstammung, ihres Alters, ihres militärischen Status, ihrer sexuellen Orientierung, ihres Familienstands oder anderer rechtlich geschützter Merkmale oder Verhaltensweisen gleiche Beschäftigungs- und Aufstiegschancen zu bieten, und zwar in den Bereichen Rekrutierung, Einstellung, Schulung, Versetzung und Beförderung.",,ausbildung_de,https://www.ausbildung.de/stellen/ausbildung-fachinformatiker-fuer-systemintegration-w-m-d-duesseldorf-2026-w-m-d-bei-schneider-electric-gmbh-in-duesseldorf-a845480d-ce4a-4fca-8c1a-3d95206b2a0f/,False,,80,2026-06-11T11:16:58.842837+00:00
AD-5241eff5-0ce4-4ed0-ad71-4ed30db2a13a,ausbildung_de_ae,ABB,,Minden (Westf),32425 Minden (Westf) Nordrhein-Westfalen,"Ausbildung Fachinformatiker/in Anwendungsentwicklung 2027 (m/w/d)

Mittlere Reife

Bei ABB unterstützen wir Industrien dabei, effizienter und sauberer zu arbeiten – und jede einzelne Person trägt hier dazu bei. Wir bieten allen Mitarbeitenden die Möglichkeit, Verantwortung zu übernehmen und die eigene Entwicklung aktiv voranzutreiben. Gemeinsam entstehen Lösungen, auf die alle stolz sein können. Wir suchen engagierte Talente, um gemeinsam die Welt voranzutreiben.
Diese Position berichtet an:
R&D Team Lead
__
Deine Rolle und Verantwortlichkeiten
Du interessierst dich für Informatik, Technik und Wirtschaft und bist ein Organisationstalent? Du kannst gut mit anderen zusammenarbeiten und suchst nach einer praxisnahen Berufsausbildung?
Dann ist die Ausbildung zum Fachinformatiker für Anwendungsentwicklung bei ABB genau das Richtige für dich!
- Dauer der Berufsausbildung: 3 Jahre
- Start mit einer Einführungsveranstaltung zum gegenseitigen Kennenlernen
- Vermittlung von Basiskompetenzen für deine erfolgreiche Ausbildung
- Wechselmodell Theorie an der Berufsschule (Erlernen)
- Praxisphasen mit selbstgesteuerten Aufgaben und Projekten im Unternehmen (Anwenden)
- Gute Basis für deine zukünftige fachliche und berufliche Weiterentwicklung
- Spätere Einsatzfelder sind vor allem in der Entwicklung und Einführung kundenspezifischer Softwareprogramme und IT-Lösungen in den verschiedenen technischen oder kaufmännischen Fachbereichen
Qualifikationen für die Rolle
- Mindestens einen sehr guten Hauptschulabschluss bzw. die Mittlere Reife
- Gute Abschlüsse in Informatik, Mathematik und in den technischen Fächern wären hilfreich
- Spaß an technischen Themen, kniffeligen Fragestellungen und neuen Softwareprogrammen
- Verantwortung und Engagement für deine Ziele
- Eigeninitiative und Selbständigkeit
- Durchhaltevermögen, Team- und Kommunikationsfähigkeit
Erfahre mehr über uns
Während deiner Berufsausbildung erhältst du eine monatliche Ausbildungsvergütung: Bereits im 1. Ausbildungsjahr über 1.200,00€ brutto, was in den weiteren Jahren kontinuierlich ansteigt.
Weitere Zusatzleistungen sind zum Beispiel Urlaubsgeld, Weihnachtsgeld und an den meisten Standorten eine subventionierte Kantine.","1.200,00€",Mittlere Reife,Ausbildung | Fachinformatiker/in Anwendungsentwicklung 2027 (m/w/d),"ABB ist ein führendes Technologieunternehmen, das weltweit die Transformation von Gesellschaft und Industrie in eine produktivere und nachhaltigere Zukunft energisch vorantreibt. Durch die Verbindung ihres Portfolios in den Bereichen Elektrifizierung, Robotik, Automation und Antriebstechnik mit Software definiert ABB die Grenzen des technologisch Machbaren und ermöglicht so neue Höchstleistungen. ABB blickt auf eine erfolgreiche Geschichte von mehr als 130 Jahren zurück. Der Erfolg des Unternehmens basiert auf dem Talent seiner rund 105.000 Mitarbeitenden in mehr als 100 Ländern. Was Dich erwartet: Qualifizierte Ausbilder, individuelle Betreuung, innovative Lehrmethoden und sozialpädagogische Beratung sichern deinen Lernerfolg. Eine Unternehmenskultur, in der soziale Verantwortung großgeschrieben wird. Gemeinsam unterstützen wir soziale Projekte. Eine Ausbildungsvergütung nach dem Metall- und Elektro-Tarifvertrag. Englisch-Schulungen Business und Technik. Auslandserfahrung mit Erasmus+-Programm. Diverse IT-Schulungen. Infrastruktur: Sehr gute regionale und überregionale Verkehrsanbindung. Eigener Laptop für jeden Auszubildenden. Moderne Schulungs-, Experimentier- und Projekträume. Lehrwerkstatt mit hochwertigen Maschinen. Digitale Lehr- und Lernmedien. Günstige Wohnmöglichkeit im Ausbildungshaus in Heidelberg.","Bei ABB unterstützen wir Industrien dabei, effizienter und sauberer zu arbeiten – und jede einzelne Person trägt hier dazu bei. Wir bieten allen Mitarbeitenden die Möglichkeit, Verantwortung zu übernehmen und die eigene Entwicklung aktiv voranzutreiben. Gemeinsam entstehen Lösungen, auf die alle stolz sein können. Wir suchen engagierte Talente, um gemeinsam die Welt voranzutreiben.
Diese Position berichtet an:
R&D Team Lead
__
Deine Rolle und Verantwortlichkeiten
Du interessierst dich für Informatik, Technik und Wirtschaft und bist ein Organisationstalent? Du kannst gut mit anderen zusammenarbeiten und suchst nach einer praxisnahen Berufsausbildung?
Dann ist die Ausbildung zum Fachinformatiker für Anwendungsentwicklung bei ABB genau das Richtige für dich!
- Dauer der Berufsausbildung: 3 Jahre
- Start mit einer Einführungsveranstaltung zum gegenseitigen Kennenlernen
- Vermittlung von Basiskompetenzen für deine erfolgreiche Ausbildung
- Wechselmodell Theorie an der Berufsschule (Erlernen)
- Praxisphasen mit selbstgesteuerten Aufgaben und Projekten im Unternehmen (Anwenden)
- Gute Basis für deine zukünftige fachliche und berufliche Weiterentwicklung
- Spätere Einsatzfelder sind vor allem in der Entwicklung und Einführung kundenspezifischer Softwareprogramme und IT-Lösungen in den verschiedenen technischen oder kaufmännischen Fachbereichen
Qualifikationen für die Rolle
- Mindestens einen sehr guten Hauptschulabschluss bzw. die Mittlere Reife
- Gute Abschlüsse in Informatik, Mathematik und in den technischen Fächern wären hilfreich
- Spaß an technischen Themen, kniffeligen Fragestellungen und neuen Softwareprogrammen
- Verantwortung und Engagement für deine Ziele
- Eigeninitiative und Selbständigkeit
- Durchhaltevermögen, Team- und Kommunikationsfähigkeit
Erfahre mehr über uns
Während deiner Berufsausbildung erhältst du eine monatliche Ausbildungsvergütung: Bereits im 1. Ausbildungsjahr über 1.200,00€ brutto, was in den weiteren Jahren kontinuierlich ansteigt.
Weitere Zusatzleistungen sind zum Beispiel Urlaubsgeld, Weihnachtsgeld und an den meisten Standorten eine subventionierte Kantine.",https://new.abb.com/de/ueber-uns/abb-training-center,https://new.abb.com/de/ueber-uns/abb-training-center,company,ausbildung-abb@de.abb.com,https://careers.abb/dach/de/job/ABB1GLOBALJR00034794EXTERNALDEDACH/Ausbildung-Fachinformatiker-in-Anwendungsentwicklung-2027-m-w-d?utm_source=ausbildung&utm_medium=phenom-feeds,https://careers.abb/dach/de/job/ABB1GLOBALJR00034794EXTERNALDEDACH/Ausbildung-Fachinformatiker-in-Anwendungsentwicklung-2027-m-w-d?utm_source=ausbildung&utm_medium=phenom-feeds,https://careers.abb/dach/de/job/ABB1GLOBALJR00034794EXTERNALDEDACH/Ausbildung-Fachinformatiker-in-Anwendungsentwicklung-2027-m-w-d?utm_source=ausbildung&utm_medium=phenom-feeds,externe,"Als Ansprechpartner hast du ein Team, das dich in deiner Ausbildung berät und unterstützt. Durch verschiedene Events bist du von Anfang an eng mit anderen Auszubildenden und ABB Kolleginnen und Kollegen vernetzt. Die Ausbildung und die Zusammenarbeit bei ABB sind weltoffen, kollegial und auf Augenhöhe.
Neben der Ausbildung kannst du dich durch zusätzliche Angebote sprachlich und persönlich weiter qualifizieren, beispielsweise auch während eines Auslandsaufenthaltes.
Haben wir dein Interesse geweckt?","Dann bewirb dich noch heute bei uns: über den roten Button „Jetzt bewerben“ kommst du direkt zum Bewerber-Login. Wir freuen uns auf deine vollständigen Bewerbungsunterlagen bestehend aus Lebenslauf und deinen letzten beiden Zeugnissen - über ein Anschreiben würden wir uns freuen.
Für Fragen steht dir das Team des ABB Ausbildungszentrums in Heidelberg gerne zur Verfügung:
E-Mail: ausbildung-abb@de.abb.com
Telefon: +49 (0) 6221 701 1488
Erfahre mehr über die Ausbildung bei ABB unter:
instagram.com/ausbildung_abb/
facebook.com/ABBDeutschland
Unser Geschäftsbereich Process Automation bietet zahlreiche Lösungen für Prozess- und Hybridbranchen, einschließlich branchenspezifischer integrierter Automatisierung, Elektrifizierung und digitaler Lösungen, für Steuerungstechnologien, Software und erweiterte Dienstleistungen sowie fürdie Mess- & Analysentechnik, die Marine und Turbocharging. Process Automation belegt Platz2 auf dem Weltmarkt.
Basierend auf umfassender Branchenkenntnis, Erfahrung und Expertise mit der Lieferung von erstklassigen Automatisierungsprodukten, -systemen und -lösungen, einem breiten Bereich ergänzender digitaler und kollaborativer Lösungen über alle Anwendungen und Sektoren hinweg, unterstützt der Geschäftsbereich Process Automation Kunden dabei, ihre Wettbewerbsfähigkeit zu erhalten, ihre Kapitalrendite zu steigern sowie sicher und produktiv zu arbeiten.
Sei Teil von etwas Größerem. Hier wird Fortschritt vorangetrieben, Teams ergreifen die Initiative und gemeinsam bewegen wir die Welt vorwärts. Run what runs the world.
#ABBCareers
#RunwithABB
#Runwhatrunstheworld
Die Zukunft wird sauberer und intelligenter durch vielfältige Talente – neugierige, mutige und kreative. Wir schätzen Menschen mit unterschiedlichem persönlichem Hintergrund und Erfahrungen.
Bereit, gemeinsam etwas zu bewegen?
Jetzt direkt bewerben oder weitere Informationen zu ABB und unseren Lösungen weltweit entdecken unter: https://www.abb.com",,ausbildung_de,https://www.ausbildung.de/stellen/ausbildung-fachinformatiker-in-anwendungsentwicklung-2027-m-w-d-bei-abb-in-minden-westf-6cb6ac25-1a61-407f-9749-3f5f3cee7705/,False,,93,2026-06-11T11:17:06.044463+00:00
AD-4eec4184-c186-4c52-8caa-794abba2cc89,ausbildung_de_ae,d7 Consulting GmbH,,Ehingen (Donau),"Talstr., 21 89584 Ehingen (Donau) Baden-Württemberg","Ausbildung Fachinformatiker/in Anwendungsentwicklung (m/w/d) für 2026

Deine Aufgaben
- Während deiner 3-jährigen Ausbildung lernst du theoretische Grundlagen im Berufsschulunterricht
- An deinen Praxistagen bieten wir die Mitarbeit an vielseitigen Aufgaben und Übernahme von Projektaufgaben von der Konzeption über die Entwicklung bis zur Qualitätssicherung & Dokumentation
- Erforschung und Erarbeitung von neuen Themen rund um die Digitalisierung & SAP

Dein Profil
- Mittlere Reife, Abitur oder Fachhochschulreife
- Affinität zu Technik und logische Denkweise
- Interesse an modernen Themen rund um Softwareentwicklung

Wir bieten
- Ein tolles Team, vielfältige Projektarbeit, Kunden aus unterschiedlichen Branchen
- Abwechslungsreiche und praxisnahe Ausbildung, Schwerpunkt SAP
- Vielfältige Möglichkeiten zur Weiterentwicklung",,"Dein Profil
- Mittlere Reife, Abitur oder Fachhochschulreife
- Affinität zu Technik und logische Denkweise
- Interesse an modernen Themen rund um Softwareentwicklung",Ausbildung | Fachinformatiker/in Anwendungsentwicklung (m/w/d) für 2026,"Wir bei d7 Consulting sehen uns als Bindeglied zwischen Technik & Prozess und wollen exakt in dieser Lücke mit unseren Dienstleistungen agieren. Um dies zu bewerkstelligen vereinen wir technisches Verständnis mit prozessualem Wissen. Hierzu sehen wir uns als Vermittler zwischen dem Fachbereich und der IT-Abteilung. Unser Ziel ist es unsere Kunden hervorragend zu beraten, um die optimale technische Lösung unter der Fokussierung auf den Prozess zu erreichen.Um diese Ausrichtung zu erhalten und unseren Kunden ganzheitliche Ansätze bieten zu können, bauen wir das Angebot rund um unser digitales Modell auf, welches zugleich unser Vorgehensmodell für die Digitalisierung von Unternehmen ist.Unser Portfolio berücksichtigt dabei den digitalen Start sowie den weiteren Ausbau, beispielsweise durch Digitalisierung und Mobilisierung von Prozessen mit SAP Fiori® und SAPUI5, die digitale Verknüpfung in der Cloud bis hin zur Automatisierung & Optimierung durch Data Science und künstliche Intelligenz. Zu unseren klassischen Leistungen gehören selbstverständlich auch die Modulberatung rund um ausgewählte SAP® ERP und S/4 Module , sowie um unsere Kunden ganzheitlich bedienen zu können, wird diese Auswahl durch Prozessberatung und Projektleitung abgerundet.","Wir bieten
- Ein tolles Team, vielfältige Projektarbeit, Kunden aus unterschiedlichen Branchen
- Abwechslungsreiche und praxisnahe Ausbildung, Schwerpunkt SAP
- Vielfältige Möglichkeiten zur Weiterentwicklung",http://www.d7-consulting.de,http://www.d7-consulting.de,company,karriere@d7-consulting.de,https://www.ausbildung.de/direktbewerbung/ausbildung-fachinformatiker-in-anwendungsentwicklung-m-w-d-bei-d7-consulting-gmbh-in-ehingen-donau-3aae09a3-e216-4500-8def-00ea7fc4da05/,https://www.ausbildung.de/direktbewerbung/ausbildung-fachinformatiker-in-anwendungsentwicklung-m-w-d-bei-d7-consulting-gmbh-in-ehingen-donau-3aae09a3-e216-4500-8def-00ea7fc4da05/,https://www.ausbildung.de/direktbewerbung/ausbildung-fachinformatiker-in-anwendungsentwicklung-m-w-d-bei-d7-consulting-gmbh-in-ehingen-donau-3aae09a3-e216-4500-8def-00ea7fc4da05/,externe,,,,ausbildung_de,https://www.ausbildung.de/stellen/ausbildung-fachinformatiker-in-anwendungsentwicklung-m-w-d-bei-d7-consulting-gmbh-in-ehingen-donau-3aae09a3-e216-4500-8def-00ea7fc4da05/,False,,73,2026-06-11T11:17:11.844976+00:00
AD-8434f9e4-1ddf-4d78-9992-94f731d095a8,ausbildung_de_ae,ConSol Consulting & Solutions Software GmbH,,München,St.-Cajetan-Straße 43 81669 München Bayern,"Ausbildung Fachinformatiker/in für Anwendungsentwicklung (all genders)

Das erwartet Dich bei uns
Ob Ausbildung oder Duales Studium – Bei uns hast Du die Möglichkeit, den Grundstein für Dein erfolgreiches Berufsleben zu legen. Wir freuen uns, Dich in dieser Zeit zu begleiten. Wir sind seit vielen Jahren IHK-Ausbildungsbetrieb und wollen vor allem eins: dass Dir Deine Berufsausbildung Spaß macht und Du bei uns wirklich etwas lernst. Dafür hast Du einen Mentor an Deiner Seite, den Du jederzeit bei allen Fragen ansprechen kannst. Wir achten sehr darauf, dass Du während Deiner Ausbildung unterschiedliche Stationen durchläufst und schon früh Verantwortung übernimmst.
Bei entsprechend gutem Erfolg der Ausbildung kann davon ausgegangen werden, dass Du bei ConSol übernommen wirst.
Für das Ausbildungsjahr 2026/2027 am Standort München suchen wir Auszubildende in der Fachrichtung Anwendungsentwicklung.
Schwerpunkte Deiner Ausbildung
- Grundlagen der professionellen IT
- Bewährte und neueste Technologien aus dem Java-Umfeld
- Webtechnologien und deren Anwendung in Webanwendungen
- Professionelle Softwareentwicklung im Team

Dein Profil
- Mindestens Fachhochschulreife bzw. Mittlere Reife mit
entsprechender Zusatzqualifikation (z.B. Berufserfahrung oder
Weiterbildung)
- Gute Noten in den naturwissenschaftlichen Fächern
- Gute Computerkenntnisse, bevorzugt Unix/Linux
- Praktische Erfahrungen mit einer Programmiersprache
- Gute Deutsch- und Englischkenntnisse
Das sind wir
Die Werte Mut, Vertrauen, Exzellenz und Klarheit
sind viel mehr als nur Begriffe auf Papier. Sie sind für uns
Entscheidungsgrundlage, Handlungsorientierung und die Basis, auf der wir
unser Unternehmen kontinuierlich verbessern wollen.
Wenn es für Dich passt, sollten wir uns kennenlernen!
Sende uns einfach Deine Bewerbung per E-Mail.",,"Dein Profil
- Mindestens Fachhochschulreife bzw. Mittlere Reife mit
entsprechender Zusatzqualifikation (z.B. Berufserfahrung oder
Weiterbildung)
- Gute Noten in den naturwissenschaftlichen Fächern
- Gute Computerkenntnisse, bevorzugt Unix/Linux
- Praktische Erfahrungen mit einer Programmiersprache
- Gute Deutsch- und Englischkenntnisse
Das sind wir
Die Werte Mut, Vertrauen, Exzellenz und Klarheit
sind viel mehr als nur Begriffe auf Papier. Sie sind für uns
Entscheidungsgrundlage, Handlungsorientierung und die Basis, auf der wir
unser Unternehmen kontinuierlich verbessern wollen.
Wenn es für Dich passt, sollten wir uns kennenlernen!
Sende uns einfach Deine Bewerbung per E-Mail.",Ausbildung | Fachinformatiker/in für Anwendungsentwicklung (all genders),"ConSol Software GmbH – Das sind wir Bei der Umsetzung Ihrer IT-Digitalisierungsstrategien streben wir nach dem Besten: Für uns zählen Exzellenz, höchste Qualität und das Ziel, Ihr Business weiter voranzubringen. Seit 40 Jahren begleitet ConSol lokale und internationale Unternehmen mit passgenauen IT-Lösungen durch den gesamten Software-Lifecyle. High-End-IT-Beratung, agile Software-Entwicklung sowie Betrieb & Support sind die Eckpfeiler unseres Portfolios, das wir unter Anwendung von modernsten Technologien und neuen Methoden ständig erweitern.Experten verdienen Experten Sie sind die Spezialisten auf Ihrem Gebiet und sagen uns, wie wir Sie bestmöglich unterstützen können. Das ist unser Ansatz und auf dieser Ebene begegnen wir uns als gleichwertige Partner. Gemeinsam machen wir Ihre IT-Umgebung & Geschäftsprozesse fit für die Herausforderungen von Morgen – und Ihr Business startklar für die Zukunft. Die beste Lösung ist die beste Lösung für Sie.",,https://www.consol.de/,https://www.consol.de/,company,jobs@consol.de,https://www.ausbildung.de/direktbewerbung/ausbildung-fachinformatiker-in-fuer-anwendungsentwicklung-all-genders-bei-consol-consulting-solutions-software-gmbh-in-muenchen-d66149cb-b0e8-4975-bca2-c293412300b8/,https://www.ausbildung.de/direktbewerbung/ausbildung-fachinformatiker-in-fuer-anwendungsentwicklung-all-genders-bei-consol-consulting-solutions-software-gmbh-in-muenchen-d66149cb-b0e8-4975-bca2-c293412300b8/,https://www.ausbildung.de/direktbewerbung/ausbildung-fachinformatiker-in-fuer-anwendungsentwicklung-all-genders-bei-consol-consulting-solutions-software-gmbh-in-muenchen-d66149cb-b0e8-4975-bca2-c293412300b8/,externe,Für weitere Informationen steht Dir Frau Heike Landau unter +49-89-45841-100 gerne als Ansprechpartnerin zur Verfügung.,,,ausbildung_de,https://www.ausbildung.de/stellen/ausbildung-fachinformatiker-in-fuer-anwendungsentwicklung-all-genders-bei-consol-consulting-solutions-software-gmbh-in-muenchen-d66149cb-b0e8-4975-bca2-c293412300b8/,False,,73,2026-06-11T11:17:24.876632+00:00
AD-60131029-9ab7-4f10-8039-a5e7a82d8533,ausbildung_de_ae,TAKKT Industrial & Packaging GmbH,,Waldkirchen,Mitterleinbach 19 94065 Waldkirchen Bayern,"Ausbildung Fachinformatiker/in für Anwendungsentwicklung (m/w/d)(2026)

Mittlere Reife

Darauf kannst du dich freuen:
- 🎓 Ausbildung: Bei uns erhältst du eine fundierte und strukturierte Ausbildung mit intensiver Betreuung durch Ausbilder:innen und Mentor:innen und aktiver Mitarbeit im Team vom ersten Tag an
- 👥 Team: Bei regelmäßigen Azubi-Team-Events lernst du dein Azubi-Team besser kennen und kannst so neue Kontakte knüpfen
- 🚀 Karriere und Weiterentwicklung: Ein sicherer Ausbildungsplatz mit Entwicklungsperspektiven und einem unternehmensübergreifenden internationalen Netzwerk
- 💆 Wohlbefinden und Gesundheit: Ein ergonomischer Arbeitsplatz, sowohl für kaufmännische als auch gewerbliche Azubis, unterstützt deine Gesundheit bei der Arbeit
- 🌱 Nachhaltigkeit und soziales Engagement: Nachhaltigkeit ist Teil unserer Unternehmensstrategie
- 📍 Arbeitsort: Gut erreichbar mit dem Auto oder öffentlichen Verkehrsmitteln. Das ÖPNV-Ticket erstatten wir dir.
- 💻 New Work:
🔄 Dank flexibler Arbeitskonditionen kannst du nun 40% deiner Arbeitszeit pro Woche von einem Ort deiner Wahl aus arbeiten.
- 🤝 Unabhängig vom Titel sind wir gerne per Du: Für uns zählen Ergebnisse. Dazu stehen zahlreiche Kollaborationsräume zur Verfügung.
- 🌍 Workation: Du hast die Möglichkeit bis zu 4 Wochen im europäischen Ausland zu arbeiten.
Damit bist du unser Perfect Match:
- 🎓 Du hast Dein Abitur erfolgreich bestanden oder bereits fest im Visier
- 💻 Im Idealfall bringst du bereits erste Praxiserfahrung aus der Programmierung mit
- 🔥 Deine Begeisterung und Neugierde für die Themenbereiche Informatik und Technik zeichnen dich aus
- 💡 Eigeninitiative und Ideen bringst du aktiv mit ein
Wer wir sind:
Interessiert? Dann komm in unser Team und werde Teil der (börsennotierten) TAKKT-Gruppe! Wir sind der führende Anbieter im B2B Omnichannel-Commerce für Geschäftsausstattung und suchen motivierte Menschen, die mit uns die Zukunft der Arbeit gestalten wollen. Mit unseren erfolgreichen Marken wie BIGDUG, Gerdmans, kaiserkraft, ratioform und Runelandhs arbeiten wir jeden Tag an innovativen und nachhaltigen Lösungen und Produkten, die den Arbeitsalltag unserer Kunden und unseren eigenen so gut wie möglich machen. Bewirb dich jetzt, werde Teil unseres Teams und shape new worlds of work!","1. Jahr: 1300 €
2. Jahr: 1400 €
3. Jahr: 1500 €",Mittlere Reife,Ausbildung | Fachinformatiker/in für Anwendungsentwicklung (m/w/d)(2026),"Offen für Deine Zukunft? Werde teil unserer Azubi-Gemeinschaft und lass uns sie gemeinsam formen!Wir sind der führende Anbieter im B2B Omnichannel-Commerce für Geschäftsausstattung und suchen motivierte Menschen, die mit uns die Zukunft der Arbeit gestalten wollen. Wir arbeiten jeden Tag an individuellen, innovativen und nachhaltigen Lösungen und Produkten, die den Arbeitsalltag unserer Kunden und unseren eigenen so gut wie möglich machen.Als Unternehmen der TAKKT AG mit den Vertriebsmarken kaiserkraft, ratioform und Gerdmans begeistern wir mit mehr als 1000 Mitarbeitern in über 20 Ländern unsere Kunden.Das Fundament unseres Handelns bilden unsere fünf CORE BEHAVIOURS: #THINKCUSTOMERFIRST #EMPOWEROTHERS #IMPROVEEVERYDAY #TAKE OWNERSHIP #COMPETEFORSUCCESS Als Unternehmen der TAKKT AG mit den Vertriebsmarken KAISER+KRAFT, ratioform und Gerdmans begeistern wir in über 20 Ländern und mit mehr als 1000 Mitarbeitern unsere Kunden mit passgenauen Lösungen und einer umfangreichen Servicevielfalt.","Darauf kannst du dich freuen:
- 🎓 Ausbildung: Bei uns erhältst du eine fundierte und strukturierte Ausbildung mit intensiver Betreuung durch Ausbilder:innen und Mentor:innen und aktiver Mitarbeit im Team vom ersten Tag an
- 👥 Team: Bei regelmäßigen Azubi-Team-Events lernst du dein Azubi-Team besser kennen und kannst so neue Kontakte knüpfen
- 🚀 Karriere und Weiterentwicklung: Ein sicherer Ausbildungsplatz mit Entwicklungsperspektiven und einem unternehmensübergreifenden internationalen Netzwerk
- 💆 Wohlbefinden und Gesundheit: Ein ergonomischer Arbeitsplatz, sowohl für kaufmännische als auch gewerbliche Azubis, unterstützt deine Gesundheit bei der Arbeit
- 🌱 Nachhaltigkeit und soziales Engagement: Nachhaltigkeit ist Teil unserer Unternehmensstrategie
- 📍 Arbeitsort: Gut erreichbar mit dem Auto oder öffentlichen Verkehrsmitteln. Das ÖPNV-Ticket erstatten wir dir.
- 💻 New Work:
🔄 Dank flexibler Arbeitskonditionen kannst du nun 40% deiner Arbeitszeit pro Woche von einem Ort deiner Wahl aus arbeiten.
- 🤝 Unabhängig vom Titel sind wir gerne per Du: Für uns zählen Ergebnisse. Dazu stehen zahlreiche Kollaborationsräume zur Verfügung.
- 🌍 Workation: Du hast die Möglichkeit bis zu 4 Wochen im europäischen Ausland zu arbeiten.
Damit bist du unser Perfect Match:
- 🎓 Du hast Dein Abitur erfolgreich bestanden oder bereits fest im Visier
- 💻 Im Idealfall bringst du bereits erste Praxiserfahrung aus der Programmierung mit
- 🔥 Deine Begeisterung und Neugierde für die Themenbereiche Informatik und Technik zeichnen dich aus
- 💡 Eigeninitiative und Ideen bringst du aktiv mit ein
Wer wir sind:
Interessiert? Dann komm in unser Team und werde Teil der (börsennotierten) TAKKT-Gruppe! Wir sind der führende Anbieter im B2B Omnichannel-Commerce für Geschäftsausstattung und suchen motivierte Menschen, die mit uns die Zukunft der Arbeit gestalten wollen. Mit unseren erfolgreichen Marken wie BIGDUG, Gerdmans, kaiserkraft, ratioform und Runelandhs arbeiten wir jeden Tag an innovativen und nachhaltigen Lösungen und Produkten, die den Arbeitsalltag unserer Kunden und unseren eigenen so gut wie möglich machen. Bewirb dich jetzt, werde Teil unseres Teams und shape new worlds of work!",https://www.kaiserkraft.de/,https://www.kaiserkraft.de/,company,ausbildung@takkt.com,https://www.ausbildung.de/direktbewerbung/ausbildung-fachinformatiker-in-fuer-anwendungsentwicklung-m-w-d-2025-bei-kaiser-kraft-europa-gmbh-in-waldkirchen-b855e813-f5be-4614-9d18-1819972025d3/,https://www.ausbildung.de/direktbewerbung/ausbildung-fachinformatiker-in-fuer-anwendungsentwicklung-m-w-d-2025-bei-kaiser-kraft-europa-gmbh-in-waldkirchen-b855e813-f5be-4614-9d18-1819972025d3/,https://www.ausbildung.de/direktbewerbung/ausbildung-fachinformatiker-in-fuer-anwendungsentwicklung-m-w-d-2025-bei-kaiser-kraft-europa-gmbh-in-waldkirchen-b855e813-f5be-4614-9d18-1819972025d3/,externe,,,,ausbildung_de,https://www.ausbildung.de/stellen/ausbildung-fachinformatiker-in-fuer-anwendungsentwicklung-m-w-d-2025-bei-kaiser-kraft-europa-gmbh-in-waldkirchen-b855e813-f5be-4614-9d18-1819972025d3/,False,,80,2026-06-11T11:17:29.623095+00:00
AD-f2dc5449-7019-4454-a2cc-3ee50b496fd3,ausbildung_de_ae,SOVDWAER GmbH,,Ludwigsburg,Franckstraße 5 71636 Ludwigsburg Baden-Württemberg,"Ausbildung Fachinformatiker/in für Anwendungsentwicklung (m/w/d) 2026

Das erwartet Dich
- Einsatz mit Schwerpunkt in der Softwareentwicklung
- Einblick in weitere Bereiche eines modernen IT-Unternehmens wie Technischer Support, IT-Systemtechnik und kaufmännische Bereiche
- Gezielter Ausbau der Programmierkenntnisse
- Mitarbeit im Tagesgeschäft, Übernahme erster eigener Aufgaben
- Bearbeitung eigener Projektaufgaben
- Systematische und praxisnahe Ausbildung durch regelmäßige Feedbackgespräche, das AZUBILAB und unsere Ausbildungs-Akademie
Die Vorteile unserer Ausbildungsplätze in Ludwigsburg
- Individuelle Betreuung durch unser Ausbildungsteam
- Familiäres Miteinander und Duz-Kultur
- Attraktive Vergütung, zusätzlich Urlaubs- und Weihnachtsgeld
- Gute Aussicht auf Übernahme nach erfolgreichem Abschluss
- Zentraler Standort direkt am Bahnhof in Ludwigsburg
- Betriebliche Gesundheitsförderung
Das zeichnet Dich aus
- Du hast schon erste eigene Programme erstellt.
- Du findest kreative Lösungen für Deine Programme und gibst nicht auf, bis alles funktioniert.
- Du lernst gerne dazu und besorgst Dir fehlendes Wissen selbständig.
- Du hast eine strukturierte Arbeitsweise.
- Du bringst eine gute Fachhochschulreife oder einen höherwertigen Abschluss mit, auch Studienabbrecher sind herzlich willkommen.
Solltest Du durch Dein Hobby, einen Ferienjob oder aus anderen Gründen schon Erfahrung in der Programmierung gesammelt haben, dann solltest Du das in Deiner Bewerbung nicht unerwähnt lassen.
Das erwartet Dich nach Deiner Ausbildung
Du kannst und sollst Deine Entwicklung während Deiner Ausbildung aktiv mitgestalten. Unsere Ausbilder entwickeln gemeinsam mit Dir Perspektiven, in welchen Bereichen Du mit Deinen Talenten und Interessen nach der Ausbildung durchstarten kannst. Nach der Ausbildung bieten sich Dir vielfältige Möglichkeiten in der Entwicklung unserer eigenen Software. Im Tagesgeschäft stehen regelmäßig zahlreiche Projekte an, die professionell umgesetzt werden müssen. Vielleicht entdeckst Du während der Ausbildung auch Deine Liebe für weitere Themen – Möglichkeiten gibt es bei uns mehr als genug.
Haben wir Dein Interesse geweckt?
Dann sollten wir uns kennenlernen! Weitere Informationen zu unserem Unternehmen, der Ausbildung und Deiner Bewerbung findest Du unter www.sovdwaer.de/ausbildung.
Deine Fragen beantwortet Dir gerne Marc Luther.

Mittlere Reife","1. Jahr: 1000 €
2. Jahr: 1100 €
3. Jahr: 1200 €",Mittlere Reife,Ausbildung | Fachinformatiker/in für Anwendungsentwicklung (m/w/d) 2026,"Die SOVDWAER GmbHDie SOVDWAER GmbH mit Sitz in Ludwigsburg ist Anbieter von IT- und Organisationslösungen für Heilberufe, Gesundheit und Fitness und ist dabei marktführender Anbieter von Branchensoftware für Heilmittelerbringer in Deutschland. Mehr als 15.000 Praxen und Therapiebetriebe arbeiten derzeit mit unserer Software THEORG.Das Unternehmen wurde 1989 in Ludwigsburg gegründet und beschäftigt heute mit den verbundenen Unternehmen mehr als 160 Mitarbeiterinnen und Mitarbeiter.Als erfahrener Ausbildungsbetrieb bieten wir Dir spannende, systematische und fachlich qualifizierte Ausbildungen in unterschiedlichen IT- und kaufmännischen Berufen. Wir sind groß genug, für eine professionelle Ausbildung und gleichzeitig noch klein genug für eine praxisnahe Ausrichtung mit Einblick in alle Bereiche eines Software-Unternehmens.Möglichkeiten nach der AusbildungNach der Ausbildung zum Fachinformatiker im Bereich Anwendungsentwicklung kannst Du beispielsweise als Softwareentwickler*in oder im Bereich Systemintegration als Junior Systemadministrator*in durchstarten. Für Industriekaufleute sind die Bereiche Anwendungsberatung und Vertrieb oder auch Management und Organisation spannende Aufgabengebiete. Kaufleute für IT-System-Management dagegen sind sowohl im technischen als auch im kaufmännischen Bereich zu Hause und können somit neben kaufmännischen Berufen auch optimal im Bereich Support und Schulung in den Berufsalltag starten.Die berufliche Qualifikation unserer Mitarbeiterinnen und Mitarbeiter wird bei uns gezielt gefördert. Bei Interesse und entsprechender Leistung kannst Du, gleich oder auch erst später, ausbildungsbegleitend ein Bachelor-Studium aufnehmen. Damit verbindest Du ideal Theorie und Praxis und hast am Ende zwei Abschlüsse.Für das Jahr 2025 bieten wir folgende Ausbildungsplätze an: Fachinformatiker Systemintegration (m/w/d) Fachinformatiker Anwendungsentwicklung (m/w/d) Kaufmann für IT-System-Management (m/w/d) Industriekaufmann (m/w/d) Kaufmann für Büromanagement (m/w(d) Praxissemester/Praktikum (m/w/d)",,https://sovdwaer.de/startseite,https://sovdwaer.de/startseite,company,jobs@sovdwaer.de,https://www.ausbildung.de/direktbewerbung/ausbildung-fachinformatiker-in-fuer-anwendungsentwicklung-m-w-d-ausbildungsstart-bis-31-12-2024-bei-sovdwaer-gmbh-in-ludwigsburg-cdc3befc-1807-460c-b6c8-a41fab9efd48/,https://www.ausbildung.de/direktbewerbung/ausbildung-fachinformatiker-in-fuer-anwendungsentwicklung-m-w-d-ausbildungsstart-bis-31-12-2024-bei-sovdwaer-gmbh-in-ludwigsburg-cdc3befc-1807-460c-b6c8-a41fab9efd48/,https://www.ausbildung.de/direktbewerbung/ausbildung-fachinformatiker-in-fuer-anwendungsentwicklung-m-w-d-ausbildungsstart-bis-31-12-2024-bei-sovdwaer-gmbh-in-ludwigsburg-cdc3befc-1807-460c-b6c8-a41fab9efd48/,externe,,,,ausbildung_de,https://www.ausbildung.de/stellen/ausbildung-fachinformatiker-in-fuer-anwendungsentwicklung-m-w-d-ausbildungsstart-bis-31-12-2024-bei-sovdwaer-gmbh-in-ludwigsburg-cdc3befc-1807-460c-b6c8-a41fab9efd48/,False,,73,2026-06-11T11:17:32.613615+00:00
AD-e0a2b620-cc9f-4b1b-a978-2ce1f7e210a2,ausbildung_de_ae,ABM-Mess Service GmbH,,Dornstadt,Dieselstraße 17 89160 Dornstadt Baden-Württemberg,"Ausbildung Fachinformatiker/in für Anwendungsentwicklung (m/w/d)

- Deine Aufgaben bestehen darin, die individuellen Bedürfnisse an die Anwendungen zu analysieren und basierend darauf geeignete und innovative Softwarelösungen zu entwickeln
- Du bist Ansprechperson für unsere Mitarbeitenden rund um IT-Themen
- Ziel der Ausbildung ist, dich optimal auf die Zukunft in unserem Unternehmen und das Berufsleben vorzubereiten
👍 Deine Benefits
- 30+ Urlaubstage
- Regionale Shopping-Gutscheine
- Kurze Kernarbeitszeit
- Facharzttermin-Service
- Urlaubs- und Weihnachtsgeld
- Regelmäßige Mitarbeiterevents
- Flache Hierarchien
- Regelmäßige Schulungen & Simple Club Zugang
- Fitnessstudio-Kooperationen
- Gute Übernahmechancen
- Azubi Car
- Und vieles mehr ...
🌱 Das sind wir
#GEMEINSAMGRÜNER - das ist unser Motto🌱.

Mittlere Reife

Als familiengeführtes Unternehmen liegt uns die Zukunft unserer Erde sehr am Herzen. Wir bieten unseren Kunden Dienstleistungen rund um die Immobilie an und arbeiten dabei stets am Puls der Zeit.
Mit smarter Technik und maßgeschneiderten Lösungen aus der Region tragen wir aktiv zur Energiewende bei, ermöglichen ein neues Level der Energieoptimierung und schaffen zusammen mit unseren Tochterunternehmen smartRED und Zählerhelden die Basis für eine klimaneutrale Zukunft.
🚀 Besuch doch unsere Website: www.abm-service.de",,Mittlere Reife,Ausbildung | Fachinformatiker/in für Anwendungsentwicklung (m/w/d),"Bist du bereit für eine grünere Zukunft? Bei uns ist #gemeinsameinbisschengrüner nicht nur ein Motto, sondern wir leben es! Als familiengeführtes Unternehmen setzen wir auf Nachhaltigkeit und innovative Immobilienlösungen🌱.Wir gestalten die Energiewende aktiv mit, indem wir auf smarte Technologien und regionale Lösungen setzen. Seit über 40 Jahren sind wir Experten in der Wärme- und Betriebskostenabrechnung. Gemeinsam mit unserem Kunden schaffen wir ein Bewusstsein für Verbräuche und ermöglichen ihm mit unseren Tochterunternehmen smartRED und Zählerhelden ein neues Level der Energieoptimierung. Werde Teil unseres Teams und gestalte eine grüne Zukunft mit uns 🚀! 👉 Besuch doch unsere Website: www.abm-service.de","Als familiengeführtes Unternehmen liegt uns die Zukunft unserer Erde sehr am Herzen. Wir bieten unseren Kunden Dienstleistungen rund um die Immobilie an und arbeiten dabei stets am Puls der Zeit.
Mit smarter Technik und maßgeschneiderten Lösungen aus der Region tragen wir aktiv zur Energiewende bei, ermöglichen ein neues Level der Energieoptimierung und schaffen zusammen mit unseren Tochterunternehmen smartRED und Zählerhelden die Basis für eine klimaneutrale Zukunft.
🚀 Besuch doch unsere Website: www.abm-service.de",https://www.abm-service.de/,https://www.abm-service.de/,company,bewerbung@abm-service.de,https://www.ausbildung.de/direktbewerbung/ausbildung-fachinformatiker-in-fuer-anwendungsentwicklung-m-w-d-bei-abm-mess-service-gmbh-in-dornstadt-e13fcdad-00cb-422c-9c54-ac4e52e71736/,https://www.ausbildung.de/direktbewerbung/ausbildung-fachinformatiker-in-fuer-anwendungsentwicklung-m-w-d-bei-abm-mess-service-gmbh-in-dornstadt-e13fcdad-00cb-422c-9c54-ac4e52e71736/,https://www.ausbildung.de/direktbewerbung/ausbildung-fachinformatiker-in-fuer-anwendungsentwicklung-m-w-d-bei-abm-mess-service-gmbh-in-dornstadt-e13fcdad-00cb-422c-9c54-ac4e52e71736/,externe,,,,ausbildung_de,https://www.ausbildung.de/stellen/ausbildung-fachinformatiker-in-fuer-anwendungsentwicklung-m-w-d-bei-abm-mess-service-gmbh-in-dornstadt-e13fcdad-00cb-422c-9c54-ac4e52e71736/,False,,73,2026-06-11T11:17:36.290836+00:00
AD-c7cfae9e-2bba-4694-8a04-6778f6a7face,ausbildung_de_ae,ADS Allgemeine Deutsche Steuerberatungsgesellschaft mbH,,Hamburg,New-York-Ring 6 22297 Hamburg Hamburg,"Ausbildung Fachinformatiker/in für Anwendungsentwicklung (m/w/d) 2026

DAS SIND DEINE AUFGABEN
- Entwicklung und Programmierung von Softwarelösungen und Anwendungen
- Analyse und Erfassung von Kundenanforderungen und deren Umsetzung in Software
- Gestaltung und Implementierung benutzerfreundlicher Oberflächen
- Durchführung von Tests zur Qualitätssicherung und Fehlerbehebung
- Erstellung und Pflege von technischen Dokumentationen
- Mitarbeit an Projekten zur Weiterentwicklung und Optimierung von Softwareanwendungen
- Unterstützung und Beratung von Anwendern bei Softwarefragen

DAS IST DEIN PROFIL
- Guter Realschulabschluss, Fachabitur oder Abitur
- Begeisterung für Programmierung, Softwareentwicklung und IT-Technologien
- Freundliches Auftreten und gute Kommunikationsfähigkeiten
- Strukturierte und analytische Arbeitsweise
- Lust auf kontinuierliches Lernen und persönliche Weiterentwicklung
- Motivierte und optimistische Haltung

DAS BIETEN WIR DIR
- Attraktive Ausbildungsvergütung
- 13 Monatsgehälter
- 30 Urlaubstage + Heiligabend und Silvester frei
- Halber Urlaubstag an deinem Geburtstag
- Flexible Arbeitszeiten
- Vergünstigungen für Sport- und Gesundheitskurse
- Tolle Mitarbeiter:innen-Events
- Regelmäßige Schulungen sowie Seminare
- Netzwerk mit ca. 80 Auszubildenden
- Hohe Übernahmechancen nach erfolgreichem Abschluss
- ..und noch vieles mehr!",,"DAS IST DEIN PROFIL
- Guter Realschulabschluss, Fachabitur oder Abitur
- Begeisterung für Programmierung, Softwareentwicklung und IT-Technologien
- Freundliches Auftreten und gute Kommunikationsfähigkeiten
- Strukturierte und analytische Arbeitsweise
- Lust auf kontinuierliches Lernen und persönliche Weiterentwicklung
- Motivierte und optimistische Haltung",Ausbildung | Fachinformatiker/in für Anwendungsentwicklung (m/w/d) 2026,"Woher wir kommen. Die ADS-Geschichte ist eine Erfolgsgeschichte der besonderen Art. Was 1955 bei der Gründung mit 120 Mandanten begann, wurde bis heute zu einem gefragten und national anerkannten Berater und Dienstleister rund um das Thema Steuern und Finanzen fortgeschrieben. Als Buchstelle für EDEKA-Kaufleute mit 10 Mitarbeitern gegründet, ist die ADS heute deutschlandweit mit über 900 Mitarbeitern an 26 Standorten für ihre Mandanten aktiv. Dank unserer Größe können wir uns auch auf andere Branchen konzentrieren. Rund 8.000 Mandanten vertrauen auf Sachverstand und Engagement einer bundesweit vertretenen und unabhängigen Beratungsgesellschaft, auf die man zählen kann.","DAS BIETEN WIR DIR
- Attraktive Ausbildungsvergütung
- 13 Monatsgehälter
- 30 Urlaubstage + Heiligabend und Silvester frei
- Halber Urlaubstag an deinem Geburtstag
- Flexible Arbeitszeiten
- Vergünstigungen für Sport- und Gesundheitskurse
- Tolle Mitarbeiter:innen-Events
- Regelmäßige Schulungen sowie Seminare
- Netzwerk mit ca. 80 Auszubildenden
- Hohe Übernahmechancen nach erfolgreichem Abschluss
- ..und noch vieles mehr!",http://www.ads-steuer.de/karriere/,http://www.ads-steuer.de/karriere/,company,,https://www.ads-steuer.de/karriere/stellenboerse/ausbildung-zum-fachinformatiker-fuer-anwendungsentwicklung-m-w-d-2464747/?_pc=1617390,https://www.ads-steuer.de/karriere/stellenboerse/ausbildung-zum-fachinformatiker-fuer-anwendungsentwicklung-m-w-d-2464747/?_pc=1617390,https://www.ads-steuer.de/karriere/stellenboerse/ausbildung-zum-fachinformatiker-fuer-anwendungsentwicklung-m-w-d-2464747/?_pc=1617390,externe,"Für Fragen steht dir unsere Ansprechpartnerin Melanie Masurek gerne unter der Telefonnummer 040 63305-5037 zur Verfügung.
Wir freuen uns darauf, dich kennenzulernen! Bewerbe dich einfach über unser Online-Karriereportal: https://www.ads-steuer.de/karriere/stellenboerse/ausbildung-zum-fachinformatiker-fuer-anwendungsentwicklung-m-w-d-2464747/?_pc=1617390",Lege jetzt los und lade deine Bewerbungsunterlagen direkt über unser Portal hoch!,,ausbildung_de,https://www.ausbildung.de/stellen/ausbildung-fachinformatiker-in-fuer-anwendungsentwicklung-m-w-d-bei-ads-allgemeine-deutsche-steuerberatungsgesellschaft-mbh-in-hamburg-2fd53c5b-c40e-480d-880b-4a1bb6b31538/,False,,80,2026-06-11T11:17:39.169230+00:00
AD-24f2b3bb-0b04-4c5a-b00e-590556e7d490,ausbildung_de_ae,ALTE OLDENBURGER Krankenversicherung AG,,Vechta,Alte-Oldenburger-Platz 1 49377 Vechta Niedersachsen,"Ausbildung Fachinformatiker/in für Anwendungsentwicklung (m/w/d)

Mittlere Reife",,Mittlere Reife,Ausbildung | Fachinformatiker/in für Anwendungsentwicklung (m/w/d),"Die ALTE OLDENBURGER wurde bereits am 1. November 1927 als ""Bäuerliche Krankenkasse"" gegründet. Wir ein Unternehmen mit langer Tradition und fest am Standort Vechta verwurzelt. Aktuell haben wir ca. 300 Mitarbeiter und Mitarbeiterinnen und beschäftigen viele unterschiedliche Berufe z.B. in den Bereichen Versicherung, Buchhaltung, Mathematik, Marketing und IT. Als private Krankenversicherung ist unsere Aufgabe, die Arzt-, Krankenhaus- und Zahnarztrechnungen unserer Versicherten zu bezahlen. Wie du vielleicht weißt, gibt es in Deutschland die gesetzliche und die private Krankenversicherung. In letzterer sind insb. Selbstständige, Beamte und Angestellte mit höherem Einkommen versichert. Unsere Versicherten bekommen die Rechnungen für Behandlungen beim Arzt oder im Krankenhaus direkt zugestellt und müssen sie zunächst selbst bezahlen. Im Anschluss bekommen sie das Geld dann von uns erstattet. Von der Einreichung eines Versicherungsantrags für neue Kunden, über die Änderung von Tarifen z.B. bei der Geburt eines Kindes, bis hin zur Erstattung der Kosten für ärztliche Behandlungen sind viele verschiedene Systeme im Einsatz. Unsere Eingangspost wird komplett eingescannt und danach digital in der AO bearbeitet. Unsere Ausgangspost wird über eine große Poststraße in Hannover gedruckt und verschickt. Unsere Versicherten können ihre Rechnungen z.B. auch mit einer eigenen App fotografieren und uns direkt digital zuschicken. Die Arbeit in einer Versicherung ist also alles andere als langweilig! Wir arbeiten schon lange nicht mehr mit großen Papierbergen und stöbern im Kellerarchiv nach verlorenen Akten. Im Gegenteil: Wir arbeiten fast komplett papierlos in modern eingerichteten Büros mit mehreren Bildschirmen und ergonomischer Hardware und Möbeln. Unsere Projekte sind vielfältig und bieten viel Raum für den Einsatz moderner Technologien, wie z.B. bei unserer App oder den verschiedenen Webanwendungen, die wir selbst entwickelt haben.",,https://aosbildung.de,https://aosbildung.de,company,bewerbung@alte-oldenburger.de,https://www.ausbildung.de/direktbewerbung/ausbildung-fachinformatiker-in-fuer-anwendungsentwicklung-m-w-d-bei-alte-oldenburger-krankenversicherung-ag-in-vechta-ed25b114-a075-45ff-a503-74a7112428f3/,https://www.ausbildung.de/direktbewerbung/ausbildung-fachinformatiker-in-fuer-anwendungsentwicklung-m-w-d-bei-alte-oldenburger-krankenversicherung-ag-in-vechta-ed25b114-a075-45ff-a503-74a7112428f3/,https://www.ausbildung.de/direktbewerbung/ausbildung-fachinformatiker-in-fuer-anwendungsentwicklung-m-w-d-bei-alte-oldenburger-krankenversicherung-ag-in-vechta-ed25b114-a075-45ff-a503-74a7112428f3/,externe,,,,ausbildung_de,https://www.ausbildung.de/stellen/ausbildung-fachinformatiker-in-fuer-anwendungsentwicklung-m-w-d-bei-alte-oldenburger-krankenversicherung-ag-in-vechta-ed25b114-a075-45ff-a503-74a7112428f3/,False,,67,2026-06-11T11:18:27.922629+00:00
AD-b39646b3-d973-4d7b-8769-4b6a17f30554,ausbildung_de_ae,Beckhoff Automation GmbH & Co. KG,,Verl,Hülshorstweg 20 33415 Verl Nordrhein-Westfalen,"Ausbildung Fachinformatiker/in für Anwendungsentwicklung (m/w/d)

Mittlere Reife

Beckhoff ist ein wachsender, technischer Global Player! Eine familiäre Atmosphäre, flache Hierarchien und spannende Freizeitaktivitäten sorgen dafür, dass du schnell ein Teil unseres großen Teams wirst. Wir bieten dir echte Aufgaben aus allen Bereichen der Software-Entwicklung, die du eigenverantwortlich mithilfe modernster Programmiersprachen und Methoden bearbeitest. Wir unterstützen dich dabei mit unserer umfassenden Ausbildungserfahrung sowie individuellen Schulungen und Seminaren. Nach erfolgreichem Abschluss deiner Ausbildung bestehen vielseitige Perspektiven und – je nach persönlichem Interesse – die Möglichkeit zur Spezialisierung.",,Mittlere Reife,Ausbildung | Fachinformatiker/in für Anwendungsentwicklung (m/w/d),"Beckhoff entwickelt und produziert Automatisierungstechnik – aber was ist das überhaupt? Automatisierungstechnik ist aus unserer Welt nicht mehr wegzudenken. Sie bringt Fortschritt in so gut wie alle Lebensbereiche – von der Optimierung von Verkehrssystemen über nachhaltige Landwirtschaft mit intelligenten Robotern, die Pflanzen individuell pflegen, bis hin zu umweltfreundlichen Produktionen, die durch Künstliche Intelligenz gesteuert werden. Auch in der Weltraumforschung, bei der Erkundung neuer Planeten durch autonome Rover, spielt unsere Technik eine entscheidende Rolle. Und das ist nur der Anfang – mit unserer Technik geht noch viel mehr. Auch deshalb ist Automatisierungstechnik unsere Leidenschaft!Egal, ob du handwerklich begabt bist, kreative Ideen hast oder total auf Computer stehst – bei Beckhoff findest du deinen Traumjob. Du kannst in der Produktion unserer Hightech-Komponenten mitwirken, unsere Automatisierungssoftware mitentwickeln oder dich in kaufmännischen und kreativen Bereichen austoben.Wir bieten dir verschiedene Ausbildungsberufe und praxisintegrierte Studiengänge an, in denen wir dich nach dem „Training-on-the-Job-Prinzip“ ausbilden. Das bedeutet, dass du vom ersten Tag an Teil eines Teams bist und direkt im Tagesgeschäft oder an echten Kundenprojekten mitarbeitest. Gleichzeitig wirst du durch einen persönlichen Betreuer begleitet und bekommst eine Vielzahl an ergänzenden Workshops angeboten – damit du bestens auf dein Berufsleben vorbereitet bist!","Beckhoff ist ein wachsender, technischer Global Player! Eine familiäre Atmosphäre, flache Hierarchien und spannende Freizeitaktivitäten sorgen dafür, dass du schnell ein Teil unseres großen Teams wirst. Wir bieten dir echte Aufgaben aus allen Bereichen der Software-Entwicklung, die du eigenverantwortlich mithilfe modernster Programmiersprachen und Methoden bearbeitest. Wir unterstützen dich dabei mit unserer umfassenden Ausbildungserfahrung sowie individuellen Schulungen und Seminaren. Nach erfolgreichem Abschluss deiner Ausbildung bestehen vielseitige Perspektiven und – je nach persönlichem Interesse – die Möglichkeit zur Spezialisierung.",https://www.beckhoff.com/de-de/,https://www.beckhoff.com/de-de/,company,talents@beckhoff.com,https://www.beckhoff.com/de-de/unternehmen/stellenangebote/online-bewerbung/index.aspx?applicationType=training&applicationId=43461,https://www.beckhoff.com/de-de/unternehmen/stellenangebote/online-bewerbung/index.aspx?applicationType=training&applicationId=43461,https://www.beckhoff.com/de-de/unternehmen/stellenangebote/online-bewerbung/index.aspx?applicationType=training&applicationId=43461,externe,,,,ausbildung_de,https://www.ausbildung.de/stellen/ausbildung-fachinformatiker-in-fuer-anwendungsentwicklung-m-w-d-bei-beckhoff-automation-gmbh-co-kg-in-verl-95bef67e-e72d-4c6c-befc-bd600359fd8e/,False,,73,2026-06-11T11:18:32.176867+00:00
AD-a9f25521-fb40-4711-81d9-156c999ddb19,ausbildung_de_ae,CHEFS CULINAR GmbH & Co. KG,,Weeze,Holtumsweg 26 47652 Weeze Nordrhein-Westfalen,"Ausbildung Fachinformatiker/in für Anwendungsentwicklung (m/w/d)

Voraussetzungen
- einen sehr guten Realschulabschluss oder eine gute (Fach-)Hochschulreife.
- ein gutes Zahlenverständnis und logisches Denkvermögen.
- die Fähigkeit, dich gut über einen längeren Zeitraum zu konzentrieren.
- gute Deutsch- und Englisch-Kenntnisse.
- Interesse an IT-Prozessen, Programmiersprachen und technischen Abläufen.
- Freude im Team und mit Kollegen lösungsorientiert zusammen zu arbeiten

Wir bieten
- Eine interessante Ausbildung
- Eine intensive Betreuung
- Schulung und Prüfungsvorbereitungskurse, damit Ihre Prüfung für Sie kein Problem ist",,"Voraussetzungen
- einen sehr guten Realschulabschluss oder eine gute (Fach-)Hochschulreife.
- ein gutes Zahlenverständnis und logisches Denkvermögen.
- die Fähigkeit, dich gut über einen längeren Zeitraum zu konzentrieren.
- gute Deutsch- und Englisch-Kenntnisse.
- Interesse an IT-Prozessen, Programmiersprachen und technischen Abläufen.
- Freude im Team und mit Kollegen lösungsorientiert zusammen zu arbeiten",Ausbildung | Fachinformatiker/in für Anwendungsentwicklung (m/w/d),"Das sind wirCHEFS CULINAR ist ein bundesweit führender Zustellgroßhandel aus dem Food- und Non Food-Bereich für Hotellerie, Gastronomie und der Gemeinschaftsverpflegung. Als Vollsortimenter für Großverbraucher sind wir ein über viele Jahrzehnte familiengeführtes Traditionsunternehmen.25.000 verschiedene Produkte8 Standorte, 23 Stützpunkte in Deutschland und Niederlassungen in umliegenden NachbarländernWir sorgen dafür, dass unsere Kunden zuverlässig und auf dem schnellsten Weg versorgt werden. Mit einem Fuhrpark von über 1.000 PKW´s und mehr als 1.500 LKW´s sorgen wir dafür, dass unsere Räder niemals still stehen. Gemeinsam mit unseren Kunden teilen wir die gleiche Leidenschaft: Frische, Qualität und einzigartiger Service. Unser AusbildungsangebotEine Ausbildung mit Zukunft liegt uns am Herzen, denn eigene Nachwuchskärfte stehen wir uns an erster Stelle! Seit Jahrzehnten bilden wir daher junge Menschen in den unterschiedlichsten Berufsfeldern aus und begleiten sie auf ihren ersten Schritten in die Arbeitswelt.Wenn du auf der Suche nach einer Ausbildungsstelle bist, die dich sowohl fordert als auch fördert, bist du bei uns genau an der richtigen Adresse. Die Auswahl an Tätigkeitsfeldern ist groß: Kaufmann (m/w/d) für Groß- & Außenhandelsmanagement Fachkraft (m/w/d) für Lagerlogistik Fachlagerist (m/w/d) Berufskraftfahrer (m/w/d) Fleischer (m/w/d) Wir freuen uns auf deine Bewerbung!","Wir bieten
- Eine interessante Ausbildung
- Eine intensive Betreuung
- Schulung und Prüfungsvorbereitungskurse, damit Ihre Prüfung für Sie kein Problem ist",https://www.chefsculinar.de/index.htm,https://www.chefsculinar.de/index.htm,company,hr-ccwest@chefsculinar.de,https://www.ausbildung.de/direktbewerbung/ausbildung-fachinformatiker-in-fuer-anwendungsentwicklung-m-w-d-bei-chefs-culinar-gmbh-co-kg-in-weeze-628864b8-04fe-4904-b98a-4f7d17200366/,https://www.ausbildung.de/direktbewerbung/ausbildung-fachinformatiker-in-fuer-anwendungsentwicklung-m-w-d-bei-chefs-culinar-gmbh-co-kg-in-weeze-628864b8-04fe-4904-b98a-4f7d17200366/,https://www.ausbildung.de/direktbewerbung/ausbildung-fachinformatiker-in-fuer-anwendungsentwicklung-m-w-d-bei-chefs-culinar-gmbh-co-kg-in-weeze-628864b8-04fe-4904-b98a-4f7d17200366/,externe,"- Du bearbeitest Aufgaben eigenständig, um die Fachabteilung bei Fragen und Problemen zu unterstützen.
- Du bist nach spätestens drei Jahren ein Profi auf deinem Gebiet.
- Du bist richtig gut und hast durch Leistung überzeugt? Dann hast Du gute Aussichten unser Team langfristig zu verstärken.",,,ausbildung_de,https://www.ausbildung.de/stellen/ausbildung-fachinformatiker-in-fuer-anwendungsentwicklung-m-w-d-bei-chefs-culinar-gmbh-co-kg-in-weeze-628864b8-04fe-4904-b98a-4f7d17200366/,False,,80,2026-06-11T11:18:41.872726+00:00
AD-087ccb7f-19c2-40a6-b665-d3711c540c40,ausbildung_de_ae,conet Holding GmbH,,Garching bei München,Parkring 57-59 85748 Garching bei München Bayern,"Ausbildung Fachinformatiker/in für Anwendungsentwicklung (m/w/d)

Mittlere Reife",,Mittlere Reife,Ausbildung | Fachinformatiker/in für Anwendungsentwicklung (m/w/d),"Leading forward: Als Full-Service-IT-Dienstleister begleiten wir den öffentlichen Sektor, unsere Verteidigungsbranche und Unternehmen auf ihrem Weg in die digitale Zukunft – mit Lösungen, die Leistung, Sicherheit und Zukunftsfähigkeit vereinen sowie Souveränität und Fortschritt sichern. Heute und morgen.",,https://www.conet.de/de/karriere/,https://www.conet.de/de/karriere/,company,recruiting@conet.de,https://www.ausbildung.de/direktbewerbung/ausbildung-fachinformatiker-in-fuer-anwendungsentwicklung-m-w-d-bei-conet-holding-gmbh-in-garching-bei-muenchen-a55f4158-b71b-4d87-9d70-862463c1ea4f/,https://www.ausbildung.de/direktbewerbung/ausbildung-fachinformatiker-in-fuer-anwendungsentwicklung-m-w-d-bei-conet-holding-gmbh-in-garching-bei-muenchen-a55f4158-b71b-4d87-9d70-862463c1ea4f/,https://www.ausbildung.de/direktbewerbung/ausbildung-fachinformatiker-in-fuer-anwendungsentwicklung-m-w-d-bei-conet-holding-gmbh-in-garching-bei-muenchen-a55f4158-b71b-4d87-9d70-862463c1ea4f/,externe,,"Wir suchen keine perfekten Bewerbungsunterlagen – wir suchen Menschen mit echter Motivation für IT. Überzeug uns mit deinem ""Warum"".
Schick uns deinen Lebenslauf, dein letztes Zeugnis – und dein persönliches ""Warum""!
Wir freuen uns auf dich!",,ausbildung_de,https://www.ausbildung.de/stellen/ausbildung-fachinformatiker-in-fuer-anwendungsentwicklung-m-w-d-bei-conet-holding-gmbh-in-garching-bei-muenchen-a55f4158-b71b-4d87-9d70-862463c1ea4f/,False,,73,2026-06-11T11:18:47.313744+00:00
AD-74bb18a7-935f-4f0e-af34-a37a1ff33f89,ausbildung_de_ae,DAKOSY Datenkommunikationssystem AG,,Hamburg,Mattentwiete 2 20457 Hamburg Hamburg,"Ausbildung Fachinformatiker/in für Anwendungsentwicklung (m/w/d)

Mittlere Reife",,Mittlere Reife,Ausbildung | Fachinformatiker/in für Anwendungsentwicklung (m/w/d),"Als eines der führenden Softwarehäuser in Deutschland bieten wir seit über 40 Jahren cloudbasierte Lösungen für die Zollabwicklung, die internationale Spedition und das Supply Chain Management an.Wir betreiben die Cargo Community Plattformen für den Hamburger Hafen (PCS) und für die Flughäfen Frankfurt/Main und Hamburg (FAIR@Link), welche über offene und flexible EDI-Schnittstellen sowie Web-Anwendungen für jedes Unternehmen erreichbar sind. Wir managen die Softwarepakete und Plattformen in unseren eigenen hochverfügbaren Rechenzentren.Wir haben unseren Hauptsitz in Hamburg und Büros in Bremen (mit der CargoSoft GmbH), Frankfurt/Main und Konstanz.Unseren Kunden sind wir immer ein kompetenter Ansprechpartner. Das gilt nicht nur während der Entscheidungs- und Implementierungsphase der Software sondern auch später im Betrieb.",,https://www.dakosy.de/,https://www.dakosy.de/,company,bewerbung@dakosy.de,https://www.ausbildung.de/direktbewerbung/ausbildung-fachinformatiker-in-fuer-anwendungsentwicklung-m-w-d-bei-dakosy-datenkommunikationssystem-ag-in-hamburg-1777df0b-eeca-43cc-a22d-9816595546f8/,https://www.ausbildung.de/direktbewerbung/ausbildung-fachinformatiker-in-fuer-anwendungsentwicklung-m-w-d-bei-dakosy-datenkommunikationssystem-ag-in-hamburg-1777df0b-eeca-43cc-a22d-9816595546f8/,https://www.ausbildung.de/direktbewerbung/ausbildung-fachinformatiker-in-fuer-anwendungsentwicklung-m-w-d-bei-dakosy-datenkommunikationssystem-ag-in-hamburg-1777df0b-eeca-43cc-a22d-9816595546f8/,externe,,,,ausbildung_de,https://www.ausbildung.de/stellen/ausbildung-fachinformatiker-in-fuer-anwendungsentwicklung-m-w-d-bei-dakosy-datenkommunikationssystem-ag-in-hamburg-1777df0b-eeca-43cc-a22d-9816595546f8/,False,,67,2026-06-11T11:18:52.073276+00:00
AD-84b43db1-8284-477c-804f-39388ea41348,ausbildung_de_ae,dalli group,,Stolberg (Rheinland),Stolberg (Rheinland) Nordrhein-Westfalen,"Ausbildung zum Fachinformatiker für Anwendungsentwicklung (m/w/d)

Deine Aufgaben
Als Fachinformatiker für Anwendungsentwicklung (m/w/d) unterstützt Du bei der bedarfsgerechten Bereitstellung von Softwarelösungen. Deine Aufgaben hierbei sind z. B.:
• Konzeption und Realisierung von Softwareanwendungen (schwerpunktmäßig in SAP)
• Testen und Dokumentieren der Anwendungen
• Modifizierung bestehender SAP-Anwendungen und deren Prozesse
• Beratung und Schulung der Kunden

Das bringst Du mit
• (Fach-) Abitur
• Kommunikationsfähigkeit und Teamfähigkeit
• Eigeninitiative und Verantwortungsbewusstsein
• Interesse an betriebswirtschaftlichen Abläufen und Lösen von Problemen
• Logisches und analytisches Denkvermögen
Deine Perspektiven
Du hast Deine Ausbildung erfolgreich absolviert? Dann steht der Übernahme nichts mehr im Wege. Nach Deiner Ausbildung kannst Du in dem Bereich Business Applications arbeiten. Außerdem kannst Du Dich über die Fortbildungsangebote der dalli-group stetig weiterentwickeln. Somit stehen Dir auch nach der Ausbildung viele weitere Möglichkeiten zur Verfügung.",,"Das bringst Du mit
• (Fach-) Abitur
• Kommunikationsfähigkeit und Teamfähigkeit
• Eigeninitiative und Verantwortungsbewusstsein
• Interesse an betriebswirtschaftlichen Abläufen und Lösen von Problemen
• Logisches und analytisches Denkvermögen
Deine Perspektiven
Du hast Deine Ausbildung erfolgreich absolviert? Dann steht der Übernahme nichts mehr im Wege. Nach Deiner Ausbildung kannst Du in dem Bereich Business Applications arbeiten. Außerdem kannst Du Dich über die Fortbildungsangebote der dalli-group stetig weiterentwickeln. Somit stehen Dir auch nach der Ausbildung viele weitere Möglichkeiten zur Verfügung.",Ausbildung | zum Fachinformatiker für Anwendungsentwicklung (m/w/d),"Die dalli group ist ein Familienunternehmen geführt in sechter Generation mit klarer Fokussierung auf das europäische Handelsmarkengeschäft. Entsprechend unserem Qualitätsversprechen verbinden wir als mittelständisches Unternehmen Tradition, Werte und soziale Verantwortung in unserer mehr als 180-jährigen Firmengeschichte mit den Ansprüchen einer leistungsstarken und zukunftsorientierten Unternehmensgruppe. Unser Portfolio umfasst ein breites Produktspektrum in der Schönheits- und Haushaltspflege. In kürzester Zeit haben wir uns europaweit als einer der führenden Konsumgüterhersteller in diesen Bereichen etabliert. Unsere Produkte entwickeln und fertigen wir mit rund 1.300 Mitarbeitern an insgesamt fünf eigenen Standorten in Deutschland und den Niederlanden. Zu unseren Kunden gehören die führenden Discounter, Drogeriemärkte und Supermärkte. www.dalli-group.com",,https://karriere.stella-hr.de/dalligroup/content/Schueler_Dalli/?locale=de_DE,https://karriere.stella-hr.de/dalligroup/content/Schueler_Dalli/?locale=de_DE,company,,https://karriere.stella-hr.de/dalligroup/job/Stolberg-Auszubildenden-zum-Fachinformatiker-Anwendungsentwicklung-%28mwd%29-NW-52224/1251093201/,https://karriere.stella-hr.de/dalligroup/job/Stolberg-Auszubildenden-zum-Fachinformatiker-Anwendungsentwicklung-%28mwd%29-NW-52224/1251093201/,https://karriere.stella-hr.de/dalligroup/job/Stolberg-Auszubildenden-zum-Fachinformatiker-Anwendungsentwicklung-%28mwd%29-NW-52224/1251093201/,externe,,,,ausbildung_de,https://www.ausbildung.de/stellen/ausbildung-fachinformatiker-in-fuer-anwendungsentwicklung-m-w-d-bei-dalli-group-in-stolberg-rheinland-42dc9c4a-8fde-48de-a748-ca6a227fd3d9/,False,,60,2026-06-11T11:18:56.381377+00:00
AD-8ba21077-94a0-46b3-b0a4-7ca3e68a5977,ausbildung_de_ae,Deutsche Rentenversicherung Knappschaft-Bahn-See,,Bochum,Knappschaftstraße 1 44799 Bochum Nordrhein-Westfalen,"Ausbildung Fachinformatiker/in für Anwendungsentwicklung (m/w/d), Bochum, Start 01.09.2027

Außerdem unterstützen wir die Ziele der UN-Behindertenrechtskonvention und setzen uns besonders für die Belange von Menschen mit Beeinträchtigungen ein. Nach Maßgabe des SGB IX und des Behindertengleichstellungsgesetzes begrüßen wir daher ausdrücklich Bewerbungen von schwerbehinderten Menschen; hinsichtlich der Erfüllung der Ausschreibungsvoraussetzungen erfolgt eine individuelle Betrachtung. Begrüßt werden Bewerbungen von Menschen aller Nationalitäten.
Hinweis zum Datenschutz:
Mit Ihrer Bewerbung erklären Sie sich einverstanden, dass Ihre personenbezogenen Daten erfasst und zur Abwicklung des Bewerbungs- und ggf. Einstellungsverfahrens gespeichert werden.
Wir behandeln diese Daten mit größter Sorgfalt nach den gesetzlichen Bestimmungen zum Datenschutz.

Wir bieten dir attraktive Rahmenbedingungen:
- ein überdurchschnittliches Ausbildungsentgelt ab 1.368,26 EUR (1. Jahr) bis 1.464,02 (3. Jahr) brutto
- vermögenswirksame Leistungen
- eine Jahressonderzahlung (Weihnachtsgeld)
- gleitende Arbeitszeiten
- Urlaubsanspruch von 31 Arbeitstagen im Kalenderjahr
- persönliches Laptop und IPad während der Ausbildungszeit
- projektbezogenes Lernen und Arbeiten
- Lernmittelzuschuss (1 x jährlich): 50,00 EUR brutto
- zusätzliche Altersversorgung
- Abschlussprämie von 400,00 EUR bei dem erfolgreichen Abschluss der Ausbildung
- eine hohe Übernahmequote
Was wir von dir erwarten?
- Mit der vollen Fachhochschulreife oder dem Abitur können Sie mit der Ausbildung beginnen.
- Ihr Interesse an Computern geht über den Spaß an „Spielen und Surfen“ hinaus.
- Es fällt Ihnen leicht, mit mathematischen und logischen Zusammenhängen umzugehen.
- Sie verfügen über einen sicheren Umgang mit der deutschen Sprache (Sprachniveau C1)
- Sie verfügen über gute Englischkenntnisse
- Sie haben Spaß daran, in einem Team zu arbeiten und können dennoch eigenständig tätig sein.
Haben wir dein Interesse geweckt?
Mehr Informationen zu unserem Studienangebot gibt es auf unsere Homepage www.kbs.de/ausbildung.","1. Jahr: 1368,26 €
2. Jahr: 1418,20 €
3. Jahr: 1464,02 €","Außerdem unterstützen wir die Ziele der UN-Behindertenrechtskonvention und setzen uns besonders für die Belange von Menschen mit Beeinträchtigungen ein. Nach Maßgabe des SGB IX und des Behindertengleichstellungsgesetzes begrüßen wir daher ausdrücklich Bewerbungen von schwerbehinderten Menschen; hinsichtlich der Erfüllung der Ausschreibungsvoraussetzungen erfolgt eine individuelle Betrachtung. Begrüßt werden Bewerbungen von Menschen aller Nationalitäten.
Hinweis zum Datenschutz:
Mit Ihrer Bewerbung erklären Sie sich einverstanden, dass Ihre personenbezogenen Daten erfasst und zur Abwicklung des Bewerbungs- und ggf. Einstellungsverfahrens gespeichert werden.
Wir behandeln diese Daten mit größter Sorgfalt nach den gesetzlichen Bestimmungen zum Datenschutz.","Ausbildung | Fachinformatiker/in für Anwendungsentwicklung (m/w/d), Bochum, Start 01.09.2027","Als Nachwuchskraft bei der Knappschaft-Bahn-See (KBS) werden Sie in einem der größten Sozialversicherungsträger in Deutschland ausgebildet. Die KBS gilt als die älteste Sozialversicherung der Welt, da sich unter dem Begriff ""Knappschaft"" Bergleute vor hunderten von Jahren erstmalig zum Schutz vor sozialen und gesundheitlichen Risiken zusammenschlossen. Die KBS ist deshalb aber noch lange nicht eingestaubt, sondern ein moderner Verbund aus gesetzlicher Rentenversicherung, Krankenversicherung, Pflegeversicherung und medizinischen Netz. Die KBS betreut außerdem alle geringfügigen Beschäftigungsverhältnisse, die so genannten Minijobs, in der Minijob-Zentrale. Zudem sind wir Träger der Bundesfachstelle für Barrierefreiheit. Neben dem Bachelorstudium „Sozialversicherungsrecht“ und der Ausbildung zur/zum Sozialversicherungsfachangestellten bietet die KBS auch im IT-Bereich den Studiengang Wirtschaftsinformatik (B.Sc.) sowie die Ausbildung zum/zur Fachinformatiker/in (Fachrichtungen Anwendungsentwicklung und Systemintegration) an. Bei der KBS gilt in allen Bereichen das Prinzip der dualen Ausbildung. Durch den Wechsel von praktischer Ausbildung und Studium bzw. Berufsschulunterricht vertiefen Sie Ihr Wissen und machen sich fit für den Berufseinstieg. Langeweile kommt daher niemals auf! Die theoretischen und berufspraktischen Studienzeiten während des Bachelorstudiums für den gehobenen Dienst können Sie direkt im Haus absolvieren. Die KBS gehört zu den Trägern der Hochschule des Bundes für öffentliche Verwaltung, Fachbereich Sozialversicherung. Für die Verwaltungsberufe stehen Ihnen ein Ausbildungszentrum in Bochum sowie ein Tagungszentrum in Winterberg zur intensiven Vermittlung der Fach-, Methoden- und Sozialkompetenz zur Verfügung. Natürlich hat die KBS dort modernste Büro- und Kommunikationstechnik, mit der Sie auf die spätere Arbeit vorbereitet werden. Die Ausbildung ist für Sie ein wichtiger Schritt und deshalb sollte alles stimmen. Wir stellen Ihnen deshalb ein qualifiziertes Team von Lehrkräften und Praxisausbildenden zur Seite, das Sie fit macht für den Start ins Berufsleben. Bei der KBS sind Sie einer von rund 500 jungen Menschen, die ein/e Ausbildung/Studium absolvieren. Unterrichtet wird in kleinen Klassen, in denen Sie einerseits viel Teamwork erleben und andererseits sehr intensiv und effektiv lernen. Gleichzeitig werden Entwicklungsmöglichkeiten gefördert. So können Sie Ihr individuelles Talent fördern und Ihr Können anwenden. Ist Ihr Interesse geweckt? Schauen Sie sich doch hier auf ausbildung.de mal das Azubi-Interview und die Azubi-Bewertungen an und bewerben sich bald für ein/e Ausbildung/Studium bei der KBS.","Wir bieten dir attraktive Rahmenbedingungen:
- ein überdurchschnittliches Ausbildungsentgelt ab 1.368,26 EUR (1. Jahr) bis 1.464,02 (3. Jahr) brutto
- vermögenswirksame Leistungen
- eine Jahressonderzahlung (Weihnachtsgeld)
- gleitende Arbeitszeiten
- Urlaubsanspruch von 31 Arbeitstagen im Kalenderjahr
- persönliches Laptop und IPad während der Ausbildungszeit
- projektbezogenes Lernen und Arbeiten
- Lernmittelzuschuss (1 x jährlich): 50,00 EUR brutto
- zusätzliche Altersversorgung
- Abschlussprämie von 400,00 EUR bei dem erfolgreichen Abschluss der Ausbildung
- eine hohe Übernahmequote
Was wir von dir erwarten?
- Mit der vollen Fachhochschulreife oder dem Abitur können Sie mit der Ausbildung beginnen.
- Ihr Interesse an Computern geht über den Spaß an „Spielen und Surfen“ hinaus.
- Es fällt Ihnen leicht, mit mathematischen und logischen Zusammenhängen umzugehen.
- Sie verfügen über einen sicheren Umgang mit der deutschen Sprache (Sprachniveau C1)
- Sie verfügen über gute Englischkenntnisse
- Sie haben Spaß daran, in einem Team zu arbeiten und können dennoch eigenständig tätig sein.
Haben wir dein Interesse geweckt?
Mehr Informationen zu unserem Studienangebot gibt es auf unsere Homepage www.kbs.de/ausbildung.",https://karriere.kbs.de/nwk/DE/Home/node.html,https://karriere.kbs.de/nwk/DE/Home/node.html,company,bildung_recruiting@kbs.de,https://bewerberportal.net/register/RUWKEDGR7JG4DDUYE8,https://bewerberportal.net/register/RUWKEDGR7JG4DDUYE8,https://bewerberportal.net/register/RUWKEDGR7JG4DDUYE8,externe,,"Wir freuen uns auf deine Bewerbung (persönliches Anschreiben, tabellarischer Lebenslauf, aktuelles Schulzeugnis) über unser Onlineportal
Link: https://bewerberportal.net/register/RUWKEDGR7JG4DDUYE8
Hast du noch Fragen? Dann melde dich bei uns.
Alexander Behlau, Tel. 0234 304-53127 (Fragen zum Studium)
Annette Zielonka, Tel. 0234/304-53300 (Fragen zum Bewerbungsverfahren)
Mail: bildung_recruiting@kbs.de
Abschließende Infos:
Für uns ist die Vereinbarkeit von Beruf und Familie bzw. Pflege eine Selbstverständlichkeit. Seit 2005 werden wir regelmäßig mit dem Zertifikat berufundfamilie ausgezeichnet.
Wir gewährleisten die berufliche Gleichstellung von Frauen und Männern.",,ausbildung_de,https://www.ausbildung.de/stellen/ausbildung-fachinformatiker-in-fuer-anwendungsentwicklung-m-w-d-bei-deutsche-rentenversicherung-knappschaft-bahn-see-in-bochum-fea200d1-ada9-4197-8b3d-f912a612668e/,False,,87,2026-06-11T11:18:59.231136+00:00
AD-1404044d-7831-4f08-926d-db05dad80ef9,ausbildung_de_ae,EC Consulting GmbH,,Meerbusch,"Meerbuscher Straße 64 - 78, Haus 6A 40670 Meerbusch Nordrhein-Westfalen","Ausbildung Fachinformatiker/in für Anwendungsentwicklung (m/w/d)

Mittlere Reife

Wir bieten Dir
· Homeoffice & Remote Work
· Moderne Ausstattung mit Notebook, iPhone & iPad (privat nutzbar)
· Jobrad
· Kostenloses YoungTicketPLUS
· Karrieremöglichkeiten (Studium, Aus- & Fortbildung, Umschulung usw.)
· 30 Tage Urlaubsanspruch und Sonderurlaub
· Exzellentes Gehalt
· Teamevents, wie regelmäßiges Frühstück, Sundowner, Sommerfest usw.
· Gute Anbindung an die öffentlichen Verkehrsmittel
· Betriebliche Altersvorsorge, Kranken- & Zahnzusatzversicherung sowie private Unfallversicherung
Jetzt online bewerben
Wenn Du Dich in der Stellenbeschreibung wiedererkennst und Du unser Team verstärken willst, Lust auf anspruchsvolle Herausforderungen in einem aufstrebenden Unternehmen hast und Fähigkeiten in den o.g. Bereichen vorweisen kannst, sollten wir uns definitiv kennenlernen.
Falls du einen schnellen Kontakt herstellen willst, kannst Du uns auch gerne telefonisch unter der 02159/81532-0 kontaktieren oder uns unter personal@ecconsulting.biz eine Mail zukommen lassen.
Unser Team freut sich auf Dich!","1. Jahr: 1000 €
2. Jahr: 1100 €
3. Jahr: 1200 €",Mittlere Reife,Ausbildung | Fachinformatiker/in für Anwendungsentwicklung (m/w/d),"Wir sind ein inhabergeführtes Unternehmen mit flachen Strukturen. Seit über 25 Jahren digitalisieren wir bereits die Geschäftsprozesse unserer Kunden mit unseren Software- & Beratungslösungen. Du findest unsere Lösungen bei namhaften Unternehmen in den Branchen Industrie, Handel und Non-Profit.","Wir bieten Dir
· Homeoffice & Remote Work
· Moderne Ausstattung mit Notebook, iPhone & iPad (privat nutzbar)
· Jobrad
· Kostenloses YoungTicketPLUS
· Karrieremöglichkeiten (Studium, Aus- & Fortbildung, Umschulung usw.)
· 30 Tage Urlaubsanspruch und Sonderurlaub
· Exzellentes Gehalt
· Teamevents, wie regelmäßiges Frühstück, Sundowner, Sommerfest usw.
· Gute Anbindung an die öffentlichen Verkehrsmittel
· Betriebliche Altersvorsorge, Kranken- & Zahnzusatzversicherung sowie private Unfallversicherung
Jetzt online bewerben
Wenn Du Dich in der Stellenbeschreibung wiedererkennst und Du unser Team verstärken willst, Lust auf anspruchsvolle Herausforderungen in einem aufstrebenden Unternehmen hast und Fähigkeiten in den o.g. Bereichen vorweisen kannst, sollten wir uns definitiv kennenlernen.
Falls du einen schnellen Kontakt herstellen willst, kannst Du uns auch gerne telefonisch unter der 02159/81532-0 kontaktieren oder uns unter personal@ecconsulting.biz eine Mail zukommen lassen.
Unser Team freut sich auf Dich!",https://www.ecconsulting.biz/Startseite.html,https://www.ecconsulting.biz/Startseite.html,company,personal@ecconsulting.biz,https://www.ausbildung.de/direktbewerbung/ausbildung-fachinformatiker-in-fuer-anwendungsentwicklung-m-w-d-bei-ec-consulting-gmbh-in-meerbusch-72b5cce0-98ed-4d5b-8434-7cf2aedbaa04/,https://www.ausbildung.de/direktbewerbung/ausbildung-fachinformatiker-in-fuer-anwendungsentwicklung-m-w-d-bei-ec-consulting-gmbh-in-meerbusch-72b5cce0-98ed-4d5b-8434-7cf2aedbaa04/,https://www.ausbildung.de/direktbewerbung/ausbildung-fachinformatiker-in-fuer-anwendungsentwicklung-m-w-d-bei-ec-consulting-gmbh-in-meerbusch-72b5cce0-98ed-4d5b-8434-7cf2aedbaa04/,externe,,,,ausbildung_de,https://www.ausbildung.de/stellen/ausbildung-fachinformatiker-in-fuer-anwendungsentwicklung-m-w-d-bei-ec-consulting-gmbh-in-meerbusch-72b5cce0-98ed-4d5b-8434-7cf2aedbaa04/,False,,80,2026-06-11T11:19:01.705578+00:00
AD-d6267cf0-72d8-46a2-a22f-897d41262f5b,ausbildung_de_ae,effexx Kommunikations- und Meldesysteme Verwaltungs GmbH,,Netphen,Obere Industriestraße 8 57250 Netphen Nordrhein-Westfalen,"Ausbildung Fachinformatiker (m/w/d) für Anwendungsentwicklung

Mittlere Reife",,Mittlere Reife,Ausbildung | Fachinformatiker (m/w/d) für Anwendungsentwicklung,"Als inhabergeführtes Unternehmen realisieren wir seit mehr als 50 Jahren tagtäglich maßgeschneiderte Lösungen in den Bereichen IT Infrastruktur und technische Gebäudeausstattung. Wir verstehen uns als Serviceanbieter mit flachen Hierarchien und kurzen Entscheidungswegen und gestalten als IT-Full-Service-Partner sowie Spezialist für Sicherheit und Nachhaltigkeit die Zukunft mit. Neben unserem Firmensitz im Siegerland sind wir in Berlin, Bonn, Dortmund, Frankfurt a. M., Hannover, München und Münster vertreten. Unsere Leistungsbereiche: e-Connect Wir sind nicht nur Anbieter für Cloud-Telefonie, Voice over IP, UCC und Contact Center Lösungen, sondern verknüpfen auch alles mit dem Krisen- und Notfallmanagement. e-IT Wir sind der strategische Partner für IT-Infrastruktur.e-Soft Wir bieten digitale Lösungen für Systemwissen und sein Management.e-Secure Wir errichten, warten und halten sicherheitstechnische Anlagen auf dem neuesten Stand. e-Green Wir errichten Systeme aus den Bereichen der regenerativen Energien und Ladeinfrastruktur nach dem Prinzip „Alles aus einer Hand“. exxpertise Mit unserem Beratungsverfahrensmodell entwickeln wir tragfähige Lösungen für Sicherheit, Wirtschaftlichkeit und Zukunftsfähigkeit. Ausbildungsstandorte: Hauptsitz Siegen Obere Industriestraße 8 57250 Netphen Niederlassung Frankfurt Kurhessenstraße 13 64546 Mörfelden Niederlassung Bonn Ampèrestraße 5d 53844 Troisdorf Niederlassung Dortmund Gabelsbergerstraße 2 44141 Dortmund Niederlassung Berlin Am Grünzug 1 b 15366 Hoppegarten",,https://www.effexx.com/,https://www.effexx.com/,company,hr@effexx.com,https://karriere.effexx.com/de/jobposting/1c7a637c000590e0edc022b76358b35d24c34ef80/apply,https://karriere.effexx.com/de/jobposting/1c7a637c000590e0edc022b76358b35d24c34ef80/apply,https://karriere.effexx.com/de/jobposting/1c7a637c000590e0edc022b76358b35d24c34ef80/apply,externe,Bei Fragen zum Ausbildungsberuf und zu uns als Ausbildungsbetrieb kontaktieren Sie uns gerne.,"Bitte senden Sie Ihre vollständigen Bewerbungsunterlagen (Anschreiben, Lebenslauf, Schulzeugnisse der letzten drei Halbjahre und ggf. Praktikumszeugnisse) per E-Mail oder über unser Online-Formular.",,ausbildung_de,https://www.ausbildung.de/stellen/ausbildung-fachinformatiker-in-fuer-anwendungsentwicklung-m-w-d-bei-effexx-kommunikations-und-meldesysteme-verwaltungs-gmbh-in-netphen-80a1f7e5-a47b-4b5f-a2ac-069778ae652b/,False,,80,2026-06-11T11:19:03.960988+00:00
AD-59ae69b7-3115-4926-a033-53be318eba49,ausbildung_de_ae,emediagroup GmbH,,Karlsruhe,Hebelstraße 15 76133 Karlsruhe Baden-Württemberg,"Ausbildung Fachinformatiker/in für Anwendungsentwicklung (m/w/d)

Mittlere Reife

Das bieten wir:
Wir sind ein Unternehmen im Herzen von Karlsruhe, welches trotz langjährigen Bestehens den Startup-Charakter nicht verloren hat. Bei uns erwartet dich ein kreatives Umfeld mit motivierten, flexiblen und jungen Mitarbeitern.
- Work-Life-Balance durch flexible gleitende Arbeitszeit und Homeoffice
- Vielseitige Zusatzleistungen (30 Tage Urlaub/Jahr, Altersvorsorge)
- Mitarbeiterangebot Urban Sports Club (Sport und Wellness)
- Flache Hierarchien, kurzen Entscheidungswegen und offener Kommunikation
- Eine Unternehmenskultur, die von Respekt und Verantwortung im Umgang miteinander geprägt ist.
- Attraktive Vergütung und kostenlose Weiterbildungsmöglichkeiten
- Zentrale Lage im Herzen von Karlsruhe
- Kostenlose Parkplätze (im Parkhaus)
- Hervorragende ÖPNV-Anbindung (Haltestelle vorm Haus)
- Großzügige IT-Ausstattung
- Gemütliches Office inkl. Lounge-Area innen und außen
- Offene Küche zum Kochen und Essen
- Kostenlose Getränke
- Coole Teamevents
Nutze die Chancen, die sich dir in unserem wachstumsstarken Unternehmen bietet, und bewirb dich per E-Mail.
Wir freuen uns auf deine E-Mail Bewerbung!",,Mittlere Reife,Ausbildung | Fachinformatiker/in für Anwendungsentwicklung (m/w/d),"Wir gehören zu einem der innovativsten ERP-Anbieter im deutschsprachigen Raum. Unsere Vision ist es, den Arbeitsalltag mit unseren Lösungen maximal zu vereinfachen. Bei uns erwartet dich ein kreatives Umfeld mit motivierten, flexiblen und jungen Mitarbeitern. Des Weiteren arbeitest du in einem Unternehmen mit flacher Hierarchie, kurzen Entscheidungswegen und offener Kommunikation. Wir bieten dir eine attraktive Vergütung, sowie stetige Weiterbildungsmöglichkeiten, die deine Fähigkeiten fördern und ausbauen.Du willst bei einem kreativen Software-Unternehmen arbeiten, mit uns mittelständische Kunden betreuen und die Welt der Softwareentwicklung revolutionieren? Dann werde Teil des EMEDIAGROUP-Teams & starte deine Karriere bei uns!","Das bieten wir:
Wir sind ein Unternehmen im Herzen von Karlsruhe, welches trotz langjährigen Bestehens den Startup-Charakter nicht verloren hat. Bei uns erwartet dich ein kreatives Umfeld mit motivierten, flexiblen und jungen Mitarbeitern.
- Work-Life-Balance durch flexible gleitende Arbeitszeit und Homeoffice
- Vielseitige Zusatzleistungen (30 Tage Urlaub/Jahr, Altersvorsorge)
- Mitarbeiterangebot Urban Sports Club (Sport und Wellness)
- Flache Hierarchien, kurzen Entscheidungswegen und offener Kommunikation
- Eine Unternehmenskultur, die von Respekt und Verantwortung im Umgang miteinander geprägt ist.
- Attraktive Vergütung und kostenlose Weiterbildungsmöglichkeiten
- Zentrale Lage im Herzen von Karlsruhe
- Kostenlose Parkplätze (im Parkhaus)
- Hervorragende ÖPNV-Anbindung (Haltestelle vorm Haus)
- Großzügige IT-Ausstattung
- Gemütliches Office inkl. Lounge-Area innen und außen
- Offene Küche zum Kochen und Essen
- Kostenlose Getränke
- Coole Teamevents
Nutze die Chancen, die sich dir in unserem wachstumsstarken Unternehmen bietet, und bewirb dich per E-Mail.
Wir freuen uns auf deine E-Mail Bewerbung!",https://www.emediagroup.de/karriere,https://www.emediagroup.de/karriere,company,bewerbung@emediagroup.de,https://www.ausbildung.de/direktbewerbung/ausbildung-fachinformatiker-in-fuer-anwendungsentwicklung-m-w-d-bei-emediagroup-gmbh-in-karlsruhe-c0b1213c-0ffa-4e15-87d5-d4ae24c42d4c/,https://www.ausbildung.de/direktbewerbung/ausbildung-fachinformatiker-in-fuer-anwendungsentwicklung-m-w-d-bei-emediagroup-gmbh-in-karlsruhe-c0b1213c-0ffa-4e15-87d5-d4ae24c42d4c/,https://www.ausbildung.de/direktbewerbung/ausbildung-fachinformatiker-in-fuer-anwendungsentwicklung-m-w-d-bei-emediagroup-gmbh-in-karlsruhe-c0b1213c-0ffa-4e15-87d5-d4ae24c42d4c/,externe,"Dein Ansprechpartner:
Nico Gegenheimer
Telefon: +49 721 660 989 0
E-Mail: bewerbung@emediagroup.de",(Bitte fasse deine Unterlagen in eine PDF-Datei zusammen),,ausbildung_de,https://www.ausbildung.de/stellen/ausbildung-fachinformatiker-in-fuer-anwendungsentwicklung-m-w-d-bei-emediagroup-gmbh-in-karlsruhe-c0b1213c-0ffa-4e15-87d5-d4ae24c42d4c/,False,,87,2026-06-11T11:19:06.094977+00:00
AD-d55ba042-85c5-4ecb-a7af-624c26bc85eb,ausbildung_de_ae,Firstlead GmbH/ADCELL,,Berlin,Rosenfelder Str. 15-16 10315 Berlin Berlin,"Ausbildung Fachinformatiker/in für Anwendungsentwicklung (m/w/d)

Das erwartet Dich bei uns
- Wir bilden langjährig erfolgreich im Bereich der Fachinformatik aus, weshalb Du bei uns in den besten Händen bist.
- Du wirst gefördert und erhältst frühzeitig die Möglichkeit, an Herausforderungen in der Berufspraxis zu wachsen.
- Du erhältst die Möglichkeit einer Übernahme nach erfolgreicher Ausbildung.
- Dein Arbeitsplatz ist modern und ergonomisch ausgestattet, inkl. eines höhenverstellbarer Tische und einen eigenen MacBook.
- Gerne unterstützen wir Deinen Weg zur Arbeit durch eine 50%ige Bezuschussung des Deutschlandtickets.
- Du profitierst von exklusiven Mitarbeiterrabatten bei zahlreichen bekannten Marken und Online-Shops.
- Dir stehen zwei Gemeinschaftsküchen zur Verfügung, die für Dein gesundes oder süßes Frühstück ausgestattet sind und genug Raum für gemeinsames Kochen mit den Kolleg*innen bieten (Gratis True Fruits Smoothies, Obst, Eis, Cornflakes inklusive).
- Wir schenken Dir Zeit zum Feiern mit einem Sonderurlaubstag an Deinem Geburtstag!
- Gemeinsam feiern können wir selbstverständlich auch bei Teamevents, Sommerfesten und Weihnachtsfeiern!
Du hast Lust auf eine neue Herausforderung und möchtest gemeinsam mit uns wachsen?
Dann zeige uns, was in Dir steckt und werde ein wichtiger Bestandteil unseres Teams! Wir freuen uns auf Deine aussagekräftige Bewerbung!

Das solltest Du mitbringen
- Du bringst ein (Fach-)Abitur mit, das Du erfolgreich abgeschlossen hast.
- Du hast Dein Studium abgebrochen und willst lieber in die Praxis einsteigen? Dann bist Du bei uns auch genau richtig!
- Du hast bereits erste Kenntnisse und Erfahrungen mit Programmiersprachen.
- Du verfügst über ein ausgeprägtes analytisches Denkvermögen und hast ein starkes Interesse am eigenständigen Umsetzen von aufregenden Projekten.
- Du lernst gern und bildest Dich auch gern selbstständig weiter.
- Du verfügst über verhandlungssichere Deutschkenntnisse in Wort und Schrift.
- Du bist in Berlin ansässig.",,"Das solltest Du mitbringen
- Du bringst ein (Fach-)Abitur mit, das Du erfolgreich abgeschlossen hast.
- Du hast Dein Studium abgebrochen und willst lieber in die Praxis einsteigen? Dann bist Du bei uns auch genau richtig!
- Du hast bereits erste Kenntnisse und Erfahrungen mit Programmiersprachen.
- Du verfügst über ein ausgeprägtes analytisches Denkvermögen und hast ein starkes Interesse am eigenständigen Umsetzen von aufregenden Projekten.
- Du lernst gern und bildest Dich auch gern selbstständig weiter.
- Du verfügst über verhandlungssichere Deutschkenntnisse in Wort und Schrift.
- Du bist in Berlin ansässig.",Ausbildung | Fachinformatiker/in für Anwendungsentwicklung (m/w/d),"ADCELL – Deine Chance im Affiliate MarketingADCELL ist in den letzten Jahren zu einem der größtem und zu dem schnellst wachsenden Affiliate Marketing Netzwerk im deutschsprachigen Raum geworden. Wir verbinden Werbetreibende mit passenden Partnern, um Produkte und Dienstleistungen erfolgreich zu vermarkten. Seit der Gründung im Jahr 2003 hat sich ADCELL kontinuierlich weiterentwickelt und zählt heute zu den Top-Anbietern im Bereich Performance Marketing.Was macht ADCELL besonders? Bei ADCELL steht der faire und transparente Umgang mit Partnern im Mittelpunkt. Unser Netzwerk bietet sowohl Unternehmen als auch Affiliates eine leistungsstarke Plattform, um gemeinsam erfolgreich zu sein. Ob Produktverkäufe, Leadgenerierung oder Markenbekanntheit – ADCELL unterstützt mit innovativen Technologien, umfangreichen Tools und persönlichem Support.Deine Ausbildung bei ADCELL Als Ausbildungsbetrieb fördert ADCELL langjährig wissbegierige Talente mit spannenden Einblicken in die digitale Welt. Du lernst die Welt des Online-Marketings von A bis Z kennen. Dabei arbeitest Du eng mit erfahrenen Kolleg*innen zusammen und unterstützt den Ausbau unseres Netzwerks, um frühzeitig ein eigenverantwortlicher und wichtiger Bestandteil des gesamten Unternehmens zu werden.Werde Teil des Teams! Wenn Du neugierig bist und Lust auf einen modernen, zukunftsorientierten Arbeitsplatz hast, dann ist ADCELL der richtige Ort für Deine Ausbildung. Wir freuen uns auf Dich!",,https://www.adcell.de/unternehmen,https://www.adcell.de/unternehmen,company,jobs@adcell.de,https://businessangels.jobs.personio.de/job/604833?language=de&apply,https://businessangels.jobs.personio.de/job/604833?language=de&apply,https://businessangels.jobs.personio.de/job/604833?language=de&apply,externe,,,,ausbildung_de,https://www.ausbildung.de/stellen/ausbildung-fachinformatiker-in-fuer-anwendungsentwicklung-m-w-d-bei-firstlead-gmbh-adcell-in-berlin-edd1580f-efe4-4c7c-abad-6ff00aae4c19/,False,,67,2026-06-11T11:19:08.830518+00:00
AD-bfb6950c-b73a-4c99-87e6-c567b2c7af9c,ausbildung_de_ae,Frachtwerk GmbH,,Berlin,Große Präsidentenstraße 10 10178 Berlin Berlin,"Ausbildung Fachinformatiker/in für Anwendungsentwicklung (m/w/d)

Mittlere Reife","1. Jahr: 978,48 €
2. Jahr: 1087,20 €
3. Jahr: 1208,00 €",Mittlere Reife,Ausbildung | Fachinformatiker/in für Anwendungsentwicklung (m/w/d),"Willkommen in der Zukunft der IT-SystemeStell dir eine Welt vor, in der IT-Systeme nicht nur funktionieren, sondern dir und deinem Team den Freiraum geben, das zu tun, was wirklich zählt. Eine Welt, in der komplexe Prozesse nicht mehr notwendig sind und stundenlanges Ausfüllen von Excel-Tabellen der Vergangenheit angehören. Bei uns ist dieser Traum nicht nur eine Vision, sondern ein täglicher Antrieb, den wir gemeinsam mit unseren Kunden verwirklichen.Wir sind ein Unternehmen, das sich auf die Entwicklung und Umsetzung smarter IT-Lösungen spezialisiert hat. Unser Ziel ist es, Systeme und Prozesse zu gestalten, die den Menschen in den Mittelpunkt stellen und ihnen die Arbeit erleichtern. Statt die Nutzer mit zusätzlichen Aufgaben zu überhäufen, möchten wir, dass unsere Systeme benutzerfreundlich sind. Mit einem klaren Fokus auf Vernetzung und Integration sorgen wir dafür, dass alle relevanten Informationen jederzeit und überall verfügbar sind. So schaffen wir eine Arbeitsumgebung, in der Spaß und Effizienz Hand in Hand gehen.Unsere Kunden kommen aus unterschiedlichsten Branchen, besonders stark vertreten sind jedoch Unternehmen aus den Bereichen Mobilität, Logistik und Smart City. Gemeinsam entwickeln wir Lösungen, die auf den neuesten Technologien basieren und die Herausforderungen der digitalen Transformation meistern. Durch kooperative Zusammenarbeit stellen wir sicher, dass unsere Lösungen zukunftssicher sind und den höchsten Ansprüchen genügen.Ein zentraler Aspekt unserer Organisationskultur ist die radikale Ehrlichkeit und Verantwortung, die wir in jedem Projekt leben. Wir glauben daran, dass der Schlüssel zu erfolgreichen Lösungen in der engen Zusammenarbeit mit unseren Kunden liegt. Daher integrieren wir sie tief in den Entwicklungsprozess, um sicherzustellen, dass ihre Bedürfnisse und Wünsche von Beginn an berücksichtigt werden. Dies führt nicht nur zu besseren Ergebnissen, sondern auch zu einer hohen Zufriedenheit.Neben unseren Projekten ist uns wichtig, gemeinsam zu lernen, neue Technologien zu erkunden, an unserer Organisation zu bauen und die Welt jeden Tag ein Stückchen digital besser zu machen! Mit dieser Mission sind wir seit 2017 unterwegs und konnten seitdem schon fast 50 Mitstreiter:innen an unseren Standorten Berlin und Karlsruhe für unsere Vision begeistern.",,https://frachtwerk.de/,https://frachtwerk.de/,company,career@frachtwerk.de,https://frachtwerk.de/job/ausbildung-fachinformatikerin-fuer-anwendungsentwicklung/,https://frachtwerk.de/job/ausbildung-fachinformatikerin-fuer-anwendungsentwicklung/,https://frachtwerk.de/job/ausbildung-fachinformatikerin-fuer-anwendungsentwicklung/,externe,,,,ausbildung_de,https://www.ausbildung.de/stellen/ausbildung-fachinformatiker-in-fuer-anwendungsentwicklung-m-w-d-bei-frachtwerk-gmbh-in-berlin-341c9c01-7077-49b0-be56-f3f0820a565c/,False,,73,2026-06-11T11:19:11.647429+00:00
AD-e8e81dfb-78ee-4973-8301-6de590943027,ausbildung_de_ae,Friedrich PICARD GmbH & Co. KG,,Bochum,Bochum Nordrhein-Westfalen,"Ausbildung Fachinformatiker/in für Anwendungsentwicklung (m/w/d)

Das bringst Du mit:
- Mittlere Reifer oder (Fach-)Abitur
- Begeisterung für Informatik und Technik sowie kaufmännische Abläufe
- Interesse an verschiedenen Programmiersprachen, Datenbanksystemen und Betriebssystemen
- Leidenschaft für die Behebung von IT-Problemen
- Ein hohes Maß an Verlässlichkeit, eine stark ausgeprägte Lernbereitschaft und eine engagierte sowie selbstständige Arbeitsweise

Wir bieten zum 01.08.2026 für unseren Firmensitz in Bochum eine Ausbildung als Fachinformatiker (m/w/d) für Anwendungsentwicklung
Die Ausbildungsinhalte:
- Entwicklung und Betreuung von Warenwirtschaftssystemen und Webanwendungen
- Eigenständige Anforderungsanalyse im Austausch mit den jeweiligen Fachbereichen
- Ausarbeitung von Konzepten und Projektplänen
- Erlernen und Anwenden unterschiedlicher Programmiersprachen
- Praktischer Einsatz von agilen Arbeitsmethoden
Das bieten wir dir:
- Tariforientierte Vergütung: 1. Lehrjahr 1.231,00 €, 2. Lehrjahr 1.311,00 €, 3. Lehrjahr 1.384,00 € sowie Urlaubs- und Weihnachtsgeld
- 30 Tage Urlaub
- Eine hervorragende Anbindung an den öffentlichen Nahverkehr und kostenfreie Parkplätze
- Modernste Büro- bzw. IT-Ausstattung, helle Büroräume, mit zahlreichen Kunstinstallationen und lichtdurchflutetem Lager
- Eine starke Willkommenskultur mit strukturiertem Onboarding, festen Ansprechpersonen und wertschätzendem Miteinander
- Spezielle Azubi-Events und regelmäßige Firmenevents
- Kein Blockunterricht
- Berufsschule in Bochum
- Firmeneigenes Restaurant mit frischen Speisen in Bio-Qualität (Smoothies, Bowls, Salate und Suppen ‒ auch vegetarisch)
- AZUBI-Health-Programm und betriebliche Gesundheitsförderung
- Internes Fitnessstudio mit vielen Trainingsgeräten, qualifizierten Trainern, wöchentlichen Kursen und Duschen
- Sport- und Präventionsangebote bei OASE Health & Sports Club, FitX und Gymondo","1. Jahr: 1,23100 €
2. Jahr: 1,31100 €
3. Jahr: 1,38400 €","Das bringst Du mit:
- Mittlere Reifer oder (Fach-)Abitur
- Begeisterung für Informatik und Technik sowie kaufmännische Abläufe
- Interesse an verschiedenen Programmiersprachen, Datenbanksystemen und Betriebssystemen
- Leidenschaft für die Behebung von IT-Problemen
- Ein hohes Maß an Verlässlichkeit, eine stark ausgeprägte Lernbereitschaft und eine engagierte sowie selbstständige Arbeitsweise",Ausbildung | Fachinformatiker/in für Anwendungsentwicklung (m/w/d),"Über uns PICARD ist ein Großhandelsunternehmen für Wälzlager und Lineartechnik mit Sitz in Bochum. Bei uns arbeiten fast 300 Mitarbeitende aus 38 Nationen – darunter 45 Account Manager, die über 3.500 Kunden aus 94 Ländern betreuen. Was uns ausmachtWir sind überzeugt, dass kulturelle Diversität, eine offene Unternehmenskultur und bereichsübergreifende Zusammenarbeit für uns als internationales Großhandelsunternehmen Schlüssel zum Erfolg sind. Deine Ausbildung bei PICARD Bei uns erwartet Dich eine praxisnahe und abwechslungsreiche Ausbildung in einem internationalen Umfeld. Wir fördern Deine Stärken und geben Dir Raum für Entwicklung. Du übernimmst schnell Verantwortung für eigene Projekte und hast immer einen festen Ansprechpartner, der Dir zur Seite steht. Außerdem bieten wir Dir eine überdurchschnittliche Vergütung und eine vergünstigte Fitnessstudio-Mitgliedschaft. Was sind Wälzlager und Lineartechnik? Wälzlager, auch bekannt unter dem Unterbegriff »Kugellager«, bestehen aus einem Innenring, einem Außenring und Wälzkörpern (z.B. Kugeln). Sie sorgen dafür, dass sich Dinge wie ein Fidget Spinner oder auch ein Windrad, sich drehen. Lineartechnik ist ein Teilbereich der Antriebstechnik und bezeichnet Systeme zur Ausführung von linearen Bewegungen.","Wir bieten zum 01.08.2026 für unseren Firmensitz in Bochum eine Ausbildung als Fachinformatiker (m/w/d) für Anwendungsentwicklung
Die Ausbildungsinhalte:
- Entwicklung und Betreuung von Warenwirtschaftssystemen und Webanwendungen
- Eigenständige Anforderungsanalyse im Austausch mit den jeweiligen Fachbereichen
- Ausarbeitung von Konzepten und Projektplänen
- Erlernen und Anwenden unterschiedlicher Programmiersprachen
- Praktischer Einsatz von agilen Arbeitsmethoden
Das bieten wir dir:
- Tariforientierte Vergütung: 1. Lehrjahr 1.231,00 €, 2. Lehrjahr 1.311,00 €, 3. Lehrjahr 1.384,00 € sowie Urlaubs- und Weihnachtsgeld
- 30 Tage Urlaub
- Eine hervorragende Anbindung an den öffentlichen Nahverkehr und kostenfreie Parkplätze
- Modernste Büro- bzw. IT-Ausstattung, helle Büroräume, mit zahlreichen Kunstinstallationen und lichtdurchflutetem Lager
- Eine starke Willkommenskultur mit strukturiertem Onboarding, festen Ansprechpersonen und wertschätzendem Miteinander
- Spezielle Azubi-Events und regelmäßige Firmenevents
- Kein Blockunterricht
- Berufsschule in Bochum
- Firmeneigenes Restaurant mit frischen Speisen in Bio-Qualität (Smoothies, Bowls, Salate und Suppen ‒ auch vegetarisch)
- AZUBI-Health-Programm und betriebliche Gesundheitsförderung
- Internes Fitnessstudio mit vielen Trainingsgeräten, qualifizierten Trainern, wöchentlichen Kursen und Duschen
- Sport- und Präventionsangebote bei OASE Health & Sports Club, FitX und Gymondo",http://www.picard.de,http://www.picard.de,company,patrizia.duerler@picard.de,https://picard.recruitee.com/o/ausbildung-fachinformatiker-mwd-anwendungsentwicklung-1,https://picard.recruitee.com/o/ausbildung-fachinformatiker-mwd-anwendungsentwicklung-1,https://picard.recruitee.com/o/ausbildung-fachinformatiker-mwd-anwendungsentwicklung-1,externe,,,,ausbildung_de,https://www.ausbildung.de/stellen/ausbildung-fachinformatiker-in-fuer-anwendungsentwicklung-m-w-d-bei-friedrich-picard-gmbh-co-kg-in-bochum-0cd68b56-87b7-41d1-a573-f04a6a1b2f25/,False,,80,2026-06-11T11:19:13.851677+00:00
AD-d71f7aec-e151-4138-b4f0-56b4dc912214,ausbildung_de_ae,Fritz Winter Eisengießerei GmbH & Co. KG,,Stadtallendorf,Albert-Schweitzer-Straße 15 35260 Stadtallendorf Hessen,"Ausbildung Fachinformatiker/in für Anwendungsentwicklung (m/w/d)

Mittlere Reife","1. Jahr: 1261 €
2. Jahr: 1328 €
3. Jahr: 1419 €",Mittlere Reife,Ausbildung | Fachinformatiker/in für Anwendungsentwicklung (m/w/d),"Die Fritz Winter Eisengießerei GmbH & Co. KG, Stadtallendorf (Hessen) ist mit mehr als 3.300 Beschäftigten die führende, konzernunabhängige Kundengießerei in Europa. Unsere Produktpalette beinhaltet mehr als 750 anspruchsvolle Gussteile, die wir weltweit an namhafte Unternehmen aus der Automobil-, Nutzfahrzeug- und Hydraulikindustrie ausliefern.",,https://www.fritzwinter.de/de,https://www.fritzwinter.de/de,company,,https://career55.sapsf.eu/careers?company=fritzwinte&career_ns=job_application&site=&utm_source=Website&career_job_req_id=651,https://career55.sapsf.eu/careers?company=fritzwinte&career_ns=job_application&site=&utm_source=Website&career_job_req_id=651,https://career55.sapsf.eu/careers?company=fritzwinte&career_ns=job_application&site=&utm_source=Website&career_job_req_id=651,externe,,,,ausbildung_de,https://www.ausbildung.de/stellen/ausbildung-fachinformatiker-in-fuer-anwendungsentwicklung-m-w-d-bei-fritz-winter-eisengiesserei-gmbh-co-kg-in-stadtallendorf-3f18bc65-1ca6-487e-a1b7-0eb0737378fc/,False,,67,2026-06-11T11:19:15.901644+00:00
AD-83f68bd0-7403-4359-a8d4-69b7a66061a5,ausbildung_de_ae,SIEMPELKAMP Maschinen- und Anlagenbau GmbH,,Krefeld,Siempelkampstr. 75 47803 Krefeld Nordrhein-Westfalen,"Ausbildung Fachinformatiker/in für Anwendungsentwicklung (m/w/d) / Duales Studium

Die Voraussetzungen für das duale Studium
- Fachhochschulreife oder allgemeine Hochschulreife
- Interesse an Informatik, Softwareentwicklung und digitalen Prozessen
- Freude am logischen Denken, Analysieren und Problemlösen
- Erste Erfahrungen im Programmieren oder im IT-Umfeld von Vorteil
- Grundkenntnisse im Umgang mit Computersystemen
- Gutes mathematisches Verständnis
- Selbstständige, strukturierte Arbeitsweise sowie Teamfähigkeit
- Sehr gute Deutschkenntnisse

Das bieten wir
- Gute Übernahme- und Entwicklungsperspektiven nach erfolgreichem Abschluss
- Kollegiales Arbeitsumfeld mit kurzen Entscheidungswegen
- Unterstützung bei Prüfungen, Projekt- und Abschlussarbeiten",,"Die Voraussetzungen für das duale Studium
- Fachhochschulreife oder allgemeine Hochschulreife
- Interesse an Informatik, Softwareentwicklung und digitalen Prozessen
- Freude am logischen Denken, Analysieren und Problemlösen
- Erste Erfahrungen im Programmieren oder im IT-Umfeld von Vorteil
- Grundkenntnisse im Umgang mit Computersystemen
- Gutes mathematisches Verständnis
- Selbstständige, strukturierte Arbeitsweise sowie Teamfähigkeit
- Sehr gute Deutschkenntnisse",Ausbildung | Fachinformatiker/in für Anwendungsentwicklung (m/w/d) / Duales Studium,"Siempelkamp ist als Technologieausrüster für den Maschinen- und Anlagenbau, die Gusstechnik und Nukleartechnik international ausgerichtet. Wir sind System-Lieferant von Pressenstrassen und kompletten Anlagen für die Holzwerkstoffindustrie, die Metallumformung sowie die Composite- und die Gummiindustrie. Mit einer der größten Handformgiessereien fertigt Siempelkamp am Standort Krefeld Gussteile mit einem Gesamtgewicht von 320 t Stückgewicht. Das Unternehmen liefert zudem Transport- und Lagerbehälter für radioaktive Abfälle und ist auf den Rückbau nukleartechnischer Anlagen spezialisiert.","Das bieten wir
- Gute Übernahme- und Entwicklungsperspektiven nach erfolgreichem Abschluss
- Kollegiales Arbeitsumfeld mit kurzen Entscheidungswegen
- Unterstützung bei Prüfungen, Projekt- und Abschlussarbeiten",https://www.siempelkamp.com,https://www.siempelkamp.com,company,,https://karriere.siempelkamp.com/karriere/?origin=param#/5/application/2155/uws-krypt,https://karriere.siempelkamp.com/karriere/?origin=param#/5/application/2155/uws-krypt,https://karriere.siempelkamp.com/karriere/?origin=param#/5/application/2155/uws-krypt,externe,,,,ausbildung_de,https://www.ausbildung.de/stellen/ausbildung-fachinformatiker-in-fuer-anwendungsentwicklung-m-w-d-bei-g-siempelkamp-gmbh-co-kg-in-krefeld-c144a405-930e-4f8d-aeb1-794ad0b3a16b/,False,,67,2026-06-11T11:19:18.475284+00:00
AD-3e9c0d67-f03f-4c4a-a69e-daf8f9957d5b,ausbildung_de_ae,GEA Westfalia Separator Group GmbH,,Niederahr,Moschheimer Str. 2 56414 Niederahr Rheinland-Pfalz,"Ausbildung Fachinformatiker/in für Anwendungsentwicklung (m/w/d)

Das erwartet dich
Die Inhalte des anerkannten Ausbildungsberufs zum/zur Fachinformatiker/-in für Anwendungsentwicklung werden in einer Ausbildungsdauer von 3 Jahren im Dualen System vermittelt. Im Mittelpunkt steht die Entwicklung von Software – vom Planen und Konzipieren bis hin zum Programmieren unterschiedlichster Programme und Anwendungen. Dabei entwickeln Fachinformatiker/-innen benutzerfreundliche und anwendungsgerechte Bedienoberflächen.
Während der Ausbildung arbeitest du selbstständig im Team, übernimmst Teilaufgaben aus den Bereichen Technik, Wirtschaft und Verwaltung und lernst, als Projektmitarbeiter/-in anwendungsgerechte Softwarelösungen vorzuschlagen und umzusetzen. So bereitest du dich optimal auf eine vielseitige Tätigkeit in der Softwareentwicklung vor.
Mit dieser abwechslungsreichen Ausbildung legen wir den Grundstein für deinen erfolgreichen Start in eine spannende Karriere bei uns – mit vielen Perspektiven und Entwicklungsmöglichkeiten.
Berufsschule: Beckum
Ihr Profil und Ihre Qualifikationen

Bei uns steht eine abwechslungsreiche und stets professionelle Ausbildung besonders im Fokus. Mit über 130 Jahren Ausbildungserfahrung und einem modernen, über 2.600m² großen Ausbildungszentrum, bieten wir Dir beste Voraussetzungen für Deinen Karrierestart.
Ihre Verantwortungsbereiche und Aufgaben
Das bringst du mit
- Allgemeine Fachhochschulreife mit gutem Abschluss oder Hochschulreife
- Interesse an Softwareentwicklung, Programmierung und IT-Systemen
- Logisches Denken und eine strukturierte, lösungsorientierte Arbeitsweise
- Spaß am selbstständigen Arbeiten sowie Teamfähigkeit
- Kreativität und technisches Verständnis für die Umsetzung von Softwarelösungen
- Motivation, dich ständig weiterzuentwickeln und neue Technologien zu erlernen

Das bieten wir dir
- Attraktive Vergütung nach dem Tarifvertrag der Metall- und Elektroindustrie NRW
- Zuschüsse zu Fahrtkosten und Kantinenverpflegung
- Betriebliche Altersvorsorge, Berufsunfähigkeitsversicherung und zusätzliche AVWL
- Sonderurlaubsmöglichkeiten und Bildungsurlaub
- Werksschule zur gezielten Vorbereitung auf die Berufsschule & zusätzliche Schulungen zur Prüfungsvorbereitung
- Moderne Kommunikationsmittel für eine zeitgemäße Zusammenarbeit
- Betriebliches Gesundheitsmanagement mit vielfältigen Angeboten
- Kick-off mit Erlebnisfaktor: Zum Start deiner Ausbildung oder deines Studiums nimmst du an unserer deutschlandweiten Azubi-Fahrt nach Hachen teil – zum Kennenlernen, Vernetzen und Spaß haben
Haben wir Ihr Interesse geweckt?
Klicken Sie oben auf Jetzt bewerben, um den Bewerbungsprozess für die gewünschte Position zu starten.",,"Bei uns steht eine abwechslungsreiche und stets professionelle Ausbildung besonders im Fokus. Mit über 130 Jahren Ausbildungserfahrung und einem modernen, über 2.600m² großen Ausbildungszentrum, bieten wir Dir beste Voraussetzungen für Deinen Karrierestart.
Ihre Verantwortungsbereiche und Aufgaben
Das bringst du mit
- Allgemeine Fachhochschulreife mit gutem Abschluss oder Hochschulreife
- Interesse an Softwareentwicklung, Programmierung und IT-Systemen
- Logisches Denken und eine strukturierte, lösungsorientierte Arbeitsweise
- Spaß am selbstständigen Arbeiten sowie Teamfähigkeit
- Kreativität und technisches Verständnis für die Umsetzung von Softwarelösungen
- Motivation, dich ständig weiterzuentwickeln und neue Technologien zu erlernen",Ausbildung | Fachinformatiker/in für Anwendungsentwicklung (m/w/d),"Das erwartet dich bei GEA:Mit über 15 Ausbildungsberufen und dualen Studiengängen bieten wir dir eine breite Palette an Möglichkeiten, deinen Karriereweg zu starten. Wir legen besonderen Wert auf eine abwechslungsreiche und professionelle Ausbildung, um dich optimal auf deine berufliche Zukunft vorzubereiten. Unser über 2.600 m² großes, modernes Ausbildungszentrum und unsere über 130 Jahre Ausbildungserfahrung bieten dir die besten Voraussetzungen für einen erfolgreichen Karrierestart.Wir bieten dir: Vielseitige Ausbildungsberufe und Studiengänge: Entdecke eine Vielzahl an Optionen, die zu deinen Interessen und Stärken passen. Tarifliche Ausbildungsvergütung: Profitiere von einer fairen und transparenten Bezahlung. Urlaubs- und Weihnachtsgeld: Genieße zusätzliche finanzielle Vorteile. 30 Tage Urlaub: Erhole dich mit großzügigen Urlaubszeiten. 35-Stunden-Woche: Arbeite in einem angenehmen Zeitrahmen, der dir eine gute Work-Life-Balance ermöglicht. Fahrtkostenzuschuss und Übernahme der Studiengebühren: Wir unterstützen dich finanziell, damit du dich ganz auf deine Ausbildung konzentrieren kannst. Gute Übernahmechancen: Bei uns hast du nach der Ausbildung hervorragende Perspektiven für eine Übernahme. Interessante & vielseitige Produkte: Arbeite an innovativen Technologien, die die Welt verbessern – „Engineering for a better world“. Starte jetzt deine Karriere bei GEA!Klicke jetzt auf die Stellenausschreibung und bewirb' dich in nur wenigen Schritten!Du möchtest sehen, was bei GEA so geht? Check' unseren Instagram Kanal ab: @geacareers - von Azubis, für zukünftige Azubis!","Das bieten wir dir
- Attraktive Vergütung nach dem Tarifvertrag der Metall- und Elektroindustrie NRW
- Zuschüsse zu Fahrtkosten und Kantinenverpflegung
- Betriebliche Altersvorsorge, Berufsunfähigkeitsversicherung und zusätzliche AVWL
- Sonderurlaubsmöglichkeiten und Bildungsurlaub
- Werksschule zur gezielten Vorbereitung auf die Berufsschule & zusätzliche Schulungen zur Prüfungsvorbereitung
- Moderne Kommunikationsmittel für eine zeitgemäße Zusammenarbeit
- Betriebliches Gesundheitsmanagement mit vielfältigen Angeboten
- Kick-off mit Erlebnisfaktor: Zum Start deiner Ausbildung oder deines Studiums nimmst du an unserer deutschlandweiten Azubi-Fahrt nach Hachen teil – zum Kennenlernen, Vernetzen und Spaß haben
Haben wir Ihr Interesse geweckt?
Klicken Sie oben auf Jetzt bewerben, um den Bewerbungsprozess für die gewünschte Position zu starten.",https://www.instagram.com/geacareers/?hl=de,https://www.instagram.com/geacareers/?hl=de,company,ausbildung-oelde@gea.com,https://www.ausbildung.de/direktbewerbung/ausbildung-fachinformatiker-in-fuer-anwendungsentwicklung-m-w-d-bei-gea-westfalia-separator-group-gmbh-in-niederahr-65b79366-9df3-4866-bb31-a255012dc380/,https://www.ausbildung.de/direktbewerbung/ausbildung-fachinformatiker-in-fuer-anwendungsentwicklung-m-w-d-bei-gea-westfalia-separator-group-gmbh-in-niederahr-65b79366-9df3-4866-bb31-a255012dc380/,https://www.ausbildung.de/direktbewerbung/ausbildung-fachinformatiker-in-fuer-anwendungsentwicklung-m-w-d-bei-gea-westfalia-separator-group-gmbh-in-niederahr-65b79366-9df3-4866-bb31-a255012dc380/,externe,,,,ausbildung_de,https://www.ausbildung.de/stellen/ausbildung-fachinformatiker-in-fuer-anwendungsentwicklung-m-w-d-bei-gea-westfalia-separator-group-gmbh-in-niederahr-65b79366-9df3-4866-bb31-a255012dc380/,False,,73,2026-06-11T11:19:22.063405+00:00
AD-ddeb4bfd-7393-4eb3-af01-313f7bd9a20f,ausbildung_de_ae,GOB Software & Systeme GmbH & Co. KG,,Krefeld,Europark Fichtenhain A5 47807 Krefeld Nordrhein-Westfalen,"Ausbildung Fachinformatiker/in für Anwendungsentwicklung (m/w/d)

Deine Aufgaben
- Programmierung von Softwareanwendungen basierend auf Microsoft Dynamics 365 Business Central
- Analyse und Umsetzung von Kundenanforderungen in unserer Software unitop
- Testing und Fehleranalyse innerhalb der Software
- Telefonische und persönliche Kundenbetreuung bspw. bei der Einführung unserer Software sowie Updates
- Mit steigender Erfahrung: Analyse der Geschäftsprozesse bei unseren Kunden und selbstständige Erarbeitung von Lösungsansätzen

Dein Profil
- Sehr gute Deutschkenntnisse in Wort und Schrift (mind. C1 Niveau)
- Gute (Fach-) Hochschulreife
- Interesse an Informationstechnologie und modernen Medien
- Sicherer Umgang mit dem PC und gute Microsoft-Office-Kenntnisse
- Spaß an Herausforderungen und Teamarbeit
- Engagement und Ehrgeiz
- Erste Programmierkenntnisse wünschenswert
Was wir dir bieten
- Gemeinsamer Start in der Gruppe, ein nettes Team und regelmäßige Teamevents (Sportgruppen, Sommerfest, Weihnachtsfeier uvm.)
- Umfangreiche Einarbeitung und praxisorientierte Ausbildung durch erfahrene Kolleg:innen (Buddy- und Mentorenprogramm)
- Moderner Arbeitsplatz und Nutzung neuester Technologien inkl. Microsoft 365 Profil
- Bereitstellung der technischen Ausstattung (vom Laptop bis zum Zubehör)
- Einstieg in die IT-Branche mit besten Zukunftsperspektiven (Mehrfache IHK-Auszeichnungen: Bester Ausbildungsbetrieb)
- Flexibles Arbeitszeitmodell für optimale Balance
- Super Erreichbarkeit von Krefeld, Düsseldorf, Neuss, Duisburg, Mönchengladbach, Viersen usw. (mit PKW und ÖPNV)
Nach der Ausbildung
- Sehr gute Übernahmechancen (Ø Übernahmequote = 90 %)
- GOB Grow | Kontinuierliche Wissensvermittlung durch interne/externe Trainings im Rahmen unseres Learning-Konzeptes
- Diverse Karrierewege je nach Kompetenzprofil im Rahmen unserer GOB Laufbahnplanung
Über uns
1965 in Krefeld gegründet | 500+ digitalisierte Kunden | 1.500+ realisierte Projekte
Als zuverlässiger Digitalisierungspartner für klein- und mittelständische Unternehmen begleiten wir die digitale Transformation unserer Kunden hochprofessionell – mit einem erstklassigen Service auf Augenhöhe. Hierfür setzen wir auf ein starkes vielfältiges Team mit breit gefächerten Kompetenzen. Wir sind technologisch hochspezialisiert auf ERP-Softwareberatung sowie ganzheitliche IT-Lösungen und zählen inzwischen zu den größten und erfolgreichsten Microsoft-Solutions-Partnern weltweit.","1. Jahr: 950 €
2. Jahr: 1000 €
3. Jahr: 1100 €","Dein Profil
- Sehr gute Deutschkenntnisse in Wort und Schrift (mind. C1 Niveau)
- Gute (Fach-) Hochschulreife
- Interesse an Informationstechnologie und modernen Medien
- Sicherer Umgang mit dem PC und gute Microsoft-Office-Kenntnisse
- Spaß an Herausforderungen und Teamarbeit
- Engagement und Ehrgeiz
- Erste Programmierkenntnisse wünschenswert
Was wir dir bieten
- Gemeinsamer Start in der Gruppe, ein nettes Team und regelmäßige Teamevents (Sportgruppen, Sommerfest, Weihnachtsfeier uvm.)
- Umfangreiche Einarbeitung und praxisorientierte Ausbildung durch erfahrene Kolleg:innen (Buddy- und Mentorenprogramm)
- Moderner Arbeitsplatz und Nutzung neuester Technologien inkl. Microsoft 365 Profil
- Bereitstellung der technischen Ausstattung (vom Laptop bis zum Zubehör)
- Einstieg in die IT-Branche mit besten Zukunftsperspektiven (Mehrfache IHK-Auszeichnungen: Bester Ausbildungsbetrieb)
- Flexibles Arbeitszeitmodell für optimale Balance
- Super Erreichbarkeit von Krefeld, Düsseldorf, Neuss, Duisburg, Mönchengladbach, Viersen usw. (mit PKW und ÖPNV)
Nach der Ausbildung
- Sehr gute Übernahmechancen (Ø Übernahmequote = 90 %)
- GOB Grow | Kontinuierliche Wissensvermittlung durch interne/externe Trainings im Rahmen unseres Learning-Konzeptes
- Diverse Karrierewege je nach Kompetenzprofil im Rahmen unserer GOB Laufbahnplanung
Über uns
1965 in Krefeld gegründet | 500+ digitalisierte Kunden | 1.500+ realisierte Projekte
Als zuverlässiger Digitalisierungspartner für klein- und mittelständische Unternehmen begleiten wir die digitale Transformation unserer Kunden hochprofessionell – mit einem erstklassigen Service auf Augenhöhe. Hierfür setzen wir auf ein starkes vielfältiges Team mit breit gefächerten Kompetenzen. Wir sind technologisch hochspezialisiert auf ERP-Softwareberatung sowie ganzheitliche IT-Lösungen und zählen inzwischen zu den größten und erfolgreichsten Microsoft-Solutions-Partnern weltweit.",Ausbildung | Fachinformatiker/in für Anwendungsentwicklung (m/w/d),"Du willst nicht nur über die Digitalisierung reden, sondern diese aktiv mitgestalten?Für dich ist Cloud mehr als eine Wolke und MS Word kein Kreuzfahrtschiff? Dann werde Teil von unserem #TeamGOB. Wir sind ein inhabergeführtes mittelständisches IT-Unternehmen aus Krefeld und können mit Stolz auf mehr als 55 erfolgreiche Jahre in den Bereichen ERP-Softwareberatung und ganzheitliche IT-Lösungen zurückblicken.Was uns so erfolgreich macht? Erstklassige Produkte und Dienstleistungen und ein starkes engagiertes Team, das sich tagtäglich mit Mut und Leidenschaft einbringt, um an unseren gemeinsamen Erfolgen zu arbeiten. Daher ist uns die Weiterentwicklung eines jeden Einzelnen sehr wichtig.In der Ausbildung warten zahlreiche Benefits, eine intensive Betreuung und vielfältige verantwortungsvolle Aufgaben auf dich. Am Ende deines Ausbildungs-Abenteuers blickst du auf einen sicheren Arbeitsplatz mit einer durchschnittlichen Übernahmequote von 90 % und vielseitige Entwicklungsmöglichkeiten.Bewirb dich jetzt und mach dich gemeinsam mit uns auf die Reise. Wir freuen uns auf dich!",,https://www.auszubildende.gob-karriere.de/,https://www.auszubildende.gob-karriere.de/,company,laureen.bartholemy@gob.de,https://www.auszubildende.gob-karriere.de/jobs/50753178/Ausbildung-Fachinformatiker-Anwendungsentwicklung-w-m-d-/,https://www.auszubildende.gob-karriere.de/jobs/50753178/Ausbildung-Fachinformatiker-Anwendungsentwicklung-w-m-d-/,https://www.auszubildende.gob-karriere.de/jobs/50753178/Ausbildung-Fachinformatiker-Anwendungsentwicklung-w-m-d-/,externe,,,,ausbildung_de,https://www.ausbildung.de/stellen/ausbildung-fachinformatiker-in-fuer-anwendungsentwicklung-m-w-d-bei-gob-software-systeme-gmbh-co-kg-in-krefeld-5f52dad1-ec91-4ca0-9cb8-915e8497beca/,False,,73,2026-06-11T11:19:25.312566+00:00
AD-b0bd5aed-4ca5-4cf5-8cb6-9b817c7c18d0,ausbildung_de_ae,GRÜN Software Group GmbH,,Aachen,"Pascalstraße, 6 52076 Aachen Nordrhein-Westfalen","Ausbildung Fachinformatiker/in für Anwendungsentwicklung (m/w/d)

Das erwartet Dich bei uns:
In unserem Team bist Du direkt im Kundenkontakt tätig und setzt selbstständig individuelle Geschäftsprozesse unserer Kunden um. Dabei gehst Du Herausforderungen sorgfältig und lösungsorientiert an. Du arbeitest mit modernen Technologien wie HTML, PHP und MySQL-Datenbanken sowie in ASP-Terminalserver-Umgebungen und entwickelst so kontinuierlich Deine fachlichen Fähigkeiten weiter.
Starte stark mit unserer Academy!
Wir begleiten Dich von Anfang an. In unserer Academy lernst Du in der erstem Monaten Deiner Ausbildung alles, was du für Deine Aufgaben brauchst. Praxisnah, strukturiert und Schritt für Schritt. So kannst du selbstbewusst durchstarten und deine Fähigkeiten gezielt ausbauen.

Das bringst Du mit:
- Du hast mindestens einen Realschulabschluss, gerne auch Studienabbrecher
- Du hast gute Noten in Mathematik und Informatik
- Vorkenntnisse in einer höheren Programmiersprache, HTML und Datenbanken sind von Vorteil
- Du hast Freude daran, im Team kreative Lösungen zu entwickeln, und begeisterst dich dafür, gemeinsam an neuen Ideen zu feilen und diese in die Praxis umzusetzen
- Deutschniveau mindestens C1

Die GRÜN Software Group GmbH bildet seit mehr als 20 Jahren aus und sucht in der Fachrichtung Anwendungsentwicklung engagierte, aufgeschlossene junge Leute mit einem guten Schulabschluss, die unser Team optimal ergänzen. Wir bieten eine abwechslungsreiche, spannende Arbeit an Projekten auf nationaler Ebene für namhafte Kunden.
Die GRÜN Software Group ist ein innovatives, marktführendes Software- und IT-Serviceunternehmen mit rund 350 Mitarbeitern.
Zur Verstärkung unseres Teams suchen wir an unserem Standort in Aachen zum 01.08.2026 einen Auszubildenden zum Fachinformatiker in der Fachrichtung Anwendungsentwicklung (m/w/d).
Bei uns stehst Du im Mittelpunkt - das bieten wir Dir:
Wir wissen, dass großartige Arbeit nur in einem inspirierenden Umfeld entstehen kann. Deshalb bieten wir Dir mehr als „nur“ einen Arbeitsplatz. Wir bieten Dir nicht nur eine gute Verkehrsanbindung, kostenfreie Parkplätze, tägliches frisches Obst und so viel Wasser, Kaffee und Tee, wie Du trinken kannst. Für uns stehst Du im Mittelpunkt und das wollen wir Dir auch zeigen:
- Work-Life-Balance: Flexible Arbeitszeiten geben Dir mehr Flexibilität zur Vereinbarkeit Deines Arbeits- und Privatlebens
- Flache Hierarchien: Wir duzen uns, schätzen jede Meinung und fördern Deine Entfaltung
- Weiterentwicklung: Wir legen großen Wert auf langfristige Zusammenarbeit und sind stolz auf unsere niedrige Mitarbeiterfluktuation. Deshalb bieten wir Dir individuelle Weiterbildungsmöglichkeiten und gute Aufstiegschancen
- Familiäres Betriebsklima: Uns ist sehr wichtig, dass Du Dich bei uns wohlfühlst. Deswegen bieten wir Dir u.a. Kicker und Tischtennisplatte und regelmäßige Social Events (Pizza-Day, AfterWork, verschiedene Betriebsfeste, u.v.m.)
- Gesundheit & Fitness: Ob Virtual Reality Fitness, gemeinsame Betriebssportaktivitäten oder Urban Sports Mitgliedschaft - Deine Gesundheit liegt uns am Herzen, deshalb unterstützen wir Dich in Deinen Fitnessbemühungen
- Vereinbarkeit von Familie und Beruf: Wir sind als ""Familienfreundliches Unternehmen"" ausgezeichnet durch das Kompetenzzentrum Frau und Beruf der Region Aachen.
- Nachhaltigkeit & Umwelt: Bei uns ist der Name auch Programm. Wir entlasten die Umwelt nicht nur durch Digitalisierung, sondern betreiben auch GRÜNe IT: von Jobbike über Ladestationen für Elektroautos bis hin zum Betrieb unseres Rechenzentrums mit Sonnenenergie. Darüber hinaus bieten wir ein Jobticket für den öffentlichen Nahverkehr an und betreiben sogar einen eigenen Bienenstock auf dem Dach unseres Firmengebäudes, um zur Artenvielfalt beizutragen
- Zusatzleistungen & Corporate Benefits: Bonusprogramm, betriebliche Altersvorsorge, Vermögenswirksame Leistungen und exklusive Mitarbeiterangebote runden unser Angebot ab
Kontakt
GRÜN Software Group GmbH
Bewerbungsmanagement
Herrn Pascal Vallet
Pascalstraße 6
52076 Aachen",,"Das bringst Du mit:
- Du hast mindestens einen Realschulabschluss, gerne auch Studienabbrecher
- Du hast gute Noten in Mathematik und Informatik
- Vorkenntnisse in einer höheren Programmiersprache, HTML und Datenbanken sind von Vorteil
- Du hast Freude daran, im Team kreative Lösungen zu entwickeln, und begeisterst dich dafür, gemeinsam an neuen Ideen zu feilen und diese in die Praxis umzusetzen
- Deutschniveau mindestens C1",Ausbildung | Fachinformatiker/in für Anwendungsentwicklung (m/w/d),"Die GRÜN Software Group GmbH (gruen.net) mit Headquarter in Aachen ist Hersteller und Anbieter von Branchensoftware mit rund 350 Mitarbeitern. GRÜN entwickelt als Unternehmensgruppe marktführende Branchensoftware, insbesondere für die Zielgruppen Vereine und Verbände, Spendenorganisationen, Bildungsanbieter, Verlage und Medienhäuser und die Zeitwirtschaft. Durch ergänzende Agenturleistungen ist die GRÜN Gruppe darüber hinaus ganzheitlicher Strategiepartner bei der Digitalisierung ihrer Mittelstandskunden und übertrifft das Lösungsportfolio klassischer Softwareunternehmen deutlich.","Die GRÜN Software Group GmbH bildet seit mehr als 20 Jahren aus und sucht in der Fachrichtung Anwendungsentwicklung engagierte, aufgeschlossene junge Leute mit einem guten Schulabschluss, die unser Team optimal ergänzen. Wir bieten eine abwechslungsreiche, spannende Arbeit an Projekten auf nationaler Ebene für namhafte Kunden.
Die GRÜN Software Group ist ein innovatives, marktführendes Software- und IT-Serviceunternehmen mit rund 350 Mitarbeitern.
Zur Verstärkung unseres Teams suchen wir an unserem Standort in Aachen zum 01.08.2026 einen Auszubildenden zum Fachinformatiker in der Fachrichtung Anwendungsentwicklung (m/w/d).
Bei uns stehst Du im Mittelpunkt - das bieten wir Dir:
Wir wissen, dass großartige Arbeit nur in einem inspirierenden Umfeld entstehen kann. Deshalb bieten wir Dir mehr als „nur“ einen Arbeitsplatz. Wir bieten Dir nicht nur eine gute Verkehrsanbindung, kostenfreie Parkplätze, tägliches frisches Obst und so viel Wasser, Kaffee und Tee, wie Du trinken kannst. Für uns stehst Du im Mittelpunkt und das wollen wir Dir auch zeigen:
- Work-Life-Balance: Flexible Arbeitszeiten geben Dir mehr Flexibilität zur Vereinbarkeit Deines Arbeits- und Privatlebens
- Flache Hierarchien: Wir duzen uns, schätzen jede Meinung und fördern Deine Entfaltung
- Weiterentwicklung: Wir legen großen Wert auf langfristige Zusammenarbeit und sind stolz auf unsere niedrige Mitarbeiterfluktuation. Deshalb bieten wir Dir individuelle Weiterbildungsmöglichkeiten und gute Aufstiegschancen
- Familiäres Betriebsklima: Uns ist sehr wichtig, dass Du Dich bei uns wohlfühlst. Deswegen bieten wir Dir u.a. Kicker und Tischtennisplatte und regelmäßige Social Events (Pizza-Day, AfterWork, verschiedene Betriebsfeste, u.v.m.)
- Gesundheit & Fitness: Ob Virtual Reality Fitness, gemeinsame Betriebssportaktivitäten oder Urban Sports Mitgliedschaft - Deine Gesundheit liegt uns am Herzen, deshalb unterstützen wir Dich in Deinen Fitnessbemühungen
- Vereinbarkeit von Familie und Beruf: Wir sind als ""Familienfreundliches Unternehmen"" ausgezeichnet durch das Kompetenzzentrum Frau und Beruf der Region Aachen.
- Nachhaltigkeit & Umwelt: Bei uns ist der Name auch Programm. Wir entlasten die Umwelt nicht nur durch Digitalisierung, sondern betreiben auch GRÜNe IT: von Jobbike über Ladestationen für Elektroautos bis hin zum Betrieb unseres Rechenzentrums mit Sonnenenergie. Darüber hinaus bieten wir ein Jobticket für den öffentlichen Nahverkehr an und betreiben sogar einen eigenen Bienenstock auf dem Dach unseres Firmengebäudes, um zur Artenvielfalt beizutragen
- Zusatzleistungen & Corporate Benefits: Bonusprogramm, betriebliche Altersvorsorge, Vermögenswirksame Leistungen und exklusive Mitarbeiterangebote runden unser Angebot ab
Kontakt
GRÜN Software Group GmbH
Bewerbungsmanagement
Herrn Pascal Vallet
Pascalstraße 6
52076 Aachen",https://www.gruen.net/,https://www.gruen.net/,company,bewerbung@gruen.net,https://www.ausbildung.de/direktbewerbung/ausbildung-fachinformatiker-in-fuer-anwendungsentwicklung-m-w-d-bei-gruen-software-group-gmbh-in-aachen-f3c01699-7ff9-41c3-bb87-43cbc18c372d/,https://www.ausbildung.de/direktbewerbung/ausbildung-fachinformatiker-in-fuer-anwendungsentwicklung-m-w-d-bei-gruen-software-group-gmbh-in-aachen-f3c01699-7ff9-41c3-bb87-43cbc18c372d/,https://www.ausbildung.de/direktbewerbung/ausbildung-fachinformatiker-in-fuer-anwendungsentwicklung-m-w-d-bei-gruen-software-group-gmbh-in-aachen-f3c01699-7ff9-41c3-bb87-43cbc18c372d/,externe,,,,ausbildung_de,https://www.ausbildung.de/stellen/ausbildung-fachinformatiker-in-fuer-anwendungsentwicklung-m-w-d-bei-gruen-software-group-gmbh-in-aachen-f3c01699-7ff9-41c3-bb87-43cbc18c372d/,False,,73,2026-06-11T11:19:28.552311+00:00
AD-6b9e4d45-72f4-4784-b82f-0eeb192a1b33,ausbildung_de_ae,Günther Spelsberg GmbH + Co. KG,,Schalksmühle,Schalksmühle Nordrhein-Westfalen,"Ausbildung Fachinformatiker/in für Anwendungsentwicklung (m/w/d)

Das erwartet dich
Deine Aufgaben
Während deiner Ausbildung tauchst du in die Welt der Hard- und Software ein. Du lernst Serverstrukturen kennen, installierst Programme und sorgst für ein reibungsloses Funktionieren der Technik im Unternehmen. Ein anspruchsvolles Berufsfeld, ohne das kein Prozess im Unternehmen funktionieren würde!
Deine Fähigkeiten kommen in folgenden Bereichen zum Einsatz:
- IT
- Qualitätsmanagement
- Wareneingang
- Prüflabor
Wir haben deine Zukunft im Blick
Deshalb fördern wir deine Weiterentwicklung zum Beispiel im Rahmen eines Studiums. Egal, ob als Azubi oder duale:r Student:in – nach deiner Ausbildung bei Spelsberg stehen dir alle Türen für eine Karriere im Unternehmen offen.
Deshalb bewirb dich jetzt uns starte deine Karriere bei uns!
Du interessierst dich für ein duales Studium?
Füge in deiner Bewerbung auf deinen Wunsch-Ausbildungsberuf einfach einen Vermerk hinzu, dass du an einem dualen Studium interessiert bist. Über die Einzelheiten (Studiengang und Hochschule) können wir uns gerne im Bewerbungsprozess unterhalten.

Mittlere Reife

Wir bieten unseren Auszubildenden regelmäßige Azubi-Tage, an denen der gemeinsame Austausch im Mittelpunkt steht – und der Spaß natürlich nicht zu kurz kommt. In spannenden Azubi-Projekten kannst du außerdem eigene Ideen einbringen. Du profitierst von einer individuellen Betreuung durch deine Ausbilder:innen und kannst dich während deiner gesamten Ausbildung auf das Spelsberg-Team verlassen, das dir bei Fragen und Anliegen stets zur Seite steht. Mit uns bist du optimal auf deine anstehenden Prüfungen vorbereitet – sodass deiner weiteren Karriere nichts mehr im Weg steht.","1. Jahr: 1242,96 €
2. Jahr: 1297,67 €
3. Jahr: 1378,93 €",Mittlere Reife,Ausbildung | Fachinformatiker/in für Anwendungsentwicklung (m/w/d),"Ausbildung bei Günther Spelsberg GmbH & Co. KGDer Einstieg ins Berufsleben steht an - und du suchst ein Unternehmen, das dir beim Durchstarten hilft? Mit einer Ausbildung bei Spelsberg stehen dir alle Möglichkeiten offen, um als Fachkraft in der Elektroindustrie die Zukunft mitzugestalten. Egal, ob im kaufmännischen Bereich, als Mechatroniker:in, Industrieelektriker:in, in der IT, Logistik oder im Produktdesign - gemeinsam entdecken wir deine Potenziale und machen dich startklar für deine Karriere!Mit vollem Team-Support zum ZielAls Azubi bei Spelsberg hast du von Beginn an die Chance, deine Talente ins Tagesgeschäft einzubringen. Dabei kannst du auf den Rückhalt durch dein Team und deine Ausbilder:innen vertrauen - denn Zusammenhalt wird bei Spelsberg großgeschrieben! Auf Prüfungen wirst du dank individueller Betreuung optimal vorbereitet und eigene Ideen entwickelst du unter anderem in spannenden Azubi-Projekten weiter.Wir haben deine Zukunft im BlickDeshalb fördern wir deine Weiterentwicklung zum Beispiel im Rahmen eines Studiums. Egal, ob als Azubi oder duale:r Student:in - nach deiner Ausbildung bei Spelsberg stehen dir alle Türen für eine Karriere im Unternehmen offen.Du bist bei uns genau richtig, weil... die Arbeitszeiten dir Freizeit ermöglichen 30 Tage Urlaubsanspruch ein Gleitzeitkonto ... du nebenbei studieren kannst mit voller Kostenübernahme durch den Arbeitgeber ... Spelsberg mit dir in die Zukunft blickt und dich nach der Ausbildung übernimmt ... die Firma weiß, was du leistest und dir von Anfang an die Möglichkeit zur Mitarbeit im Tagesgeschäft bietet und du dich in einem familiären Umfeld wohlfühlst ... du von Anfang an auf eigenen Beinen stehen kannst durch eine TOP Ausbildungsvergütung durch Urlaubs- & Weihnachtsgeld durch eine Prämie für einen guten Abschluss. ... Spelsberg dich fordert und fördertdurch individuelle Weiterbildungsmöglichkeiten: Schulungen Fortbildungen Studium","Wir bieten unseren Auszubildenden regelmäßige Azubi-Tage, an denen der gemeinsame Austausch im Mittelpunkt steht – und der Spaß natürlich nicht zu kurz kommt. In spannenden Azubi-Projekten kannst du außerdem eigene Ideen einbringen. Du profitierst von einer individuellen Betreuung durch deine Ausbilder:innen und kannst dich während deiner gesamten Ausbildung auf das Spelsberg-Team verlassen, das dir bei Fragen und Anliegen stets zur Seite steht. Mit uns bist du optimal auf deine anstehenden Prüfungen vorbereitet – sodass deiner weiteren Karriere nichts mehr im Weg steht.",https://www.spelsberg.de/,https://www.spelsberg.de/,company,ausbildung@spelsberg.de,https://www.spelsberg.de/ueber-uns/karriere/ausbildung/fachinformatikerin-fuer-anwendungsentwicklung-mwd-2026-azu000074/schalksmuehle/,https://www.spelsberg.de/ueber-uns/karriere/ausbildung/fachinformatikerin-fuer-anwendungsentwicklung-mwd-2026-azu000074/schalksmuehle/,https://www.spelsberg.de/ueber-uns/karriere/ausbildung/fachinformatikerin-fuer-anwendungsentwicklung-mwd-2026-azu000074/schalksmuehle/,externe,,,,ausbildung_de,https://www.ausbildung.de/stellen/ausbildung-fachinformatiker-in-fuer-anwendungsentwicklung-m-w-d-bei-guenther-spelsberg-gmbh-co-kg-in-schalksmuehle-7b3ce552-f2fe-41f0-a916-834b45ec9ffd/,False,,80,2026-06-11T11:19:31.427885+00:00
AD-738e1e5f-8fb0-4cfe-aadd-3467ca67d961,ausbildung_de_ae,hagebau IT GmbH,,Soltau,Celler Str. 47 29614 Soltau Niedersachsen,"Ausbildung Fachinformatiker/in für Anwendungsentwicklung (m/w/d)

Deine Aufgaben
Während Deiner Ausbildung wechselst Du in regelmäßigem Rhythmus die Fachabteilungen und erhältst spannende Einblicke in die Vielfältigkeit der IT-Bereiche. Im Vordergrund steht die Entwicklung von individueller Software. Dementsprechend bist Du überwiegend in dem Bereich der Softwareentwicklung innerhalb der hagebau IT eingesetzt. Unser Ziel ist es, Dich in den Themen SAP, Java (Script), CSS und SQL so richtig „fit zu machen“. So verschaffst Du Dir einen Überblick und findest heraus, in welchem Bereich Du nach Deiner Ausbildung bei uns einsteigen möchtest.
- Du unterstützt bei der Entwicklung individueller Software
- Deine Aufgabe ist die Planung, Konzeption und Programmierung unterschiedlichster Anwendungen
- Du entwickelst anwendungsgerechte und benutzerfreundliche Bedienoberflächen

Dein Profil
- Du verfügst mindestens über einen guten Realschulabschluss mit guten bis sehr guten Noten in Mathematik
- Der Umgang mit Programmiersprachen und die Entwicklung von Software mache Dir Freude
- Du bist ein Teamplayer, der Verantwortungsbewusstsein mitbringt und auf den man sich verlassen kann
- Ein hohes Maß an Eigenmotivation sowie Spaß am analytischen Denken zeichnen Dich aus
Unser Angebot
- Chance auf ein Azubi-Car für 3 Monate
- Eigene Azubi-Projekte (Gesundheitsmanagement, Instagram etc.)
- Vermögenswirksame Leistungen
- Mitarbeiterevents (Azubi-Ausflug, Weihnachtsfeier etc.)
- Hausinterne Kantine mit einem vielfältigen Angebot an Speisen und Getränken zu vergünstigten Konditionen
- Mitarbeiterrabatte (Corporate Benefits, regionale Fitnessstudios, etc.)
- Hochwertige Erstausstattung (Notebook, Headset etc.)
- Intensive Einarbeitung und Seminare inkl. Patenmodell
- Individuelle Prüfungsvorbereitung
- 38,5 Stunden Woche","1. Jahr: 1202 €
2. Jahr: 1280 €
3. Jahr: 1335 €","Dein Profil
- Du verfügst mindestens über einen guten Realschulabschluss mit guten bis sehr guten Noten in Mathematik
- Der Umgang mit Programmiersprachen und die Entwicklung von Software mache Dir Freude
- Du bist ein Teamplayer, der Verantwortungsbewusstsein mitbringt und auf den man sich verlassen kann
- Ein hohes Maß an Eigenmotivation sowie Spaß am analytischen Denken zeichnen Dich aus
Unser Angebot
- Chance auf ein Azubi-Car für 3 Monate
- Eigene Azubi-Projekte (Gesundheitsmanagement, Instagram etc.)
- Vermögenswirksame Leistungen
- Mitarbeiterevents (Azubi-Ausflug, Weihnachtsfeier etc.)
- Hausinterne Kantine mit einem vielfältigen Angebot an Speisen und Getränken zu vergünstigten Konditionen
- Mitarbeiterrabatte (Corporate Benefits, regionale Fitnessstudios, etc.)
- Hochwertige Erstausstattung (Notebook, Headset etc.)
- Intensive Einarbeitung und Seminare inkl. Patenmodell
- Individuelle Prüfungsvorbereitung
- 38,5 Stunden Woche",Ausbildung | Fachinformatiker/in für Anwendungsentwicklung (m/w/d),"Getreu unserem Motto „hagebau - Zusammen geht das.“ suchen wir Menschen, die gemeinsam mit uns wachsen und unsere Kunden begeistern möchten! Unsere Einsatz- und Karrieremöglichkeiten sind genauso vielfältig wie unsere über 350 hagebau Gesellschafter mit mehr als 1.500 Fach- und Einzelhandelsstandorten. Als eine der größten Handelskooperationen Deutschlands ist es unser Ziel, nachhaltige Wettbewerbsvorteile für unsere Fach- und Einzelhändler zu erreichen. Dies gelingt uns über gemeinsame Einkaufs- und Vertriebsmaßnahmen sowie individuelle Dienstleistungsangebote. Mit Leidenschaft und Herzblut schaffen wir innovative Lösungen rund ums Bauen und Wohnen, die Menschen begeistern, inspirieren und ihre Welt positiv verändern.",,https://hagebau.com/start/karriere,https://hagebau.com/start/karriere,company,daniel.brinker@hagebau.com,https://hagebau.com/start/job/Ausbildung+zum+Fachinformatiker+%2528m%252F-144098,https://hagebau.com/start/job/Ausbildung+zum+Fachinformatiker+%2528m%252F-144098,https://hagebau.com/start/job/Ausbildung+zum+Fachinformatiker+%2528m%252F-144098,externe,"- Starkes Team, feste Ansprechpartner, flache Hierarchien, Feedbackgespräche",,,ausbildung_de,https://www.ausbildung.de/stellen/ausbildung-fachinformatiker-in-fuer-anwendungsentwicklung-m-w-d-bei-hagebau-handelsgesellschaft-fuer-baustoffe-mbh-co-kg-in-soltau-8ebb482e-5de5-4bf3-97d2-89b9f597bba1/,False,,80,2026-06-11T11:19:34.831279+00:00
AD-37f1d135-f21f-49d0-8afb-bf2408f4f1f7,ausbildung_de_ae,HENSOLDT AG,,Wilhelmshaven,Bunsenstraße 5 26389 Wilhelmshaven Niedersachsen,"Ausbildung Fachinformatiker/in für Anwendungsentwicklung (m/w/d)

Deine Aufgaben
- In der Ausbildung lernst du die Prozesse und Strukturen eines innovativen Technologieunternehmens kennen.
- Der Schwerpunkt der Ausbildung liegt in der Entwicklung von Software für sicherheitsrelevante Systeme.
- Du unterstützt bei der Erstellung von Konzepten, bei der Entwicklung von Modulen, dem Testen von Programmen und bei der Dokumentation der Ergebnisse.

Dein Profil
- Du bringst (Fach-) Abitur mit guten Noten oder einen sehr guten Realschulabschluss mit. Gerne nehmen wir auch Studienabbrecherinnen oder -abbrecher aus dem Bereich Informatik o.ä.
- Du hast ein ausgesprochenes Interesse an IT- und Softwarethemen und gehst strukturiert und überlegt an die Lösung von Aufgaben heran.
- Du bist selbständig, flexibel, eigeninitiativ und zuverlässig.
- Persönlich überzeugst du durch gutes Allgemeinwissen, gute kommunikative Fähigkeiten und gutes Auftreten.
- Erster Umgang mit IT-Themen und gängigen Programmiersprachen sind keine Voraussetzung aber durchaus von Vorteil.

- Wir bieten dir während und nach deiner Ausbildung viele Entwicklungsmöglichkeiten und fördern dich dabei persönlich.",,"Dein Profil
- Du bringst (Fach-) Abitur mit guten Noten oder einen sehr guten Realschulabschluss mit. Gerne nehmen wir auch Studienabbrecherinnen oder -abbrecher aus dem Bereich Informatik o.ä.
- Du hast ein ausgesprochenes Interesse an IT- und Softwarethemen und gehst strukturiert und überlegt an die Lösung von Aufgaben heran.
- Du bist selbständig, flexibel, eigeninitiativ und zuverlässig.
- Persönlich überzeugst du durch gutes Allgemeinwissen, gute kommunikative Fähigkeiten und gutes Auftreten.
- Erster Umgang mit IT-Themen und gängigen Programmiersprachen sind keine Voraussetzung aber durchaus von Vorteil.",Ausbildung | Fachinformatiker/in für Anwendungsentwicklung (m/w/d),"HENSOLDT ist ein führendes europäisches Hightech-Unternehmen der Verteidigungs- und Sicherheitsindustrie mit Sitz in Taufkirchen bei München. Das Unternehmen entwickelt Sensorlösungen, Elektronik und Software für die Bereiche Luft, Land, See, Cyber und Weltraum und unterstützt Streitkräfte weltweit dabei, Bedrohungen frühzeitig zu erkennen und fundierte operative Entscheidungen zu treffen. Aufbauend auf jahrzehntelanger Erfahrung in missionskritischer Sensorik verbindet HENSOLDT Radar-, Optronik-, Elektronik- und Cyberkompetenzen mit datengetriebener Software und künstlicher Intelligenz. Ziel ist es, Sensordaten aus unterschiedlichen Plattformen und Domänen zu integrieren, zu analysieren und zu einem verlässlichen Lagebild zu fusionieren.Damit hat sich HENSOLDT vom klassischen Sensoranbieter zu einem Systemintegrator der neuen Generation – einem „Neo-Systemhaus“, das vernetzte, softwaredefinierte Verteidigungsfähigkeiten ermöglicht und Informationsüberlegenheit im Einsatz unterstützt, entwickelt. Im Geschäftsjahr 2025 erzielte HENSOLDT mit rund 9.500 Mitarbeiterinnen und Mitarbeitern einen Umsatz von 2,46 Milliarden Euro. Das Unternehmen ist an der Frankfurter Wertpapierbörse im MDAX notiert.Wir bei HENSOLDT entwickeln Technik für die Zukunft!Als ein führendes Unternehmen in unserer Branche bieten wir Schulabsolventinnen und -absolventen eine Vielzahl an Ausbildungsberufen und Dualen Studiengängen. Bei HENSOLDT starten jährlich ca. 100 Auszubildende und Dual-Studierende in über 20 unterschiedlichen Berufsbildern.Das bieten wir Dir: Auslandsaufenthalte Teambuildingaktionen und Erlebnispädagogik Betriebsrestaurant mit Bezuschussungen für Auszubildende und Studenten, Cafeteria Betriebseigenes Fitness-Studio 35-Stunden-Woche mit flexibler Arbeitszeit Gesundheitsmanagement Lege den Grundstein für Deine berufliche Karriere bei HENSOLDT und bewirb Dich jetzt!",- Wir bieten dir während und nach deiner Ausbildung viele Entwicklungsmöglichkeiten und fördern dich dabei persönlich.,https://www.hensoldt.net/de/career/pupils,https://www.hensoldt.net/de/career/pupils,company,,https://jobs.hensoldt.net/job/Wilhelmshaven-Ausbildung-Fachinformatikerin-Anwendungsentwicklung-%28wmd%29%2C-Wilhelmshaven%2C-Start-2026-26389/1166501355/,https://jobs.hensoldt.net/job/Wilhelmshaven-Ausbildung-Fachinformatikerin-Anwendungsentwicklung-%28wmd%29%2C-Wilhelmshaven%2C-Start-2026-26389/1166501355/,https://jobs.hensoldt.net/job/Wilhelmshaven-Ausbildung-Fachinformatikerin-Anwendungsentwicklung-%28wmd%29%2C-Wilhelmshaven%2C-Start-2026-26389/1166501355/,externe,,,,ausbildung_de,https://www.ausbildung.de/stellen/ausbildung-fachinformatiker-in-fuer-anwendungsentwicklung-m-w-d-bei-hensoldt-ag-in-wilhelmshaven-e6ede58b-d9ba-4633-a385-7b868a0495ed/,False,,67,2026-06-11T11:19:36.890588+00:00
AD-ce5bd5de-fdce-47d1-ad1c-60943d818a5c,ausbildung_de_ae,Hessische Steuerverwaltung,,Kassel,Altmarkt 1 34125 Kassel Hessen,"Ausbildung Fachinformatiker/in für Anwendungsentwicklung (m/w/d)

Deine Aufgaben
Während Deiner Ausbildung wirst Du Schritt für Schritt an die professionelle Softwareentwicklung herangeführt. Du lernst nicht nur Programmiersprachen und Werkzeuge kennen, sondern arbeitest von Anfang an bei der Entwicklung echter Anwendungen mit, die produktiv eingesetzt werden.
Die praktische Ausbildung erfolgt bei TECLION im Finanzamt Kassel, der theoretische Teil an der zuständigen Berufsschule.
Im Laufe Deiner Ausbildung übernimmst Du – begleitet durch erfahrene Entwicklerinnen und Entwickler – unter anderem folgende Aufgaben:
• Mitarbeit bei der Entwicklung moderner Software- und Webanwendungen
• Implementierung und Weiterentwicklung von Backend- und Frontend-Komponenten
• Arbeiten mit Datenbanken, Schnittstellen und APIs
• Unterstützung bei Tests, Qualitätssicherung und Dokumentation
• Kennenlernen des gesamten Software-Lebenszyklus: von der Anforderung bis zum Betrieb
• Mitarbeit in agilen, interdisziplinären Teams gemeinsam mit Entwicklerinnen und Entwicklern, Data Scientists und dual Studierenden
• Schrittweise Übernahme eigener Aufgaben und kleiner Teilprojekte
Unsere Anforderungen
• Interesse an Informatik, Softwareentwicklung und technischen Zusammenhängen
• Freude am logischen Denken und am Lösen von Problemen
• Motivation, Neues zu lernen und Dich fachlich weiterzuentwickeln
• Teamfähigkeit, Zuverlässigkeit und Verantwortungsbewusstsein
• Sorgfältige und strukturierte Arbeitsweise
• Mindestens einen guten Realschulabschluss oder (Fach-)Abitur
Erste Programmiererfahrungen (z. B. durch Schule, Hobbys oder Projekte) sind willkommen, aber keine Voraussetzung.
Unser Angebot
• Eine fundierte, praxisnahe Ausbildung in einem modernen IT- und KI-Umfeld
• Mitarbeit an realen Softwareprojekten statt reiner Übungsaufgaben
• Persönliche Betreuung und feste Ansprechperson im Team
• Eine attraktive Ausbildungsvergütung nach TVA-H BBiG
• Gleitende Arbeitszeit und 30 Tage Urlaub pro Jahr
• Einen sicheren, sozialen und familienfreundlichen Arbeitgeber
• Sehr gute Übernahme- und Entwicklungsmöglichkeiten nach der Ausbildung, z. B. bei TECLION oder in der IT der hessischen Steuerverwaltung

Mittlere Reife","1. Jahr: 1276,85 €
2. Jahr: 1331,43 €
3. Jahr: 1381,51 €",Mittlere Reife,Ausbildung | Fachinformatiker/in für Anwendungsentwicklung (m/w/d),"Die Hessische Steuerverwaltung Wir sind mehr als nur eine Behörde – wir sind dein Zukunfts-Team! 🏢 Wer wir sind: Deine neue berufliche Heimat 12.000+ Kolleginnen und Kollegen, ein Ziel: Hessen stark machen!Unsere Organisation ist so vielfältig wie unsere Aufgaben. Von der strategischen Steuerung im Hessischen Finanzministerium in Wiesbaden über die Oberfinanzdirektion Frankfurt am Main bis hin zu unseren 28 Finanzämtern in ganz Hessen – überall findest du spannende Karrierechancen. Unsere Standorte in Hessen:· 28 Finanzämter – direkter Bürgerkontakt und Serviceorientierung· Hessisches Competence Center für Neue Verwaltungssteuerung (HCC) – Innovation und Digitalisierung· Hessische Zentrale für Datenverarbeitung (HZD) – IT und Technologie· Landesbetrieb Bau und Immobilien Hessen (LBIH) – Infrastruktur und Facility Management· Studienzentrum Rotenburg und Frankfurt – Ausbildung und Weiterbildung 💪 Ein starker Arbeitgeber für motivierte Talente 🎯 Warum wir der perfekte Arbeitgeber für dich sind:✨ Deine Meinung zählt Bei uns bist du nicht nur eine Nummer. Deine Erfahrung macht dich zur Expertin oder zum Experten. Deine Ideen sind im Austausch mit Kolleginnen und Kollegen sowie Vorgesetzten gefragt und werden respektiert.🏠 Work-Life-Balance, die funktioniert· Flexible Arbeitszeiten für optimale Vereinbarkeit von Beruf und Familie· Telearbeitsplätze in vielen Bereichen möglich· Familienbewusste Personalpolitik🤝 Teamwork auf Augenhöhe Gutes Betriebsklima und fairer Umgang sind bei uns keine Phrasen, sondern gelebte Realität. Du findest immer eine Ansprechperson und deine Anregungen werden ernst genommen.🔒 Sicherheit, die überzeugt· Sicheres Einkommen auf Lebenszeit· Gute Altersversorgung· Krisensichere Zukunftsperspektive 🚀 Deine Übernahmegarantie: Investition in deine ZukunftWir investieren in dich – und das zahlt sich aus!Nach bestandener Laufbahnprüfung garantieren wir allen Diplom-Finanzwirtinnen/Diplom-Finanzwirten und Finanzwirtinnen/Finanzwirten die Übernahme:1. Beamtenverhältnis auf Probe direkt nach dem Abschluss2. Beamtenverhältnis auf Lebenszeit nach der ProbezeitDas bedeutet: Planungssicherheit von Tag 1 an! 🌟 #OhneUnsLäuftNichts – Dein Job mit echtem Impact Was wir täglich bewegen:🎭 Kultur & Freizeit Vereine, Jugendzentren, Theater, Kinos, Sportplätze, Schwimmbäder – ohne unsere Arbeit wäre die Finanzierung all dieser Projekte nicht möglich.🌍 Zukunft & Innovation Datenautobahnen, Umweltschutzprojekte, Deutschlands außergewöhnliche Sozialleistungen – wir schaffen die finanzielle Basis für Hessens Zukunft.⚖️ Gerechtigkeit & Service· Unsere Steuerfahndung deckt Steuerstraftaten auf (Zusammenarbeit mit Polizei und Staatsanwaltschaft)· Wir stehen Bürgerinnen und Bürgern mit Rat und Tat zur Seite· Faire Steuererhebung: Rückerstattung von zu viel gezahlten Steuern, Nacherhebung von zu wenig gezahlten Steuern 🔥 Das macht uns besonders: 1. Systemrelevanz mit SinnOhne Steuern funktioniert kein Staat, keine Kommune, kein Land. Mit unseren 28 Standorten leisten wir einen entscheidenden Beitrag dafür, dass Deutschland funktioniert.2. Innovation trifft TraditionWir setzen auf moderne und innovative Technologien und Methoden – alte Behördenklischees waren gestern!3. Gerechtigkeit lebenWir sorgen für Fairness im Steuersystem und stehen für Transparenz und Bürgernähe. 💼 Vielfältige Karrierewege für jeden TypOb Generalisten oder Spezialistinnen – unsere Aufgaben bieten dir:· Vielfältige Einsatzmöglichkeiten· Abwechslungsreiche Tätigkeiten· Kontinuierliche Entwicklungschancen· Spezialisierungsmöglichkeiten in verschiedenen Bereichen 🚀 Bereit für eine Karriere mit Zukunft und Sinn?Die Hessische Steuerverwaltung – wo deine Zukunft Gestalt annimmt!",,https://finanzverwaltung-mein-job.hessen.de/,https://finanzverwaltung-mein-job.hessen.de/,company,,https://stellensuche.hessen.de/unreg/index.html#/Stellendetail/A3C1BD400C7E1FE181E3C58E41E68960,https://stellensuche.hessen.de/unreg/index.html#/Stellendetail/A3C1BD400C7E1FE181E3C58E41E68960,https://stellensuche.hessen.de/unreg/index.html#/Stellendetail/A3C1BD400C7E1FE181E3C58E41E68960,externe,Ansprechpartner und Bewerbung,"Bitte lade im Bewerbungsverfahren folgende Unterlagen als PDF hoch:
• Bewerbungsanschreiben
• Lebenslauf
• Die letzten beiden Schulzeugnisse
• Ggf. Abschlusszeugnis
Wir fördern die Gleichstellung von Frauen und Männern und sind besonders an Bewerbungen von Frauen interessiert. Bewerbungen von schwerbehinderten Menschen werden bei gleicher Eignung bevorzugt berücksichtigt.
In Hessen leben Menschen aus unterschiedlichen Kulturkreisen – wir freuen uns über Bewerbungen, die diese Vielfalt widerspiegeln.
Für Rückfragen steht Dir gerne Lennert Raesch Finanzamt Kassel – TECLION, Telefon: 0561 / 7208-2888, zur Verfügung.",,ausbildung_de,https://www.ausbildung.de/stellen/ausbildung-fachinformatiker-in-fuer-anwendungsentwicklung-m-w-d-bei-hessische-steuerverwaltung-in-kassel-1ac62622-2b6f-41c4-b334-b7b37ecc2ae1/,False,,80,2026-06-11T11:19:40.502822+00:00
AD-74ed413e-8b5c-4308-9695-ece0fd7591f2,ausbildung_de_ae,HSH Soft- und Hardware Vertriebs GmbH,,Ahrensfelde,Ahrensfelde Brandenburg,"Ausbildung Fachinformatiker/in für Anwendungsentwicklung (m/w/d)

Dein Profil:
- Abitur, Fachhochschulreife oder einen guten Realschulabschluss (auch Bewerbungen von Studienabbrecher sind erwünscht)
- Technisches Interesse: Freude am Programmieren und analytisches Denken
- Kenntnisse: Erste Erfahrungen mit Programmiersprachen von Vorteil
- Teamgeist: Kommunikationsfähigkeit und die Bereitschaft, mit anderen an Projekten zu arbeiten
- Lernbereitschaft: Interesse, dich in neue Themen und Technologien einzuarbeiten

Wir bieten:
- Eine fundierte Ausbildung mit praxisnahen Projekten
- Unterstützung durch erfahrene Kolleginnen und Kollegen
- Moderne Arbeitsplätze und neueste Technologien
- Möglichkeiten zur persönlichen und fachlichen Weiterentwicklung
- Ein angenehmes Arbeitsumfeld mit flachen Hierarchien
- Attraktive Ausbildungsvergütung und zusätzliche Benefits
- Flexible Gestaltung der Arbeitszeiten
- Sehr gutes Betriebsklima
- Familienfreundliche Unternehmensführung
- Sportmöglichkeiten am Firmensitz sowie Gesundheitsförderung
- Übernahme nach der Ausbildung bei guten Leistungen","1. Jahr: 950 €
2. Jahr: 1050 €
3. Jahr: 1150 €","Dein Profil:
- Abitur, Fachhochschulreife oder einen guten Realschulabschluss (auch Bewerbungen von Studienabbrecher sind erwünscht)
- Technisches Interesse: Freude am Programmieren und analytisches Denken
- Kenntnisse: Erste Erfahrungen mit Programmiersprachen von Vorteil
- Teamgeist: Kommunikationsfähigkeit und die Bereitschaft, mit anderen an Projekten zu arbeiten
- Lernbereitschaft: Interesse, dich in neue Themen und Technologien einzuarbeiten",Ausbildung | Fachinformatiker/in für Anwendungsentwicklung (m/w/d),"Bei der HSH Soft- und Hardware Vertriebs GmbH handelt es sich um ein erfolgreiches mittelständisches Unternehmen im Bereich kommunaler Softwareentwicklung mit Sitz in Ahrensfelde. Im Mittelpunkt stehen insbesondere Softwarelösungen für Melde,- Gewerbe-, Ausländerbehörden sowie der Support für den Kundenkreis in ganz Deutschland.","Wir bieten:
- Eine fundierte Ausbildung mit praxisnahen Projekten
- Unterstützung durch erfahrene Kolleginnen und Kollegen
- Moderne Arbeitsplätze und neueste Technologien
- Möglichkeiten zur persönlichen und fachlichen Weiterentwicklung
- Ein angenehmes Arbeitsumfeld mit flachen Hierarchien
- Attraktive Ausbildungsvergütung und zusätzliche Benefits
- Flexible Gestaltung der Arbeitszeiten
- Sehr gutes Betriebsklima
- Familienfreundliche Unternehmensführung
- Sportmöglichkeiten am Firmensitz sowie Gesundheitsförderung
- Übernahme nach der Ausbildung bei guten Leistungen",https://www.hsh-berlin.com/,https://www.hsh-berlin.com/,company,jobs@hsh-berlin.com,https://www.ausbildung.de/direktbewerbung/ausbildung-fachinformatiker-in-fuer-anwendungsentwicklung-m-w-d-bei-hsh-soft-und-hardware-vertriebs-gmbh-in-ahrensfelde-a44dc120-8e1a-4eda-807f-ae8cdcda32a4/,https://www.ausbildung.de/direktbewerbung/ausbildung-fachinformatiker-in-fuer-anwendungsentwicklung-m-w-d-bei-hsh-soft-und-hardware-vertriebs-gmbh-in-ahrensfelde-a44dc120-8e1a-4eda-807f-ae8cdcda32a4/,https://www.ausbildung.de/direktbewerbung/ausbildung-fachinformatiker-in-fuer-anwendungsentwicklung-m-w-d-bei-hsh-soft-und-hardware-vertriebs-gmbh-in-ahrensfelde-a44dc120-8e1a-4eda-807f-ae8cdcda32a4/,externe,,,,ausbildung_de,https://www.ausbildung.de/stellen/ausbildung-fachinformatiker-in-fuer-anwendungsentwicklung-m-w-d-bei-hsh-soft-und-hardware-vertriebs-gmbh-in-ahrensfelde-a44dc120-8e1a-4eda-807f-ae8cdcda32a4/,False,,80,2026-06-11T11:19:42.780340+00:00
AD-3ffb2e0e-c94c-45d8-924f-82c2157c9fd1,ausbildung_de_ae,iglo GmbH,,Reken,Aeckern 1 48734 Reken Nordrhein-Westfalen,"Fachinformatiker/in für Anwendungsentwicklung (m/w/d) (duales Studium möglich)

Das erwartet Dich während Deiner 3-jährigen Ausbildung:
- Du lernst ein breites Spektrum der Informatik kennen mit vielfältigen Einsatzmöglichkeiten während und nach der Ausbildung
- Du arbeitest mit aktuellen Tools und Frameworks wie Azure DevOps, Git, Kubernetes, .NET und Blazor
- Du erhältst Einblicke in Software-Architektur, Clean Code und TDD
- Du arbeitest mit relationalen Datenbanken
- Du installierst und konfigurierst IT-Systeme
- Du vernetzt Dich mit Expert*innen aus den Fachabteilungen und lernst den gesamten Produktionsstandort kennen
- Du wirkst an der Weiter- und Neuentwicklung unserer IT-Systeme, des User-Supports und der Infrastruktur, sowie an Projekten zu den Themen Digitalisierung und Industrie 4.0 mit
- Du wirst während Deiner Ausbildung durch Deine Ausbilderin sowie eine Patin oder einen Paten begleitet
- Optional kann die Ausbildung auch als Duales Studium durchgeführt werden
Wenn Du folgende Fragen mit JA beantworten kannst, dann bewirb Dich bei uns!
- Besitzt/erwirbst Du die Hoch- oder Fachhochschulreife?
- Hast Du gute Noten in den MINT-Fächern sowie gute Englischkenntnisse?
- Interessieren Dich Programmierung und Softwaredesign?
- MS-Office Produkte wie Outlook, Excel und OneNote sind für Dich kein Neuland?
- Besitzt Du technisches Verständnis und magst es kundenorientiert zu handeln und Kolleg*innen bei fachspezifischen Problemen zu unterstützen?
- Bist Du kreativ und arbeitest gern im Team, kannst Du logisch und abstrakt denken?
Freu Dich auf:
eine facettenreiche Ausbildung in einem zukunftsorientierten und wachsenden Unternehmen. Du arbeitest in einem europaweit agierenden Konzern, welcher in allen Bereichen tiefe Einblicke in die Prozesse bietet. Schon in der Ausbildung erhältst Du eine hohe tarifliche Vergütung und 30 Urlaubstage. Zudem gibt es regelmäßig Azubi-Events und weitere betriebliche Angebote.
Was wir Dir zusätzlich bieten:
- Team-Events, Betriebsausflüge
- Ideen & Mitbestimmung
- betriebliches Gesundheitsmanagement
- Fortbildungen und Workshops
- Zuschuss zu Fahrtkosten (Tankkarte) oder Job Ticket
- Ausbildungs-Paten
- hauseigene Kantine mit Frühstücksbuffet
- Vergünstigungen im werkseigenen Fabrikverkauf
- 13. Gehalt plus Urlaubsgeld
- 38 Stunden Woche
Bewirb Dich jetzt!
Noten und Schulabschluss sind wichtig, aber noch entscheidender ist Deine Persönlichkeit und ob Du zu der Stelle passt! Du möchtest Verantwortung übernehmen, neue Herausforderungen entdecken und wünschst Dir einen Arbeitgeber, der Dich dabei unterstützt? - Dann ist iglo genau das Richtige für Dich!

Mittlere Reife","1. Jahr: 1099 €
2. Jahr: 1254 €
3. Jahr: 1512 €",Mittlere Reife,Ausbildung | Fachinformatiker/in für Anwendungsentwicklung (m/w/d) (duales Studium möglich),"Die iglo GmbH – ja genau, die mit dem Spinat und den Fischstäbchen – gehört zu den Top Playern, wenn’s um richtig gute Tiefkühlprodukte geht. Als Teil der internationalen Nomad Foods Familie produzieren wir in Reken jeden Tag frisches Gemüse und leckere Fertiggerichte, die in ganz Deutschland im Tiefkühlregal landen. Wir bieten spannende Jobs, moderne Arbeitsplätze und echte Chancen, etwas zu bewegen. Perfekt für alle, die Lust haben, in der Lebensmittelwelt durchzustarten.",,https://www.iglo.de/karriere,https://www.iglo.de/karriere,company,ausbildung-reken@iglo.com,https://www.ausbildung.de/direktbewerbung/ausbildung-fachinformatiker-in-fuer-anwendungsentwicklung-m-w-d-bei-iglo-gmbh-in-reken-a0ffd127-46d9-4249-946a-fdbc07e30a23/,https://www.ausbildung.de/direktbewerbung/ausbildung-fachinformatiker-in-fuer-anwendungsentwicklung-m-w-d-bei-iglo-gmbh-in-reken-a0ffd127-46d9-4249-946a-fdbc07e30a23/,https://www.ausbildung.de/direktbewerbung/ausbildung-fachinformatiker-in-fuer-anwendungsentwicklung-m-w-d-bei-iglo-gmbh-in-reken-a0ffd127-46d9-4249-946a-fdbc07e30a23/,externe,,"Bitte sende uns Deine vollständigen Bewerbungsunterlagen (Anschreiben, Lebenslauf, Zeugnisse) als PDF-Dokument an ausbildung-reken@iglo.com",,ausbildung_de,https://www.ausbildung.de/stellen/ausbildung-fachinformatiker-in-fuer-anwendungsentwicklung-m-w-d-bei-iglo-gmbh-in-reken-a0ffd127-46d9-4249-946a-fdbc07e30a23/,False,,80,2026-06-11T11:19:47.790552+00:00
AD-eb29e0f2-821f-49fb-b416-9aa6e9f081a4,ausbildung_de_ae,IGV Ingenieurgesellschaft für Grafische Informationsverarbeitung und Verwaltungsbetreuung mbH,,Eisenach Thür,Karl-Marx-Straße 32 99817 Eisenach Thür Thüringen,"Ausbildung Fachinformatiker/in für Anwendungsentwicklung (m/w/d)

Mittlere Reife",,Mittlere Reife,Ausbildung | Fachinformatiker/in für Anwendungsentwicklung (m/w/d),"Seit über 25 Jahren entwickeln wir komplexe Lösungen mit höchstem Anspruch an Sicherheit, Performance und Leistungsfähigkeit. Unser Unternehmen gehört in der Software-Entwicklung zu den führenden Anbietern von datenbankbasierten Verwaltungsverfahren für Verwaltungen, Kommunen und Verbände.Mit einem starken Team an mehreren Standorten sorgen wir für eine vertrauensvolle und partnerschaftliche Zusammenarbeit mit unseren Kunden und einem umfassenden Service.Zahlreiche Kunden vertrauen auf unsere Fachkenntnis und unser technisches Know-how.Referenzprojekte überzeugen deutschlandweit von dieser Leistungsfähigkeit.",,https://www.igv.de/,https://www.igv.de/,company,,https://www.igv.de/karriere/,https://www.igv.de/karriere/,https://www.igv.de/karriere/,externe,,,,ausbildung_de,https://www.ausbildung.de/stellen/ausbildung-fachinformatiker-in-fuer-anwendungsentwicklung-m-w-d-bei-igv-ingenieurgesellschaft-fuer-grafische-informationsverarbeitung-und-verwaltungsbetreuung-mbh-in-eisenach-thuer-53b9d767-7550-4913-85ea-af0bc2e94e58/,False,,60,2026-06-11T11:19:50.550711+00:00
AD-7cfd1ddf-3d16-4224-bd02-cd925b2c5cf8,ausbildung_de_ae,it-motive AG,,Duisburg,Zum Walkmüller 6 47269 Duisburg Nordrhein-Westfalen,"Ausbildung Fachinformatiker/in für Anwendungsentwicklung (m/w/d)

Mittlere Reife",,Mittlere Reife,Ausbildung | Fachinformatiker/in für Anwendungsentwicklung (m/w/d),"it-motive AG - der Partner für die digitale Transformation Die it-motive AG ist ein mittelständisches Beratungs- und Produkthaus mit über 110 festen Mitarbeiter/innen. An den Standorten in Duisburg, Dortmund, Stuttgart, Bielefeld und Regensburg bieten wir greifbare und erfolgsorientierte Ideen zur Effizienzsteigerung für Unternehmen. Seit mehr als 20 Jahren beraten wir als erfolgreiches, innovatives und stetig wachsendes Unternehmen. Dank unserer hohen Expertise und unseren Erfahrungen steigern wir mit individuellen Lösungen und Produkten langfristig die Wettbewerbsfähigkeit und Effektivität unsere Kunden. Unser Motto ist dabei “Leidenschaft für unsere Projekte, Produkte und unsere Kunden”. Unsere Aufgabenschwerpunkte umfassen die Beratung, Implementierung und Optimierung der SAP ERP Standardsoftware (ECC 6.0 + S/4HANA), sowie die Realisierung individueller Lösungen in den Bereichen Produktkonfiguration und elektronische Kataloge. Unser Team wächst stetig weiter und dabei spielt auch das Thema Ausbildung eine große Rolle. Wir bilden nicht für den Markt aus, sondern für unser it-motive Team, was auch anhand unserer überdurchschnittlich hohen Übernahmequoten der Auszubildenden deutlich wird. Durch ein ausgewogenes Zusammenspiel unserer Teammitglieder sorgen wir dafür, dass eine schnelle und menschliche Integration in unsere Mannschaft möglich wird.",,https://www.it-motive.de/,https://www.it-motive.de/,company,ausbildung@it-motive.de,https://www.ausbildung.de/direktbewerbung/ausbildung-fachinformatiker-in-fuer-anwendungsentwicklung-m-w-d-bei-it-motive-ag-in-duisburg-2edffe07-9163-477a-8151-c8b4c5dad804/,https://www.ausbildung.de/direktbewerbung/ausbildung-fachinformatiker-in-fuer-anwendungsentwicklung-m-w-d-bei-it-motive-ag-in-duisburg-2edffe07-9163-477a-8151-c8b4c5dad804/,https://www.ausbildung.de/direktbewerbung/ausbildung-fachinformatiker-in-fuer-anwendungsentwicklung-m-w-d-bei-it-motive-ag-in-duisburg-2edffe07-9163-477a-8151-c8b4c5dad804/,externe,,"Wir freuen uns auf deine vollständigen Bewerbungsunterlagen (Anschreiben, Lebenslauf, Zeugnisse) in einem PDF-File.",,ausbildung_de,https://www.ausbildung.de/stellen/ausbildung-fachinformatiker-in-fuer-anwendungsentwicklung-m-w-d-bei-it-motive-ag-in-duisburg-2edffe07-9163-477a-8151-c8b4c5dad804/,False,,73,2026-06-11T11:19:53.159477+00:00
AD-26ae2961-0266-4e46-b9be-1a3acd30986d,ausbildung_de_ae,Klinikum Itzehoe - DMS GmbH,,Itzehoe,Robert-Koch-Str. 2 25524 Itzehoe Schleswig-Holstein,"Ausbildung zum Fachinformatiker (w/m/d) für Anwendungsentwicklung

Mittlere Reife",,Mittlere Reife,Ausbildung | zum Fachinformatiker (w/m/d) für Anwendungsentwicklung,"Das Klinikum Itzehoe mit der Schule für Pflegeberufe und der Schule für Physiotherapie ist ein Ausbildungsbetrieb für derzeit 338 Auszubildende. Es ist eines der größten Krankenhäuser in Schleswig-Holstein und beschäftigt insgesamt 3.000 Mitarbeitende. Ebenso ist es das Lehrkrankenhaus der Universitäten Kiel, Lübeck und Hamburg. Wir bieten unseren PatientInnen eine innovative medizinische Versorgung auf hohem Niveau und individueller Pflege nach neusten Standards.",,https://jobs.klinikum-itzehoe.de/,https://jobs.klinikum-itzehoe.de/,company,ausbildung@kh-itzehoe.de,https://www.ausbildung.de/direktbewerbung/ausbildung-fachinformatiker-in-fuer-anwendungsentwicklung-m-w-d-bei-klinikum-und-seniorenzentrum-itzehoe-in-itzehoe-96fbf2f6-3571-4fb2-b0ea-23213447cff0/,https://www.ausbildung.de/direktbewerbung/ausbildung-fachinformatiker-in-fuer-anwendungsentwicklung-m-w-d-bei-klinikum-und-seniorenzentrum-itzehoe-in-itzehoe-96fbf2f6-3571-4fb2-b0ea-23213447cff0/,https://www.ausbildung.de/direktbewerbung/ausbildung-fachinformatiker-in-fuer-anwendungsentwicklung-m-w-d-bei-klinikum-und-seniorenzentrum-itzehoe-in-itzehoe-96fbf2f6-3571-4fb2-b0ea-23213447cff0/,externe,"- Du betreust die elektronische Patientenakte und unterstützt AnwenderInnen bei Fragen und Problemen
- Du übernimmst eigenständig Aufgaben und dokumentierst deine Ergebnisse
Fakten auf einen Blick:
- Ausbildungsdauer: 3 Jahre
- Ausbildungsbeginn: 01. August 2026
- Berufsschule: Tageweise in Elmshorn
- Voraussetzung: Gutes Abitur oder Fachabitur
Unser Engagement:
- Azubi Starter Tage: Interaktiv lernen unsere Azubis alle Themen rund um das Klinikum und die Ausbildung kennen
- Vielseitige Ausbildung: Die moderne und komplexe IT-Ausstattung sowie das junge Team helfen dir in deinem spannenden Ausbildungsalltag
- Projekte: Gemeinsam mit den anderen Azubis bearbeitest du kreative und spannende Projekte
- Prüfungsvorbereitung: Wir unterstützen dich - versprochen! Durch gezielte Workshops und mit der Unterstützung deines Ausbilders bist du für die Prüfungen gewappnet.
- Attraktive Rahmenbedingungen: Tarifliche Ausbildungsvergütung, 30 Tage Urlaub im Jahr und Gleitzeit sowie vergünstigte Mahlzeiten im Klinik-Restaurant
- Benefits: Nutze unsere umfangreichen Vorteile, wie Corporate Benefits, Firmenfitness (EGYM Wellpass) und die Bezuschussung des Deutschlandtickets",,,ausbildung_de,https://www.ausbildung.de/stellen/ausbildung-fachinformatiker-in-fuer-anwendungsentwicklung-m-w-d-bei-klinikum-und-seniorenzentrum-itzehoe-in-itzehoe-96fbf2f6-3571-4fb2-b0ea-23213447cff0/,False,,73,2026-06-11T11:19:56.098460+00:00
AD-a9371a97-acea-4655-9964-987566aac60b,ausbildung_de_ae,Landguth Heimtiernahrung GmbH,,Ihlow,Benzstraße 1 26632 Ihlow Niedersachsen,"Ausbildung Fachinformatiker/in für Anwendungsentwicklung (m/w/d)

Mittlere Reife

- Sicherheit: Wir bieten Dir in einem expandierenden Unternehmen tolle Übernahmemöglichkeiten mit Perspektive.
- Finanzielle Vorteile: Dich erwartet eine attraktive Ausbildungsvergütung (1050 EUR im ersten Ausbildungsjahr, 1150 EUR im zweiten Ausbildungsjahr und 1250 EUR im dritten Ausbildungsjahr), sowie Urlaubs- und Weihnachtsgeld.
- Weiterbildung: Wir legen großen Wert auf Deine individuelle Förderung und Qualifizierung, damit Du dich fachlich und persönlich weiterentwickeln kannst.
- Zusammenhalt: Du arbeitest in einem motivierten und sympathischen Team, das von einer wertschätzenden Führungskultur und flachen Hierarchien geprägt ist.
- Gesundheit: Mit unserer kostenlosen Hansefit-Mitgliedschaft und täglich frischem Obst sorgen wir für Deine körperliche Gesundheit um gut durch den Arbeitstag zu kommen.
- Gemeinschaft: In unserem eigenen Betriebsrestaurant erwarten Dich und deine Kolleg*innen täglich leckere und gesunde Mahlzeiten. Für Dich ganz kostenlos!
- Corporate Benefits: Als Teil unseres Teams erhältst Du Rabatte bei zahlreichen Partnern und Marken.
- Nachhaltigkeit: Wir übernehmen Verantwortung für die Umwelt und produzieren schon jetzt mit 100% Ökostrom. Mach mit und sei Teil unserer Mission für eine nachhaltige Zukunft.
Du passt zu uns, wenn Du...
- mindestens einen guten Realschulabschluss in der Tasche hast
- gute Englischkenntnisse hast und dich für IT interessierst
- Teamplayer*in bist
- technisches Verständnis und Interesse an der Entwicklung von Software mitbringst
- Lust auf eine tolle Ausbildung bei Europas führendem Hersteller für Super-Premium Petfood hast
Bei Landguth wirst Du...
- lernen, Anwendungen und Tools für betriebsinterne Abläufe zu entwickeln
- moderne Programmiersprachen anwenden
- verstehen, wie Datenbanken und Schnittstellen aufgebaut und genutzt werden
- den kompletten Softwareentwicklungsprozess von der Planung bis zum Test begleiten","1. Jahr: 1050 €
2. Jahr: 1150 €
3. Jahr: 1250 €",Mittlere Reife,Ausbildung | Fachinformatiker/in für Anwendungsentwicklung (m/w/d),"Original ostfriesisch – einzigartig hochwertigSeit 2004 schaffen wir für Hunde und Katzen mit gesundem und hochwertigem Nassfutter die Grundlage für ein vitales Leben. Wir sehen uns als Premium-Partner, der verlässlich und kompetent zur Seite steht. Wir überzeugen durch Qualität und Service: Dazu gehören eine persönliche und umfassende Beratung genauso wie unsere Marktkenntnisse und die Produktionskompetenz. Im Rahmen einer Zusammenarbeit können unsere KundInnen viel von uns erwarten. Im Team sorgen wir für eine ganzheitliche Projektsteuerung in jeder Phase der Private Label Entwicklung sowie für absolute Transparenz. Wir bieten neben der Produktion der Private Label Produkte auch ein umfassendes Full-Brand-Leistungspaket an. Ein starkes Team für starke QualitätOstfriesische Werte und die regionale Verbundenheit sind die Basis für unseren Erfolg: Fairness, Ehrlichkeit, Loyalität und ein gutes Miteinander. Mit unseren engagierten und kompetenten MitarbeiterInnen erreichen wir gemeinsam unsere Ziele. Das Landguth-Team leistet täglich einen Beitrag zum Wohl der Tiere, Menschen und der Umwelt. Gemeinsam finden wir den besten Weg, um über 2,8 Millionen Hunde und Katzen pro Tag naturgesund und artgerecht zu ernähren. Unser Anspruch: Nur das Beste ist gut genugDie Gesundheit und Lebensfreude von Hunden und Katzen liegen uns sehr am Herzen. Deshalb ist es unser Anspruch, hochwertiges Hunde- und Katzenfutter anzubieten. Landguth leistet einen wichtigen Beitrag zu einer artgerechten Ernährung von über 2,8 Mio. Haustieren pro Tag. Unser Konzept umfasst unzählige gesunde Zutaten und unterschiedliche Rezepturen – immer in Premium-Qualität. Wir arbeiten mit vielen regionalen Lieferanten und Produkten. Zum einen, weil wir einen Beitrag zum Umweltschutz leisten wollen. Und zum anderen, um unsere gesunde Tiernahrung noch wertvoller zu machen. Beste Zutaten, der Verzicht auf künstliche Zusatzstoffe, veterinärmedizinische Kontrollen, ein verlässlicher Rohstoffnachweis und schonende Verfahren führen zu Nassfutter für Hunde und Katzen in Spitzen-Premium-Qualität.","- Sicherheit: Wir bieten Dir in einem expandierenden Unternehmen tolle Übernahmemöglichkeiten mit Perspektive.
- Finanzielle Vorteile: Dich erwartet eine attraktive Ausbildungsvergütung (1050 EUR im ersten Ausbildungsjahr, 1150 EUR im zweiten Ausbildungsjahr und 1250 EUR im dritten Ausbildungsjahr), sowie Urlaubs- und Weihnachtsgeld.
- Weiterbildung: Wir legen großen Wert auf Deine individuelle Förderung und Qualifizierung, damit Du dich fachlich und persönlich weiterentwickeln kannst.
- Zusammenhalt: Du arbeitest in einem motivierten und sympathischen Team, das von einer wertschätzenden Führungskultur und flachen Hierarchien geprägt ist.
- Gesundheit: Mit unserer kostenlosen Hansefit-Mitgliedschaft und täglich frischem Obst sorgen wir für Deine körperliche Gesundheit um gut durch den Arbeitstag zu kommen.
- Gemeinschaft: In unserem eigenen Betriebsrestaurant erwarten Dich und deine Kolleg*innen täglich leckere und gesunde Mahlzeiten. Für Dich ganz kostenlos!
- Corporate Benefits: Als Teil unseres Teams erhältst Du Rabatte bei zahlreichen Partnern und Marken.
- Nachhaltigkeit: Wir übernehmen Verantwortung für die Umwelt und produzieren schon jetzt mit 100% Ökostrom. Mach mit und sei Teil unserer Mission für eine nachhaltige Zukunft.
Du passt zu uns, wenn Du...
- mindestens einen guten Realschulabschluss in der Tasche hast
- gute Englischkenntnisse hast und dich für IT interessierst
- Teamplayer*in bist
- technisches Verständnis und Interesse an der Entwicklung von Software mitbringst
- Lust auf eine tolle Ausbildung bei Europas führendem Hersteller für Super-Premium Petfood hast
Bei Landguth wirst Du...
- lernen, Anwendungen und Tools für betriebsinterne Abläufe zu entwickeln
- moderne Programmiersprachen anwenden
- verstehen, wie Datenbanken und Schnittstellen aufgebaut und genutzt werden
- den kompletten Softwareentwicklungsprozess von der Planung bis zum Test begleiten",https://www.landguth.de/,https://www.landguth.de/,company,bewerbung@landguth.de,https://www.ausbildung.de/direktbewerbung/ausbildung-fachinformatiker-in-fuer-anwendungsentwicklung-m-w-d-bei-landguth-heimtiernahrung-gmbh-in-ihlow-13f59f4d-c18d-496c-a67f-59d7e8bc53fc/,https://www.ausbildung.de/direktbewerbung/ausbildung-fachinformatiker-in-fuer-anwendungsentwicklung-m-w-d-bei-landguth-heimtiernahrung-gmbh-in-ihlow-13f59f4d-c18d-496c-a67f-59d7e8bc53fc/,https://www.ausbildung.de/direktbewerbung/ausbildung-fachinformatiker-in-fuer-anwendungsentwicklung-m-w-d-bei-landguth-heimtiernahrung-gmbh-in-ihlow-13f59f4d-c18d-496c-a67f-59d7e8bc53fc/,externe,,,,ausbildung_de,https://www.ausbildung.de/stellen/ausbildung-fachinformatiker-in-fuer-anwendungsentwicklung-m-w-d-bei-landguth-heimtiernahrung-gmbh-in-ihlow-13f59f4d-c18d-496c-a67f-59d7e8bc53fc/,False,,80,2026-06-11T11:19:59.480650+00:00
AD-06220954-4f88-4ab5-93b1-3eb0896c8a15,ausbildung_de_ae,MEDIFOX DAN GmbH,,Hildesheim,Junkersstraße 1 31137 Hildesheim Niedersachsen,"Ausbildung Fachinformatiker/in für Anwendungsentwicklung (m/w/d)

Das bringst Du mit
- abgeschlossener, erweiterter Realschulabschluss oder höherwertig
- Programmieren ist deine große Leidenschaft
- Logisches Denken und das Erfassen von Strukturen fallen Dir leicht
- Spaß am eigenverantwortlichen Lernen
Du liebst es mit Freunden über die neuste Hardware und Entwicklungen zu sprechen? Wir auch!
Unser Angebot
- sichere Zukunftsperspektive
- täglicher Austausch mit Entwicklern (m/w/d)
- wöchentliche Ausbildungswerkstatt
- moderne Arbeitsausstattung (inkl. persönlichem Laptop und Headset)
- Bereitstellung der benötigten Schulbücher
- Firmenfitness mit Wellpass und Hansefit
- Deutschlandticket zur betrieblichen und privaten Nutzung
- Möglichkeit der betrieblichen Altersvorsorge
- Sprachkurse
- Nutzung von Corporate Benefits
Deine Ausbildungsumgebung
Der Morgen beginnt gemeinsam mit Deinen Mitauszubildenden und den Fachausbildern. Täglich erlernst Du in einem geschützten Rahmen die Programmiergrundlagen, die Du direkt umsetzen kannst.
Macht Deine Programmschleife nicht das, was Du willst? Hol Dir Hilfestellung in unserer Wissensdatenbank oder von unseren Expertinnen und Experten aus der Entwicklung. Diese sind fester Bestandteil des Ausbildungskonzeptes und jederzeit ansprechbar.
if (wissensdurstAmNachmittagNochNichtGestillt) { starteEigeneProjekte(); } else { // Starte Spielerunde nach Feierabend zum Abschalten return new [] { ""Pen&Paper"", ""Tabletop"", ""Videospiele"" }; }
Freitags hast Du die Möglichkeit, die Woche in unserer Ausbildungswerkstatt ausklingen zu lassen. Dort werden zum Beispiel Themen aus der Schule sowie dem Betrieb im Ausbildungsteam behandelt. Fachliche Diskussionen sorgen dabei für ""Aha-Erlebnisse"".
Nach Deiner erfolgreichen Abschlussprüfung erwartet Dich ein attraktives Übernahmeangebot!
Wer ist MEDIFOX DAN und was genau machen wir?
Die MEDIFOX DAN Gruppe mit Hauptsitz in Hildesheim ist Teil der ResMed Corp. und beschäftigt derzeit über 700 Mitarbeitende an neun Standorten bundesweit. Wir sind ein Unternehmen mit starken Werten wie Teamgeist, Kundenorientierung und Leidenschaft, das täglich an zukunftsweisenden Softwarelösungen sowie Services für die Digitalisierung im Gesundheits- und Sozialwesen arbeitet und Innovationen vorantreibt.
Was als kleines Start-up begann, hat sich zu einem fest etablierten Softwareunternehmen entwickelt, welches einer der führenden Anbieter von Softwarelösungen sowie Dienstleistungen für die professionelle und nicht-professionelle Pflege, therapeutische Praxen sowie Einrichtungen der Kinder-, Familien- und Jugendhilfe ist. Gemeinsam vereinen wir uns tagtäglich hinter der Mission, unsere Kundinnen und Kunden mit innovativen Softwarelösungen und Services bestmöglich dabei zu unterstützen, die Herausforderungen ihres Pflege- bzw. Arbeitsalltags noch besser zu bewältigen.
Wir sind mehr als nur Software – wir sind ein Team, das zusammenarbeitet und einander unterstützt, um gemeinsam erfolgreich zu sein. Daher suchen wir nach Menschen wie Dir, die eine Leidenschaft für innovative Technologien und eine Karriere in einem Unternehmen mit einer starken Unternehmenskultur suchen. Mit über 55 Jahren Branchenerfahrung und geballtem Know-how arbeiten wir jeden Tag daran, die Pflegebranche zu revolutionieren.
Wenn Du bereit bist, Deine Leidenschaft in die Tat umzusetzen, dann bewirb Dich jetzt bei MEDIFOX DAN!
Zur Verstärkung unseres Teams von 30 Auszubildenden suchen wir Dich :)
Deine Ausbilder","1. Jahr: 1000 €
2. Jahr: 1100 €
3. Jahr: 1200 €","Das bringst Du mit
- abgeschlossener, erweiterter Realschulabschluss oder höherwertig
- Programmieren ist deine große Leidenschaft
- Logisches Denken und das Erfassen von Strukturen fallen Dir leicht
- Spaß am eigenverantwortlichen Lernen
Du liebst es mit Freunden über die neuste Hardware und Entwicklungen zu sprechen? Wir auch!
Unser Angebot
- sichere Zukunftsperspektive
- täglicher Austausch mit Entwicklern (m/w/d)
- wöchentliche Ausbildungswerkstatt
- moderne Arbeitsausstattung (inkl. persönlichem Laptop und Headset)
- Bereitstellung der benötigten Schulbücher
- Firmenfitness mit Wellpass und Hansefit
- Deutschlandticket zur betrieblichen und privaten Nutzung
- Möglichkeit der betrieblichen Altersvorsorge
- Sprachkurse
- Nutzung von Corporate Benefits
Deine Ausbildungsumgebung
Der Morgen beginnt gemeinsam mit Deinen Mitauszubildenden und den Fachausbildern. Täglich erlernst Du in einem geschützten Rahmen die Programmiergrundlagen, die Du direkt umsetzen kannst.
Macht Deine Programmschleife nicht das, was Du willst? Hol Dir Hilfestellung in unserer Wissensdatenbank oder von unseren Expertinnen und Experten aus der Entwicklung. Diese sind fester Bestandteil des Ausbildungskonzeptes und jederzeit ansprechbar.
if (wissensdurstAmNachmittagNochNichtGestillt) { starteEigeneProjekte(); } else { // Starte Spielerunde nach Feierabend zum Abschalten return new [] { ""Pen&Paper"", ""Tabletop"", ""Videospiele"" }; }
Freitags hast Du die Möglichkeit, die Woche in unserer Ausbildungswerkstatt ausklingen zu lassen. Dort werden zum Beispiel Themen aus der Schule sowie dem Betrieb im Ausbildungsteam behandelt. Fachliche Diskussionen sorgen dabei für ""Aha-Erlebnisse"".
Nach Deiner erfolgreichen Abschlussprüfung erwartet Dich ein attraktives Übernahmeangebot!
Wer ist MEDIFOX DAN und was genau machen wir?
Die MEDIFOX DAN Gruppe mit Hauptsitz in Hildesheim ist Teil der ResMed Corp. und beschäftigt derzeit über 700 Mitarbeitende an neun Standorten bundesweit. Wir sind ein Unternehmen mit starken Werten wie Teamgeist, Kundenorientierung und Leidenschaft, das täglich an zukunftsweisenden Softwarelösungen sowie Services für die Digitalisierung im Gesundheits- und Sozialwesen arbeitet und Innovationen vorantreibt.
Was als kleines Start-up begann, hat sich zu einem fest etablierten Softwareunternehmen entwickelt, welches einer der führenden Anbieter von Softwarelösungen sowie Dienstleistungen für die professionelle und nicht-professionelle Pflege, therapeutische Praxen sowie Einrichtungen der Kinder-, Familien- und Jugendhilfe ist. Gemeinsam vereinen wir uns tagtäglich hinter der Mission, unsere Kundinnen und Kunden mit innovativen Softwarelösungen und Services bestmöglich dabei zu unterstützen, die Herausforderungen ihres Pflege- bzw. Arbeitsalltags noch besser zu bewältigen.
Wir sind mehr als nur Software – wir sind ein Team, das zusammenarbeitet und einander unterstützt, um gemeinsam erfolgreich zu sein. Daher suchen wir nach Menschen wie Dir, die eine Leidenschaft für innovative Technologien und eine Karriere in einem Unternehmen mit einer starken Unternehmenskultur suchen. Mit über 55 Jahren Branchenerfahrung und geballtem Know-how arbeiten wir jeden Tag daran, die Pflegebranche zu revolutionieren.
Wenn Du bereit bist, Deine Leidenschaft in die Tat umzusetzen, dann bewirb Dich jetzt bei MEDIFOX DAN!
Zur Verstärkung unseres Teams von 30 Auszubildenden suchen wir Dich :)
Deine Ausbilder",Ausbildung | Fachinformatiker/in für Anwendungsentwicklung (m/w/d),"Wer ist MEDIFOX DAN und was genau machen wir?Die MEDIFOX DAN Gruppe mit Hauptsitz in Hildesheim ist Teil der ResMed Corp. und beschäftigt derzeit über 700 Mitarbeitende an neun Standorten bundesweit. Wir sind ein Unternehmen mit starken Werten wie Teamgeist, Kundenorientierung und Leidenschaft, das täglich an zukunftsweisenden Softwarelösungen sowie Services für die Digitalisierung im Gesundheits- und Sozialwesen arbeitet und Innovationen vorantreibt.Was als kleines Start-up begann, hat sich zu einem fest etablierten Softwareunternehmen entwickelt, welches einer der führenden Anbieter von Softwarelösungen sowie Dienstleistungen für die professionelle und nicht-professionelle Pflege, therapeutische Praxen sowie Einrichtungen der Kinder-, Familien- und Jugendhilfe ist. Gemeinsam vereinen wir uns tagtäglich hinter der Mission, unsere Kundinnen und Kunden mit innovativen Softwarelösungen und Services bestmöglich dabei zu unterstützen, die Herausforderungen ihres Pflege- bzw. Arbeitsalltags noch besser zu bewältigen.Wir sind mehr als nur Software – wir sind ein Team, das zusammenarbeitet und einander unterstützt, um gemeinsam erfolgreich zu sein. Daher suchen wir nach Menschen wie Dir, die eine Leidenschaft für innovative Technologien und eine Karriere in einem Unternehmen mit einer starken Unternehmenskultur suchen. Mit über 55 Jahren Branchenerfahrung und geballtem Know-how arbeiten wir jeden Tag daran, die Pflegebranche zu revolutionieren.Wenn Du bereit bist, Deine Leidenschaft in die Tat umzusetzen, dann bewirb Dich jetzt bei MEDIFOX DAN!",,https://www.medifoxdan.de/,https://www.medifoxdan.de/,company,s.steinhage@medifox.de,https://karriere.medifoxdan.de/jobs/auszubildender-fachinformatiker-fuer-anwendungsentwicklung-m-w-d/,https://karriere.medifoxdan.de/jobs/auszubildender-fachinformatiker-fuer-anwendungsentwicklung-m-w-d/,https://karriere.medifoxdan.de/jobs/auszubildender-fachinformatiker-fuer-anwendungsentwicklung-m-w-d/,externe,,"Für alle weiteren Fragen, die Du bezüglich Deiner Bewerbung oder der ausgeschriebenen Stelle hast, steht Dir Sebastian und Julian gern zur Verfügung. Wir freuen uns auf Deine Unterlagen, inkl. Lebenslauf und Zeugnissen!
Sebastian Steinhage & Julian Stelzer
Ausbilder MEDIFOX DAN
0 51 21 28 29 191
karriere@medifoxdan.de",,ausbildung_de,https://www.ausbildung.de/stellen/ausbildung-fachinformatiker-in-fuer-anwendungsentwicklung-m-w-d-bei-medifox-dan-gmbh-in-hildesheim-eb52e774-f040-461d-8e60-67f898a76e98/,False,,80,2026-06-11T11:20:01.986460+00:00
AD-9c9951a5-36de-4e65-8975-0f5931e2605a,ausbildung_de_ae,Mensch und Maschine acadGraph GmbH,,Borken,Dülmener Weg 221 46325 Borken Nordrhein-Westfalen,"Ausbildung Fachinformatiker/in für Anwendungsentwicklung (m/w/d)

Deine Aufgaben:
- Aktive Mitarbeit an spannenden Softwareprojekten von der Konzeption bis zur Umsetzung
- Programmierung und Weiterentwicklung von Anwendungen in verschiedenen Sprachen
- Enge Zusammenarbeit mit erfahrenen Kollegen, das gibt dir Sicherheit und bringt deine frischen Ideen ins Team

Dein Profil:
- Begeisterung für Softwareentwicklung und IT-Themen
- Kreativität und Spaß am Lösen von Problemen
- Teamgeist und Freude an der Zusammenarbeit in einem dynamischen Umfeld
- Eigeninitiative und die Bereitschaft, neue Herausforderungen anzunehmen
- Optimalerweise hast du bereits Erfahrung im Programmieren sammeln können

Über uns: Mensch und Maschine (MuM) ist einer der führenden Anbieter von CAD-, CAM-, BIM und PDM-Lösungen. Rund 1.000 Menschen arbeiten für MuM weltweit im Wachstumsmarkt CAD. Wir sind ein innovatives Unternehmen, das sich auf die Entwicklung maßgeschneiderter Softwarelösungen spezialisiert hat. Unser dynamisches Team besteht aus kreativen Köpfen, die mit Leidenschaft und Neugier an Projekten arbeiten, um digitale Welten zu gestalten. Wir bieten dir die Möglichkeit, in einem inspirierenden Umfeld zu lernen, zu wachsen und deine Fähigkeiten als Entwickler zu entfalten.
Wir bieten:
- Eine praxisnahe Ausbildung in einem zukunftsorientierten Unternehmen
- Ein motiviertes und erfahrenes Team, das sich auf deine Unterstützung freut
- Individuelle Förderung und Weiterentwicklungsmöglichkeiten
- Ein angenehmes Arbeitsklima in modernen Büroräumen mit Café-Lounge, Kickertisch und Dartscheibe
- Moderne Hardware - auch zum privaten Gebrauch
- Mitarbeiterevents, u.a. auch unsere jährliche MuM DevCon mit vielen namhaften Partnern
- Du hast kreative Ideen und möchtest diese einbringen? Bei uns ist das direkt von Anfang an möglich - wir unterstützen ein kreatives und innovatives Arbeitsumfeld, bei dem jeder auf seine Weise beitragen kann.",,"Dein Profil:
- Begeisterung für Softwareentwicklung und IT-Themen
- Kreativität und Spaß am Lösen von Problemen
- Teamgeist und Freude an der Zusammenarbeit in einem dynamischen Umfeld
- Eigeninitiative und die Bereitschaft, neue Herausforderungen anzunehmen
- Optimalerweise hast du bereits Erfahrung im Programmieren sammeln können",Ausbildung | Fachinformatiker/in für Anwendungsentwicklung (m/w/d),Mensch und Maschine in Deutschland Mensch und Maschine ist in Deutschland an über 30 Standorten vertreten. Das bedeutet für Sie: höchste Kompetenz ganz in Ihrer Nähe. Mensch und Maschine ist einer der führenden Anbieter von Computer Aided Design/Manufacturing (CAD/CAM) und das größte Autodesk-Systemhaus in Europa. Alle Konzerntöchter und Niederlassungen sind gut vernetzt. Damit haben Sie Zugriff auf einen umfassenden Know-how-Pool und erhalten schnell und zuverlässig Antworten auf Ihre CAD-Fragen.Rund 1.000 Menschen arbeiten für MuM weltweit im Wachstumsmarkt CAD.,"Über uns: Mensch und Maschine (MuM) ist einer der führenden Anbieter von CAD-, CAM-, BIM und PDM-Lösungen. Rund 1.000 Menschen arbeiten für MuM weltweit im Wachstumsmarkt CAD. Wir sind ein innovatives Unternehmen, das sich auf die Entwicklung maßgeschneiderter Softwarelösungen spezialisiert hat. Unser dynamisches Team besteht aus kreativen Köpfen, die mit Leidenschaft und Neugier an Projekten arbeiten, um digitale Welten zu gestalten. Wir bieten dir die Möglichkeit, in einem inspirierenden Umfeld zu lernen, zu wachsen und deine Fähigkeiten als Entwickler zu entfalten.
Wir bieten:
- Eine praxisnahe Ausbildung in einem zukunftsorientierten Unternehmen
- Ein motiviertes und erfahrenes Team, das sich auf deine Unterstützung freut
- Individuelle Förderung und Weiterentwicklungsmöglichkeiten
- Ein angenehmes Arbeitsklima in modernen Büroräumen mit Café-Lounge, Kickertisch und Dartscheibe
- Moderne Hardware - auch zum privaten Gebrauch
- Mitarbeiterevents, u.a. auch unsere jährliche MuM DevCon mit vielen namhaften Partnern
- Du hast kreative Ideen und möchtest diese einbringen? Bei uns ist das direkt von Anfang an möglich - wir unterstützen ein kreatives und innovatives Arbeitsumfeld, bei dem jeder auf seine Weise beitragen kann.",https://www.mum.de/,https://www.mum.de/,company,ausbildung-acadgraph@mum.de,https://www.ausbildung.de/direktbewerbung/ausbildung-fachinformatiker-in-fuer-anwendungsentwicklung-m-w-d-bei-mensch-und-maschine-acadgraph-gmbh-in-borken-02f0dc1b-499e-4565-8657-43791e730cc4/,https://www.ausbildung.de/direktbewerbung/ausbildung-fachinformatiker-in-fuer-anwendungsentwicklung-m-w-d-bei-mensch-und-maschine-acadgraph-gmbh-in-borken-02f0dc1b-499e-4565-8657-43791e730cc4/,https://www.ausbildung.de/direktbewerbung/ausbildung-fachinformatiker-in-fuer-anwendungsentwicklung-m-w-d-bei-mensch-und-maschine-acadgraph-gmbh-in-borken-02f0dc1b-499e-4565-8657-43791e730cc4/,externe,,"Bewirb dich jetzt: Sende uns deine aussagekräftigen Bewerbungsunterlagen inklusive Lebenslauf, Anschreiben und relevanten Zeugnissen an ausbildung-acadgraph@mum.de. Wir freuen uns darauf, dich kennenzulernen und gemeinsam die Zukunft der Softwareentwicklung bei der MuM zu gestalten!
Hinweis: Wir begrüßen Bewerbungen von Menschen jeden Geschlechts, Alters, ethnischer Herkunft und mit unterschiedlichen Hintergründen. Bei uns zählt der Mensch und sein Potenzial.
Qualifikationen
· Fachhochschulreife / Hochschulreife
· technische Weiterbildung, z.B. ITA (wünschenswert)
· idealerweise erste Gehversuche / Erfahrungen in der Software-Programmierung
So bewirbst du dich
per Mail an: ausbildung-acadgraph@mum.de
oder per Post an:
Mensch und Maschine acadGraph GmbH
Christel Rotering
Dülmener Weg 221
46325 Borken",,ausbildung_de,https://www.ausbildung.de/stellen/ausbildung-fachinformatiker-in-fuer-anwendungsentwicklung-m-w-d-bei-mensch-und-maschine-acadgraph-gmbh-in-borken-02f0dc1b-499e-4565-8657-43791e730cc4/,False,,80,2026-06-11T11:20:04.222155+00:00
AD-3db101af-f7f1-447d-96a9-d06cfb9a65dc,ausbildung_de_ae,monari GmbH,,Gronau (Westf.),Jöbkesweg 19-23 48599 Gronau (Westf.) Nordrhein-Westfalen,"Ausbildung Fachinformatiker/in für Anwendungsentwicklung (m/w/d) - 2027

DAS BRINGST DU MIT:
- Fachhochschulreife oder Abitur
- Großes Interesse an IT-Prozessen und betriebswirtschaftlichen Abläufen
- Bestenfalls erste Programmierkenntnisse
- Eine strukturierte Denkweise, Teamfähigkeit und Zuverlässigkeit
BERUFSSCHULE: 1-2 Mal pro Woche
MEHR INFOS UNTER: www.monari.com/de-de/karriere/young-talents/
WIR FREUEN UNS AUF DEINE BEWERBUNG!

DARAUF KANNST DU DICH FREUEN:
- Spannende, abwechslungsreiche Ausbildung in einem modernen Unternehmen mit kurzen Kommunikationswegen
- Motiviertes Team in einer lockeren Arbeitsatmosphäre
- Neues, stylisches Headoffice mit attraktivem Bistro und Outdoor-Bereich
- Regelmäßiger Austausch und Feedbackgespräche
BENEFITS:
- flexible Arbeitszeiten
- modernes Arbeitsumfeld
- Bistro mit Kaffeebar
- wöchentliches Mitarbeiterfrühstück
- Mitarbeiterevents
- betriebliche Krankenzusatzversicherung
- Mitarbeiterrabatte
- Patenmodell
- Mitarbeiter App
- individuelle Einarbeitung","1. Jahr: 1231 €
2. Jahr: 1311 €
3. Jahr: 1384 €","DAS BRINGST DU MIT:
- Fachhochschulreife oder Abitur
- Großes Interesse an IT-Prozessen und betriebswirtschaftlichen Abläufen
- Bestenfalls erste Programmierkenntnisse
- Eine strukturierte Denkweise, Teamfähigkeit und Zuverlässigkeit
BERUFSSCHULE: 1-2 Mal pro Woche
MEHR INFOS UNTER: www.monari.com/de-de/karriere/young-talents/
WIR FREUEN UNS AUF DEINE BEWERBUNG!",Ausbildung | Fachinformatiker/in für Anwendungsentwicklung (m/w/d) - 2027,"monari ist ein zukunftsorientiertes und international agierendes Fashion-Label mit 16 Stores, 600 Partnerflächen, weiteren 2500 Fachhandelspartnern in 43 Ländern sowie einem wachsenden Onlineshop. Unsere rund 300 Mitarbeiter:innen sind einer der wesentlichen Erfolgsfaktoren. Mit flachen Hierarchien, kurzen Entscheidungswegen sowie vielen Freiräumen und einem stark ausgeprägten Teamgeist entwickeln wir uns stetig weiter und sind damit sehr erfolgreich. Deine Entwicklung liegt uns am Herzen. Denn nur gemeinsam können wir wachsen und die Zukunft von monari aktiv mitgestalten. Dich erwarten Respekt und die Unterstützung deines Teams sowie spannende Einblicke in vielfältige Arbeitsbereiche und abwechslungsreiche Aufgaben. Unseren Auszubildenden, dualen Studenten und Praktikanten vermitteln wir Wissen und Können für zukünftige Fach- und Führungsaufgaben. Unsere hohe Übernahmequote spricht für sich.","DARAUF KANNST DU DICH FREUEN:
- Spannende, abwechslungsreiche Ausbildung in einem modernen Unternehmen mit kurzen Kommunikationswegen
- Motiviertes Team in einer lockeren Arbeitsatmosphäre
- Neues, stylisches Headoffice mit attraktivem Bistro und Outdoor-Bereich
- Regelmäßiger Austausch und Feedbackgespräche
BENEFITS:
- flexible Arbeitszeiten
- modernes Arbeitsumfeld
- Bistro mit Kaffeebar
- wöchentliches Mitarbeiterfrühstück
- Mitarbeiterevents
- betriebliche Krankenzusatzversicherung
- Mitarbeiterrabatte
- Patenmodell
- Mitarbeiter App
- individuelle Einarbeitung",https://monari.com/de-de/karriere/young-talents/,https://monari.com/de-de/karriere/young-talents/,company,,https://karriere.monari.com/de/jobs/11/form?_gl=1*uhsyn3*_gcl_au*Njg3MDUzNDEuMTc1Mzc3MTk3Mi4yMTQ2MDQ4MjE3LjE3NTgwMDU5NTQuMTc1ODAwNjE2MQ..,https://karriere.monari.com/de/jobs/11/form?_gl=1*uhsyn3*_gcl_au*Njg3MDUzNDEuMTc1Mzc3MTk3Mi4yMTQ2MDQ4MjE3LjE3NTgwMDU5NTQuMTc1ODAwNjE2MQ..,https://karriere.monari.com/de/jobs/11/form?_gl=1*uhsyn3*_gcl_au*Njg3MDUzNDEuMTc1Mzc3MTk3Mi4yMTQ2MDQ4MjE3LjE3NTgwMDU5NTQuMTc1ODAwNjE2MQ..,externe,,,,ausbildung_de,https://www.ausbildung.de/stellen/ausbildung-fachinformatiker-in-fuer-anwendungsentwicklung-m-w-d-bei-monari-gmbh-in-gronau-westf-2e710cc1-a2d0-4bd7-9c7f-9f0d52da60f1/,False,,73,2026-06-11T11:20:17.329836+00:00
AD-5426b1cb-8a27-43a1-8d83-2195b51da67f,ausbildung_de_ae,novanetz GmbH,,Hannover,Fiedelerstr. 24 30519 Hannover Niedersachsen,"Ausbildung Fachinformatiker/in für Anwendungsentwicklung (m/w/d)

Das erwartet Dich bei uns:
Mit novanetz bieten wir als regionaler Glasfaseranbieter Kunden in unseren Ausbaugebieten Internet- und Telefoniedienste an.
Du bist Teil des Teams in einem stark wachsendem Umfeld rund um den Ausbau und Betrieb von zukunftsweisender Infrastruktur.
Deine Aufgaben:
- Analyse von Anforderungen in enger Zusammenarbeit mit den Anwendern/Fachteams
- Entwicklung, Programmierung und Wartung von Software Tools, Datenbankanwendungen
- Optimierung von Prozessen (Anwendung und Programmierung) unter Einsatz von KI-Systemen, Umgang mit KI
- Wartung der IT-Systeme
Deine Berufsschule: MM BBS im Blockunterricht

Dein Profil:
- Begeisterung im Umgang mit Internet, Rechnersystemen, Servern, Routern etc.
- erste Kenntnisse in Office Programmen, Datenbanken und / oder Programmierung (vielleicht hast Du in der Freizeit oder Schule bereits Softwareprogramme geschrieben?)
- mindestens mittlere Reife
- Spass an neuen Themenfeldern
- logisches und analytisches Denken
- Eigeninitiative, Sorgfalt, und Resilienz
- Teamfähigkeit und gute Kommunikation

Das bieten wir Dir:
- Umfassender Einblick in das stark wachsende und gesellschaftlich stärkende positive Umfeld des Glasfaserausbaus
- abwechslungsreiche Aufgabe und die Chance, aktiv Arbeitsprozesse zu optimieren und mitzugestalten
- flexible Arbeitszeiten
- 30 Tage Urlaub
- betriebliche Altersvorsorge
- betriebliche Krankenversicherung
- sehr gute Erreichbarkeit ÖPNV, Jobticket Option","1. Jahr: 1100 €
2. Jahr: 1200 €
3. Jahr: 1300 €","Dein Profil:
- Begeisterung im Umgang mit Internet, Rechnersystemen, Servern, Routern etc.
- erste Kenntnisse in Office Programmen, Datenbanken und / oder Programmierung (vielleicht hast Du in der Freizeit oder Schule bereits Softwareprogramme geschrieben?)
- mindestens mittlere Reife
- Spass an neuen Themenfeldern
- logisches und analytisches Denken
- Eigeninitiative, Sorgfalt, und Resilienz
- Teamfähigkeit und gute Kommunikation",Ausbildung | Fachinformatiker/in für Anwendungsentwicklung (m/w/d),"novanetz ist ein stark wachsender regionaler Glasfaser Internetbetreiber mit Sitz in Hannover. Wir sind als Telekommunikationsunternehmen in verschiedenen Regionen in Niedersachsen, NRW und Rheinland-Pfalz Anbieter von Internet- und Telefoniediensten, die schwerpunktmäßig über Glasfaser geschaltet werden.","Das bieten wir Dir:
- Umfassender Einblick in das stark wachsende und gesellschaftlich stärkende positive Umfeld des Glasfaserausbaus
- abwechslungsreiche Aufgabe und die Chance, aktiv Arbeitsprozesse zu optimieren und mitzugestalten
- flexible Arbeitszeiten
- 30 Tage Urlaub
- betriebliche Altersvorsorge
- betriebliche Krankenversicherung
- sehr gute Erreichbarkeit ÖPNV, Jobticket Option",https://www.novanetz.de,https://www.novanetz.de,company,bewerbung@novanetz.de,https://www.ausbildung.de/direktbewerbung/ausbildung-fachinformatiker-in-fuer-anwendungsentwicklung-m-w-d-bei-novanetz-gmbh-in-hannover-9171a10d-5851-4171-b7b5-14431a6e25b8/,https://www.ausbildung.de/direktbewerbung/ausbildung-fachinformatiker-in-fuer-anwendungsentwicklung-m-w-d-bei-novanetz-gmbh-in-hannover-9171a10d-5851-4171-b7b5-14431a6e25b8/,https://www.ausbildung.de/direktbewerbung/ausbildung-fachinformatiker-in-fuer-anwendungsentwicklung-m-w-d-bei-novanetz-gmbh-in-hannover-9171a10d-5851-4171-b7b5-14431a6e25b8/,externe,,,,ausbildung_de,https://www.ausbildung.de/stellen/ausbildung-fachinformatiker-in-fuer-anwendungsentwicklung-m-w-d-bei-novanetz-gmbh-in-hannover-9171a10d-5851-4171-b7b5-14431a6e25b8/,False,,80,2026-06-11T11:20:19.745532+00:00
AD-784429d2-6f60-421a-aa71-ee90149121ed,ausbildung_de_ae,Objectway GmbH,,Ebersberg,Im Klosterbauhof 3 85560 Ebersberg Bayern,"Ausbildung Fachinformatiker/in für Anwendungsentwicklung (m/w/d)

Deine Aufgaben:
- Mitwirkung und Mitgestaltung von der Idee bis zum Einsatz einer Softwarelösung über alle Projektphasen (Analyse, Realisierung, Test)
- Aufbau von Wissen durch den Einsatz in verschiedenen Fachabteilungen
- Selbstständige Fehleranalyse und -behebung durch geeignete Tools

Mittlere Reife",,Mittlere Reife,Ausbildung | Fachinformatiker/in für Anwendungsentwicklung (m/w/d),"Objectway ist ein internationales Unternehmen, das seit mehr als fünf Jahren in Folge unter den Top 100 der globalen Fintech-Unternehmen in Europa rangiert. Ähnlich wie Google, Amazon und Apple wurden wir in den 1990er Jahren in einer Garage gegründet, angetrieben von der unternehmerischen Vision unseres Gründers, und wir wuchsen schnell zu einem führenden Unternehmen auf dem europäischen Markt heran. Wir sind ein Team von über 800 Fachleuten, die von unseren Büros in Italien, Großbritannien, Irland, Deutschland, der Schweiz, Belgien, Kanada und den Vereinigten Arabischen Emiraten aus mehr als 200 Kunden auf 4 Kontinenten betreuen. Unser Hauptsitz befindet sich in Mailand, dem Herzen des italienischen Finanzwesens und der technologischen Innovation. FinTech verbindet diese beiden Welten und schafft eine Marktlücke, die es einer Bank ermöglicht, die Dienstleistungen anzubieten, die Sie täglich nutzen. Zu den FinTech-Dienstleistungen gehören unter anderem Beratung, Mobile Banking, Zahlungsdienste, automatisiertes Portfoliomanagement, Investment-Apps und vieles mehr. Wir sind ein dynamisches Unternehmen, das in der Lage ist, schnell auf Veränderungen zu reagieren und die positivsten Trends im Finanzdienstleistungssektor, in dem wir tätig sind, aktiv zu verfolgen, wie in unserem Slogan ""Build for the future, Perform today"" zum Ausdruck kommt. Wir bemühen uns um eine Annäherung an die jüngeren Generationen, indem wir schrittweise, spezifische und flexible Einarbeitungsprogramme anbieten, die Wachstumspfade gewährleisten, die sich auf die Verbesserung Ihres beruflichen Profils und die Entwicklung Ihrer Fähigkeiten konzentrieren. Ihre Zukunft ist unsere Zukunft.",,https://www.objectway.com/,https://www.objectway.com/,company,,https://jobs.eu.lever.co/objectway/fbeddfaf-bfb5-4638-83c7-2753d3f492a9,https://jobs.eu.lever.co/objectway/fbeddfaf-bfb5-4638-83c7-2753d3f492a9,https://jobs.eu.lever.co/objectway/fbeddfaf-bfb5-4638-83c7-2753d3f492a9,externe,"- Ansprechpartner bei Problemen mit der Anwendung
- Erstellung/Erweiterung technischer Dokumentationen
Deine Kenntnisse:
- Mittlerer Bildungsabschluss oder Abitur/Fachabitur, gerne auch Studienabbrecher
- Großes Interesse an IT und Softwareentwicklung
- Erste Kenntnisse im Bereich Programmierung sind wünschenswert
- Logische und strukturierte Denkweise
- Lernbereitschaft und eine gute Auffassungsgabe
- Verantwortungsbewusstsein, Zuverlässigkeit und eine offene Art
Unser Angebot:
- Professionelle Ausbildung mit einer umfangreichen Betreuung durch unsere Ausbilder
- Angenehme und moderne Arbeitsumgebung mit direktem S-Bahnanschluss und eigenen Parkplätzen
- Attraktive Ausbildungsvergütung mit 13. Monatsgehältern
- 30 Urlaubstage
- Interne und externe Schulungsmaßnahmen
- Zuschuss zu EGYM Wellpass, Corporate Benefits, VWL, Firmenevents und freie Getränke, etc.
- Vielfältige Entwicklungsperspektiven in einem internationalen Unternehmen
Haben wir Dein Interesse geweckt?
Wir freuen uns auf Deine aussagekräftige Bewerbung über unser Karriere-Portal unter https://jobs.eu.lever.co/objectway/fbeddfaf-bfb5-4638-83c7-2753d3f492a9 .",,,ausbildung_de,https://www.ausbildung.de/stellen/ausbildung-fachinformatiker-in-fuer-anwendungsentwicklung-m-w-d-bei-objectway-gmbh-in-ebersberg-af58628d-7fa4-48b9-aa54-64e364ea57a0/,False,,67,2026-06-11T11:20:22.256901+00:00
AD-2166eb34-871a-49b1-808a-d00e4291deb8,ausbildung_de_ae,October Labs GmbH,,Mannheim,"C 7, 18 68159 Mannheim Baden-Württemberg","Ausbildung Fachinformatiker/in für Anwendungsentwicklung (m/w/d)

Mittlere Reife",,Mittlere Reife,Ausbildung | Fachinformatiker/in für Anwendungsentwicklung (m/w/d),"In unserem kleinen Team können wir Welten verbinden! 🌐 Von der Warenwirtschaft zum Webdesign oder von der Hardware über App und API in die Cloud. Du bist ein Interessiert und offen für eine vielseitige Ausbildung in einem familiären Team, dann bist du bei uns genau richtig! Greif zum Handy oder Laptop und bewerbe dich bei uns.Wir freuen uns von Dir zu hören! 😊 Mehr Infos Über uns: Die October Labs GmbH ist eine Internetagentur mit Schwerpunkt auf agile Softwareentwicklung und Beratung für kleine und mittelständige Unternehmen. Wir planen, entwickeln und betreiben für unsere Kunden Websites, Shops, APIs und Apps. Unsere Stärken sind individuelle und plattformübergreifende Lösungen mit nachhaltigem Nutzen in höchster Qualität. Sowohl namhafte Firmen als auch Traditionsunternehmen aus der Region zählen zu unseren Kunden. In kleinen Teams arbeiten wir mit den neusten Technologien und unterstützen aktiv die Open Source Community.",,https://www.october-labs.de/,https://www.october-labs.de/,company,ich-will-zu@octlabs.com,https://www.ausbildung.de/direktbewerbung/ausbildung-fachinformatiker-in-fuer-anwendungsentwicklung-m-w-d-bei-october-labs-gmbh-in-mannheim-60fec229-de77-4aff-b54c-40004a4852d7/,https://www.ausbildung.de/direktbewerbung/ausbildung-fachinformatiker-in-fuer-anwendungsentwicklung-m-w-d-bei-october-labs-gmbh-in-mannheim-60fec229-de77-4aff-b54c-40004a4852d7/,https://www.ausbildung.de/direktbewerbung/ausbildung-fachinformatiker-in-fuer-anwendungsentwicklung-m-w-d-bei-october-labs-gmbh-in-mannheim-60fec229-de77-4aff-b54c-40004a4852d7/,externe,,"Wir erwarten keinen perfekten Lebenslauf!
Wir suchen jemanden, der:
- Deutsch als Muttersprache spricht
- du kommst aus Manneim oder der Umgebung
- ein kleiner Mathe Nerd ist
- offen, kommunikativ und teamfähig ist
- Dinge kritisch hinterfragt
- motiviert ist und sich reinbeißt
- lieber gemeinsam Lösungen findet als allein Recht zu haben
- Vorkenntnisse in Webentwicklung mitbringt
(HTML/CSS Pflicht, JS/PHP ein Plus)
Abi, Fachabi oder Quereinstieg als Studienabbrecher im Bereich Informatik – alles möglich
Was wir dir bieten
- Ausbildung in einem kleinen, eingespielten Team
- flache Hierarchien und direkte Kommunikation
- echte Einbindung statt „Azubi-Status“
- abwechslungsreiche Team-Aktivitäten
- gemeinsames Mittagessen
- leistungsorientierte Bonuszahlungen
Bewerbung ohne Bullshit
Schick uns:
- deinen Lebenslauf
- und zeig uns deine bisherigen Projekte im Bereich der Webentwicklung
Zum Beispiel:
- eigene Websites
- Schul- oder Studienprojekte
- GitHub-Repos
- kleine Experimente
Perfektion ist egal.
Motivation, Projekte und Team-Fit zählen.
Bewirb dich jetzt und finde heraus, ob wir zusammenpassen.",,ausbildung_de,https://www.ausbildung.de/stellen/ausbildung-fachinformatiker-in-fuer-anwendungsentwicklung-m-w-d-bei-october-labs-gmbh-in-mannheim-60fec229-de77-4aff-b54c-40004a4852d7/,False,,73,2026-06-11T11:20:24.516755+00:00
AD-889cf313-f82b-4385-b3e3-144985d86d43,ausbildung_de_ae,opta data Gruppe,,Essen,45141 Essen Nordrhein-Westfalen,"Ausbildung Fachinformatiker/in für Anwendungsentwicklung (m/w/d)

Mittlere Reife",50€,Mittlere Reife,Ausbildung | Fachinformatiker/in für Anwendungsentwicklung (m/w/d),"Du willst dort einsteigen, wo die Zukunft Wirklich passiert? Dann bist du bei uns genau richtig! Wir sind die Expert:innen, wenn es um die digitale Zukunft des Gesundheitswesens geht. Egal, ob in einer Physiotherapie-Praxis oder bei der Organisation eines Rollators für deine Oma – wir sorgen dafür, dass im Gesundheitswesen alles reibungslos läuft. Mit moderner Software, hilfreichen digitalen Services und einer sicheren Abrechnung unterstützen wir über 60.000 Kund:innen aus Pflege, Physiotherapie und Rettungsdienst. Unsere Lösungen helfen, weniger Zeit für Papierkram zu brauchen, Einsätze besser zu planen und einfacher miteinander zu kommunizieren. So haben Fachkräfte wieder mehr Zeit für das, was wirklich wichtig ist: die Menschen. Unser Team mit über 3.000 Kolleg:innen arbeitet jeden Tag daran, das Gesundheitswesen moderner und einfacher zu machen. Wir sind Marktführer für die Telematikinfrastruktur – das ist die digitale Basis, über die Praxen, Krankenhäuser und andere Einrichtungen sicher miteinander Daten austauschen können. Dafür wurden wir schon mehrfach ausgezeichnet.",,https://www.optadata-gruppe.de/karriere/wir-bilden-aus,https://www.optadata-gruppe.de/karriere/wir-bilden-aus,company,t.arts@optadata-gruppe.de,https://jobs.optadata.de/jobportal/optadata/viewAusschreibung/2024-482.html,https://jobs.optadata.de/jobportal/optadata/viewAusschreibung/2024-482.html,https://jobs.optadata.de/jobportal/optadata/viewAusschreibung/2024-482.html,externe,"- Betreuung auf Augenhöhe: Feste Ansprechpartner:innen durch Ausbilder:innen und Ausbildungsbeauftragte
- Young Talents-Events: Einführungswoche, Ausflüge, Weihnachtsfeiern, Messen und vieles mehr
- Weiterbildungsangebote: Workshops und Schulungen für deine persönliche Entwicklung als fester Bestandteil
- Sicher durch die Prüfung: Optimale Vorbereitung auf deine Zwischen- und Abschlussprüfung
- Fit in der Ausbildung: Interne Gesundheitsangebote – darunter unser neues Fitnessstudio, ein vielfältiges Kursangebot und der EGym Wellpass
Das bist du:
- Du hast die Fachhochschulreife oder das Abitur bis zum Ausbildungsstart in der Tasche
- Du bringt gute Leistungen in Mathematik und Informatik mit
- Du tüftelst gerne und so lange, bis du auch für komplexe Problemstellungen eine Lösung hast
- Du liebst Teamwork und überzeugst uns durch deine Eigeninitiative und Flexibilität
Unabhängig von den Texten in unseren Stellenanzeigen betonen wir, dass bei opta data alle Menschen gleichermaßen willkommen sind.",,,ausbildung_de,https://www.ausbildung.de/stellen/ausbildung-fachinformatiker-in-fuer-anwendungsentwicklung-m-w-d-bei-opta-data-gruppe-in-essen-72b9cba7-eca5-40b2-a67e-6563c90b91b0/,False,,80,2026-06-11T11:20:27.738598+00:00
AD-c5210e43-5af5-43c1-8038-fa25e9a9cad9,ausbildung_de_ae,Acriba Service GmbH,,Stralsund,Stralsund Mecklenburg-Vorpommern,"Ausbildung Fachinformatiker/in für Anwendungsentwicklung (m/w/d)

Mittlere Reife",,Mittlere Reife,Ausbildung | Fachinformatiker/in für Anwendungsentwicklung (m/w/d),"Du willst dort einsteigen, wo die Zukunft Wirklich passiert? Dann bist du bei uns genau richtig! Wir sind die Expert:innen, wenn es um die digitale Zukunft des Gesundheitswesens geht. Egal, ob in einer Physiotherapie-Praxis oder bei der Organisation eines Rollators für deine Oma – wir sorgen dafür, dass im Gesundheitswesen alles reibungslos läuft. Mit moderner Software, hilfreichen digitalen Services und einer sicheren Abrechnung unterstützen wir über 60.000 Kund:innen aus Pflege, Physiotherapie und Rettungsdienst. Unsere Lösungen helfen, weniger Zeit für Papierkram zu brauchen, Einsätze besser zu planen und einfacher miteinander zu kommunizieren. So haben Fachkräfte wieder mehr Zeit für das, was wirklich wichtig ist: die Menschen. Unser Team mit über 3.000 Kolleg:innen arbeitet jeden Tag daran, das Gesundheitswesen moderner und einfacher zu machen. Wir sind Marktführer für die Telematikinfrastruktur – das ist die digitale Basis, über die Praxen, Krankenhäuser und andere Einrichtungen sicher miteinander Daten austauschen können. Dafür wurden wir schon mehrfach ausgezeichnet.",,https://www.optadata-gruppe.de/karriere/wir-bilden-aus,https://www.optadata-gruppe.de/karriere/wir-bilden-aus,company,t.arts@optadata-gruppe.de,https://jobs.optadata.de/jobportal/optadata/viewAusschreibung/2025-228.html,https://jobs.optadata.de/jobportal/optadata/viewAusschreibung/2025-228.html,https://jobs.optadata.de/jobportal/optadata/viewAusschreibung/2025-228.html,externe,"- Betreuung auf Augenhöhe: Feste Ansprechpartner:innen durch Ausbilder:innen und Ausbildungsbeauftragte
- Weiterbildungsangebote: Workshops und Schulungen für deine persönliche Entwicklung als fester Bestandteil
- Urlaub: 30 Tage Jahresurlaub und Sonderurlaub für die Prüfungsvorbereitung
- Fit in der Ausbildung: Interne Gesundheitsangebote – darunter unser neues Fitnessstudio, ein vielfältiges Kursangebot und der EGym Wellpass
Unabhängig von unseren Stellenanzeigen betonen wir, dass bei opta data alle Menschen gleichermaßen willkommen sind.
Tanita Arts
- Talent Acquisition Managerin –
E-Mail: t.arts@optadata-gruppe.de",,,ausbildung_de,https://www.ausbildung.de/stellen/ausbildung-fachinformatiker-in-fuer-anwendungsentwicklung-m-w-d-bei-opta-data-gruppe-in-stralsund-a372fc98-0665-436e-8b9b-25fd760af5cb/,False,,73,2026-06-11T11:20:30.959464+00:00
AD-c0cf92eb-ecf7-4804-b0ec-02a15b0fee4f,ausbildung_de_ae,Papier-Mettler KG,,Morbach,Morbach Rheinland-Pfalz,"Ausbildung Fachinformatiker/in für Anwendungsentwicklung (m/w/d)

Mittlere Reife",,Mittlere Reife,Ausbildung | Fachinformatiker/in für Anwendungsentwicklung (m/w/d),"Damit verpackt wird, was geschützt werden muss!Papier-Mettler ist europäischer Marktführer im Segment Serviceverpackungen aus Papier und Kunststoff und einer der marktführenden Hersteller von flexiblen Verpackungen. Für eine nachhaltige Zukunft entwickeln wir kontinuierlich unsere Produkte weiter und setzen den Fokus auf ökologische Verpackungslösungen. Was machen wir? Unser Produktportfolio erstreckt sich über Verpackungslösungen für Anwendungen im Food- und NonFood-Bereich. Dabei bedienen wir Kunden aus Handel und Industrie.Ob Tragetaschen aus Kunststoff oder Papier, Online-Versandtaschen, Verpackungslösungen für den Quickservice- und Takeaway-Bereich oder die Bäcker- und Metzger-Branche, MAP-Schalen oder flexible Folien wie Schrumpf- und Stretchfolien – wir bieten Alles aus einer Hand. 1 Arbeitgeber – 1000 MöglichkeitenWir setzen uns hohe Ziele, um im globalen Wettbewerb Innovations- und Marktführer zu bleiben. Das schaffen wir nur mit einer motivierten und qualifizierten Mitarbeitermannschaft, die sich auf allen Ebenen für unsere Kunden*innen einsetzt. So helfen Fachkräfte, Sachbearbeiter*innen, Maschinenpersonal oder Spezialisten*innen in allen Abteilungen dabei, dass die anspruchsvollen Kunden*innen zufrieden sind und Papier-Mettler treu bleiben. Einfach weil die Leistung stimmt! Karriere gesucht – Traumjob gefundenDer richtige Job ist viel mehr als nur ein Mittel zum Zweck. Er ist das, was uns ausmacht, was uns antreibt und was uns ausfüllt. Er ist eine Chance, uns selbst und der ganzen Welt zu zeigen, was wir können.Jährlich zum 01.08. suchen wir Berufsstarter*innen, die leistungsbereit, ehrlich, teamfähig und freundlich sind. Zuverlässigkeit, Lernbereitschaft, Belastbarkeit und gewissenhaftes Arbeiten sollten selbstverständlich sein.Mit diesen Eigenschaften bringst du die besten Voraussetzungen für eine erfolgreiche Ausbildung bei uns mit. Verwirkliche deinen Traum in einem unserer 18 Ausbildungsberufe und Studiengänge.",,https://job.papier-mettler.com/schueler,https://job.papier-mettler.com/schueler,company,sascha.hemm@papier-mettler.com,https://www.ausbildung.de/direktbewerbung/ausbildung-fachinformatiker-in-fuer-anwendungsentwicklung-m-w-d-bei-papier-mettler-kg-in-morbach-36dadc40-2a1d-4359-afcc-33a416d9d7af/,https://www.ausbildung.de/direktbewerbung/ausbildung-fachinformatiker-in-fuer-anwendungsentwicklung-m-w-d-bei-papier-mettler-kg-in-morbach-36dadc40-2a1d-4359-afcc-33a416d9d7af/,https://www.ausbildung.de/direktbewerbung/ausbildung-fachinformatiker-in-fuer-anwendungsentwicklung-m-w-d-bei-papier-mettler-kg-in-morbach-36dadc40-2a1d-4359-afcc-33a416d9d7af/,externe,,,,ausbildung_de,https://www.ausbildung.de/stellen/ausbildung-fachinformatiker-in-fuer-anwendungsentwicklung-m-w-d-bei-papier-mettler-kg-in-morbach-36dadc40-2a1d-4359-afcc-33a416d9d7af/,False,,67,2026-06-11T11:20:33.703497+00:00
AD-5c32be94-0dde-4663-8fe5-6fd16ae20a23,ausbildung_de_ae,Pfaffinger Unternehmensgruppe,,Passau,Wiener Straße 35 94032 Passau Bayern,"Ausbildung Fachinformatiker/in für Anwendungsentwicklung (m/w/d)

Mittlere Reife

- Wir bieten dir ein einwöchiges Schnupperpraktikum, um deinen zukünftigen Ausbildungsberuf besser kennenzulernen. Hierfür erhältst du eine Praktikumsvergütung in Höhe von 150,00 €.
- Deinen erfolgreichen Ausbildungsabschluss honorieren wir mit einer Prämie.
- Wir bieten dir einen sicheren interessanten Arbeitsplatz mit zahlreichen Möglichkeiten zur Weiterentwicklung und Perspektiven.
Deine Zukunft
- Bei erfolgreicher Ausbildung bist du nach drei Jahren Fachinformatiker für Anwendungsentwicklung.
- Durch die zahlreichen Weiterbildungsmöglichkeiten kannst du dich sehr gut auf einen der vielen Aufgabenbereiche spezialisieren oder eine gezielte Weiterbildung zum IT-Projektleiter anstreben.
PFAFFINGER PLUS
Bei uns erhältst du eine tarifliche Ausbildungsvergütung.
DAS BEKOMMST DU
1. Ausbildungsjahr brutto: 1.122,00 €
2. Ausbildungsjahr brutto: 1.247,00 €
3. Ausbildungsjahr brutto: 1.507,00 €
... ZUSÄTZLICH
- Auslöse bei Auswärtsbaustellen (Verpflegungsgeld) / Tag: 32,00 €
- Tarifliches Urlaubsgeld
- Weihnachtsgeld: 390,00€
- Zuschuss Vermögensbildung: 23,52€
- Zuschuss betriebliche Altersvorsorge: 30,68€","150,00 €, 1.122,00 €, 1.247,00 €, 1.507,00 €, 32,00 €, 390,00€",Mittlere Reife,Ausbildung | Fachinformatiker/in für Anwendungsentwicklung (m/w/d),"Die Pfaffinger Unternehmensgruppe mit Hauptsitz in Passau ist ein mittelständisches Unternehmen im Bau- und Industriesektor, das im Jahre 1855 durch den Baumeister Paul Pfaffinger gegründet wurde und sich bis heute -in der fünften Generation- in Familienbesitz befindet.Die Unternehmensgruppe ist schon seit Jahrzehnten in den klassischen Geschäftsbereichen des Ingenieurbaus und des Rohrleitungs-/Netzbaus erfolgreich tätig. Darüber hinaus hat sich die Pfaffinger Unternehmensgruppe mit ihren Tochtergesellschaften in den Geschäftsbereichen Hochbau, Rohrnetz- & Sanierungstechnik, Industrie- & Energietechnik, Drill- & Energietechnik sowie Anlagenbau & Energietechnik sehr erfolgreich weiter spezialisiert.Mit diesem breit gefächerten Dienstleistungsspektrum hat sich das Haus Pfaffinger im gesamten deutschsprachigen Raum sowie in Österreich und Tschechien einen Namen gemacht.Derzeit beschäftigt die Pfaffinger Unternehmensgruppe mehr als 750 Mitarbeiterinnen und Mitar-beiter an vier Verwaltungsstandorten Passau, Leipzig, Berlin und Stuttgart, an zwei Büropräsenzen München und Dresden sowie am Fertigungsstandort Hengersberg.Loyalität, großes Engagement und hohe Motivation zeichnen die Mitarbeiterinnen und Mitarbeiter der Pfaffinger Unternehmensgruppe aus.Mit einem Jahresumsatz von rund 160 Mio. € wird das kontinuierliche Wachstum und die stetige Expansion der letzten Jahre erfolgreich fortgesetzt. Die Unternehmensgrundsätze Zuverlässigkeit, Nachhaltigkeit und Weitsicht sind die wesentlichen Säulen in der nunmehr über 165-jährigen Er-folgsgeschichte des Familienunternehmens Pfaffinger.","- Wir bieten dir ein einwöchiges Schnupperpraktikum, um deinen zukünftigen Ausbildungsberuf besser kennenzulernen. Hierfür erhältst du eine Praktikumsvergütung in Höhe von 150,00 €.
- Deinen erfolgreichen Ausbildungsabschluss honorieren wir mit einer Prämie.
- Wir bieten dir einen sicheren interessanten Arbeitsplatz mit zahlreichen Möglichkeiten zur Weiterentwicklung und Perspektiven.
Deine Zukunft
- Bei erfolgreicher Ausbildung bist du nach drei Jahren Fachinformatiker für Anwendungsentwicklung.
- Durch die zahlreichen Weiterbildungsmöglichkeiten kannst du dich sehr gut auf einen der vielen Aufgabenbereiche spezialisieren oder eine gezielte Weiterbildung zum IT-Projektleiter anstreben.
PFAFFINGER PLUS
Bei uns erhältst du eine tarifliche Ausbildungsvergütung.
DAS BEKOMMST DU
1. Ausbildungsjahr brutto: 1.122,00 €
2. Ausbildungsjahr brutto: 1.247,00 €
3. Ausbildungsjahr brutto: 1.507,00 €
... ZUSÄTZLICH
- Auslöse bei Auswärtsbaustellen (Verpflegungsgeld) / Tag: 32,00 €
- Tarifliches Urlaubsgeld
- Weihnachtsgeld: 390,00€
- Zuschuss Vermögensbildung: 23,52€
- Zuschuss betriebliche Altersvorsorge: 30,68€",https://pfaffinger.com/,https://pfaffinger.com/,company,ausbildung@pfaffinger.com,https://www.ausbildung.de/direktbewerbung/ausbildung-fachinformatiker-in-fuer-anwendungsentwicklung-m-w-d-bei-pfaffinger-unternehmensgruppe-in-passau-ade5084f-c658-419c-a5d4-67ea56656194/,https://www.ausbildung.de/direktbewerbung/ausbildung-fachinformatiker-in-fuer-anwendungsentwicklung-m-w-d-bei-pfaffinger-unternehmensgruppe-in-passau-ade5084f-c658-419c-a5d4-67ea56656194/,https://www.ausbildung.de/direktbewerbung/ausbildung-fachinformatiker-in-fuer-anwendungsentwicklung-m-w-d-bei-pfaffinger-unternehmensgruppe-in-passau-ade5084f-c658-419c-a5d4-67ea56656194/,externe,,,,ausbildung_de,https://www.ausbildung.de/stellen/ausbildung-fachinformatiker-in-fuer-anwendungsentwicklung-m-w-d-bei-pfaffinger-unternehmensgruppe-in-passau-ade5084f-c658-419c-a5d4-67ea56656194/,False,,80,2026-06-11T11:20:36.066570+00:00
AD-b867e490-c403-4e54-94de-0ed10470058b,ausbildung_de_ae,PFALZKOM GmbH,,Ludwigshafen am Rhein,Wredestraße 35 67059 Ludwigshafen am Rhein Rheinland-Pfalz,"Ausbildung Fachinformatiker/in für Anwendungsentwicklung (m/w/d)

Das solltest du mitbringen
- Mittlere Reife oder Abitur oder vergleichbarer Schulabschluss
- Interesse an Hardware und Software und erste Programmiererfahrung
- Logisches und strukturiertes Denken und Spaß am analysieren technischer Herausforderungen
- Teamfähigkeit und Lust etwas zu lernen",,"Das solltest du mitbringen
- Mittlere Reife oder Abitur oder vergleichbarer Schulabschluss
- Interesse an Hardware und Software und erste Programmiererfahrung
- Logisches und strukturiertes Denken und Spaß am analysieren technischer Herausforderungen
- Teamfähigkeit und Lust etwas zu lernen",Ausbildung | Fachinformatiker/in für Anwendungsentwicklung (m/w/d),"Digitalisierung? Ja gerne! Wir stellen die Basis für eine erfolgreiche Digitalisierung bereit. Dazu gehört ein eigenes Glasfasernetz zur Übertragung der Daten in Höchstgeschwindigkeit. Wir betreiben mehrere hochmoderne Rechenzentren, in welchen unsere Firmenkunden Ihren Servern ein sicheres Zuhause geben. Wird dies noch mit unseren Dienstleistungen ergänzt, ist die Grundlage für eine gelingende Digitalisierung gelegt",,http://www.pfalzkom.de,http://www.pfalzkom.de,company,,https://pfalzkom.de/karriere/,https://pfalzkom.de/karriere/,https://pfalzkom.de/karriere/,externe,- Du bist nach der Ausbildung ein kompetenter Ansprechpartner für die Softwareanwender in unserem Unternehmen,,,ausbildung_de,https://www.ausbildung.de/stellen/ausbildung-fachinformatiker-in-fuer-anwendungsentwicklung-m-w-d-bei-pfalzkom-gmbh-in-ludwigshafen-am-rhein-a95beace-d0e2-4724-a4ba-15438b862f00/,False,,67,2026-06-11T11:20:38.506872+00:00
AD-97d2d6a2-2299-4b0e-9b98-865fb7d1b9c6,ausbildung_de_ae,PharmLog Pharma Logistik GmbH,,Bönen,Siemensstr. 1 59199 Bönen Nordrhein-Westfalen,"Ausbildung Fachinformatiker/in für Anwendungsentwicklung (m/w/d)

Das erwartet Dich
- Du wirst in die IT-Infrastruktur eingewiesen
- Du entwickelst, installierst, testest und betreust Softwarelösungen
- Du unterstützt bei der Ausführung von Softwaretests
- Du planst, dokumentierst und führst Projekte durch
- Du bekommst ein Verständnis für die Struktur und Funktionsweise komplexer IT-Systeme
- Du berätst und schulst interne Anwender
- Du arbeitest im operativen Tagesgeschäft mit und unterstützt eigenständig

Das solltest Du mitbringen
- Fachhochschulreife oder Abitur
- Du hast gute Leistungen in Mathematik, Informatik und Englisch
- Du bist begeisterst von Software-Entwicklung, digitalen Technologien und IT-Themen
- Du hast Interesse am Programmieren in verschiedenen Programmiersprachen
- Du hast logisches und analytisches Denkvermögen, sowie eine strukturierte Arbeitsweise
- Du zeigst Eigeninitiative, Neugierde und Lernbereitschaft
- Du bist zuverlässig, kontaktfreudig und hast Interesse in einem Team zu arbeiten

Darauf kannst Du Dich freuen
- Wir bieten Dir eine vielseitige Ausbildung
- Wir sind ein gesundes und wachstumsorientiertes Unternehmen mit derzeit 380 Mitarbeitern
- Du erhältst eine attraktive Ausbildungsvergütung und zusätzlich ein 13. Monatsgehalt (Urlaubs-/Weihnachtsgeld)
- Du hast 30 Urlaubstage im Jahr
- Du erhältst Unterstützung bei der Prüfungsvorbereitung durch Vorbereitungskurse
- Du hast ein Gleitzeitkonto
- Dir wird ein Laptop bereitgestellt
- Interne Schulungen und Möglichkeiten zur Weiterbildung
- Du hast sehr gute Übernahmechancen nach der Ausbildung
- Wir haben ein Bistro (Kantine), bezuschusst durch den Arbeitgeber","1. Jahr: 1,100 €
2. Jahr: 1,200 €
3. Jahr: 1,300 €","Das solltest Du mitbringen
- Fachhochschulreife oder Abitur
- Du hast gute Leistungen in Mathematik, Informatik und Englisch
- Du bist begeisterst von Software-Entwicklung, digitalen Technologien und IT-Themen
- Du hast Interesse am Programmieren in verschiedenen Programmiersprachen
- Du hast logisches und analytisches Denkvermögen, sowie eine strukturierte Arbeitsweise
- Du zeigst Eigeninitiative, Neugierde und Lernbereitschaft
- Du bist zuverlässig, kontaktfreudig und hast Interesse in einem Team zu arbeiten",Ausbildung | Fachinformatiker/in für Anwendungsentwicklung (m/w/d),"PharmLog ist ein Gemeinschaftsunternehmen der Unternehmensgruppen Bayer, Boehringer Ingelheim, GlaxoSmithKline, Meda, Merck und Novartis. Wir bieten kostengünstige, qualitativ hochwertige und flexible Lösungen in der Distribution von Arzneimittel und Medicalprodukten an. Von der Lagerhaltung - Wareneingang, Lagerung, Kommissionierung, Versand - über Value Added Services wie Herstellung oder Retourenmanagement. Bei PharmLog hat die Ausbildung neuer, qualifizierter Mitarbeiter einen hohen Stellenwert. Durch die kontinuierliche Aus- und Weiterbildung unserer Mitarbeiter investieren wir in die Zukunft unseres Unternehmens.","Darauf kannst Du Dich freuen
- Wir bieten Dir eine vielseitige Ausbildung
- Wir sind ein gesundes und wachstumsorientiertes Unternehmen mit derzeit 380 Mitarbeitern
- Du erhältst eine attraktive Ausbildungsvergütung und zusätzlich ein 13. Monatsgehalt (Urlaubs-/Weihnachtsgeld)
- Du hast 30 Urlaubstage im Jahr
- Du erhältst Unterstützung bei der Prüfungsvorbereitung durch Vorbereitungskurse
- Du hast ein Gleitzeitkonto
- Dir wird ein Laptop bereitgestellt
- Interne Schulungen und Möglichkeiten zur Weiterbildung
- Du hast sehr gute Übernahmechancen nach der Ausbildung
- Wir haben ein Bistro (Kantine), bezuschusst durch den Arbeitgeber",https://www.pharmlog.de/,https://www.pharmlog.de/,company,bewerbung@pharmlog.de,https://www.ausbildung.de/direktbewerbung/ausbildung-fachinformatiker-in-fuer-anwendungsentwicklung-m-w-d-bei-pharmlog-pharma-logistik-gmbh-in-boenen-25199b97-b5bc-4fbc-823d-b69644279d75/,https://www.ausbildung.de/direktbewerbung/ausbildung-fachinformatiker-in-fuer-anwendungsentwicklung-m-w-d-bei-pharmlog-pharma-logistik-gmbh-in-boenen-25199b97-b5bc-4fbc-823d-b69644279d75/,https://www.ausbildung.de/direktbewerbung/ausbildung-fachinformatiker-in-fuer-anwendungsentwicklung-m-w-d-bei-pharmlog-pharma-logistik-gmbh-in-boenen-25199b97-b5bc-4fbc-823d-b69644279d75/,externe,,,,ausbildung_de,https://www.ausbildung.de/stellen/ausbildung-fachinformatiker-in-fuer-anwendungsentwicklung-m-w-d-bei-pharmlog-pharma-logistik-gmbh-in-boenen-25199b97-b5bc-4fbc-823d-b69644279d75/,False,,80,2026-06-11T11:20:40.832611+00:00
AD-acc6d27e-cec2-4684-a199-29d463183d9b,ausbildung_de_ae,Prodware Deutschland AG,,Chemnitz,Ludwigstraße 21 09113 Chemnitz Sachsen,"Ausbildung Fachinformatiker/in für Anwendungsentwicklung (m/w/d)

Das lernst du bei uns:
- Du wirst an die praktische Softwareentwicklung im Bereich Microsoft Dynamics 365 – Business Central herangeführt
- Dir wird die Integration von ERP-Systemen in die bestehenden Anwendungslandschaften unserer Kunden gezeigt
- Du wirst lernen, mit den Produkten von Microsoft Dynamics 365 Systeme zu entwickeln und damit für unsere Kunden Lösungen zu schaffen
- Du wirst dabei in Projektarbeit und Kundenberatung involviert sein
- Du wirst von einem vielseitigen Team in deine Aufgabenbereiche eingearbeitet​
- Wir leben flache Hierarchien und eine kollegiale Arbeitsatmosphäre: Bei uns wird über alle Ebenen hinweg geduzt ​
- Flexible Arbeitszeiten in einem Gleitzeitmodell​
- Benefits wie Mitarbeiterrabatte, einen Zuschuss zur eigenen Sport-Mitgliedschaft und das Deutschland-Ticket oder einen Fahrtkostenzuschuss​
- Bei Firmenevents und regelmäßigen Get-Togethers kannst du deine Kolleg*innen kennenlernen​
- Du kannst bei uns eigenständig arbeiten und je nach Interesse in verschiedenen Bereichen Verantwortung übernehmen​
- Wir legen Wert auf deine Erholung: Neben 28 Urlaubstagen profitierst du von zusätzlichen arbeitsfreien Tagen an Weihnachten und Silvester​
- Nach erfolgreichem Abschluss würden wir dich gerne übernehmen​

Das bringst Du mit:
- Du hast das Abitur oder die mittlere Reife erfolgreich abgeschlossen
- Du hattest idealerweise Informatik als Unterrichtsfach
- Du hast schon erste Erfahrungen mit IT-Systemen gesammelt, am besten während eines Praktikums
- Begriffe wie Storage, Server, Netzwerk, Cloud und Virtualisierung sind Dir nicht fremd
- Du zeichnest Dich durch Begeisterungsfähigkeit, eine eigenständige und strukturierte Arbeitsweise sowie ein hohes Maß an Flexibilität aus
- Du bist teamfähig, selbständig, kreativ und kommunizierst offen und klar
- Du hast sehr gute Deutschkenntnisse sowie sichere Englischkenntnisse
Deine Vorteile bei uns:​

Wir bieten Dir eine Ausbildung, in der Du zunehmend eigenständig spannende Aufgaben bearbeiten wirst. Durch das Arbeiten in einem kleinen Team sowie ein maßgeschneidertes Schulungsprogramm kannst Du Dich persönlich und fachlich entwickeln. Dabei stehen Dir erfahrene Kolleg*innen zur Seite.
Wir suchen Dich zum 01.08.2026 zur Verstärkung unseres Teams am Standort Chemnitz.","1. Jahr: 1070 €
2. Jahr: 1150 €
3. Jahr: 1250 €","Das bringst Du mit:
- Du hast das Abitur oder die mittlere Reife erfolgreich abgeschlossen
- Du hattest idealerweise Informatik als Unterrichtsfach
- Du hast schon erste Erfahrungen mit IT-Systemen gesammelt, am besten während eines Praktikums
- Begriffe wie Storage, Server, Netzwerk, Cloud und Virtualisierung sind Dir nicht fremd
- Du zeichnest Dich durch Begeisterungsfähigkeit, eine eigenständige und strukturierte Arbeitsweise sowie ein hohes Maß an Flexibilität aus
- Du bist teamfähig, selbständig, kreativ und kommunizierst offen und klar
- Du hast sehr gute Deutschkenntnisse sowie sichere Englischkenntnisse
Deine Vorteile bei uns:​",Ausbildung | Fachinformatiker/in für Anwendungsentwicklung (m/w/d),"Prodware ist in der Branche IT-Consulting tätig. Das heißt, wir beraten unsere Kunden bei der Einführung von IT-Lösungen. Dabei arbeiten wir eng mit Microsoft zusammen – allerdings geht es bei unserer Arbeit nicht um Word, Excel und Co., sondern um Systeme für das sogenannte Enterprise Ressource Management (ERP) und Customer Relationship Management (CRM). Das sind vielleicht keine Begriffe, mit denen man im ersten Moment viel anfangen kann, solche Software-Produkte finden sich aber in beinahe allen Bereichen der Arbeitswelt.ERPs helfen Unternehmen dabei, alle ihre Ressourcen und Prozesse im Blick zu behalten, zum Beispiel, welche Arbeitsmaterialien vorhanden und wie viele Mitarbeitende einsetzbar sind. In einem CRM auf der anderen Seite kann ein Unternehmen seine Kundenbeziehungen verwalten: Wer hat den Kunden als letztes angerufen? Was sind die nächsten ToDos für andere Kolleg*innen?Unsere Consultants setzen sich mit jedem Kunden zusammen und definieren ganz individuell dessen Wünsche für das neue System. Dabei klären sie auch die Frage, was davon umsetzbar ist. Diese Informationen werden dann von unserem Entwicklerteam umgesetzt.Daneben haben wir bei Prodware natürlich auch verwaltende Abteilungen, die diese Arbeit unterstützen: von unserem Order Admin Team, das zum Beispiel Verträge und Lizenzen im Blick behält, bis zu unserer HR Abteilung, die untern anderem neue Talente sucht und die Gehaltsabrechnung durchführt.","Wir bieten Dir eine Ausbildung, in der Du zunehmend eigenständig spannende Aufgaben bearbeiten wirst. Durch das Arbeiten in einem kleinen Team sowie ein maßgeschneidertes Schulungsprogramm kannst Du Dich persönlich und fachlich entwickeln. Dabei stehen Dir erfahrene Kolleg*innen zur Seite.
Wir suchen Dich zum 01.08.2026 zur Verstärkung unseres Teams am Standort Chemnitz.",https://www.prodware.de/,https://www.prodware.de/,company,,https://karriere-prodwaredag.icims.com/jobs/1881/duales-studium---wirtschaft--und-verwaltungsinformatik-%28m-w-d%29/job?mode=view,https://karriere-prodwaredag.icims.com/jobs/1881/duales-studium---wirtschaft--und-verwaltungsinformatik-%28m-w-d%29/job?mode=view,https://karriere-prodwaredag.icims.com/jobs/1881/duales-studium---wirtschaft--und-verwaltungsinformatik-%28m-w-d%29/job?mode=view,externe,,"Du möchtest Teil unseres Teams werden und mit uns in die Arbeitswelt einsteigen? Dann schick deinen Lebenslauf über unser Bewerberportal, beantworte einige Fragen und wir melden uns bei dir schnellstmöglich – versprochen!
Noch nicht ganz überzeugt und du möchtest mehr über uns erfahren? Schau‘ doch mal hier oder folge uns auf Facebook, LinkedIn, X, Instagram und YouTube.​
Wir freuen uns auf dich!​",,ausbildung_de,https://www.ausbildung.de/stellen/ausbildung-fachinformatiker-in-fuer-anwendungsentwicklung-m-w-d-bei-prodware-deutschland-ag-in-chemnitz-7b13865d-5d65-4325-9e26-950cd2c91587/,False,,80,2026-06-11T11:20:43.106188+00:00
AD-b3a594a4-9cb2-4df2-8071-a19c651758f3,ausbildung_de_ae,Prof. Schumann GmbH,,Göttingen,Jutta-Limbach-Straße 1 37073 Göttingen Niedersachsen,"Ausbildung Fachinformatiker/in für Anwendungsentwicklung (m/w/d)

Mittlere Reife","1. Jahr: 1175 €
2. Jahr: 1225 €
3. Jahr: 1375 €",Mittlere Reife,Ausbildung | Fachinformatiker/in für Anwendungsentwicklung (m/w/d),"Wir sind ein erfolgreiches Familienunternehmen im Herzen von Deutschland, das weltweit branchenführende Softwarelösungen bietet. Wir entwickeln Software, die das Management von Kreditrisiken in Unternehmen aus Industrie und Großhandel, bei Leasing- und Factoring-Unternehmen sowie bei Kredit- und Kautionsversicherungen optimiert.",,https://prof-schumann.com/,https://prof-schumann.com/,company,,https://karriere.prof-schumann.com/Ausbildung-Fachinformatiker-fr-Anwendungsentwicklung-mwd-de-f48.html,https://karriere.prof-schumann.com/Ausbildung-Fachinformatiker-fr-Anwendungsentwicklung-mwd-de-f48.html,https://karriere.prof-schumann.com/Ausbildung-Fachinformatiker-fr-Anwendungsentwicklung-mwd-de-f48.html,externe,,,,ausbildung_de,https://www.ausbildung.de/stellen/ausbildung-fachinformatiker-in-fuer-anwendungsentwicklung-m-w-d-bei-prof-schumann-gmbh-in-goettingen-5091801c-c4a4-42f3-ab13-dd0a481dbc13/,False,,67,2026-06-11T11:20:45.189277+00:00
AD-eba91037-6f9e-4543-afa3-f935501878c4,ausbildung_de_ae,Vitesco Technologies GmbH,,Limbach-Oberfrohna,Limbach-Oberfrohna 09212 Limbach-Oberfrohna Sachsen,"Ausbildung Fachinformatiker/in für Anwendungsentwicklung (m/w/d)

Dein Profil
- Du hast Spaß am Erlernen neuer Themen zusammen in einem Team.
- Software und IT Technik interessieren dich.
- Du bist sicher in Mathe, Informatik, Deutsch und Englisch?
- Du bringst einen mittleren Schulabschluss oder höher mit
Unser Angebot
- Offene und innovationsgetriebene Unternehmenskultur
- Junge und inspirierende Teams
- Spannende Einführungstage und Teamevents",,"Dein Profil
- Du hast Spaß am Erlernen neuer Themen zusammen in einem Team.
- Software und IT Technik interessieren dich.
- Du bist sicher in Mathe, Informatik, Deutsch und Englisch?
- Du bringst einen mittleren Schulabschluss oder höher mit
Unser Angebot
- Offene und innovationsgetriebene Unternehmenskultur
- Junge und inspirierende Teams
- Spannende Einführungstage und Teamevents",Ausbildung | Fachinformatiker/in für Anwendungsentwicklung (m/w/d),"Seit über 75 Jahren treibt die Schaeffler Gruppe als ein weltweit führender Automobil- und Industriezulieferer zukunftsweisende Erfindungen und Entwicklungen in den Bereichen Bewegung und Mobilität voran. Mit innovativen Technologien, Produkten und Services in den Feldern Elektromobilität, CO₂-effiziente Antriebe, Fahrwerkslösungen, Industrie 4.0, Digitalisierung und erneuerbare Energien ist das Unternehmen ein verlässlicher Partner, um Bewegung und Mobilität effizienter, intelligenter und nachhaltiger zu machen – und das über den kompletten Lebenszyklus hinweg.",,http://www.schaeffler.de/,http://www.schaeffler.de/,company,,https://jobs.schaeffler.com/job/preview/0/?locale=de_DE&extJobId=V_39387-en_US&mapping=,https://jobs.schaeffler.com/job/preview/0/?locale=de_DE&extJobId=V_39387-en_US&mapping=,https://jobs.schaeffler.com/job/preview/0/?locale=de_DE&extJobId=V_39387-en_US&mapping=,externe,"- Betreuung durch persönliche Ansprechpartner für die gesamte Ausbildung
- Hervorragende Übernahmechancen
- Vielfältige Karriereperspektiven & umfassendes Weiterentwicklungsangebot
- Attraktive, tarifliche Ausbildungsvergütung in der Metall- und Elektroindustrie
- Flexible Arbeitszeiten
- Verschiedenste Zuschüsse, Vergünstigungen und Rabatte
- Vielfältige Nutzung von Netzwerk- und Freizeitangeboten
Über uns
Wir legen großen Wert darauf, eine Arbeitsumgebung zu schaffen, die Vielfalt und Inklusion fördert und aktiv unterstützt. Wir freuen uns auf Bewerbungen von allen interessierten Menschen, denn für uns zählt Ihr Potenzial!",,,ausbildung_de,https://www.ausbildung.de/stellen/ausbildung-fachinformatiker-in-fuer-anwendungsentwicklung-m-w-d-bei-schaeffler-technologies-ag-co-kg-in-limbach-oberfrohna-03e66783-2be3-47f1-bc58-479aedc894f0/,False,,67,2026-06-11T11:20:47.471267+00:00
AD-1bd83aa4-13e5-40f2-9b9d-0a83bf48c379,ausbildung_de_ae,Schmetterling International GmbH & Co. KG,,Obertrubach,Geschwand 131 91286 Obertrubach Bayern,"Ausbildung Fachinformatiker/in für Anwendungsentwicklung (m/w/d)

Mittlere Reife","1. Jahr: 1000 €
2. Jahr: 1080 €
3. Jahr: 1160 €",Mittlere Reife,Ausbildung | Fachinformatiker/in für Anwendungsentwicklung (m/w/d),"Schmetterling International ist das größte mittelständische, unabhängige und inhabergeführte Touristik-Vertriebsunternehmen Europas. Als Komplett-Dienstleister für Reisebüros vereint Schmetterling die gesamte Welt der Touristik unter einem Dach und ist der Schrittmacher in der Touristikbranche mit Herz und Verstand.",,https://schmetterling.de/talents/,https://schmetterling.de/talents/,company,jobs@schmetterling.de,https://www.ausbildung.de/direktbewerbung/ausbildung-fachinformatiker-in-fuer-anwendungsentwicklung-m-w-d-bei-schmetterling-international-gmbh-co-kg-in-obertrubach-a72ef275-1873-4a80-8d60-59764230fffa/,https://www.ausbildung.de/direktbewerbung/ausbildung-fachinformatiker-in-fuer-anwendungsentwicklung-m-w-d-bei-schmetterling-international-gmbh-co-kg-in-obertrubach-a72ef275-1873-4a80-8d60-59764230fffa/,https://www.ausbildung.de/direktbewerbung/ausbildung-fachinformatiker-in-fuer-anwendungsentwicklung-m-w-d-bei-schmetterling-international-gmbh-co-kg-in-obertrubach-a72ef275-1873-4a80-8d60-59764230fffa/,externe,,,,ausbildung_de,https://www.ausbildung.de/stellen/ausbildung-fachinformatiker-in-fuer-anwendungsentwicklung-m-w-d-bei-schmetterling-international-gmbh-co-kg-in-obertrubach-a72ef275-1873-4a80-8d60-59764230fffa/,False,,73,2026-06-11T11:20:49.646798+00:00
AD-f38ec52c-967b-46d9-acb0-4f3317ced128,ausbildung_de_ae,SEW-EURODRIVE GmbH & Co KG,,Bruchsal,Bruchsal Baden-Württemberg,"Ausbildung zum Fachinformatiker/in für Anwendungsentwicklung (m/w/d)

Das solltest du mitbringen
Für uns ist es wichtig, dass deine persönlichen Fähigkeiten zur Ausbildung und zu uns als Unternehmen passen. Dazu gehören Spaß an der Arbeit und der Wille, die Dinge voranzubringen. Noten sind nicht alleine ausschlaggebend für die Vergabe des Ausbildungsplatzes, sie sind vielmehr deine Eintrittskarte zum Bewerbungsgespräch. Daher achten wir auf das Gesamtbild und insbesondere auf deine Noten in Mathematik und Englisch.
Unser Angebot
- anspruchsvolle Ausbildung in einer zukunftssicheren Branche
- kompetente Ausbilder
- aufeinander abgestimmte Seminare
- eigenständige Ausbildungsprojekte
- professionelle Ausstattung
- lebendiges Betriebsklima
- hervorragende Perspektiven
Überzeugt? Dann bewirb dich jetzt online! www.sew-eurodrive.de/Ausbildung
Hier findest du auch Tipps rund um deine Bewerbung!
Du hast noch Fragen? Dann schreibe uns gerne eine E-Mail oder rufe uns an.",,"Das solltest du mitbringen
Für uns ist es wichtig, dass deine persönlichen Fähigkeiten zur Ausbildung und zu uns als Unternehmen passen. Dazu gehören Spaß an der Arbeit und der Wille, die Dinge voranzubringen. Noten sind nicht alleine ausschlaggebend für die Vergabe des Ausbildungsplatzes, sie sind vielmehr deine Eintrittskarte zum Bewerbungsgespräch. Daher achten wir auf das Gesamtbild und insbesondere auf deine Noten in Mathematik und Englisch.
Unser Angebot
- anspruchsvolle Ausbildung in einer zukunftssicheren Branche
- kompetente Ausbilder
- aufeinander abgestimmte Seminare
- eigenständige Ausbildungsprojekte
- professionelle Ausstattung
- lebendiges Betriebsklima
- hervorragende Perspektiven
Überzeugt? Dann bewirb dich jetzt online! www.sew-eurodrive.de/Ausbildung
Hier findest du auch Tipps rund um deine Bewerbung!
Du hast noch Fragen? Dann schreibe uns gerne eine E-Mail oder rufe uns an.",Ausbildung | zum Fachinformatiker/in für Anwendungsentwicklung (m/w/d),"Wir bewegen Zukunft! Seit über 90 Jahren. Ohne unsere Antriebslösungen würde sich nur wenig bewegen: unsere Getriebemotoren, Frequenzumrichter oder Industriegetriebe sind auf der ganzen Welt im Einsatz. Von Kieswerken über Prozesse in der Industrie bis hin zu Achterbahnen – wir sorgen für Antrieb! Mit rund 21.000 Mitarbeitenden, 17 Fertigungswerken und 88 Drive Technology Centern in 54 Ländern auf fünf Kontinenten sorgen wir täglich dafür, dass die Welt in Bewegung bleibt. Alleine in Deutschland beschäftigen wir über 6.100 Mitarbeitende, darunter 290 Auszubildende und dual Studierende. Stetiges Wachstum und zahlreiche Innovationen prägen unsere Erfolgsgeschichte. Inzwischen erwirtschaften wir einen Umsatz von über 4,2 Milliarden Euro (Geschäftsjahr 2022). Nimm deine Zukunft in die Hand und packe bei uns mit an! Wir bieten dir ein spannendes Umfeld, ein erstklassiges Ausbildungskonzept mit kompetenter Betreuung und individuelle Förderungsmöglichkeiten. Hochmoderne Maschinen und IT-Systeme, Elektronik auf Weltniveau und hervorragende Arbeitsbedingungen – bei uns erlebst du Technik hautnah in einer familiären Atmosphäre. Die Ausbildung hat bei uns einen hohen Stellenwert – deshalb begleiten und fördern dich hauptamtliche Ausbilder während deiner gesamten Ausbildungszeit. Aber Fachwissen allein ist nicht alles. Im Berufsleben kommt es auch auf deine Persönlichkeit an. Zu unserem Ausbildungskonzept gehören daher drei mehrtägige Seminare, die wir selbst konzipieren und durchführen. Themen wie Zielorientierung, Verantwortung, strukturiertes Arbeiten, Qualitätsbewusstsein, Problemlösung und Zusammenarbeit werden in erlebnisreichen Seminaren und Outdoorübungen greifbar und verständlich. Im Dualen Studium übernimmst du von Anfang an Verantwortung und lernst verschiedene Bereiche unseres Unternehmens kennen. Bei SEW-EURODRIVE stehen dir zwei Studienmodelle offen: Das kompakte, dreijährige DH-Studium vermittelt im Wechsel Theorie und Praxis an der Dualen Hochschule in Karlsruhe oder Mannheim. Im StudiumPLUS studierst du an der Hochschule Karlsruhe und machst bei uns parallel eine dazu passende IHK- Ausbildung – nach viereinhalb Jahren hast du beide Abschlüsse in der Tasche. Du möchtest Zukunft bewegen? Dann informiere dich über unsere aktuellen Stellenangebote und bewirb dich jetzt! Wir freuen uns, dich kennenzulernen.",,http://www.sew-eurodrive.de/ausbildung,http://www.sew-eurodrive.de/ausbildung,company,ausbildung@sew-eurodrive.de,https://www.sew-eurodrive.de/offene-ausbildungsstellen/,https://www.sew-eurodrive.de/offene-ausbildungsstellen/,https://www.sew-eurodrive.de/offene-ausbildungsstellen/,externe,"Dein Ansprechpartner: Klaus-Peter Schillo, Telefonnummer: +49 7251 75-3920, ausbildung@sew-eurodrive.de",,,ausbildung_de,https://www.ausbildung.de/stellen/ausbildung-fachinformatiker-in-fuer-anwendungsentwicklung-m-w-d-bei-sew-eurodrive-gmbh-co-kg-in-bruchsal-5e7ad699-c954-474a-9c5b-2aa9ba570b06/,False,,73,2026-06-11T11:20:51.547083+00:00
AD-8dabba36-ff1d-4428-a94b-4e802fcacfc4,ausbildung_de_ae,Speed4Trade GmbH,,Altenstadt an der Waldnaab,An den Gärten 8-10 92665 Altenstadt an der Waldnaab Bayern,"Ausbildung Fachinformatiker/in für Anwendungsentwicklung (m/w/d)

Dein Profil
- Du hast mittlere Reife, Fach-/Abitur oder bist Studienabbrecher
- Du besitzt gute Deutschkenntnisse (mindestens B2-Niveau)
- Software, Technik & neue Technologien haben dich schon immer begeistert
- Dein Interesse gilt nebst Nutzung insbesondere der Funktionsweise von Software & Technik
- Du hast idealerweise erste Einblicke in Programmierung oder Webentwicklung
- Eine gute Auffassungsgabe, hohe Lernbereitschaft & Eigeninitiative zeichnen dich aus
- Du kannst dich mündlich und schriftlich gut ausdrücken
Deine Vorteile
- Paten-Prinzip: Aktiv begleitete Ausbildung durch deinen Ausbilder und dein Team
- Top-Ausbildung: Überdurchschnittliche Ergebnisse unserer Auszubildenden im Rahmen der IHK-Prüfungen
- Agile Vorgehensweisen: Iterative Entwicklung auf Basis agiler Workflows
- Moderner Arbeitsplatz: Performante Hardware, neueste Tools und Technologien
- Betriebliche Altersvorsorge und aktives Gesundheitsmanagement: diverse Angebote und Kurse
- Infrastruktur: Modernes Firmengebäude, kostenlose Parkplätze
- Getränke: Wasser, Softdrinks, Tee & Kaffee stehen kostenlos zur Verfügung
- Work-Life-Balance: Gleitzeit, viele Mitarbeiterevents und Teamaktivitäten
- Attraktive Konditionen: Marktgerechte Ausbildungsvergütung mit Bonus bei guten Leistungen",,"Dein Profil
- Du hast mittlere Reife, Fach-/Abitur oder bist Studienabbrecher
- Du besitzt gute Deutschkenntnisse (mindestens B2-Niveau)
- Software, Technik & neue Technologien haben dich schon immer begeistert
- Dein Interesse gilt nebst Nutzung insbesondere der Funktionsweise von Software & Technik
- Du hast idealerweise erste Einblicke in Programmierung oder Webentwicklung
- Eine gute Auffassungsgabe, hohe Lernbereitschaft & Eigeninitiative zeichnen dich aus
- Du kannst dich mündlich und schriftlich gut ausdrücken
Deine Vorteile
- Paten-Prinzip: Aktiv begleitete Ausbildung durch deinen Ausbilder und dein Team
- Top-Ausbildung: Überdurchschnittliche Ergebnisse unserer Auszubildenden im Rahmen der IHK-Prüfungen
- Agile Vorgehensweisen: Iterative Entwicklung auf Basis agiler Workflows
- Moderner Arbeitsplatz: Performante Hardware, neueste Tools und Technologien
- Betriebliche Altersvorsorge und aktives Gesundheitsmanagement: diverse Angebote und Kurse
- Infrastruktur: Modernes Firmengebäude, kostenlose Parkplätze
- Getränke: Wasser, Softdrinks, Tee & Kaffee stehen kostenlos zur Verfügung
- Work-Life-Balance: Gleitzeit, viele Mitarbeiterevents und Teamaktivitäten
- Attraktive Konditionen: Marktgerechte Ausbildungsvergütung mit Bonus bei guten Leistungen",Ausbildung | Fachinformatiker/in für Anwendungsentwicklung (m/w/d),"Das sind wirWir entwickeln am Standort Altenstadt a. d. Waldnaab Software für den digitalen Handel. Als E-Commerce-Softwarehaus sind wir darauf spezialisiert, digitale Plattformen wie z. B. Online-Shops oder Serviceportale zu entwickeln, zu vernetzen und zu betreiben. Seit 2005 verwirklichen wir als erfahrene Softwarearchitekten technisch exzellente digitale Lösungen. Unser Ziel dabei ist es, automatisierte Prozesse für Hersteller und Händler sowie ein herausragendes Nutzererlebnis für deren Kunden zu verwirklichen. Dafür bauen wir auf eigenentwickelte Softwareprodukte und schaffen verlässliche Schnittstellen. Unsere rund 100 Mitarbeiter genießen dabei viele zeitliche und räumliche Gestaltungsmöglichkeiten innerhalb einer agilen Arbeitswelt.",,https://www.speed4trade.com/,https://www.speed4trade.com/,company,jobs@speed4trade.com,https://www.ausbildung.de/direktbewerbung/ausbildung-fachinformatiker-in-fuer-anwendungsentwicklung-m-w-d-bei-speed4trade-gmbh-in-altenstadt-an-der-waldnaab-3d94c35a-56ca-4ee7-b5b2-3f28e2ddc6e2/,https://www.ausbildung.de/direktbewerbung/ausbildung-fachinformatiker-in-fuer-anwendungsentwicklung-m-w-d-bei-speed4trade-gmbh-in-altenstadt-an-der-waldnaab-3d94c35a-56ca-4ee7-b5b2-3f28e2ddc6e2/,https://www.ausbildung.de/direktbewerbung/ausbildung-fachinformatiker-in-fuer-anwendungsentwicklung-m-w-d-bei-speed4trade-gmbh-in-altenstadt-an-der-waldnaab-3d94c35a-56ca-4ee7-b5b2-3f28e2ddc6e2/,externe,,,,ausbildung_de,https://www.ausbildung.de/stellen/ausbildung-fachinformatiker-in-fuer-anwendungsentwicklung-m-w-d-bei-speed4trade-gmbh-in-altenstadt-an-der-waldnaab-3d94c35a-56ca-4ee7-b5b2-3f28e2ddc6e2/,False,,67,2026-06-11T11:20:53.469853+00:00
AD-510dc4dd-6d2c-4b6d-a392-837a922fab61,ausbildung_de_ae,SV Informatik GmbH,,Wiesbaden,Bahnhofstraße 69 65185 Wiesbaden Hessen,"Ausbildung Fachinformatiker/in für Anwendungsentwicklung (m/w/d)

Das erwartet Dich bei uns :

Mittlere Reife","1. Jahr: 1455 €
2. Jahr: 1532 €
3. Jahr: 1620 €",Mittlere Reife,Ausbildung | Fachinformatiker/in für Anwendungsentwicklung (m/w/d),"Die SV Informatik - ganz schön vielseitig. Du kennst uns noch nicht? Wir sind ein IT-Unternehmen und 100%-ige Tochter der SV SparkassenVersicherung mit Hauptsitz in Mannheim. Wir beschäftigen um die 520 Mitarbeitenden, verteilt über 5 Standorte. Unsere Aufgabe: Wir kümmern uns um maßgeschneiderte IT-Lösungen für Versicherungen. Das ist spannender als es klingt, denn wir gestalten tatsächlich die Zukunft einer riesigen Branche. Dafür brauchen wir Menschen wie dich, die neu denken, mutig sind, Lust auf Teamwork haben und sich engagiert und kreativ einbringen - Menschen wie dich! Wir als Arbeitgeber. Egal ob Ausbildung oder duales Studium - die Förderung junger Menschen wird bei uns groß geschrieben. Nach deinem Abschluss hast du bei uns top Übernahmechancen und ein breites Stellenangebot zur Verfügung. Bei uns stehst du im Mittelpunkt. Das Arbeiten bei der SV Informatik zeichnet sich durch eine entspannte Atmosphäre und ein wertschätzender Umgang aus. Jede Meinung zählt und das gute Miteinander spüren neue Mitarbeitende schon am ersten Arbeitstag. Bei uns kochst du keinen Kaffee oder kopierst, sondern lenkst die Zukunft. Denn schon zu Beginn übernimmst du Verantwortung und bringst deine eigenen Ideen ein, um Projekte weiterzubringen. Mit deinem eigenen Surface bist du mobil und kannst dich an verschiedenen Ausbildungsstationen einbringen. Die SV Informatik wächst mit dir und du wächst mit uns!",,https://www.sv-informatik.de/karriere,https://www.sv-informatik.de/karriere,company,,https://www.gemeinsam-zukunft-entwickeln.de/sv-informatik/position-4910,https://www.gemeinsam-zukunft-entwickeln.de/sv-informatik/position-4910,https://www.gemeinsam-zukunft-entwickeln.de/sv-informatik/position-4910,externe,"- Deine persönlichen Ansprechpartner und Ausbilder begleiten Dich vom ersten Tag an bis zu Deinem IHK Abschluss.
- Lerne in einem Einführungsmonat unser Unternehmen mit seinen vielfältigen Programmen und Technologien sowie die anderen Azubis kennen.
- Teamevents und Trainings inkl. Prüfungsvorbereitung
- Fachübergreifende Seminare und Workshops
- Dein Wissen aus Theorie und Praxis in eigenen Projekten umsetzen und mit uns die Zukunft gestalten.
- Du wirst mit neuester Hardware ausgestattet.
Das erwarten wir von Dir:
- Du hast einen guten bis sehr guten Realschulabschluss oder das (Fach-)Abitur- auch Studienabbrecher sind herzlich willkommen!
- Du hast gute Noten in Mathematik und Deutsch.
- Die IT-Welt begeistert Dich und Du hast Spaß an der Programmierung.
- Du verstehst komplexe Zusammenhänge und kannst Dir Wissen eigenständig aneignen.
- Du bist engagiert, möchtest Verantwortung übernehmen und Deine eigenen Ideen einbringen.
- Es macht Dir Spaß, gemeinsam im Team Projekte zu verwirklichen.
Deine Ansprechpartnerin:
Nadja Haumbach, Mobil +49 1511 0513 586",,,ausbildung_de,https://www.ausbildung.de/stellen/ausbildung-fachinformatiker-in-fuer-anwendungsentwicklung-m-w-d-bei-sv-informatik-gmbh-in-wiesbaden-d5aa1563-c391-447b-b7d7-23c8df39ab5e/,False,,73,2026-06-11T11:20:55.260269+00:00
AD-d6a0cc00-5109-4569-89f0-4eff36f4b065,ausbildung_de_ae,TÜV Rheinland Service GmbH,,Köln,Am Grauen Stein 51105 Köln Nordrhein-Westfalen,"Ausbildung Fachinformatiker/in für Anwendungsentwicklung (m/w/d)

Deine Aufgaben
- Planung und Konfiguration: Bei uns erlernst du, wie du IT-Infrastrukturen und Client-Server-Systeme planen und konfigurieren kannst. Hierbei stattest du Arbeitsplätze kundengerecht aus, integrierst Clients in Netzwerke und führst Schutzbedarfsanalysen durch. Auch Softwareanpassungen und die Planung, Einrichtung, Wartung und Administration von Systemen und Rechnernetzen erlernst du in unserer konzernweiten IT-Umgebung.
- Netzwerke und Dienste: Du stehst den Anwendern in unserer weltweit verzweigten Microsoft-Umgebung zur Seite und kennst auf nahezu jede Frage eine Antwort.
- Vertiefung Anwendungsentwicklung: Du tauchst tief in die Welt der Anwendungsentwicklung ein, gestaltest Benutzerschnittstellen, realisierst umfassende Anwendungssysteme und entwickelst individuelle Lösungen für unsere Kunden.
- Kontinuierliches Lernen und persönliche Weiterentwicklung: Regelmäßige interne und externe Schulungen sorgen dafür, dass du immer auf dem neuesten Stand der Technik bleibst.
- Ausbildungsbeginn: 01.09.2026.

Das bringst du mit
- Schulische Voraussetzung: Du hast die mittlere Reife oder Fachhochschulreife/Abitur mit guten Noten in den naturwissenschaftlichen Fächern, Englisch und bestenfalls Informatik absolviert.
- Sprachkenntnisse: Sehr gute Englischkenntnisse in Wort und Schrift bringen dich bei uns weiter.
- Technikbegeisterung: Dein Interesse für IT ist tiefgründig und du bleibst immer auf dem neuesten Stand der Technik.
- Deine Persönlichkeit: Du bist motiviert, zuverlässig, neugierig und hast Spaß am Arbeiten im Team.","1. Jahr: 1120,53 €
2. Jahr: 1173,37 €
3. Jahr: 1253,92 €","Das bringst du mit
- Schulische Voraussetzung: Du hast die mittlere Reife oder Fachhochschulreife/Abitur mit guten Noten in den naturwissenschaftlichen Fächern, Englisch und bestenfalls Informatik absolviert.
- Sprachkenntnisse: Sehr gute Englischkenntnisse in Wort und Schrift bringen dich bei uns weiter.
- Technikbegeisterung: Dein Interesse für IT ist tiefgründig und du bleibst immer auf dem neuesten Stand der Technik.
- Deine Persönlichkeit: Du bist motiviert, zuverlässig, neugierig und hast Spaß am Arbeiten im Team.",Ausbildung | Fachinformatiker/in für Anwendungsentwicklung (m/w/d),"Sicherheit und Qualität in fast allen Bereichen unseres Lebens und der Wirtschaft – dafür steht TÜV Rheinland. Seit über 150 Jahren sind wir tätig und zählen heute zu den weltweit führenden Prüfdienstleistern.Mit mehr als 22.000 Mitarbeiterinnen und Mitarbeitern in über 50 Ländern sind wir global aufgestellt und erzielen einen Jahresumsatz von über 2,4 Milliarden Euro. Unsere hoch qualifizierten Expertinnen und Experten prüfen technische Anlagen und Produkte rund um die Welt.Wir begleiten Innovationen in Technik und Wirtschaft, bieten Schulungen in diversen Berufen an und zertifizieren Managementsysteme nach internationalen Standards. So sorgen wir für Vertrauen in globalen Warenströmen und Wertschöpfungsketten.Seit 2006 sind wir Mitglied im Global Compact der Vereinten Nationen und setzen uns für mehr Nachhaltigkeit und gegen Korruption ein.",,https://www.tuv.com/germany/de/,https://www.tuv.com/germany/de/,company,,https://jobs.tuv.com/de/job/Ausbildung-Fachinformatiker_-in-w_m_d-Systemintegration-oder-Anwendungsentwicklung-w_m_d-Koeln?id=15150,https://jobs.tuv.com/de/job/Ausbildung-Fachinformatiker_-in-w_m_d-Systemintegration-oder-Anwendungsentwicklung-w_m_d-Koeln?id=15150,https://jobs.tuv.com/de/job/Ausbildung-Fachinformatiker_-in-w_m_d-Systemintegration-oder-Anwendungsentwicklung-w_m_d-Koeln?id=15150,externe,,,,ausbildung_de,https://www.ausbildung.de/stellen/ausbildung-fachinformatiker-in-fuer-anwendungsentwicklung-m-w-d-bei-tuev-rheinland-service-gmbh-in-koeln-add8155a-016f-4789-80cd-2a74427199ea/,False,,67,2026-06-11T11:20:57.330497+00:00
AD-1eefe67a-e3f0-4dff-b375-6e84ce49a6f6,ausbildung_de_ae,UFP Deutschland GmbH,,Kamp-Lintfort,Carl-Friedrich-Gauß-Str. 11 47475 Kamp-Lintfort Nordrhein-Westfalen,"Ausbildung Fachinformatiker/in für Anwendungsentwicklung (m/w/d)

Voraussetzungen:
- Motivation und Freude am Lösen von Aufgaben/Herausforderungen
- ""Geht nicht gibt's nicht"" - Mentalität
- Gutes technisches Verständnis
- Interesse an Informatik, IT-Systemen, Anwendungsentwicklung und Programmierung
- Teamfähigkeit und Selbstständigkeit
- Kommunikationsfähigkeit
- Erste Programmierkenntnisse von Vorteil
- Sprachkenntnisse: Deutsch C2 und Englisch B1
‐ Umschüler, die den praktischen Teil ihrer Ausbildung abgeschlossen haben, sind herzlich willkommen.

Wir bieten:
- Teamarbeit in einer kollegialen und freundlichen Arbeitsatmosphäre
- Eigenständiges Arbeiten mit vielen Gestaltungsmöglichkeiten
- Digitale Arbeitsausstattung mit Laptop
- Gleitzeitregelung mit Überstundenausgleich
- Vermögenswirksame Leistungen
- Prämienzahlung bei gutem Handelskammerabschluss
Nach erfolgreich abgeschlossener Ausbildung hast Du bei guter Leistung sehr gute Chancen auf eine Übernahme",,"Voraussetzungen:
- Motivation und Freude am Lösen von Aufgaben/Herausforderungen
- ""Geht nicht gibt's nicht"" - Mentalität
- Gutes technisches Verständnis
- Interesse an Informatik, IT-Systemen, Anwendungsentwicklung und Programmierung
- Teamfähigkeit und Selbstständigkeit
- Kommunikationsfähigkeit
- Erste Programmierkenntnisse von Vorteil
- Sprachkenntnisse: Deutsch C2 und Englisch B1
‐ Umschüler, die den praktischen Teil ihrer Ausbildung abgeschlossen haben, sind herzlich willkommen.",Ausbildung | Fachinformatiker/in für Anwendungsentwicklung (m/w/d),"Die UFP Deutschland GmbH zählt seit Jahren zu den größten Distributoren für EDV-Verbrauchsmaterialien. In unserem Produktportfolio sind mittlerweile alle namhaften Hersteller für Verbrauchsmaterialien, Drucker, Multifunktionsgeräte, Kopierer, Faxgeräte, Speichermedien, Shredder, Laminatoren sowie Computerzubehör vertreten.Wir betreuen als Distributor seit über 20 Jahren rund 5.000 Fachhandelskunden der IT-Branche. Das Produktportfolio umfasst mehr als 15.000 Produkte namhafter Hersteller. Mit rund 30 direkten Herstellerverträgen gewährleisten wir Vielseitigkeit, Verfügbarkeit und und intensive Partnerschaft.Unsere außerordentliche Kundenorientierung ermöglicht uns, die Ansprüche unserer Kunden jederzeit zu erfüllen und so den langfristigen Erfolg sicherzustellen. Durch langjährige Kenntnisse des Marktes lautet unsere oberste Prämisse hohe Lieferbereitschaft und –pünktlichkeit, faire Preisgestaltung und Verfügbarkeit.","Wir bieten:
- Teamarbeit in einer kollegialen und freundlichen Arbeitsatmosphäre
- Eigenständiges Arbeiten mit vielen Gestaltungsmöglichkeiten
- Digitale Arbeitsausstattung mit Laptop
- Gleitzeitregelung mit Überstundenausgleich
- Vermögenswirksame Leistungen
- Prämienzahlung bei gutem Handelskammerabschluss
Nach erfolgreich abgeschlossener Ausbildung hast Du bei guter Leistung sehr gute Chancen auf eine Übernahme",https://www.ufp.de/(S(iqayvqai1pg1v25fuhh0obfr))/start.aspx,https://www.ufp.de/(S(iqayvqai1pg1v25fuhh0obfr))/start.aspx,company,IT-Ausbildung@ufp.de,https://www.ausbildung.de/direktbewerbung/ausbildung-fachinformatiker-in-fuer-anwendungsentwicklung-m-w-d-bei-ufp-deutschland-gmbh-in-kamp-lintfort-0d788ada-4759-4b5b-aad6-6572d639c9a2/,https://www.ausbildung.de/direktbewerbung/ausbildung-fachinformatiker-in-fuer-anwendungsentwicklung-m-w-d-bei-ufp-deutschland-gmbh-in-kamp-lintfort-0d788ada-4759-4b5b-aad6-6572d639c9a2/,https://www.ausbildung.de/direktbewerbung/ausbildung-fachinformatiker-in-fuer-anwendungsentwicklung-m-w-d-bei-ufp-deutschland-gmbh-in-kamp-lintfort-0d788ada-4759-4b5b-aad6-6572d639c9a2/,externe,,Du bist interessiert? Wir freuen uns auf Deine aussagekräftige Bewerbung und Dein letztes Zeugnis.,,ausbildung_de,https://www.ausbildung.de/stellen/ausbildung-fachinformatiker-in-fuer-anwendungsentwicklung-m-w-d-bei-ufp-deutschland-gmbh-in-kamp-lintfort-0d788ada-4759-4b5b-aad6-6572d639c9a2/,False,,80,2026-06-11T11:20:59.179257+00:00
AD-447b9de3-a743-4bba-bc50-a10f16a77aa5,ausbildung_de_ae,Universitätsklinkum Heidelberg,,Heidelberg,Im Neuenheimer Feld 130.3 69120 Heidelberg Baden-Württemberg,"Ausbildung Fachinformatiker/in für Anwendungsentwicklung (m/w/d)

Das erwartet dich in deiner Ausbildung
Von Anfang an wirst du in unser IT-Team eingebunden und arbeitest an echten Projekten mit.
- Entwicklung und Programmierung von Anwendungen für klinische und administrative Systeme
- Kennenlernen verschiedener Programmiersprachen und moderner Entwicklungsumgebungen
- Analyse von Anforderungen und Umsetzung technischer Lösungen
- Testen von Anwendungen sowie Optimierung bestehender Software
- Zusammenarbeit mit Entwicklerinnen, Entwicklern und IT-Expert:innen aus verschiedenen Bereichen
- Mitarbeit an spannenden Digitalisierungsprojekten im Gesundheitswesen

Das bringst du mit
Für diese Ausbildung solltest du Interesse an IT und Freude am Lösen technischer Herausforderungen mitbringen.
- Ein guter Schulabschluss (Mittlere Reife, Fachhochschulreife oder Abitur)
- Begeisterung für Informatik, Softwareentwicklung und neue Technologien
- Erste Programmiererfahrungen (z. B. Java, Python oder C#) sind hilfreich, aber kein Muss
- Analytisches Denkvermögen und eine strukturierte Arbeitsweise
- Teamgeist, Neugier und Motivation, Neues zu lernen

Darauf kannst Du dich freuen
- Tarifvertraglich geregelte Vergütung (TVA UK) (1. Ausbildungsjahr: 1.405,00 EUR, 2. Ausbildungsjahr: 1.456,00 EUR, 3. Ausbildungsjahr: 1.502,00 EUR)
- Abwechslungsreiche Einsätze mit vielfältigen Einblicken in den UKHD Konzern",,"Das bringst du mit
Für diese Ausbildung solltest du Interesse an IT und Freude am Lösen technischer Herausforderungen mitbringen.
- Ein guter Schulabschluss (Mittlere Reife, Fachhochschulreife oder Abitur)
- Begeisterung für Informatik, Softwareentwicklung und neue Technologien
- Erste Programmiererfahrungen (z. B. Java, Python oder C#) sind hilfreich, aber kein Muss
- Analytisches Denkvermögen und eine strukturierte Arbeitsweise
- Teamgeist, Neugier und Motivation, Neues zu lernen",Ausbildung | Fachinformatiker/in für Anwendungsentwicklung (m/w/d),"Das Universitätsklinikum Heidelberg gehört mit 2.589 Betten zu den größten und renommiertesten medizinischen Zentren in Deutschland. Jedes Jahr werden circa 80.000 Patienten voll- und teilstationär und mehr als 1.275.000 Patienten ambulant betreut. Die Kliniken des Universitätsklinikums sind, bis auf die Orthopädie/Traumatologie und Psychiatrie, im Neuenheimer Feld kreisförmig miteinander verbunden. Im Zentrum dieses Heidelberger Klinikrings befindet sich eine Ruhe- und Erholungszone. Der Klinikring sorgt für kurze Wege und bündelt die meisten medizinischen Fachgebiete in einem Radius von zwei Kilometern. Das Universitätsklinikum Heidelberg ist mit über 15.000 Mitarbeiter/-innen in über 100 Berufen größter Arbeitgeber in Heidelberg und bezüglich der Ausbildungen größer Ausbilder der Region.","Darauf kannst Du dich freuen
- Tarifvertraglich geregelte Vergütung (TVA UK) (1. Ausbildungsjahr: 1.405,00 EUR, 2. Ausbildungsjahr: 1.456,00 EUR, 3. Ausbildungsjahr: 1.502,00 EUR)
- Abwechslungsreiche Einsätze mit vielfältigen Einblicken in den UKHD Konzern",https://www.ukhd.de,https://www.ukhd.de,company,Ausbildungszentrum.ZDI@med.uni-heidelberg.de,https://karriere.klinikum.uni-heidelberg.de/index.php?ac=jobad&id=27463,https://karriere.klinikum.uni-heidelberg.de/index.php?ac=jobad&id=27463,https://karriere.klinikum.uni-heidelberg.de/index.php?ac=jobad&id=27463,externe,"- Persönliche Ansprechpartner über die gesamte Ausbildungszeit
- Regelmäßige Feedbackgespräche
- Chance auf Übernahme und Entwicklungsmöglichkeiten nach der Ausbildung
- Vergünstigtes Deutschlandticket
- Vielfältige Gesundheits- und Sportangebote (u.a. Hochschulsport)
- Zugriff auf die Universitätsbibliothek
- UKHD-Sommerfest
Kontakt
Interessiert?
Wir freuen uns auf Ihre Bewerbug direkt online.
Zentrum für Digitalisierung und Informationstechnologie (ZDI)
Ausbildungsleitung IT
Berliner Str. 49
69120 Heidelberg
Ausbildungszentrum.zdi@med.uni-heidelberg.de",,,ausbildung_de,https://www.ausbildung.de/stellen/ausbildung-fachinformatiker-in-fuer-anwendungsentwicklung-m-w-d-bei-universitaetsklinkum-heidelberg-in-heidelberg-6214c7b6-c08d-41fb-9895-19540b50a122/,False,,80,2026-06-11T11:21:01.590730+00:00
AD-6fbfa606-d07c-4bdb-9b9e-a49c02da0084,ausbildung_de_ae,VIDEOR E. Hartig GmbH,,Rödermark,Carl-Zeiss-Str. 8 63322 Rödermark Hessen,"Ausbildung Fachinformatiker/in für Anwendungsentwicklung (m/w/d)

Das lernst Du:
- Du arbeitest von Anfang an in einem erfahrenen Team aus Softwareentwicklerinnen und Softwareentwicklern, die dich auf deinem Weg unterstützen.
- Nach deiner Einarbeitung übernimmst du erste eigene Projekte in der Softwareentwicklung, zum Beispiel die Erweiterung oder Neuentwicklung eines Softwaremoduls. Dabei lernst du nicht nur zu programmieren, sondern auch, Projekte zu planen und im Team effizient zusammenzuarbeiten.
- Du erhältst umfassendes Wissen über unsere Software- und Hardwareprodukte sowie die zugehörigen Technologien, zum Beispiel Softwaretechnik, Netzwerktechnik und IT-Sicherheit. Im weiteren Verlauf deiner Ausbildung setzt du dein erworbenes Fachwissen ein, um unsere Produkte weiterzuentwickeln und in Kooperation mit externen Entwicklerteams zu arbeiten.

Das bringst Du mit:
- Einen guten Realschulabschluss oder (Fach-)Abitur
- Erste Erfahrungen in mindestens einer Programmiersprache
- Idealerweise bereits kleine selbst umgesetzte Projekte (Programmierung und/oder Hardware), auf die du stolz bist
- Ausgeprägtes Interesse an Technik und den Wunsch, Dinge im Detail zu verstehen
- Engagement, Kreativität und die Fähigkeit, selbstständig zu recherchieren
- Du lässt dich auch von englischen Texten nicht abschrecken und arbeitest dich gern eigenständig in neue Themen ein

Das bieten wir Dir:
Lerne bei einem der Besten! Wir wurden 2025 bereits zum fünften Mal in Folge von TOP Ausbildung als einer von „Deutschlands TOP Ausbildungsunternehmen“ ausgezeichnet. Neben regelmäßigen Social Life Events wie bspw. unserer Gesundheitswoche, dem Sommerfest mit Flammkuchen-Foodtruck, dem Azubi-Ausflug oder gemeinsamem Grillen bieten wir dir ein familiäres Umfeld, in welchem Du als Person und Deine Ideen sowie Expertise gleichermaßen geschätzt werden. Während Deiner Einarbeitungsphase steht Dir ein persönlicher Pate bei allen Fragen gerne zur Seite. Wir bieten Dir eine faire Vergütung inkl. Prämie, sehr gute Übernahmechancen und ein sehr flexibles Arbeitszeitmodell. Dienstags ist unser Teamtag und in einer Woche pro Monat treffen sich alle Kolleginnen und Kollegen in Rödermark zur VIDEOR-Team-Woche mit Strategiearbeit, Workshops sowie internen und externen Meetings und Get-Togethers. An den restlichen Tagen profitierst Du von unserem Hybrid-Modell und kannst im Mobile Office arbeiten oder in der Firma, ganz wie Du es möchtest. Wir bieten Dir vielfältige Benefits wie z. B. vermögenswirksame Leistungen, eine monatliche zusätzliche Aufladung auf Deine GivveCard, ein RMV-Schülerticket, die Mobile Office Ausstattung und Weiterbildungs-, Sport- und Gesundheitsangebote wie z. B. unseren Fitnesszuschuss und Dein persönliches Gesundheitsbudget
Weitere Informationen über die Ausbildung bei VIDEOR erhältst Du auch auf unserem Instagram Kanal. Haben wir Dein Interesse geweckt? Dann freuen wir uns auf Deine aussagekräftige Bewerbung über unsere Karriereseite. Für telefonische Vorabinformationen rufe uns gerne an.","1. Jahr: 950 €
2. Jahr: 1,025 €
3. Jahr: 1,100 €","Das bringst Du mit:
- Einen guten Realschulabschluss oder (Fach-)Abitur
- Erste Erfahrungen in mindestens einer Programmiersprache
- Idealerweise bereits kleine selbst umgesetzte Projekte (Programmierung und/oder Hardware), auf die du stolz bist
- Ausgeprägtes Interesse an Technik und den Wunsch, Dinge im Detail zu verstehen
- Engagement, Kreativität und die Fähigkeit, selbstständig zu recherchieren
- Du lässt dich auch von englischen Texten nicht abschrecken und arbeitest dich gern eigenständig in neue Themen ein",Ausbildung | Fachinformatiker/in für Anwendungsentwicklung (m/w/d),"VIDEOR ist der führende Spezialist für Video- und Sicherheitstechnik in Deutschland, Österreich und der Schweiz. Als Familienunternehmen in der dritten Generation sind wir nun seit 50 Jahren an unserem Sitz in Rödermark aktiv. Die zentrale Lage zwischen den Städten Frankfurt, Darmstadt und Aschaffenburg, die gute Verkehrsanbindung und die weitläufigen Grünzüge der Untermainebene prägen unseren attraktiven Standort. In unserem professionellen Webshop bieten wir mehr als 8.000 Produkte von über 50 namhaften Herstellern, unter anderem aus den Bereichen Überwachungs-, Übertragungs- und Speichertechnik sowie Sensorik an. Viele davon haben wir in unserem 1.600 m² großen Lager sofort vorrätig oder können sie kurzfristig beschaffen. In der Warenannahme und im Versand wickeln wir täglich bis zu 200 Bestellungen für unsere nationalen und internationalen Kunden ab.Aber auch bei der Projektplanung, in unserer eigenen Werkstatt, im Service und in unserer VIDEOR Academy sind die über 100 VIDEOR Kolleginnen und Kollegen jeden Tag gemeinsam für unsere nationalen und internationalen Kunden da. Welchen Weg auch immer du bei uns einschlägst...wir begleiten dich bei deinen ersten Schritten ins Unternehmen und in die Welt der Video- und Sicherheitstechnik. Während des Onboardings lernst du alle Abteilungen kennen und durchläufst mehrere Schulungen, sowohl „on the job“ als auch an der VIDEOR Academy.Natürlich wirst du in den ersten Wochen und Monaten viele Fragen und jede Menge Gesprächsbedarf haben, das ging uns allen so. Daher hast du in dieser intensiven Phase persönliche Patinnen und Paten an deiner Seite, die du jederzeit „löchern“ kannst und die dir dabei helfen, bei den vielen neuen Eindrücken den Überblick zu behalten und dich auf VIDEOR einzugrooven.","Das bieten wir Dir:
Lerne bei einem der Besten! Wir wurden 2025 bereits zum fünften Mal in Folge von TOP Ausbildung als einer von „Deutschlands TOP Ausbildungsunternehmen“ ausgezeichnet. Neben regelmäßigen Social Life Events wie bspw. unserer Gesundheitswoche, dem Sommerfest mit Flammkuchen-Foodtruck, dem Azubi-Ausflug oder gemeinsamem Grillen bieten wir dir ein familiäres Umfeld, in welchem Du als Person und Deine Ideen sowie Expertise gleichermaßen geschätzt werden. Während Deiner Einarbeitungsphase steht Dir ein persönlicher Pate bei allen Fragen gerne zur Seite. Wir bieten Dir eine faire Vergütung inkl. Prämie, sehr gute Übernahmechancen und ein sehr flexibles Arbeitszeitmodell. Dienstags ist unser Teamtag und in einer Woche pro Monat treffen sich alle Kolleginnen und Kollegen in Rödermark zur VIDEOR-Team-Woche mit Strategiearbeit, Workshops sowie internen und externen Meetings und Get-Togethers. An den restlichen Tagen profitierst Du von unserem Hybrid-Modell und kannst im Mobile Office arbeiten oder in der Firma, ganz wie Du es möchtest. Wir bieten Dir vielfältige Benefits wie z. B. vermögenswirksame Leistungen, eine monatliche zusätzliche Aufladung auf Deine GivveCard, ein RMV-Schülerticket, die Mobile Office Ausstattung und Weiterbildungs-, Sport- und Gesundheitsangebote wie z. B. unseren Fitnesszuschuss und Dein persönliches Gesundheitsbudget
Weitere Informationen über die Ausbildung bei VIDEOR erhältst Du auch auf unserem Instagram Kanal. Haben wir Dein Interesse geweckt? Dann freuen wir uns auf Deine aussagekräftige Bewerbung über unsere Karriereseite. Für telefonische Vorabinformationen rufe uns gerne an.",https://www.videor.com/,https://www.videor.com/,company,a.stramke@videor.com,https://videor.hcm4all.de/applications/wizard/17035,https://videor.hcm4all.de/applications/wizard/17035,https://videor.hcm4all.de/applications/wizard/17035,externe,,,,ausbildung_de,https://www.ausbildung.de/stellen/ausbildung-fachinformatiker-in-fuer-anwendungsentwicklung-m-w-d-bei-videor-e-hartig-gmbh-in-roedermark-f573e0d9-aa32-4bb2-9ba0-a160a5950885/,False,,80,2026-06-11T11:21:03.356056+00:00
AD-ce180a5f-a127-486b-a7ff-772688ffc566,ausbildung_de_ae,Volkswagen Infotainment GmbH,,Bochum,Grete-Schickedanz-Straße 7 44803 Bochum Nordrhein-Westfalen,"Ausbildung Fachinformatiker/in für Anwendungsentwicklung (m/w/d)

Mittlere Reife

Was wir bieten:
- 32 Urlaubstage und Sonderurlaub
- Eigene Projekte planen und umsetzen
- Mentoring-Programm durch Azubi-Lotsen
- Einblicke in diverse Abteilungen und deren spezifischen Anforderungen
- Schulungs- und Weiterbildungsmöglichkeiten
- Jobticket über die Bogestra, Firmen-Laptop und -Smartphone
- Mitarbeitenden- und Leasingangebote
- Teilnahme an Firmen- /Mitarbeitendenevents, Sportaktivitäten
Was Du lernst:
- Du entwickelst neue Applikationen und spezifische Lösungen im Bereich Anwendungsentwicklung
- Du planst, implementierst und verifizierst komplexe automatisierte Software-Systeme
- Du erstellst und planst eigenständig Präsentationen der entwickelten Anwendungen
- Du eignest dir Wissen im Bereich „Systemintegration und Netzwerke“ im IT- und Fahrzeugumfeld an und wirkst aktiv in diesem spannenden Umfeld mit
- Zu Deinen Aufgaben gehören die Testdurchführung, Fehleranalyse und Störungsbeseitigung bei der Tool-Entwicklung
- Du unterstützt dein Projektteam in Bereichen der Qualitätssicherung, Arbeitsorganisation und im Projektmanagement
Was Du mitbringst:
- Du hast Abitur, einen Realschullabschluss, einen weiterqualifizierenden Hauptschulabschluss oder einen vergleichbaren internationalen Abschluss
- Leidenschaft für Technik, Computer und Programmierung begleiten Dich schon länger
- Du hattest schon ersten Kontakt mit Programmieren und „Coding“
- Neugierde auf Innovationen und ein High-Tech Umfeld zeichnen Dich aus
- Hohe Eigeninitiative ist für Dich selbstverständlich
- Du arbeitest gerne mit anderen Menschen an Problemlösungen","1. Jahr: 1327 €
2. Jahr: 1368 €
3. Jahr: 1495 €",Mittlere Reife,Ausbildung | Fachinformatiker/in für Anwendungsentwicklung (m/w/d),"Volkswagen Infotainment GmbH Let’s connect! Das ist nicht nur unser Wunsch für dich und unser Team, sondern auch unser Firmenmotto von der Volkswagen Infotainment GmbH. Darin besteht unser Ansporn: wir arbeiten an den Zukunftstechnologien der Fahrzeugvernetzung und wollen durch unsere Mobilitätslösungen das Leben der Menschen vereinfachen - und dazu müssen sich Automobile und Menschen mit ihrer Außenwelt verbinden. Und genau solche Konnektivitätslösungen entwickelt VWIF (so nennen wir uns kurz) – und stellen somit das Kompetenzzentrum für Konnektivität im Fahrzeug bei Volkswagen dar. Dabei haben wir auch die Nachhaltigkeit im Blick, denn Volkswagen ist der weltweit führende Anbieter nachhaltiger Mobilität. Unseren Hauptstandort haben wir in Bochum, einen weiteren in Wolfsburg-Warmenau. Wir sind eine Konzerntochter der Volkswagen AG und haben das europäische Entwicklungszentrum von Blackberry übernommen. Mittlerweile arbeiten etwa 800 Mitarbeiter und Studenten an der Entwicklung von Kommunikations- und Steuergeräten im Fahrzeugumfeld. Gute Gründe für deine Ausbildung bei Volkswagen Infotainment GmbH 32 Urlaubstage und Sonderurlaub Mentoring-Programm durch Azubi-Lotsen, u. a. Vorbereitung auf die IHK-Prüfungen und Unterstützung in der Berufsschule Einblicke in diverse Abteilungen und deren spezifischen Anforderungen Schulungs- und Weiterbildungsmöglichkeiten Arbeiten in einem kollegialen Umfeld mit kurzen Kommunikationswegen, einer Duz-Kultur vom Praktikanten bis zum Geschäftsführer sowie immer offenen Türen und hilfsbereiten, engagierten Kollegen und Kolleginnen Firmen-Ticket, -Laptop und -Handy Mitarbeiter- und Leasingangebote Teilnahme an Firmen- /Mitarbeiterevents, Sportaktivitäten Da wir bei VWIF immer weiter wachsen, suchen wir nach motivierten Azubis, die uns bei der täglichen Arbeit als vollwertiges Teammitglied unterstützen. Eine Ausbildung kannst du bei uns im technischen und kaufmännischen Bereich machen. Hier eine Übersicht über die verschiedenen Ausbildungsberufe: Ausbildung zum/zur Fachinformatiker/in für Systemintegration Ausbildung zum/zur Fachinformatiker/in für Anwendungsentwicklung Ausbildung zur/zum Kaufmann/-frau für Büromanagement – Schwerpunkte Veranstaltungsmanagement und Öffentlichkeitsarbeit und Assistenz und Sekretariat Ausbildung zur/zum Kaufmann/-frau für Büromanagement – Schwerpunkte Personalwirtschaft und Assistenz und Sekretariat Die Ausbildung bei Volkswagen Infotainment GmbH Mit einer Ausbildung im Konzern des größten Automobilherstellers und Mobilitätsdienstleisters der Welt bist du bestens für deine berufliche Zukunft gerüstet. Bei uns wirst du von Anfang an durch Azubi-Lotsen betreut und lernst verschiedenste Abteilungen kennen. Du wirst in einer Gruppe mit mehreren Azubis durch geschulte Ansprechpartner unterstützt und arbeitest an Azubi-Projekten mit. Aktuell beschäftigen wir 18 Auszubildende in 4 unterschiedlichen Ausbildungsberufen. Wir legen Wert auf ein gutes Arbeitsklima, u. a. mit Duz-Kultur, flexiblen Arbeitszeiten sowie 32 Urlaubstagen und Sonderurlaub. Natürlich kannst du dich auch auf viele Benefits wie ein Firmenhandy und Firmenlaptop, moderne IT-Arbeitsmittel mit der Möglichkeit zur Privatnutzung, Freigetränke, Corporate Benefits und Mitarbeiterevents freuen. Du willst dich weiterbilden? Kein Problem – wir bieten dir umfangreiche Schulungen und Weiterbildungen sowie ein Employee Assistance Program. Neugierig geworden? Dann kannst du uns auch gerne bei einem unserer Bewerbertage besuchen und uns kennenlernen. Wenn du ein Teamplayer bist, hohe Eigeninitiative besitzt und an Innovationen sowie an einem High-Tech-Umfeld interessiert bist, dann schick uns deine Bewerbung einfach über unser Online-Portal und werde Teil des großen Teams!","Was wir bieten:
- 32 Urlaubstage und Sonderurlaub
- Eigene Projekte planen und umsetzen
- Mentoring-Programm durch Azubi-Lotsen
- Einblicke in diverse Abteilungen und deren spezifischen Anforderungen
- Schulungs- und Weiterbildungsmöglichkeiten
- Jobticket über die Bogestra, Firmen-Laptop und -Smartphone
- Mitarbeitenden- und Leasingangebote
- Teilnahme an Firmen- /Mitarbeitendenevents, Sportaktivitäten
Was Du lernst:
- Du entwickelst neue Applikationen und spezifische Lösungen im Bereich Anwendungsentwicklung
- Du planst, implementierst und verifizierst komplexe automatisierte Software-Systeme
- Du erstellst und planst eigenständig Präsentationen der entwickelten Anwendungen
- Du eignest dir Wissen im Bereich „Systemintegration und Netzwerke“ im IT- und Fahrzeugumfeld an und wirkst aktiv in diesem spannenden Umfeld mit
- Zu Deinen Aufgaben gehören die Testdurchführung, Fehleranalyse und Störungsbeseitigung bei der Tool-Entwicklung
- Du unterstützt dein Projektteam in Bereichen der Qualitätssicherung, Arbeitsorganisation und im Projektmanagement
Was Du mitbringst:
- Du hast Abitur, einen Realschullabschluss, einen weiterqualifizierenden Hauptschulabschluss oder einen vergleichbaren internationalen Abschluss
- Leidenschaft für Technik, Computer und Programmierung begleiten Dich schon länger
- Du hattest schon ersten Kontakt mit Programmieren und „Coding“
- Neugierde auf Innovationen und ein High-Tech Umfeld zeichnen Dich aus
- Hohe Eigeninitiative ist für Dich selbstverständlich
- Du arbeitest gerne mit anderen Menschen an Problemlösungen",https://www.volkswagen-infotainment.com/de.html,https://www.volkswagen-infotainment.com/de.html,company,recruiting@volkswagen-infotainment.com,https://jobs.volkswagen-group.com/VW_Infotainment/job/Bochum-Ausbildung-zum-Fachinformatiker-f%C3%BCr-Anwendungsentwicklung-%28mwd%29-Nord-44803/1239746101/,https://jobs.volkswagen-group.com/VW_Infotainment/job/Bochum-Ausbildung-zum-Fachinformatiker-f%C3%BCr-Anwendungsentwicklung-%28mwd%29-Nord-44803/1239746101/,https://jobs.volkswagen-group.com/VW_Infotainment/job/Bochum-Ausbildung-zum-Fachinformatiker-f%C3%BCr-Anwendungsentwicklung-%28mwd%29-Nord-44803/1239746101/,externe,"- Du gehst kompetent und offen mit internen und externen Ansprechpartnern um
- Sehr gute Deutschkenntnisse sind erforderlich
- Gute Englischkenntnisse sind wünschenswert","Bitte sende uns Deine vollständigen Bewerbungsunterlagen (Bewerbungs- und Motivationsschreiben, Lebenslauf, Zeugnisse) bis spätestens zum 26.06.2026 zu! Unvollständige Bewerbungen und Bewerbungen, die später eingehen, können wir im Auswahlverfahren leider nicht berücksichtigen.",,ausbildung_de,https://www.ausbildung.de/stellen/ausbildung-fachinformatiker-in-fuer-anwendungsentwicklung-m-w-d-bei-volkswagen-infotainment-gmbh-in-bochum-707ce3d3-0633-4139-8933-68f3619bf603/,False,,93,2026-06-11T11:21:05.307249+00:00
AD-8cecb9f8-2398-4391-9fd7-1d9dd4e92fde,ausbildung_de_ae,WITRON Logistik + Informatik GmbH,,Parkstein,Neustädter Str. 21 92711 Parkstein Bayern,"Ausbildung Fachinformatiker/in für Anwendungsentwicklung (m/w/d)

Mittlere Reife

Wir bieten dir
- übertarifliche Ausbildungsvergütung & Gewinnbeteiligung
- Führerscheinzuschuss in Höhe von bis zu 1.500 €
- diverse Prämien für gute Leistungen
- stark bezuschusste Verpflegung in unseren 5 Kantinen
- verschiedene Azubi-Events und Veranstaltungen
Deine Rolle in unserem Team
- nachdem du die Grundkenntnisse der Programmierung erlernt hast, wirst du sie in der täglichen Projektarbeit anwenden und sehr früh wertvolle Erfahrungen in der Anwendung von Programmiersprachen sammeln
- du erstellst Datenbanken, Dokumentationen und Programme
- die Durchführung von Softwaretests und die Inbetriebnahme von Softwarelösungen gehört genauso dazu, wie deren Analyse, Planung und Realisierung, das bedeutet ständiges entwickeln, testen, anpassen und aktualisieren von Tools – daher wird in diesem Beruf nie Langeweile aufkommen
- ab 18 Jahren darfst du an unterschiedlichen Standorten in Europa das Erlernte in einer unserer Anlagen anwenden, dich aktiv in ein Kundenprojekt mit einbringen und täglich neuen Herausforderungen begegnen
- ob interne Schulungen oder Vorbereitung auf diverse Prüfungen – dein Team kümmert sich um dich, damit du optimal in deine Zukunft starten kannst
Deine Ausbildung im Überblick
- Start: jährlich zum 1. September
- Ausbildungsdauer: 3 Jahre
- Berufsschule: Wiesau (Blockschulunterricht)
Du passt gut zu uns mit
- gutem Schulabschluss
- guten Noten in Mathematik und Physik
- ausgeprägtem Interesse an Informatik
- logischem Denkvermögen
- Grundkenntnissen in der Programmierung (vorteilhaft, aber keine Voraussetzung)","1. Jahr: 1400 €
2. Jahr: 1500 €
3. Jahr: 1600 €",Mittlere Reife,Ausbildung | Fachinformatiker/in für Anwendungsentwicklung (m/w/d),"WIR SIND WITRON Du liebst es durchzustarten? Dann bist du bei WITRON genau richtig! Seit über 50 Jahren steht unser modernes Familienunternehmen für Hightech-Lösungen in der automatisierten Logistik. Als Weltmarktführer im Lebensmitteleinzelhandel sichern unsere Systeme täglich die Versorgung von über 100 Millionen Menschen – im Laden und online. Doch bei uns zählt nicht nur Technik, sondern vor allem der Mensch. Werte wie Zusammenhalt, Verlässlichkeit und Kollegialität prägen unsere Arbeit – und das spürst du vom ersten Tag an. Unsere Ausbildung hat Tradition und Zukunft: Über 2.000 Auszubildende haben bei uns bereits ihren Weg begonnen – mit Sicherheit, Perspektive und echter Wertschätzung. Dank unseres einzigartigen Stiftungsmodells stehen bei uns nicht kurzfristige Erfolge im Fokus, sondern du als Mensch und langfristiges Mitglied in der WITRON-Familie. DEIN PLUS BEI WITRON Zukunftsperspektive / Karrierechancen Gesunde, leckere und preiswerte Verpflegung in 5 Kantinen Überdurchschnittliche Ausbildungsvergütung 1.500 EUR Zuschuss zum PKW-Führerschein / Mitfahrbörse Gewinnbeteiligung Nichtraucher-Prämie Prämien für gute Leistungen PC-Aktion (Zuschuss für Laptop / Tablet) Ausflüge und Veranstaltungen Eigenes Fitnessstudio / Sporthalle Intensive Prüfungsvorbereitung Berufsunfähigkeits- und Altersvorsorge Krankenzusatzversicherung Kollegialer, moderner Familienbetrieb Internationale Standorte und Projekte LERNE WITRON KENNENYoung Talents WorkshopTauche in den Osterferien für zwei Wochen tiefer in einen Ausbildungsberuf ein und entdecke deine Stärken. Lerne unsere Berufe Elektroniker, Mechatroniker, Fachinformatiker und Metallbauer besser kennen. Dich erwartet ein spannendes Rahmenprogramm mit Besichtigungen und einem erlebnisreichen Ausflug. Das Besondere: Wenn du uns überzeugst, erhältst du zum Ende des Workshops einen Ausbildungsvertrag. WITRON-SchnuppertageErhalte erste Einblicke in all unsere Ausbildungsberufe. Schnuppere einen Tag lang in einen Beruf oder entdecke in einer Woche verschiedene Berufsbilder. So kannst du unterschiedliche Ausbildungen kennenlernen und herausfinden, was am besten zu dir passt. Tausche dich mit Azubis und Ausbildern aus und lerne deine Möglichkeiten bei WITRON kennen. SchülerpraktikumErlebe eine Woche voller abwechslungsreicher Einblicke in deinen Wunschberuf. Wähle aus 13 Praktika in den Sparten Elektrotechnik, Mechanik und Informatik, sowie im kaufmännischen und gastronomischen Bereich. Nutze diese Gelegenheit, um herauszufinden, welcher Beruf am besten zu dir und deinen Talenten passt. IT-CampIn den Herbstferien zeigen wir dir, wie du einen LEGO® MINDSTORMS® Roboter zusammenbauen und programmieren kannst. Entdecke dabei den Beruf „Fachinformatiker für Anwendungsentwicklung“. Präsentiere am Ende des Camps deinen Roboter und gewinne exklusive Preise. Erfahrene WITRON Kollegen verraten dir spannende Tipps und Tricks. KONTAKT Auf karriere.witron.de findest du alle Informationen zur WITRON Gruppe als Arbeitgeber, den Ausbildungs- und Jobangeboten sowie den Ansprechpartner:innen. Wir freuen uns auf deine Bewerbung!","Wir bieten dir
- übertarifliche Ausbildungsvergütung & Gewinnbeteiligung
- Führerscheinzuschuss in Höhe von bis zu 1.500 €
- diverse Prämien für gute Leistungen
- stark bezuschusste Verpflegung in unseren 5 Kantinen
- verschiedene Azubi-Events und Veranstaltungen
Deine Rolle in unserem Team
- nachdem du die Grundkenntnisse der Programmierung erlernt hast, wirst du sie in der täglichen Projektarbeit anwenden und sehr früh wertvolle Erfahrungen in der Anwendung von Programmiersprachen sammeln
- du erstellst Datenbanken, Dokumentationen und Programme
- die Durchführung von Softwaretests und die Inbetriebnahme von Softwarelösungen gehört genauso dazu, wie deren Analyse, Planung und Realisierung, das bedeutet ständiges entwickeln, testen, anpassen und aktualisieren von Tools – daher wird in diesem Beruf nie Langeweile aufkommen
- ab 18 Jahren darfst du an unterschiedlichen Standorten in Europa das Erlernte in einer unserer Anlagen anwenden, dich aktiv in ein Kundenprojekt mit einbringen und täglich neuen Herausforderungen begegnen
- ob interne Schulungen oder Vorbereitung auf diverse Prüfungen – dein Team kümmert sich um dich, damit du optimal in deine Zukunft starten kannst
Deine Ausbildung im Überblick
- Start: jährlich zum 1. September
- Ausbildungsdauer: 3 Jahre
- Berufsschule: Wiesau (Blockschulunterricht)
Du passt gut zu uns mit
- gutem Schulabschluss
- guten Noten in Mathematik und Physik
- ausgeprägtem Interesse an Informatik
- logischem Denkvermögen
- Grundkenntnissen in der Programmierung (vorteilhaft, aber keine Voraussetzung)",https://careers.witron.com/de,https://careers.witron.com/de,company,ausbildung@witron.de,https://careers.witron.com/de/jobs/job/ausbildung-zum-fachinformatiker-fachrichtung-anwendungsentwicklung-m-w-d-ab-01092026-1248,https://careers.witron.com/de/jobs/job/ausbildung-zum-fachinformatiker-fachrichtung-anwendungsentwicklung-m-w-d-ab-01092026-1248,https://careers.witron.com/de/jobs/job/ausbildung-zum-fachinformatiker-fachrichtung-anwendungsentwicklung-m-w-d-ab-01092026-1248,externe,,,,ausbildung_de,https://www.ausbildung.de/stellen/ausbildung-fachinformatiker-in-fuer-anwendungsentwicklung-m-w-d-bei-witron-logistik-informatik-gmbh-in-parkstein-b20b995a-3c10-4e01-b22a-793762133f35/,False,,80,2026-06-11T11:21:07.191750+00:00
AD-1b35421b-888c-423a-9497-95c724661a78,ausbildung_de_ae,Wortmann KG Internationale Schuhproduktionen,,Detmold,Klingenbergstraße 1-3 32758 Detmold Nordrhein-Westfalen,"Ausbildung Fachinformatiker/in für Anwendungsentwicklung (m/w/d)

Das erwartet dich bei uns
Ausbildungsverlauf:
- Die Ausbildungsdauer beträgt 3 Jahre (Verkürzung möglich).
- Der Berufsschulunterricht findet in Blockform am privaten bib International College in Paderborn statt.
- Während der Praxisphasen im Unternehmen tauchst Du tief in die Welt der Softwareentwicklung ein. Dabei wirst Du direkt in spannende Projekte rund um die Weiterentwicklung unseres hauseigenen ERP-Systems eingebunden und unterstützt uns bei der Digitalisierung sowie Verbesserung von Prozessen aus den verschiedensten Unternehmensbereichen.
- Darüber hinaus erhältst Du Einblicke in unsere weiteren IT-Bereiche und lernst zusätzlich die Perspektive der Anwender im Fachbereich kennen.
- Um Dir den Einstieg in den Arbeitsalltag zu erleichtern, bekommst Du einen Azubi-Paten an die Hand.
- Du erhältst viel Verantwortung durch Projektarbeiten, die Mitarbeit am Azubi-Blog oder im Instagram-Team.
- Durch Seminare, Teamtrainings und Azubifahrten fördern wir Deine persönliche und fachliche Weiterbildung.
- Du erhältst ein Sprachtraining in Englisch mit anerkanntem Abschlusszertifikat.
- Wir garantieren Dir hohe Übernahmequoten und somit eine langfristige Perspektive in einem erfolgreichen, innovativen Unternehmensumfeld.
Was uns ausmacht:
- Ein modernes Arbeitsumfeld mit Gestaltungsspielraum, flachen Hierarchien und einer familiären Unternehmenskultur.
- Alles, was Du zum Arbeiten benötigst: Klimatisierte Büros, kostenlose Parkplätze sowie eine moderne Arbeitsplatzumgebung.
- Durch die Gleitzeitregelung der Arbeitszeit bieten wir Dir ein hohes Maß an Flexibilität.
- Mit uns profitierst Du von Sonderkonditionen und Angeboten bei verschiedensten Vertragspartnern über das Portal corporate benefits.
- Durch einen Mitarbeiterrabatt in unserem Fabrikverkauf sowie im Tamaris Onlineshop füllt sich der Schuhschrank wie von allein.
- Fit und entspannt im Alltag: Durch verschiedene kostenlose Betriebssportgruppen, eine Kooperation mit lokalen Fitnessstudios sowie mit dem Anbieter sportnavi.de.
- Wir feiern Erfolg und Gemeinschaft: Arbeitgeberfinanzierte Team-Events und Firmenfeiern sind ein fester Bestandteil
unserer Unternehmenskultur.
- Wir wurden vom Wirtschaftsmagazin „Capital“ und der Talent-Plattform Ausbildung.de bereits zum siebten Mal in Folge als einer der besten Ausbildungsbetriebe Deutschlands mit 5 von 5 Sternen ausgezeichnet.
Was Dich ausmacht:
- Du interessierst Dich für neue Technologien und moderne Softwareentwicklung.
- Du hast bereits erste Erfahrung in der Programmierung gesammelt, sei es in der Schule oder privat.
- Die Begriffe Datentyp, Variable und Prozedur sind keine Fremdwörter für Dich.
- Du denkst gerne um die Ecke und findest kreative Lösungen, wo andere nur Probleme sehen.
- Du hast Bock, Dich in einer Welt voller Veränderung ständig weiterzuentwickeln.
- Du packst Dinge an, anstatt nur darüber zu reden – „Hands-On“ ist für Dich kein Fremdwort.
- Du strebst Dein Abitur, die Fachgebundene Hochschulreife oder die Fachhochschulreife an oder hast einen der genannten Schulabschlüsse bereits erfolgreich bestanden.
- Du kannst gute Durchschnittsnoten in den naturwissenschaftlichen Fächern, insbesondere in Mathematik und den IT-relevanten Fächern, vorweisen.
- Deine Deutschkenntnisse entsprechen mindestens dem Niveau B2.
- Du hast schon erste Erfahrungen gesammelt oder möchtest Dich neu orientieren? Dann bewirb Dich für einen Restart bei uns!

Mittlere Reife",,Mittlere Reife,Ausbildung | Fachinformatiker/in für Anwendungsentwicklung (m/w/d),"Die Wortmann Gruppe gehört zu den größten Schuhproduktions- und -vertriebsunternehmen in Europa und gilt als Marktführer für modische Damenschuhe. Unsere Kollektionen werden weltweit in über 70 Ländern und mehr als 15.000 Schuhgeschäften angeboten. Zur Unternehmensgruppe zählen neben der Topmarke Tamaris die Marken MARCO TOZZI, Caprice, Peter Kaiser und Jana. Dazu kommt die Novi Footwear International Co. Ltd. in Hongkong, die zahlreiche globale Handelsketten zu ihren Kunden zählt.",,https://karriere.wortmann.com/,https://karriere.wortmann.com/,company,,https://karriere.wortmann.com/ausbildung-studium-oqb5t,https://karriere.wortmann.com/ausbildung-studium-oqb5t,https://karriere.wortmann.com/ausbildung-studium-oqb5t,externe,,"Trifft unsere Beschreibung genau auf Dich zu? Dann stell' Dich mit Deinen vollständigen Bewerbungsunterlagen bei uns vor:
- Motivationsschreiben: Warum Du? Warum wir?
- Tabellarischer Lebenslauf
- Die letzten 2 Schulzeugnisse
- Sonstige Qualifikationsnachweise
Wir freuen uns auf Dich!",,ausbildung_de,https://www.ausbildung.de/stellen/ausbildung-fachinformatiker-in-fuer-anwendungsentwicklung-m-w-d-bei-wortmann-kg-internationale-schuhproduktionen-in-detmold-6bd8058a-7bb5-4349-9b52-fb81ac7be651/,False,,67,2026-06-11T11:21:08.945353+00:00
AD-b2486ab7-ac23-49a6-98ba-80a905f76489,ausbildung_de_ae,ZUR MÜHLEN Services GmbH & Co. KG,,Satrup,Hans-Redlefsen-Straße 1 24986 Satrup Schleswig-Holstein,"Ausbildung Fachinformatiker/in für Anwendungsentwicklung (m/w/d)

Das bringst du mit
- Mindestens einen guten Realschulabschluss (MSA) oder Fachhochschulreife mit einem guten Notendurchschnitt oder einen gleichwertigen Abschluss
- Technisches Verständnis und Interesse an IT-Zusammenhängen
- Gute Kommunikationsfähigkeit, hohes Engagement, Servicebereitschaft und Qualitätsbewusstsein
- Motivation, Lernbereitschaft und Teamfähigkeit
- Spaß an Projektarbeit und Technik
Fragen?
ZUR MÜHLEN Services GmbH & Co. KG (auf dem Werksgelände von DöllingHareico Fleisch- und Wurstwaren GmbH & Co. KG)
Hans-Redlefsen-Straße 1
D-24986 Mittelangeln/Satrup
Tel. 04623 77-0
E-Mail: bewerbung[at]zurmuehlen-group.com

Wir bieten dir
- Neben einer fairen Vergütung erhältst du jährlich Urlaubs- und Weihnachtsgeld (Weihnachtsgeld ab dem zweiten Lehrjahr)
- 38,75-Stunden-Woche und Gleitzeit
- Ausbildungsvergütung: 1. Jahr: 1.020 €, 2. Jahr: 1.080 €, 3. Jahr: 1.180 €
- 80 € monatliche Fahrtkostenpauschale zusätzlich zur Ausbildungsvergütung
- Garantierte Übernahme nach der Ausbildung für mind. 1 Jahr
- Wir bieten eine spannende und interessante Ausbildung in einer marktführenden wachsenden Unternehmensgruppe.
- Bei uns wirst du fachlich qualifiziert und zukunftsorientiert ausgebildet – schließlich sind unsere Auszubildenden von heute unsere fähigsten Kräfte von morgen.
- Nach deiner Ausbildung bieten wir hervorragende Übernahmechancen und die Möglichkeit deine Karriere bei uns fortzuführen, um einen langfristigen Arbeitsplatz in einer zukunftssicheren Branche anzunehmen. Hierzu haben wir vielfältige Möglichkeiten in unseren Fachabteilungen.
- Während der Ausbildung unterstützen wir dich tatkräftig und unterstützen dich finanziell bei einem Vorbereitungskurs zur Abschlussprüfung.
- Wir legen Wert auf eine gute Betreuung während der gesamten Ausbildung und vermitteln dir alle Fähigkeiten und Kenntnisse in kollegialer Atmosphäre.","1. Jahr: 1020 €
2. Jahr: 1080 €
3. Jahr: 1180 €","Das bringst du mit
- Mindestens einen guten Realschulabschluss (MSA) oder Fachhochschulreife mit einem guten Notendurchschnitt oder einen gleichwertigen Abschluss
- Technisches Verständnis und Interesse an IT-Zusammenhängen
- Gute Kommunikationsfähigkeit, hohes Engagement, Servicebereitschaft und Qualitätsbewusstsein
- Motivation, Lernbereitschaft und Teamfähigkeit
- Spaß an Projektarbeit und Technik
Fragen?
ZUR MÜHLEN Services GmbH & Co. KG (auf dem Werksgelände von DöllingHareico Fleisch- und Wurstwaren GmbH & Co. KG)
Hans-Redlefsen-Straße 1
D-24986 Mittelangeln/Satrup
Tel. 04623 77-0
E-Mail: bewerbung[at]zurmuehlen-group.com",Ausbildung | Fachinformatiker/in für Anwendungsentwicklung (m/w/d),"Die Zur Mühlen Gruppe – Tradition trifft High-TechHinter bekannten Markengesichtern wie Böklunder, Gutfried, Könecke oder Redlefsen steht einer der bedeutendsten Akteure der europäischen Lebensmittelindustrie: die Zur Mühlen Gruppe. Als eines der führenden Unternehmen im Bereich Fleisch- und Wurstwaren sind wir stolzer Marktführer im deutschen SB-Wurstmarkt.Mit über 5.000 Mitarbeitenden an unseren verschiedenen Standorten produzieren wir jährlich rund 2 Milliarden Packungen, die ihren Weg in über 40 Länder weltweit finden. Wir verbinden traditionelles Handwerk mit modernster Industrie und gestalten die Ernährung von morgen – von klassischen Fleischspezialitäten bis hin zu innovativen vegetarischen und veganen Alternativen.Warum deine Ausbildung bei uns der perfekte Startschuss ist: Sicherheit & Stabilität: Wir arbeiten in einer krisensicheren Branche. Ernährung ist ein Grundbedürfnis – bei uns lernst du in einem Umfeld, das Sicherheit für deine Zukunft bietet. Vielfalt, die begeistert: Mit über 20 verschiedenen Ausbildungsberufen bieten wir für jedes Talent das Richtige – egal ob du Technik-Fan bist, Logistik liebst oder im Büro die Fäden ziehen willst. Modernstes Equipment: Bei uns arbeitest du mit High-End-Technik: Von moderner Robotik über vollautomatisierte Produktionslinien bis hin zu IT-Systemen der neuesten Generation. Echte Perspektiven: Wir bilden aus, um zu übernehmen. Unsere Übernahmequoten sind erstklassig, und wir unterstützen dich aktiv bei deiner Weiterbildung (z. B. zum Meister, Techniker oder Fachwirt). Werde Teil eines Teams, das täglich Millionen Menschen versorgt.","Wir bieten dir
- Neben einer fairen Vergütung erhältst du jährlich Urlaubs- und Weihnachtsgeld (Weihnachtsgeld ab dem zweiten Lehrjahr)
- 38,75-Stunden-Woche und Gleitzeit
- Ausbildungsvergütung: 1. Jahr: 1.020 €, 2. Jahr: 1.080 €, 3. Jahr: 1.180 €
- 80 € monatliche Fahrtkostenpauschale zusätzlich zur Ausbildungsvergütung
- Garantierte Übernahme nach der Ausbildung für mind. 1 Jahr
- Wir bieten eine spannende und interessante Ausbildung in einer marktführenden wachsenden Unternehmensgruppe.
- Bei uns wirst du fachlich qualifiziert und zukunftsorientiert ausgebildet – schließlich sind unsere Auszubildenden von heute unsere fähigsten Kräfte von morgen.
- Nach deiner Ausbildung bieten wir hervorragende Übernahmechancen und die Möglichkeit deine Karriere bei uns fortzuführen, um einen langfristigen Arbeitsplatz in einer zukunftssicheren Branche anzunehmen. Hierzu haben wir vielfältige Möglichkeiten in unseren Fachabteilungen.
- Während der Ausbildung unterstützen wir dich tatkräftig und unterstützen dich finanziell bei einem Vorbereitungskurs zur Abschlussprüfung.
- Wir legen Wert auf eine gute Betreuung während der gesamten Ausbildung und vermitteln dir alle Fähigkeiten und Kenntnisse in kollegialer Atmosphäre.",http://www.zurmuehlengruppe.de,http://www.zurmuehlengruppe.de,company,,https://zurmuehlengruppe.onlyfy.jobs/job/6pexry5a4htgm3ceoeso75wzjtwfuf,https://zurmuehlengruppe.onlyfy.jobs/job/6pexry5a4htgm3ceoeso75wzjtwfuf,https://zurmuehlengruppe.onlyfy.jobs/job/6pexry5a4htgm3ceoeso75wzjtwfuf,externe,,,,ausbildung_de,https://www.ausbildung.de/stellen/ausbildung-fachinformatiker-in-fuer-anwendungsentwicklung-m-w-d-bei-zur-muehlen-aps-co-kg-in-satrup-196f7ab5-124c-437b-bb36-656fd8d6a201/,False,,73,2026-06-11T11:21:10.791151+00:00
AD-5dad96fc-1281-4eaf-855d-334bcd1a35c8,ausbildung_de_ae,Dörken Service GmbH,,Herdecke,Wetterstraße 58 58313 Herdecke Nordrhein-Westfalen,"Ausbildung Fachinformatiker/in für Anwendungsentwicklung (m/w/d) (für 2026)

Mittlere Reife","1.180,00 €, 1.288,00 €, 1.349,00 €",Mittlere Reife,Ausbildung | Fachinformatiker/in für Anwendungsentwicklung (m/w/d) (für 2026),"Die DÖRKENGROUP ist eine mittelständische Gruppe aus Familienunternehmen mit einer über 130-jährigen Tradition. Die Unternehmen entwickeln und produzieren hochwertige Bauverbundfolien und Bautenfarben für die Bauwirtschaft, leistungsstarke Farbpasten- und Korrosionsschutzsysteme für den industriellen Einsatz sowie komplexe Thermoformteile für Industriekunden. Mit rund 1.500 Mitarbeiterinnen und Mitarbeitern wird ein Umsatz von über 500 Millionen Euro erwirtschaftet.",,https://www.doerken.com/de/de/start,https://www.doerken.com/de/de/start,company,,https://8105225516.karriereportal.cloud/job/DSG182-Ausbildung-zum-Fachinformatiker-(m_w_d)-f%C3%BCr-Anwendungsentwicklung-(f%C3%BCr-2026)/bewerben,https://8105225516.karriereportal.cloud/job/DSG182-Ausbildung-zum-Fachinformatiker-(m_w_d)-f%C3%BCr-Anwendungsentwicklung-(f%C3%BCr-2026)/bewerben,https://8105225516.karriereportal.cloud/job/DSG182-Ausbildung-zum-Fachinformatiker-(m_w_d)-f%C3%BCr-Anwendungsentwicklung-(f%C3%BCr-2026)/bewerben,externe,,,,ausbildung_de,https://www.ausbildung.de/stellen/ausbildung-fachinformatiker-in-fuer-anwendungsentwicklung-m-w-d-fuer-2026-bei-doerken-service-gmbh-in-herdecke-00620abe-b6d8-42ea-968a-eaef0d32c670/,False,,67,2026-06-11T11:21:12.656764+00:00
AD-d0c47efc-534d-4207-a87a-683ab237f2db,ausbildung_de_ae,Norddeutsche Landesbank - Girozentrale -,,Hannover,Hannover Niedersachsen,"Ausbildung Fachinformatiker/in für Anwendungsentwicklung (m/w/d) in Hannover - NORD/LB

Mittlere Reife","1. Jahr: 1496 €
2. Jahr: 1558 €
3. Jahr: 1620 €",Mittlere Reife,Ausbildung | Fachinformatiker/in für Anwendungsentwicklung (m/w/d) in Hannover - NORD/LB,"Die NORD/LB gehört zu den führenden deutschen Geschäftsbanken. Kerngeschäftsfelder sind das Geschäft mit Firmenkunden, Privat- und Geschäftskunden einschließlich Private Investors sowie Spezialfinanzierungen im Energie- und Infrastruktursektor, die Flugzeugfinanzierung und die gewerbliche Immobilienfinanzierung. Mit ihrem regionalen Fokus bei gleichzeitiger internationaler Präsenz ist die Bank gut aufgestellt. Sie wirtschaftet solide, nachhaltig und mit hohem Risikobewusstsein. Die Mitarbeitenden verfügen in allen Bereichen über Expertise, Zuverlässigkeit und Qualität.",,https://www.nordlb.de/ausbildung,https://www.nordlb.de/ausbildung,company,kerstin.sonntag@nordlb.de,https://karriere.nordlb.de/job-invite/5889/,https://karriere.nordlb.de/job-invite/5889/,https://karriere.nordlb.de/job-invite/5889/,externe,,,,ausbildung_de,https://www.ausbildung.de/stellen/ausbildung-fachinformatiker-in-fuer-anwendungsentwicklung-m-w-d-in-hannover-nord-lb-bei-norddeutsche-landesbank-girozentrale-in-hannover-6dd21de5-381b-443d-984c-4728b596bd1f/,False,,73,2026-06-11T11:21:14.412987+00:00
AD-04aaeadc-2e85-41a1-a1e3-d5cc6202c8e2,ausbildung_de_ae,Atruvia AG,,Münster,GAD-Straße 2-6 48163 Münster Nordrhein-Westfalen,"Ausbildung Fachinformatiker/in für Anwendungsentwicklung (m/w/d), Münster 2027

Deine Aufgaben:
- Erlernen von Programmiersprachen und Tools: Du eignest dir wichtige Programmiersprachen und Entwicklungswerkzeuge an und legst damit die Basis für deine Karriere als Entwickler:in.
- Neu- und Weiterentwicklung von Bankensoftware: Du arbeitest an der Entwicklung neuer Anwendungen und an der Optimierung bestehender Systeme.
- Erstellen und Umsetzen von Anwendungskonzepten: Du bringst eigene Ideen ein und wirkst an der Konzeption und Umsetzung von Softwarelösungen mit.
- Design und Entwicklung von Weboberflächen: Du sorgst für moderne, intuitive und benutzerfreundliche Interfaces.
- Test und Dokumentation: Du testest Anwendungen und dokumentierst deine Ergebnisse, damit unsere Software stabil und hochwertig bleibt.
Deine Ausbildung:
In drei Jahren entwickelst du dich zum Profi in der Anwendungsentwicklung.
- Spannende Aufgaben in der Softwareentwicklung von Anfang an
- Künstliche Intelligenz: Du lernst, wie du KI-Tools sinnvoll im Arbeitsalltag einsetzt, Daten richtig einschätzt und eigene Ideen mit modernen Technologien umsetzt
- Einführungswochen mit Kennenlern- und Teamtrainings
- Frühzeitiger Einsatz im Tagesgeschäft in verschiedenen Abteilungen und Projekten
- Seminare, z. B. zu methodischer Softwareentwicklung, Java und Datenbanken
- Veranstaltungen wie Hackathons und fachliche Events, bei denen du dich mit Azubis und Kolleg:innen vernetzen kannst
- Übernahmeprozess mit dem Ziel deiner unbefristeten Anstellung nach erfolgreichem Abschluss
Was uns ausmacht:
- Neue Perspektiven: Bei Atruvia lernst du von Expert:innen der Banken-IT – und wirst schnell selbst Teil davon.
- Erstklassige Ausbildung: Mehrfach ausgezeichnet und auf höchstem Niveau.
- Vielfältige Weiterbildungsmöglichkeiten: Du bleibst fachlich und persönlich immer am Puls der Zeit.
- Hervorragende Feedback- und Lernkultur: Wir wachsen gemeinsam und unterstützen uns gegenseitig.
- Agile und innovative Projekte: Du arbeitest mit modernen Methoden und Technologien.

Mittlere Reife

Was wir bieten:
- Mehr als nur Reinschnuppern: Du bist vom ersten Tag an ein wertvolles Teammitglied und übernimmst echte Aufgaben.
- Attraktive Vergütung und Nebenleistungen: 13. & 14. Gehalt, Fahrtkostenzuschuss, bezuschusstes Mittagessen in unseren Betriebsrestaurants u.v.m.
- Offene und motivierende Teamkultur: Gemeinsam erreichen wir mehr.
- Individuelle Betreuung und Förderung: Wir begleiten dich persönlich.
- Selbstständiges und eigenverantwortliches Arbeiten: Deine Ideen zählen.
Anforderungen:
- Du begeisterst dich für IT-Themen.
- Du kannst logisch und analytisch denken.
- Du sprichst fließend Deutsch (mindestens C1) und bist gut in Englisch.
- Du hast Spaß an der Arbeit im Team.
So bewirbst du dich:","1. Jahr: 1313 €
2. Jahr: 1431 €
3. Jahr: 1551 €",Mittlere Reife,"Ausbildung | Fachinformatiker/in für Anwendungsentwicklung (m/w/d), Münster 2027","Starte jetzt deine Ausbildung oder dein duales Studium in der Banken-IT. Nach der Schule stehen dir viele Türen offen. Doch nur bei wenigen kannst du eigene Interessen und einzigartige Karrierechancen so gut verbinden wie in der Welt der Banken-IT. Hier lernst du nicht nur von den Besten, sondern gehörst bald dazu. Als führender IT-Dienstleister sind wir auf Nachwuchstalente angewiesen. Und dementsprechend verantwortungsvoll gehen wir bei der Betreuung und Zusammenarbeit mit unseren Auszubildenden und Dualen Studenten um. Freu dich also auf freundliche Kolleginnen und Kollegen und neue Perspektiven. Wir von der Atruvia AG machen IT für Banken. Sonst nichts. Weil wir uns darauf konzentrieren, was wir am besten können. Und uns von nichts ablenken lassen. Bei den knapp 167.000 Bankarbeitsplätzen und rund 82 Millionen Konten, die wir betreuen, ist das auch gut so. Du kommunizierst selbst im Alltag digital? Du willst neue Technologien mitgestalten? Und du hast schon jetzt mehr Ahnung von IT als die meisten in deiner Familie? Hier lebst du dein Potenzial. Hier weckst du den IT-ler in dir. Und kannst gleichzeitig Karriere machen. Wir bei Atruvia freuen uns auf dich. Wer ist eigentlich die Atruvia AG? Die Atruvia AG ist der Digitalisierungspartner in der genossenschaftlichen FinanzGruppe. Das Unternehmen vereint jahrzehntelanges Expertenwissen in Banking und Informationstechnologie. Die speziell auf Banken zugeschnittenen IT-Lösungen und Leistungen reichen vom Rechenzentrumsbetrieb über das Atruvia Bankverfahren bis hin zur App-Entwicklung. Dabei nutzt das Unternehmen zukunftsweisende Technologien wie Smart Data und schreibt Prozessoptimierung und Regulatorik groß. Das Unternehmen mit Verwaltungssitz in Karlsruhe und Münster sowie Niederlassungen in München, Frankfurt und Berlin beschäftigt in der Unternehmensgruppe gegenwärtig fast 8.400 Mitarbeiter*innen, die gemeinsam einen jährlichen Konzernumsatz von rund 1,77 Milliarden Euro erwirtschaften. Zum Kundenkreis von Atruvia zählen rund 820 Volksbanken und Raiffeisenbanken in Deutschland, die Unternehmen der genossenschaftlichen Finanzgruppe sowie zahlreiche Privatbanken und Unternehmen anderer Branchen, darunter auch der ADAC. Atruvia betreut rund 164.000 Bankarbeitsplätze und verwaltet knapp 86 Millionen Kundenkonten. Mit bundesweit gut 32.000 eigenen Selbstbedienungsgeräten stellt das Unternehmen flächendeckend eine reibungslose Bargeldversorgung sicher. In ihren Hochsicherheitsrechenzentren betreibt Atruvia das Bankverfahren agree21.","Was wir bieten:
- Mehr als nur Reinschnuppern: Du bist vom ersten Tag an ein wertvolles Teammitglied und übernimmst echte Aufgaben.
- Attraktive Vergütung und Nebenleistungen: 13. & 14. Gehalt, Fahrtkostenzuschuss, bezuschusstes Mittagessen in unseren Betriebsrestaurants u.v.m.
- Offene und motivierende Teamkultur: Gemeinsam erreichen wir mehr.
- Individuelle Betreuung und Förderung: Wir begleiten dich persönlich.
- Selbstständiges und eigenverantwortliches Arbeiten: Deine Ideen zählen.
Anforderungen:
- Du begeisterst dich für IT-Themen.
- Du kannst logisch und analytisch denken.
- Du sprichst fließend Deutsch (mindestens C1) und bist gut in Englisch.
- Du hast Spaß an der Arbeit im Team.
So bewirbst du dich:",http://atruvia.de,http://atruvia.de,company,michael.altefrohne@atruvia.de,https://karriere.atruvia.de/ausbildung/offer/fachinformatiker-anwendungsentwickl/21d96c01-d9d2-483a-95ac-a14dc599b07e?utm_source=ausbildungde&utm_medium=portale&utm_campaign=bester_ausbild,https://karriere.atruvia.de/ausbildung/offer/fachinformatiker-anwendungsentwickl/21d96c01-d9d2-483a-95ac-a14dc599b07e?utm_source=ausbildungde&utm_medium=portale&utm_campaign=bester_ausbild,https://karriere.atruvia.de/ausbildung/offer/fachinformatiker-anwendungsentwickl/21d96c01-d9d2-483a-95ac-a14dc599b07e?utm_source=ausbildungde&utm_medium=portale&utm_campaign=bester_ausbild,externe,,"Bewirb dich online und sende uns folgende Unterlagen:
- Deinen Lebenslauf
- Deine letzten drei Zeugnisse
- Weitere relevante Bescheinigungen und Unterlagen
- Wenn du magst, ein Anschreiben
Unser Auswahlprozess:
Nach deiner Bewerbung laden wir dich zu einem Online-Test ein, den du bequem von zu Hause aus absolvieren kannst. Bei einem guten Testergebnis und passenden Unterlagen folgt ein Vorstellungsgespräch. Hier hast du die Chance, uns kennenzulernen, Fragen zu stellen und uns zu überzeugen. Kurz nach dem Gespräch erhältst du von uns eine Rückmeldung.
Werde Teil unserer IT-Familie – IT feels like home!",,ausbildung_de,https://www.ausbildung.de/stellen/ausbildung-fachinformatiker-in-fuer-anwendungsentwicklung-m-w-d-muenster-2027-bei-atruvia-ag-in-muenster-81c24c7c-da5c-4c4f-90f9-cae7f68620d9/,False,,87,2026-06-11T11:21:16.481620+00:00
AD-415eab8d-d0d4-4f54-b4c4-e24bde4535a6,ausbildung_de_ae,Albrecht Jung GmbH & Co. KG,,Schalksmühle,Volmestraße 1 58579 Schalksmühle Nordrhein-Westfalen,"Ausbildung Fachinformatiker/in für Anwendungsentwicklung (m/w/d) nach Möglichkeit mit einem Studium

Mittlere Reife

Das bieten wir Ihnen:
Bei JUNG steht der Mensch im Mittelpunkt. Unsere Arbeitsweise zeichnet sich dabei durch eine respektvolle und werteorientierte Zusammenarbeit aus. Gemeinsam als Team gestalten wir den Fortschritt – und das weltweit. Wir setzen auf Ihr Engagement und Vertrauen in Sie, um gemeinsam die Zukunft nachhaltig zu gestalten.
Bei JUNG bieten wir Ihnen:
- Attraktive Vergütung durch den Tarifvertrag der Metall- und Elektroindustrie NRW: Im ersten Ausbildungsjahr verdienen Sie 1242,96€, zusätzlich erhalten Sie Weihnachtsgeld, Urlaubsgeld sowie tarifliche Sonderzahlungen
- Wir bieten Ihnen flexible Arbeitszeiten mit einem Gleitzeitkonto und 30 Tage Urlaub im Jahr ist für eine gute Vereinbarkeit von Beruf und Privatleben gesorgt
- Zahlreiche Qualifizierungsmöglichkeiten, um Sie beruflich und persönlich weiterzuentwickeln
- Vielfältige Maßnahmen des Betriebl. Gesundheitsmanagements mit Angeboten wie Fitnessstudiokooperationen und ergonomische Arbeitsplätze","1242,96€",Mittlere Reife,Ausbildung | Fachinformatiker/in für Anwendungsentwicklung (m/w/d) nach Möglichkeit mit einem Studium,"Fortschritt als TraditionMit rund 1.700 Mitarbeitern gehört JUNG zu einem der stärksten Arbeitgeber Westfalens. Seit über 100 Jahren zeigen wir unsere Heimatverbundenheit und leisten einen bedeutenden Beitrag zum Wirtschaftswachstum und zur Arbeitsplatzsicherung in der Region. Die wirtschaftliche Unabhängigkeit des Familienunternehmens zu erhalten und zu stärken steht für uns im Fokus – bei allem, was wir tun.","Das bieten wir Ihnen:
Bei JUNG steht der Mensch im Mittelpunkt. Unsere Arbeitsweise zeichnet sich dabei durch eine respektvolle und werteorientierte Zusammenarbeit aus. Gemeinsam als Team gestalten wir den Fortschritt – und das weltweit. Wir setzen auf Ihr Engagement und Vertrauen in Sie, um gemeinsam die Zukunft nachhaltig zu gestalten.
Bei JUNG bieten wir Ihnen:
- Attraktive Vergütung durch den Tarifvertrag der Metall- und Elektroindustrie NRW: Im ersten Ausbildungsjahr verdienen Sie 1242,96€, zusätzlich erhalten Sie Weihnachtsgeld, Urlaubsgeld sowie tarifliche Sonderzahlungen
- Wir bieten Ihnen flexible Arbeitszeiten mit einem Gleitzeitkonto und 30 Tage Urlaub im Jahr ist für eine gute Vereinbarkeit von Beruf und Privatleben gesorgt
- Zahlreiche Qualifizierungsmöglichkeiten, um Sie beruflich und persönlich weiterzuentwickeln
- Vielfältige Maßnahmen des Betriebl. Gesundheitsmanagements mit Angeboten wie Fitnessstudiokooperationen und ergonomische Arbeitsplätze",https://www.jung.de/,https://www.jung.de/,company,ausbildung@jung.de,https://www.ausbildung.de/direktbewerbung/ausbildung-fachinformatiker-in-fuer-anwendungsentwicklung-m-w-d-nach-moeglichkeit-mit-einem-studium-bei-albrecht-jung-gmbh-co-kg-in-schalksmuehle-ac13352a-dcd1-4a3a-8378-3e55d7f69495/,https://www.ausbildung.de/direktbewerbung/ausbildung-fachinformatiker-in-fuer-anwendungsentwicklung-m-w-d-nach-moeglichkeit-mit-einem-studium-bei-albrecht-jung-gmbh-co-kg-in-schalksmuehle-ac13352a-dcd1-4a3a-8378-3e55d7f69495/,https://www.ausbildung.de/direktbewerbung/ausbildung-fachinformatiker-in-fuer-anwendungsentwicklung-m-w-d-nach-moeglichkeit-mit-einem-studium-bei-albrecht-jung-gmbh-co-kg-in-schalksmuehle-ac13352a-dcd1-4a3a-8378-3e55d7f69495/,externe,,,,ausbildung_de,https://www.ausbildung.de/stellen/ausbildung-fachinformatiker-in-fuer-anwendungsentwicklung-m-w-d-nach-moeglichkeit-mit-einem-studium-bei-albrecht-jung-gmbh-co-kg-in-schalksmuehle-ac13352a-dcd1-4a3a-8378-3e55d7f69495/,False,,80,2026-06-11T11:21:18.580687+00:00
AD-5da95ef8-dfc4-4cd7-ac0a-69bb90e73a1b,ausbildung_de_ae,Atlas Copco IAS GmbH,,Bretten,Gewerbestraße 52 75015 Bretten Baden-Württemberg,"Ausbildung Fachinformatiker*in für Anwendungsentwicklung (m/w/d) - Start 2027

Mittlere Reife","1. Jahr: 1,104 €
2. Jahr: 1,188 €
3. Jahr: 1,264 €",Mittlere Reife,Ausbildung | Fachinformatiker*in für Anwendungsentwicklung (m/w/d) - Start 2027,"Level up to the Atlas Copco experience! Unsere Expertise: Verbindungen, die halten. In Sachen Klebe-, Stanzniettechnik, Fließlochschrauben sowie visuelle Qualitätsprüfung sind wir erste Wahl für Automobilhersteller und Industrieunternehmen auf der ganzen Welt. Du bist auf der Suche nach einer abwechslungsreichen Ausbildung, begeisterst dich für Technik und hast Lust Neue Dinge zu lernen und dich stetig weiterzuentwickeln? Wir suchen kreative Köpfe, die gemeinsam das Morgen mit uns am Standort in Bretten gestalten möchten. Wer wir sind Atlas Copco IAS GmbH - Eine Gesellschaft der Atlas Copco Group. Als Teil eines starken globalen Teams von rund 55.000 Mitarbeitenden in 73 Ländern liefert die Atlas Copco IAS GmbH führende technische Lösungen im Bereich der Fügetechnik. Unsere Expertise: Verbindungen, die halten! Mit unseren maßgeschneiderten Lösungen unterstützen wir internationale Kunden dabei, ihre Produktionsprozesse effizienter zu gestalten und höchste Qualitätsstandards zu erfüllen. Standorte der Atlas Copco IAS GmbH Unter den Produktlinien SCA, Scheugenpflug, Henrob und K-Flow bieten wir Lösungen für Kleben, Dosieren und Verguss, Stanznieten und Fließlochschrauben sowie visuelle Qualitätsprüfung. Damit sind wir weltweit ein führender Partner für innovatives Fügen in der Automobil- und Elektronikindustrie sowie vielen weiteren Industriezweigen – vor allem, wenn es um Leichtbau, Multimaterialdesign oder Elektromobilität geht. Die Division hat ihren Hauptsitz in Bretten und ein globales Netz an Kunden- und Entwicklungszentren, Serviceteams und Produktionsstandorten. Erfolgreich in der Atlas Copco Group Mit unserer Technologie haben wir uns von Beginn an international aufgestellt. Seit 2011 ist die heutige Atlas Copco IAS GmbH ein Teil von Atlas Copco und hat 2018 eine Markenüberarbeitung erhalten. Im November 2023 wurde die Atlas Copco IAS GmbH sowie weitere Unternehmen des Konzerns unter dem Dach der Atlas Copco Group vereint. Durch die Integration bündeln wir unsere Kompetenzen in den Bereichen industrielle Automatisierung und Verbindungstechnik, um unseren Kunden noch umfassendere und effizientere Lösungen anzubieten. Für unsere Mitarbeitenden bedeutet dies erweiterte Entwicklungsmöglichkeiten und ein stärker vernetztes, internationales Arbeitsumfeld innerhalb der globalen Atlas Copco Group. Perspektiven für die Zukunft Die Atlas Copco IAS GmbH wächst seit vielen Jahren kontinuierlich und erfolgreich. Wir agieren international: Neben unserem Hauptstandort in Bretten haben wir unter anderem in Spanien, Großbritannien, den USA, Brasilien, Mexiko, China und Korea Niederlassungen. Gemeinsam mit unserem starken Unternehmensverbund arbeiten wir daran, den Einsatz unserer Technologie auf neue industrielle Einsatzbereiche auszuweiten. Für unsere Mitarbeitenden bedeutet das vor allem eins: exzellente Entwicklungschancen in einem hervorragend aufgestellten Unternehmen.",,https://www.atlascopco.com/de-de/itba/local/standort-bretten,https://www.atlascopco.com/de-de/itba/local/standort-bretten,company,IAS.Career@atlascopco.com,https://www.atlascopcogroup.com/de-de/careers/jobs/job-overview/job-detail/ausbildung-fachinformatiker-in-f-r-anwendungsentwicklung--m-w-d----start-2027/168643,https://www.atlascopcogroup.com/de-de/careers/jobs/job-overview/job-detail/ausbildung-fachinformatiker-in-f-r-anwendungsentwicklung--m-w-d----start-2027/168643,https://www.atlascopcogroup.com/de-de/careers/jobs/job-overview/job-detail/ausbildung-fachinformatiker-in-f-r-anwendungsentwicklung--m-w-d----start-2027/168643,externe,Ansprechpartner Ausbildung,,,ausbildung_de,https://www.ausbildung.de/stellen/ausbildung-fachinformatiker-in-fuer-anwendungsentwicklung-m-w-d-start-2027-bei-atlas-copco-ias-gmbh-in-bretten-656e357d-da35-4c9d-8dd4-2f5685f30bbb/,False,,80,2026-06-11T11:21:20.620287+00:00
AD-85f4a939-39cb-4cbd-adab-e8276cbbbb3c,ausbildung_de_ae,RENA Technologies GmbH,,Gütenbach,Höhenweg 1 78148 Gütenbach Baden-Württemberg,"Ausbildung Fachinformatiker/in für Anwendungsentwicklung / Softwarekonstruktion (m/w/d)

Mittlere Reife",900€,Mittlere Reife,Ausbildung | Fachinformatiker/in für Anwendungsentwicklung / Softwarekonstruktion (m/w/d),"RENA Technologies GmbH An unserem Stammsitz in Gütenbach im Schwarzwald entwickeln wir, gemeinsam mit unseren Kunden und führenden Forschungsinstituten, Lösungen für Maschinen und Verfahren zur nasschemischen Oberflächenbehandlung.Die herausragende Qualität unserer Arbeit sorgt dafür, dass unsere Maschinen und Anlagen weltweit hoch geschätzt und von Kunden aus der Solar-, Halbleiter-, Glas-, Additive Manufacturing- und Medtech-Industrie eingesetzt werden. Durch unser weltweites Vertriebs- und Servicenetz stellen wir sicher, dass wir ”vor Ort” sind, um schnell reagieren zu können. Hier ist AUSBILDUNG mehr als NUR Lernen! Tauche ein in eine Welt voller Teamspirit, Vertrauen und spannender Herausforderungen. Bei uns gestaltest Du aktiv Deine Zukunft, entwickelst Dich kontinuierlich weiter und übernimmst Verantwortung. Entdecke die Vielfalt unserer Ausbildungsprogramme und erlebe, wie wir gemeinsam den Grundstein für Deine erfolgreiche berufliche Reise legen. Bei RENA investieren wir nicht nur in Wissen, sondern auch in Deine persönliche Entwicklung. Sei Teil unseres dynamischen Teams und starte deine Ausbildung mit uns – hier beginnt Deine Erfolgsgeschichte!",,http://www.rena-ausbildung.de,http://www.rena-ausbildung.de,company,info@rena.com,https://karriere.rena.com/HPv3.ApplicationForm/ShortApply/Index/48013,https://karriere.rena.com/HPv3.ApplicationForm/ShortApply/Index/48013,https://karriere.rena.com/HPv3.ApplicationForm/ShortApply/Index/48013,externe,,,,ausbildung_de,https://www.ausbildung.de/stellen/ausbildung-fachinformatiker-in-fuer-anwendungsentwicklung-softwarekonstruktion-m-w-d-bei-rena-technologies-gmbh-in-guetenbach-65dfd259-fbf8-491b-bafc-e3d4c7943a05/,False,,73,2026-06-11T11:21:22.521622+00:00
AD-cbd540c8-0b21-411a-a538-a21204196a79,ausbildung_de_ae,Develey Senf & Feinkost GmbH,,Unterhaching,Ottobrunner Str. 45 82008 Unterhaching Bayern,"Ausbildung Fachinformatiker/in für Anwendungsentwicklung (m/w/d)

Mittlere Reife

Wir bieten dir
- 30 Tage Urlaub
- 38-Stunden-Woche mit Gleitzeit für ein hohes Maß an Flexibilität
- überdurchschnittliches Gehalt und wenn Du nicht rauchst, gibt es einen Bonus oben drauf",,Mittlere Reife,Ausbildung | Fachinformatiker/in für Anwendungsentwicklung (m/w/d),"Herzlich Willkommen bei Develey!Vielleicht hast du schon einmal von uns gehört und falls nicht, ist eines fast sicher: Du hast unseren Geschmack schon einmal erlebt. Develey ist einer der führenden Hersteller von Senf und Feinkost in Europa. Zu uns gehören starke Marken wie z.B. Develey, BBQUE, Bautz´ner und Löwensenf. Heimat in Bayern und in der Welt zuhauseDie Geschichte von Develey beginnt im Jahr 1845 in einem kleinen Laden in der Münchner Kaufingerstraße. Zu Beginn stellte Johann Conrad Develey nur scharfe Senfsorten nach französischer Art her, doch schon wenige Jahre später erfand er Dank seines Erfindergeistes den süßen Senf. Dieser erfreut sich heute wie damals großer Beliebtheit. Wusstest du z.B., dass Johann Conrad Develey ernannter königlicher bayrischer Hoflieferant war? Mittlerweile ist Develey ein in 4. Generation familiengeführtes Unternehmen mit 17 Standorten in 10 Ländern, welches Kunden in über 65 Ländern weltweit beliefert. Dennoch sind wir unseren Wurzeln treugeblieben. An den jeweiligen Standorten und der Hauptverwaltung in Unterhaching herrschen flache Hierarchien und ein kollegialer Zusammenhalt. Zusammen geht alles – besonders, wenn du mitgestaltest. Bring deine Ideen ein, hinterfrage Routinen und gestalte Zukunft mit uns – auch wenn es mal anders läuft als geplant. Bereit? Dann bewirb dich jetzt.","Wir bieten dir
- 30 Tage Urlaub
- 38-Stunden-Woche mit Gleitzeit für ein hohes Maß an Flexibilität
- überdurchschnittliches Gehalt und wenn Du nicht rauchst, gibt es einen Bonus oben drauf",https://www.develey.com,https://www.develey.com,company,,"https://develey.pi-asp.de/bewerber-web/?company=*GBRG-FIRMA-ID&tenant=&lang=D#position,id=eabcd007-fbf6-41b6-b538-c62f629f691c,jobportalid=7d51b858-e466-400d-8696-5e01d3b26140","https://develey.pi-asp.de/bewerber-web/?company=*GBRG-FIRMA-ID&tenant=&lang=D#position,id=eabcd007-fbf6-41b6-b538-c62f629f691c,jobportalid=7d51b858-e466-400d-8696-5e01d3b26140","https://develey.pi-asp.de/bewerber-web/?company=*GBRG-FIRMA-ID&tenant=&lang=D#position,id=eabcd007-fbf6-41b6-b538-c62f629f691c,jobportalid=7d51b858-e466-400d-8696-5e01d3b26140",externe,"- feste Ansprechpartner*innen in den Fachabteilungen stehen Dir jederzeit zur Verfügung
- Benefits wie z.B.
Vergünstigte Fitnessstudio Mitgliedschaft
- Mitarbeiterrabatte bei Develey sowie bei wechselnden Partnerfirmen über Corporate Benefits (z.B. bei Apple, Adidas, Expedia, Home24, WMF, Sixt, u.v.m.)
- Attraktive betriebliche Altersvorsorge mit Arbeitgeberzuschuss
- betriebliche Krankenzusatzversicherung mit jährlichem Gesundheitsbudget
- Jeden Tag bezuschusstes frisches Essen in unserer Betriebskantine
- damit du Dich schnell wohlfühlst, Willkommens- und Netzwerkveranstaltungen
- Unterstützung bei Deiner persönlichen & fachlichen Weiterentwicklung und der Vorbereitung auf die Abschlussprüfung.
Was du erleben wirst
- Coden. Testen. Verbessern: Du entwickelst interne Apps – vom ersten Prototyp bis zum Release.
- Daten mit Sinn: Du modellierst und pflegst Datenbanken und hältst Abfragen sauber und flott.
- Analysieren & planen: Du zerlegst Anforderungen, entwirfst Lösungswege und schätzt Aufwände.
- Klar spezifiziert: Du erarbeitest aus Anforderungen Software-Solutions
und begleitest Entwicklung und Tests zielgerichtet zum Go‑Live.
- Support, der weiterbringt: Du schulst Kolleg:innen und bist im Alltag die helfende Hand.
- Teamwork im #Unerwarteten: Wenn Pläne kippen, bleibst du ruhig – gemeinsam finden wir den Weg.
Was wir an dir schätzen werden
- Mit Tech‑Begeisterung und Neugier probierst du aus, fragst nach und lernst schnell.
- Auf Basis deiner Coding‑Grundlagen – gern erste Schritte z. B. in Java, C# oder Python – wächst du bei uns in professionelle Entwicklung hinein.
- Durch Teamgeist und Kommunikation holst du dir Input, teilst Wissen und arbeitest gern mit Menschen.
- Mit alltagstauglichem Englisch liest du Systemdokumentationen, verstehst Tools und tauschst dich im Team sicher aus.
- Mit einem Schulabschluss (Mittlere Reife, (Fach-)abitur) bist du startklar – und als Studienabbrecher*in bist du bei uns ebenso willkommen.
Wer wir sind
Develey ist ein in 4. Generation geführtes mittelständisches Familienunternehmen mit Marken wie Develey, Bautz’ner, Löwensenf, BBQUE u.v.m.. Für uns steht nachhaltiges und ökonomisches Wirtschaften an vorderster Stelle. Dafür wurden wir bereits mehrfach ausgezeichnet, unter anderem mit dem Deutschen Nachhaltigskeitspreis und mehrmals mit dem Axia Best Managed Companies Award.
Was uns ausmacht: Zusammen geht alles. Wenn etwas anders läuft als geplant, bleiben wir ruhig, finden Lösungen und packen gemeinsam an.
Gleichzeitig gestalten wir aktiv Zukunft – wir hinterfragen Routinen, probieren Neues aus und entwickeln uns stetig weiter.
Bei Develey ist kein Tag wie der andere und genau das macht es spannend. Wir Navigator:innen des #Unerwarteten: flexibel, pragmatisch, bereit für jede Herausforderung.",,,ausbildung_de,https://www.ausbildung.de/stellen/ausbildung-fachinformatiker-in-fuer-systemintegration-m-w-d-bei-develey-senf-feinkost-gmbh-in-unterhaching-ccd031fc-78e9-41d7-8ac3-6b4195649ffe/,False,,73,2026-06-11T11:21:24.517391+00:00
AD-eb95f15d-5972-487f-8567-f538ea8e2014,ausbildung_de_ae,nesseler bau gmbh,,Aachen,Aachen Nordrhein-Westfalen,"Ausbildung Fachinformatiker/in für Anwendungsentwicklung (m/w/d)

Deine Aufgaben
- Entwicklung und Anpassung von Webanwendungen und internen Tools
- Mitarbeit an der Umsetzung digitaler Prozesse gemeinsam im Team

Dein Profil
- Erfolgreicher Abschluss der Fachhochschulreife oder der Allgemeinen Hochschulreife (mit guten Noten in Mathematik)
- Interesse an Softwareentwicklung, IT-Systemen und digitalen Prozessen
- Erste Erfahrungen mit Programmierung, Skripten oder technischen Tools von Vorteil
- Lernbereitschaft, Eigeninitiative und Durchhaltevermögen
- Freude an der Arbeit im Team, Zusammenhänge zu verstehen und Probleme strukturiert zu lösen
- Sorgfältige und strukturierte Arbeitsweise
Dich erwarten
- Eine sorgfältige Einarbeitung durch unsere erfahrenen Kollegen* und eine praxisnahe Ausbildung
- Arbeit mit moderner Software an spannenden Projekten in einem zukunftsorientierten Unternehmen
- Eine interdisziplinäre Zusammenarbeit und kurze Abstimmungswege
- Ein spannender Arbeitsplatz in der hoch innovativen und bunten nesseler Familie, welche Wert auf langfristige Mitarbeiterbindung und starken Zusammenhalt legt
- Eine attraktive Ausbildungsvergütung, 30 Tage Urlaub und weitere Vorteile eines Tarifvertrags
- Eine Mitgliedschaft bei Urban Sports Club (kostenloser Besuch von Fitnessstudios, Schwimmbädern, Badminton- und Kletterhallen u.v.m.)
- Corporate Benefits, gemeinsame Ausflüge und Events
* Unsere Stellenausschreibung und Ansprache richtet sich an alle Menschen unabhängig von ihrem Geschlecht.",,"Dein Profil
- Erfolgreicher Abschluss der Fachhochschulreife oder der Allgemeinen Hochschulreife (mit guten Noten in Mathematik)
- Interesse an Softwareentwicklung, IT-Systemen und digitalen Prozessen
- Erste Erfahrungen mit Programmierung, Skripten oder technischen Tools von Vorteil
- Lernbereitschaft, Eigeninitiative und Durchhaltevermögen
- Freude an der Arbeit im Team, Zusammenhänge zu verstehen und Probleme strukturiert zu lösen
- Sorgfältige und strukturierte Arbeitsweise
Dich erwarten
- Eine sorgfältige Einarbeitung durch unsere erfahrenen Kollegen* und eine praxisnahe Ausbildung
- Arbeit mit moderner Software an spannenden Projekten in einem zukunftsorientierten Unternehmen
- Eine interdisziplinäre Zusammenarbeit und kurze Abstimmungswege
- Ein spannender Arbeitsplatz in der hoch innovativen und bunten nesseler Familie, welche Wert auf langfristige Mitarbeiterbindung und starken Zusammenhalt legt
- Eine attraktive Ausbildungsvergütung, 30 Tage Urlaub und weitere Vorteile eines Tarifvertrags
- Eine Mitgliedschaft bei Urban Sports Club (kostenloser Besuch von Fitnessstudios, Schwimmbädern, Badminton- und Kletterhallen u.v.m.)
- Corporate Benefits, gemeinsame Ausflüge und Events
* Unsere Stellenausschreibung und Ansprache richtet sich an alle Menschen unabhängig von ihrem Geschlecht.",Ausbildung | Fachinformatiker/in für Anwendungsentwicklung (m/w/d),"entwickeln - planen - bauen - betreiben - modernisierenDie nesseler gruppe steht für vielseitige Fachkompetenz und reiche Erfahrung in dem Bau- und Immobiliensektor. Seit über 100 Jahren ist unsere Unternehmensgruppe ein zuverlässiger und geschätzter Partner für Bauherren, Investoren, Erwerber und Bauausführende.Die Geschäftsfelder unserer Unternehmen sind in der Lage den kompletten Lebenszyklus einer Immobilie abzubilden. Projektentwicklung und Bauträgerschaft, Bauplanung, Rohbauarbeiten, Produktion von Betonfertigteilen im eigenen Werk, schlüsselfertige Ausführung von Bauwerken, bis hin zum Betreiben und Modernisieren im Bestand - alles aus einer Hand.Unsere Grundsätze sind zeitlos und werden von unseren Mitarbeitern aktiv gelebt: Fair Play - Leistung und Teamarbeit Verantwortung - tragen wir gemeinsam und im persönlichen Einsatz Team - jeder Einzelne steht für das Team und das Team für jeden Einzelnen Qualität - Perfektion bis ins Detail Spitzenleistungen - zum Nutzen unserer Kunden Partner - wir setzen auf unsere Partner und auf qualifizierte Leistungsträger Begeisterung - Wenn unsere Kunden begeistert sind, haben wir gewonnen.",,https://nesseler.de/,https://nesseler.de/,company,bewerbung@nesseler.de,https://www.ausbildung.de/direktbewerbung/ausbildung-fachinformatiker-in-fuer-systemintegration-m-w-d-bei-nesseler-bau-gmbh-in-aachen-74ce6984-8664-4f29-9135-1a7c1d9a1557/,https://www.ausbildung.de/direktbewerbung/ausbildung-fachinformatiker-in-fuer-systemintegration-m-w-d-bei-nesseler-bau-gmbh-in-aachen-74ce6984-8664-4f29-9135-1a7c1d9a1557/,https://www.ausbildung.de/direktbewerbung/ausbildung-fachinformatiker-in-fuer-systemintegration-m-w-d-bei-nesseler-bau-gmbh-in-aachen-74ce6984-8664-4f29-9135-1a7c1d9a1557/,externe,"- Abstimmung von Anforderungen mit festen Ansprechpartnern aus den Fachbereichen und dem jeweiligen Projektleiter
- Übersetzung fachlicher Anforderungen in technische Lösungen, Programmierung, Testen und Dokumentation von Anwendungen
- Arbeit mit Datenbanken, Schnittstellen (APIs) und bestehenden IT-Systemen
- Aufbau und Pflege von Automatisierungen
- Nutzung und Anbindung interner und externer APIs
- Unterstützung bei digitalen Assistenz- und Auswertungsfunktionen (u. a. KI-gestützte Komponenten)
- Mitarbeit an Prototypen und kleinen Workflows zur Prozessunterstützung
- Grundverständnis für moderne System- und Datenarchitekturen (z. B. strukturierter Datenzugriff)",,,ausbildung_de,https://www.ausbildung.de/stellen/ausbildung-fachinformatiker-in-fuer-systemintegration-m-w-d-bei-nesseler-bau-gmbh-in-aachen-74ce6984-8664-4f29-9135-1a7c1d9a1557/,False,,73,2026-06-11T11:21:26.229607+00:00
AD-9a724024-e8ad-47f2-b54f-4e6b9cc046ec,ausbildung_de_ae,Rohde & Schwarz GmbH & Co. KG,,München,Mühldorfstr. 15 81671 München Bayern,"Ausbildung Fachinformatiker/in für Anwendungsentwicklung (m/w/d) zum 01.09.2027

Mittlere Reife

Bei Rohde & Schwarz fördern wir Chancengleichheit und begrüßen Bewerbungen von Menschen mit und ohne Behinderung. Wir bieten eine inklusive Arbeitsumgebung, in der alle Menschen ihre Fähigkeiten und Talente entfalten können, unabhängig von Geschlecht, Nationalität, ethnischer und sozialer Herkunft, Religion, Weltanschauung, Alter, sexueller Orientierung, Identität und anderen Merkmalen.",,Mittlere Reife,Ausbildung | Fachinformatiker/in für Anwendungsentwicklung (m/w/d) zum 01.09.2027,"Rohde & Schwarz - Make ideas real! Hast du Lust mit uns deine Ideen zu verwirklichen und einen Beitrag zu einer sicheren und vernetzten Welt zu leisten? Dann werde Teil unseres Teams! Der Technologiekonzern Rohde & Schwarz entwickelt, produziert und vertreibt eine breite Palette elektronischer Investitionsgüter für die Wirtschaft und den hoheitlichen Sektor. Am Firmensitz in München sind rund 3.600 Mitarbeiter:innen beschäftigt, weitere wichtige Ausbildungsstandorte sind die Produktionswerke in Memmingen (1.600 Beschäftigte) und Teisnach (2.000 Beschäftigte),der Service-Standort in Köln (130 Beschäftigte) sowie der Entwicklungsstandort in Stuttgart (120 Beschäftigte).Gegründet wurde das Unternehmen vor über 90 Jahren von den Studienfreunden Dr. Lothar Rohde und Dr. Hermann Schwarz. Die aktuelle Geschäftsführung bilden Christian Leicher (Vorsitz),Markus Fischer und Andreas Pauly.Nicht zuletzt dank seiner hoch qualifizierten und motivierten Mitarbeiter:innen zählt Rohde & Schwarz in all seinen Geschäftsfeldern zu den Technologieführern. Das Unternehmen ist bestrebt, ein Arbeitsumfeld zu schaffen, in dem sich die Ideen seiner Kund:innen und Mitarbeiter:innen in kreative Lösungen umsetzen lassen. Der Konzern hat sich zudem das Thema Ausbildung auf die Fahnen geschrieben. Seit seiner Gründung ebnete er in Deutschland tausenden von jungen Leuten den Weg ins Berufsleben. Ausgebildet werden heute beispielsweise Elektroniker:innen, Industriemechaniker:innen, Fachinformatiker:innen und Industriekaufleute. Regelmäßig gehören Absolvent:innen der R&S-Ausbildungsgänge lokal und bundesweit zu den Besten ihres Jahrgangs. Darüber hinaus bietet Rohde & Schwarz die Möglichkeit, ein duales Studium in den Bereichen Elektrotechnik, Informatik oder Maschinenbau zu absolvieren. Gute Gründe, bei Rohde & Schwarz zu arbeiten. Als familiengeführtes und unabhängiges Unternehmen handeln wir seit über 90 Jahren entlang der gesamten Wertschöpfungskette: Wir entwickeln, produzieren und vermarkten Ideen und Produkte, die unser aller Leben bereichern. Unsere 14.400 Mitarbeiter:innen schaffen so die Basis für Smart Cities, für das Internet der Dinge und die Kommunikationsstandards von morgen. Sie sind die Grundpfeiler unseres langfristigen Unternehmenserfolgs. Möchtest auch du deine außergewöhnlichen Einfälle in reale Innovationen umsetzen? In unserem unternehmerischen Umfeld bekommst du dafür den nötigen Freiraum. Bring deine Ideen ein und gestalte so eine sichere und vernetzte Welt mit uns. Heute Azubi. Morgen unsere Zukunft. Unsere Auszubildenden werden schnell in aktuelle Projekte und in Entwicklungs- oder Produktionsprozesse von Rohde & Schwarz eingebunden. Gelernt wird dabei von Anfang an so, dass immer ein direkter Bezug zu den Aufgaben und Abläufen im Haus besteht. Ganz nach unserem Grundsatz: So viel praktischer Einsatz wie möglich! Auf diese Weise bist du bald so weit, selbstständig eigene Aufgaben und Projekte zu bearbeiten. Denn die beste Ausbildung ist schließlich die, in der man vergisst, dass man sich noch in der Ausbildung befindet.Du wirst in eigenen, hervorragend ausgestatteten Ausbildungszentren überwiegend von Vollzeitausbilder:innen betreut. Auch im praktischen Einsatz in verschiedenen Abteilungen und Bereichen bekommst du von Ausbildungsbeauftragten Unterstützung. Dabei fördern wir nicht nur deine fachliche Kompetenz. Auch die Weiterentwicklung deiner Persönlichkeit ist ein wichtiger Bestandteil unseres Ausbildungskonzepts. Unsere Ausbildungsstandorte. Das Thema Ausbildung hat bei Rohde & Schwarz eine lange Tradition, bereits 1934 wird in München der erste Azubi eingestellt. Inzwischen werden an den fünf Ausbildungsstandorten München, Memmingen, Teisnach, Köln und Stuttgart jährlich rund 120 neue Ausbildungsverträge geschlossen.An jedem unserer Standorte erwartet dich eine optimale und systematische Förderung durch unsere Ausbilder:innen. Viele Azubis wollen heute mehr als im Lehrplan steht. Wir auch. Deshalb bieten wir euch von Beginn an zusätzliche Trainingsmaßnahmen. Dort könnt ihr z.B. euer Englisch verbessern, ins Programmieren einsteigen oder professionelles Präsentieren lernen.Warum betreiben wir so viel Aufwand?Weil es uns alle voranbringt. Dich als Azubi und uns als Unternehmen.Informiere dich gerne direkt auf den Websites unserer Standorte zu den Ausbildungsmöglichkeiten vor Ort: Denn egal ob du in München, in einem der Werke in Memmingen oder Teisnach oder an unserem Service-Standort in Köln durchstarten möchtest, jeder unserer Ausbildungsstandorte hat viel zu bieten.NEU: In Stuttgart bieten wir seit Neuestem ebenfalls Duale Studiengänge in Kooperation mit der DHBW Stuttgart an.","Bei Rohde & Schwarz fördern wir Chancengleichheit und begrüßen Bewerbungen von Menschen mit und ohne Behinderung. Wir bieten eine inklusive Arbeitsumgebung, in der alle Menschen ihre Fähigkeiten und Talente entfalten können, unabhängig von Geschlecht, Nationalität, ethnischer und sozialer Herkunft, Religion, Weltanschauung, Alter, sexueller Orientierung, Identität und anderen Merkmalen.",https://www.rohde-schwarz.com/de/home_48230.html,https://www.rohde-schwarz.com/de/home_48230.html,company,claudia.pelka@rohde-schwarz.com,https://www.rohde-schwarz.com/de/karriere/stellenangebote/ausbildung-zum-fachinformatiker-m-w-d-fachrichtung-anwendungsentwicklung-zum-01.09.2027_251563-1624582.html,https://www.rohde-schwarz.com/de/karriere/stellenangebote/ausbildung-zum-fachinformatiker-m-w-d-fachrichtung-anwendungsentwicklung-zum-01.09.2027_251563-1624582.html,https://www.rohde-schwarz.com/de/karriere/stellenangebote/ausbildung-zum-fachinformatiker-m-w-d-fachrichtung-anwendungsentwicklung-zum-01.09.2027_251563-1624582.html,externe,"Dann bewirb dich bitte online bei ROHDE & SCHWARZ GmbH & Co. KG, bei Fragen wende dich bitte ans Ausbildungsteam, Telefon: +49 89 4129 13328 oder per Chat über WhatsApp +49 175 785 8888.",,,ausbildung_de,https://www.ausbildung.de/stellen/ausbildung-fachinformatiker-in-fuer-systemintegration-m-w-d-bei-rohde-schwarz-gmbh-co-kg-in-muenchen-a85f59ac-2191-4aea-a0a3-23ee5a81f3bd/,False,,80,2026-06-11T11:21:28.022553+00:00
AD-99f736dc-6e2e-41d8-87a5-1d7ad5204609,ausbildung_de_ae,Stuttgarter Lebensversicherung a.G.,,Stuttgart,Rotebühlstr. 120 70197 Stuttgart Baden-Württemberg,"Ausbildung Fachinformatiker/in für Anwendungsentwicklung (m/w/d)

Das solltest Du mitbringen:
- Begeisterung für Computertechnik und an der IT allgemein
- Grundwissen über Hard- und Software
- Selbständiges Arbeiten aber natürlich erst recht Spaß an Teamarbeit
- Lösungswille und Durchhaltevermögen bei komplexen Aufgaben
- Praktikum im IT-Umfeld ist von Vorteil
- ein abgebrochenes Studium ist kein Hindernis, sondern meist der ideale Einstieg!
Voraussetzungen:
- Mittlere Reife/Fachhochschulreife/Abitur
- deutsches Sprachniveau: C1
Ausbildungsbeginn: 1. September 2026
Ausbildungsdauer: 3 Jahre
Bereit für den nächsten Schritt?
Hast Du Fragen? Kein Problem! Sabine Leonhardt steht Dir gerne unter der Telefonnummer 0711 / 665 - 2028 zur Verfügung.
Du bist bereit, deinen Weg mit uns zu gehen?
Dann freuen wir uns auf Deine Online-Bewerbung!","1.355 €, 1.432 €, 1.520 €","Das solltest Du mitbringen:
- Begeisterung für Computertechnik und an der IT allgemein
- Grundwissen über Hard- und Software
- Selbständiges Arbeiten aber natürlich erst recht Spaß an Teamarbeit
- Lösungswille und Durchhaltevermögen bei komplexen Aufgaben
- Praktikum im IT-Umfeld ist von Vorteil
- ein abgebrochenes Studium ist kein Hindernis, sondern meist der ideale Einstieg!
Voraussetzungen:
- Mittlere Reife/Fachhochschulreife/Abitur
- deutsches Sprachniveau: C1
Ausbildungsbeginn: 1. September 2026
Ausbildungsdauer: 3 Jahre
Bereit für den nächsten Schritt?
Hast Du Fragen? Kein Problem! Sabine Leonhardt steht Dir gerne unter der Telefonnummer 0711 / 665 - 2028 zur Verfügung.
Du bist bereit, deinen Weg mit uns zu gehen?
Dann freuen wir uns auf Deine Online-Bewerbung!",Ausbildung | Fachinformatiker/in für Anwendungsentwicklung (m/w/d),"Stuttgarter statt Standard.Seit über 100 Jahren sind wir für unsere Kunden da. Als 'der' Vorsorge-Versicherer sind wir der verlässliche Partner, wenn es um die private Altersvorsorge, Risikoabsicherung und betriebliche Altersvorsorge geht. Und das gemeinsam als Unternehmensgruppe, bestehend aus: Stuttgarter Lebensversicherung a.G., DIREKTE LEBEN Versicherung AG, Stuttgarter Versicherung AG, DIREKTE Servcie Management GmbH und Stuttgarter Vorsorge-Management GmbH. Dabei sind wir alles andere als Standard. Wir sind ein Arbeitgeber, bei dem es sich nicht nur gut arbeiten, sondern auch gut leben lässt. Wir sind eine Versicherung. Wir sind Stuttgarter. Aber wir sind nicht Standard.",,https://www.stuttgarter.de/,https://www.stuttgarter.de/,company,,https://jobportal.stuttgarter.de/stuttgarter/viewAusschreibungen.html,https://jobportal.stuttgarter.de/stuttgarter/viewAusschreibungen.html,https://jobportal.stuttgarter.de/stuttgarter/viewAusschreibungen.html,externe,,,,ausbildung_de,https://www.ausbildung.de/stellen/ausbildung-fachinformatiker-in-fuer-systemintegration-m-w-d-bei-stuttgarter-lebensversicherung-a-g-in-stuttgart-7b15fe5c-c520-47ae-a423-37da557e11c4/,False,,67,2026-06-11T11:21:30.312600+00:00
AD-e7b2d47b-4586-41f8-a228-eded79ec9872,ausbildung_de_ae,Vector Informatik GmbH,,Regensburg,Franz-Meyer-Straße 8 93053 Regensburg Bayern,"Ausbildung Fachinformatiker/in (m/w/d) Anwendungsentwicklung

- Damit du dich voll auf deine Aufgaben konzentrieren kannst, bietet Vector dir als Auszubildende:r eine sehr gute IT-Ausstattung und zahlreiche weitere Benefits.
- Den Berufsschulunterricht absolvierst du im Blockunterricht am Schulzentrum Matthäus-Runtinger. Und was dich sicher auch interessiert: Im ersten Ausbildungsjahr verdienst du 1.100 € brutto pro Monat.

Welche Voraussetzungen musst du erfüllen?
- Abschluss der Mittleren Reife oder der Hochschulreife
- Spaß und Interesse an MINT-Themen
- Interesse und Neugierde für die Informatik und am besten schon erste Programmiererfahrungen
- Lust, Neues zu lernen und den Mut, sich Aufgaben zu stellen","1. Jahr: 1100 €
2. Jahr: 1200 €
3. Jahr: 1300 €","Welche Voraussetzungen musst du erfüllen?
- Abschluss der Mittleren Reife oder der Hochschulreife
- Spaß und Interesse an MINT-Themen
- Interesse und Neugierde für die Informatik und am besten schon erste Programmiererfahrungen
- Lust, Neues zu lernen und den Mut, sich Aufgaben zu stellen",Ausbildung | Fachinformatiker/in (m/w/d) Anwendungsentwicklung,"Vector - working in good company. Arbeite bei einem der führenden Herstellern von Softwarewerkzeugen und -komponenten für die Entwicklung und Vernetzung von verschiedensten Systemen. Themen wie Connectivity, Automotive Cybersecurity, Autonomes Fahren, Vehicle-to-X oder Elektromobilität brauchen deine Innovationskraft. Mit unseren Lösungen bringen Hersteller und Zulieferer in der Automobilindustrie und verwandten Branchen ihre Entwicklungsprojekte auf die Überholspur. Nimm gemeinsam mit uns Fahrt auf für Technologien, mit denen komfortable, sichere und umweltfreundliche Produkte entstehen. Unsere Kolleginnen und Kollegen sind sich einig, was Vector zu einem besonderen Arbeitgeber macht: das Betriebsklima. Bei Vector kannst du so sein, wie du wirklich bist und deine Fähigkeiten und die Freude am Teamwork voll ausleben. Das macht unser Betriebsklima so einzigartig: Hier stehst du als Mensch im Vordergrund und kannst dein volles Potenzial entfalten. Durch gegenseitiges Vertrauen und die Wertschätzung jedes Einzelnen kannst du dein Talent und neue Vorschläge einbringen und verwirklichen. Natürlich mit der nötigen Prise Struktur und qualitätsbewusstem Arbeiten. Dabei sind wir vor allem stolz auf unsere pragmatische und bodenständige Kultur, die von allen gelebt wird.",,https://jobs.vector.com/de,https://jobs.vector.com/de,company,,https://join.vector.com/Germany/job/Regensburg-Ausbildung-Fachinformatiker-Anwendungsentwicklung-Regensburg-%28mwd%29/196-de_DE/,https://join.vector.com/Germany/job/Regensburg-Ausbildung-Fachinformatiker-Anwendungsentwicklung-Regensburg-%28mwd%29/196-de_DE/,https://join.vector.com/Germany/job/Regensburg-Ausbildung-Fachinformatiker-Anwendungsentwicklung-Regensburg-%28mwd%29/196-de_DE/,externe,,,,ausbildung_de,https://www.ausbildung.de/stellen/ausbildung-fachinformatiker-in-m-w-d-anwendungsentwicklung-bei-vector-informatik-gmbh-in-regensburg-6d343f49-7462-4de5-8b55-e18ced4a34a3/,False,,67,2026-06-11T11:21:32.185917+00:00
AD-59f78b64-c8ed-4d7b-ba52-5d2604f00a69,ausbildung_de_ae,DATEV eG,,Nürnberg,Nürnberg Bayern,"Ausbildung Fachinformatiker für Anwendungsentwicklung (m/w/d), ab 09/2026

Das sind deine Aufgaben:
- Programmierung: Du lernst verschiedene Programmiersprachen kennen, z. B. Java oder C# und nutzt sie in echten Softwareprojekten.
- Entwicklung von Softwarelösungen: Du entwickelst gemeinsam mit deinem Team Softwarelösungen für echte Kundenbedürfnisse.
- Qualitätssicherung: Du testest Anwendungen automatisiert und findest dabei Fehler, bevor sie beim Kunden ankommen.
- Agilität: Du arbeitest mit modernen Entwicklungsmethoden wie Scrum oder Kanban – das heißt: kurze Abstimmungen, klare Ziele, schnelle Ergebnisse.

Das solltest du mitbringen:
- Voraussetzungen: Du hast einen mittleren Schulabschluss oder Abitur/Fachabitur mit guten Ergebnissen
- Erfahrung: Erste Erfahrungen in der Nutzung von Programmiersprachen im schulischen oder privaten Bereich sind von Vorteil, aber kein Muss.
- Kommunikationsstärke: Du fühlst dich wohl im Gespräch mit anderen und bringst dich aktiv ein.
- Teamfähigkeit: Du hast Spaß daran, sowohl im Team zu arbeiten als auch eigenverantwortlich Aufgaben zu übernehmen.
- Logisches Denkvermögen: Es fällt dir leicht logische Zusammenhänge zu erfassen und Neues zu lernen.
- Digitale Affinität: Du fühlst dich in der digitalen Welt wohl und willst sie aktiv mitgestalten.

Das bieten wir dir:
- Betreuung: Wir bieten dir eine individuelle Ausbildungs- und Einsatzplanung sowie persönliche und fachliche Betreuung durch kompetente Ansprechpartner:innen.
- Attraktive Vergütung und Benefits: Neben einer fairen Bezahlung profitierst du von zahlreichen Vorteilen, wie flexiblen Arbeitszeiten, der Möglichkeit zum mobilen Arbeiten und einem modern ausgestatteten Arbeitsplatz
- Flexible Arbeitsgestaltung: Du hast die Möglichkeit, das Studium und die Arbeit so zu gestalten, dass sie zu deinem Leben passen. Flexibilität und eine gute Work-Life-Balance sind uns wichtig.
- Und vieles mehr…
Das sind wir:
DATEV ist mehr als nur ein Arbeitgeber – wir sind eine starke Community, die mit Leidenschaft und Innovation die Digitalisierung der Geschäftsprozesse unserer über 700.000 Kunden vorantreibt. Dabei setzen wir auf Vielfalt, Offenheit und Chancengleichheit – damit alle Mitarbeitenden in einer Umgebung arbeiten können, in der sie sich entfalten und Gleichberechtigung erleben. #WirsindDATEV
Du möchtest mehr erfahren?",,"Das solltest du mitbringen:
- Voraussetzungen: Du hast einen mittleren Schulabschluss oder Abitur/Fachabitur mit guten Ergebnissen
- Erfahrung: Erste Erfahrungen in der Nutzung von Programmiersprachen im schulischen oder privaten Bereich sind von Vorteil, aber kein Muss.
- Kommunikationsstärke: Du fühlst dich wohl im Gespräch mit anderen und bringst dich aktiv ein.
- Teamfähigkeit: Du hast Spaß daran, sowohl im Team zu arbeiten als auch eigenverantwortlich Aufgaben zu übernehmen.
- Logisches Denkvermögen: Es fällt dir leicht logische Zusammenhänge zu erfassen und Neues zu lernen.
- Digitale Affinität: Du fühlst dich in der digitalen Welt wohl und willst sie aktiv mitgestalten.","Ausbildung | Fachinformatiker für Anwendungsentwicklung (m/w/d), ab 09/2026","Als Dienstleister für Steuerberater, Wirtschaftsprüfer, Rechtsanwälte sowie deren Mandanten, gestaltet DATEV die IT-Welt von Morgen. Als innovatives Unternehmen suchen wir Menschen, die weit blicken, Sinnvolles kraftvoll umsetzen und die Zukunft der betriebswirtschaftlichen Finanzströme der Wirtschaft in einem der größten Softwarehäuser Europas gemeinsam gestalten.Du hast Deinen Schulabschluss bald geschafft und planst Deine berufliche Zukunft? Du bist technikbegeistert, kommunikativ und arbeitest gern im Team? Dann bist Du bei DATEV genau richtig. Für jährlich rund 80 Auszubildende und dual Studierende bieten wir ein modernes Ausbildungskonzept mit abwechslungsreichen und anspruchsvollen Aufgaben. Du hast die Möglichkeit Dich in Projektteams zu engagieren und Deine eigenen Ideen von Anfang an einzubringen.Weitere Informationen zu DATEV und unseren Angeboten findest Du online unter https://karriere.datev.de/erfahrungslevel/ausbildung. DATEV: Zukunft gestalten. Gemeinsam.","Das bieten wir dir:
- Betreuung: Wir bieten dir eine individuelle Ausbildungs- und Einsatzplanung sowie persönliche und fachliche Betreuung durch kompetente Ansprechpartner:innen.
- Attraktive Vergütung und Benefits: Neben einer fairen Bezahlung profitierst du von zahlreichen Vorteilen, wie flexiblen Arbeitszeiten, der Möglichkeit zum mobilen Arbeiten und einem modern ausgestatteten Arbeitsplatz
- Flexible Arbeitsgestaltung: Du hast die Möglichkeit, das Studium und die Arbeit so zu gestalten, dass sie zu deinem Leben passen. Flexibilität und eine gute Work-Life-Balance sind uns wichtig.
- Und vieles mehr…
Das sind wir:
DATEV ist mehr als nur ein Arbeitgeber – wir sind eine starke Community, die mit Leidenschaft und Innovation die Digitalisierung der Geschäftsprozesse unserer über 700.000 Kunden vorantreibt. Dabei setzen wir auf Vielfalt, Offenheit und Chancengleichheit – damit alle Mitarbeitenden in einer Umgebung arbeiten können, in der sie sich entfalten und Gleichberechtigung erleben. #WirsindDATEV
Du möchtest mehr erfahren?",https://karriere.datev.de/erfahrungslevel/ausbildung,https://karriere.datev.de/erfahrungslevel/ausbildung,company,ausbildung@datev.de,https://datev.wd3.myworkdayjobs.com/de-DE/Datev_Careers/job/Nrnberg/Ausbildung-Fachinformatiker-Anwendungsentwicklung--m-w-d---ab-09-2026_ID13702,https://datev.wd3.myworkdayjobs.com/de-DE/Datev_Careers/job/Nrnberg/Ausbildung-Fachinformatiker-Anwendungsentwicklung--m-w-d---ab-09-2026_ID13702,https://datev.wd3.myworkdayjobs.com/de-DE/Datev_Careers/job/Nrnberg/Ausbildung-Fachinformatiker-Anwendungsentwicklung--m-w-d---ab-09-2026_ID13702,externe,"Dann freuen wir uns auf deine Bewerbung über unser Karriereportal. Um den Bewerbungsprozess schnell und sicher zu gestalten, richte bitte einen Bewerbungsaccount ein. Bei Fragen kannst du uns jederzeit kontaktieren:
Kontakt:
Fabian Karl
Telefon: 0911 / 319-58751
E-Mail: ausbildung@datev.de
Bewirb dich jetzt und starte deine Zukunft mit DATEV!",,,ausbildung_de,https://www.ausbildung.de/stellen/ausbildung-fachinformatiker-m-w-d-anwendungsentwicklung-ab-09-2024-bei-datev-eg-in-nuernberg-8b6e554a-1390-4cd8-8cab-16b533df16c2/,False,,80,2026-06-11T11:21:34.132879+00:00
AD-8c005306-6fdc-40a1-a590-6fdb8e6876f7,ausbildung_de_ae,Münchener Verein Versicherungsgruppe,,München,München Bayern,"Ausbildung Fachinformatiker (m/w/d) Anwendungsentwicklung

Das erwartet dich bei uns:
Siehst du dich als Nerd oder programmierst du vielleicht schon? Willst du lernen, wie man richtig gute Software entwickelt und auch in großen Umgebungen zum Laufen bekommt? Dann ist die Ausbildung zur Fachinformatikerin bzw. zum Fachinformatiker für Anwendungsentwicklung genau dein Ding!
- Wir machen dich in 2,5 Jahren zum Programmier-Profi: Du lernst, wie man Softwarelösungen, die keine Wünsche offen lassen, konzipiert und umsetzt – und auch, wie man bereits existierende Standardsoftware so modifiziert, dass sie alle Anforderungen erfüllt.
- Natürlich zeigen wir dir auch, wie man mit den notwendigen Tools und Entwicklungsumgebungen richtig umgeht!
- Läuft deine Anwendung? Das findest du mit Tests heraus – und damit nichts verloren geht lernst du außerdem, wie eine korrekte Dokumentation aussehen muss.
- Die Softwareentwicklung ist ein fortlaufender Prozess: Deshalb wirst du, unterstützt durch dein Team, Projektmethoden anwenden, um alles gut zu planen, umzusetzen und zu kontrollieren.
- Die Theorie vermittelt dir die Berufsschule für Informationstechnik. In der Praxis stehen dir deine erfahrenen Kolleginnen und Kollegen zur Seite – von Anfang an wirst du ins Team eingebunden und kannst nach und nach immer mehr Aufgaben eigenständig übernehmen.
Und das können wir dir versichern:
- Herausragende, übertarifliche Ausbildungsvergütung (1.800 / 1.900 / 2.000 Euro monatlich je Ausbildungsjahr)
- Auch Studienabbrecher sind bei uns herzlich Willkommen!
- Übernahmegarantie nach der Ausbildung
- Laptop + komplette Hardware
- Sichere Arbeitsplätze
- Urlaubs- und Weihnachtsgeld
- Betriebliche Krankenversicherung
- Übertarifliche Fahrtkostenerstattung (Deutschlandticket)
- Vergünstiges Mittagessen in unserer Kantine
- Vermögenswirksame Leistungen (40 Euro / Monat)
- Betriebliche Altersvorsorge
- Flexible Arbeitszeit
- Möglichkeit in einer Azubi-WG zu wohnen
- Hervorragende Erreichbarkeit (nur ca. 5 Gehminuten vom Hauptbahnhof München)
- 30 Urlaubstage
- Prüfungsvorbereitung plus 4 Tage Sonderrurlaub zum Lernen auf die Abschlussprüfung
Übrigens: Auch dann, wenn du deinen IHK-Abschluss Fachinformatiker/Fachinformatikerin Anwendungsentwicklung geschafft hast, geht es für dich bei uns voran, denn du profitierst von maßgeschneiderten Weiterbildungsangeboten. Du kannst sogar berufsbegleitend studieren und dir so einen akademischen Abschluss sichern.
Das hast du schon drauf:
- Fachabitur oder Abitur
- Deutschkenntnisse (C1 Level)
- Ein dickes Plus: erste Programmiererfahrung, z. B. mit Java oder einer anderen gängigen Programmiersprache
- Spaß daran, kniffelige Herausforderungen zu bewältigen und dranzubleiben, bis deine Software bugfrei läuft
Vor allem aber freuen wir uns auf dich, wenn du ein engagierter, verantwortungsbewusster Mensch bist, der immer gern dazulernt, logisch und analytisch denken kann und Spaß daran hat, gemeinsam mit anderen tolle Ergebnisse zu erzielen.
Klingt nach einem Plan für dich? Dann freuen wir uns über deine Bewerbung über unser Onlineformular.
Du hast noch Fragen? Dann ruf direkt bei Sandrina Moyé an unter 089 / 51 52 - 20 33.

Mittlere Reife","1. Jahr: 1800 €
2. Jahr: 1900 €
3. Jahr: 2000 €",Mittlere Reife,Ausbildung | Fachinformatiker (m/w/d) Anwendungsentwicklung,"Wir sind der Münchener Verein, eine Versicherungsgruppe aus dem Herzen von München. Als starker Partner an der Seite vieler Menschen und Unternehmen sorgen wir dafür, dass diese mithilfe unserer Kranken-, Lebens- und allgemeinen Versicherungen sehr gut abgesichert sind. Gegründet wurden wir vom Handwerk für das Handwerk, doch heute bieten wir jeglichen privaten und gewerblichen Kundinnen und Kunden vielfältige Produkte zur Vorsorge, Versicherung und Kapitalanlage.Für unsere Leistungen sind wir schon mehrfach als „Versicherer des Jahres“ ausgezeichnet worden – und dazu haben selbstverständlich auch unsere tollen Azubis und Dualis beigetragen.Zudem gehören wir zu den besten Arbeitgebern Deutschlands und freuen uns riesig über unsere Auszeichnung als einer der Top-Arbeitgeber 2025.Was uns besonders wichtig ist? Dass du dich bei uns wohlfühlst! Daher legen wir viel Wert darauf, nicht nur mit Freundlichkeit und einer sehr guten Ausbildung zu punkten, sondern dir auch tolle Rahmenbedingungen zu bieten. Es erwarten dich u. a.: Herausragende, übertarifliche Ausbildungsvergütung (1.800–2.000 Euro pro Monat) Urlaubs- und Weihnachtsgeld Deutschlandticket für Azubis - bezuschusst Vermögenswirksame Leistungen (40 Euro/Monat) Betriebliche Altersvorsorge Übernahmegarantie Laptop/Hardware Sichere Arbeitsplätze Flexible Arbeitszeit 30 Urlaubstage Vier Sonderurlaubstage zur Prüfungsvorbereitung Mitarbeiterrestaurant - 50% bezuschusst Mitarbeitercafé MAX Spannend ist auch, dass du beim Münchener Verein auf die unterschiedlichsten Menschen treffen kannst. Unser engagiertes Team besteht aus Jung und Alt, Branchenfremden und Versicherungsprofis, lockeren Leuten und eloquenten Anzugträgern. Bei uns kümmern sich insgesamt 900 Mitarbeiterinnen und Mitarbeiter aus verschiedenen Fachrichtungen täglich darum, unseren Kundinnen und Kunden Sicherheit zu geben. Doch ganz gleich, wie unterschiedlich wir sind – es gibt eine Sache, die uns alle verbindet: die Herzlichkeit und Freude auf motivierten Nachwuchs wie dich!Klingt nach einem Ausbildungsbetrieb, in dem du dich wohlfühlen würdest? Mehr erfährst du auf unserer Website (mv-azubis.de).Leg deine Zukunft in beste Hände – wir freuen uns auf deine Bewerbung!",,http://www.muenchener-verein.de,http://www.muenchener-verein.de,company,ausbildung@muenchener-verein.de,https://www.muenchener-verein.de/unternehmen/karriere-ausbildung/stellenangebote-innendienst/ausbildung-fachinformatiker-anwendungsentwicklung-mwd-2026-pa00002791/,https://www.muenchener-verein.de/unternehmen/karriere-ausbildung/stellenangebote-innendienst/ausbildung-fachinformatiker-anwendungsentwicklung-mwd-2026-pa00002791/,https://www.muenchener-verein.de/unternehmen/karriere-ausbildung/stellenangebote-innendienst/ausbildung-fachinformatiker-anwendungsentwicklung-mwd-2026-pa00002791/,externe,,,,ausbildung_de,https://www.ausbildung.de/stellen/ausbildung-fachinformatiker-m-w-d-anwendungsentwicklung-bei-muenchener-verein-versicherungsgruppe-in-muenchen-02473ce6-b56f-4f5c-ac78-604e620b5689/,False,,73,2026-06-11T11:21:36.376616+00:00
AD-0880aec4-bf55-4fbe-8df3-1032bed9d64a,ausbildung_de_ae,JAKO AG,,Mulfingen,Amtstrasse 82 74673 Mulfingen Baden-Württemberg,"Ausbildung Fachinformatiker (m/w/d) Anwendungsentwicklung (für 2027)

Mittlere Reife",,Mittlere Reife,Ausbildung | Fachinformatiker (m/w/d) Anwendungsentwicklung (für 2027),"JAKO ist einer der Marktführer im deutschen Teamsportgeschäft. Weltweit tragen mehr als 100.000 Mannschaften in mehr als fünfzig Ländern die Ausrüstung der Marke aus Mulfingen-Hollenbach. Dazu zählt unter anderem der VfB Stuttgart aus der Fußball-Bundesliga. JAKO wurde 1989 von Rudi Sprügel gegründet. Der Name der Firma beruht auf Sprügels erstem Unternehmensziel, alle Vereine zwischen den namensgebenden Flüssen Jagst und Kocher optimal mit Trikots, Trainingsanzügen und T-Shirts auszustatten. Der Gründer ist mittlerweile Vorsitzender des Aufsichtsrats. Seine Töchter Nadine und Yvonne Sprügel führen JAKO in zweiter Generation als Familienunternehmen fort. Im JAKO Teamcenter, dem Firmensitz in Hollenbach, arbeiten 370 Mitarbeiter in einem hochmodernen Umfeld. Um die Kunden schnell und zuverlässig beliefern zu können, sind hier 95 % der gesamten Kollektion immer auf Lager.",,https://www.jako.de/,https://www.jako.de/,company,patrick.mueller@jako.com,https://www.jako.com/de-de/ueber-jako/karriere/jobs-jako/ausbildung-fachinformatiker-m-w-d-systemintegration-oder-anwendungsentwicklung-1967/,https://www.jako.com/de-de/ueber-jako/karriere/jobs-jako/ausbildung-fachinformatiker-m-w-d-systemintegration-oder-anwendungsentwicklung-1967/,https://www.jako.com/de-de/ueber-jako/karriere/jobs-jako/ausbildung-fachinformatiker-m-w-d-systemintegration-oder-anwendungsentwicklung-1967/,externe,,,,ausbildung_de,https://www.ausbildung.de/stellen/ausbildung-fachinformatiker-m-w-d-anwendungsentwicklung-fuer-2025-bei-jako-ag-in-mulfingen-2ffdf164-4d8f-4c1d-80fd-7bfb77cff96d/,False,,67,2026-06-11T11:21:38.342907+00:00
AD-9ec8d26e-d1ba-45dd-a4a7-508687732d4e,ausbildung_de_ae,uniVersa Lebensversicherung a.G.,,Nürnberg,Sulzbacher Straße 1-7 90489 Nürnberg Bayern,"Ausbildung Fachinformatiker (m/w/d) für Anwendungsentwicklung 2026

Das erwartet dich bei uns:
- Du arbeitest in unterschiedlichen Teams für die Softwareentwicklung mit
- Du planst, realisierst und bist an der Weiterentwicklung von IT-Systemen und Webanwendungen beteiligt
- Du programmierst in Java/SQL und Natural/ADABAS unter Einsatz verschiedener Frameworks wie Spring/ZK/JSF
- Du modellierst und optimierst zusammen mit der Fachabteilung Geschäftsprozesse
- Agile Softwareentwicklung mit Scrum und Kanban

Das solltest du mitbringen:
- Eine gute Mittlere Reife oder (Fach-)Hochschulreife oder Studienaussteiger: innen aus den Bereichen der Informatik, Mathematik und Wirtschaftsinformatik
- Freude und großes Interesse am Umgang mit Informationstechnologien, auch außerhalb der Ausbildung
- Begeisterung am Lösen von Problemen
- Teamfähigkeit, Zuverlässigkeit und Kommunikationsfähigkeit
- Freude am selbstständigen Arbeiten

Das bieten wir dir:
- Wir begleiten dich individuell vom ersten Tag an und unterstützen dich beim Einstieg ins Berufsleben
- Du erhältst ein eigenes Notebook, um dich im Rahmen deiner Ausbildung optimal zu unterstützen
- Aufgrund der vielseitigen und verschiedenen Aufgaben ist kein Tag wie der andere
- Wir schaffen, dank unserer flexiblen Arbeitszeit, eine gute Work-Life-Balance
- Wir bieten dir hohe Übernahmechancen und gute Karriereperspektiven
- Dir stehen nach der Ausbildung berufsbegleitend zahlreiche Weiterbildungs- und Entwicklungsmöglichkeiten offen
So wirst du ein Teil unseres Azubi-Teams:
Bewirb dich mit deiner vollständigen Bewerbung unter folgendem Link:
https://ausbildung.karriere.universa.de/jobs/59357963/Ausbildung-2026-Fachinformatiker-f%C3%BCr-Anwendungsentwicklung-m-w-d-/",,"Das solltest du mitbringen:
- Eine gute Mittlere Reife oder (Fach-)Hochschulreife oder Studienaussteiger: innen aus den Bereichen der Informatik, Mathematik und Wirtschaftsinformatik
- Freude und großes Interesse am Umgang mit Informationstechnologien, auch außerhalb der Ausbildung
- Begeisterung am Lösen von Problemen
- Teamfähigkeit, Zuverlässigkeit und Kommunikationsfähigkeit
- Freude am selbstständigen Arbeiten",Ausbildung | Fachinformatiker (m/w/d) für Anwendungsentwicklung 2026,"Mit Stolz blicken wir auf das Jahr 1843 zurück, dem Gründungsjahr der uniVersa Krankenversicherung a.G.. Damit sind wir die älteste private Krankenversicherung Deutschlands. Nur wenige Jahre später – im Jahr 1857 – wurde die heutige uniVersa Lebensversicherung gegründet. Seit damals schenken uns Generationen von Versicherten ihr Vertrauen. Sie alle profitieren von unserer Erfahrung, die in zukunftsweisenden Produkten zum Ausdruck kommt. Wir garantieren ihnen Sicherheit und Zuverlässigkeit – ein Leben lang. Mittlerweile arbeiten rund 830 Mitarbeitende in unserer Unternehmenszentrale in Nürnberg. Wir bieten unseren Mitarbeitenden ein familienfreundliches Arbeitsumfeld mit flexiblen Arbeitszeiten sowie eine ausgewogene Work-Life-Balance und ausgezeichnete Sozialleistungen. Auch die Anbindung an das öffentliche Nahverkehrsnetz ist mit der U-Bahn-Station Rathenauplatz sowie Bus- und Tram-Haltestellen in unmittelbarer Umgebung ausgezeichnet.Du bist auf der Suche nach einem anspruchsvollen und zukunftsträchtigen Berufseinstieg? In unserer Unternehmenszentrale in Nürnberg bieten wir dir die Möglichkeit, eine Vielzahl von attraktiven, abwechslungsreichen und modernen Berufen zu erlernen!","Das bieten wir dir:
- Wir begleiten dich individuell vom ersten Tag an und unterstützen dich beim Einstieg ins Berufsleben
- Du erhältst ein eigenes Notebook, um dich im Rahmen deiner Ausbildung optimal zu unterstützen
- Aufgrund der vielseitigen und verschiedenen Aufgaben ist kein Tag wie der andere
- Wir schaffen, dank unserer flexiblen Arbeitszeit, eine gute Work-Life-Balance
- Wir bieten dir hohe Übernahmechancen und gute Karriereperspektiven
- Dir stehen nach der Ausbildung berufsbegleitend zahlreiche Weiterbildungs- und Entwicklungsmöglichkeiten offen
So wirst du ein Teil unseres Azubi-Teams:
Bewirb dich mit deiner vollständigen Bewerbung unter folgendem Link:
https://ausbildung.karriere.universa.de/jobs/59357963/Ausbildung-2026-Fachinformatiker-f%C3%BCr-Anwendungsentwicklung-m-w-d-/",https://ausbildung.karriere.universa.de/,https://ausbildung.karriere.universa.de/,company,,https://ausbildung.karriere.universa.de/jobs/59357963/Ausbildung-2026-Fachinformatiker-f%C3%BCr-Anwendungsentwicklung-m-w-d-/,https://ausbildung.karriere.universa.de/jobs/59357963/Ausbildung-2026-Fachinformatiker-f%C3%BCr-Anwendungsentwicklung-m-w-d-/,https://ausbildung.karriere.universa.de/jobs/59357963/Ausbildung-2026-Fachinformatiker-f%C3%BCr-Anwendungsentwicklung-m-w-d-/,externe,"Ansprechpartnerin:
Frau Theresa Brütting
Sulzbacher Straße 1-7
90489 Nürnberg
Tel.: 0911 5307-1356",,,ausbildung_de,https://www.ausbildung.de/stellen/ausbildung-fachinformatiker-m-w-d-fuer-anwendungsentwicklung-2026-bei-universa-lebensversicherung-a-g-in-nuernberg-4dcd4299-12b4-47dd-a610-42d82dc71460/,False,,73,2026-06-11T11:21:40.328890+00:00
AD-892cca7b-b04d-4bf9-a332-015aadbce0c2,ausbildung_de_ae,KE Elektronik GmbH,,Kreßberg,Im Klingenfeld 21 74594 Kreßberg Baden-Württemberg,"Ausbildung Fachinformatiker (m/w/d) für Systemintegration oder Anwendungsentwicklung ab 2026 oder 2027

DAS ERWARTET DICH
Fachinformatiker (m/w/d) für Systemintegration:
- Installation und Konfiguration: Du installierst Hard- und Softwarekomponente und konfigurierst diese.
- Fehleranalyse und -behebung: Du führst Fehleranalysen durch und behebst Störungen.
- IT-Support: Du bist für die Anwenderberatung und -betreuung zuständig und hilfst ihnen bei technischen Fragen und Problemen.
- Netzwerkadministration: Du übernimmst die Verantwortung für die Betreuung und Administration von Netzwerken und IT-Systemen.
- Vielfältige Projekte: Du planst Projekte und setzt diese eigenständig um.
Fachinformatiker (m/w/d) für Anwendungsentwicklung:
- Software-Entwicklung: Du planst, gestaltest und programmierst verschiedenste Programme und Anwendungen.
- Kreative Umsetzung: Du entwickelst anwendungsorientierte und benutzerfreundliche Bedieneroberflächen.
- Vielfältige Projekte: Du planst Projekte und setzt diese eigenständig um.
- Schwerpunkt der Ausbildung: Der Schwerpunkt deiner Ausbildung liegt auf der Weiterentwicklung von internen Systemen und Apps.
Das lernst Du in der Berufsschule:
- Programmieren: Grundlagen der Programmierung mit verschiedenen Sprachen.
- Netzwerktechnik: Aufbau und Verständnis von Firmennetzwerken.
- Betriebswirtschaft (BWL): Unternehmen verstehen und wirtschaftliche Entscheidungen nachvollziehen.
- Gemeinschaftskunde: Wissen über Politik, Geschichte und Gesellschaft.
- Deutsch: Sicherer Umgang mit Sprache und Texten.
- Wirtschaftskompetenz: Verständnis für Geld, Märkte und wirtschaftliche Zusammenhänge
- Elektrotechnik: Einblicke in Elektrotechnik und Digitaltechnik.

DAS BRINGST DU MIT
- Schulabschluss: Du strebst die Mittlere Reife oder einen höheren Schulabschluss an oder du besitzt bereits einen dieser Schulabschlüsse / eine andere abgeschlossene Berufsausbildung.
- Technikbegeisterung: Du interessierst dich für Hard- und Software sowie für elektronische Datenverarbeitung oder hast Interesse am Programmieren und besitzt ein technisches Verständnis.
- Englischkenntnisse: You have a basic knowledge in English.
- Teamplayer: Du bist teamfähig, arbeitest aber auch selbstständig und zuverlässig an zu erledigenden Aufgaben.
BERUFSSCHULE
Du besuchst die Gewerbliche Schule in Schwäbisch Hall, wo Du in 1,5 Berufsschultagen pro Woche umfassend auf Deinen Beruf vorbereitet wirst.

WIR BIETEN DIR
- Azubiausflüge und viele betriebliche Aktivitäten
- Mitarbeit an realen Projekten und abwechslungsreiche Aufgaben mit viel Lernpotenzial
- Persönliche Betreuung und Patensystem sowie Unterstützung während der gesamten Ausbildungszeit
- Flexible Arbeitszeiten mit Gleitzeitkonto
- Kantine, kostenlose Getränke, Mitarbeiterrabatte im Online-Shopping und vieles mehr
- Flache Hierarchien und ein angenehmes Betriebsklima
- Gute Übernahmechancen in einem internationalen und hoch technologischen Unternehmen",,"DAS BRINGST DU MIT
- Schulabschluss: Du strebst die Mittlere Reife oder einen höheren Schulabschluss an oder du besitzt bereits einen dieser Schulabschlüsse / eine andere abgeschlossene Berufsausbildung.
- Technikbegeisterung: Du interessierst dich für Hard- und Software sowie für elektronische Datenverarbeitung oder hast Interesse am Programmieren und besitzt ein technisches Verständnis.
- Englischkenntnisse: You have a basic knowledge in English.
- Teamplayer: Du bist teamfähig, arbeitest aber auch selbstständig und zuverlässig an zu erledigenden Aufgaben.
BERUFSSCHULE
Du besuchst die Gewerbliche Schule in Schwäbisch Hall, wo Du in 1,5 Berufsschultagen pro Woche umfassend auf Deinen Beruf vorbereitet wirst.",Ausbildung | Fachinformatiker (m/w/d) für Systemintegration oder Anwendungsentwicklung ab 2026 oder 2027,"KE Elektronik ist ein leistungsstarkes und innovatives Unternehmen mit über 4.000 Mitarbeitern weltweit. Als Teil der amerikanischen Amphenol Corporation – einem der weltweit führenden Hersteller von Steckverbindern – vereint KE Elektronik Kreativität und Flexibilität eines mittelständischen Unternehmens mit den Wachstumschancen eines global agierenden Konzerns. An unseren Standorten in Deutschland, Tschechien, Slowakei, Nordmazedonien, China und Mexiko schaffen wir starke Verbindungen. Unsere Kernkompetenzen sind Kunststofftechnik, Leitungsbearbeitung sowie Aufbau- und Verbindungstechnik. In den Märkten Automotive und Luftfahrt beliefern wir Hersteller/OEM‘s sowie führende Tier1-Zulieferer für Elektrik und Elektronik. AUSBILDUNG & STUDIUMYOUNG CONNECTIONS. Wir setzen auf unseren Nachwuchs.Mit einer Ausbildung oder einem dualen Studium hast Du bei KE Elektronik freie Entfaltungsmöglichkeiten. Die Ausbildung unserer Mitarbeiter liegt uns am Herzen! Durch spannende Projekte und abwechslungsreiche Aufgaben kannst Du aktiv am Betriebsgeschehen mitwirken. Du bist Dir noch unsicher, welche Ausbildung die Richtige für Dich ist? Dann sammle erste Erfahrungen bei einem Praktikum. Auch für Studenten gibt es viele Möglichkeiten uns kennenzulernen. Hast du Interesse an einer Abschlussarbeit, einem Praktikum oder einer Werkstudententätigkeit? Bewirb Dich jetzt und komm in unser Team! Unsere Ausbildungsplätze Kunststoff- & Kautschuktechnologe (m/w/d) Mechatroniker (m/w/d) Technischer Produktdesigner (m/w/d) für Maschinen- und Anlagenkonstruktion Fachkraft für Lagerlogistik (m/w/d) Industriekaufleute (m/w/d) Fachinformatiker (m/w/d) für Systemintegration oder Anwendungsentwicklung Unsere Studienplätze Duales Studium BWL-Digital Business Management (B.A.) Duales Studium Elektrotechnik (B.Eng.) I Nachrichten- und Kommunikationstechnik Duales Studium Wirtschaftsinformatik (B.Sc.) Duales Studium Wirtschaftsingenieurwesen (B.Eng.) Studium mit vertiefter Praxis I Elektrotechnik (B.Sc.) VIRTUELLES PRAKTIKUMEntdecke unsere Unternehmensinsel und Deine Zukunft!Hast du Lust, spielerisch unsere Ausbildungsberufe zu erkunden? Tauche ein in eine Welt voller spannender Aufgaben und lerne dabei unsere Berufe hautnah kennen.Das erwartet Dich: Interaktives Spiel: Erlebe, welche Aufgaben unsere Azubis täglich ausführen. Echte Einblicke: Unsere Insel ist eine virtuelle Nachbildung unseres Firmengeländes am Hauptstandort in Marktlustenau (zwischen Dinkelsbühl, Crailsheim und Feuchtwangen). Spaß und Lernen: Finde heraus, welcher Beruf am besten zu Dir passt. Ob Du lieber technisch tüftelst, kreativ gestaltest oder organisatorisch tätig bist – hier findest Du garantiert das Richtige für Dich!Jetzt loslegen > www.ke-elektronik.de > Karriere > Infos zur Ausbildung","WIR BIETEN DIR
- Azubiausflüge und viele betriebliche Aktivitäten
- Mitarbeit an realen Projekten und abwechslungsreiche Aufgaben mit viel Lernpotenzial
- Persönliche Betreuung und Patensystem sowie Unterstützung während der gesamten Ausbildungszeit
- Flexible Arbeitszeiten mit Gleitzeitkonto
- Kantine, kostenlose Getränke, Mitarbeiterrabatte im Online-Shopping und vieles mehr
- Flache Hierarchien und ein angenehmes Betriebsklima
- Gute Übernahmechancen in einem internationalen und hoch technologischen Unternehmen",https://ke-elektronik.de/,https://ke-elektronik.de/,company,personal@ke-elektronik.de,https://www.ausbildung.de/direktbewerbung/ausbildung-fachinformatiker-m-w-d-fuer-systemintegration-oder-anwendungsentwicklung-ab-2025-bei-ke-elektronik-gmbh-in-kressberg-98f590d4-2782-4084-a41a-3ea9dad1ff47/,https://www.ausbildung.de/direktbewerbung/ausbildung-fachinformatiker-m-w-d-fuer-systemintegration-oder-anwendungsentwicklung-ab-2025-bei-ke-elektronik-gmbh-in-kressberg-98f590d4-2782-4084-a41a-3ea9dad1ff47/,https://www.ausbildung.de/direktbewerbung/ausbildung-fachinformatiker-m-w-d-fuer-systemintegration-oder-anwendungsentwicklung-ab-2025-bei-ke-elektronik-gmbh-in-kressberg-98f590d4-2782-4084-a41a-3ea9dad1ff47/,externe,,,,ausbildung_de,https://www.ausbildung.de/stellen/ausbildung-fachinformatiker-m-w-d-fuer-systemintegration-oder-anwendungsentwicklung-ab-2025-bei-ke-elektronik-gmbh-in-kressberg-98f590d4-2782-4084-a41a-3ea9dad1ff47/,False,,73,2026-06-11T11:21:41.948028+00:00
AD-f8129efa-9ce4-456a-aef3-965aac7ab811,ausbildung_de_ae,United Internet,,Karlsruhe,Brauerstraße 48 76135 Karlsruhe Baden-Württemberg,"Ausbildung - Fachinformatiker (w/m/d) Fachrichtung Anwendungsentwicklung in Karlsruhe Start 2026

Mittlere Reife",,Mittlere Reife,Ausbildung | - Fachinformatiker (w/m/d) Fachrichtung Anwendungsentwicklung in Karlsruhe Start 2026,"Die United Internet AG ist mit rund 28 Mio. kostenpflichtigen Kundenverträgen und 40 Mio. werbefinanzierten Free-Accounts ein führender europäischer Internet-Spezialist. Kern von United Internet ist eine leistungsfähige „Internet-Fabrik“ mit rund 11.000 Mitarbeitenden, ca. 3.800 davon in Produkt-Management, Entwicklung und Rechenzentren. Neben einer hohen Vertriebskraft über etablierte Marken wie 1&1, GMX, WEB.DE, IONOS, STRATO, 1&1 Versatel sowie die Marken von Drillisch Online steht United Internet für herausragende Operational Excellence bei weltweit rund 68 Mio. Kunden-Accounts.",,https://www.united-internet.de/,https://www.united-internet.de/,company,ausbildung@united-internet.de,https://career55.sapsf.eu/sfcareer/jobreqcareerpvt?jobId=5653&company=telecommun&st=B1F7F15AE0EB8A0B2C18E5732E7AFADDDE10C37D,https://career55.sapsf.eu/sfcareer/jobreqcareerpvt?jobId=5653&company=telecommun&st=B1F7F15AE0EB8A0B2C18E5732E7AFADDDE10C37D,https://career55.sapsf.eu/sfcareer/jobreqcareerpvt?jobId=5653&company=telecommun&st=B1F7F15AE0EB8A0B2C18E5732E7AFADDDE10C37D,externe,,,,ausbildung_de,https://www.ausbildung.de/stellen/ausbildung-fachinformatiker-w-m-d-fachrichtung-anwendungsentwicklung-in-karlsruhe-start-2026-bei-united-internet-in-karlsruhe-c76f0501-c4af-4c15-8d34-24c047f5cec9/,False,,67,2026-06-11T11:21:43.616826+00:00
AD-054f63ff-3620-4625-9578-c19fbef429c3,ausbildung_de_ae,Schaeffler Digital Solutions GmbH,,Chemnitz,09111 Chemnitz Sachsen,"Ausbildung im Bereich Fachinformatik Anwendungsentwicklung (m/w/d) 2026

Dein Profil
- Abschluss der Mittleren Reife, Fachhochschulreife oder der Allgemeinen Hochschulreife
- Erste Kenntnisse im Programmieren von Vorteil
- Selbstorganisation und Lernbereitschaft
- Begeisterung für die Mitarbeit in einem agilen Entwicklungsteam
- Sehr gute Deutsch- und Englischkenntnisse
- Offene, innovationsgetriebene Unternehmenskultur
- Arbeiten in dynamischen und inspirierenden Teams
- Spannende Einführungstage sowie Teamevents
- Betreuung durch persönliche Ansprechpersonen während der gesamten Ausbildung
- Gute Berufsperspektiven und umfassendes Weiterentwicklungsangebot
- Flexible Arbeitszeiten
- Attraktive Gesundheits- und Sportangebote, z. B. durch die Schaeffler Health Coach App
- Weitere Benefits wie Mitarbeitendenrabatte und das Deutschlandticket",,"Dein Profil
- Abschluss der Mittleren Reife, Fachhochschulreife oder der Allgemeinen Hochschulreife
- Erste Kenntnisse im Programmieren von Vorteil
- Selbstorganisation und Lernbereitschaft
- Begeisterung für die Mitarbeit in einem agilen Entwicklungsteam
- Sehr gute Deutsch- und Englischkenntnisse
- Offene, innovationsgetriebene Unternehmenskultur
- Arbeiten in dynamischen und inspirierenden Teams
- Spannende Einführungstage sowie Teamevents
- Betreuung durch persönliche Ansprechpersonen während der gesamten Ausbildung
- Gute Berufsperspektiven und umfassendes Weiterentwicklungsangebot
- Flexible Arbeitszeiten
- Attraktive Gesundheits- und Sportangebote, z. B. durch die Schaeffler Health Coach App
- Weitere Benefits wie Mitarbeitendenrabatte und das Deutschlandticket",Ausbildung | im Bereich Fachinformatik Anwendungsentwicklung (m/w/d) 2026,"Seit über 75 Jahren treibt die Schaeffler Gruppe als ein weltweit führender Automobil- und Industriezulieferer zukunftsweisende Erfindungen und Entwicklungen in den Bereichen Bewegung und Mobilität voran. Mit innovativen Technologien, Produkten und Services in den Feldern Elektromobilität, CO₂-effiziente Antriebe, Fahrwerkslösungen, Industrie 4.0, Digitalisierung und erneuerbare Energien ist das Unternehmen ein verlässlicher Partner, um Bewegung und Mobilität effizienter, intelligenter und nachhaltiger zu machen – und das über den kompletten Lebenszyklus hinweg.",,http://www.schaeffler.de/,http://www.schaeffler.de/,company,,https://schaeffler-technologies-ag-co-kg.contactrh.com/jobs/11871/43745010,https://schaeffler-technologies-ag-co-kg.contactrh.com/jobs/11871/43745010,https://schaeffler-technologies-ag-co-kg.contactrh.com/jobs/11871/43745010,externe,,"Du willst Teil eines internationalen Hightech-Unternehmens werden? Dann bewirb dich mit deinem Lebenslauf, deinen letzten zwei Zeugnissen einer allgemeinbildenden Schule und gerne einem Anschreiben. Wir freuen uns, dich kennenzulernen.
Wichtiger Hinweis
Falls Du zum Zeitpunkt der Bewerbung jünger als 16 Jahre bist, lade bitte die Einwilligungserklärung (bit.ly/schaefflerdatenverarbeitung) herunter. Das ausgefüllte und unterschriebene Dokument lädst Du dann bitte als Anlage bei Deiner Bewerbung hoch.
Aus rechtlichen Gründen dürfen wir Bewerbungen von Kandidat*innen, die das 16. Lebensjahr noch nicht vollendet haben, nur mit vorheriger Zustimmung durch die gesetzlich vertretende(n) Person(en) verarbeiten (Art. 8 Abs. 1 Datenschutzgrundverordnung).
www.ausbildung-bei-schaeffler.de",,ausbildung_de,https://www.ausbildung.de/stellen/ausbildung-im-bereich-fachinformatik-anwendungsentwicklung-m-w-d-2026-bei-schaeffler-technologies-ag-co-kg-in-chemnitz-03072e38-3475-4130-a0be-b09e9ffb66ca/,False,,67,2026-06-11T11:21:45.193543+00:00
AD-5be05bf7-2164-4dd7-8980-8e11ae4813fe,ausbildung_de_ae,"Blutspendedienst der Landesverbände des Deutschen Roten Kreuzes Niedersachsen, Sachsen-Anhalt, Thüringen, Oldenburg und Bremen gGmbH",,Springe,Eldagsener Str. 38 31832 Springe Niedersachsen,"Ausbildung Fachinformatiker/in für Anwendungsentwicklung (m/w/d)

Deine Aufgaben:
- Während deiner Ausbildung wirst du aktiv in alle Phasen der Softwareentwicklung eingebunden und lernst in den Projekten die bei uns eingesetzten Techniken und unser Projektmanagement kennen.
- Du führst gemeinsam mit dem Fachbereich Anforderungsanalysen durch und unterstützt bei der Erstellung der dazugehörenden Lastenhefte.
- Auf dieser Basis entwickelst du Implementierungskonzepte und Pflichtenhefte und wirkst bei deren Umsetzung aktiv mit.
- Du erstellst Testkonzepte, unterstützt den Fachbereich bei der Durchführung der Tests und schulst die Anwender (m/w/d) in der Nutzung der Software.
Deine Vorteile:
- eine interessante, abwechslungsreiche und praxisbezogene Ausbildung
- gute Übernahmechancen nach erfolgreich abgeschlossener Ausbildung
- ein speziell auf unsere Auszubildenden zugeschnittenes Schulungsprogramm
- ein attraktives Ausbildungsgehalt inkl. Urlaubs- und Weihnachtsgeld sowie 30 Tagen Urlaub im Jahr
- ein eigener Laptop und Übernahme der Kosten deiner Schulbücher

Dein Profil:
- Du verfügst über die allgemeine (Fach-)Hochschulreife mit guten Leistungen in Mathematik/Physik und idealerweise Informatik.
- Idealerweise hast du bereits relevante Erfahrung in der Softwareentwicklung.
- Du findest das Thema Softwareentwicklung spannend und hast großes Interesse an modernen IT-Technologien und an der Lösung von logischen Aufgaben.
- An neue Aufgaben gehst du strukturiert und analytisch heran und kannst dich auch eigenständig in komplexe Themenfelder einarbeiten.
- Du verbindest Freude an neuen Themen mit einer engagierten und selbstständigen Arbeitsweise.
- Nicht zuletzt bist du kontaktfreudig, aufgeschlossen, zuverlässig und motiviert.",,"Dein Profil:
- Du verfügst über die allgemeine (Fach-)Hochschulreife mit guten Leistungen in Mathematik/Physik und idealerweise Informatik.
- Idealerweise hast du bereits relevante Erfahrung in der Softwareentwicklung.
- Du findest das Thema Softwareentwicklung spannend und hast großes Interesse an modernen IT-Technologien und an der Lösung von logischen Aufgaben.
- An neue Aufgaben gehst du strukturiert und analytisch heran und kannst dich auch eigenständig in komplexe Themenfelder einarbeiten.
- Du verbindest Freude an neuen Themen mit einer engagierten und selbstständigen Arbeitsweise.
- Nicht zuletzt bist du kontaktfreudig, aufgeschlossen, zuverlässig und motiviert.",Ausbildung | Fachinformatiker/in für Anwendungsentwicklung (m/w/d),"Mit Sinn zum Erfolg Der DRK-Blutspendedienst NSTOB gewährleistet eine sichere Versorgung von Krankenhäusern und niedergelassenen Ärzten mit Blutprodukten. Dafür werden jeden Tag rund 3.000 Blutspenden benötigt, wofür jährlich etwa 10.000 Spendetermine organisiert werden. Gestalten Sie medizinischen Fortschritt mit uns Als medizinisch-pharmazeutischer Dienstleister arbeiten wir täglich daran, Blutprodukte zu verbessern, effektiver nutzbar zu machen und die Versorgung unserer Krankenhäuser und Arztpraxen mit überlebenswichtigen Arzneimitteln (Blutprodukten) dauerhaft zu sichern. Dazu gehören: die Forschung im Bereich Transfusionsmedizin die Optimierung von medizinischen und technischen Prozessen sowie der Untersuchungsmethoden von Blutspenden die Kommunikation mit den Spendern vor, nach und auf den Blutspendeterminen sowie alle Abläufe rund um die Termine Jobs, die etwas bewirken Bei uns hast Du die Möglichkeit, Dich für eine gute Sache einzusetzen und trägst mit Deiner Arbeit dazu bei, Menschenleben durch medizinischen Fortschritt zu retten, die medizinische Versorgung zu verbessern und den Solidaritätsgedanken der Blutspende als gegenseitige Hilfe zu stärken. Gemeinsam mit unseren rund 1.000 Mitarbeitern arbeiten wir täglich an unserem Auftrag, die Bundesländer Niedersachsen, Sachsen-Anhalt, Thüringen und Bremen mit sicheren Arzneimitteln zu versorgen. Mehr Infos findest Du unter https://www.blutspende-leben.de/job",,https://www.blutspende-leben.de,https://www.blutspende-leben.de,company,heike.sporreiter@bsd-nstob.de,https://www.blutspende-leben.de/karriere/stellenangebote/ausbildung-zum-fachinformatiker-mwd-anwendungsentwicklung,https://www.blutspende-leben.de/karriere/stellenangebote/ausbildung-zum-fachinformatiker-mwd-anwendungsentwicklung,https://www.blutspende-leben.de/karriere/stellenangebote/ausbildung-zum-fachinformatiker-mwd-anwendungsentwicklung,externe,,,,ausbildung_de,https://www.ausbildung.de/stellen/ausbildung-industriekaufmann-frau-m-w-d-bei-blutspendedienst-der-landesverbaende-des-deutschen-roten-kreuzes-niedersachsen-sachsen-anhalt-thueringen-oldenburg-und-bremen-ggmbh-in-springe-9c17a989-8c92-4398-9f8d-ebeb3d03ba0a/,False,,67,2026-06-11T11:21:46.824677+00:00
AD-edee6477-f7b1-4c83-8a84-5399a0fe9bc2,ausbildung_de_ae,bugatti GmbH,,Herford,Hansastr. 55 32049 Herford Nordrhein-Westfalen,"Ausbildung Fachinformatiker/in für Anwendungsentwicklung (m/w/d)

Mittlere Reife

Wir bieten Dir
- Du übernimmst bei uns abwechslungsreiche Aufgaben. Durch Workshops und Trainings bieten wir Dir Möglichkeiten zur persönlichen Weiterentwicklung.
- Wir wollen, dass Du unsere Mode trägst, und Du erhältst überdies attraktive Einkaufsvorteile.
- Da wir als Familienunternehmen langfristig denken, setzen wir darauf, unsere Auszubildenden nach der Ausbildung zu übernehmen.
- Die zentrale Lage Deines Büros, Parkplätze und die gute Anbindung an das Verkehrsnetz garantieren kurze Wege und leichte Erreichbarkeit.
- Moderne Arbeitsplätze erlauben mobiles Arbeiten und Kommunikation mit neuster technischer Ausstattung. Dafür erhältst Du Dein eigenes Notebook.","1. Jahr: 1157 €
2. Jahr: 1231 €
3. Jahr: 1345 €",Mittlere Reife,Ausbildung | Fachinformatiker/in für Anwendungsentwicklung (m/w/d),"Bei bugatti gestalten wir Mode und Accessoires für jeden Moment im Leben – stilvoll, lebensfroh und authentisch. Unsere Mitarbeiter:innen teilen diese Werte und prägen unsere Marke mit Vielfalt, Kreativität und Offenheit. Als eine der führenden Lifestyle-Marken Europas entwickeln wir uns stetig weiter – mit Mut, Einsatzfreude und dem Anspruch, täglich besser zu werden. Dabei verbinden wir Fortschritt mit Bodenständigkeit und pflegen unsere familiären Werte. Wir fördern die persönliche und fachliche Entwicklung unserer Mitarbeitenden und schätzen ihre Ideen, ihr Wissen und ihre Leidenschaft. Entdecke Möglichkeiten bei bugatti – in einer Atmosphäre, die Freiraum, Verantwortung und echte Perspektiven bietet.","Wir bieten Dir
- Du übernimmst bei uns abwechslungsreiche Aufgaben. Durch Workshops und Trainings bieten wir Dir Möglichkeiten zur persönlichen Weiterentwicklung.
- Wir wollen, dass Du unsere Mode trägst, und Du erhältst überdies attraktive Einkaufsvorteile.
- Da wir als Familienunternehmen langfristig denken, setzen wir darauf, unsere Auszubildenden nach der Ausbildung zu übernehmen.
- Die zentrale Lage Deines Büros, Parkplätze und die gute Anbindung an das Verkehrsnetz garantieren kurze Wege und leichte Erreichbarkeit.
- Moderne Arbeitsplätze erlauben mobiles Arbeiten und Kommunikation mit neuster technischer Ausstattung. Dafür erhältst Du Dein eigenes Notebook.",https://www.bugatti-fashion.com/,https://www.bugatti-fashion.com/,company,a.zoeller@bugatti.de,https://bugatti-fashion.dvinci-hr.com/de/jobs/82/intro,https://bugatti-fashion.dvinci-hr.com/de/jobs/82/intro,https://bugatti-fashion.dvinci-hr.com/de/jobs/82/intro,externe,,,,ausbildung_de,https://www.ausbildung.de/stellen/ausbildung-industriekaufmann-industriekauffrau-m-w-d-bei-bugatti-gmbh-in-herford-e0958c5b-1102-4a6b-b1c2-d6064e2dc6be/,False,,80,2026-06-11T11:21:48.277399+00:00
AD-9a8da3e7-cc74-43b0-a450-c36ee14e1f82,ausbildung_de_ae,OTTO Office GmbH & Co KG,,Hamburg,Fabriciusstr. 105a 22177 Hamburg Hamburg,"Ausbildung als Fachinformatiker für Anwendungsentwicklung (m/w/d)

Mittlere Reife",,Mittlere Reife,Ausbildung | als Fachinformatiker für Anwendungsentwicklung (m/w/d),"Das ist der AGA Im AGA sind mehr als 3.500 überwiegend mittelständische Unternehmen aus den fünf Küstenländern organisiert – Groß- und Außenhandelsunternehmen sowie unternehmensnahe Dienstleister. Mit seinen 50 Mitarbeitern unterstützt der AGA seine Mitgliedsunternehmen in allen Fragen der Unternehmens- und Personalführung. Der AGA-Mitgliederservice besteht aus den Leistungsbereichen Recht & Tarife, Personal & Unternehmen, Arbeit & Digitalisierung, Bildung & Beruf, Studien & Employer Branding sowie Politik & Kommunikation. Berufsbilder im Handel Kaufleute für Groß- und AußenhandelsmanagementEs ist einer der interessantesten und vielseitigsten kaufmännischen Ausbildungsberufe. Betrachtet man die reinen Umsatzzahlen, ist der Groß- und Außenhandel der zweitstärkste Wirtschaftszweig in Deutschland Kaufleute für BüromanagementDie Allrounder im kaufmännisch-verwaltenden Bereich der Unternehmen sind Kaufleute für Büromanagement. Das Berufsprofil ist gekennzeichnet durch Büro- und Geschäftsprozesse, die kaufmännische und bürowirtschaftliche Pflichtqualifikationen abdecken.Fachlageristen/ FachlageristinnenAls Organisationstalente sorgen sie mit Köpfchen und Muskelkraft für Ordnung im Warenlager. Fachlageristen sind nicht nur für den Wareneingang und -ausgang zuständig, sondern berechnen auch den Platz, der zum Einlagern der Ware benötigt wird. Fachkräfte für LagerlogistikSie packen gerne an, haben dabei einen Plan. Fachkräfte für Lagerlogistik nehmen in Logistikzentren, Industriebetrieben, Speditionen, im Hafen, im Schiff und im Versandhandel Waren aller Art an und prüfen anhand der Begleitpapiere Menge und Beschaffenheit.Kaufleute für Spedition und LogistikdienstleistungenKaufleute für Spedition und Logistikdienstleistung organisieren den nationalen und internationalen Güterverkehr und ggf. die Lagerung von Gütern. Sie kalkulieren die besten Routen und beraten die Kunden bei der Wahl geeigneter Transportmittel und Lagerstätten.Kaufleute im E-CommerceDie Arbeit im E-Commerce ist modern, vielfältig und erfordert neben vernetztem Denken, gute mathematische Kenntnisse, technisches Know-how und kaufmännische Fertigkeiten. Kaufleute im E-Commerce sind im Internethandel an der Schnittstelle von Einkauf, Werbung, Logistik, Buchhaltung und IT tätig. ...und viele mehr",,https://www.aga.de/,https://www.aga.de/,company,recruiting@otto-office.com,https://jobs.otto-office.com/persis/public?fn=bm.jobs.form&configKey=(BE(SW50ZXJuZXQ(1&projectID=37591744&referrer=&redir=&pd_id=PD_YlJDK0daWEF2QWs2NkVGVDQ1MWo0Zz09&__rdf=1,https://jobs.otto-office.com/persis/public?fn=bm.jobs.form&configKey=(BE(SW50ZXJuZXQ(1&projectID=37591744&referrer=&redir=&pd_id=PD_YlJDK0daWEF2QWs2NkVGVDQ1MWo0Zz09&__rdf=1,https://jobs.otto-office.com/persis/public?fn=bm.jobs.form&configKey=(BE(SW50ZXJuZXQ(1&projectID=37591744&referrer=&redir=&pd_id=PD_YlJDK0daWEF2QWs2NkVGVDQ1MWo0Zz09&__rdf=1,externe,"- Eine umfangreiche Betreuung durch unsere Ausbilder*innen und direkten Ansprechpartner*innen in den Abteilungen
- Eine Duz-Kultur auf allen Hierarchieebenen
- 38,5 h/Woche und flexible Arbeitszeiten (Gleitzeit)
- Mobiles Arbeiten nach Absprache
- 30 Tage Urlaub
- Weihnachts- und Urlaubsgeld
- Pluxee-Karte nach der Probezeit
- Mitarbeiterrabatt im OTTO Office-Internetshop
Der Berufsschulunterricht findet in Blockform an der Berufliche Schule ITECH Elbinsel Wilhelmsburg (BS14) in der Dratelnstraße 26 in Hamburg statt.
Wir freuen uns auf Deine vollständige Bewerbung (max. 10MB) über unser Karrieretool auf https://karriere.otto-office.com/job-openings/
Hast Du weitere Fragen? – Dann wende Dich an unsere Personalreferent Tim Schröder unter recruiting@otto-office.com",,,ausbildung_de,https://www.ausbildung.de/stellen/ausbildung-kauffrau-mann-fuer-bueromanagement-m-w-d-bei-stellenplattform-des-aga-norddeutscher-unternehmensverband-grosshandel-aussenhandel-dienstleistung-e-v-in-hamburg-8a7dea64-c754-4f70-955e-c3031aeabe6e/,False,,73,2026-06-11T11:21:49.797530+00:00
AD-d3e7eac4-c676-430c-b25a-4987f59ec4fd,ausbildung_de_ae,menten GmbH,,Bergisch Gladbach,An der Gohrsmühle 25 51465 Bergisch Gladbach Nordrhein-Westfalen,"Ausbildung Fachinformatiker/in für Anwendungsentwicklung (m/w/d)

Dein Profil
- Du hast das Abitur oder die Fachhochschulreife abgeschlossen.
- Deine Deutsch- und Englischkenntnisse sind gut, um dich in der IT-Welt zurechtzufinden.
- Technik interessiert dich, und du nutzt den PC gerne – sei es zum Zocken oder um Probleme zu lösen.
- Du hast bereits erste Programmiererfahrungen gemacht, sei es in der Schule oder in deiner Freizeit.
- Dich in neue Themen einzuarbeiten, fällt dir leicht und du hast Spaß daran.
- Logisches Denken ist für dich kein Problem – du findest gerne kreative Lösungen.
- Du arbeitest gern im Team, kannst aber auch eigenständig Aufgaben erledigen und scheust dich nicht, Kollegen um Hilfe zu bitten, wenn du etwas nicht weißt.
Deine Ausbildungsinhalte
Einarbeitung in wichtige Tools
Du wirst mit den neuesten Tools und Technologien vertraut gemacht, die in der Softwareentwicklung gebraucht werden. Dazu gehören moderne Entwicklungsumgebungen, Versionsverwaltung (z. B. Git), Dokumentationstools (z. B. Confluence) und Atlassian Jira. So bist du bestens gerüstet, um mit agilen Methoden an Projekten zu arbeiten und sie erfolgreich zu managen.
Webentwicklung mit aktuellen Technologien
In deiner Ausbildung arbeitest du mit Node.js, Angular, NestJS sowie JavaScript/TypeScript und entwickelst moderne Frontends und performante Backends. Dabei wirst du auch mit Datenbanken arbeiten und lernen, sowohl relationale als auch NoSQL-Datenbanken in deine Webanwendungen einzubinden.
Spannende und abwechselnde Projekte
Du wirst an echten Projekten arbeiten – zum Beispiel an der Weiterentwicklung unserer hauseigenen Software i-effect oder an individuellen Kundenlösungen wie Preislistenerzeugung, Urlaubsplanung oder Shop-Anbindungen. Dabei bekommst du nicht nur Einblicke in die Entwicklungsabteilung, sondern auch in andere Unternehmensbereiche, sodass du das große Ganze besser verstehst.
Flexibles Arbeiten
Der erste Monat deiner Ausbildung findet in unserem Büro in Bergisch Gladbach statt, sodass du deine Kollegen persönlich kennenlernen kannst. Danach hast du die Möglichkeit, bis zu vier Tage pro Woche flexibel von Zuhause aus zu arbeiten – natürlich immer in Abstimmung mit deinem Team.
Regelmäßiges Feedback
Feedback wird bei uns großgeschrieben. Du hast regelmäßig Gespräche mit deinem Ausbilder, bei denen ihr das Berichtsheft und andere Themen durchgeht. Außerdem stehst du jederzeit für Fragen und Unterstützung in engem Kontakt mit deinem Ausbilder.
Perspektiven nach der Ausbildung
Wenn du deine Ausbildung erfolgreich abschließt, bieten wir dir die Möglichkeit, in ein unbefristetes Arbeitsverhältnis übernommen zu werden. Du kannst die Projekte, an denen du mitgearbeitet hast, weiter betreuen und im Team Verantwortung übernehmen. Und natürlich gibt es auch die Option, deine Ausbildung bei sehr guten Leistungen zu verkürzen.
Jetzt bewerben
Du hast Spaß daran Probleme programmatisch zu lösen und liebst technisch-knifflige Herausforderungen? Dann passt die Ausbildung Fachinformatiker/-in Anwendungsentwicklung perfekt zu dir. Wir freuen uns darauf, dich kennenzulernen!","1. Jahr: 1145 €
2. Jahr: 1205 €
3. Jahr: 1300 €","Dein Profil
- Du hast das Abitur oder die Fachhochschulreife abgeschlossen.
- Deine Deutsch- und Englischkenntnisse sind gut, um dich in der IT-Welt zurechtzufinden.
- Technik interessiert dich, und du nutzt den PC gerne – sei es zum Zocken oder um Probleme zu lösen.
- Du hast bereits erste Programmiererfahrungen gemacht, sei es in der Schule oder in deiner Freizeit.
- Dich in neue Themen einzuarbeiten, fällt dir leicht und du hast Spaß daran.
- Logisches Denken ist für dich kein Problem – du findest gerne kreative Lösungen.
- Du arbeitest gern im Team, kannst aber auch eigenständig Aufgaben erledigen und scheust dich nicht, Kollegen um Hilfe zu bitten, wenn du etwas nicht weißt.
Deine Ausbildungsinhalte
Einarbeitung in wichtige Tools
Du wirst mit den neuesten Tools und Technologien vertraut gemacht, die in der Softwareentwicklung gebraucht werden. Dazu gehören moderne Entwicklungsumgebungen, Versionsverwaltung (z. B. Git), Dokumentationstools (z. B. Confluence) und Atlassian Jira. So bist du bestens gerüstet, um mit agilen Methoden an Projekten zu arbeiten und sie erfolgreich zu managen.
Webentwicklung mit aktuellen Technologien
In deiner Ausbildung arbeitest du mit Node.js, Angular, NestJS sowie JavaScript/TypeScript und entwickelst moderne Frontends und performante Backends. Dabei wirst du auch mit Datenbanken arbeiten und lernen, sowohl relationale als auch NoSQL-Datenbanken in deine Webanwendungen einzubinden.
Spannende und abwechselnde Projekte
Du wirst an echten Projekten arbeiten – zum Beispiel an der Weiterentwicklung unserer hauseigenen Software i-effect oder an individuellen Kundenlösungen wie Preislistenerzeugung, Urlaubsplanung oder Shop-Anbindungen. Dabei bekommst du nicht nur Einblicke in die Entwicklungsabteilung, sondern auch in andere Unternehmensbereiche, sodass du das große Ganze besser verstehst.
Flexibles Arbeiten
Der erste Monat deiner Ausbildung findet in unserem Büro in Bergisch Gladbach statt, sodass du deine Kollegen persönlich kennenlernen kannst. Danach hast du die Möglichkeit, bis zu vier Tage pro Woche flexibel von Zuhause aus zu arbeiten – natürlich immer in Abstimmung mit deinem Team.
Regelmäßiges Feedback
Feedback wird bei uns großgeschrieben. Du hast regelmäßig Gespräche mit deinem Ausbilder, bei denen ihr das Berichtsheft und andere Themen durchgeht. Außerdem stehst du jederzeit für Fragen und Unterstützung in engem Kontakt mit deinem Ausbilder.
Perspektiven nach der Ausbildung
Wenn du deine Ausbildung erfolgreich abschließt, bieten wir dir die Möglichkeit, in ein unbefristetes Arbeitsverhältnis übernommen zu werden. Du kannst die Projekte, an denen du mitgearbeitet hast, weiter betreuen und im Team Verantwortung übernehmen. Und natürlich gibt es auch die Option, deine Ausbildung bei sehr guten Leistungen zu verkürzen.
Jetzt bewerben
Du hast Spaß daran Probleme programmatisch zu lösen und liebst technisch-knifflige Herausforderungen? Dann passt die Ausbildung Fachinformatiker/-in Anwendungsentwicklung perfekt zu dir. Wir freuen uns darauf, dich kennenzulernen!",Ausbildung | Fachinformatiker/in für Anwendungsentwicklung (m/w/d),"Starte deine Karriere in der IT mit einer Ausbildung bei menten! Wir bieten dir praxisnahe Einblicke in moderne Technologien, spannende Projekte und die Chance, von erfahrenen Profis zu lernen. Werde Teil eines innovativen Teams und gestalte die digitale Zukunft mit.",,https://www.menten.com/de,https://www.menten.com/de,company,,https://stellenportal.menten.com/de?id=67322f&utm_source=ausbildungde&utm_campaign=ausbildung-anwendungsentwicklung,https://stellenportal.menten.com/de?id=67322f&utm_source=ausbildungde&utm_campaign=ausbildung-anwendungsentwicklung,https://stellenportal.menten.com/de?id=67322f&utm_source=ausbildungde&utm_campaign=ausbildung-anwendungsentwicklung,externe,,,,ausbildung_de,https://www.ausbildung.de/stellen/ausbildung-kaufmann-frau-fuer-digitalisierungsmanagement-m-w-d-bei-menten-gmbh-in-bergisch-gladbach-9dfbd642-2e01-4003-b4b2-d19b7ea754d3/,False,,67,2026-06-11T11:21:51.644186+00:00
AD-57623eed-b5cf-4654-8c8d-d959c539bba3,ausbildung_de_ae,Dolezych GmbH & Co. KG,,Dortmund,Hartmannstr. 8 44147 Dortmund Nordrhein-Westfalen,"Ausbildung Fachinformatiker/in für Anwendungsentwicklung (m/w/d)

Das solltest Du mitbringen:
- Du hast ein echtes Interesse an IT‑Themen und Softwareentwicklung.
- Du denkst strukturiert, logisch und kannst komplexe Zusammenhänge gut analysieren.
- Du beherrschst Deutsch sicher in Wort und Schrift (mindestens C1) und bringst solide Englischkenntnisse mit.
- Du arbeitest gerne im Team und tauschst dich offen mit anderen aus.
- Du hast Freude daran, Probleme systematisch zu lösen und neue technische Lösungen auszuprobieren.
- Du bringst Ausdauer und Genauigkeit mit – auch wenn eine Aufgabe mal knifflig wird.
Das ist uns sehr wichtig
Bei uns erwartet Dich ein moderner Arbeitsplatz, an dem Offenheit und ein faires Miteinander selbstverständlich sind und die Chance zum beruflichen Aufstieg besteht.
Werde Teil eines von Wachstum geprägten, internationalen Familienunternehmens.
In Dortmund bieten wir Dir
- Eine umfangreiche Betreuung und Einarbeitung während der Ausbildung sowie bedarfsgerechte Unterstützung deines Lernprozesses
- Vielseitige und abwechslungsreiche Aufgaben
- Ein familiäres und kollegiales Arbeitsklima sowie eine Kultur der „offenen Türen“
- Geförderte Fort- und Weiterbildungsmöglichkeiten
- 30 Tage Urlaub, Gleitzeitkonten, inkl. Abbau von Überstunden
- Monatlich 50 € steuerfreien Sachbezug (Belonio-Gutscheinkarte)
- Die Nutzung eines Fitnessraumes auf dem Firmengelände
- weitere Benefits","1. Jahr: 1025 €
2. Jahr: 1100 €
3. Jahr: 1175 €","Das solltest Du mitbringen:
- Du hast ein echtes Interesse an IT‑Themen und Softwareentwicklung.
- Du denkst strukturiert, logisch und kannst komplexe Zusammenhänge gut analysieren.
- Du beherrschst Deutsch sicher in Wort und Schrift (mindestens C1) und bringst solide Englischkenntnisse mit.
- Du arbeitest gerne im Team und tauschst dich offen mit anderen aus.
- Du hast Freude daran, Probleme systematisch zu lösen und neue technische Lösungen auszuprobieren.
- Du bringst Ausdauer und Genauigkeit mit – auch wenn eine Aufgabe mal knifflig wird.
Das ist uns sehr wichtig
Bei uns erwartet Dich ein moderner Arbeitsplatz, an dem Offenheit und ein faires Miteinander selbstverständlich sind und die Chance zum beruflichen Aufstieg besteht.
Werde Teil eines von Wachstum geprägten, internationalen Familienunternehmens.
In Dortmund bieten wir Dir
- Eine umfangreiche Betreuung und Einarbeitung während der Ausbildung sowie bedarfsgerechte Unterstützung deines Lernprozesses
- Vielseitige und abwechslungsreiche Aufgaben
- Ein familiäres und kollegiales Arbeitsklima sowie eine Kultur der „offenen Türen“
- Geförderte Fort- und Weiterbildungsmöglichkeiten
- 30 Tage Urlaub, Gleitzeitkonten, inkl. Abbau von Überstunden
- Monatlich 50 € steuerfreien Sachbezug (Belonio-Gutscheinkarte)
- Die Nutzung eines Fitnessraumes auf dem Firmengelände
- weitere Benefits",Ausbildung | Fachinformatiker/in für Anwendungsentwicklung (m/w/d),"Wir machen die Welt sicherer & einfacher.Unsere Leidenschaft ist sicheres und einfaches Heben und Transportieren.Der Schutz von Leben, Gesundheit, Umwelt und Material steht dabei an erster Stelle. Als global agierendes Familienunternehmen bleiben wir unseren Dortmunder Wurzeln treu: Mit unseren Geschäftspartnern und Mitarbeitern pfl egen wir – immer mit einem Lächeln – einen off enen, aufrichtigen und direkten Kontakt und verstehen uns als kompetenter Ansprechpartner, Zuhörer und Kümmerer.Praktische Lösungen und der Nutzen für unsere Kunden stehen dabei im Mittelpunkt. Wir sorgen für eine einfache und intuitive Anwendung unserer Produkte sowie für eff ektive und effi ziente Prozesse bei unseren Kunden – weltweit. Dafür verbessern wir uns persönlich, unser großes, innovatives Angebot an Qualitätsprodukten und Dienstleistungen und unsere modernen Produktionsanlagen permanent.Wir suchen angehende #einfachMACHER und #sicherMACHER! Wir bieten Lehrstellen von der Fachkraft für Lagerlogistik (m/w/d) bis zum Kaufmann/-frau für Groß- und Außenhandelsmanagement (m/w/d). Werde Teil eines wachsenden Unternehmens mit vielen jungen Mitarbeiterinnen und Mitarbeitern, die teilweise auch schon ihre Ausbildung bei Dolezych absolviert haben.Neben den klassischen Ausbildungsinhalten kannst du dich in Azubi-Projektarbeiten beweisen, eigene Ideen beisteuern und umsetzen. Durch flache Hierarchien und gemeinsames Arbeiten an Lösungen kannst du dein Wissen einbringen und ausbauen.",,https://www.dolezych.de/azubis,https://www.dolezych.de/azubis,company,,https://k61146.coveto.de/job-auszubildender-zum-fachinformatiker-fuer-anwendungsentwicklung-m-w-d-dortmund-1064.html,https://k61146.coveto.de/job-auszubildender-zum-fachinformatiker-fuer-anwendungsentwicklung-m-w-d-dortmund-1064.html,https://k61146.coveto.de/job-auszubildender-zum-fachinformatiker-fuer-anwendungsentwicklung-m-w-d-dortmund-1064.html,externe,,,,ausbildung_de,https://www.ausbildung.de/stellen/ausbildung-kaufmann-frau-fuer-gross-und-aussenhandelsmanagement-m-w-d-bei-dolezych-gmbh-co-kg-in-dortmund-487f27c6-21d4-4423-b14b-ed63c8f6afaf/,False,,67,2026-06-11T11:21:53.254741+00:00
AD-4fc53995-d5ce-4c99-8d0c-35d897a045cc,ausbildung_de_ae,GROUP7,,Schwaig,Eschenallee 8 85445 Schwaig Bayern,"Ausbildung Fachinformatiker/in für Anwendungsentwicklung (m/w/d)

Mittlere Reife","1. Jahr: 1270 €
2. Jahr: 1333 €
3. Jahr: 1401 €",Mittlere Reife,Ausbildung | Fachinformatiker/in für Anwendungsentwicklung (m/w/d),"Willkommen bei GROUP7 - wo die Logistikbranche eine neue Dimension erreicht! GROUP7 ist eines der wachstumsstärksten Unternehmen der Logistikbranche. Mit neun beeindruckenden Standorten in Deutschland und einem Netzwerk aus 195 internationalen Stützpunkten verfügen wir über eine einzigartige globale Präsenz. GROUP7 steht für bahnbrechende Innovationen und maßgeschneiderte Logistiklösungen, die neue Maßstäbe setzen. Mit Herzblut und Leidenschaft engagieren wir uns für den Erfolg unserer Kunden, zu denen einige der renommiertesten Unternehmen zählen.",,https://www.group-7.de/,https://www.group-7.de/,company,,https://karriere.group-7.de/ausbildung/jobs/52995579/Ausbildung-als-Fachinformatiker-Anwendungsentwicklung-m-w-d---2026/,https://karriere.group-7.de/ausbildung/jobs/52995579/Ausbildung-als-Fachinformatiker-Anwendungsentwicklung-m-w-d---2026/,https://karriere.group-7.de/ausbildung/jobs/52995579/Ausbildung-als-Fachinformatiker-Anwendungsentwicklung-m-w-d---2026/,externe,,,,ausbildung_de,https://www.ausbildung.de/stellen/ausbildung-kaufmann-frau-fuer-spedition-und-logistikdienstleistung-m-w-d-bei-group7-ag-in-schwaig-a0735b70-d405-4bea-bd72-8bfdaefbffca/,False,,67,2026-06-11T11:21:54.770205+00:00
AD-bc21f4a9-408c-497a-9e0a-fe69cc02a539,ausbildung_de_ae,MACHEREY-NAGEL GmbH & Co. KG,,Düren,Valencienner Str. 11 52355 Düren Nordrhein-Westfalen,"Ausbildung Fachinformatiker/in für Anwendungsentwicklung (m/w/d)

Das erwartet dich bei uns
- Einführungsveranstaltungen für Auszubildende
- Intensive Ausbildungsbetreuung
- Abwechslungsreiche und verantwortungsvolle Aufgaben und Projekte
- Kostenübernahme der Vorbereitungskurse für Ihre IHK-Prüfungen
- Interne Schulungen / Trainings
- Weiterbildungsmöglichkeiten
Unser Ziel ist die Übernahme und langfristige Förderung deiner Karriere als Industriekaufmann (m / w / d) bei MN!
Als Fachinformatiker für Anwendungsentwicklung bei MACHEREY‑NAGEL gehört das Zusammenspiel verschiedener, moderner Technologien zum Alltag. Eigenständiges, lebenslanges Lernen begleitet dich genauso, wie das selbstständige Umsetzen von Anforderungen. Hierzu solltest du die folgenden Fähigkeiten aufweisen: Sorgfalt, analytisches Denken, Realisieren komplexer Zusammenhänge, Flexibilität und professionelle Kommunikation.
Der Umgang mit verschiedenen Programmiersprachen, Datenbanksystemen, Netzwerksystemen und das Zusammenspiel von Hard- und Software bilden die Schwerpunkte der Ausbildung.
Ausbildungsmotto
Die Ausbildung bei MACHEREY-NAGEL erfolgt nach dem Prinzip
„Fördern und fordern“, was unseren Auszubildenden seit Jahren
ausnahmslos überdurchschnittlich gute IHK-Abschlussnoten
beschert. Auch nach Abschluss der Ausbildung bleibt die Arbeit
bei MN durch ihren Abwechslungsreichtum immer spannend
und herausfordernd.

Mittlere Reife",,Mittlere Reife,Ausbildung | Fachinformatiker/in für Anwendungsentwicklung (m/w/d),"Nach unserer Gründung 1911 alsHersteller von Filtrierpapier für Laboranwendungenhaben wir uns in den letztenJahrzehnten zu einem global agierendenUnternehmen mit Fokus auf die chemischeund molekular biologische Analytikentwickelt. In unzähligen Laboren dieserWelt kommen unsere Produkte zum Einsatz und helfen vielenAnwendern bei ihrer täglichen analytischen Arbeit. Zu unserenProduktbereichen zählen neben Filtration auch Schnellteste,Wasseranalytik, Chromatographie und Bioanalytik.Weltweit beschäftigen wir momentan ca. 600 Mitarbeiter,größten teils am Standort Düren, aber auch in unseren Niederlassungenin der Schweiz, Frankreich und den USA. Wir sindin über 150 Ländern der Welt aktiv. Unser stetig wachsenderUmsatz bestätigt unseren Erfolg.Wir sind in einer Vielzahl von Wachstumsmärkten und denverschiedensten Industrien mit hochwertigen Produkten vertretenund besitzen aufgrund von mehr als 100 erfolgreichenGeschäftsjahren ein breites und sicheres wirtschaftlichesFundament. Neben dem Stolz auf unsere langjährige Traditionfühlen wir uns auch der Zukunft und der Innovation verpflichtet.Davon zeugen nicht nur unsere Produkte, sondern auch dieInvestitionen der letzten Jahre in neue Gebäude, Maschinen undin neue Mitarbeiter.Als familiengeführtes Unternehmen in der vierten Generationlegen wir Wert auf langfristige und nachhaltige Zusammenarbeit,vor allem mit unseren Mitarbeitern, um auch in den nächstenJahrzehnten mit ihnen unsere Erfolgsgeschichte weiter zuschreiben.",,https://www.mn-net.com/de/,https://www.mn-net.com/de/,company,jobs@mn-net.com,https://www.ausbildung.de/direktbewerbung/ausbildung-mediengestalter-in-digital-und-print-m-w-d-bei-macherey-nagel-gmbh-co-kg-in-dueren-3a374a94-cdb5-4588-8d7d-8ae801657821/,https://www.ausbildung.de/direktbewerbung/ausbildung-mediengestalter-in-digital-und-print-m-w-d-bei-macherey-nagel-gmbh-co-kg-in-dueren-3a374a94-cdb5-4588-8d7d-8ae801657821/,https://www.ausbildung.de/direktbewerbung/ausbildung-mediengestalter-in-digital-und-print-m-w-d-bei-macherey-nagel-gmbh-co-kg-in-dueren-3a374a94-cdb5-4588-8d7d-8ae801657821/,externe,,,,ausbildung_de,https://www.ausbildung.de/stellen/ausbildung-mediengestalter-in-digital-und-print-m-w-d-bei-macherey-nagel-gmbh-co-kg-in-dueren-3a374a94-cdb5-4588-8d7d-8ae801657821/,False,,67,2026-06-11T11:21:56.672383+00:00
AD-3b3221cc-0022-49ea-9d92-7b6e1399b57a,ausbildung_de_ae,Rheinmetall Aviation Services GmbH,,Weeze,47652 Weeze Nordrhein-Westfalen,"Ausbildung zum Fachinformatiker Anwendungsentwicklung ab 2026 (m/w/d)

Mittlere Reife","1.420,58 €, 1.483,11 €, 1.575,97 €",Mittlere Reife,Ausbildung | zum Fachinformatiker Anwendungsentwicklung ab 2026 (m/w/d),"Ausbildung mit Verantwortung. Bei Rheinmetall.Du stehst kurz vor Deinem Schulabschluss und interessierst Dich für physikalische Vorgänge? Oder Du hast ein besonderes Gespür für Zahlen? Oder sind Fremdsprachen eher Dein Fall? Vielleicht bist Du aber auch eher der praktische Typ und schraubst gerne an verschiedensten Sachen herum? Dann bist Du bei Rheinmetall genau richtig. Als börsennotiertes Unternehmen mit weltweit ~ 34.000 Mitarbeiterinnen und Mitarbeitern suchen wir Auszubildende und dual Studierende mit ganz unterschiedlichen Interessen und Stärken. Durch unsere Arbeit auf unterschiedlichen Feldern übernehmen wir bei Rheinmetall Verantwortung in einer sich verändernden Welt. Mit unseren Technologien, unseren Produkten und Systemen schaffen wir die unverzichtbare Grundlage für Frieden, Freiheit und für nachhaltige Entwicklung: Sicherheit. An mehr als 20 Standorten in Deutschland bieten wir Dir das ideale Umfeld und vielfältige Möglichkeiten, um Deine Fähigkeiten und Interessen einzubringen und Dich weiterzuentwickeln – egal, ob Du Dich für gewerbliche oder kaufmännische Ausbildungsberufe oder für ein duales Studium interessierst. Wir freuen uns auf Deine Bewerbung!",,http://www.rheinmetall.com,http://www.rheinmetall.com,company,ksbv@rheinmetall.com,https://www.aplitrak.com/?adid=cG9zdGluZ3VzZXIuNjg4MzIuOTY5OUByaGVpbm1ldGFsbGRlLmFwbGl0cmFrLmNvbQ,https://www.aplitrak.com/?adid=cG9zdGluZ3VzZXIuNjg4MzIuOTY5OUByaGVpbm1ldGFsbGRlLmFwbGl0cmFrLmNvbQ,https://www.aplitrak.com/?adid=cG9zdGluZ3VzZXIuNjg4MzIuOTY5OUByaGVpbm1ldGFsbGRlLmFwbGl0cmFrLmNvbQ,externe,,"Bitte sende uns deine vollständigen Unterlagen, d.h. Lebenslauf, deine letzten zwei Schulzeugnisse und (sofern vorhanden) Praktikumsnachweise.
WAS WIR IHNEN BIETEN
- Tarifliche Vergütung
- Urlaubs- und Weihnachtsgeld
- Spannende Azubiprojekte und Events
- Kostenloser Parkplatz
- Arbeitskleidung wird bei Bedarf gestellt
- Eigene Ausbildungswerkstatt
- Betriebliches Gesundheitsmanagement (Altersvorsorge, Grippeschutzimpfung, subventionierte Sportangebote)
- Professioneller Einarbeitungsprozess begleitet durch ein digitales Onboarding-Tool
Werde Teil unseres Teams und erlebe die Möglichkeit mit Deinem Können und Deinen Ideen etwas zu bewirken! Fang einfach gleich an und bewirb Dich jetzt!
Wir freuen uns insbesondere über Bewerbungen schwerbehinderter und ihnen gleichgestellte behinderte Menschen. Unter ksbv@rheinmetall.com können Sie sich zudem an die Konzernschwerbehindertenvertretung wenden, die Sie gerne im weiteren Bewerbungsprozess unterstützt.",,ausbildung_de,https://www.ausbildung.de/stellen/ausbildung-zum-fachinformatiker-anwendungsentwicklung-ab-2026-m-w-d-bei-rheinmetall-in-weeze-b8105126-c1cf-452a-8e56-9b7a6dd5525b/,False,,80,2026-06-11T11:21:58.345978+00:00
AD-e2477ac0-8236-4f7b-a0f3-e2022ecb290f,ausbildung_de_ae,REMONDIS business IT solutions GmbH,,Lünen,44536 Lünen Nordrhein-Westfalen,"Ausbildung zum Fachinformatiker – Fachrichtung Anwendungsentwicklung (m/w/d)

- Kommunikationsstärke und Freude an der Arbeit im Team runden Dein Profil ab
Das macht die REMONDIS business IT aus
- Sehr gute Rahmenbedingungen: Eine übertarifliche Ausbildungsvergütung, Urlaubs- und Weihnachtsgeld, ein flexibles Arbeitszeitmodell sowie eine moderne IT-Ausstattung
- Verkürzung: Bei guten Leistungen kannst du deine Ausbildungszeit auf 2,5 Jahre verkürzen
- Mentoring: Eine intensive und persönliche Betreuung durch unser erfahrenes Ausbildungsteam während der gesamten Ausbildungszeit
- Veranstaltungen: Einführungstage und Azubi-Events fördern den Zusammenhalt unter unseren Nachwuchskräften
- Prämie: Gute Leistungen in der Abschlussprüfung belohnen wir mit einer zusätzlichen Prämie
- Übernahme: In unserem stetig wachsenden Unternehmen stehen Dir vielfältige Übernahmechancen und Entwicklungsmöglichkeiten nach der Ausbildung offen
- Weiterbildung: Mit unseren modernen E-Learning-Plattformen fördern wir Deine individuelle Lern- und Karriereentwicklung und bieten dir eine intensive Prüfungsvorbereitung
- Mitarbeiterrabatte: Mit attraktiven Corporate-Benefits erhältst Du Vergünstigungen bei vielen Kooperationspartnern (z.B. in den Bereichen Fitness, Reisen, Mode und Elektronik)",,"- Kommunikationsstärke und Freude an der Arbeit im Team runden Dein Profil ab
Das macht die REMONDIS business IT aus
- Sehr gute Rahmenbedingungen: Eine übertarifliche Ausbildungsvergütung, Urlaubs- und Weihnachtsgeld, ein flexibles Arbeitszeitmodell sowie eine moderne IT-Ausstattung
- Verkürzung: Bei guten Leistungen kannst du deine Ausbildungszeit auf 2,5 Jahre verkürzen
- Mentoring: Eine intensive und persönliche Betreuung durch unser erfahrenes Ausbildungsteam während der gesamten Ausbildungszeit
- Veranstaltungen: Einführungstage und Azubi-Events fördern den Zusammenhalt unter unseren Nachwuchskräften
- Prämie: Gute Leistungen in der Abschlussprüfung belohnen wir mit einer zusätzlichen Prämie
- Übernahme: In unserem stetig wachsenden Unternehmen stehen Dir vielfältige Übernahmechancen und Entwicklungsmöglichkeiten nach der Ausbildung offen
- Weiterbildung: Mit unseren modernen E-Learning-Plattformen fördern wir Deine individuelle Lern- und Karriereentwicklung und bieten dir eine intensive Prüfungsvorbereitung
- Mitarbeiterrabatte: Mit attraktiven Corporate-Benefits erhältst Du Vergünstigungen bei vielen Kooperationspartnern (z.B. in den Bereichen Fitness, Reisen, Mode und Elektronik)",Ausbildung | zum Fachinformatiker – Fachrichtung Anwendungsentwicklung (m/w/d),"Ausbildung bei der REMONDIS-Gruppe Wenn du deinen Abfall in die richtige Abfalltonne wirfst, hast du deinen Beitrag zum Umweltschutz erstmal geleistet. Die Arbeit von REMONDIS fängt hier aber gerade erst an. Denn wir sorgen tagtäglich dafür, dass aus deinem heutigen Abfall morgen etwas Neues entsteht. Das Familienunternehmen REMONDIS zählt zu den weltweit größten Dienstleistern für Recycling, Service und Wasser. Knapp 45.000 Mitarbeiter an mehr als 1.500 Standorten in über 30 Ländern sorgen dafür, dass mehr als 30 Millionen Privatkunden und Tausende von Unternehmen von den Dienstleistungen von REMONDIS profitieren. Das Unternehmen ist für die Abfuhr und Wiederverwertung von Abfällen zuständig, übernimmt Reinigungsdienstleistungen und Schadstoffentsorgungen, bereitet Abwasser auf und versorgt seine Kunden mit Trinkwasser. Sicherlich versorgt REMONDIS dich auch mit dem passenden Ausbildungsplatz. Denn bei einem Unternehmen mit mehr als 1.500 Auszubildenden (m/w/d) kannst du dir aus über 30 Ausbildungsberufen den passenden aussuchen. Eine besonders große Auswahl bietet dir REMONDIS, wenn du einen Beruf erlernen möchtest, der direkt mit der Abfallwirtschaft zu tun hat. So kannst du dich zum Beispiel zur Fachkraft für Wasserversorgungstechnik, Fachkraft für Kreislauf- und Abfallwirtschaft, zum Fachkraft für Rohr-, Kanal- und Industrieservice ausbilden lassen. Wo dein Arbeitsort sein wird, hängt sehr von deiner Ausbildung ab, denn REMONDIS hat Standorte in ganz Deutschland, die auf verschiedene Arbeitsbereiche spezialisiert sind. Für die meisten dieser Ausbildungen brauchst du einen Hauptschulabschluss. Du solltest in diesen Berufen Spaß an handwerklicher Arbeit und dem täglichen Umgang mit wertvollen Rohstoffen haben. Denn genau das ist es, was im Abfall steckt, Recyclingrohstoffe und Energie. Bei REMONDIS kannst du auch verschiedene gewerbliche und handwerkliche Ausbildungsberufe lernen, wie beispielsweise Maler und Lackierer, Berufskraftfahrer oder Gerüstbauer. Auch hier benötigst du meist einen Hauptschulabschluss und Freude, dich körperlich zu betätigen. Wenn du stattdessen lieber in einem Büro arbeiten möchtest, bieten wir Ausbildungen in der Verwaltung oder in der IT-Abteilung von REMONDIS an. Du kannst dich beispielsweise zum Fachinformatiker für Systemintegration, zum Industriekaufmann oder zum Kaufmann für Büromanagement ausbilden lassen. Dafür brauchst du in der Regel einen mittleren Schulabschluss und gute PC-Kenntnisse. Mit Zahlen solltest du gut umgehen können und im Kundenkontakt immer freundlich und professionell auftreten. Wenn du das Abitur oder Fachabitur hast, kannst du bei REMONDIS sogar ein Duales Studium absolvieren. Gehören gute Kenntnisse in Deutsch und Englisch und ein sicherer Umgang mit dem PC zu deinen Stärken? Dann bewirb dich zum Beispiel für das Studienfach Betriebswirtschaftslehre an einer Hochschule, um die nötige Theorie zu lernen. Wie sie dann in der Praxis umgesetzt wird, bekommst du direkt in einem Unternehmen der REMONDIS-Gruppe beigebracht. So viele Ausbildungsberufe bei einem weltweit tätigen Unternehmen? Da ist doch sicherlich auch eine spannende Ausbildung für dich mit dabei. Denn neben den oben genannten Ausbildungsberufen bietet REMONDIS auch noch die Bereiche Chemie, z.B. als Chemielaborant oder Chemikant, Logistik, z.B. als Fachlagerist oder Fachkraft für Lagerlogistik, oder Mechanik, z.B. als KFZ-Mechatroniker - Nutzfahrzeugtechnik oder als Anlagenmechaniker, an. Welcher Ausbildungsberuf passt zu dir? Finde es im Azubi-Check heraus unter remondis-karriere.de. Eine Ausbildung bei REMONDIS wird deine Karriere fördern, denn in einem so großen Unternehmen mit derartig vielen Standorten hast du gute Chancen, auch nach der Ausbildung übernommen zu werden. Damit ist das Recycling-Geschäft für deine berufliche Zukunft auf jeden Fall eine saubere Sache.",,http://www.remondis-karriere.de,http://www.remondis-karriere.de,company,,https://www.ausbildung.de/direktbewerbung/ausbildung-zum-fachinformatiker-fachrichtung-anwendungsentwicklung-m-w-d-bei-remondis-gruppe-in-luenen-48a5ec58-5354-43c9-a2b5-f2f991f00409/,https://www.ausbildung.de/direktbewerbung/ausbildung-zum-fachinformatiker-fachrichtung-anwendungsentwicklung-m-w-d-bei-remondis-gruppe-in-luenen-48a5ec58-5354-43c9-a2b5-f2f991f00409/,https://www.ausbildung.de/direktbewerbung/ausbildung-zum-fachinformatiker-fachrichtung-anwendungsentwicklung-m-w-d-bei-remondis-gruppe-in-luenen-48a5ec58-5354-43c9-a2b5-f2f991f00409/,externe,,"Die Zukunft gehört Dir: Bewirb Dich jetzt mit Deinem persönlichen Anschreiben, Lebenslauf, den letzten beiden Schulzeugnissen sowie möglichen weiteren Unterlagen auf www.remondis-it.de
REMONDIS business IT solutions GmbH // Romina Manig // +49 2306 106 1562",,ausbildung_de,https://www.ausbildung.de/stellen/ausbildung-zum-fachinformatiker-fachrichtung-anwendungsentwicklung-m-w-d-bei-remondis-gruppe-in-luenen-48a5ec58-5354-43c9-a2b5-f2f991f00409/,False,,67,2026-06-11T11:22:00.102242+00:00
AD-0ef5610a-34b5-4829-8adc-b71e59c05783,ausbildung_de_ae,CEWE Oldenburg,,Oldenburg (Oldb),26133 Oldenburg (Oldb) Niedersachsen,"Ausbildung zum Fachinformatiker für Anwendungsentwicklung 2027 (all genders)

Deine Aufgaben:Ob App, Website oder KI-Feature – bei CEWE bringst du Software auf das nächste Level!
Du analysierst, planst, entwickelst und testest Programme für den Echtbetrieb. Von der ersten Idee bis zum fertigen Tool bist du dabei – inklusive Dokus, User-Tests & Bugfixes.
Besonders spannend: Du kannst an innovativen Projekten rund um künstliche Intelligenz arbeiten – bring deine Ideen ein und entwickle die digitale Zukunft mit!
Und die Theorie? Findet an der BBS Haarentor in Oldenburg statt.

Dein Profil:
- Guter Realschulabschluss (mindestens)
- Gute Mathe-Skills & IT-Interesse
- Erste Erfahrungen im Programmieren (z. B. Schule, Freizeit, Praktika)
- Technisches Verständnis & Neugier
- Kommunikationsstärke & Teamgeist
Deine Benefits:Vergütung:
1.120 € (1. Jahr)
1.190 € (2. Jahr)
1.250 € (3. Jahr)
Weihnachtsgeld (13. Ausbildungsvergütung) + Urlaubsgeld
Monatlich 25 € Gutschein für verschiedene OnlineshopsUnd obendrauf gibt’s ein iPad zum Ausbildungsstart
30 Urlaubstage
Fahrtkostenzuschuss (ab 11 km)
Ausbildungseinsätze sind im In- und Ausland möglich
Lernpat:innen zum Start
garantierte 3-monatige Übernahme + Weiterbildungsmöglichkeiten
Schulbuchkosten? Übernehmen wir!
Mobiles Arbeiten möglich
Hansefit, Sportangebote & Gesundheitsaktionen
Mitarbeiteraktien, Altersvorsorge & mehr
Parkplätze, Fahrradstellplätze & Bushaltestelle direkt vorm Haus
Kennenlernfahrt zu Ausbildungsbeginn
... und vieles mehr!
Wichtiger Hinweis:","1.120 €, 1.190 €, 1.250 €, 25 €","Dein Profil:
- Guter Realschulabschluss (mindestens)
- Gute Mathe-Skills & IT-Interesse
- Erste Erfahrungen im Programmieren (z. B. Schule, Freizeit, Praktika)
- Technisches Verständnis & Neugier
- Kommunikationsstärke & Teamgeist
Deine Benefits:Vergütung:
1.120 € (1. Jahr)
1.190 € (2. Jahr)
1.250 € (3. Jahr)
Weihnachtsgeld (13. Ausbildungsvergütung) + Urlaubsgeld
Monatlich 25 € Gutschein für verschiedene OnlineshopsUnd obendrauf gibt’s ein iPad zum Ausbildungsstart
30 Urlaubstage
Fahrtkostenzuschuss (ab 11 km)
Ausbildungseinsätze sind im In- und Ausland möglich
Lernpat:innen zum Start
garantierte 3-monatige Übernahme + Weiterbildungsmöglichkeiten
Schulbuchkosten? Übernehmen wir!
Mobiles Arbeiten möglich
Hansefit, Sportangebote & Gesundheitsaktionen
Mitarbeiteraktien, Altersvorsorge & mehr
Parkplätze, Fahrradstellplätze & Bushaltestelle direkt vorm Haus
Kennenlernfahrt zu Ausbildungsbeginn
... und vieles mehr!
Wichtiger Hinweis:",Ausbildung | zum Fachinformatiker für Anwendungsentwicklung 2027 (all genders),"Starte deine Zukunft mit CEWE – dein perfekter Einstieg ins Berufsleben! 🚀Lust auf eine Ausbildung oder ein duales Studium, das nicht nur deinen Skills, sondern auch deinen Interessen entspricht? Bei CEWE bist du genau richtig! Hier tauchst du ein in spannende Projekte, innovative Technologien und die kreative Welt von Europas Nr. 1 im Fotofinishing. 💡📸Unsere Ausbilder sind wie deine persönlichen Coaches – immer an deiner Seite und bereit, dich zu pushen. Wir sorgen dafür, dass du nicht nur perfekt für den Job, sondern auch für die Zukunft vorbereitet bist. Und hey, Spaß kommt bei uns definitiv nicht zu kurz! 🎯Neugierig? Check unsere Website oder schau dir unsere Videos an und komm ins Team, das die Trends von morgen gestaltet! 🌍✌️Noch Fragen? Schreib uns einfach: ausbildung@cewe.de. Wir freuen uns auf dich! 💌🎁 Was du bekommst – kurz & knackig:💶 Vergütung: 1.090 € (1. Jahr) – 1.140 € (2. Jahr) - 1.200 € (3. Jahr) - 1.250 € (4. Jahr) 🎉 13. Ausbildungsvergütung + Urlaubsgeld 🛍️ 25 € monatlich auf deine BONAGO-Card 📱Und obendrauf gibt’s ein iPad zum Ausbildungsstart 🌴 30 Urlaubstage 🚌 Fahrtkostenzuschuss (ab 11 km) 🌍 Ausbildungseinsätze sind im In- und Ausland möglich 🤝 Lernpat:innen zum Start 📈 Sehr gute Übernahmechancen + Weiterbildungsmöglichkeiten 📚 Schulbuchkosten? Übernehmen wir! 🏡 Mobiles Arbeiten möglich 🏋️‍♀️ Hansefit, Sportangebote & Gesundheitsaktionen 📊 Mitarbeiteraktien, Altersvorsorge & mehr 🚗 Parkplätze, Fahrradstellplätze & Bushaltestelle direkt vorm Haus 🚀 3-tägige Kennenlernfahrt zu Beginn ... und vieles mehr!",,https://www.cewe-group.com/de/karriere/lernen-bei-cewe/ueberblick.html,https://www.cewe-group.com/de/karriere/lernen-bei-cewe/ueberblick.html,company,ausbildung@cewe.de,https://easyapply.jobs/r/UGvKvLU26Az7rU2RawkX,https://easyapply.jobs/r/UGvKvLU26Az7rU2RawkX,https://easyapply.jobs/r/UGvKvLU26Az7rU2RawkX,externe,,"Über Das Upload-Feld kannst du mehrere Dateien hochladen - bitte denk daran, neben deinem Lebenslauf auch ein Motivationsschreiben sowie deine letzten zwei Schulzeugnisse hochzuladen.
Wir sind immer offen für Fragen. Sofern wir telefonisch nicht erreichbar sind, freuen wir uns über eine kurze Nachricht an ausbildung@cewe.de!
Please note that a valid work permit (for non EU-citizens) and sufficient German language skills are necessary - without these requirements you cannot be considered.
CEWE steht seit 1961 für Innovation, Kreativität und hochwertige Fotoprodukte, die Menschen in ganz Europa begeistern. Mehr als 3.100 Mitarbeitende prägen ein Arbeitsumfeld, das von Teamgeist, Offenheit und Vielfalt getragen wird. Ob in Produktion, Technik oder unseren Zentralbereichen – gemeinsam entwickeln wir Produkte, die Erinnerungen bewahren, darunter das CEWE FOTOBUCH, Wandbilder, Kalender und viele weitere Fotogeschenke. Bei CEWE erwartet Dich ein inspirierendes und wertschätzendes Umfeld, in dem Du Deine Ideen einbringen und die Zukunft des Fotofinishings aktiv mitgestalten kannst.
Bereit für Deinen nächsten Schritt? Wir sind gespannt auf Deine Geschichte.
Werde Teil unseres Teams und gestalte die Zukunft mit uns.",,ausbildung_de,https://www.ausbildung.de/stellen/ausbildung-zum-fachinformatiker-fuer-anwendungsentwicklung-2027-all-genders-bei-cewe-stiftung-co-kgaa-in-oldenburg-oldb-b390d8c3-b334-48e0-a9da-09a198acae80/,False,,80,2026-06-11T11:22:01.886571+00:00
AD-f22ef8f3-0894-4ef5-9ad3-689226a42087,ausbildung_de_ae,Schwarz Digits,,Neckarsulm,Stiftsbergstraße 1 74172 Neckarsulm Baden-Württemberg,"Ausbildung zum Fachinformatiker für Anwendungsentwicklung 2027 (m/w/d)

Deine Aufgaben
- Du erfährst als Fachinformatiker (m/w/d) in der Fachrichtung Anwendungsentwicklung alles über die Entwicklung und den Betrieb von modernen Softwareanwendungen.
- Du wirst aktiv in die großen Softwareprojekte für die Zukunft eingebunden!
- Du bekommst darüber hinaus Einblicke in die Themen IT-Sicherheit, Datenbanken, Netzwerke und Betriebssysteme.
- Du konzipierst, realisierst, testest und wartest die Schwarz Gruppe übergreifenden Anwendungen und kannst dich hier auch immer weiterbilden.
- Du eignest dir ein tiefes Verständnis moderner Programmiersprachen wie Go, Kotlin (Java), JavaScript (TypeScript) und Python an. Dabei arbeitest am Tagesgeschäft und Produkten mit und bist Teil der Software-Engineering Community.

Dein Profil
- Du hast die Mittlere Reife mit guten Noten insbesondere in Mathematik, Informatik und naturwissenschaftlichen Fächern abgeschlossen.
- Du hast Interesse am Digitalen Wandel und kannst dich dafür begeistern.
- Du arbeitest strukturiert, verantwortungsbewusst und zuverlässig, hast Spaß am Lernen und bist offen für Neues.
- Du hast große Freude im Team zusammenzuarbeiten und dein Wissen zu teilen. Dabei bringst du gerne eigene Ideen mit und möchtest aktiv mitwirken.
- Du hast bereits erste Erfahrungen mit Programmiersprachen und hast idealerweise deinen ersten Programmierkurs belegt.","1.250€, 1.350€, 1.500€","Dein Profil
- Du hast die Mittlere Reife mit guten Noten insbesondere in Mathematik, Informatik und naturwissenschaftlichen Fächern abgeschlossen.
- Du hast Interesse am Digitalen Wandel und kannst dich dafür begeistern.
- Du arbeitest strukturiert, verantwortungsbewusst und zuverlässig, hast Spaß am Lernen und bist offen für Neues.
- Du hast große Freude im Team zusammenzuarbeiten und dein Wissen zu teilen. Dabei bringst du gerne eigene Ideen mit und möchtest aktiv mitwirken.
- Du hast bereits erste Erfahrungen mit Programmiersprachen und hast idealerweise deinen ersten Programmierkurs belegt.",Ausbildung | zum Fachinformatiker für Anwendungsentwicklung 2027 (m/w/d),"Das sind wir Schwarz Digits entwickelt und betreibt IT-Infrastrukturen sowie digitale Lösungen, die die digitale Souveränität in Europa stärken. Als Digitalsparte der Schwarz Gruppe verantworten wir das technologische Fundament eines der größten Handelsökosysteme Europas und entwickeln es kontinuierlich weiter. Gleichzeitig treten wir mit unseren Lösungen auch am externen Markt auf und unterstützen Unternehmen sowie Organisationen der öffentlichen Hand bei ihrer digitalen Transformation. Mit rund 8.000 Mitarbeitenden gestalten wir die gesamte digitale Wertschöpfungskette – von Cloud-Infrastruktur über Cyber Security bis hin zu Data & AI. Unsere Leistungen bündeln wir in den Bereichen Cloud, Cyber Security, Data & AI, Communication und Workspace. So ermöglichen wir digitale Entscheidungsfreiheit für die Unternehmen der Schwarz Gruppe und für Partner in ganz Europa. (Perspektiven:) Egal ob Ausbildung, Studium, Berufseinstieg oder Führung: Bei uns entwickelst du Lösungen mit Wirkung. Du verbindest Innovationskraft mit Stabilität und stärkst Europas digitale Entscheidungsfreiheit. Dein Talent und dein Handeln haben direkten Einfluss auf das digitale Rückgrat der Schwarz Gruppe und darüber hinaus. Unsere Themenfelder Cloud Mit datensouveränen Cloud- und Colocation-Lösungen bieten wir skalierbare, leistungsfähige Systeme für ganzheitliche Digitalisierungsvorhaben. Cyber Security Mit modernem Continuous Threat Exposure Management (CTEM) schützen wir Systeme und sensible Daten nachhaltig vor Cyberbedrohungen. Data & AI Wir entwickeln souveräne KI-Lösungen – branchenspezifisch, schlüsselfertig und auf kritische Geschäftsprozesse zugeschnitten. Communication Unsere Kommunikationsplattform für Messaging, Audio- und Videokonferenzen verbindet Sicherheit mit technologischer Unabhängigkeit. Workspace Wir entwickeln sichere, browserbasierte Kollaborationslösungen – insbesondere für regulierte Branchen. (Wen wir suchen:) Bei Schwarz Digits arbeiten wir an einem gemeinsamen Ziel: Europas digitale Entscheidungsfreiheit zu stärken. Deshalb denken wir nicht in Silos, sondern in Lösungen. Wir suchen Menschen, die Verantwortung übernehmen, kollaborativ arbeiten und das große Ganze im Blick behalten – technisch fundiert und lösungsorientiert.",,https://schwarz-digits.de/,https://schwarz-digits.de/,company,,https://schwarz-digits.de/jobsearch/hr/ausbildung-zum-fachinformatiker-fuer-anwendungsentwicklung-2027-m-w-d-GT3567,https://schwarz-digits.de/jobsearch/hr/ausbildung-zum-fachinformatiker-fuer-anwendungsentwicklung-2027-m-w-d-GT3567,https://schwarz-digits.de/jobsearch/hr/ausbildung-zum-fachinformatiker-fuer-anwendungsentwicklung-2027-m-w-d-GT3567,externe,,,,ausbildung_de,https://www.ausbildung.de/stellen/ausbildung-zum-fachinformatiker-fuer-anwendungsentwicklung-2027-m-w-d-bei-schwarz-digits-in-neckarsulm-5096d0de-2d01-4ef8-b4ef-30e3726f23e2/,False,,67,2026-06-11T11:22:03.402856+00:00
AD-25a96a85-0105-46b4-8c74-d398e0414c2b,ausbildung_de_ae,Schloss Wachenheim AG,,Trier,Niederkircher Straße 27 54294 Trier Rheinland-Pfalz,"Ausbildung zum Fachinformatiker für Anwendungsentwicklung (m/w/d)

Das bringst Du mit
- Du hast einen guten Realschulabschluss oder Fachabitur bzw. Abitur
- Du hast Interesse an Mathematik und Informatik
- Du arbeitest sorgfältig und hast ausgeprägte analytische Fähigkeiten
- Du bist verantwortungsbewusst, engagiert und neugierig, Neues zu lernenDu hast Freude am Umgang mit Menschen, bist serviceorientiert und ein Teamplayer
- Du arbeitest mit einem hohen Praxisbezug und bist mittendrin statt nur dabei
Deine Perspektiven mit uns
- Du kannst Deine Talente und Interessen einbringen und entwickeln
- Du arbeitest in einem international tätigen Konzern, der jedoch familiär ist - Du kennst Deine Kolleginnen und Kollegen und man kennt und wertschätzt Dich
- Dich erwartet eine lockere Arbeitsatmosphäre und eine enge Zusammenarbeit im Team
- Du hast feste Ansprechpersonen und lernst mit Ausbilderinnen und Ausbildern, die zur Ausbildung befähigt sind und die auf Dich eingehen
- Du wirst optimal auf Deine IHK-Prüfung vorbereitet und nimmst kostenfrei an den IHK-Prüfungsvorbereitungskursen teil
- Du erhältst eine tarifliche Ausbildungsvergütung, Weihnachts- und Urlaubsgeld sowie Zuschüsse zur betrieblichen Altersvorsorge
- Du wirst optimal auf Deine IHK-Prüfung vorbereitet und nimmst kostenfrei an den IHK-Prüfungsvorbereitungskursen teil
- Du erhältst 30 Tage Urlaub und arbeitest freitags nur bis 12:30 Uhr
- Du hast die Möglichkeit, die 3-jährige Ausbildungszeit zu verkürzen
Weiterbildungsmöglichkeiten
- IT-Fachwirt (m/w/d)
- Gepüfter Betriebswirt IT (m/w/d)
Bist Du neugierig geworden?","1. Jahr: 1250 €
2. Jahr: 1320 €
3. Jahr: 1370 €","Das bringst Du mit
- Du hast einen guten Realschulabschluss oder Fachabitur bzw. Abitur
- Du hast Interesse an Mathematik und Informatik
- Du arbeitest sorgfältig und hast ausgeprägte analytische Fähigkeiten
- Du bist verantwortungsbewusst, engagiert und neugierig, Neues zu lernenDu hast Freude am Umgang mit Menschen, bist serviceorientiert und ein Teamplayer
- Du arbeitest mit einem hohen Praxisbezug und bist mittendrin statt nur dabei
Deine Perspektiven mit uns
- Du kannst Deine Talente und Interessen einbringen und entwickeln
- Du arbeitest in einem international tätigen Konzern, der jedoch familiär ist - Du kennst Deine Kolleginnen und Kollegen und man kennt und wertschätzt Dich
- Dich erwartet eine lockere Arbeitsatmosphäre und eine enge Zusammenarbeit im Team
- Du hast feste Ansprechpersonen und lernst mit Ausbilderinnen und Ausbildern, die zur Ausbildung befähigt sind und die auf Dich eingehen
- Du wirst optimal auf Deine IHK-Prüfung vorbereitet und nimmst kostenfrei an den IHK-Prüfungsvorbereitungskursen teil
- Du erhältst eine tarifliche Ausbildungsvergütung, Weihnachts- und Urlaubsgeld sowie Zuschüsse zur betrieblichen Altersvorsorge
- Du wirst optimal auf Deine IHK-Prüfung vorbereitet und nimmst kostenfrei an den IHK-Prüfungsvorbereitungskursen teil
- Du erhältst 30 Tage Urlaub und arbeitest freitags nur bis 12:30 Uhr
- Du hast die Möglichkeit, die 3-jährige Ausbildungszeit zu verkürzen
Weiterbildungsmöglichkeiten
- IT-Fachwirt (m/w/d)
- Gepüfter Betriebswirt IT (m/w/d)
Bist Du neugierig geworden?",Ausbildung | zum Fachinformatiker für Anwendungsentwicklung (m/w/d),"Die Schloss Wachenheim AG ist weltweit einer der größten Anbieter von Schaum- und Perlweinen sowie anderer alkoholischer und alkoholfreier Getränke. Sie unterhält in Deutschland drei Produktionsstandorte. Zu den wichtigsten Exportmärkten gehören neben Großbritannien, der Schweiz, Portugal und den Benelux-Ländern auch Teile Skandinaviens und Asiens. Die bedeutendsten Marken des deutschen Teilkonzerns sind Faber, Schloss Wachenheim, Schwansee, LIGHT live alkoholfrei sowie das Kinderpartygetränk Robby Bubble.",,https://www.schloss-wachenheim.com/,https://www.schloss-wachenheim.com/,company,ausbildung@schloss-wachenheim.de,https://www.schloss-wachenheim.com/cms/ausbildung-1007.html,https://www.schloss-wachenheim.com/cms/ausbildung-1007.html,https://www.schloss-wachenheim.com/cms/ausbildung-1007.html,externe,,"Dann freuen wir uns auf Deine Bewerbungsunterlagen (Anschreiben, Lebenslauf und Zeugnisse). Bitte nutze unser online Bewerbungstool und richte Deine Bewerbung an Ramona Fuchs.",,ausbildung_de,https://www.ausbildung.de/stellen/ausbildung-zum-fachinformatiker-fuer-anwendungsentwicklung-m-w-d-bei-schloss-wachenheim-ag-in-trier-4bb45e08-cb13-438f-a08f-aeaaffa5cccf/,False,,80,2026-06-11T11:22:04.999415+00:00
AD-b119f92e-f7a3-4221-b05c-5e216794a461,ausbildung_de_ae,Körber,,Leingarten,Daimlerstraße 40 74211 Leingarten Baden-Württemberg,"Ausbildung zum Fachinformatiker für Anwendungsentwicklung (m/w/d) in Leingarten 2026

Dein Profil
- Schulisch: Fachhochschulreife, die allgemeine Hochschulreife oder einen vergleichbaren Abschluss mit guten Noten in Mathe
- Persönlich: Gutes logisches Denkvermögen, Analyse- und Problemlösefähigkeit
- Technisch: Idealerweise Grundkenntnisse einer objektorientierten Programmiersprache (vorzugsweise Delphi oder C#), sicherer Umgang mit Windows und Office- Programmen sowie Hardwaregrundkenntnisse
- Arbeitsweise: Team- und Ergebnisorientiert, kommunikationsstark und flexibel
- Sprache: Du sprichst sehr gut Deutsch und gutes Englisch
- Ein Führerschein der Klasse B ist erforderlich
Du erfüllst nicht jede Anforderung? Kein Problem, bewirb Dich gerne trotzdem.
Für uns ist es wichtig, dass Du uns Deine Stärken zeigst und Dich auf Deiner Position weiterentwickeln kannst.",,"Dein Profil
- Schulisch: Fachhochschulreife, die allgemeine Hochschulreife oder einen vergleichbaren Abschluss mit guten Noten in Mathe
- Persönlich: Gutes logisches Denkvermögen, Analyse- und Problemlösefähigkeit
- Technisch: Idealerweise Grundkenntnisse einer objektorientierten Programmiersprache (vorzugsweise Delphi oder C#), sicherer Umgang mit Windows und Office- Programmen sowie Hardwaregrundkenntnisse
- Arbeitsweise: Team- und Ergebnisorientiert, kommunikationsstark und flexibel
- Sprache: Du sprichst sehr gut Deutsch und gutes Englisch
- Ein Führerschein der Klasse B ist erforderlich
Du erfüllst nicht jede Anforderung? Kein Problem, bewirb Dich gerne trotzdem.
Für uns ist es wichtig, dass Du uns Deine Stärken zeigst und Dich auf Deiner Position weiterentwickeln kannst.",Ausbildung | zum Fachinformatiker für Anwendungsentwicklung (m/w/d) in Leingarten 2026,"Wir sind KörberKörber ist ein international führender Technologiekonzern mit mehr als 13.000 Mitarbeitern an über 100 Standorten weltweit. Wir sind die Heimat für Unternehmer – und setzen unternehmerisches Denken in Erfolg für unsere Kunden um. Die Körber AG führt den Konzern mit seinen drei Geschäftsfeldern Pharma, Supply Chain und Technologies.Körber ist die Heimat für innovative Talente, die unternehmerisch denken, teamorientiert handeln und voller Leidenschaft an ihre Aufgaben gehen. Wir entwickeln Zukunftstechnologien und unterstützen Talente bestmöglich dabei, ihre Fähigkeiten einzusetzen und ihr volles Potenzial auszuschöpfen. Gemeinsam wollen wir die Ersten sein, die das Richtige zum richtigen Zeitpunkt tun. Die Körber-StiftungAlleinige Aktionärin der Körber AG ist die Körber-Stiftung. Sie unterstützt die auf nachhaltiges, profitables Wachstum ausgerichtete Strategie. Die Körber-Stiftung ist eine gemeinnützige Stiftung, die für gesellschaftliche Verantwortung einsteht.",,https://www.koerber.com/,https://www.koerber.com/,company,jobs@koerber.com,https://jobs.koerber.com/supplychain/job/Leingarten-Ausbildung-zum-Fachinformatiker-f%C3%BCr-Anwendungsentwicklung-%28mwd%29-in-Leingarten-2026-BW/1391649633/,https://jobs.koerber.com/supplychain/job/Leingarten-Ausbildung-zum-Fachinformatiker-f%C3%BCr-Anwendungsentwicklung-%28mwd%29-in-Leingarten-2026-BW/1391649633/,https://jobs.koerber.com/supplychain/job/Leingarten-Ausbildung-zum-Fachinformatiker-f%C3%BCr-Anwendungsentwicklung-%28mwd%29-in-Leingarten-2026-BW/1391649633/,externe,,"Es kann immer mal sein, dass eine schlechte Note im Zeugnis steht und für uns haben Schulnoten eine abnehmende Bedeutung.
Fühlst Du dich angesprochen? Dann bewirb Dich bitte online mit folgenden Unterlagen:
- Anschreiben
- Lebenslauf
- Zeugnisse
Wir freuen uns auf Deine Bewerbung!
Wir wertschätzen Vielfalt und begrüßen daher alle Bewerbungen – unabhängig von Geschlecht, Nationalität, ethnischer und sozialer Herkunft, Religion/ Weltanschauung, Behinderung, Alter sowie sexueller Orientierung und Identität.
Für Fragen rund um Ausbildung und duales Studium sind wir gerne für Dich da! Du erreichst uns jeden Mittwoch zwischen 13:00 und 16:00 Uhr telefonisch unter +494021107291 oder jederzeit per E-Mail an jobs@koerber.com.
Mona-Julie Regina Ortel ist die zuständige Ansprechperson für diese Position.",,ausbildung_de,https://www.ausbildung.de/stellen/ausbildung-zum-fachinformatiker-fuer-anwendungsentwicklung-m-w-d-in-leingarten-2026-bei-koerber-in-leingarten-f0f39350-a325-4bd9-a91f-c101a5736876/,False,,73,2026-06-11T11:22:06.980646+00:00
AD-467dc32d-bc9c-43e6-9e0d-4bfd1b3b794b,ausbildung_de_ae,CODAN Medizinische Geräte GmbH,,Lensahn,Stig Husted-Andersen Straße 11 23738 Lensahn Schleswig-Holstein,"Ausbildung zum Fachinformatiker für Anwendungsentwicklung / Softwaretechnik (m/w/d)

Deine Aufgaben / Deine Rolle:
- Du programmierst Software für das Unternehmen nach konkreten Vorgaben
- Zu Deinen Aufgaben zählen die kontinuierliche Pflege sowie die Verbesserung dieser (Web-)Anwendungen
- Außerdem testet und dokumentierst Du bestehende sowie zukünftige Software-Lösungen
- Du überwachst die Software fortwährend auf Funktionalität
Das erwartet Dich:
- Eine umfassende und praxisnahe ­Ausbildung mit intensiver Betreuung durch qualifizierte und erfahrene ­Ausbilder
- Das Thema Aus- und Weiterbildung ist bei CODAN von großer ­Bedeutung, um den qualifizierten Nachwuchs zu sichern
- Du erlebst vielfältige und abwechslungsreiche Aufgaben und ­Tätigkeiten in allen ausbildungsrelevanten Unternehmens­bereichen unseres ­Werkes in Lensahn
- Bei erfolgreichem Abschluss der Ausbildung hast Du gute Chancen auf eine Übernahme
Unsere Anforderungen:
- Du hast ein ausgeprägtes Interesse für IT-Systeme und die Arbeit am PC. Auch der Umgang mit gängigen Office-Programmen ist Dir nicht fremd
- Eine sehr gute Teamfähigkeit und gute kommunikative Fähigkeiten zählen zu Deinen Eigenschaften
- Für diesen Beruf sind eine hohe Belastbarkeit und Flexibilität erforderlich
- Gute Deutsch- und Englischkenntnisse sind für Dich selbstverständlich

- Ausdauer, Sorgfalt sowie eine überdurchschnittliche Leistungsbereitschaft und Engagement runden Dein Profil ab
- Du verfügst über eine selbstständige und zielorientierte Arbeitsweise sowie gute analytische, organisatorische Fähigkeiten
- Du solltest mindestens den Abschluss der Mittleren Reife haben. Höhere Abschlüsse sind von Vorteil, aber keine Bedingung

Wir bieten Dir:
- Freundliche und wertschätzende Ausbildungsatmosphäre durch erfahrene BerufsausbilderInnen
- Betriebskantine
- Haustarifvertrag für Auszubildende
- Steuerfreie Benefit-Card
- Betriebliche Altersvorsorge
- Betriebsärztliche Betreuung
- Eigene Jugend- und Auszubildendenvertretung
- Teilnahme an Betriebssportgruppen
Wenn wir mit unserer Stellenausschreibung Dein Interesse geweckt haben, freuen wir uns auf Deine vollständige E-Mail-Bewerbung an unsere Personalabteilung, die neben Deiner schulischen Leistung auch etwas über Deine Freizeitaktivitäten und Interessen aussagt.
CODAN Medizinische Geräte GmbH
Stig Husted-Andersen Straße 11 · 23738 Lensahn · DE
Tel. +49 (0) 43 63 · 51 11 · Fax +49 (0) 43 63 · 51 12 14
E-Mail: personal@codan.de · www.codancompanies.com",,"- Ausdauer, Sorgfalt sowie eine überdurchschnittliche Leistungsbereitschaft und Engagement runden Dein Profil ab
- Du verfügst über eine selbstständige und zielorientierte Arbeitsweise sowie gute analytische, organisatorische Fähigkeiten
- Du solltest mindestens den Abschluss der Mittleren Reife haben. Höhere Abschlüsse sind von Vorteil, aber keine Bedingung",Ausbildung | zum Fachinformatiker für Anwendungsentwicklung / Softwaretechnik (m/w/d),CODAN Medizinische Geräte GmbH ist ein inhabergeführtes Unternehmen und hat sich auf die Herstellung und den Vertrieb von medizinischen Übertragungssystemen spezialisiert. Durch mehr als 60 Jahre Forschung und Entwicklung ist CODAN als Lieferant von qualitativ hochwertigen Produkten anerkannt. An unserem verkehrsgünstig gelegenen Hauptsitz in Lensahn arbeiten rund 500 Mitarbeiter erfolgreich an der Entwicklung und Herstellung dieser Medizinprodukte mit.,"Wir bieten Dir:
- Freundliche und wertschätzende Ausbildungsatmosphäre durch erfahrene BerufsausbilderInnen
- Betriebskantine
- Haustarifvertrag für Auszubildende
- Steuerfreie Benefit-Card
- Betriebliche Altersvorsorge
- Betriebsärztliche Betreuung
- Eigene Jugend- und Auszubildendenvertretung
- Teilnahme an Betriebssportgruppen
Wenn wir mit unserer Stellenausschreibung Dein Interesse geweckt haben, freuen wir uns auf Deine vollständige E-Mail-Bewerbung an unsere Personalabteilung, die neben Deiner schulischen Leistung auch etwas über Deine Freizeitaktivitäten und Interessen aussagt.
CODAN Medizinische Geräte GmbH
Stig Husted-Andersen Straße 11 · 23738 Lensahn · DE
Tel. +49 (0) 43 63 · 51 11 · Fax +49 (0) 43 63 · 51 12 14
E-Mail: personal@codan.de · www.codancompanies.com",https://www.codancompanies.com,https://www.codancompanies.com,company,personal@codan.de,https://www.ausbildung.de/direktbewerbung/ausbildung-zum-fachinformatiker-fuer-anwendungsentwicklung-softwaretechnik-m-w-d-bei-codan-medizinische-geraete-gmbh-in-lensahn-066f76fe-273d-409a-84cd-26393ebf1fe0/,https://www.ausbildung.de/direktbewerbung/ausbildung-zum-fachinformatiker-fuer-anwendungsentwicklung-softwaretechnik-m-w-d-bei-codan-medizinische-geraete-gmbh-in-lensahn-066f76fe-273d-409a-84cd-26393ebf1fe0/,https://www.ausbildung.de/direktbewerbung/ausbildung-zum-fachinformatiker-fuer-anwendungsentwicklung-softwaretechnik-m-w-d-bei-codan-medizinische-geraete-gmbh-in-lensahn-066f76fe-273d-409a-84cd-26393ebf1fe0/,externe,,,,ausbildung_de,https://www.ausbildung.de/stellen/ausbildung-zum-fachinformatiker-fuer-anwendungsentwicklung-softwaretechnik-m-w-d-bei-codan-medizinische-geraete-gmbh-in-lensahn-066f76fe-273d-409a-84cd-26393ebf1fe0/,False,,73,2026-06-11T11:22:08.580827+00:00
AD-efff3d8e-46b6-4ef6-8f89-57526bf47f25,ausbildung_de_ae,EWE NETZ GmbH,,Oldenburg (Oldb),Oldenburg (Oldb) Niedersachsen,"Ausbildung zum Fachinformatiker für Anwendungsentwicklung (w/d/m) - 2027

Das lernst du bei uns:
- Softwareentwicklung von Grund auf: du lernst, wie Software geplant, programmiert und weiterentwickelt wird und wie ihre Qualität durch Tests, Code‑Reviews und eine saubere Dokumentation sichergestellt wird
- Installation und Betreuung von Anwendungen: wir zeigen dir, wie du Software einsetzt und am Laufen hältst
- Enge Zusammenarbeit mit unseren Fachbereichen: du bekommst tiefe Einblicke in die Welt der Telekommunikation und arbeitest mit verschiedenen Teams zusammen
- Vielseitige Programmierkenntnisse: im Laufe der Ausbildung wirst du mehrere Programmiersprachen kennenlernen, sowohl im Backend als auch im Frontend
- Cloud-Technologien: wir bringen dir den Umgang mit Cloud-Plattformen wie AWS und Azure bei
- Data Science und KI: neben der klassischen Softwareentwicklung erhältst du erste Einblicke in Datenanalyse und intelligente Systeme
- Kommunikation und Präsentation: du wirst lernen, deine Arbeit zu präsentieren, technische Sachverhalte verständlich zu erklären und in Meetings oder kleinen Vorträgen deine Ideen vorzustellen
So hast du gute Chancen:
- Gute Kenntnisse in Mathematik, Deutsch und Englisch
- Interesse und Neugier an IT und Technik
- Eigeninitiative und die Lust, Neues zu lernen
- Teamgeist und die Fähigkeit, mit anderen im Team gemeinsam Lösungen zu erarbeiten
- Kreativität, um auch mal um die Ecke zu denken
- Durchhaltevermögen, wenn es mal knifflig wird
- Kundenorientierung und eine gute Kommunikationsfähigkeit
- Keine Sorge, wenn du noch nicht programmieren kannst: Du brauchst keine Vorkenntnisse – wir bringen dir alles Schritt für Schritt bei. Falls du schon erste Erfahrungen gesammelt hast, umso besser!
Ausbildungsort:
Oldenburg
Berufsschule:
BBS Haarentor in Oldenburg
Bist du dabei?

Mittlere Reife","1. Jahr: 1325 €
2. Jahr: 1375 €
3. Jahr: 1475 €",Mittlere Reife,Ausbildung | zum Fachinformatiker für Anwendungsentwicklung (w/d/m) - 2027,"Du willst die Zukunft der Energiewelt vorantreiben und den Alltag nachhaltiger machen? Dann komme zu uns – wir haben spannende Bereiche, in denen du aktiv werden kannst: Wärmepumpen oder PV-Anlagen ans Stromnetz anschließen, die Strom- und Gasnetze fit für die Zukunft machen, Zukunftslösungen z. B. im Bereich Wasserstoff schaffen oder auch mit IT den Alltag digitaler gestalten. Wir begleiten dich in deinem neuen Lebensabschnitt und bieten jedes Jahr rund 100 Plätze für Auszubildende und dual Studierende!Übrigens – im EWE-Konzern managt die EWE NETZ GmbH die Ausbildung für sämtliche Gesellschaften. Unsere Vorteile Derzeit bieten wir dir bei guten Leistungen eine Übernahme nach der Ausbildung für mindestens zwei Jahre, nach Möglichkeit auch unbefristet Kennenlerntage und Einführungsveranstaltungen zu Beginn der Ausbildung Individuelle Begleitung während der Ausbildung und ein umfangreiches Seminarprogramm sowie Zusatzqualifikationen Spannende Projekte von und für Azubis Möglichkeit eines Auslandsaufenthalts mit Erasmus+ Verkürzung der Ausbildung bei guten Leistungen Home-Office-Möglichkeit nach Absprache Mobile Ausstattung durch ein eigenes Notebook Urlaubsanspruch von 30 Tagen im Jahr, zusätzlich sind Heiligabend und Silvester bei uns arbeitsfrei Vermögenswirksame Leistungen sowie tarifliches Urlaubs- und Weihnachtsgeld Rabatt für Mitarbeitende auf EWE-Produkte Als Auszubildender aus der Region Brandenburg/Rügen erhältst du von uns eine kostenlose BahnCard 50 für deine Heimfahrten Unser EnergieCampus mit seinen Wohnmöglichkeiten und seinem umfangreichen Sport- und Freizeitangebot Bei uns gibt es immer genug zu tun – dein Ausbildungsplatz ist daher krisensicher Der EnergieCampus von EWE ­– Leben und Lernen an einem Ort Du würdest gern eine Ausbildung im Bereich Energie beginnen, wohnst aber zu weit entfernt von Oldenburg, um täglich zu pendeln? Kein Problem: Auf unserem EnergieCampus in Oldenburg kannst du während der Woche wohnen und gemeinsam mit anderen Auszubildenden lernen und deine Freizeit verbringen.Als dual Studierender profitierst du ebenfalls von den vielfältigen Weiterbildungs-, Sport- und Freizeitangeboten des EnergieCampus.Weitere Informationen unter https://www.ewe.com/de/karriere/schueler-und-ausbildung/wohnen-und-leben Der EWE-Azubiblog – reinklicken lohnt sich! Neugierig, wie es bei EWE läuft? Dann schau doch mal auf unserem Azubiblog vorbei! Dort berichten unsere Auszubildenden und dual Studierenden regelmäßig über ihren Alltag bei uns. Neben spannenden Einblicken in die einzelnen Berufsfelder und Studiengänge gibt es auch Berichte über den „Joballtag“, die Schule und das Campusleben sowie interessante Veranstaltungstipps. Aber schau doch einfach selbst: azubiblog.ewe.com",,http://www.ewe.com/,http://www.ewe.com/,company,ausbildung@ewe.de,https://ewe.wd3.myworkdayjobs.com/de-DE/EWE/job/Oldenburg/Auszubildender-zum-Fachinformatiker-fr-Anwendungsentwicklung--w-d-m----2027_5413/apply,https://ewe.wd3.myworkdayjobs.com/de-DE/EWE/job/Oldenburg/Auszubildender-zum-Fachinformatiker-fr-Anwendungsentwicklung--w-d-m----2027_5413/apply,https://ewe.wd3.myworkdayjobs.com/de-DE/EWE/job/Oldenburg/Auszubildender-zum-Fachinformatiker-fr-Anwendungsentwicklung--w-d-m----2027_5413/apply,externe,,"Dann freuen wir uns auf deine Bewerbung direkt auf unserer Website: Mach‘s kurz und füge dort einfach einen Lebenslauf und deine letzten beiden Schulzeugnisse hinzu, ein Extra-Anschreiben ist nicht notwendig. Mit deiner Bewerbung bestätigst du deine Bereitschaft zur Teilnahme an der für die Tätigkeit erforderlichen Sicherheitsüberprüfung.
Noch unentschlossen? Dann check unbedingt mal unseren Azubiblog: azubiblog.ewe.com
Übrigens – im EWE-Konzern managt die EWE NETZ GmbH die Ausbildung für sämtliche Gesellschaften. Und wenn du mehr über die anderen Berufsbilder und dualen Studiengängen wissen willst: ewe.com/karriere",,ausbildung_de,https://www.ausbildung.de/stellen/ausbildung-zum-fachinformatiker-fuer-anwendungsentwicklung-w-d-m-2027-bei-ewe-ag-in-oldenburg-oldb-fc5b63db-c245-49ad-92f0-5b44724b5da0/,False,,80,2026-06-11T11:22:10.464835+00:00
AD-ff59b5e6-826b-4dc8-b447-a1668494b52c,ausbildung_de_ae,Bechtle AG,,Sankt Augustin,53757 Sankt Augustin Nordrhein-Westfalen,"Ausbildung zum Fachinformatiker für Anwendungsentwicklung (w/m/d) (Start 2026)

Das erwartet dich im Bechtle IT-Systemhaus Bonn/Köln: Wir sind von Client Management über Lösungen von Datacenter und Netzwerke bis hin zu IT-Security und Business Applications breit aufgestellt. Unser Hauptsitz mit circa 700 Kolleginnen und Kollegen befindet sich in Bonn, weitere Niederlassungen in Sankt Augustin, Köln, Koblenz und Mainz. Unsere Mitarbeitende schätzen neben modernem Equipment und flachen Hierarchien besonders die Fortbildungs- und Entwicklungsmöglichkeiten und das kollegiale Betriebsklima.
Hier bewegst du etwas:
- Deine Ausbildung startet am 01. September 2026
- Mittelpunkt Deiner Ausbildung? Du entwickelst innovative IT-Software-Lösungen und Anwendungen und treibst die Digitalisierung aktiv voran.
- Du möchtest Deine Sprachenvielfalt erweitern? Bei uns „sprichst“ Du Java, C# sowie Python, lernst moderne Entwicklungsansätze mit Appian und wirst zum Experten für zukunftsorientierte Anwendungsentwicklung.
- Dein Beitrag ist uns wichtig, daher lernst und arbeitest Du von Beginn an im Team an Projekten und sammelst wertvolle praktische Erfahrung in einem dynamischen Umfeld.
- Bei uns begleitet Dich ein erfahrenes Entwicklerteam und sorgt für deinen kontinuierlichen Lernerfolg.
Damit punktest du:
- Du hast eine abgeschlossene Fachhochschulreife, eine gute mittlere Reife oder stehst kurz vor Deinem Abschluss.
- Du hast Spaß an folgenden Schulfächern: Mathematik und Informatik
- Du hast bereits erste Erfahrungen mit KI-Tools, künstlicher Intelligenz und deren Anwendung in der Softwareentwicklung gesammelt, sei es privat oder durch ein Praktikum? Ein großer Pluspunkt.
- Du hast eine offene Art und arbeitest selbstständig? Genau diesen Mix suchen wir.

Mittlere Reife

Wir bieten mehr für Dich:
- Deine Vergütung? Überdurchschnittlich und attraktiv! Je nach Ausbildungsjahr bis zu 1.350 Euro im Monat.
- Du bist nicht allein: Neben deinem individuellen Paten, bist du in einem starken Team, das Wertschätzung und Verbundenheit liebt und lebt.
- Dein Workplace: Moderne technische Ausstattung inkl. eigenem Laptop.
- Networking: Nutze unsere Einführungsveranstaltung, das Azubi Camp oder viele weitere Events, um dich mit anderen Azubis auszutauschen.
- Wir bieten dir Perspektiven: Deine Übernahmechancen stehen nach erfolgreichem Abschluss sehr gut.",,Mittlere Reife,Ausbildung | zum Fachinformatiker für Anwendungsentwicklung (w/m/d) (Start 2026),"Schulabschluss in der Tasche – und sofort voll drin: Bei Bechtle, einem der erfolgreichsten IT-Unternehmen, geht das klar! Starken Support aus deinem Team, einen persönlichen Buddy und Top-Übernahmechancen? Hast du sicher. Aber auch Freiraum für deine eigenen Ideen und Aufgaben, die zu deinen Talenten passen. Du willst viel bewegen? Dann kannst du bei uns alles erreichen – und gleich loslegen. Ob Ausbildung, duales Studium oder Praktikum zum Reinschnuppern: Entdecke deine Möglichkeiten auf bechtle.com/karriere. Bist du bereit? Wir sind einer der führenden IT-Dienstleister in Europa und suchen dich, um gemeinsam die IT-Welt von morgen zu gestalten. Mit den neuesten Trends im Blick, den besten Technologien im Portfolio und unserer Leidenschaft für Lösungen sind wir mit mehr als 16.000 Mitarbeitenden an über 120 Standorten in 14 europäischen Ländern vertreten. Bei uns kommen unterschiedliche Menschen mit derselben Begeisterung zusammen. Das eröffnet dir neue Perspektiven und Chancen ohne Ende. In welchem Bereich du auch einsteigst – du hast gleichgesinnte Kolleg:innen in ganz Europa, die dich inspirieren, ergänzen und schätzen. So sind wir zusammen zukunftsstark!","Wir bieten mehr für Dich:
- Deine Vergütung? Überdurchschnittlich und attraktiv! Je nach Ausbildungsjahr bis zu 1.350 Euro im Monat.
- Du bist nicht allein: Neben deinem individuellen Paten, bist du in einem starken Team, das Wertschätzung und Verbundenheit liebt und lebt.
- Dein Workplace: Moderne technische Ausstattung inkl. eigenem Laptop.
- Networking: Nutze unsere Einführungsveranstaltung, das Azubi Camp oder viele weitere Events, um dich mit anderen Azubis auszutauschen.
- Wir bieten dir Perspektiven: Deine Übernahmechancen stehen nach erfolgreichem Abschluss sehr gut.",https://www.bechtle.com/,https://www.bechtle.com/,company,,https://bechtle-ag.contactrh.com/jobs/11871/44097023,https://bechtle-ag.contactrh.com/jobs/11871/44097023,https://bechtle-ag.contactrh.com/jobs/11871/44097023,externe,,,,ausbildung_de,https://www.ausbildung.de/stellen/ausbildung-zum-fachinformatiker-fuer-anwendungsentwicklung-w-m-d-start-2026-bei-bechtle-ag-in-sankt-augustin-8d2e8ba4-94ec-411a-910b-6db5226750c7/,False,,67,2026-06-11T11:22:12.014597+00:00
AD-7b97aa6a-b846-44b3-bb83-72468dbaa88e,ausbildung_de_ae,ENERCON GmbH,,Aurich,Aurich Niedersachsen,"Ausbildung zum Fachinformatiker/in für Anwendungsentwicklung

Mittlere Reife",,Mittlere Reife,Ausbildung | zum Fachinformatiker/in für Anwendungsentwicklung,"ENERCON ist deutscher Marktführer unter den Herstellern von Windenergieanlagen und treibt seit 30 Jahren als Technologieführer die Versorgung mit regenerativen Lösungen weltweit voran. Der Kern dieser internationalen Erfolgsgeschichte liegt bei ENERCON eindeutig in den eigenen Mitarbeitern (mittlerweile arbeiten weltweit mehr als 20.000 Mitarbeiter bei ENERCON!) und der Unternehmenskultur, die den offenen Dialog täglich lebt und pflegt. ENERCON bietet seinen Mitarbeitern sichere, attraktive Arbeitsplätze und eröffnet vor allem jungen Menschen vielseitige Ausbildungsperspektiven mit einer sehr hohen Übernahmewahrscheinlichkeit! Zurzeit bildet ENERCON in 22 Ausbildungsberufen des Handwerks, der Industrie und des kaufmännischen Bereichs aus. Schwerpunkte bilden dabei Berufe der Elektrotechnik und der Logistik. Neben der klassischen Ausbildung bietet ENERCON verschiedene duale Studiengänge an. Die Ausbildung eigener Fachkräfte ist für ENERCON eine wichtige Maßnahme zur Sicherung von qualifizierten und spezialisierten Nachwuchskräften",,https://www.ausbildung.de/unternehmen/enercon-gmbh/stellen/,,partner_portal,,https://career.enercon.de/?locale=de_DE,https://career.enercon.de/?locale=de_DE,https://career.enercon.de/?locale=de_DE,externe,,,,ausbildung_de,https://www.ausbildung.de/stellen/ausbildung-zum-fachinformatiker-in-fuer-anwendungsentwicklung-bei-enercon-gmbh-in-aurich-ed0a88a6-2b3d-4ba9-acef-e56edfdd8c82/,False,,60,2026-06-11T11:22:13.572270+00:00
AD-f499f269-b8f3-4a7e-af8d-b70a87034ef3,ausbildung_de_ae,Kesseböhmer Holding KG,,Bad Essen,Mindener Straße 208 49152 Bad Essen Niedersachsen,"Ausbildung zum Fachinformatiker für Anwendungsentwicklung (m/w/d)

- Geheimnisse sind bei dir gut aufgehoben? Ideale Voraussetzungen! Durch deinen gewissenhaften Umgang mit sensiblen Informationen fällt es dir leicht unsere Regel für Datenschutz und -sicherheit umzusetzen.
Dein Weg zum Fachinformatiker (m/w/d):
- Mach dich mit den Grundlagen unserer Softwareumgebung vertraut – lerne, wie man unsere bestehende Software professionell anwendet und mache deine ersten Schritte in verschiedenen Programmiersprachen.
- Steige in den Support ein – nach und nach sammelst du Fähigkeiten und Kenntnisse, um die bestehenden Tools und Betriebssysteme fortlaufend zu testen, zu prüfen und zu aktualisieren.
- Werde zum Daten-Profi – in der Berufsschule lernst du alles, was du über Datenschutz und Datensicherheit wissen musst. Damit erarbeitest du später z.B. Sicherheitskonzepte und sorgst für eine fehlerfreie Datenverarbeitung in der Praxis.
- Wachse an spannenden Projekten – nutze dein Wissen bei der Einführung innovativer Technologien oder der Planung und Entwicklung neuer Software. Werde Teil von abteilungsübergreifenden Projektteams mit deinen Ausbildern, anderen Auszubildenden sowie erfahrenen Kolleginnen und Kollegen.
Freu dich auf:
- Modernes Arbeitsumfeld – als IT-Volldienstleister für unsere nationalen und internationalen Standorte setzten wir auf modernste Technologien und greifen auf unser eigenes Rechenzentrum zurück.
- Eine große Azubigemeinschaft – lerne bei unserer berufsübergreifenden Einführungswoche deine neuen Azubi -Kolleginnen und Kollegen sowie unsere Jugend- und Auszubildendenvertretung kennen.
- Viele weitere Benefits: Von monatlichen Tankgutscheinen bis zur intensiven Prüfungsvorbereitung – entdecke alle Angebote für unsere Auszubildenden unter: https://karriere.kesseboehmer.com/benefits","1. Jahr: 1226 €
2. Jahr: 1294 €
3. Jahr: 1396 €","- Geheimnisse sind bei dir gut aufgehoben? Ideale Voraussetzungen! Durch deinen gewissenhaften Umgang mit sensiblen Informationen fällt es dir leicht unsere Regel für Datenschutz und -sicherheit umzusetzen.
Dein Weg zum Fachinformatiker (m/w/d):
- Mach dich mit den Grundlagen unserer Softwareumgebung vertraut – lerne, wie man unsere bestehende Software professionell anwendet und mache deine ersten Schritte in verschiedenen Programmiersprachen.
- Steige in den Support ein – nach und nach sammelst du Fähigkeiten und Kenntnisse, um die bestehenden Tools und Betriebssysteme fortlaufend zu testen, zu prüfen und zu aktualisieren.
- Werde zum Daten-Profi – in der Berufsschule lernst du alles, was du über Datenschutz und Datensicherheit wissen musst. Damit erarbeitest du später z.B. Sicherheitskonzepte und sorgst für eine fehlerfreie Datenverarbeitung in der Praxis.
- Wachse an spannenden Projekten – nutze dein Wissen bei der Einführung innovativer Technologien oder der Planung und Entwicklung neuer Software. Werde Teil von abteilungsübergreifenden Projektteams mit deinen Ausbildern, anderen Auszubildenden sowie erfahrenen Kolleginnen und Kollegen.
Freu dich auf:
- Modernes Arbeitsumfeld – als IT-Volldienstleister für unsere nationalen und internationalen Standorte setzten wir auf modernste Technologien und greifen auf unser eigenes Rechenzentrum zurück.
- Eine große Azubigemeinschaft – lerne bei unserer berufsübergreifenden Einführungswoche deine neuen Azubi -Kolleginnen und Kollegen sowie unsere Jugend- und Auszubildendenvertretung kennen.
- Viele weitere Benefits: Von monatlichen Tankgutscheinen bis zur intensiven Prüfungsvorbereitung – entdecke alle Angebote für unsere Auszubildenden unter: https://karriere.kesseboehmer.com/benefits",Ausbildung | zum Fachinformatiker für Anwendungsentwicklung (m/w/d),"Wir verbinden Tradition und Innovation – seit mehr als 60 Jahren.Der Name Kesseböhmer steht für innovative Lösungen, die Design, Funktion und Qualität in sich vereinen – und das seit Generationen. Bis heute ist Kesseböhmer ein inhabergeführtes Unternehmen.Unsere Kernkompetenz liegt in der Metallverarbeitung: Draht, Flachband, Rohre sowie deren anschließende Veredelung in der eigenen Galvanik und Pulverbeschichtung. Unsere Position als führendes Unternehmen für Küchenausstattungen haben wir uns durch eine klare Kundenorientierung erarbeitet. Mit hoch spezialisierten Zulieferteilen für die Automotive-Industrie hat Kesseböhmer ein weiteres, zukunftsorientiertes Standbein geschaffen, das sich in den letzten Jahren erfolgreich entwickelt hat.Unsere Produkte schaffen auf besonders elegante Weise Ordnung und Übersicht. Sie verbessern die Raumausnutzung und Arbeitsabläufe in der Küche. Neben diesen verkaufsstarken Vorzügen für den Anwender profitieren Industrie und Handwerk von der einfachen Montage und Justierbarkeit unserer Auszüge und Beschläge. Immer mehr unserer Produkte werden werkzeuglos geclipst. Das spart wertvolle Zeit und sichert einen durchgängig hohen Montagestandard.Von der Idee bis zur Auslieferung finden alle Fertigungsschritte in unserem Hause statt – inklusive der Entwicklung und Herstellung der nötigen Maschinen und Werkzeuge. So gelingt es, die innovativen Ideen unserer Entwickler schnell und ohne Abstriche in die Tat umzusetzen:Funktionen, die begeistern. Design, das überzeugt. Qualität, die Standards setzt. Hier kommt die Praxis!Hast Du Dich auch schon oft gefragt, wofür Du lange Matheformeln oder komplizierte Rechtschreibregeln eigentlich brauchst? Bei uns kannst Du nach der Schule endlich selbst erleben, was Du mit Deinem Wissen in der Praxis anfangen kannst.Wir bieten dir 14 verschiedene Ausbildungsberufe und 5 Duale Studiengänge, die alle eins gemeinsam haben: Praxisbezug. Bei uns bist du mitten drin und nicht einfach nur dabei. Du darfst bei erfahrenen Kollegen mit anpacken, eigene Aufgaben selbstständig übernehmen und Projekte durchführen.Wer für die Praxis brennt, dem fällt das Lernen leichter. Eine gute Nachricht für Theorie-Muffel. Finde deinen Traumberuf in unserem Unternehmen und Du wirst sehen –ab dann macht auch Theorie wieder Sinn. Qualität ist dir wichtig?Uns auch! Deshalb steht die Qualität Deiner Ausbildung für uns an erster Stelle. Gut organisierte Ausbildungsabläufe, umfangreiche Prüfungsvorbereitungen und Weiterbildungsangebote sind für uns selbstverständlich. Jedes Jahr beginnen knapp 40 Berufsstarter ihre Karriere in unserem Unternehmen. Insgesamt vertrauen mehr als 100 Azubis und duale Studenten auf unsere jahrzehntelange Ausbildungserfahrung. Das macht uns sehr stolz – und treibt uns an, unsere Ausbildung nicht einfach nur gut, sondern exzellent zu gestalten. Willkommen im Team!Unser Unternehmen lebt von den Ideen , dem Engagement und der Zusammenarbeit unserer Mitarbeiter. Alleingang – Fehlanzeige! Wenn du Lust hast, Themen im Team voranzubringen und spannende Aufgaben mit einem oder mehreren Kollegen zu lösen, dann bist du bei uns genau richtig. Nach der Ausbildung erwarten dich beste Übernahmechancen, Weiterbildungsmöglichkeiten und unterschiedlichste Karrierewege.Wir freuen uns auf Dich!",,https://www.kesseboehmer.com/,https://www.kesseboehmer.com/,company,l.klussmann@kesseboehmer.de,https://bewerbung.kesseboehmer.com/job/apply/1207/auszubildende-zum-fachinformatiker-anwendungsentwicklung-standort-bad-essen?page_lang=de,https://bewerbung.kesseboehmer.com/job/apply/1207/auszubildende-zum-fachinformatiker-anwendungsentwicklung-standort-bad-essen?page_lang=de,https://bewerbung.kesseboehmer.com/job/apply/1207/auszubildende-zum-fachinformatiker-anwendungsentwicklung-standort-bad-essen?page_lang=de,externe,,,,ausbildung_de,https://www.ausbildung.de/stellen/ausbildung-zum-fachinformatiker-in-fuer-anwendungsentwicklung-m-w-d-bei-kesseboehmer-holding-kg-in-bad-essen-e2868899-ac0f-4aeb-a211-15a617a886d5/,False,,73,2026-06-11T11:22:15.118609+00:00
AD-6cc3c01c-7a52-4688-bbc2-36520c956ccd,ausbildung_de_ae,POHL Metal Systems GmbH,,Köln,Robert-Bosch-Straße 6 50769 Köln Nordrhein-Westfalen,"Ausbildung zum Fachinformatiker (m/w/d) für Anwendungsentwicklung

Das erwartet dich
- Weiterentwicklung unseres ERP-Systems
- Installation von ERP-Systemen
- Behebung von Störungen der ERP-Systeme
- Testen von ERP-Systemen

Das bringst du mit
- Gutes Fachabitur oder Abitur
- Gute Mathe- und Informatikkenntnisse
- Begeisterung für die IT-Welt
Deine Ausbildung bei uns
- Deine Ausbildung dauert 3 Jahre, verkürzt 2 ½ Jahre
- Dein Ausbildungsort ist Köln
Deine Berufsschule
- Berufskolleg Georg-Simon-OhmDeine Aussichten bei uns: Bei guten Leistungen freuen wir uns, wenn du bei uns bleibst und Berufserfahrungen sammelst
Deine Vorteile
- Kostenübernahme für alle Lehrgänge und Prüfungsvorbereitungen im Zuge der Ausbildung
- Sonderzahlungen wie Urlaubs- und Weihnachtsgeld
- 30 Urlaubstage sowie flexible Arbeitszeiten
- Weiterbildungsmöglichkeiten wie z. B. Schulungen für Office-Produkte
- IT-Ausstattung wird gestellt
Vergütung: On top gibt’s von uns noch eine attraktive Ausbildungsvergütung:
- 1. Jahr: 1.065,00 €
- 2. Jahr: 1.118,00 €
- 3. Jahr: 1.196,00 €
Du möchtest uns kennenlernen und zeigen, was du kannst? Mit einem Praktikum bei uns hast du die Chance dafür
Du hast noch Fragen? Schick uns gerne eine E-Mail an melis.oezkal@pohlnet.com
Wir haben dein Interesse geweckt? Super, dann freuen wir uns auf deine Bewerbung!","1. Jahr: 1065,00 €
2. Jahr: 1118,00 €
3. Jahr: 1196,00 €","Das bringst du mit
- Gutes Fachabitur oder Abitur
- Gute Mathe- und Informatikkenntnisse
- Begeisterung für die IT-Welt
Deine Ausbildung bei uns
- Deine Ausbildung dauert 3 Jahre, verkürzt 2 ½ Jahre
- Dein Ausbildungsort ist Köln
Deine Berufsschule
- Berufskolleg Georg-Simon-OhmDeine Aussichten bei uns: Bei guten Leistungen freuen wir uns, wenn du bei uns bleibst und Berufserfahrungen sammelst
Deine Vorteile
- Kostenübernahme für alle Lehrgänge und Prüfungsvorbereitungen im Zuge der Ausbildung
- Sonderzahlungen wie Urlaubs- und Weihnachtsgeld
- 30 Urlaubstage sowie flexible Arbeitszeiten
- Weiterbildungsmöglichkeiten wie z. B. Schulungen für Office-Produkte
- IT-Ausstattung wird gestellt
Vergütung: On top gibt’s von uns noch eine attraktive Ausbildungsvergütung:
- 1. Jahr: 1.065,00 €
- 2. Jahr: 1.118,00 €
- 3. Jahr: 1.196,00 €
Du möchtest uns kennenlernen und zeigen, was du kannst? Mit einem Praktikum bei uns hast du die Chance dafür
Du hast noch Fragen? Schick uns gerne eine E-Mail an melis.oezkal@pohlnet.com
Wir haben dein Interesse geweckt? Super, dann freuen wir uns auf deine Bewerbung!",Ausbildung | zum Fachinformatiker (m/w/d) für Anwendungsentwicklung,"POHL - THE STATEMENT OF YOUR BUILDING Exklusive Metallfassaden für außergewöhnliche Architektur.Wir sind spezialisiert auf einzigartige Metallverkleidungen und arbeiten mit renommierten Architekturbüros weltweit zusammen. Von der Entwicklung über das Design bis hin zur Fertigung – wir lassen außergewöhnliche architektonische Visionen Realität werden. So findet man unsere Arbeiten häufig an den exponierten Stellen eines Bauwerks, die ihm seinen besonderen Charakter verleihen. Diese Ausbildungsberufe bieten wir an: Industriekaufmann/-frau Metallbauer/in, Fachrichtung Konstruktionstechnik Maschinen- und Anlagenführer/in Technische/r Produktdesigner/in Die Ausbildung bei der Pohl Metal Systems GmbH Während der Ausbildung wirst du umfangreich betreut, beispielsweise durch ein persönliches Coaching und Mentoringprogramm. Zudem bieten wir diverse Events und Veranstaltung an, die das Gemeinschaftsgefühl unter allen Auszubildenden fördert. Das Angebot von Weiterbildungen während der Ausbildung ist uns besonders wichtig. Und das Beste: Die Übernahmequote ist bei uns sehr hoch. 4 Gründe für deine Ausbildung bei der Pohl Metal Systems GmbH hohe Übernahmequote Mentoringprogramm Teamevents Weiterbildungsmöglichkeiten schon während der Ausbildung Neben deinem Ausbildungsgehalt bekommst du weitere Zusatzleistungen, zum Beispiel Bonuszahlungen bei besonders guten Leistungen und erfolgreich abgeschlossenen Projekten. Neugierig geworden? Dann bewirb dich jetzt auf einen Ausbildungsplatz bei uns! BE PART OF THE FUTURE!",,https://www.pohl-facades.com/de,https://www.pohl-facades.com/de,company,melis.oezkal@pohlnet.com,https://www.ausbildung.de/direktbewerbung/ausbildung-zum-fachinformatiker-in-m-w-d-fuer-systemintegration-bei-pohl-metal-systems-gmbh-in-koeln-8e42e1c7-39eb-4e82-abbb-6485f509f76a/,https://www.ausbildung.de/direktbewerbung/ausbildung-zum-fachinformatiker-in-m-w-d-fuer-systemintegration-bei-pohl-metal-systems-gmbh-in-koeln-8e42e1c7-39eb-4e82-abbb-6485f509f76a/,https://www.ausbildung.de/direktbewerbung/ausbildung-zum-fachinformatiker-in-m-w-d-fuer-systemintegration-bei-pohl-metal-systems-gmbh-in-koeln-8e42e1c7-39eb-4e82-abbb-6485f509f76a/,externe,,,,ausbildung_de,https://www.ausbildung.de/stellen/ausbildung-zum-fachinformatiker-in-m-w-d-fuer-systemintegration-bei-pohl-metal-systems-gmbh-in-koeln-8e42e1c7-39eb-4e82-abbb-6485f509f76a/,False,,73,2026-06-11T11:22:17.130965+00:00
AD-e026a802-e6fa-44e3-9fcd-a2513b972354,ausbildung_de_ae,Brodos AG,,Baiersdorf,Erlanger Straße 9-13 91083 Baiersdorf Bayern,"Ausbildung zum Fachinformatiker (m/w/d) für Anwendungsentwicklung 2026

Das bringst Du mit:
- Schulabschluss: Erfolgreich abgeschlossene mittlere Reife oder Abitur.
- IT-Leidenschaft: Begeisterung für PCs und Netzwerke sowie Lust, mit komplexen Systemen zu arbeiten.
- Interesse an Softwareentwicklung: Du hast Interesse an Softwareentwicklung, modernen Webtechnologien und IT-Systemen.
- Analytisches Denken: Du kannst logisch und analytisch denken und gehst Probleme strukturiert an.
- Zuverlässigkeit: Ein hohes Maß an Zuverlässigkeit und Eigeninitiative ist für Dich selbstverständlich.
- Sprachkenntnisse: Gute bis sehr gute Deutsch- sowie Englischkenntnisse.
Die Berufsschule für diesen Ausbildungsberuf befindet sich in Erlangen.",,"Das bringst Du mit:
- Schulabschluss: Erfolgreich abgeschlossene mittlere Reife oder Abitur.
- IT-Leidenschaft: Begeisterung für PCs und Netzwerke sowie Lust, mit komplexen Systemen zu arbeiten.
- Interesse an Softwareentwicklung: Du hast Interesse an Softwareentwicklung, modernen Webtechnologien und IT-Systemen.
- Analytisches Denken: Du kannst logisch und analytisch denken und gehst Probleme strukturiert an.
- Zuverlässigkeit: Ein hohes Maß an Zuverlässigkeit und Eigeninitiative ist für Dich selbstverständlich.
- Sprachkenntnisse: Gute bis sehr gute Deutsch- sowie Englischkenntnisse.
Die Berufsschule für diesen Ausbildungsberuf befindet sich in Erlangen.",Ausbildung | zum Fachinformatiker (m/w/d) für Anwendungsentwicklung 2026,"MOBILFUNK: Unser Geschäft – unsere Leidenschaft! Als Telekommunikationsdienstleister sind wir einer der größten und bedeutendsten Handelspartner nationaler und internationaler Telekommunikationskonzerne. Dazu gehören unter anderem die Netzbetreiber Telekom Deutschland, Vodafone und Telefónica sowie die Hersteller Apple, Samsung, Microsoft, Sony und viele weitere. Starte Deine Zukunft mit uns! Du willst nach der Schule richtig durchstarten, suchst einen Beruf mit Perspektive und ein Team, das Dich wirklich weiterbringt? Dann bist Du bei uns genau richtig! Seit über 30 Jahren gestalten wir die Welt der Telekommunikation – mit innovativen Produkten, smarten Lösungen und jeder Menge Teamspirit. Und genau dafür suchen wir motivierte Nachwuchstalente wie Dich! Bei Brodos bekommst Du mehr als „nur“ eine Ausbildung: Du lernst von erfahrenen Kolleg*innen, wirst von Anfang an eingebunden und kannst eigene Ideen einbringen. Mit kurzen Wegen, echter Wertschätzung und einer Ausbildung, die genau zu Dir passt. Klingt gut? Dann werde Teil unseres Teams und gestalte Deine berufliche Zukunft mit uns!",,http://brodos.de,http://brodos.de,company,personal@brodos.de,https://www.ausbildung.de/direktbewerbung/ausbildung-zum-fachinformatiker-m-w-d-fuer-anwendungsentwicklung-2026-bei-brodos-ag-in-baiersdorf-c2ef57a2-3173-47ee-b723-c23c72a682e4/,https://www.ausbildung.de/direktbewerbung/ausbildung-zum-fachinformatiker-m-w-d-fuer-anwendungsentwicklung-2026-bei-brodos-ag-in-baiersdorf-c2ef57a2-3173-47ee-b723-c23c72a682e4/,https://www.ausbildung.de/direktbewerbung/ausbildung-zum-fachinformatiker-m-w-d-fuer-anwendungsentwicklung-2026-bei-brodos-ag-in-baiersdorf-c2ef57a2-3173-47ee-b723-c23c72a682e4/,externe,,,,ausbildung_de,https://www.ausbildung.de/stellen/ausbildung-zum-fachinformatiker-m-w-d-fuer-anwendungsentwicklung-2026-bei-brodos-ag-in-baiersdorf-c2ef57a2-3173-47ee-b723-c23c72a682e4/,False,,67,2026-06-11T11:22:18.809547+00:00
AD-123b2c46-58e7-47d7-9c81-3eaa9c995657,ausbildung_de_ae,GEMÜ Gebr. Müller Apparatebau GmbH & Co. KG,,Kupferzell,Gert-Müller-Platz 1 74635 Kupferzell Baden-Württemberg,"Ausbildung zum Fachinformatiker (m/w/d) für Anwendungsentwicklung 2026

Mittlere Reife","1. Jahr: 1,359 €
2. Jahr: 1,428 €
3. Jahr: 1,535 €",Mittlere Reife,Ausbildung | zum Fachinformatiker (m/w/d) für Anwendungsentwicklung 2026,"Die GEMÜ Gruppe entwickelt und fertigt Ventil-, Mess- und Regelsysteme für Flüssigkeiten, Dämpfe und Gase. Bei Lösungen für sterile Prozesse ist das Unternehmen Weltmarktführer.Das global ausgerichtete, unabhängige Familienunternehmen hat sich seit 1964 durch innovative Produkte und kundenspezifische Lösungen rund um die Steuerung von Prozessmedien in wichtigen Bereichen etabliert. 2011 hat Gert Müller in zweiter Generation das Unternehmen als Geschäftsführender Gesellschafter gemeinsam mit seinem Cousin Stephan Müller übernommen. Neben der strategischen Neuausrichtung und der Fokussierung auf die Geschäftsfelder Pharma, Food & Biotech, Industry und Semiconductor wird kontinuierlich an der Ausweitung der Fertigungstechnologie gearbeitet.Als innovatives Technologieunternehmen verfolgt GEMÜ globale Trends ebenso wie sich ändernde Marktanforderungen. Noch entscheidender ist es allerdings, Kunden aufmerksam zuzuhören. Denn einzig durch kundenorientierte Lösungen kann ein echter Mehrwert generiert werden. Dies erreicht GEMÜ mit dem richtigen Team, das hinter den Produkten und Systemlösungen steckt und mit der Investition in Zukunftsthemen, wie der Digitalisierung.Der wirtschaftliche Erfolg der GEMÜ Gruppe zeigt sich auch in einem kontinuierlichen Wachstum und Investitionen in die Zukunft des Unternehmens. So befindet sich derzeit das neue Headquarter im Gewerbepark Hohenlohe in Bau. Mit dem Neubau entsteht ein modernes Bürogebäude, das zusätzliche Synergien schafft, den Mitarbeitenden eine attraktive Arbeitsumgebung bieten wird und das sowohl dem aktuellen als auch dem zukünftigem Wachstum Rechnung trägt.Weitere Informationen findest Du unter www.gemu-group.com.",,https://www.gemu-group.com/de_DE/ausbildung-studium/deine-vorteile-bei-gemue/?ref=1034,https://www.gemu-group.com/de_DE/ausbildung-studium/deine-vorteile-bei-gemue/?ref=1034,company,ausbildung@gemue.de,https://www.ausbildung.de/direktbewerbung/ausbildung-zum-fachinformatiker-m-w-d-fuer-anwendungsentwicklung-bei-gemue-gebr-mueller-apparatebau-gmbh-co-kg-in-kupferzell-2c254317-1262-4ba9-83a5-5076660f5a3e/,https://www.ausbildung.de/direktbewerbung/ausbildung-zum-fachinformatiker-m-w-d-fuer-anwendungsentwicklung-bei-gemue-gebr-mueller-apparatebau-gmbh-co-kg-in-kupferzell-2c254317-1262-4ba9-83a5-5076660f5a3e/,https://www.ausbildung.de/direktbewerbung/ausbildung-zum-fachinformatiker-m-w-d-fuer-anwendungsentwicklung-bei-gemue-gebr-mueller-apparatebau-gmbh-co-kg-in-kupferzell-2c254317-1262-4ba9-83a5-5076660f5a3e/,externe,,,,ausbildung_de,https://www.ausbildung.de/stellen/ausbildung-zum-fachinformatiker-m-w-d-fuer-anwendungsentwicklung-bei-gemue-gebr-mueller-apparatebau-gmbh-co-kg-in-kupferzell-2c254317-1262-4ba9-83a5-5076660f5a3e/,False,,73,2026-06-11T11:22:20.569752+00:00
AD-4f33e3c4-2ead-4d06-a89b-dc171758a823,ausbildung_de_ae,Endress+Hauser,,Maulburg,"Hauptstraße, 1 79689 Maulburg Baden-Württemberg","Ausbildung zum Fachinformatiker für Anwendungsentwicklung ab 2027 (w/m/d)

Mittlere Reife","1. Jahr: 1273 €
2. Jahr: 1358 €
3. Jahr: 1443 €",Mittlere Reife,Ausbildung | zum Fachinformatiker für Anwendungsentwicklung ab 2027 (w/m/d),"Beschreibung des Unternehmens Wenn du dir die Zähne putzt, ein Glas Wasser trinkst, ein Magazin liest, eine Tablette nimmst oder im Flugzeug sitzt – stets ist im Hintergrund die Messtechnik von Endress+Hauser im Einsatz. Sie sorgt dafür, dass alles so funktioniert, wie du es erwartest. Deshalb sind unsere Produkte aus dem täglichen Leben nicht mehr wegzudenken. Wo Produkte gefertigt und Stoffe verarbeitet werden, ist Verfahrenstechnik im Spiel. Um Produktionsprozesse sicher zu beherrschen und Anlagen wirtschaftlich zu betreiben, muss man die Schlüsselgrößen kennen. Wie viel Flüssigkeit fließt durchs Rohr? Wie groß ist der Druck im Kessel? Wie hoch ist die Temperatur im Schmelzofen? Nur wer richtig misst, kann richtig steuern. Innovative Geräte von Endress+Hauser messen und überwachen Durchfluss, Füllstand, Druck und Temperatur, analysieren Flüssigkeiten und Gase, visualisieren und registrieren Messwerte. Heute sind wir ein führender Anbieter von Messgeräten, Dienstleistungen und Lösungen für industrielle Verfahrenstechnik und garantieren so zuverlässige, sichere, wirtschaftliche und umweltfreundliche Prozesse – weltweit. Was macht die Ausbildung bei Endress+Hauser so besonders? Wir bieten allerhand Highlights in der Ausbildung. Es beginnt gleich in den ersten Tagen mit einer Einführungswoche, in der wir dir die Möglichkeit geben möchten, sowohl das Unternehmen und das Betriebsgelände sowie deine Mitauszubildenden kennenzulernen. Im zweiten Ausbildungsjahr findet ein Azubiausflug statt, bei dem wir gemeinsam zu anderen Standorten von Endress+Hauser fahren, diese besichtigen und auch ein spannendes Freizeitprogramm organisieren. Du kannst außerdem immer wieder an Azubiprojekten und Wettbewerben teilnehmen, ebenso gehört das jährliche Sommerfest zum festen Bestandteil unserer Ausbildung. Neben deinem Ausbildungsgehalt erhältst du zusätzlich Urlaubs- und Weihnachtsgeld sowie einen monatlichen Fahrtkostenzuschuss.",,http://www.endress.com/karriere,http://www.endress.com/karriere,company,,https://careers.endress.com/job-invite/41175/,https://careers.endress.com/job-invite/41175/,https://careers.endress.com/job-invite/41175/,externe,,"Um dich zu bewerben bitten wir dich, deine Unterlagen (Anschreiben, Lebenslauf, Zeugnisse) auf unserer Karriereseite hochzuladen. Wenn du Fragen hast, wende dich bitte an Nicola Roman Eiche. Bewerbungen, die uns per E-Mail oder per Post erreichen, können aus Datenschutzgründen leider nicht berücksichtigt werden.",,ausbildung_de,https://www.ausbildung.de/stellen/ausbildung-zum-industriemechaniker-ab-2026-w-m-d-bei-endress-hauser-in-maulburg-c3a221e2-4412-4a34-ae41-bd0fad4bffe2/,False,,73,2026-06-11T11:22:22.276516+00:00
AD-4e38392b-f324-48b6-92de-e95f9c72c7d1,ausbildung_de_ae,SMS Group GmbH,,Hilchenbach,57271 Hilchenbach Nordrhein-Westfalen,"Ausbildung zum/zur Fachinformatiker/-in FR: Anwendungsentwicklung 2027 (m/w/d)

Mittlere Reife

Wir bieten Ihnen eine vielseitige Ausbildung • Die Berufe sind gefragt • Sie entwickeln Fähigkeiten anhand praxisnaher Aufgaben • Studienfahrten, Exkursionen und Seminare ergänzen das Gelernte • Häufig erreichen unsere Absolventinnen und Absolventen überdurchschnittliche Abschlüsse • Besonders qualifizierten Bewerberinnen und Bewerbern bieten wir die zusätzliche Möglichkeit des Studiums zum Bachelor Wirtschaftsinformatik • Wir begrüßen ausdrücklich Bewerbungen von schwerbehinderten Menschen.
ZUSAMMENKOMMEN
Wollen Sie diese Chance wahrnehmen? Dann freuen wir uns auf Ihre Online-Bewerbung. Anja de Koster erteilt gerne weitere Auskünfte.
SMS group GmbH
Professional Training Product Designer ＆ Commercial
Ludger Thomas
Tel: +49 (0) 2161 3502171
Bewerbungsschluss:",,Mittlere Reife,Ausbildung | zum/zur Fachinformatiker/-in FR: Anwendungsentwicklung 2027 (m/w/d),"SMS group GmbH ist ein international tätiges Unternehmen des Anlagen- und Maschinenbaus für die Verarbeitung von Stahl und NE-Metallen. Wir gehören zur SMS group, die mit rund 14.400 Mitarbeiterinnen und Mitarbeitern weltweit einen Umsatz von über 3,4 Mrd. EUR erwirtschaftet.","Wir bieten Ihnen eine vielseitige Ausbildung • Die Berufe sind gefragt • Sie entwickeln Fähigkeiten anhand praxisnaher Aufgaben • Studienfahrten, Exkursionen und Seminare ergänzen das Gelernte • Häufig erreichen unsere Absolventinnen und Absolventen überdurchschnittliche Abschlüsse • Besonders qualifizierten Bewerberinnen und Bewerbern bieten wir die zusätzliche Möglichkeit des Studiums zum Bachelor Wirtschaftsinformatik • Wir begrüßen ausdrücklich Bewerbungen von schwerbehinderten Menschen.
ZUSAMMENKOMMEN
Wollen Sie diese Chance wahrnehmen? Dann freuen wir uns auf Ihre Online-Bewerbung. Anja de Koster erteilt gerne weitere Auskünfte.
SMS group GmbH
Professional Training Product Designer ＆ Commercial
Ludger Thomas
Tel: +49 (0) 2161 3502171
Bewerbungsschluss:",http://www.sms-group.com,http://www.sms-group.com,company,ludger.thomas@sms-group.com,https://career.sms-group.com/de/p/ausbildung/jobs/44748/apply,https://career.sms-group.com/de/p/ausbildung/jobs/44748/apply,https://career.sms-group.com/de/p/ausbildung/jobs/44748/apply,externe,,,,ausbildung_de,https://www.ausbildung.de/stellen/ausbildung-zum-zur-fachinformatiker-in-fr-anwendungsentwicklung-2027-m-w-d-bei-sms-group-gmbh-in-hilchenbach-22044a93-2321-420c-ace7-c61da3cbf82b/,False,,73,2026-06-11T11:22:24.057361+00:00
AD-4101ccf6-7693-4515-a70e-04e37deda862,ausbildung_de_ae,RAFI GmbH & Co. KG,,Ravensburg,Ravensburg Baden-Württemberg,"Ausbildung zum/zur Fachinformatiker/in für Anwendungsentwicklung

Mittlere Reife",,Mittlere Reife,Ausbildung | zum/zur Fachinformatiker/in für Anwendungsentwicklung,"Du interessierst Dich für eine Berufsausbildung oder ein Studium? Dann bist Du bei uns genau richtig. Doch zuerst: Wer ist RAFI? Wir sind Hersteller von elektromechanischen Bauelementen, Bediensystemen und Elektronik und hauptsächlich in der Mensch-Maschine-Kommunikation tätig. Mit über 2400 Mitarbeitern in der RAFI-Gruppe und davon ca. 1000 im Hauptsitz in Berg sind wir einer der größten Arbeitgeber im Raum Ravensburg. Zusätzlich haben wir Niederlassungen in Deutschland, Italien, China, Ungarn und den USA. Und was macht uns so besonders? Wir sind international schwäbisch. Das bedeutet, dass wir international denken und agieren, unser Betriebsklima und Miteinander aber familiär und mittelständisch geprägt sind. Aus diesem Grund haben wir uns auch entschieden, als Anrede hier das familiäre „Du“ zu verwenden, weil das einfach besser zu uns passt. Doch nun zur Hauptsache: RAFI bietet Dir eine interessante, abwechslungsreiche, zukunfts- und teamorientierte Ausbildung. Die Betreuung erfolgt durch unsere erfahrenen und kompetenten Ausbilder. Überdurchschnittliche Sozialleistungen und ein modernes Arbeitsumfeld mit flexiblen Arbeitszeiten sind selbstverständlich. Und darüber hinaus? Wir bieten Dir Auslandspraktika, gemeinsame Freizeitaktivitäten, Betriebssport, Grillfeste und Ausflüge. Und was für Dich auch interessant sein dürfte: Bei uns gibt es Projekte, in denen die Azubis und Studenten ein Produkt im Team eigenverantwortlich betreuen. Von der Konzeption über die Produktion bis hin zur Vermarktung. Kurz und gut: Bei uns erhältst Du eine gute Ausbildung, die auch noch Spaß macht. Haben wir Dein Interesse geweckt? Dann musst Du Dich jetzt nur noch bewerben....",,https://www.rafi-group.com/ausbildung-studium/,https://www.rafi-group.com/ausbildung-studium/,company,jana.brielmayer@rafi-group.com,https://www.ausbildung.de/direktbewerbung/ausbildung-zum-zur-fachinformatiker-in-fuer-anwendungsentwicklung-bei-rafi-gmbh-co-kg-in-ravensburg-62f2c7ec-4a77-49f0-a688-5ab38450d053/,https://www.ausbildung.de/direktbewerbung/ausbildung-zum-zur-fachinformatiker-in-fuer-anwendungsentwicklung-bei-rafi-gmbh-co-kg-in-ravensburg-62f2c7ec-4a77-49f0-a688-5ab38450d053/,https://www.ausbildung.de/direktbewerbung/ausbildung-zum-zur-fachinformatiker-in-fuer-anwendungsentwicklung-bei-rafi-gmbh-co-kg-in-ravensburg-62f2c7ec-4a77-49f0-a688-5ab38450d053/,externe,"Deine Ansprechpartnerin
Jana Brielmayer
jana.brielmayer@rafi-group.com","- Lebenslauf
- relevante Zeugnisse
- sonstige aussagekräftige Dokumente",,ausbildung_de,https://www.ausbildung.de/stellen/ausbildung-zum-zur-fachinformatiker-in-fuer-anwendungsentwicklung-bei-rafi-gmbh-co-kg-in-ravensburg-62f2c7ec-4a77-49f0-a688-5ab38450d053/,False,,80,2026-06-11T11:22:25.792325+00:00
AD-c2fbfe7f-1a05-4121-9aca-70a75259dfe8,ausbildung_de_ae,Bundeskriminalamt,,Berlin,Am Treptower Park 11 12435 Berlin Berlin,"Auszubildende Fachinformatikerin/Fachinformatiker (w/m/d) für Anwendungsentwicklung im BKA Berlin

Deine Aufgaben
- Planung und Entwicklung von Softwarelösungen
- Entwicklung von IT-Produkten und Erarbeitung von technischen Lösungen
- Erstellung kundenspezifischer Anwendungen
- Durchführung von Qualitätssicherungsmaßnahmen bei internen Projekten
- Erstellung/Anpassung von Dokumentationen
- Aufbau und Umsetzung von IT Systemen
Unsere Erwartungen (zwingend erforderlich)
- Mindestens mittlerer Schulabschluss (Mittlere Reife, Fachoberschulreife) oder einen gleichwertig anerkannten Schulabschluss bis zum Einstellungstermin.

Mittlere Reife

Das bieten wir – Benefits für Mitarbeitende
- Ein gutes Gefühl: sinnstiftender Job in einer oberen Bundesbehörde mit spannenden, vielseitigen und herausfordernden Aufgaben
- Work-Life-Balance: 30 Tage Urlaub, Überstundenausgleich, 24. und 31.12. arbeitsfrei, flexible Arbeitszeitgestaltung, die Möglichkeit zur Teilzeit im Rahmen der praktischen Ausbildungsphasen und die Möglichkeit zum mobilen Arbeiten
- Teamkultur: Offene Kommunikation, Arbeiten in interdisziplinären Teams, in denen Zusammenarbeit, Kreativität und gegenseitige Unterstützung im Fokus stehen
- Vergütung: Eine attraktive Ausbildungsvergütung nach dem TVAöD (Tarifvertrag für Auszubildende des öffentlichen Dienstes), derzeit 1.368,26 € Brutto im ersten Ausbildungsjahr
- Eine Abschlussprämie in Höhe von 400 € bei erfolgreichem Bestehen der Abschlussprüfung (gemäß TVAöD Besonderer Teil BBiG)
- Jobticket und kostenfreie Parkplätze während der Arbeitszeit
- Deine Übernahme wird nach erfolgreich abgeschlossener Ausbildung unter der Maßgabe fachlicher und persönlicher Eignung in Entgeltgruppe 9b TVEntgO Bund angestrebt
Bewerbung und Auswahlverfahren
Wir suchen Dich, bis die zur Verfügung stehenden Ausbildungsplätze besetzt sind. Deine Chance auf eine erfolgreiche Bewerbung ist am größten, wenn Du Deine Bewerbung so früh wie möglich online erfasst. Das Stellenangebot ist beendet, sobald die zur Verfügung stehenden Ausbildungsplätze besetzt sind.
Wir freuen uns auf Dein Online-Bewerbung
unter https://bewerbung.bka.de/job-offer/view/872 (Kennziffer A-2025-4).
Sollten Du wegen einer Schwerbehinderung diese Möglichkeit nicht nutzen können, sende uns Deine Bewerbung einfach an:
Bundeskriminalamt
ZV 23 - Azubigewinnung Postfach 44 06 60
65173 Wiesbaden
Das Auswahlverfahren besteht aus einem computergestützten Psychodiagnostischen Test sowie einem strukturierten Interview.","1.368,26 €, 400 €",Mittlere Reife,Ausbildung | Auszubildende Fachinformatikerin/Fachinformatiker (w/m/d) für Anwendungsentwicklung im BKA Berlin,"Das BKA ist wichtiger Baustein in der deutschen Sicherheitsarchitektur. In neun Abteilungen arbeiten über 5.500 Mitarbeiterinnen und Mitarbeiter, um den gesetzlichen Auftrag des BKA zu erfüllen.","Das bieten wir – Benefits für Mitarbeitende
- Ein gutes Gefühl: sinnstiftender Job in einer oberen Bundesbehörde mit spannenden, vielseitigen und herausfordernden Aufgaben
- Work-Life-Balance: 30 Tage Urlaub, Überstundenausgleich, 24. und 31.12. arbeitsfrei, flexible Arbeitszeitgestaltung, die Möglichkeit zur Teilzeit im Rahmen der praktischen Ausbildungsphasen und die Möglichkeit zum mobilen Arbeiten
- Teamkultur: Offene Kommunikation, Arbeiten in interdisziplinären Teams, in denen Zusammenarbeit, Kreativität und gegenseitige Unterstützung im Fokus stehen
- Vergütung: Eine attraktive Ausbildungsvergütung nach dem TVAöD (Tarifvertrag für Auszubildende des öffentlichen Dienstes), derzeit 1.368,26 € Brutto im ersten Ausbildungsjahr
- Eine Abschlussprämie in Höhe von 400 € bei erfolgreichem Bestehen der Abschlussprüfung (gemäß TVAöD Besonderer Teil BBiG)
- Jobticket und kostenfreie Parkplätze während der Arbeitszeit
- Deine Übernahme wird nach erfolgreich abgeschlossener Ausbildung unter der Maßgabe fachlicher und persönlicher Eignung in Entgeltgruppe 9b TVEntgO Bund angestrebt
Bewerbung und Auswahlverfahren
Wir suchen Dich, bis die zur Verfügung stehenden Ausbildungsplätze besetzt sind. Deine Chance auf eine erfolgreiche Bewerbung ist am größten, wenn Du Deine Bewerbung so früh wie möglich online erfasst. Das Stellenangebot ist beendet, sobald die zur Verfügung stehenden Ausbildungsplätze besetzt sind.
Wir freuen uns auf Dein Online-Bewerbung
unter https://bewerbung.bka.de/job-offer/view/872 (Kennziffer A-2025-4).
Sollten Du wegen einer Schwerbehinderung diese Möglichkeit nicht nutzen können, sende uns Deine Bewerbung einfach an:
Bundeskriminalamt
ZV 23 - Azubigewinnung Postfach 44 06 60
65173 Wiesbaden
Das Auswahlverfahren besteht aus einem computergestützten Psychodiagnostischen Test sowie einem strukturierten Interview.",https://www.bka.de/,https://www.bka.de/,company,bewerbung@bka.bund.de,https://bewerbung.bka.de/job-offer/view/872,https://bewerbung.bka.de/job-offer/view/872,https://bewerbung.bka.de/job-offer/view/872,externe,,"In Mathematik Note 3 und im Schulzeugnis im Durchschnitt ebenfalls mindestens Note 3 (Dies gilt nicht für schwerbehinderte und diesen gleichgestellten Menschen)
- Zertifikat Deutsch C 1 nach europäischem Referenzrahmen für Bewerbende, deren Muttersprache nicht die deutsche Sprache ist.
On Top
- Du hast Interesse an der IT und am Ausbildungsberuf
- Du hast großes Interesse an Computertechnik, Softwareentwicklung und mathematisch-technischen Aufgaben
- Du verfügst über Grundkenntnisse in Englisch
- Eine gute Zusammenarbeit und teamorientiertes Handeln sind für Dich selbstverständlich
- Du verfügst über gute kognitive und organisatorische Fähigkeiten
Alle Informationen zu wichtigen Bewerbungsunterlagen, Details zu den spezifischen Auswahlverfahren und wie Du dich vorbereiten kannst, findest Du auf unserer Infoseite zum Bewerbungsprozess beim BKA.
Wissenswertes
- Das Einverständnis zur Durchführung einer erweiterten Sicherheitsüberprüfung nach § 9 SÜG (Sicherheitsüberprüfungsgesetz) ist Voraussetzung für eine Bewerbung. Diese Sicherheitsüberprüfung darf nicht zum Ergebnis haben, dass ein Sicherheitsrisiko vorliegt, das der sicherheitsempfindlichen Tätigkeit entgegensteht (§ 14 SÜG).
- Das Bundeskriminalamt fördert die Gleichstellung von Frauen und Männern und ist deshalb besonders an Bewerbungen von Frauen interessiert, um deren Anteil in Bereichen, in denen sie noch gering vertreten sind, zu steigern. Bei gleicher Qualifikation werden Bewerberinnen in diesen Bereichen bevorzugt berücksichtigt.
- Für uns zählt das Können, nicht die sexuelle Orientierung oder Identität, das Alter, die Religion, die Nationalität oder die Herkunft. Wir begrüßen daher Bewerbungen aller Menschen.
- Wir fördern die gleichberechtigte Teilhabe von Menschen mit Behinderung im Arbeitsleben. Bei formeller Eignung werden schwerbehinderte und ihnen gleichgestellte Menschen zu Auswahlverfahren zugelassen und bei gleicher Eignung bevorzugt berücksichtigt. Es wird nur das Mindestmaß an körperlicher Eignung verlangt.
Über uns
Wir als Zentralstelle der deutschen Polizei tragen zusammen mit den Sicherheitsbehörden des Bundes und der Länder aktiv zur inneren Sicherheit Deutschlands bei. Wir führen Ermittlungsverfahren, schützen die Mitglieder der Verfassungsorgane des Bundes, arbeiten national und international eng mit anderen Sicherheitsbehörden zusammen, analysieren, forschen und entwickeln neue Techniken und Methoden zur Kriminalitätsbekämpfung im 21. Jahrhundert – und das in einem Team mit über 70 verschiedenen Berufsgruppen.
Kontakt
ZV 23 – Nachwuchsgewinnung Frau Andrea Streck
Telefon: +49 (0) 611 5516277
E-Mail: bewerbung@bka.bund.de"">bewerbung@bka.bund.de",,ausbildung_de,https://www.ausbildung.de/stellen/auszubildende-fachinformatikerin-fachinformatiker-w-m-d-fuer-anwendungsentwicklung-im-bka-berlin-bei-bundeskriminalamt-in-berlin-d8803999-2dce-468d-bdb3-e769b257e036/,False,,87,2026-06-11T11:22:27.317835+00:00
AD-e4a4d390-c9ec-45ea-84fa-59ad050eca51,ausbildung_de_ae,Uzin Utz SE,,Ulm,Dieselstraße 3 89079 Ulm Baden-Württemberg,"AUSZUBILDENDEN ZUM FACHINFORMATIKER (M/W/D) FACHRICHTUNG ANWENDUNGSENTWICKLUNG

Das bringst Du mit:
- Du hast oder strebst einen erfolgreichen Abschluss der Mittleren Reife an und hast Interesse an technischen oder IT-nahen Fragestellungen.
- Du hast eine schnelle Auffassungsgabe, bist ein Organisationstalent und zeigst Eigeninitiative.
- Du arbeitest gern im Team.
Deine Chance:","1. Jahr: 1186 €
2. Jahr: 1260 €
3. Jahr: 1326 €","Das bringst Du mit:
- Du hast oder strebst einen erfolgreichen Abschluss der Mittleren Reife an und hast Interesse an technischen oder IT-nahen Fragestellungen.
- Du hast eine schnelle Auffassungsgabe, bist ein Organisationstalent und zeigst Eigeninitiative.
- Du arbeitest gern im Team.
Deine Chance:",Ausbildung | AUSZUBILDENDEN ZUM FACHINFORMATIKER (M/W/D) FACHRICHTUNG ANWENDUNGSENTWICKLUNG,Uzin Utz ist als Familienunternehmen mit rund 1.500 Mitarbeitern ein weltweit agierender Komplettanbieter für Bodensysteme. An unserem Hauptsitz in Ulm entwickeln und produzieren wir Flüssig- und Pulverprodukte für die Bodenbearbeitung. Als Arbeitgeber legen wir auf die persönliche und fachliche Entwicklung mindestens so viel Wert wie auf das profitable Wachstum der Unternehmensgruppe.,,https://de.uzin-utz.com/,https://de.uzin-utz.com/,company,karriere@uzin-utz.com,https://www.ausbildung.de/direktbewerbung/auszubildenden-zum-fachinformatiker-m-w-d-fachrichtung-anwendungsentwicklung-bei-uzin-utz-se-in-ulm-4eaa0994-7020-454d-87cb-571f40f711ad/,https://www.ausbildung.de/direktbewerbung/auszubildenden-zum-fachinformatiker-m-w-d-fachrichtung-anwendungsentwicklung-bei-uzin-utz-se-in-ulm-4eaa0994-7020-454d-87cb-571f40f711ad/,https://www.ausbildung.de/direktbewerbung/auszubildenden-zum-fachinformatiker-m-w-d-fachrichtung-anwendungsentwicklung-bei-uzin-utz-se-in-ulm-4eaa0994-7020-454d-87cb-571f40f711ad/,externe,Dein Ansprechpartner für diese Stelle ist Max Dombrowski.,"Wenn du wie wir leidenschaftlich, wertschätzend und bodenständig bist, freuen wir uns sehr auf deine Bewerbung. Deine vollständigen Bewerbungsunterlagen sendest du uns bitte über „Jetzt bewerben“ auf unserer Karrierehomepage oder über karriere@uzin-utz.com zu.",,ausbildung_de,https://www.ausbildung.de/stellen/auszubildenden-zum-fachinformatiker-m-w-d-fachrichtung-anwendungsentwicklung-bei-uzin-utz-se-in-ulm-4eaa0994-7020-454d-87cb-571f40f711ad/,False,,87,2026-06-11T11:22:29.610097+00:00
AD-bf3e824f-3e81-4cbb-b8e3-9cc1665a9583,ausbildung_de_ae,AOK Systems GmbH,,Frankfurt am Main,Breitlacher Straße 90 60489 Frankfurt am Main Hessen,"Auszubildender Fachinformatiker (m/w/d) für Anwendungsentwicklung - Frankfurt

Deine Aufgaben
In der dreijährigen Ausbildung lernst Du den gesamten Software­ent­wick­lungs­prozess von Anforde­rungs­aufnahme bis zu Test und Auslie­ferung kennen. Du unterstützt unsere Entwickler:innen aktiv dabei, bestehende Software weiter­zu­ent­wickeln oder neue Software zu kreieren. Hierbei wirst Du verschiedene Abteilungen, agile Entwick­lerteams, Projekte und natürlich Program­mier­sprachen kennen­lernen und kannst Dich im gesamten Unternehmen vernetzen. Konkrete Einsatz­gebiete und Aufgaben sind:
- Aufnahme und Analyse von Anforderungen an Softwareprodukte
- Entwurf von Konzepten und Architektur
- Kennenlernen von verschiedenen Programmiersprachen, insbesondere Java sowie ABAP im SAP-Umfeld
- (Weiter-)Entwicklung von Software
- Dokumentation, Test, Support und Auslieferung

Dein Profil
- Du hast einen guten Realschulabschluss oder (Fach-)Abitur
- Du begeisterst Dich für mathematisch-logisches Denken und die IT
- Du hast Spaß an der Programmierung und bringst hier erste Grundkenntnisse mit aus Schule, privaten Projekten oder ähnlichem
- Du arbeitest gerne im Team und brennst darauf, Neues zu lernen
- Du hast ein logisches und systematisches Denken und möchtest dieses im Rahmen von Projektarbeiten einsetzen
- Verhandlungssichere Deutschkenntnisse

Das bieten wir Dir
- Bei uns erwartet Dich ein attraktives, kooperatives und flexibles Arbeitsumfeld mit abwechslungsreichen Aufgaben und einem guten Betriebsklima
- 30 Tage Urlaub, zusätzliche freie Tage an Heiligabend und Silvester sowie Freistellung vor der Abschlussprüfung gehören genauso wie eine attraktive Ausbildungsvergütung für uns dazu
- Durch frühe Einbindung und ausbildungsbegleitende Projekte arbeitest Du aktiv und mit eigener Verantwortung mit
- Regelmäßige Entwicklungsgespräche zur Reflexion Deiner Ausbildung
- Einen modernen Arbeitsplatz (u.a. ein Notebook und weitere Arbeitsplatzausstattung) und modernste Software
- Kostenübernahme der Vorbereitungskurse für Deine Abschlussprüfung
- Bei Interesse, Einsatz im letzten Ausbildungsjahr an einem unserer weiteren Standorte, z.B. in Frankfurt oder Hamburg
- Sehr gute Übernahmechancen nach abgeschlossener Ausbildung
- Eine Prämie für besonders gute Leistungen nach Abschluss der Ausbildung
- Uns liegt das Wohl unserer Mitarbeiter sehr am Herzen, weshalb wir neben flexiblen Arbeitszeiten auch Sport- und Gesundheitsangebote anbieten sowie kostenlose Getränke und subventioniertes Mittagessen","1. Jahr: 1,208 €
2. Jahr: 1,328 €
3. Jahr: 1,449 €","Dein Profil
- Du hast einen guten Realschulabschluss oder (Fach-)Abitur
- Du begeisterst Dich für mathematisch-logisches Denken und die IT
- Du hast Spaß an der Programmierung und bringst hier erste Grundkenntnisse mit aus Schule, privaten Projekten oder ähnlichem
- Du arbeitest gerne im Team und brennst darauf, Neues zu lernen
- Du hast ein logisches und systematisches Denken und möchtest dieses im Rahmen von Projektarbeiten einsetzen
- Verhandlungssichere Deutschkenntnisse",Ausbildung | Auszubildender Fachinformatiker (m/w/d) für Anwendungsentwicklung - Frankfurt,"Die AOK Systems entwickelt eine standardisierte Branchensoftware für die Welt der Gesetzlichen Krankenkassen. Vielleicht bist Du bei der AOK versichert, der Barmer oder der Mobil Krankenkasse? Dann benutzt Dein:e Ansprechpartner:in unsere Software - und Du vielleicht auch im Rahmen von Online-Geschäftsstellen oder Apps. Wir sind Marktführer und wollen weiter wachsen - und dafür brauchen wir Dich! Gemeinsam machen wir die GKV stark und digitalisieren die Gesundheitsbranche.Wir bieten Ausbildungen zum Fachinformatiker (m/w/d) für Anwendungsentwicklung und Systemintegration an sowie ein Duales Studium in Software Engineering an unserem Bonner Standort. Wir freuen uns darauf, Dich vielleicht bald bei uns begrüßen zu dürfen!","Das bieten wir Dir
- Bei uns erwartet Dich ein attraktives, kooperatives und flexibles Arbeitsumfeld mit abwechslungsreichen Aufgaben und einem guten Betriebsklima
- 30 Tage Urlaub, zusätzliche freie Tage an Heiligabend und Silvester sowie Freistellung vor der Abschlussprüfung gehören genauso wie eine attraktive Ausbildungsvergütung für uns dazu
- Durch frühe Einbindung und ausbildungsbegleitende Projekte arbeitest Du aktiv und mit eigener Verantwortung mit
- Regelmäßige Entwicklungsgespräche zur Reflexion Deiner Ausbildung
- Einen modernen Arbeitsplatz (u.a. ein Notebook und weitere Arbeitsplatzausstattung) und modernste Software
- Kostenübernahme der Vorbereitungskurse für Deine Abschlussprüfung
- Bei Interesse, Einsatz im letzten Ausbildungsjahr an einem unserer weiteren Standorte, z.B. in Frankfurt oder Hamburg
- Sehr gute Übernahmechancen nach abgeschlossener Ausbildung
- Eine Prämie für besonders gute Leistungen nach Abschluss der Ausbildung
- Uns liegt das Wohl unserer Mitarbeiter sehr am Herzen, weshalb wir neben flexiblen Arbeitszeiten auch Sport- und Gesundheitsangebote anbieten sowie kostenlose Getränke und subventioniertes Mittagessen",https://www.aok-systems.de/karriere/wir-als-arbeitgeber.html,https://www.aok-systems.de/karriere/wir-als-arbeitgeber.html,company,bewerbung@sys.aok.de,https://karriere.aok-systems.de/de/jobs/385/auszubildender-fachinformatiker-mwd-anwendungsentwicklung,https://karriere.aok-systems.de/de/jobs/385/auszubildender-fachinformatiker-mwd-anwendungsentwicklung,https://karriere.aok-systems.de/de/jobs/385/auszubildender-fachinformatiker-mwd-anwendungsentwicklung,externe,,"Du hast Interesse? Dann bewirb Dich online über den ""Jetzt bewerben""-Button mit Deinem Lebenslauf und Deinen letzten (Berufs-) Schulzeug­nissen!
Deine Ansprech­partnerin ist Michelle Stattmüller.",,ausbildung_de,https://www.ausbildung.de/stellen/auszubildender-fachinformatiker-m-w-d-fuer-anwendungsentwicklung-bei-aok-systems-gmbh-in-frankfurt-am-main-44667ed5-3ca7-478a-8954-d96484524d5d/,False,,87,2026-06-11T11:22:31.357498+00:00
AD-0834c17b-8e9e-4038-a73b-ad0e85173701,ausbildung_de_ae,Südwestrundfunk Anstalt des öffentlichen Rechts,,Mainz,Mainz Rheinland-Pfalz,"Bachelorstudium ""Digital Media"" mit integrierter Berufsausbildung als Fachinformatiker / Fachinformatikerin Anwendungsentwicklung (w/m/d)

📣 DAS ERWARTET DICH IN DER PRAXISZEIT BEIM SWR
- Umfassende Einblicke in die Arbeit und Abläufe des Medienhauses SWR
- Schwerpunktmäßige Arbeit in den IT-Bereichen des Hauses
- Einblicke in die Front- und Backend-Entwicklung unserer Online-Produkte und Begleitung der Live-Gänge
- Eigenständige Umsetzung eigener, kleiner Projekte mit Unterstützung unserer erfahrenen Expert*innen aus allen Bereichen
- Vertiefung deines erlernten Wissens in der Praxis unseres Unternehmens, interessante Einblicke in verschiedene Bereiche des Hauses und selbstständige Bearbeitung eigener Aufgaben
✔️ DAS BRINGST DU SCHON MIT
Für die Ausbildungsvariante
- Eine gute bis sehr gute Fachhochschulreife mit Studierfähigkeitsbescheinigung, die fachgebundene oder allgemeine Hochschulreife, jeweils mit Schwerpunkten in den technischen und naturwissenschaftlichen Fächern
- IT-Grundkenntnisse
- Erste Programmierkenntnisse sind von VorteilFür die berufsintegrierende Variante
- Eine erfolgreich abgeschlossene Ausbildung als Fachinformatiker*in in der Fachrichtung Anwendungsentwicklung oder eine vergleichbare Ausbildung
- Erste Erfahrung mit aktuellen Entwicklungsmethoden und Vorgehenskonzepten, Vorkenntnisse im Bereich Content-Management-Systeme sowie in der App-Entwicklung für Mobilgeräte sind von Vorteil
- Gute Kenntnisse in Java, JavaScript, HTML und CSSDarüber hinaus
- Kommunikationsfähigkeit und gutes Ausdrucksvermögen
- Eigeninitiative und hohe Lernbereitschaft
- Sehr gute analytische und kreative Fähigkeiten verbunden mit hohem Engagement und einer strukturierten Arbeitsweise
🎉 DEINE BENEFITS
Neben einem umfassenden dualen Ausbildungssystem in einem multimedialen Unternehmen profitierst du bei uns von zahlreichen Benefits:
Vergütung während deines dualen Studiums: Während deines dualen Studiums erhältst du im ersten Jahr eine monatliche Vergütung in Höhe von 1.403 €. Im zweiten Jahr steigt der Betrag auf 1.513 €. Im dritten und vierten Studienjahr erhältst du 1.625 € von uns.
Onboarding: „Herzlich willkommen“ nehmen wir wörtlich. Um deinen Einstieg beim SWR so angenehm wie möglich zu gestalten, laden wir dich auf eine mehrtägige Onboarding-Veranstaltung ein. Dort lernst du das notwendige Handwerkszeug für deinen optimalen Einstieg und hast die Möglichkeit, erste Kontakte beim SWR zu knüpfen und alles über den SWR als Arbeitgeber zu erfahren. Unser Paten- und Mentoren-Programm ermöglicht dir eine bestmögliche Unterstützung während deiner gesamten Ausbildungszeit.
Urlaub und Arbeitszeit: Im SWR arbeiten wir 39 Stunden in der Woche - mit der Möglichkeit von Gleitzeit. Dafür bekommst du 31 Tage Urlaub im Jahr. Für deine DHBW-Prüfungen erhältst du zudem noch extra Prüfungsfreistellungstage. Und an Projektarbeiten und deiner Bachelorarbeit kannst du in Absprache mit deiner*m Betreuer*in auch im Homeoffice schreiben - so klappt es bestens mit der Konzentration!
Vergünstigtes Jobticket: Als öffentlich-rechtliche Rundfunkanstalt tragen wir eine besondere Verantwortung – auch in Bezug auf unsere Umwelt. Deshalb bieten wir dir attraktive Mobilitätsmaßnahmen an. Dazu zählt beispielsweise ein vergünstigtes Jobticket für die Nutzung öffentlicher Verkehrsmittel an den drei Hauptstandorten Baden-Baden, Mainz und Stuttgart.
Vergünstigungen in der Kantine: Da wir wissen, dass besonders in den heutigen Zeiten das Geld oft knapp ist, bieten wir unseren jungen Lernenden faire Rabatte in unseren Kantinen an den Hauptstandorten Baden-Baden, Mainz und Stuttgart an.
Fort- und Weiterbildungen: Theorie- und Praxisphasen erfolgen in einem dreimonatigen Wechsel. Während deiner Praxisphase bei uns kannst du an verschiedenen Workshops und Seminaren teilnehmen.
Weiterbeschäftigungsgarantie: Das Beste kommt zum Schluss: Nach erfolgreich absolviertem Studium gibt es - gemäß der Regelung im Tarifvertrag für Auszubildende - eine Weiterbeschäftigungsgarantie von 12 Monaten, in denen du dich weiter spezialisieren kannst.
Vielfalt im SWR
Der SWR verfolgt das Ziel der beruflichen Chancengleichheit von Frauen und Männern und fordert daher Frauen auf, sich zu bewerben.
Wir sind Unterzeichner der „Charta der Vielfalt“ und fördern die Vielfalt in unserer Belegschaft. Deine Bewerbung ist bei uns willkommen, unabhängig von Geschlecht, kultureller oder sozialer Herkunft, Religion, Weltanschauung, Alter, sexueller Orientierung oder einer Behinderung.

Fachabitur","1. Jahr: 1403 €
2. Jahr: 1513 €
3. Jahr: 1625 €
4. Jahr: 1625 €",Fachabitur,"Ausbildung | Bachelorstudium ""Digital Media"" mit integrierter Berufsausbildung als Fachinformatiker / Fachinformatikerin Anwendungsentwicklung (w/m/d)","Wir haben eine Herausforderung – unsere Zukunft! Wir als SWR bieten Orientierung, Heimat und Geborgenheit für die Menschen im Südwesten. Mit unseren Angeboten in Radio, TV und Web stehen wir für verlässliche Information, lebendige Kultur, Spaß und beste Unterhaltung und zeigen das Leben im Südwesten. Als Mitglied der ARD sind wir stolz darauf, mit unseren vielfältigen und qualitativ hochwertigen Angeboten wesentlich zur Meinungs- und Medienvielfalt beizutragen. Besonders gefordert sind wir durch das Zusammenspiel von medienpolitischen, technologischen und vor allem demografischen Veränderungen. Wir sind offen für Neues und stellen uns diesen Herausforderungen durch strukturelle Änderungen und technische Innovation. Heute und in Zukunft wollen wir ein unverwechselbares, interessantes und erfolgreiches Programm von hoher Qualität anbieten. Dazu brauchen wir Dich mit Deinen Fähigkeiten und Talenten. Bei uns starten Erfolgsstorys - auch Deine?",,https://www.SWR.de/karriere,https://www.SWR.de/karriere,company,,https://www.swr.de/unternehmen/karriere/schueler/duales-studium-digital-media-management-100.html,https://www.swr.de/unternehmen/karriere/schueler/duales-studium-digital-media-management-100.html,https://www.swr.de/unternehmen/karriere/schueler/duales-studium-digital-media-management-100.html,externe,,,,ausbildung_de,https://www.ausbildung.de/stellen/bachelorstudium-digital-media-mit-integrierter-berufsausbildung-als-fachinformatiker-fachinformatikerin-anwendungsentwicklung-w-m-d-bei-suedwestrundfunk-anstalt-des-oeffentlichen-rechts-in-mainz-4aef3cd4-e5d0-4a59-b9f5-4c7a212ba39e/,False,,67,2026-06-11T11:22:32.965956+00:00
AD-4428ec2f-4783-4962-85f0-cdac66f579e1,ausbildung_de_ae,NATIONAL-BANK AG,,Essen,45127 Essen Nordrhein-Westfalen,"Ausbildung Fachinformatiker/in für Anwendungsentwicklung (m/w/d) ab August 2026

Mittlere Reife","1. Jahr: 1350 €
2. Jahr: 1420 €
3. Jahr: 1500 €",Mittlere Reife,Ausbildung | Fachinformatiker/in für Anwendungsentwicklung (m/w/d) ab August 2026,"Die NATIONAL-BANK ist eine der bundesweit führenden konzernfreien Regionalbanken für anspruchsvolle Privat- und Firmenkunden sowie mittelständische institutionelle Investoren. Mit rund 600 Mitarbeitern betreuen wir unsere Kunden an über 18 Standorten in Nordrhein-Westfalen. Unsere Präsenz vor Ort, die persönliche Nähe zu unseren Kunden sowie unser regionen-spezifisches Know-how bilden die ideale Basis für unser ausschließlich kundengetragenes Geschäftsmodell. Als eigenständiges Geldinstitut beraten wir unabhängig von Absprachen und Produktbindungen. Es ist unser Anspruch, gemeinsam mit unseren Kunden maßgeschneiderte Lösungen zu entwickeln.",,https://www.national-bank.de/,https://www.national-bank.de/,company,,"https://recruiting1.smartpay.adp.com/bewerber-web/?xsrf=C15F46E0F3C5A34CB82F46E3EFE5AEFE&company=11780-FIRMA-ID&tenant=&lang=D#position,id=fee2d5e5-4908-4e37-b0c0-c726a1dfb824,popup=y","https://recruiting1.smartpay.adp.com/bewerber-web/?xsrf=C15F46E0F3C5A34CB82F46E3EFE5AEFE&company=11780-FIRMA-ID&tenant=&lang=D#position,id=fee2d5e5-4908-4e37-b0c0-c726a1dfb824,popup=y","https://recruiting1.smartpay.adp.com/bewerber-web/?xsrf=C15F46E0F3C5A34CB82F46E3EFE5AEFE&company=11780-FIRMA-ID&tenant=&lang=D#position,id=fee2d5e5-4908-4e37-b0c0-c726a1dfb824,popup=y",externe,,,,ausbildung_de,https://www.ausbildung.de/stellen/bei-national-bank-ag-in-essen-b5c86770-e79d-4c80-ba79-dca510a6f5fe/,False,,67,2026-06-11T11:22:34.690087+00:00
AD-a577d7d9-56ff-4618-b63b-d93d9d44f39f,ausbildung_de_ae,SIEGENIA GRUPPE,,Wilnsdorf,57234 Wilnsdorf Nordrhein-Westfalen,"Duales Studium 2026 mit Ausbildung zum Fachinformatiker Anwendungsentwicklung (m/w/d)

Das erwartet dich bei uns:
- 3-jährige Berufsausbildung zum Fachinformatiker Anwendungsentwicklung (m/w/d) mit Möglichkeit der vorzeitigen Abschlussprüfung nach 2,5 Ausbildungsjahren
- Ausbildungsbegleitendes Studium im Bereich IT Management, z. B. ""Informatik"" oder ""Angewandte Künstliche Intelligenz"" (B.Sc.) an der FOM Hochschule Siegen
- Übernahme der Studiengebühren und der Erhalt einer monatlichen Ausbildungsvergütung
- Anschließende Perspektive zur unbefristeten Übernahme als Modulbetreuer im Bereich IT Enterprise Application Services
Deine Aufgaben während der Ausbildung:
- Kennenlernen der SAP-Systemlandschaft und Grundfunktionen
- Einführung in ABAP-Programmierung und erste kleine Anpassungen
- Arbeiten mit SAP Fiori/UI5: Grundlagen und einfache Oberflächen
- Verständnis für S/4HANA-Architekturen und Datenmodelle
- Einarbeitung in Cloud- und Schnittstellen-Technologien sowie die SAP Technology Plattform (BTP)
Deine Aufgaben nach Abschluss des Studiums:
- Umsetzung komplexer Anforderungen in SAP S/4HANA-Umgebung (u.a. ABAP OO, CDS Views, SAP Fiori)
- Optimierung von Prozessen, technologische Beratung der SAP-Modulverantwortlichen und Keyuser
- Integration von KI/AI-Services und Implementierung von Automatisierterungsszenarien auf der SAP BTP (u.a. SAP Build)
- Implementierung von Integrationsszenarien und Schnitstellen (u.a. OData, BTP Integration Suite)
- Mitwirkung an Cloud- und Innovationsprojekten im Bereich SAP (u.a. im Bereich Clean Core, Analytics)
Deine Bewerbung

Das bringst du mit:
- Sehr gute allgemeine Hochschulreife oder Fachhochschulreife
- Neugier an IT-Systemen und Digitalisierung, sowie den dahinterstehenden Prozessen
- Freude an Informatik und Software
- Belastbarkeit und Konzentrationsfähigkeit
- Flexibilität und Kreativität
- Den Karrierewunsch, in einer globalen IT-Abteilung mit vielfältigen Aufgaben tätig zu sein

Das bieten wir dir:
- Flexible Arbeitszeiten
- Mitarbeiterparkplatz
- Kantine
- Leistungsbezogene Prämie
- Personalentwicklungs­programm
- Gesundheitsprogramme
- Betriebliche Altersvorsorge
- Werksunterricht
- Auslandsaufenthalte in der Aus­bildung",,"Das bringst du mit:
- Sehr gute allgemeine Hochschulreife oder Fachhochschulreife
- Neugier an IT-Systemen und Digitalisierung, sowie den dahinterstehenden Prozessen
- Freude an Informatik und Software
- Belastbarkeit und Konzentrationsfähigkeit
- Flexibilität und Kreativität
- Den Karrierewunsch, in einer globalen IT-Abteilung mit vielfältigen Aufgaben tätig zu sein",Ausbildung | Duales Studium 2026 mit zum Fachinformatiker Anwendungsentwicklung (m/w/d),"Du suchst eine Ausbildung, die dir mehr bietet als trockene Theorie? Bei uns erwartet dich die ideale Kombination aus Praxis und Wissen – so wirst du Schritt für Schritt optimal auf dein Berufsleben vorbereitet.Ganz gleich, ob du dich für einen technischen oder einen kaufmännischen Bereich interessierst: In unserem vielseitigen Ausbildungsangebot findest du garantiert den Weg, der zu dir passt.Und wenn du Lust auf ein duales Studium hast, eröffnen wir dir auch dafür spannende Möglichkeiten. Egal, welchen Weg du einschlägst – bewirb dich jetzt und werde Teil unseres Teams. Wir freuen uns auf dich!SIEGENIA als AusbildungsunternehmenDie SIEGENIA GRUPPE bietet ein modernes und nachhaltiges Ausbildungskonzept, das konsequent auf die Anforderungen der Zukunft ausgerichtet ist und Digitalisierung gezielt integriert. Bundesweit profitieren rund 100 Auszubildende von flexiblen Arbeitszeiten, innovativen Lernumgebungen und -methoden sowie einer attraktiven Vergütung. Zudem eröffnet die Ausbildung spannende Möglichkeiten wie Auslandsaufenthalte, die den persönlichen und fachlichen Horizont erweitern. Wir bilden 6 kaufmännische und 6 technische Berufe aus und bieten zusätzlich ein duales Studium an. Ein respektvolles Miteinander hat dabei einen hohen Stellenwert – regelmäßige Teamevents stärken das Gemeinschaftsgefühl und sorgen für eine offene, motivierende Atmosphäre.","Das bieten wir dir:
- Flexible Arbeitszeiten
- Mitarbeiterparkplatz
- Kantine
- Leistungsbezogene Prämie
- Personalentwicklungs­programm
- Gesundheitsprogramme
- Betriebliche Altersvorsorge
- Werksunterricht
- Auslandsaufenthalte in der Aus­bildung",https://www.siegenia.com/de/company/career/apprenticeship,https://www.siegenia.com/de/company/career/apprenticeship,company,nina.herter@siegenia.com,https://siegenia-aubi-kg.contactrh.com/jobs/11871/43943013,https://siegenia-aubi-kg.contactrh.com/jobs/11871/43943013,https://siegenia-aubi-kg.contactrh.com/jobs/11871/43943013,externe,,"Bewirb dich bitte ausschließlich über unser Karriereportal mit deinen ausführlichen Bewerbungsunterlagen bestehend aus Anschreiben (optional), Lebenslauf und relevanten Anlagen (Zeugnisse, Zertifikate).
Deine persönliche Kontaktperson:
Personalmanagement
Nina Herter
+49 271 39311565
Wir freuen uns auf deine Bewerbung!
Kantine, Gesundheitsprogramme, Flexible Arbeitszeiten, Umfangreiches Schulungsangebot
Betriebliche Altersvorsorge, Umfassendes Onboarding, 30 Tage Urlaub, Urlaubs- und Weihnachtsgeld
Gruppenunfallversicherung, Auslandsaufenthalte, Werksunterricht, Digitale Ausstattung
Umfangreiche Sonderzahlungen, Teilzeitausbildung, Nachhaltigkeitsprojekte
Wahl der Wochenarbeitszeit, Überdurchschnittliches Ausbildungsgehalt, Eigenes Ausbildungszentrum
Hohe Übernahmequote",,ausbildung_de,https://www.ausbildung.de/stellen/duales-studium-2026-mit-ausbildung-zum-fachinformatiker-anwendungsentwicklung-m-w-d-bei-siegenia-gruppe-in-wilnsdorf-00c005dc-468d-4b5d-91a2-781a9547cbb3/,False,,80,2026-06-11T11:22:36.747223+00:00
AD-423ac821-2f3a-4ade-9a44-1926100b664d,ausbildung_de_ae,adesso SE,,Dortmund,Adessoplatz 1 44269 Dortmund Nordrhein-Westfalen,"Duales Studium Bachelor Sc. Informatik und Fachinformatiker/-in Anwendungsentwicklung (all genders)

Dein Profil
- Abschluss: Du hast die Fachhochschul- oder Hochschulreife erfolgreich abgeschlossen.
- Mathematisches Verständnis: Du punktest mit guten Noten in Mathematik und Informatik.
- Programmierkenntnisse: Du bringst erste Erfahrungen in einer Programmiersprache mit.
- Technologiebegeisterung: Du interessierst dich für moderne Technologien und deren Anwendung.
- Teamgeist: Du arbeitest gern mit anderen zusammen und teilst deine Ideen im Team.
- Sprachkenntnisse: Deine sehr guten Deutsch- sowie guten Englischkenntnisse ermöglichen dir eine sichere Kommunikation.
Deine Benefits
- Bleib gesund und fit: Wir fördern die Gesundheit unserer adessi mit sportlichen Zuschüssen wie vergünstigten Fitnessmitgliedschaften, Übernahme Platzmiete für bspw. Badminton, Padel Tennis oder Fußball und regelmäßigen Vorsorgeuntersuchungen.
- Finde deine Work-Life-Balance: Unser Auszeitprogramm und flexible Arbeitsmodelle helfen dir dabei, Beruf und Privatleben optimal in Einklang zu bringen.
- Zeit für die Familie: Unser Ziel ist es, die beiden Welten – Familien- und Arbeitsleben – miteinander zu vereinen. Hierfür unterstützen wir unsere adessi bestmöglich mit zahlreichen Angeboten, wie z. B. Kinderferienbetreuung, Kita-Kooperationen, Eltern-Kind-Büros oder Events, bei denen die ganze Familie willkommen ist.
- Lerne und wachse mit uns: Mit über 400 Trainingsangeboten und unserer digitalen Lernplattform unterstützen wir deine kontinuierliche Weiterentwicklung.
- Erlebe echten Teamgeist: Gemeinsame Events, Welcome Days, Firmenläufe oder das Patensystem stärken unseren Zusammenhalt und lassen dich von Anfang an Teil des Teams sein.
- Engagement, das belohnt wird: Dein Einsatz zahlt sich aus – mit Prämien für Empfehlungen, Vorträge, die Betreuung von Abschlussarbeiten sowie attraktiven Vergünstigungen über unser Corporate-Benefits-Portal.
- Sei mobil und flexibel: JobRad-Angebote, Zuschüsse für das Deutschlandticket und die Möglichkeit, bis zu zwei Monate mobil aus dem EU-Ausland zu arbeiten, bieten dir maximale Flexibilität.
- Sicher in deine Zukunft: Unser hauseigener, unabhängiger Versicherungsberater und -makler alleato hat für dich stets individuelle Lösungen für Altersvorsorge oder Krankenversicherung parat.",,"Dein Profil
- Abschluss: Du hast die Fachhochschul- oder Hochschulreife erfolgreich abgeschlossen.
- Mathematisches Verständnis: Du punktest mit guten Noten in Mathematik und Informatik.
- Programmierkenntnisse: Du bringst erste Erfahrungen in einer Programmiersprache mit.
- Technologiebegeisterung: Du interessierst dich für moderne Technologien und deren Anwendung.
- Teamgeist: Du arbeitest gern mit anderen zusammen und teilst deine Ideen im Team.
- Sprachkenntnisse: Deine sehr guten Deutsch- sowie guten Englischkenntnisse ermöglichen dir eine sichere Kommunikation.
Deine Benefits
- Bleib gesund und fit: Wir fördern die Gesundheit unserer adessi mit sportlichen Zuschüssen wie vergünstigten Fitnessmitgliedschaften, Übernahme Platzmiete für bspw. Badminton, Padel Tennis oder Fußball und regelmäßigen Vorsorgeuntersuchungen.
- Finde deine Work-Life-Balance: Unser Auszeitprogramm und flexible Arbeitsmodelle helfen dir dabei, Beruf und Privatleben optimal in Einklang zu bringen.
- Zeit für die Familie: Unser Ziel ist es, die beiden Welten – Familien- und Arbeitsleben – miteinander zu vereinen. Hierfür unterstützen wir unsere adessi bestmöglich mit zahlreichen Angeboten, wie z. B. Kinderferienbetreuung, Kita-Kooperationen, Eltern-Kind-Büros oder Events, bei denen die ganze Familie willkommen ist.
- Lerne und wachse mit uns: Mit über 400 Trainingsangeboten und unserer digitalen Lernplattform unterstützen wir deine kontinuierliche Weiterentwicklung.
- Erlebe echten Teamgeist: Gemeinsame Events, Welcome Days, Firmenläufe oder das Patensystem stärken unseren Zusammenhalt und lassen dich von Anfang an Teil des Teams sein.
- Engagement, das belohnt wird: Dein Einsatz zahlt sich aus – mit Prämien für Empfehlungen, Vorträge, die Betreuung von Abschlussarbeiten sowie attraktiven Vergünstigungen über unser Corporate-Benefits-Portal.
- Sei mobil und flexibel: JobRad-Angebote, Zuschüsse für das Deutschlandticket und die Möglichkeit, bis zu zwei Monate mobil aus dem EU-Ausland zu arbeiten, bieten dir maximale Flexibilität.
- Sicher in deine Zukunft: Unser hauseigener, unabhängiger Versicherungsberater und -makler alleato hat für dich stets individuelle Lösungen für Altersvorsorge oder Krankenversicherung parat.",Ausbildung | Duales Studium Bachelor Sc. Informatik und Fachinformatiker/-in Anwendungsentwicklung (all genders),"ZUKUNFT PROGRAMMIERENFür sowohl Newcomer als auch Professionals gehören wir zu den Top-Adressen der deutschen IT-Welt. Mit mehr als 11.100 Mitarbeitenden an über 65 Standorten weltweit arbeiten wir täglich daran, die Kerngeschäftsprozesse unserer Kunden durch Beratung und den cleveren Einsatz maßgeschneiderter IT-Lösungen zu optimieren. adesso steht für IT-Exzellenz und damit auch für exzellente Entwicklungsmöglichkeiten für alle adessi. Wir wachsen gemeinsam und lernen voneinander – an unseren Projekten, im Team und mit herausragenden Trainingsangeboten. Wir haben IT im Herzen, die Branche im Blick und den Erfolg unserer Kunden im Sinn. Denn erfolgreiches Geschäft entsteht durch innovative Ideen, zukunftsfähige Strategien und kluge IT-Lösungen. Immer sind dabei Menschen beteiligt, die etwas bewegen wollen und das einfach machen. Wir gestalten und bauen Software, die unsere Kunden begeistert. In Projekten, die uns fordern. Und das in einem Umfeld, das uns Spaß macht, in der Erfolg gemeinsam entsteht und sich alle wohlfühlen.",,https://www.adesso.de/de/,https://www.adesso.de/de/,company,,https://jobs.adesso-group.com/job/Dortmund-Duales-Studium-Bachelor-Sc_-Informatik-und-Fachinformatiker-in-Anwendungsentwicklung-%28all-genders%29-NW-44269/934255955/,https://jobs.adesso-group.com/job/Dortmund-Duales-Studium-Bachelor-Sc_-Informatik-und-Fachinformatiker-in-Anwendungsentwicklung-%28all-genders%29-NW-44269/934255955/,https://jobs.adesso-group.com/job/Dortmund-Duales-Studium-Bachelor-Sc_-Informatik-und-Fachinformatiker-in-Anwendungsentwicklung-%28all-genders%29-NW-44269/934255955/,externe,,,,ausbildung_de,https://www.ausbildung.de/stellen/duales-studium-bachelor-sc-informatik-und-fachinformatiker-in-anwendungsentwicklung-all-genders-bei-adesso-se-in-dortmund-75d760f0-b0ed-40c6-ae38-6c1bef7379f7/,False,,60,2026-06-11T11:22:38.617497+00:00
AD-4edcce79-d369-4713-9f6c-5ad30585ee09,ausbildung_de_ae,Continentale Krankenversicherung a.G.,,Dortmund,Continentale-Allee 1 44269 Dortmund Nordrhein-Westfalen,"Duales Studium Informatik (B.Sc.) und Ausbildung Fachinformatiker (m/w/d) Anwendungsentwicklung an der FH Dortmund Start: August 2027

- Urlaub: 30 Tage Urlaub pro Jahr bieten beste Voraussetzungen, um fremde Länder zu entdecken und den Akku wieder voll aufzuladen.
- Zusatzleistungen: Freuen Sie sich auf Extras wie Weihnachts- und Urlaubsgeld, vermögenswirksame Leistungen in Höhe von 40 Euro pro Monat, Fahrtkostenzuschüsse sowie einen Bücherzuschuss. Weiterhin übernehmen wir die Reise- und Übernachtungskosten beim Besuch von Seminaren, Semesterbeiträge sowie weitere Unterstützungsleistungen wie bspw. Studienbeihilfen.
- Weiterbildungsmöglichkeiten: Schon während Ihrer Ausbildung/Ihres Studiums unterstützen wir Ihre Weiterentwicklung mit gezielten Schulungen, Seminaren und Workshops.
- Events für dual Studierende: Ein erstes Kennenlernen findet bereits vor Ausbildungsbeginn statt. Während Ihres dualen Studiums nehmen Sie an zahlreichen Ausflügen sowie an gemeinsamen Abendessen nach Veranstaltungen wie den standortübergreifenden Netzwerktreffen teil.
- Zukunftsperspektiven: Nach Ihrem Abschluss bieten wir Ihnen sehr gute Übernahme- sowie Weiterbildungsmöglichkeiten. Wir freuen uns, Sie langfristig fördern zu dürfen.
- Betriebliches Gesundheitsmanagement: Die Gesundheit unserer Mitarbeitenden liegt uns am Herzen: Mit Vorsorgeuntersuchungen, Impfungen, Betriebssport oder interessanten Seminaren sorgen wir für das Wohlbefinden unserer Mitarbeitenden.
individuell. erfolgreich. verbunden.
Gemeinsam stark im Continentale Versicherungsverbund: Die Continentale, die EUROPA und die Mannheimer haben sich zu einem Versicherungsverbund auf Gegenseitigkeit zusammengeschlossen. Als grundsolider Versicherer bietet die Continentale für Privatpersonen sowie kleine und mittelständische Unternehmen Versicherungsschutz aus einer Hand.
Als Arbeitgeber sind wir ein zuverlässiger und sicherer Partner. Wir stellen den Menschen in den Mittelpunkt: Wir fordern und fördern Leistung und Qualität und übertragen Ihnen Verantwortung. So können Sie entscheidend zum Unternehmenserfolg beitragen – gemeinsam gestalten wir erfolgreich Zukunft. Durch gegenseitige Unterstützung und offene Kommunikation finden wir immer wieder neue Ideen. Sind Sie wie wir? Dann bewerben Sie sich jetzt!
Ihre Ansprechperson
Nele Bothe
0231 919-4690 Continentale Krankenversicherung a.G.
Continentale-Allee 1
44269 Dortmund
Alle Geschlechter sind willkommen. Aufgrund der besseren Lesbarkeit wird nur die männliche Form verwendet.
Sämtliche Personenbezeichnungen gelten für alle Geschlechter.",,"- Urlaub: 30 Tage Urlaub pro Jahr bieten beste Voraussetzungen, um fremde Länder zu entdecken und den Akku wieder voll aufzuladen.
- Zusatzleistungen: Freuen Sie sich auf Extras wie Weihnachts- und Urlaubsgeld, vermögenswirksame Leistungen in Höhe von 40 Euro pro Monat, Fahrtkostenzuschüsse sowie einen Bücherzuschuss. Weiterhin übernehmen wir die Reise- und Übernachtungskosten beim Besuch von Seminaren, Semesterbeiträge sowie weitere Unterstützungsleistungen wie bspw. Studienbeihilfen.
- Weiterbildungsmöglichkeiten: Schon während Ihrer Ausbildung/Ihres Studiums unterstützen wir Ihre Weiterentwicklung mit gezielten Schulungen, Seminaren und Workshops.
- Events für dual Studierende: Ein erstes Kennenlernen findet bereits vor Ausbildungsbeginn statt. Während Ihres dualen Studiums nehmen Sie an zahlreichen Ausflügen sowie an gemeinsamen Abendessen nach Veranstaltungen wie den standortübergreifenden Netzwerktreffen teil.
- Zukunftsperspektiven: Nach Ihrem Abschluss bieten wir Ihnen sehr gute Übernahme- sowie Weiterbildungsmöglichkeiten. Wir freuen uns, Sie langfristig fördern zu dürfen.
- Betriebliches Gesundheitsmanagement: Die Gesundheit unserer Mitarbeitenden liegt uns am Herzen: Mit Vorsorgeuntersuchungen, Impfungen, Betriebssport oder interessanten Seminaren sorgen wir für das Wohlbefinden unserer Mitarbeitenden.
individuell. erfolgreich. verbunden.
Gemeinsam stark im Continentale Versicherungsverbund: Die Continentale, die EUROPA und die Mannheimer haben sich zu einem Versicherungsverbund auf Gegenseitigkeit zusammengeschlossen. Als grundsolider Versicherer bietet die Continentale für Privatpersonen sowie kleine und mittelständische Unternehmen Versicherungsschutz aus einer Hand.
Als Arbeitgeber sind wir ein zuverlässiger und sicherer Partner. Wir stellen den Menschen in den Mittelpunkt: Wir fordern und fördern Leistung und Qualität und übertragen Ihnen Verantwortung. So können Sie entscheidend zum Unternehmenserfolg beitragen – gemeinsam gestalten wir erfolgreich Zukunft. Durch gegenseitige Unterstützung und offene Kommunikation finden wir immer wieder neue Ideen. Sind Sie wie wir? Dann bewerben Sie sich jetzt!
Ihre Ansprechperson
Nele Bothe
0231 919-4690 Continentale Krankenversicherung a.G.
Continentale-Allee 1
44269 Dortmund
Alle Geschlechter sind willkommen. Aufgrund der besseren Lesbarkeit wird nur die männliche Form verwendet.
Sämtliche Personenbezeichnungen gelten für alle Geschlechter.",Ausbildung | Duales Studium Informatik (B.Sc.) und Fachinformatiker (m/w/d) Anwendungsentwicklung an der FH Dortmund Start: August 2027,"Continentale Versicherungsverbund a.G. Die Continentale gehört zum Continentale Versicherungsverbund. Als Versicherungsverein auf Gegenseitigkeit gehören wir unseren Mitgliedern Damit sind wir geschützt vor Firmenübernahmen und bieten Ihnen einen sicheren Arbeitsplatz. Was uns so stark macht, sind die vielfältigen individuellen Stärken unserer Mitarbeitenden. Wir geben Ihnen Raum, damit sie Verantwortung übernehmen und Themen gestalten können. Ob Ausbildung im Innen-oder Außendienst, duales Studium oder Praktikum: Bei der Continentale haben jungen Menschen die Möglichkeit, in einem großen Versicherungsverbund erfolgreich in ihre berufliche Zukunft zu starten. Rund 70 Auszubildende und dual Studierende stellen wir jährlich ein. Circa 200 junge Menschen absolvieren zurzeit eine Ausbildung oder ein duales Studium an einem unserer Standorte Ungefähr 90 Prozent unserer Auszubildenden und dual Studierenden werden anschließend in ihrer Wunschabteilung übernommen. Wir bieten unseren Auszubildenden und duale Studierenden einen überdurchschnittlich hohe Ausbildungsvergütung Spannende Seminare und Events begleiten unsere Auszubildenden und dual Studierenden während ihrer Ausbildungszeit im Verbund Langschläfer vs. Frühaufsteher - Dank der Gleitzeit können sich unsere Auszubildenden und dual Studierenden ihre Arbeitszeit weitestgehend flexibel gestalten",,https://www.continentale.de/karriere-einstieg-schuelerinnen-schueler,https://www.continentale.de/karriere-einstieg-schuelerinnen-schueler,company,Nele.Bothe@continentale.de,https://karriere.continentale.de/de/p/ausbildung_duales-studium/jobs/45752/apply,https://karriere.continentale.de/de/p/ausbildung_duales-studium/jobs/45752/apply,https://karriere.continentale.de/de/p/ausbildung_duales-studium/jobs/45752/apply,externe,,"Ihre BewerbungHaben wir Ihr Interesse geweckt? Dann lassen Sie uns folgende Bewerbungsunterlagen zukommen:
- individuelles Anschreiben
- Lebenslauf
- die letzten beiden Schulzeugnisse
- falls vorhanden: Praktikumsnachweise oder weitere Bescheinigungen
Ihre Vorteile
- Flexible Arbeitszeiten: Wir verzichten auf Kern- und Mindestarbeitszeiten.
So bieten wir Ihnen eine gute Vereinbarkeit von Familie, Hobby und Beruf.
- Attraktive Ausbildungsvergütung: Im ersten Ausbildungsjahr bereits 1.355 Euro brutto pro Monat – und Ihre Vergütung steigt jedes Jahr weiter! Im zweiten Ausbildungsjahr zahlen wir Ihnen 1.432 Euro, im dritten 1.520 Euro monatlich.",,ausbildung_de,https://www.ausbildung.de/stellen/duales-studium-informatik-b-sc-und-ausbildung-fachinformatiker-m-w-d-anwendungsentwicklung-an-der-fh-dortmund-start-august-2027-bei-continentale-krankenversicherung-a-g-in-dortmund-3c51f9c9-dd99-411f-999c-b0f16cf8cc70/,False,,73,2026-06-11T11:22:40.539890+00:00
AD-072abc34-36a8-4329-a370-ba8eef1a3bf6,ausbildung_de_ae,monari GmbH,,Gronau (Westf.),Jöbkesweg 19-23 48599 Gronau (Westf.) Nordrhein-Westfalen,"Duales Studium Informatik.Softwaresysteme (B. Sc.) + Fachinformariker/-in für Anwendungsentwicklung (m/w/d) - 2027

DAS BRINGST DU MIT:
- Einen guten Schulabschluss (Fachhochschulreife oder Abitur)
- Gutes Zahlenverständnis und Englisch- sowie MS-Office-Kenntnisse
- Teamfähigkeit, Zuverlässigkeit und eine gute Kommunikationsfähigkeit
STUDIENABSCHLÜSSE: 2 (Bachelor of Science und Fachinformatiker/-in für Anwendungsentwicklung)
MEHR INFOS UNTER: www.monari.com/de-de/karriere/young-talents/
WIR FREUEN UNS AUF DEINE BEWERBUNG!

DARAUF KANNST DU DICH FREUEN:
- Spannende, abwechslungsreiche Ausbildung in einem modernen Unternehmen mit kurzen Kommunikationswegen
- Motiviertes Team in einer lockeren Arbeitsatmosphäre
- Neues, stylisches Head Office mit attraktivem Bistro und Outdoor-Bereich
- Regelmäßiger Austausch und Feedbackgespräche
BENEFITS:
- flexible Arbeitszeiten
- modernes Arbeitsumfeld
- Bistro mit Kaffeebar
- wöchentliches Mitarbeiterfrühstück
- Mitarbeiterevents
- betriebliche Krankenzusatzversicherung
- Mitarbeiterrabatte
- Patenmodell
- Mitarbeiter App
- individuelle Einarbeitung",,"DAS BRINGST DU MIT:
- Einen guten Schulabschluss (Fachhochschulreife oder Abitur)
- Gutes Zahlenverständnis und Englisch- sowie MS-Office-Kenntnisse
- Teamfähigkeit, Zuverlässigkeit und eine gute Kommunikationsfähigkeit
STUDIENABSCHLÜSSE: 2 (Bachelor of Science und Fachinformatiker/-in für Anwendungsentwicklung)
MEHR INFOS UNTER: www.monari.com/de-de/karriere/young-talents/
WIR FREUEN UNS AUF DEINE BEWERBUNG!",Ausbildung | Duales Studium Informatik.Softwaresysteme (B. Sc.) + Fachinformariker/-in für Anwendungsentwicklung (m/w/d) - 2027,"monari ist ein zukunftsorientiertes und international agierendes Fashion-Label mit 16 Stores, 600 Partnerflächen, weiteren 2500 Fachhandelspartnern in 43 Ländern sowie einem wachsenden Onlineshop. Unsere rund 300 Mitarbeiter:innen sind einer der wesentlichen Erfolgsfaktoren. Mit flachen Hierarchien, kurzen Entscheidungswegen sowie vielen Freiräumen und einem stark ausgeprägten Teamgeist entwickeln wir uns stetig weiter und sind damit sehr erfolgreich. Deine Entwicklung liegt uns am Herzen. Denn nur gemeinsam können wir wachsen und die Zukunft von monari aktiv mitgestalten. Dich erwarten Respekt und die Unterstützung deines Teams sowie spannende Einblicke in vielfältige Arbeitsbereiche und abwechslungsreiche Aufgaben. Unseren Auszubildenden, dualen Studenten und Praktikanten vermitteln wir Wissen und Können für zukünftige Fach- und Führungsaufgaben. Unsere hohe Übernahmequote spricht für sich.","DARAUF KANNST DU DICH FREUEN:
- Spannende, abwechslungsreiche Ausbildung in einem modernen Unternehmen mit kurzen Kommunikationswegen
- Motiviertes Team in einer lockeren Arbeitsatmosphäre
- Neues, stylisches Head Office mit attraktivem Bistro und Outdoor-Bereich
- Regelmäßiger Austausch und Feedbackgespräche
BENEFITS:
- flexible Arbeitszeiten
- modernes Arbeitsumfeld
- Bistro mit Kaffeebar
- wöchentliches Mitarbeiterfrühstück
- Mitarbeiterevents
- betriebliche Krankenzusatzversicherung
- Mitarbeiterrabatte
- Patenmodell
- Mitarbeiter App
- individuelle Einarbeitung",https://monari.com/de-de/karriere/young-talents/,https://monari.com/de-de/karriere/young-talents/,company,,https://karriere.monari.com/de/jobs/14/form?_gl=1*17c62na*_gcl_au*Njg3MDUzNDEuMTc1Mzc3MTk3Mi4yMTQ2MDQ4MjE3LjE3NTgwMDU5NTQuMTc1ODAwNjM5Mw..,https://karriere.monari.com/de/jobs/14/form?_gl=1*17c62na*_gcl_au*Njg3MDUzNDEuMTc1Mzc3MTk3Mi4yMTQ2MDQ4MjE3LjE3NTgwMDU5NTQuMTc1ODAwNjM5Mw..,https://karriere.monari.com/de/jobs/14/form?_gl=1*17c62na*_gcl_au*Njg3MDUzNDEuMTc1Mzc3MTk3Mi4yMTQ2MDQ4MjE3LjE3NTgwMDU5NTQuMTc1ODAwNjM5Mw..,externe,,,,ausbildung_de,https://www.ausbildung.de/stellen/duales-studium-informatik-softwaresysteme-b-sc-fachinformariker-in-fuer-anwendungsentwicklung-m-w-d-bei-monari-gmbh-in-gronau-westf-0163d477-b88f-40f4-bb3a-3de6acdbe237/,False,,67,2026-06-11T11:22:42.325078+00:00
AD-d0105756-4686-43c2-9a8a-de0ee5612af4,ausbildung_de_ae,BWI GmbH,,Wilhelmshaven,26382 Wilhelmshaven Niedersachsen,"Duales Studium zum Bachelor of Science in Wirtschaftsinformatik KI & Data Science inkl. Ausbildung zum Fachinformatiker Anwendungsentwicklung (m/w/d)

Dein Profil:
- Du hast die allg. Hochschulreife, fachgebundene Hochschulreife oder Fachhochschulreife (Notendurchschnitt 2,8 oder besser wünschenswert)
- Du hast idealerweise Mathematik als Leistungskurs mit guten Leistungen
- Du bist interessiert an allg. Informationstechnologien und Technik sowie an kaufmännischen Aufgabenstellungen
- Du hast Flexibilität und räumliche Mobilität, besonders während der Theoriephasen
- Du besitzt analytisches Denken und mathematisch-technisches Verständnis
- Du hast Eigeninitiative, Kommunikations- und Teamfähigkeit
- Du besitzt sehr gute Deutschkenntnisse in Wort & Schrift

Wir bieten:
- Exzellente Übernahmemöglichkeiten in eine Festanstellung
- Einen langfristig sicheren Arbeitsplatz
- Eine attraktive monatliche Ausbildungsvergütung mit einem Gehalt in Höhe von 1.192 EUR im ersten Ausbildungsjahr, 1.253 EUR im zweiten Ausbildungsjahr und 1.408 EUR im dritten Ausbdilungsjahr zzgl. Kostenübernahme für Reisen nach Paderborn, die dortige Unterkunft und die Studiengebühren von der FH der Wirtschaft
- Eine moderne IT-Ausstattung inkl. Notebook und Diensthandy der neuesten Generation
- Zahlreiche Mitarbeitervergünstigungen, zum Beispiel durch die Benni-Card, kostenlose Angebote zur Gesundheitsförderung, attraktive BWI Mitarbeiterrabatte bekannter Marken und Anbieter und vieles mehr
- Ein Ausbildungsprogramm, das durch das Trendence Institut als „Faire Ausbildung“ zertifiziert wurde
- Vertrauensarbeitszeit und 30 Tage Urlaub, die deine Work-Life-Balance unterstützen
- Arbeitszeit: 40h/Woche inkl. Freistellungen für die Theoriephasen
- Ein angenehmes Arbeitsumfeld, ein wertschätzender Umgang miteinander und großer Teamgeist
- Abwechslungsreiche und gesellschaftlich relevante Aufgaben, um die IT-Sicherheit und Zukunftsfähigkeit Deutschlands zu gewährleisten
Haben wir dein Interesse geweckt?
Dann bewirb dich hier",,"Dein Profil:
- Du hast die allg. Hochschulreife, fachgebundene Hochschulreife oder Fachhochschulreife (Notendurchschnitt 2,8 oder besser wünschenswert)
- Du hast idealerweise Mathematik als Leistungskurs mit guten Leistungen
- Du bist interessiert an allg. Informationstechnologien und Technik sowie an kaufmännischen Aufgabenstellungen
- Du hast Flexibilität und räumliche Mobilität, besonders während der Theoriephasen
- Du besitzt analytisches Denken und mathematisch-technisches Verständnis
- Du hast Eigeninitiative, Kommunikations- und Teamfähigkeit
- Du besitzt sehr gute Deutschkenntnisse in Wort & Schrift",Ausbildung | Duales Studium zum Bachelor of Science in Wirtschaftsinformatik KI & Data Science inkl. zum Fachinformatiker Anwendungsentwicklung (m/w/d),"IT-Liebhaber*innen aufgepasst: In Deutschland gehören wir zu den Top-10-IT-Unternehmen und sind als IT-Dienstleister für Bundeswehr und Bund eine 100-prozentige Bundesgesellschaft. 7.700 Beschäftigte sorgen für einen reibungslosen und effektiven IT-Betrieb – und zwar an 40 Standorten deutschlandweit! Wir entwickeln Technologien und digitale Lösungen für die Herausforderungen von morgen. Dafür suchen wir IT-Liebhaber*innen, die ihre Leidenschaft mit uns teilen wollen, auf der Suche nach anspruchsvollen IT-Herausforderungen sind und Deutschlands IT mitgestalten möchten. Nutze die Möglichkeit mit einer Ausbildung oder einem Dualen Studium (ausbildungsintegrierend) für den Startschuss deiner Karriere. Dafür bietet dir die BWI nicht nur spannende Aufgaben in komplexen IT-Projekten von nationaler Tragweite in einem zukunftsorientierten und modernen Arbeitsumfeld, sondern auch sehr gute Übernahmechancen, berufliche Sicherheit, individuelle Förderungen und verschiedene Aufstiegsmöglichkeiten. Neben einem attraktiven Gehalt und flexiblen Arbeitszeiten profitierst du auch von der Unterstützung unserer Ausbildungspaten, die dir während deiner Ausbildung oder deines Studiums bei der BWI mit Rat und Tat zur Seite stehen. Eine Ausbildung bei der BWI stellt eine erstklassige fachliche Qualifikation dar und erfolgt in Kooperation mit der renommierten Siemens Energy Professional Education. Während der Praxisphasen im Unternehmen unterstützt du deine Teamkollegen sowohl im laufenden Tagesgeschäft als auch in Projekten. Du übernimmst schnell erste eigene Aufgaben und hast viel Raum für Eigeninitiative.","Wir bieten:
- Exzellente Übernahmemöglichkeiten in eine Festanstellung
- Einen langfristig sicheren Arbeitsplatz
- Eine attraktive monatliche Ausbildungsvergütung mit einem Gehalt in Höhe von 1.192 EUR im ersten Ausbildungsjahr, 1.253 EUR im zweiten Ausbildungsjahr und 1.408 EUR im dritten Ausbdilungsjahr zzgl. Kostenübernahme für Reisen nach Paderborn, die dortige Unterkunft und die Studiengebühren von der FH der Wirtschaft
- Eine moderne IT-Ausstattung inkl. Notebook und Diensthandy der neuesten Generation
- Zahlreiche Mitarbeitervergünstigungen, zum Beispiel durch die Benni-Card, kostenlose Angebote zur Gesundheitsförderung, attraktive BWI Mitarbeiterrabatte bekannter Marken und Anbieter und vieles mehr
- Ein Ausbildungsprogramm, das durch das Trendence Institut als „Faire Ausbildung“ zertifiziert wurde
- Vertrauensarbeitszeit und 30 Tage Urlaub, die deine Work-Life-Balance unterstützen
- Arbeitszeit: 40h/Woche inkl. Freistellungen für die Theoriephasen
- Ein angenehmes Arbeitsumfeld, ein wertschätzender Umgang miteinander und großer Teamgeist
- Abwechslungsreiche und gesellschaftlich relevante Aufgaben, um die IT-Sicherheit und Zukunftsfähigkeit Deutschlands zu gewährleisten
Haben wir dein Interesse geweckt?
Dann bewirb dich hier",https://www.bwi.de/karriere/,https://www.bwi.de/karriere/,company,,https://t.gohiring.com/h/356ba248552bb82c5eab2f5c4e12f69ae98fd28890b8b26dbcebe48544e1b71e,https://t.gohiring.com/h/356ba248552bb82c5eab2f5c4e12f69ae98fd28890b8b26dbcebe48544e1b71e,https://t.gohiring.com/h/356ba248552bb82c5eab2f5c4e12f69ae98fd28890b8b26dbcebe48544e1b71e,externe,Bei Fragen steht dir das Recruiting-Team unter Angabe der Stellen-ID: 63209 gerne zur Verfügung. Tel.: 02225 988 25000,,,ausbildung_de,https://www.ausbildung.de/stellen/duales-studium-zum-bachelor-of-science-in-wirtschaftsinformatik-ki-data-science-inkl-ausbildung-zum-fachinformatiker-anwendungsentwicklung-m-w-d-bei-bwi-gmbh-in-wilhelmshaven-d23283a6-52d7-4fa3-98b4-bb88b049b7ed/,False,,73,2026-06-11T11:22:43.920778+00:00
AD-19825764-ff56-46c8-b8a1-2004f5e57561,ausbildung_de_ae,CANCOM GmbH,,Mülheim-Kärlich,Florinstraße 18 56218 Mülheim-Kärlich Rheinland-Pfalz,"Fachinformatiker Anwendungsentwicklung (m/w/d) 2026

Das erwartet dich
- Eine praxisorientierte Ausbildung mit vielseitigen Aufgaben wie
Konzeption, Entwicklung und Umsetzung verschiedener Softwarelösungen
- Programmierung und Test von Softwarelösungen
- Entwicklungen im Web- und Desktopbereich
- Support für spezielle Softwarelösungen
- Anpassung und Erweiterung bestehender Lösungen
- Mitwirkung an IT-Projekten
- Eine offene, moderne und teamorientierte Unternehmenskultur, die eine eigenverantwortliche und ergebnisorientierte Leistung fördert.
- Ein professionelles IT-Umfeld mit modernstem Equipment und die Einbindung ins Tagesgeschäft mit realen Kundensituationen und Projekten.
- Raum für deine eigenen Ideen und die Möglichkeit dein Potenzial zu entfalten, um dich zum Experten in deinem Fachgebiet zu entwickeln.

Das bringst du mit
- Begeisterung und Verständnis für die IT Welt und digitale Lösungen mit dem Anspruch die digitale Arbeitswelt von morgen mitzugestalten.
- Kenntnisse einer modernen Programmiersprache.
- Hohes Engagement, Neugier und Lernbereitschaft, um dich in deinen Aufgaben und Projekten kontinuierlich weiterzuentwickeln.
- Verantwortungsbewusstsein und eine proaktive und flexible Arbeitsweise, um dein Potenzial bestmöglich zu nutzen.",,"Das bringst du mit
- Begeisterung und Verständnis für die IT Welt und digitale Lösungen mit dem Anspruch die digitale Arbeitswelt von morgen mitzugestalten.
- Kenntnisse einer modernen Programmiersprache.
- Hohes Engagement, Neugier und Lernbereitschaft, um dich in deinen Aufgaben und Projekten kontinuierlich weiterzuentwickeln.
- Verantwortungsbewusstsein und eine proaktive und flexible Arbeitsweise, um dein Potenzial bestmöglich zu nutzen.",Ausbildung | Fachinformatiker Anwendungsentwicklung (m/w/d) 2026,"Als führender Digital Business Provider begleitet CANCOM Unternehmen, Organisationen und den öffentlichen Sektor in die digitale Zukunft. Das Leistungs- und Lösungsspektrum umfasst sowohl klassische Systemhaus-IT-Lösungen als auch datenbasierte Digital Solutions, Managed Services sowie Cloud Dienste. Mit Leidenschaft und Technologie begleiten wir die Digitale Evolution unserer Kunden und unterstützen sie dabei, die Komplexität ihrer IT zu reduzieren und neue Geschäftsmodelle zu entwickeln. Dafür bieten wir ein ganzheitliches Portfolio für alle IT- und Business-Anforderungen.Das Angebot der CANCOM Gruppe umfasst innovative Lösungen in den Bereichen Artificial Intelligence, Security & Network, Datacenter & Cloud, IoT-Solutions sowie Modern Workplace und enthält Dienste für den gesamten IT-Lifecycle – von der Bereitstellung von IT-Infrastrukturen, über die Planung und Integration, bis hin zu Support-, Managed Services und XaaS. Kunden profitieren dabei von der umfangreichen Expertise, mit der ihre vielfältigen Anforderungen in konkrete branchenspezifische IT-Lösungen übersetzt werden, um ihren Geschäftserfolg maßgeblich zu fördern. Die über 5.600 Mitarbeiter der international tätigen CANCOM Gruppe mit rund 80 Standorten in der DACH-Region, Belgien, der Slowakei, Rumänien und Tschechien sowie ein leistungsfähiges Partnernetzwerk gewährleisten Marktpräsenz und Kundennähe. Die CANCOM Gruppe wird von Rüdiger Rath (CEO) und Thomas Stark (CFO) geführt. Der Hauptsitz des Unternehmens ist in München. CANCOM erwirtschaftete 2024 einen Jahresumsatz von rund 1,7 Milliarden Euro. Die Konzern-Muttergesellschaft CANCOM SE ist an der Frankfurter Wertpapierbörse im TecDAX und SDAX (ISIN DE0005419105) notiert.",,https://www.cancom.de/,https://www.cancom.de/,company,,https://karriere.cancom.de/jobs/fachinformatiker-anwendungsentwicklung-m-w-d-2026-de-j10625/,https://karriere.cancom.de/jobs/fachinformatiker-anwendungsentwicklung-m-w-d-2026-de-j10625/,https://karriere.cancom.de/jobs/fachinformatiker-anwendungsentwicklung-m-w-d-2026-de-j10625/,externe,"- Teamfähigkeit, Serviceorientierung und gute kommunikative Fähigkeiten, damit du als Ansprechpartner für unsere Kunden und Kollegen agieren kannst.
- Mindestens einen mittleren Bildungsabschluss, auch Studienaussteiger sind bei uns willkommen!
Dein Vorteil
- Attraktiver Ausbildungsplatz in einem zukunftsorientierten und innovativen Unternehmen
- Zentrale Welcome Days zur ersten Orientierung bei CANCOM
- Zugehörigkeitsgefühl durch Mitarbeiterevents (z.B. Sommerfest & Weihnachtsfeier)
- Volle Kostenübernahme des Deutschlandtickets zur beruflichen & privaten Nutzung
- Erstattung von Lernmaterialien und Prämien für besonders gute Leistungen in der Berufsschule
- Förderung von internationalen Aufenthalten im Rahmen des Erasmus Programms
- Unternehmensweite Prüfungsvorbereitung, um bestens auf die Prüfung vorbereitet zu sein
- Vielfältige Auswahl an Sonderangeboten cooler Marken dank dem Portal „Corporate Benefits""
- Unterstützung eines gesunden Lebensstils mit Gesundheitstagen, frischem Obst und vergünstigtem Zugang zu zahlreichen Fitnessstudios über unser Firmenfitnessprogramm Wellhub
Haben wir dein Interesse geweckt? Dann freuen wir uns auf deine Online Bewerbung!
Du hast noch Fragen? Schreibe uns gerne per WhatsApp unter +49 170 3767664!",,,ausbildung_de,https://www.ausbildung.de/stellen/fachinformatiker-anwendungsentwicklung-m-w-d-2025-bei-cancom-se-in-muelheim-kaerlich-788fd2c5-1675-464a-859a-f804f4f3cc01/,False,,67,2026-06-11T11:22:45.626419+00:00
AD-f79233e4-cd50-4520-baba-c79de985150e,ausbildung_de_ae,Südwestrundfunk Anstalt des öffentlichen Rechts,,Stuttgart,Stuttgart Baden-Württemberg,"Ausbildung Fachinformatiker / Fachinformatikerin Anwendungsentwicklung (w/m/d)

📣 DAS ERWARTET DICH WÄHREND DEINER AUSBILDUNG
- Umgang mit unterschiedlichen Programmiersprachen, Entwicklungsumgebungen und agilen Arbeitsmethoden
- Einblick in die Audio- und Videoproduktion
- Du wirst Teil vielfältiger Teams und begleitest spannende und praxisnahe Projekte von der Planung bis hin zur Durchführung.
- Im Ausbildungsplan berücksichtigen wir deine individuellen Interessen.
- Ein Laptop, den du auch für die Berufsschule und privat nutzen kannst.
- Innovative Themen für deine IHK-Abschlussarbeit.
✔️ DAS BRINGST DU SCHON MIT
- Du bist IT-begeistert und hast Interesse an komplexen Aufgabenstellungen sowie Freude an Problemlösungen.
- Erste Programmiererfahrungen
- Spaß am Umgang mit digitalen Medien
- Freude sowohl an selbständigem Arbeiten als auch an Teamarbeit
- Du bist vielfältig interessiert, offen und kommunikativ.
- Einen guten bis sehr guten Abschluss der mittleren Reife oder einen höheren Schulabschluss inkl. gutem Ausdrucksvermögen (in Wort und Schrift)
🎉 DEINE BENEFITS
Neben einer umfassenden Ausbildung in einem multimedialen Unternehmen profitierst du bei uns von zahlreichen Benefits:
Ausbildungsvergütung: Beim SWR ist die Ausbildungsvergütung für alle Ausbildungsberufe gleich hoch. Aktuell (12/2024) liegt sie monatlich bei 1.307 € im ersten Ausbildungsjahr, bei 1.370 € im zweiten und bei 1.428 € im dritten Ausbildungsjahr.
Onboarding: „Herzlich willkommen“ nehmen wir wörtlich. Um deinen Einstieg beim SWR so angenehm wie möglich zu gestalten, laden wir dich auf eine mehrtägige Onboarding-Veranstaltung ein. Dort lernst du das notwendige Handwerkszeug für deinen optimalen Einstieg und hast die Möglichkeit, erste Kontakte beim SWR zu knüpfen und alles über den SWR als Arbeitgeber zu erfahren.
Urlaub und Arbeitszeit: Im SWR arbeiten wir 39 Stunden in der Woche. Dafür bekommst du 31 Tage Urlaub im Jahr. Für die Vorbereitung deiner Abschlussprüfung erhältst du zudem noch 10 Prüfungsfreistellungstage extra.
Vergünstigtes Jobticket: Als öffentlich-rechtliche Rundfunkanstalt tragen wir eine besondere Verantwortung – auch in Bezug auf unsere Umwelt. Deshalb bieten wir dir attraktive Mobilitätsmaßnahmen an. Dazu zählt beispielsweise ein vergünstigtes Jobticket für die Nutzung öffentlicher Verkehrsmittel an den drei Hauptstandorten Baden-Baden, Mainz und Stuttgart.
Vergünstigungen in der Kantine: Da wir wissen, dass besonders in den heutigen Zeiten das Geld oft knapp ist, bieten wir unseren jungen Lernenden faire Rabatte in unseren Kantinen an den Hauptstandorten Baden-Baden, Mainz und Stuttgart an.
Fort- und Weiterbildungen: Neben dem Betrieb besuchst du im Blockunterricht die Berufsschule. Zusätzlich kannst Du im SWR noch an verschiedenen Workshops und Seminaren teilnehmen.
Weiterbeschäftigungsgarantie: Das Beste kommt zum Schluss: Nach erfolgreich bestandener Abschlussprüfung gibt es - gemäß der Regelung im Tarifvertrag für Auszubildende - eine Weiterbeschäftigungsgarantie von 12 Monaten, in denen du dich weiter spezialisieren kannst.
Warum der SWR?
""Ich mache meine Ausbildung beim SWR, weil der SWR eine spannende Umgebung bietet, bei der ich jeden Tag mit anderen und von anderen lernen kann und wir so gemeinsam etwas bewegen.""
Joëlle Schlenker, Ausbildung zur Fachinformatikerin der Fachrichtung Anwendungsentwicklung

Mittlere Reife","1. Jahr: 1307 €
2. Jahr: 1370 €
3. Jahr: 1428 €",Mittlere Reife,Ausbildung | Fachinformatiker / Fachinformatikerin Anwendungsentwicklung (w/m/d),"Wir haben eine Herausforderung – unsere Zukunft! Wir als SWR bieten Orientierung, Heimat und Geborgenheit für die Menschen im Südwesten. Mit unseren Angeboten in Radio, TV und Web stehen wir für verlässliche Information, lebendige Kultur, Spaß und beste Unterhaltung und zeigen das Leben im Südwesten. Als Mitglied der ARD sind wir stolz darauf, mit unseren vielfältigen und qualitativ hochwertigen Angeboten wesentlich zur Meinungs- und Medienvielfalt beizutragen. Besonders gefordert sind wir durch das Zusammenspiel von medienpolitischen, technologischen und vor allem demografischen Veränderungen. Wir sind offen für Neues und stellen uns diesen Herausforderungen durch strukturelle Änderungen und technische Innovation. Heute und in Zukunft wollen wir ein unverwechselbares, interessantes und erfolgreiches Programm von hoher Qualität anbieten. Dazu brauchen wir Dich mit Deinen Fähigkeiten und Talenten. Bei uns starten Erfolgsstorys - auch Deine?",,https://www.SWR.de/karriere,https://www.SWR.de/karriere,company,,https://www.swr.de/unternehmen/karriere/schueler/fachinformatiker-anwendungsentwicklung-102.html,https://www.swr.de/unternehmen/karriere/schueler/fachinformatiker-anwendungsentwicklung-102.html,https://www.swr.de/unternehmen/karriere/schueler/fachinformatiker-anwendungsentwicklung-102.html,externe,,,,ausbildung_de,https://www.ausbildung.de/stellen/fachinformatiker-fachinformatikerin-anwendungsentwicklung-w-m-d-bei-suedwestrundfunk-anstalt-des-oeffentlichen-rechts-in-stuttgart-a959f44c-8c65-48fa-9686-a684e3bafe07/,False,,67,2026-06-11T11:22:47.255954+00:00
AD-9cc695b0-276e-4d91-b012-522cfdc9701c,ausbildung_de_ae,PFEIFFER & MAY Gruppe,,Karlsruhe,Unterweingartenfeld 7 76135 Karlsruhe Baden-Württemberg,"Fachinformatiker/Fachinformatikerin (m/w/d), Fachrichtung Anwendungsentwicklung

Mittlere Reife","1. Jahr: 1320,00 €
2. Jahr: 1373,00 €
3. Jahr: 1430,00 €",Mittlere Reife,"Ausbildung | Fachinformatiker/Fachinformatikerin (m/w/d), Fachrichtung Anwendungsentwicklung","Seit ihrer Gründung im Jahr 1906 ist die PFEIFFER & MAY Gruppe ein verlässlicher Partner, bestehend aus den Unternehmen LINK, LINSS, LÖFFELHARDT, LÖFFELHARDT Fliesen, P&M Service GmbH und P&M Digitale Dienste GmbH. Wir unterstützen das Fachhandwerk, bieten kundenorientierte Lösungen in unseren Badausstellungen und präsentieren uns als moderner und attraktiver Arbeitgeber. Wir sind stolz auf unsere tief verwurzelte Familientradition und streben als führender SHK-Großhändler im Südwesten Deutschlands entschlossen in die Zukunft. Bei der P&M Gruppe legen wir großen Wert auf das Wohl unserer 2500 Mitarbeiter*innen und 260 Azubis. Wir betrachten unsere Mitarbeiter*innen als aktive Gestalter unserer Unternehmenszukunft und unterstützen ihre Weiterentwicklung sowohl am eigenen Standort als auch gruppenweit. Dabei legen wir großen Wert auf ihre individuellen Interessen und Talente.",,https://pfeiffer-may.de/karriere/ausbildung,https://pfeiffer-may.de/karriere/ausbildung,company,manuel.meinzer@pum.de,https://ausbildung-pfeiffer-may-gruppe.career.softgarden.de/#jobs:category=%5B%22IT%22%5D&careerLevel=%5B%22Auszubildende%22%5D,https://ausbildung-pfeiffer-may-gruppe.career.softgarden.de/#jobs:category=%5B%22IT%22%5D&careerLevel=%5B%22Auszubildende%22%5D,https://ausbildung-pfeiffer-may-gruppe.career.softgarden.de/#jobs:category=%5B%22IT%22%5D&careerLevel=%5B%22Auszubildende%22%5D,externe,,,,ausbildung_de,https://www.ausbildung.de/stellen/fachinformatiker-fachinformatikerin-m-w-d-fachrichtung-anwendungsentwicklung-bei-pfeiffer-may-gruppe-in-karlsruhe-aa16340a-4ab7-42c5-8a30-c4ab76e8c6e8/,False,,73,2026-06-11T11:22:48.942780+00:00
AD-307441d3-fd4b-46a8-85cd-d6cfc0ff270c,ausbildung_de_ae,ZF Friedrichshafen AG,,Friedrichshafen,Friedrichshafen Baden-Württemberg,"Fachinformatiker Fachrichtung Anwendungsentwicklung (m/w/d)

Aufgaben und AblaufIst der Computer für dich mehr als eine Kiste voller Geheimnisse? Wenn du die Kontrolle über ausgeklügelte Betriebssysteme und Netzwerke haben willst, dann lernst du Fachinformatiker bei ZF. Je nach Voraussetzungen entscheiden wir gemeinsam, ob du dich in der Fachrichtung „Daten- und Prozessanalyse“ oder der Fachrichtung „Anwendungsentwicklung“ spezialisieren möchtest. Während der Ausbildung planst und programmierst du IT-Systeme und passt diese benutzergerecht an. Du konfigurierst und realisierst Branchensoftware zum Beispiel für Fahrzeuge im Bereich der Elektromobilität oder für die Vernetzung unserer modernen Produktionsanlagen. Für die Umsetzung der IT-Systeme verwendest du verschiedene Programmiersprachen. Nach einer Testphase ist die anschließende Schulung und Beratung der Anwender ein wichtiger Bestandteil deines Berufs. Auftretende Störungen an EDV-Systemen werden von dir analysiert und behoben. Im Team setzt du vielfältige Projekte um und erlernst dabei betriebswirtschaftliche Themen genauso wie informationstechnische Systeme.
WeiterbildungsmöglichkeitenWenn du dich nach der Ausbildung weiterbilden möchtest, stehen dir folgende Fortbildungsmöglichkeiten offen:
- Bachelor of Engineering
- Bachelor of Science
Spätere Einsatzbereiche
- Softwareentwicklung
- IT Service und Anwenderberatung
- Informatikabteilungen
- Forschung und Entwicklung
Voraussetzungen und AusbildungsdauerFür die Ausbildung benötigst du einen guten mittleren Bildungsabschluss. Die reguläre Ausbildung dauert 3 Jahre. Durch gute theoretische und praktische Leistungen während der Ausbildung kannst du die vorzeitige Zulassung zur IHK-Abschlussprüfung erreichen. Das verkürzt deine Ausbildungszeit auf 2,5 Jahre.",,"Aufgaben und AblaufIst der Computer für dich mehr als eine Kiste voller Geheimnisse? Wenn du die Kontrolle über ausgeklügelte Betriebssysteme und Netzwerke haben willst, dann lernst du Fachinformatiker bei ZF. Je nach Voraussetzungen entscheiden wir gemeinsam, ob du dich in der Fachrichtung „Daten- und Prozessanalyse“ oder der Fachrichtung „Anwendungsentwicklung“ spezialisieren möchtest. Während der Ausbildung planst und programmierst du IT-Systeme und passt diese benutzergerecht an. Du konfigurierst und realisierst Branchensoftware zum Beispiel für Fahrzeuge im Bereich der Elektromobilität oder für die Vernetzung unserer modernen Produktionsanlagen. Für die Umsetzung der IT-Systeme verwendest du verschiedene Programmiersprachen. Nach einer Testphase ist die anschließende Schulung und Beratung der Anwender ein wichtiger Bestandteil deines Berufs. Auftretende Störungen an EDV-Systemen werden von dir analysiert und behoben. Im Team setzt du vielfältige Projekte um und erlernst dabei betriebswirtschaftliche Themen genauso wie informationstechnische Systeme.
WeiterbildungsmöglichkeitenWenn du dich nach der Ausbildung weiterbilden möchtest, stehen dir folgende Fortbildungsmöglichkeiten offen:
- Bachelor of Engineering
- Bachelor of Science
Spätere Einsatzbereiche
- Softwareentwicklung
- IT Service und Anwenderberatung
- Informatikabteilungen
- Forschung und Entwicklung
Voraussetzungen und AusbildungsdauerFür die Ausbildung benötigst du einen guten mittleren Bildungsabschluss. Die reguläre Ausbildung dauert 3 Jahre. Durch gute theoretische und praktische Leistungen während der Ausbildung kannst du die vorzeitige Zulassung zur IHK-Abschlussprüfung erreichen. Das verkürzt deine Ausbildungszeit auf 2,5 Jahre.",Ausbildung | Fachinformatiker Fachrichtung Anwendungsentwicklung (m/w/d),"Eine Ausbildung oder ein Duales Studium beim weltweit aktiven Technologiekonzern in der Antriebs- und Fahrwerktechnik sowie der aktiven und passiven Sicherheitstechnik – die perfekte Basis für einen erfolgreichen Start ins Berufsleben! ZF bietet dir eine große Auswahl an Ausbildungsangeboten und dualen Studiengängen an über 25 Standorten in ganz Deutschland. ZF ist ein weltweit aktiver Technologiekonzern und liefert Systeme für die Mobilität von Pkw, Nutzfahrzeugen und Industrietechnik. ZF lässt Fahrzeuge sehen, denken und handeln: In den vier Technologiefeldern Vehicle Motion Control, integrierte Sicherheit, automatisiertes Fahren und Elektromobilität bietet ZF umfassende Produkt- und Software-Lösungen für etablierte Fahrzeughersteller sowie für neu entstehende Anbieter von Transport- und Mobilitätsdienstleistungen. ZF elektrifiziert Fahrzeuge unterschiedlichster Kategorien und trägt mit seinen Produkten dazu bei, Emissionen zu reduzieren, das Klima zu schützen und die Mobilität sicherer zu machen.",,https://ausbildungsfinder.zf.com/,https://ausbildungsfinder.zf.com/,company,,https://ausbildungsfinder.zf.com/offer/fachinformatiker-fachrichtung-anwen/7cdcf545-2802-554c-aa7f-80b8e2109de2,https://ausbildungsfinder.zf.com/offer/fachinformatiker-fachrichtung-anwen/7cdcf545-2802-554c-aa7f-80b8e2109de2,https://ausbildungsfinder.zf.com/offer/fachinformatiker-fachrichtung-anwen/7cdcf545-2802-554c-aa7f-80b8e2109de2,externe,,,,ausbildung_de,https://www.ausbildung.de/stellen/fachinformatiker-fachrichtung-anwendungsentwicklung-m-w-d-bei-zf-group-zf-friedrichshafen-ag-in-friedrichshafen-16799fbb-451d-402e-9fd3-cb247bfee0a1/,False,,60,2026-06-11T11:22:50.631446+00:00
AD-23649422-c2e8-47bc-86a9-db14294ecae1,ausbildung_de_ae,ZF Active Safety GmbH,,Koblenz,Koblenz Rheinland-Pfalz,"Fachinformatiker für Anwendungsentwicklung (m/w/d)

Voraussetzungen und AusbildungsdauerFür die Ausbildung benötigst du die Fachhochschulreife bzw. Mittlere Reife mit guten Noten in Mathematik, Deutsch und Physik und idealerweise dem Fach Informatik.",,"Voraussetzungen und AusbildungsdauerFür die Ausbildung benötigst du die Fachhochschulreife bzw. Mittlere Reife mit guten Noten in Mathematik, Deutsch und Physik und idealerweise dem Fach Informatik.",Ausbildung | Fachinformatiker für Anwendungsentwicklung (m/w/d),"Eine Ausbildung oder ein Duales Studium beim weltweit aktiven Technologiekonzern in der Antriebs- und Fahrwerktechnik sowie der aktiven und passiven Sicherheitstechnik – die perfekte Basis für einen erfolgreichen Start ins Berufsleben! ZF bietet dir eine große Auswahl an Ausbildungsangeboten und dualen Studiengängen an über 25 Standorten in ganz Deutschland. ZF ist ein weltweit aktiver Technologiekonzern und liefert Systeme für die Mobilität von Pkw, Nutzfahrzeugen und Industrietechnik. ZF lässt Fahrzeuge sehen, denken und handeln: In den vier Technologiefeldern Vehicle Motion Control, integrierte Sicherheit, automatisiertes Fahren und Elektromobilität bietet ZF umfassende Produkt- und Software-Lösungen für etablierte Fahrzeughersteller sowie für neu entstehende Anbieter von Transport- und Mobilitätsdienstleistungen. ZF elektrifiziert Fahrzeuge unterschiedlichster Kategorien und trägt mit seinen Produkten dazu bei, Emissionen zu reduzieren, das Klima zu schützen und die Mobilität sicherer zu machen.",,https://ausbildungsfinder.zf.com/,https://ausbildungsfinder.zf.com/,company,,https://ausbildungsfinder.zf.com/offer/fachinformatiker-fur-anwendungsentw/393f9ef0-0819-5a14-be15-e8e873677cb2,https://ausbildungsfinder.zf.com/offer/fachinformatiker-fur-anwendungsentw/393f9ef0-0819-5a14-be15-e8e873677cb2,https://ausbildungsfinder.zf.com/offer/fachinformatiker-fur-anwendungsentw/393f9ef0-0819-5a14-be15-e8e873677cb2,externe,,,,ausbildung_de,https://www.ausbildung.de/stellen/fachinformatiker-fuer-anwendungsentwicklung-m-w-d-bei-zf-group-zf-friedrichshafen-ag-in-koblenz-0a8087fe-c4f2-410e-867c-de2aaccbcf0a/,False,,60,2026-06-11T11:22:52.343425+00:00
AD-dea88993-ddb8-4f01-b087-6435a031744c,ausbildung_de_ae,u-form Testsysteme GmbH,,Solingen,Klauberger Str. 1 42651 Solingen Nordrhein-Westfalen,"Fachinformatiker/in - Anwendungsentwicklung (Ausbildung)

Mittlere Reife","1. Jahr: 1000 €
2. Jahr: 1100 €
3. Jahr: 1200 €",Mittlere Reife,Ausbildung | Fachinformatiker/in - Anwendungsentwicklung (Ausbildung),"u-form GruppeZwei Familienunternehmen - viele AufgabenDer u-form Verlag besteht nun schon seit 125 Jahren und hat über die Jahre beweisen, dass eine gesundere Mischung aus motivierten Mitarbeitern, zukunftsorientiertem Handeln und Tradition für uns die Garanten des Erfolges sind und bleiben. Unsere Produkte unterstützen Azubis bei der Prüfungsvorbereitung. Dabei setzten wir sowohl auf bewährte Printprodukte als auch auf innovative digitale Medien.Die u-form Testsysteme GmbH & Co KG ist ein junges kontinuierlich wachsendes Unternehmen mit Firmensitz in Solingen. Azubi-Recruiting sowie Online-und Papiertests sind unsere Themen. Egal in welchem der beiden Unternehmen Du startest, eins ist sicher. Wir bieten Dir ein familiäres Umfeld und interessante Aufgaben von Anfang an. Unabhängig von deiner Aufgabe darfst du dich darauf freuen: Gleitzeitregelung mit Arbeitszeitkonto Azubi-Ticket oder Parkplatz auf dem Firmengelände Zentrale Lage in der Solinger Innenstadt Gesundheitsmaßnahmen am Arbeitsplatz z. B. Massagen Obstkorb, Kaffee und einiges mehr",,http://htttp://www.my-uform.de,http://htttp://www.my-uform.de,company,hasler@u-form.de,https://www.ausbildung.de/direktbewerbung/fachinformatiker-in-anwendungsentwicklung-ausbildung-bei-u-form-gruppe-in-solingen-00a9d945-b621-4a55-8052-31a49c2a77c8/,https://www.ausbildung.de/direktbewerbung/fachinformatiker-in-anwendungsentwicklung-ausbildung-bei-u-form-gruppe-in-solingen-00a9d945-b621-4a55-8052-31a49c2a77c8/,https://www.ausbildung.de/direktbewerbung/fachinformatiker-in-anwendungsentwicklung-ausbildung-bei-u-form-gruppe-in-solingen-00a9d945-b621-4a55-8052-31a49c2a77c8/,externe,,,,ausbildung_de,https://www.ausbildung.de/stellen/fachinformatiker-in-anwendungsentwicklung-ausbildung-bei-u-form-gruppe-in-solingen-00a9d945-b621-4a55-8052-31a49c2a77c8/,False,,73,2026-06-11T11:22:53.860110+00:00
AD-9cc56f2e-e2be-46b4-8e94-c149a465e3ab,ausbildung_de_ae,Technische Universität Braunschweig,,Braunschweig,Universitätsplatz 2 38106 Braunschweig Niedersachsen,"Fachinformatiker/in - Anwendungsentwicklung (m/w/d)

Deine Aufgaben
Als Fachinformatiker*in setzt du IT-Fachwissen gezielt ein, um komplexe Systeme der Informations- und Kommunikationstechnik zu gestalten. Dabei gibt es verschiedene Schwerpunkte, die du wählen kannst:
- Systemintegration: Du vernetzt Hard- und Softwarekomponenten und sorgst dafür, dass alles reibungslos zusammenarbeitet.
- Anwendungsentwicklung: Hier programmierst du Software und entwickelst neue Anwendungen.
In jedem dieser Bereiche entwickelst und führst du IT-Projekte durch, schreibst hilfreiche Dokumentationen und Benutzerhandbücher und unterstützt Nutzer*innen mit Schulungen und persönlicher Betreuung.
Unabhängig vom Schwerpunkt ist die Arbeit abwechslungsreich und bietet viele spannende Herausforderungen. Es wird ständig dazugelernt und dir die Möglichkeit geboten, in verschiedenen Bereichen der IT Fuß zu fassen.
Unsere Erwartungen
- Du hast mindestens einen erweiterten Realschulabschluss
- Du hast eine mindestens befriedigende Note in Mathematik, technisch-naturwissenschaftlichen Fächern, Deutsch und Englisch
- Du bringst sehr gute Deutschkenntnisse (min. C1) und Englischkenntnisse (min. B1) mit
- Du brennst für Technik und willst die neuesten Kommunikationstechnologien direkt selbst ausprobieren.

Mittlere Reife

Was wir bieten
- Vielfältige und praxisorientierte Ausbildung
- Attraktive Vergütung nach TVA-L
- Flexible Arbeitszeitmodelle
- Krisensicherer Arbeitsplatz
- Zahlreiche interne Weiterbildungsmöglichkeiten
- Uni-Sportangebot mit über 100 Sportarten
Hinweise
Wir freuen uns auf Bewerber*innen aller Nationalitäten. Gleichzeitig begrüßen wir das Interesse schwerbehinderter Menschen und bevorzugen deren Bewerbungen bei gleicher Eignung. Bitte weise bereits bei der Bewerbung darauf hin und füge einen Nachweis bei. Ferner arbeiten wir basierend auf dem Niedersächsischen Gleichberechtigungsgesetz (NGG) an der Erfüllung des Gleichstellungsauftrages.
Bewerbungskosten können leider nicht erstattet werden.
Wir freuen uns auf deine Bewerbung!
Bitte beachte dabei, dass lediglich Bewerbungen, die über das Online-Formular der TU Braunschweig eingehen, berücksichtigt werden können: https://vacancies.tu-braunschweig.de/nccm5
Teile uns in deiner Bewerbung mit, welchen Schwerpunkt du wählen möchtest, und begründe kurz, warum genau diese Ausbildung gut zu dir passt.
BEWERBUNGSFRIST
Wir freuen uns auf deine Online-Bewerbung bis zum 12.06.2026.
ANSPRECHPERSONEN
Fragen zur Ausbildung beantwortet gerne Wolfgang Fronius-Behrendt
T + 49 531 391 63703
wolfgang.fronius-behrendt@tu-braunschweig.de
Für Rückfragen in personalrechtlichen Angelegenheiten wende dich bitte an Laura Proboll
T + 49 531 391 4169
laura.proboll@tu-braunschweig.de
www.tu-braunschweig.de/azubi",,Mittlere Reife,Ausbildung | Fachinformatiker/in - Anwendungsentwicklung (m/w/d),"Du möchtest wirklich etwas bewegen – für dich und für die Menschen in Niedersachsen? Du suchst eine Ausbildung oder ein duales Studium, das Sicherheit, Perspektiven und Sinn vereint? Dann bist Du beim Land Niedersachsen genau richtig!Als größter Arbeitgeber in Niedersachsen bieten wir Dir über 80 unterschiedliche Ausbildungsberufe und mehr als 20 duale Studiengänge oder Stipendien. Warum Deine Karriere beim Land Niedersachsen starten? Vielfältige Möglichkeiten: Ob Verwaltung, Polizei, Finanzämter Technik, IT, Justiz oder Gesundheit – bei uns findest Du sicher den Job, der zu Dir passt. Stabilität und Sicherheit: Bei uns bist Du gut abgesichert und kannst entspannt in die Zukunft schauen. Gestalte die Zukunft – Deine und unsere: Arbeite für das Gemeinwohl, stärke Niedersachsen und gib Deiner Arbeit Sinn und Bedeutung. Work-Life-Balance: Dank flexibler Arbeitszeiten kannst Du Job und Freizeit gut unter einen Hut bringen und entspannt Deinen Hobbys nachgehen. Gemeinsam statt allein: Vielfalt ist uns wichtig! Wir unterstützen Menschen mit Behinderungen, sorgen für echte Chancengleichheit und fördern ein respektvolles Miteinander. Und vieles mehr Weitere Informationen findest du unter karriere.niedersachsen.de oder folge uns auf unseren Social-Media-Kanälen Instagram @arbeitgeber.niedersachsen YouTube @Arbeitgeber-Niedersachsen LinkedIn @Land Niedersachsen","Was wir bieten
- Vielfältige und praxisorientierte Ausbildung
- Attraktive Vergütung nach TVA-L
- Flexible Arbeitszeitmodelle
- Krisensicherer Arbeitsplatz
- Zahlreiche interne Weiterbildungsmöglichkeiten
- Uni-Sportangebot mit über 100 Sportarten
Hinweise
Wir freuen uns auf Bewerber*innen aller Nationalitäten. Gleichzeitig begrüßen wir das Interesse schwerbehinderter Menschen und bevorzugen deren Bewerbungen bei gleicher Eignung. Bitte weise bereits bei der Bewerbung darauf hin und füge einen Nachweis bei. Ferner arbeiten wir basierend auf dem Niedersächsischen Gleichberechtigungsgesetz (NGG) an der Erfüllung des Gleichstellungsauftrages.
Bewerbungskosten können leider nicht erstattet werden.
Wir freuen uns auf deine Bewerbung!
Bitte beachte dabei, dass lediglich Bewerbungen, die über das Online-Formular der TU Braunschweig eingehen, berücksichtigt werden können: https://vacancies.tu-braunschweig.de/nccm5
Teile uns in deiner Bewerbung mit, welchen Schwerpunkt du wählen möchtest, und begründe kurz, warum genau diese Ausbildung gut zu dir passt.
BEWERBUNGSFRIST
Wir freuen uns auf deine Online-Bewerbung bis zum 12.06.2026.
ANSPRECHPERSONEN
Fragen zur Ausbildung beantwortet gerne Wolfgang Fronius-Behrendt
T + 49 531 391 63703
wolfgang.fronius-behrendt@tu-braunschweig.de
Für Rückfragen in personalrechtlichen Angelegenheiten wende dich bitte an Laura Proboll
T + 49 531 391 4169
laura.proboll@tu-braunschweig.de
www.tu-braunschweig.de/azubi",https://karriere.niedersachsen.de/,https://karriere.niedersachsen.de/,company,wolfgang.fronius-behrendt@tu-braunschweig.de,https://karriere.niedersachsen.de/Stellenangebote.html?typ=&berufsgruppen=&besoldungsentgeltgruppeIds=&schulabschluss=&plz=&entfernung=&suchwort=116408,https://karriere.niedersachsen.de/Stellenangebote.html?typ=&berufsgruppen=&besoldungsentgeltgruppeIds=&schulabschluss=&plz=&entfernung=&suchwort=116408,https://karriere.niedersachsen.de/Stellenangebote.html?typ=&berufsgruppen=&besoldungsentgeltgruppeIds=&schulabschluss=&plz=&entfernung=&suchwort=116408,externe,,,,ausbildung_de,https://www.ausbildung.de/stellen/fachinformatiker-in-anwendungsentwicklung-m-w-d-bei-land-niedersachsen-in-braunschweig-a410e690-c81d-4a0e-8bbc-97357ac022d3/,False,,73,2026-06-11T11:22:55.416438+00:00
AD-e0974aee-08a8-4951-9a4b-9852554af61d,ausbildung_de_ae,Roche Diagnostics GmbH Penzberg,,Penzberg,Nonnenwald 2 82377 Penzberg Bayern,"Fachinformatiker:in für Anwendungsentwicklung, Standort Penzberg

Mittlere Reife",,Mittlere Reife,"Ausbildung | Fachinformatiker:in für Anwendungsentwicklung, Standort Penzberg","Als eines der größten Gesundheitsunternehmen erforschen und entwickeln wir Medikamente & Diagnostika für Patient:innen weltweit und setzen uns für mehr Vernetzung & Digitalisierung im Gesundheitswesen ein. Das Leben von Menschen durch diagnostische, therapeutische & digitale Lösungen zu verbessern – darum geht es bei den mehr als 103.000 Mitarbeitenden von Roche weltweit. Viele unserer vor Jahrzehnten entwickelten Innovationen bringen bis heute Millionen Menschen großen Nutzen. Auf der Liste der unentbehrlichen Medikamente der Weltgesundheitsorganisation (WHO) sind 32 unserer Produkte aufgeführt – ein Spitzenwert.",,https://www.roche.com/,https://www.roche.com/,company,deutschland.recruiting_ausbildung@roche.com,https://careers.roche.com/de/de/job/202605-111880/Ausbildung-2027-Fachinformatiker-in-f%C3%BCr-Anwendungsentwicklung-Standort-Penzberg,https://careers.roche.com/de/de/job/202605-111880/Ausbildung-2027-Fachinformatiker-in-f%C3%BCr-Anwendungsentwicklung-Standort-Penzberg,https://careers.roche.com/de/de/job/202605-111880/Ausbildung-2027-Fachinformatiker-in-f%C3%BCr-Anwendungsentwicklung-Standort-Penzberg,externe,,"Bewirb Dich jetzt – lade mit Deiner Bewerbung einen Lebenslauf, ein Anschreiben sowie Deine letzten beiden Schulzeugnisse als eine PDF-Datei hoch.
Wichtig: Bitte achte auf die Vollständigkeit Deiner Bewerbung. Es können nachträglich keine Dokumente hochgeladen werden.
Wir freuen uns auf Deine Bewerbung!
Bei Rückfragen oder Problemen wende Dich gerne an deutschland.recruiting_ausbildung@roche.com.",,ausbildung_de,https://www.ausbildung.de/stellen/fachinformatiker-in-fuer-anwendungsentwicklung-standort-penzberg-bei-roche-diagnostics-gmbh-in-penzberg-84cd11b2-140e-4e0b-8f61-4c2fd0864920/,False,,73,2026-06-11T11:22:57.156517+00:00
AD-924a3633-6014-42fe-a5b0-2b13deb34866,ausbildung_de_ae,SAP SE,,Walldorf (Baden),Dietmar-Hopp-Allee 16 69190 Walldorf (Baden) Baden-Württemberg,"Fachinformatiker:in (m/w/d) Fachrichtung Anwendungsentwicklung Start 2027 (STAR)

Mittlere Reife","1. Jahr: 1280 €
2. Jahr: 1360 €
3. Jahr: 1440 €",Mittlere Reife,Ausbildung | Fachinformatiker:in (m/w/d) Fachrichtung Anwendungsentwicklung Start 2027 (STAR),"Im Jahre 1972 hatten fünf junge Unternehmer eine Vision: Sie wollten eine Standardsoftware entwickeln, die Unternehmen jeder Größe hilft, schneller und effizienter zu arbeiten. Ihr neues Unternehmen nannten sie SAP. Mit einem Kunden und einigen wenigen Mitarbeitern schlug SAP 1972 einen Weg ein, der nicht nur die Welt der IT, sondern auch die Art und Weise, in der Unternehmen ihre Geschäfte abwickeln, verändern sollte. Seitdem steht SAP mit mehr als 100.000 Mitarbeitern in mehr als 140 Ländern weltweit für Innovation, Erfolg und Kreativität.",,https://www.sap.de/ausbildung,https://www.sap.de/ausbildung,company,ausbildung@sap.com,https://jobs.sap.com/job/Walldorf-Fachinformatikerin-%28mwd%29-Fachrichtung-Anwendungsentwicklung-Start-2027-%28STAR%29-69190/1368921733/,https://jobs.sap.com/job/Walldorf-Fachinformatikerin-%28mwd%29-Fachrichtung-Anwendungsentwicklung-Start-2027-%28STAR%29-69190/1368921733/,https://jobs.sap.com/job/Walldorf-Fachinformatikerin-%28mwd%29-Fachrichtung-Anwendungsentwicklung-Start-2027-%28STAR%29-69190/1368921733/,externe,Bei Fragen kannst Du Dich gerne per Mail an ausbildung@sap.com wenden. Wir freuen uns auf Deine Bewerbung!,,,ausbildung_de,https://www.ausbildung.de/stellen/fachinformatiker-in-m-w-d-fachrichtung-anwendungsentwicklung-start-2027-star-bei-sap-se-in-walldorf-baden-e89acd4e-7f00-43e1-a1e0-324acf84b3bc/,False,,80,2026-06-11T11:22:58.887500+00:00
AD-2cede5c6-21e7-44f2-a432-b16abf8fdb78,ausbildung_de_ae,sophisTex GmbH,,Brühl (Baden),Zeppelinstr. 5 68782 Brühl (Baden) Baden-Württemberg,"Fachinformatiker (w/m/d) der Fachrichtung Anwendungsentwicklung Start 2026 Standort Brühl (Baden)

Mittlere Reife","1. Jahr: 1200 €
2. Jahr: 1300 €
3. Jahr: 1400 €",Mittlere Reife,Ausbildung | Fachinformatiker (w/m/d) der Fachrichtung Anwendungsentwicklung Start 2026 Standort Brühl (Baden),"Unser Unternehmen ist wie ein Superheldenteam für Softwarelösungen! Wir rocken Sachen wie SAP S/4HANA, SAP Business Suite/ERP und mehr. Unsere Mission? Wir wollen das Softwaregame für unsere Kunden von Anfang bis Ende aufwerten!Unser Team ist eine Crew von Software-Pros, die unseren Kunden dabei helfen, die volle Kontrolle über ihre Software zu bekommen und das Maximum daraus herauszuholen. Egal, ob es um Tipps zur Software, technische Beratung oder die Optimierung der Prozesse geht - wir sind am Start, um ihnen zu helfen. Wir stehen für erstklassige Services und Lösungen, die unsere Kunden zum Strahlen bringen!Aber hey, das ist noch nicht alles! Wir haben sogar unsere eigenen Hacks - äh, Lösungen - die den Wert der SAP-Software steigern und helfen, produktiver zu sein.",,https://www.sophistex.com/,https://www.sophistex.com/,company,jobs@sophistex.com,https://www.ausbildung.de/direktbewerbung/fachinformatiker-w-m-d-der-fachrichtung-anwendungsentwicklung-start-2025-standort-bruehl-baden-bei-sophistex-gmbh-in-bruehl-baden-d753b534-4d03-41af-bd08-e8a7687b202d/,https://www.ausbildung.de/direktbewerbung/fachinformatiker-w-m-d-der-fachrichtung-anwendungsentwicklung-start-2025-standort-bruehl-baden-bei-sophistex-gmbh-in-bruehl-baden-d753b534-4d03-41af-bd08-e8a7687b202d/,https://www.ausbildung.de/direktbewerbung/fachinformatiker-w-m-d-der-fachrichtung-anwendungsentwicklung-start-2025-standort-bruehl-baden-bei-sophistex-gmbh-in-bruehl-baden-d753b534-4d03-41af-bd08-e8a7687b202d/,externe,,,,ausbildung_de,https://www.ausbildung.de/stellen/fachinformatiker-w-m-d-der-fachrichtung-anwendungsentwicklung-start-2025-standort-bruehl-baden-bei-sophistex-gmbh-in-bruehl-baden-d753b534-4d03-41af-bd08-e8a7687b202d/,False,,73,2026-06-11T11:23:00.683045+00:00
AD-85a46b73-67dc-4069-9f93-fa01c4a0764b,ausbildung_de_ae,Rota Yokogawa GmbH & Co. KG,,Wehr (Baden),Rheinstraße 8 79664 Wehr (Baden) Baden-Württemberg,"Ausbildung Fachinformatiker/in für Anwendungsentwicklung (m/w/d)

Das erwartet Dich
- Entwicklung moderner Softwarelösungen mit mathematischem Fokus und C# / .NET
- Datenanalyse & Algorithmen – bringe komplexe Berechnungen in die Praxis
- Spannende Projekte, in denen Du von Anfang an mitgestalten kannst

Das bringst Du mit
- Eine abgeschlossene Mittlere Reife oder (Fach-)Hochschulreife
- Ein gutes mathematisches Verständnis und Zahlenaffinität
- Interesse an logischem & analytischem Denken
- Eigeninitiative und eine lösungsorientierte Arbeitsweise
- Teamgeist und Kommunikationsstärke
- Gute Deutsch- und Englischkenntnisse

Das bieten wir Dir
- Eine intensive Einarbeitung in einem jungen Team
- Ein moderner Arbeitsplatz mit eigenem Laptop
- Attraktive Vergütung nach IG-Metall-Tarif
- Betriebskantine & kostenlose Getränke
- Betriebliche Altersvorsorge & Gesundheitsangebote",,"Das bringst Du mit
- Eine abgeschlossene Mittlere Reife oder (Fach-)Hochschulreife
- Ein gutes mathematisches Verständnis und Zahlenaffinität
- Interesse an logischem & analytischem Denken
- Eigeninitiative und eine lösungsorientierte Arbeitsweise
- Teamgeist und Kommunikationsstärke
- Gute Deutsch- und Englischkenntnisse",Ausbildung | Fachinformatiker/in für Anwendungsentwicklung (m/w/d),"Rota Yokogawa in Wehr a. Rhein, gelegen im attraktiven Dreiländereck (CH/D/F), ist das europäische Center of Process Instrumentation innerhalb des Yokogawa-Konzerns, eines weltweit führenden Unternehmens für Industrial Automation mit 4 Mrd. USD Umsatz. Wir verbinden die Dynamik eines mittelständischen Unternehmens mit der Stärke eines weltweiten Konzerns. Wir sind ein Hightech-Unternehmen, welches sich dynamisch entwickelt und zu den führenden Unternehmen in seinem Geschäftsbereich zählt.","Das bieten wir Dir
- Eine intensive Einarbeitung in einem jungen Team
- Ein moderner Arbeitsplatz mit eigenem Laptop
- Attraktive Vergütung nach IG-Metall-Tarif
- Betriebskantine & kostenlose Getränke
- Betriebliche Altersvorsorge & Gesundheitsangebote",https://www.yokogawa.com/de/about/rota-yokogawa/,https://www.yokogawa.com/de/about/rota-yokogawa/,company,Ausbildung@yokogawa.com,https://www.ausbildung.de/direktbewerbung/informatik-bachelor-of-science-m-w-d-bei-rota-yokogawa-gmbh-co-kg-in-wehr-baden-771736e5-8862-4082-82ba-eb39b46f896c/,https://www.ausbildung.de/direktbewerbung/informatik-bachelor-of-science-m-w-d-bei-rota-yokogawa-gmbh-co-kg-in-wehr-baden-771736e5-8862-4082-82ba-eb39b46f896c/,https://www.ausbildung.de/direktbewerbung/informatik-bachelor-of-science-m-w-d-bei-rota-yokogawa-gmbh-co-kg-in-wehr-baden-771736e5-8862-4082-82ba-eb39b46f896c/,externe,,,,ausbildung_de,https://www.ausbildung.de/stellen/informatik-bachelor-of-science-m-w-d-bei-rota-yokogawa-gmbh-co-kg-in-wehr-baden-771736e5-8862-4082-82ba-eb39b46f896c/,False,,73,2026-06-11T11:23:02.527303+00:00
