referenznummer,category_id,nama_perusahaan,titik_data_di_peta,posisi_kota,alamat_detail,detail_deskripsi,gaji,persyaratan,jenis_ausbildung,beruf_typ,deskripsi_perusahaan,apa_yang_ditawarkan,link_website_perusahaan,link_website_perusahaan_resmi,website_type,alamat_email_bewerbung,link_bewerbung,link_bewerbung_externe,link_bewerbung_efektif,bewerbung_sumber,kontak_penanggung_jawab,dokumen_yang_harus_dipenuhi,ba_job_url,sumber_data,ausbildung_de_url,is_duplicate_of_arbeitsagentur,duplicate_of_refnr,kelengkapan_score,tahun_mulai,bulan_mulai,tanggal_mulai,scraped_at
AZUB-gfb2g18c,azubiyo_de_ae,Azubiyo,,"Bönen, Altenbögge, Flierich, Nordbögge, Osterbönen, Westerbönen","Siemensstr. 1 59199 Bönen, Altenbögge, Flierich, Nordbögge, Osterbönen, Westerbönen Nordrhein-Westfalen","Ausbildung Fachinformatiker Anwendungsentwicklung (m/w/d)

Das erwartet Dich
- Du wirst in die IT-Infrastruktur eingewiesen
- Du entwickelst, installierst, testest und betreust Softwarelösungen
- Du unterstützt bei der Ausführung von Softwaretests
- Du planst, dokumentierst und führst Projekte durch
- Du bekommst ein Verständnis für die Struktur und Funktionsweise komplexer IT-Systeme
- Du berätst und schulst interne Anwender
- Du arbeitest im operativen Tagesgeschäft mit und unterstützt eigenständig

Das solltest Du mitbringen
- Fachhochschulreife oder Abitur
- Du hast gute Leistungen in Mathematik, Informatik und Englisch
- Du bist begeisterst von Software-Entwicklung, digitalen Technologien und IT-Themen
- Du hast Interesse am Programmieren in verschiedenen Programmiersprachen
- Du hast logisches und analytisches Denkvermögen, sowie eine strukturierte Arbeitsweise
- Du zeigst Eigeninitiative, Neugierde und Lernbereitschaft

Darauf kannst Du Dich freuen
- Wir bieten Dir eine vielseitige Ausbildung
- Wir sind ein gesundes und wachstumsorientiertes Unternehmen mit derzeit 380 Mitarbeitern
- Du erhältst eine attraktive Ausbildungsvergütung und zusätzlich ein 13. Monatsgehalt (Urlaubs-/Weihnachtsgeld)
- Du hast 30 Urlaubstage im Jahr
- Du erhältst Unterstützung bei der Prüfungsvorbereitung durch Vorbereitungskurse
- Du hast ein Gleitzeitkonto
- Dir wird ein Laptop bereitgestellt
- Interne Schulungen und Möglichkeiten zur Weiterbildung
- Du hast sehr gute Übernahmechancen nach der Ausbildung
- Wir haben ein Bistro (Kantine), bezuschusst durch den Arbeitgeber
Gut zu wissen
Ausbildungsdauer
Drei Jahre
Berufsschulunterricht
Während Deiner gesamten Ausbildung besuchst Du an ein bis zwei Tagen pro Woche die Berufsschule in Unna oder Hamm. Du nimmst an einer zweiteiligen Prüfung vor der Industrie- und Handelskammer teil.","1.100 €, 1.200 €, 1.300 €","Das solltest Du mitbringen
- Fachhochschulreife oder Abitur
- Du hast gute Leistungen in Mathematik, Informatik und Englisch
- Du bist begeisterst von Software-Entwicklung, digitalen Technologien und IT-Themen
- Du hast Interesse am Programmieren in verschiedenen Programmiersprachen
- Du hast logisches und analytisches Denkvermögen, sowie eine strukturierte Arbeitsweise
- Du zeigst Eigeninitiative, Neugierde und Lernbereitschaft",Ausbildung | Fachinformatiker Anwendungsentwicklung (m/w/d),ae,Azubiyo ist eines der größten deutschen Ausbildungsportale mit einem breiten Angebot an freien Ausbildungs- und Dualen Studienplätzen. Mit unserem einzigartigen Matching-Verfahren bringen wir Bewerber und Unternehmen passgenau zusammen. Neben dem Stellenmarkt informiert das Portal zu allen Themen rund um Berufswahl und Bewerbung. Die Ausbildungsjobbörse gehört zur Dachmarke FUNKE Works.,"Darauf kannst Du Dich freuen
- Wir bieten Dir eine vielseitige Ausbildung
- Wir sind ein gesundes und wachstumsorientiertes Unternehmen mit derzeit 380 Mitarbeitern
- Du erhältst eine attraktive Ausbildungsvergütung und zusätzlich ein 13. Monatsgehalt (Urlaubs-/Weihnachtsgeld)
- Du hast 30 Urlaubstage im Jahr
- Du erhältst Unterstützung bei der Prüfungsvorbereitung durch Vorbereitungskurse
- Du hast ein Gleitzeitkonto
- Dir wird ein Laptop bereitgestellt
- Interne Schulungen und Möglichkeiten zur Weiterbildung
- Du hast sehr gute Übernahmechancen nach der Ausbildung
- Wir haben ein Bistro (Kantine), bezuschusst durch den Arbeitgeber
Gut zu wissen
Ausbildungsdauer
Drei Jahre
Berufsschulunterricht
Während Deiner gesamten Ausbildung besuchst Du an ein bis zwei Tagen pro Woche die Berufsschule in Unna oder Hamm. Du nimmst an einer zweiteiligen Prüfung vor der Industrie- und Handelskammer teil.",,,empty,bewerbung@pharmlog.de,https://www.azubiyo.de/stellenanzeigen/GFB2G18C/bewerben/,https://www.azubiyo.de/stellenanzeigen/GFB2G18C/bewerben/,https://www.azubiyo.de/stellenanzeigen/GFB2G18C/bewerben/,externe,"- Du bist zuverlässig, kontaktfreudig und hast Interesse in einem Team zu arbeiten","Deine Bewerbungsunterlagen sollten beinhalten:
- Anschreiben
- Lebenslauf
- Die letzten beiden Schulzeugnisse
- Falls vorhanden: Zertifikate und Bescheinigungen
Interessiert? Dann bewirb Dich bei uns und werde Teil unseres Teams!
PharmLog Pharma Logistik GmbH
Siemensstraße 1
59199 Bönen
E-Mail: bewerbung@pharmlog.de",,azubiyo_de,https://www.azubiyo.de/stellenanzeigen/ausbildung-fachinformatiker-anwendungsentwicklung-_pharmlog-pharma-logistik_gfb2g18c/,False,,87,,,,2026-06-12T09:49:45.191936+00:00
AZUB-d6544fb4,azubiyo_de_ae,Azubiyo,,"Karlsruhe, Thomashof","Fiduciastraße 20 76227 Karlsruhe, Thomashof Baden-Württemberg","Ausbildung Fachinformatiker Anwendungsentwicklung (m/w/d), Karlsruhe, 2026

Deine Aufgaben:
- Erlerne Programmiersprachen und Tools: Du baust wichtige Skills für die Softwareentwicklung auf.
- Entwickle Bankensoftware: Du gestaltest innovative Anwendungen und optimierst bestehende Systeme.
- Erstelle und setze Anwendungskonzepte um: Du bringst kreative Ideen in die Entwicklung ein.
- Designe und entwickle Weboberflächen: Du sorgst für intuitive und benutzerfreundliche Interfaces.
- Teste und dokumentiere: Du stellst sicher, dass unsere Softwarelösungen stabil und hochwertig sind.
Deine Ausbildung:
In drei Jahren wirst du zum Profi in der Anwendungsentwicklung! Dabei arbeitest du an realen Projekten und sammelst wertvolle Erfahrungen.
- Spannende Inhalte: Spannende Aufgaben in der Softwareentwicklung von Anfang an.
- Umfassende Einführungswochen: Gemeinsames Teamtraining, spannende Workshops und Vorträge. Lerne dadurch das Unternehmen und die kommenden Ausbildungsinhalte kennen.
- Abwechslungsreiches Tagesgeschäft: Frühzeitiger Einsatz in unterschiedlichen Abteilungen und Projekten.
- Vielfältige Seminare und Workshops: Nimm an Veranstaltungen wie Hackathons, Gesundheitstagen und IT-Schulungen teil.
- Frühzeitiger Übernahmeprozess: Unser Ziel ist deine unbefristete Übernahme nach erfolgreichem Abschluss.
Was uns ausmacht:
- Neue Perspektiven: Bei Atruvia lernst du von den Besten der Banken-IT – und wirst schon bald selbst ein Teil davon.
- Erstklassige Ausbildung: Mehrfach ausgezeichnet und auf höchstem Niveau.
- Vielseitige Weiterbildungsmöglichkeiten: Immer am Puls der Zeit.
- Hervorragende Feedback- und Lernkultur: Wir wachsen gemeinsam.
- Agile und innovative Projekte: Sei Teil spannender Entwicklungen.

Was wir bieten:
Mehr als nur Reinschnuppern: Bei Atruvia bist du vom ersten Tag an ein wertvolles Teammitglied und übernimmst spannende Aufgaben.
- Attraktive Vergütung und Benefits: & 14. Gehalt, Fahrtkostenzuschuss u.v.m.
- Offene und motivierende Teamkultur: Gemeinsam erreichen wir mehr.
- Individuelle Betreuung und Förderung: Wir unterstützen dich persönlich.
- Selbstständiges und eigenverantwortliches Arbeiten: Deine Ideen zählen.
Anforderungen:
- Du begeisterst dich für IT-Themen.
- Du kannst logisch und analytisch denken.
- Du hast Spaß an der Arbeit im Team.
- Du sprichst fließend Deutsch (mindestens C1) und bist gut in Englisch.
So bewirbst du dich:","1.243 €, 1.361 €, 1.481 €",,"Ausbildung | Fachinformatiker Anwendungsentwicklung (m/w/d), Karlsruhe, 2026",ae,Azubiyo ist eines der größten deutschen Ausbildungsportale mit einem breiten Angebot an freien Ausbildungs- und Dualen Studienplätzen. Mit unserem einzigartigen Matching-Verfahren bringen wir Bewerber und Unternehmen passgenau zusammen. Neben dem Stellenmarkt informiert das Portal zu allen Themen rund um Berufswahl und Bewerbung. Die Ausbildungsjobbörse gehört zur Dachmarke FUNKE Works.,"Was wir bieten:
Mehr als nur Reinschnuppern: Bei Atruvia bist du vom ersten Tag an ein wertvolles Teammitglied und übernimmst spannende Aufgaben.
- Attraktive Vergütung und Benefits: & 14. Gehalt, Fahrtkostenzuschuss u.v.m.
- Offene und motivierende Teamkultur: Gemeinsam erreichen wir mehr.
- Individuelle Betreuung und Förderung: Wir unterstützen dich persönlich.
- Selbstständiges und eigenverantwortliches Arbeiten: Deine Ideen zählen.
Anforderungen:
- Du begeisterst dich für IT-Themen.
- Du kannst logisch und analytisch denken.
- Du hast Spaß an der Arbeit im Team.
- Du sprichst fließend Deutsch (mindestens C1) und bist gut in Englisch.
So bewirbst du dich:",,,empty,christine.hawkins@atruvia.de,https://www.azubiyo.de/stellenanzeigen/D6544FB4/bewerben/,https://www.azubiyo.de/stellenanzeigen/D6544FB4/bewerben/,https://www.azubiyo.de/stellenanzeigen/D6544FB4/bewerben/,externe,"Ansprechpartner
Christine Hawkins
Telefon: +49 721 4004-42443
E-Mail: christine.hawkins@atruvia.de","Bewirb dich online und sende uns folgende Unterlagen:
- Deinen Lebenslauf
- Deine letzten drei Zeugnisse
- Weitere relevante Bescheinigungen und Unterlagen
- Wenn du magst, ein Anschreiben
Unser Auswahlprozess:
Nach deiner Bewerbung laden wir dich zu einem Online-Test ein, den du bequem von zu Hause aus absolvieren kannst. Bei einem guten Testergebnis und passenden Unterlagen folgt ein Vorstellungsgespräch. Hier hast du die Chance, uns zu überzeugen und deine Fragen zu stellen. Kurz nach dem Gespräch erhältst du von uns eine Rückmeldung.
Werde Teil unserer IT-Familie – IT feels like home!",,azubiyo_de,https://www.azubiyo.de/stellenanzeigen/ausbildung-fachinformatiker-anwendungsentwicklung-_atruvia_d6544fb4/,False,,80,,,,2026-06-12T09:49:28.218407+00:00
AZUB-8c355372,azubiyo_de_ae,Azubiyo,,"Amberg, Atzlricht, Bernricht, Eglsee bei Amberg, Fuchsstein, Gailoh, Gärbershof, Karmensölden, Lengenloh, Luitpoldhöhe, Neubernricht, Raigering, Schäflohe, Speckmannshof","Carl-Schulz-Platz 1 92224 Amberg, Atzlricht, Bernricht, Eglsee bei Amberg, Fuchsstein, Gailoh, Gärbershof, Karmensölden, Lengenloh, Luitpoldhöhe, Neubernricht, Raigering, Schäflohe, Speckmannshof Bayern","Ausbildung Fachinformatiker* - Anwendungsentwicklung in Amberg 2026

Voraussetzungen:
- Mindestens Mittlere Reife
- Gute Noten in Mathematik und Deutsch
- Technisches Verständnis für Computersysteme
- Interesse an der Softwareerstellung und Programmierung","1.303 €, 1.365 €, 1.444 €","Voraussetzungen:
- Mindestens Mittlere Reife
- Gute Noten in Mathematik und Deutsch
- Technisches Verständnis für Computersysteme
- Interesse an der Softwareerstellung und Programmierung",Ausbildung | Fachinformatiker* - Anwendungsentwicklung in Amberg 2026,ae,Azubiyo ist eines der größten deutschen Ausbildungsportale mit einem breiten Angebot an freien Ausbildungs- und Dualen Studienplätzen. Mit unserem einzigartigen Matching-Verfahren bringen wir Bewerber und Unternehmen passgenau zusammen. Neben dem Stellenmarkt informiert das Portal zu allen Themen rund um Berufswahl und Bewerbung. Die Ausbildungsjobbörse gehört zur Dachmarke FUNKE Works.,,,,empty,bewerbung@deprag.de,https://www.azubiyo.de/stellenanzeigen/8C355372/bewerben/,https://www.azubiyo.de/stellenanzeigen/8C355372/bewerben/,https://www.azubiyo.de/stellenanzeigen/8C355372/bewerben/,externe,"- Kontakt- und Teamfähigkeit
Einsatzmöglichkeiten:
Erstellung von Softwarelösungen, Programmierung von Desktop und Webanwendungen, Umsetzung von innovativen Benutzeroberflächen, Programmierung von Robotersystemen, Programmierung von Serienmaschinen
Entwicklungschancen:
Weiterbildungsmöglichkeiten: z. B. Softwaretester, UI/UX Experte, SPS Programmierer, Cloud Experte, Data Scientist Entwicklungschancen bei DEPRAG: bis zur Team- oder Abteilungsleitung
Ansprechpartner und Bewerbung:
- Personalabteilung
bewerbung@deprag.de
- Bitte beziehe dich in einer Bewerbung auf AZUBIYO und gib die unten genannte Referenznummer an.
Mehr Informationen findest du hier
* Personenbezogene Formulierungen betrachten wir geschlechtsneutral.",,,azubiyo_de,https://www.azubiyo.de/stellenanzeigen/ausbildung-fachinformatiker-anwendungsentwicklung-_deprag-schulz_8c355372/,False,,73,,,,2026-06-12T09:49:31.390140+00:00
AZUB-2fg1483e,azubiyo_de_ae,Azubiyo,,Bochum,Königsallee 178a 44799 Bochum Nordrhein-Westfalen,"Ausbildung Fachinformatiker für Anwendungsentwicklung (m/w/d) 2026

Deine Aufgaben
- Du bist mittendrin: Entdecke verschiedene Bereiche in unserer Forschung und Entwicklung, in denen Du in die Welt der Cybersecurity eintauchst. Hier sammelst Du Wissen über moderne Softwareentwicklung und IT-Sicherheit, das direkt aus der Praxis stammt.
- Du wirst zum Entwickler: Während Deiner Ausbildung lernst Du verschiedene Programmier- und Skriptsprachen kennen wie z. B. Python, Java oder C# und arbeitest mit aktuellen Frameworks und Datenbanksystemen.
- Du gestaltest unsere Software mit: Unterstütze unsere Entwicklerteams bei der Programmierung unserer Software, teste sie auf Fehler und hilf anschließend dabei, diese zu beheben.
- Du übernimmst Verantwortung: Bei uns schaust Du den Kolleg*innen nicht nur über die Schulter, sondern bist von Anfang an dabei. Das bedeutet, dass Du eigenverantwortlich an Projekten arbeitest und so nicht nur Neues dazu lernst, sondern mit Deinen eigenen Ideen auch Neues einbringst.

- Du vertiefst Dein Wissen: An ein bis zwei Tagen in der Woche tauchst Du in der Technischen Beruflichen Schule 1 tiefer in die Materie ein und kannst Dich mit den anderen Auszubildenden austauschen.Dein Profil
- Du hast die allgemeine oder fachgebundene Hochschulreife mit mindestens guten Noten in Mathematik, Deutsch und Englisch abgeschlossen oder erste Erfahrungen im IT-Bereich, beispielsweise durch ein abgebrochenes Studium, gesammelt
- Du konntest Dich bereits an kleineren Projekten ausprobieren, sei es durch ein Praktikum oder in Deiner Freizeit und so erste Programmiererfahrung sammeln
- Du bezeichnest Dich selbst als IT affin und bist von den technischen Zusammenhängen fasziniert, die die Welt der IT umgeben
- Du bist geschickt darin, Zusammenhänge zu finden und Herausforderungen zu meistern, denn für Dich ist kein Problem zu groß

- Du besitzt viel Eigeninitiative, findest es aber genauso gut, wenn man als Team zusammenhält und gemeinsam großartige Dinge erreichtDeine Vorteile bei G DATA
Zukunftsperspektive
Hohe Übernahmechancen bei guten Leistungen in einer wachstumsstarken Branche
Prüfungsvorbereitung
Unterstützung bei Berufsschule und Prüfungen - mit Lernzeit und Hilfe bei Schulaufgaben
Mentorenprogramm und Onboarding
Strukturierter Start, Unterstützung durch Dein Team und moderne Ausstattung - auch für die Berufsschule
Bonus","1.000 €, 1.075 €, 1.150 €","- Du vertiefst Dein Wissen: An ein bis zwei Tagen in der Woche tauchst Du in der Technischen Beruflichen Schule 1 tiefer in die Materie ein und kannst Dich mit den anderen Auszubildenden austauschen.Dein Profil
- Du hast die allgemeine oder fachgebundene Hochschulreife mit mindestens guten Noten in Mathematik, Deutsch und Englisch abgeschlossen oder erste Erfahrungen im IT-Bereich, beispielsweise durch ein abgebrochenes Studium, gesammelt
- Du konntest Dich bereits an kleineren Projekten ausprobieren, sei es durch ein Praktikum oder in Deiner Freizeit und so erste Programmiererfahrung sammeln
- Du bezeichnest Dich selbst als IT affin und bist von den technischen Zusammenhängen fasziniert, die die Welt der IT umgeben
- Du bist geschickt darin, Zusammenhänge zu finden und Herausforderungen zu meistern, denn für Dich ist kein Problem zu groß",Ausbildung | Fachinformatiker für Anwendungsentwicklung (m/w/d) 2026,ae,Azubiyo ist eines der größten deutschen Ausbildungsportale mit einem breiten Angebot an freien Ausbildungs- und Dualen Studienplätzen. Mit unserem einzigartigen Matching-Verfahren bringen wir Bewerber und Unternehmen passgenau zusammen. Neben dem Stellenmarkt informiert das Portal zu allen Themen rund um Berufswahl und Bewerbung. Die Ausbildungsjobbörse gehört zur Dachmarke FUNKE Works.,"- Du besitzt viel Eigeninitiative, findest es aber genauso gut, wenn man als Team zusammenhält und gemeinsam großartige Dinge erreichtDeine Vorteile bei G DATA
Zukunftsperspektive
Hohe Übernahmechancen bei guten Leistungen in einer wachstumsstarken Branche
Prüfungsvorbereitung
Unterstützung bei Berufsschule und Prüfungen - mit Lernzeit und Hilfe bei Schulaufgaben
Mentorenprogramm und Onboarding
Strukturierter Start, Unterstützung durch Dein Team und moderne Ausstattung - auch für die Berufsschule
Bonus",,,empty,,https://www.azubiyo.de/stellenanzeigen/2FG1483E/bewerben/,https://www.azubiyo.de/stellenanzeigen/2FG1483E/bewerben/,https://www.azubiyo.de/stellenanzeigen/2FG1483E/bewerben/,externe,,"Zeugnisgeld für gute Noten sowie finanzielle Unterstützung bei Schulmaterialien und Büchern
Bio-Speisen und Getränke
Kostenlose Verpflegung im Bistro: frische, hochwertige Speisen, dazu Obst, Brot, Kaffee und weitere Getränke
Perspektive
Weiterbildungen und Sprachkurse für Deine Weiterentwicklung
Campus-Feeling
Für Austausch und Spaß stehen Café, Arcade Raum, Kicker- und Billardtisch zur Verfügung
Gilden-Konzept
Wissen teilen, Sport-Zuschuss und Freizeit-Communities
Vergünstigungen
Rabatte über „Corporate Benefits” und kostenlose Software-Lizenzen
Events
Ob Sommerfest, Weihnachtsfeier oder Teamevents – wir feiern und erleben gemeinsam
Mobilität
Eigener Parkplatz, E-Ladesäulen, Jobrad, Anbindung zum Radweg, Fahrradkeller und Duschen",,azubiyo_de,https://www.azubiyo.de/stellenanzeigen/ausbildung-fachinformatiker-fuer-anwendungsentwick_gdcyberdefense_2fg1483e/,False,,73,,,,2026-06-12T09:49:51.405439+00:00
AZUB-47d42ce5,azubiyo_de_ae,Azubiyo,,"Frankfurt am Main, Niederrad, Seckbach","Lyoner Straße 13 60528 Frankfurt am Main, Niederrad, Seckbach Hessen","Ausbildung zum Fachinformatiker (w/m/d) Anwendungsentwicklung

- Sehr gute Deutschkenntnisse (mindestens C1-Niveau) runden Dein Profil ab.

Wir sind die DekaBank – das Wertpapierhaus der Sparkassen und einer der größten Fondsanbieter in Deutschland. Wir entwickeln erstklassige Produkte und sind nahe an unseren Kundinnen und Kunden. Mit individuellen Anlagelösungen unterstützen wir die Sparkassen bei der Beratung. Wir entwickeln neue Angebote für das digitale Wertpapiergeschäft. Bist Du bereit? Gestalten wir gemeinsam die Finanzwelt der Zukunft! Was wir bieten? Ein modernes Arbeitsumfeld. Wir fördern Zusammenhalt genauso wie individuelle Entwicklungsmöglichkeiten für die persönliche Karriere. Denn alle unsere Mitarbeitenden bringen ihre Kreativität, Leidenschaft, Persönlichkeit und ihr Know-how ein – und das macht uns zu dem, was wir sind.
Bereit für Deine Zukunft? Starte mit uns durch! Bei uns erwartet Dich eine spannende Ausbildung voller Teamgeist, Abwechslung und individueller Förderung. Du arbeitest an innovativen IT-Projekten, lernst die Welt eines führenden Finanzdienstleisters kennen und entwickelst Dich sowohl fachlich als auch persönlich weiter. Wir legen großen Wert darauf, Theorie und Praxis optimal zu verbinden und begleiten Dich aktiv auf deinem Weg – mit engagierten Kolleginnen, einer inspirierenden Arbeitsatmosphäre und viel Raum für Deine Entwicklung. Und das Beste: Bei guten Leistungen stehen Dir nach deiner Ausbildung beste Übernahmechancen offen! Willst Du Teil unseres Teams werden? Dann bewirb Dich jetzt und gestalte mit uns die digitale Zukunft!
Dich erwartet:
- Entdecke die IT-Zukunft: In deiner Ausbildung entwickelst du Software und Apps – von der ersten Idee bis zur fertigen Lösung. Du programmierst mit modernen Tools, passt Software an und arbeitest an kreativen IT-Projekten.
- Spannende Einblicke garantiert: Du tauchst tief in moderne Digitalisierungsthemen ein und arbeitest mit neuen Technologien. Gleichzeitig erhältst Du fundierte Einblicke in Programmierung, Datenbanken und IT-Sicherheit.
- Banking & Beyond: Lerne die IT-Welt eines führenden Finanzdienstleisters durch abwechslungsreiche Einsätze kennen.
- Individuelle Förderung: Nutze Trainings und Weiterbildungen, um Dein Potenzial voll auszuschöpfen.
- Enge Betreuung: Ein Mentor unterstützt Dich während der gesamten Ausbildung mit Rat und Tipps.
- Eigene Projekte: Übernimm Verantwortung und bring Deine Kreativität in Azubi-Projekten ein. Du bringst mit:
- Du hast Deine Mittlere Reife oder Dein (Fach-)Abitur (bald) in der Tasche und begeisterst Dich für technische Zusammenhänge sowie IT-Sicherheit.
- Du bist motiviert, Dich den Herausforderungen der IT-Welt zu stellen, und zeichnest Dich durch logisches Denken sowie zielstrebiges Arbeiten aus.
- Teamarbeit und der Umgang mit Menschen bereiten Dir Freude.
- Du bist flexibel, zeigst hohe Einsatz- und Lernbereitschaft und hast Interesse an Projektarbeit.
Das bieten wir dir:
- Attraktive Vergütung:Eine faire Ausbildungsvergütung, ein 13. Gehalt und vermögenswirksame Leistungen in Höhe von 40 € pro Monat.
- Langfristige Perspektive: Ein 3-jähriges Ausbildungsprogramm mit bester Übernahmechance bei guten Leistungen.
- Work-Life-Balance: 30 Tage Urlaub pro Jahr, Gleitzeit und ein Zuschuss zum Mittagessen.
- Abwechslungsreiche Einsätze: Spannende und vielseitige Abteilungseinsätze warten auf Dich.
- Deutschlandticket: Wir übernehmen die Kosten für Dein Deutschlandticket, damit Du flexibel und umweltfreundlich unterwegs bist.
- Perfekter Start: In unserer Einführungswoche lernst Du deine Mit-Azubis kennen und startest optimal in Dein Berufsleben.","40 €, 1.346 €, 1.408 €, 1.470 €",- Sehr gute Deutschkenntnisse (mindestens C1-Niveau) runden Dein Profil ab.,Ausbildung | zum Fachinformatiker (w/m/d) Anwendungsentwicklung,ae,Azubiyo ist eines der größten deutschen Ausbildungsportale mit einem breiten Angebot an freien Ausbildungs- und Dualen Studienplätzen. Mit unserem einzigartigen Matching-Verfahren bringen wir Bewerber und Unternehmen passgenau zusammen. Neben dem Stellenmarkt informiert das Portal zu allen Themen rund um Berufswahl und Bewerbung. Die Ausbildungsjobbörse gehört zur Dachmarke FUNKE Works.,"Wir sind die DekaBank – das Wertpapierhaus der Sparkassen und einer der größten Fondsanbieter in Deutschland. Wir entwickeln erstklassige Produkte und sind nahe an unseren Kundinnen und Kunden. Mit individuellen Anlagelösungen unterstützen wir die Sparkassen bei der Beratung. Wir entwickeln neue Angebote für das digitale Wertpapiergeschäft. Bist Du bereit? Gestalten wir gemeinsam die Finanzwelt der Zukunft! Was wir bieten? Ein modernes Arbeitsumfeld. Wir fördern Zusammenhalt genauso wie individuelle Entwicklungsmöglichkeiten für die persönliche Karriere. Denn alle unsere Mitarbeitenden bringen ihre Kreativität, Leidenschaft, Persönlichkeit und ihr Know-how ein – und das macht uns zu dem, was wir sind.
Bereit für Deine Zukunft? Starte mit uns durch! Bei uns erwartet Dich eine spannende Ausbildung voller Teamgeist, Abwechslung und individueller Förderung. Du arbeitest an innovativen IT-Projekten, lernst die Welt eines führenden Finanzdienstleisters kennen und entwickelst Dich sowohl fachlich als auch persönlich weiter. Wir legen großen Wert darauf, Theorie und Praxis optimal zu verbinden und begleiten Dich aktiv auf deinem Weg – mit engagierten Kolleginnen, einer inspirierenden Arbeitsatmosphäre und viel Raum für Deine Entwicklung. Und das Beste: Bei guten Leistungen stehen Dir nach deiner Ausbildung beste Übernahmechancen offen! Willst Du Teil unseres Teams werden? Dann bewirb Dich jetzt und gestalte mit uns die digitale Zukunft!
Dich erwartet:
- Entdecke die IT-Zukunft: In deiner Ausbildung entwickelst du Software und Apps – von der ersten Idee bis zur fertigen Lösung. Du programmierst mit modernen Tools, passt Software an und arbeitest an kreativen IT-Projekten.
- Spannende Einblicke garantiert: Du tauchst tief in moderne Digitalisierungsthemen ein und arbeitest mit neuen Technologien. Gleichzeitig erhältst Du fundierte Einblicke in Programmierung, Datenbanken und IT-Sicherheit.
- Banking & Beyond: Lerne die IT-Welt eines führenden Finanzdienstleisters durch abwechslungsreiche Einsätze kennen.
- Individuelle Förderung: Nutze Trainings und Weiterbildungen, um Dein Potenzial voll auszuschöpfen.
- Enge Betreuung: Ein Mentor unterstützt Dich während der gesamten Ausbildung mit Rat und Tipps.
- Eigene Projekte: Übernimm Verantwortung und bring Deine Kreativität in Azubi-Projekten ein. Du bringst mit:
- Du hast Deine Mittlere Reife oder Dein (Fach-)Abitur (bald) in der Tasche und begeisterst Dich für technische Zusammenhänge sowie IT-Sicherheit.
- Du bist motiviert, Dich den Herausforderungen der IT-Welt zu stellen, und zeichnest Dich durch logisches Denken sowie zielstrebiges Arbeiten aus.
- Teamarbeit und der Umgang mit Menschen bereiten Dir Freude.
- Du bist flexibel, zeigst hohe Einsatz- und Lernbereitschaft und hast Interesse an Projektarbeit.
Das bieten wir dir:
- Attraktive Vergütung:Eine faire Ausbildungsvergütung, ein 13. Gehalt und vermögenswirksame Leistungen in Höhe von 40 € pro Monat.
- Langfristige Perspektive: Ein 3-jähriges Ausbildungsprogramm mit bester Übernahmechance bei guten Leistungen.
- Work-Life-Balance: 30 Tage Urlaub pro Jahr, Gleitzeit und ein Zuschuss zum Mittagessen.
- Abwechslungsreiche Einsätze: Spannende und vielseitige Abteilungseinsätze warten auf Dich.
- Deutschlandticket: Wir übernehmen die Kosten für Dein Deutschlandticket, damit Du flexibel und umweltfreundlich unterwegs bist.
- Perfekter Start: In unserer Einführungswoche lernst Du deine Mit-Azubis kennen und startest optimal in Dein Berufsleben.",,,empty,,https://www.azubiyo.de/stellenanzeigen/47D42CE5/bewerben/,https://www.azubiyo.de/stellenanzeigen/47D42CE5/bewerben/,https://www.azubiyo.de/stellenanzeigen/47D42CE5/bewerben/,externe,,"So bewirbst Du Dich: Bitte sende uns Deine vollständigen Bewerbungsunterlagen, bestehend aus Deinem Lebenslauf, Deinen letzten Zeugnissen und einem kurzen Motivationsschreiben, in dem Du uns erzählst, warum Du deine Ausbildung bei uns machen möchtest und was Dich an der IT fasziniert.",,azubiyo_de,https://www.azubiyo.de/stellenanzeigen/ausbildung-zum-fachinformatiker-w-m-d-anwendungsen_dekabank-deutsche-girozentrale_47d42ce5/,False,,73,,,,2026-06-12T09:52:44.304222+00:00
AZUB-1d7f774c,azubiyo_de_ae,Azubiyo,,Karlsruhe,Badeniaplatz 1 76189 Karlsruhe Baden-Württemberg,"Ausbildung zum Fachinformatiker (m/w/d) für Anwendungsentwicklung

Das erwartet dich
- Praxisphasen: Du durchläufst verschiedene Abteilungen und lernst das breite Spektrum unserer IT-Dienstleistungen mit dem Schwerpunkt Programmierung kennen.
- Agiles Arbeiten: Du lernst die Arbeit in agilen (Forschungs-)Teams unserer IT-Abteilung kennen.
- Betreuung: Durch die Begleitung und das Coaching durch unser Ausbildungsteam sowie anderer Young LIONs wirst du ideal auf deine Prüfung sowie den späteren Berufsalltag vorbereitet.
- Ausbildungsweg: Nach ca. einem Jahr stellst du dein Wissen im Rahmen des ersten Teils der gestreckten Abschlussprüfung unter Beweis. Am Ende deiner Ausbildung erhältst du nach erfolgreicher Prüfung deinen Abschluss als „Fachinformatiker/-in (m/w/d) für Anwendungsentwicklung“.
- Ausbildungsdauer: 3 Jahre
- Karrierechancen: Bei entsprechender Leistung hast du sehr gute Übernahmemöglichkeiten. Nach der Ausbildung kannst du dich mit Hilfe unserer Individuellen Weiterbildungsmöglichkeiten weiterentwickeln.

Das bringst du mit
- Schulabschluss: Du hast das Fachabitur oder das Abitur (beinahe) in der Tasche.
- Kompetenzen: Du verfügst über gute Englisch- und Mathekenntnisse, begeisterst dich für Informatik und hast vielleicht schon erste Erfahrungen mit einer Programmiersprache.
- Arbeitsweise: Du arbeitest selbstständig und unterstützt dein Team. Dabei kannst du dich schnell auf neue Situationen und Menschen einstellen.
Das kannst du erwarten
- Attraktives Gehalt: 1.400,00 € im 1. Ausbildungsjahr, 1.470,00 € im 2. Ausbildungsjahr und 1.550,00 € im 3. Ausbildungsjahr, plus Bonus, Urlaubs- und Weihnachtsgeld, betriebliche Altersvorsorge und viele Vergünstigungen
- Work-Life-Balance: 30 Urlaubstage, flexible Arbeitszeiten sowie zusätzliche Lerntage. Du hast die Möglichkeit im Rahmen unserer Smart-Working-Vereinbarung auch mobil zu arbeiten
- Weiterentwicklung: Vielfältige Trainings- und digitale Lernangebote
- Gesundheit & Fitness: Umfangreiche Sport-, Vorsorge- und Versicherungsangebote.
- Gemeinschaft: After-Work-Events, Betriebssport und viele Vernetzungsmöglichkeiten.
- Rabatte: Zahlreiche Rabattmöglichkeiten und Zuschüsse, z. B. Corporate Benefits, Zuschuss zum Jobticket.
So bewirbst du dich","1.400,00 €, 1.470,00 €, 1.550,00 €, 1.400 €, 1.470 €, 1.550 €","Das bringst du mit
- Schulabschluss: Du hast das Fachabitur oder das Abitur (beinahe) in der Tasche.
- Kompetenzen: Du verfügst über gute Englisch- und Mathekenntnisse, begeisterst dich für Informatik und hast vielleicht schon erste Erfahrungen mit einer Programmiersprache.
- Arbeitsweise: Du arbeitest selbstständig und unterstützt dein Team. Dabei kannst du dich schnell auf neue Situationen und Menschen einstellen.
Das kannst du erwarten
- Attraktives Gehalt: 1.400,00 € im 1. Ausbildungsjahr, 1.470,00 € im 2. Ausbildungsjahr und 1.550,00 € im 3. Ausbildungsjahr, plus Bonus, Urlaubs- und Weihnachtsgeld, betriebliche Altersvorsorge und viele Vergünstigungen
- Work-Life-Balance: 30 Urlaubstage, flexible Arbeitszeiten sowie zusätzliche Lerntage. Du hast die Möglichkeit im Rahmen unserer Smart-Working-Vereinbarung auch mobil zu arbeiten
- Weiterentwicklung: Vielfältige Trainings- und digitale Lernangebote
- Gesundheit & Fitness: Umfangreiche Sport-, Vorsorge- und Versicherungsangebote.
- Gemeinschaft: After-Work-Events, Betriebssport und viele Vernetzungsmöglichkeiten.
- Rabatte: Zahlreiche Rabattmöglichkeiten und Zuschüsse, z. B. Corporate Benefits, Zuschuss zum Jobticket.
So bewirbst du dich",Ausbildung | zum Fachinformatiker (m/w/d) für Anwendungsentwicklung,ae,Azubiyo ist eines der größten deutschen Ausbildungsportale mit einem breiten Angebot an freien Ausbildungs- und Dualen Studienplätzen. Mit unserem einzigartigen Matching-Verfahren bringen wir Bewerber und Unternehmen passgenau zusammen. Neben dem Stellenmarkt informiert das Portal zu allen Themen rund um Berufswahl und Bewerbung. Die Ausbildungsjobbörse gehört zur Dachmarke FUNKE Works.,,,,empty,,https://www.azubiyo.de/stellenanzeigen/1D7F774C/bewerben/,https://www.azubiyo.de/stellenanzeigen/1D7F774C/bewerben/,https://www.azubiyo.de/stellenanzeigen/1D7F774C/bewerben/,externe,"Gerne beantworten wir alle Fragen rund um Karriere im persönlichen Kontakt:
+49 (0)221/1636 56650 (Mo bis Do 8-18 Uhr, Fr 8-17 Uhr)
Standort: Badeniaplatz 1, 76189 Karlsruhe und mobil | Art der Stelle: Ausbildung | Startdatum: 01.09.2026 | Gehalt: 1.400 - 1.550 Euro je nach Ausbildungsjahr | Veröffentlichungsdatum: 17.11.2025 | Gültig bis: 31.08.2026
Noch mehr Infos findest du unter www.generali.de.","Bewirb dich jetzt Online mit deinem Lebenslauf und deinen letzten beiden Zeugnissen.
Dein zukünftiger Arbeitgeber
Die Deutsche Bausparkasse Badenia AG, mit Sitz in Karlsruhe, zählt seit vielen Jahren zu den großen privaten Bausparkassen in Deutschland. Mit 90 Jahren Erfahrung in den Bereichen Bausparen und Finanzieren ist sie der leistungsstarke und kompetente Partner für Kunden, die ihren Traum von den eigenen vier Wänden verwirklichen oder ihr Wohneigentum modernisieren und verschönern möchten. Das attraktive Produktportfolio ermöglicht unseren Kunden die ganzheitliche Finanzierung ihrer Wohnimmobilie.
Die Deutsche Bausparkasse Badenia AG gehört zur Generali in Deutschland, einem der führenden Erstversicherungskonzerne auf dem deutschen Markt und ist Teil der internationalen Generali Group.
Noch Fragen?",,azubiyo_de,https://www.azubiyo.de/stellenanzeigen/ausbildung-zum-fachinformatiker-m-w-d-fuer-anwendu_generali_1d7f774c/,False,,73,,,,2026-06-12T09:52:19.325591+00:00
AZUB-4427df48,azubiyo_de_ae,Azubiyo,,Monheim am Rhein,Opladener Str. 202 40789 Monheim am Rhein Nordrhein-Westfalen,"Ausbildung zum Fachinformatiker*in Anwendungsentwicklung (w/m/d) in 2026

Deine Ausbildung - das erwartet Dich:
- Entwicklung und Konfiguration von Software und Anwendungen
- Einrichtung und Verwaltung bestimmter Anwendungen entsprechend der Kundenanforderungen
- systematische Eingrenzung der Fehler unter Einsatz von Experten und Diagnosesystemen sowie Behebung von auftretenden Störungen
- Programmierung hardwarenaher Anwendungen
- Beratung der internen und externen Anwender bei Auswahl und Einsatz der entsprechenden Anwendungen
- Erstellung von Systemdokumentationen

- Abstimmung mit verschiedenen Abteilungen im UnternehmenDeine Leistungen: das bringst du mit:
- Realabschluss oder Abitur mit guten Noten in den Fächern Deutsch, Englisch und Mathematik
- Interesse an betriebswirtschaftlichen Zusammenhängen und moderner Kommunikationstechnik

- Kenntnisse im Umgang mit den gängigen Office-ProgrammenUnsere Leistung - das bieten wir Dir:
- schnelle Rückmeldung nach der Bewerbung
- eine moderne, abwechslungsreiche und zukunftsorientierte Ausbildung",,"- Abstimmung mit verschiedenen Abteilungen im UnternehmenDeine Leistungen: das bringst du mit:
- Realabschluss oder Abitur mit guten Noten in den Fächern Deutsch, Englisch und Mathematik
- Interesse an betriebswirtschaftlichen Zusammenhängen und moderner Kommunikationstechnik",Ausbildung | zum Fachinformatiker*in Anwendungsentwicklung (w/m/d) in 2026,ae,Azubiyo ist eines der größten deutschen Ausbildungsportale mit einem breiten Angebot an freien Ausbildungs- und Dualen Studienplätzen. Mit unserem einzigartigen Matching-Verfahren bringen wir Bewerber und Unternehmen passgenau zusammen. Neben dem Stellenmarkt informiert das Portal zu allen Themen rund um Berufswahl und Bewerbung. Die Ausbildungsjobbörse gehört zur Dachmarke FUNKE Works.,"- Kenntnisse im Umgang mit den gängigen Office-ProgrammenUnsere Leistung - das bieten wir Dir:
- schnelle Rückmeldung nach der Bewerbung
- eine moderne, abwechslungsreiche und zukunftsorientierte Ausbildung",,,empty,recruiting@jenoptik.com,https://www.azubiyo.de/stellenanzeigen/4427DF48/bewerben/,https://www.azubiyo.de/stellenanzeigen/4427DF48/bewerben/,https://www.azubiyo.de/stellenanzeigen/4427DF48/bewerben/,externe,"- einen festen Ansprechpartner im Unternehmen, welcher sich um deine Ausbildung und Fragen kümmert
- geplante Übernahme nach erfolgreicher Ausbildung
- Fahrtkostenzuschuss für öffentliche Verkehrsmittel
- Übernahme der Kosten für Schulbücher
- vielseitige Entwicklungsmöglichkeiten während und nach der Ausbildung (z.B. Weiterbildungen oder berufsbegleitendes Studium)
- Gesundheitsaktionen- und Angebote
- Mitarbeitervorteilsprogramm bei namhaften Marken und Dienstleistern
- einen starken Betriebsrat und Jugend- und Auszubildendenvertretung, der für deine Interessen eintrittZusätzlich bieten wir:
- Sonderurlaub
- Diversität
- Sonderzahlungen
- Altersvorsorge
- Kantine
- Gesundheitsmanagementweitere Informationen:
- Ausbildungsort: Monheim am Rhein
- Ausbildungsstart: 31.08.2026
- Ausbildungsdauer: 3 Jahre
- Berufsschule: Berufskolleg Hilden
- Praktika sind im Vorfeld möglichIhre Ansprechpartnerin:
Name: Elisabeth Doms-Grimm
E-Mail: recruiting@jenoptik.com
Dein Arbeitsumfeld
Bei Jenoptik arbeiten Menschen mit dem besonderen JENIUS Charakter. Die Welt mit Licht zu verändern erfordert Forschergeist. Entdecken Sie die Herausforderungen, denen sich unsere Welt heute stellt. Bei Jenoptik verändern Sie die Welt.
In der Strategic Business Unit (SBU) Smart Mobility Solutions bietet Jenoptik photonikbasierte, innovative und nachhaltige Technologien für die Verkehrssicherheit und öffentliche Sicherheit inklusive entsprechender Dienstleistungen an. Als Anbieter kompletter Lösungen unterstützen wir unsere Kunden mit der Bereitstellung von Hardware, Software und einem breiten Dienstleistungsangebot, welches von Integration, Installation, Wartung und Finanzierungsmodellen bis hin zum Full-Service-Betrieb unserer Lösungen reicht. Unsere starke weltweite Präsenz mit einer breiten Installationsbasis wird durch ein langjähriges Partnernetzwerk unterstützt. Dank über 90 Jahren Erfahrung und 40 Jahren Expertise in AKLS (Automatische Kennzeichenlesesysteme) zählt Jenoptik zu einem der weltweit führenden Anbieter von Systemen und Dienstleistungen für die Verkehrssicherheit und zivile Sicherheit, die unsere Straßen und Kommunen rund um den Globus sicherer machen und unsere Umwelt besser schützen.
Unabhängig von Geschlecht, Alter oder Beeinträchtigung – wir setzen auf Ideen, Können und Teamgeist. Deshalb begrüßen wir ausdrücklich Bewerbungen von Menschen mit Schwerbehinderung.
Haben wir Dein Interesse an dieser Position geweckt? Dann freuen wir uns auf Deine Online-Bewerbung.
Bei eventuellen Rückfragen stehen wir Dir gern zur Seite.",,,azubiyo_de,https://www.azubiyo.de/stellenanzeigen/ausbildung-zum-fachinformatikerin-anwendungsentwic_jenoptik_4427df48/,False,,73,,,,2026-06-12T09:52:48.536822+00:00
AZUB-3f2bdcdc,azubiyo_de_ae,Azubiyo,,Nürnberg,Sulzbacher Str. 1-7 90489 Nürnberg Bayern,"Ausbildung Fachinformatiker (m/w/d) für Anwendungsentwicklung 2026

Das erwartet dich bei uns:
- Du arbeitest in unterschiedlichen Teams für die Softwareentwicklung mit
- Du planst, realisierst und bist an der Weiterentwicklung von IT-Systemen und Webanwendungen beteiligt
- Du programmierst in Java/SQL und Natural/ADABAS unter Einsatz verschiedener Frameworks wie Spring/ZK/JSF
- Du modellierst und optimierst zusammen mit der Fachabteilung Geschäftsprozesse

- Agile Softwareentwicklung mit Scrum und KanbanDas solltest du mitbringen:
- Eine gute Mittlere Reife oder (Fach-)Hochschulreife oder Studienaussteiger: innen aus den Bereichen der Informatik, Mathematik und Wirtschaftsinformatik
- Freude und großes Interesse am Umgang mit Informationstechnologien, auch außerhalb der Ausbildung
- Begeisterung am Lösen von Problemen
- Teamfähigkeit, Zuverlässigkeit und Kommunikationsfähigkeit

- Freude am selbstständigen ArbeitenDas bieten wir dir:
- Wir begleiten dich individuell vom ersten Tag an und unterstützen dich beim Einstieg ins Berufsleben
- Du erhältst ein eigenes Notebook, um dich im Rahmen deiner Ausbildung optimal zu unterstützen
- Aufgrund der vielseitigen und verschiedenen Aufgaben ist kein Tag wie der andere
- Wir schaffen, dank unserer flexiblen Arbeitszeit, eine gute Work-Life-Balance
- Wir bieten dir hohe Übernahmechancen und gute Karriereperspektiven
- Dir stehen nach der Ausbildung berufsbegleitend zahlreiche Weiterbildungs- und Entwicklungsmöglichkeiten offen
DU bist ein IT-Talent, hast Lust aufs Programmieren und Spaß am Umgang mit Menschen?
Dann bewirb dich jetzt unter folgendem Link bei uns und werde ein Teil unseres Azubi-Teams:
https://ausbildung.karriere.universa.de/jobs/59357963/Ausbildung-2026-Fachinformatiker-f%C3%BCr-Anwendungsentwicklung-m-w-d-/","1.455 €, 1.532 €, 1.620 €","- Agile Softwareentwicklung mit Scrum und KanbanDas solltest du mitbringen:
- Eine gute Mittlere Reife oder (Fach-)Hochschulreife oder Studienaussteiger: innen aus den Bereichen der Informatik, Mathematik und Wirtschaftsinformatik
- Freude und großes Interesse am Umgang mit Informationstechnologien, auch außerhalb der Ausbildung
- Begeisterung am Lösen von Problemen
- Teamfähigkeit, Zuverlässigkeit und Kommunikationsfähigkeit",Ausbildung | Fachinformatiker (m/w/d) für Anwendungsentwicklung 2026,ae,Azubiyo ist eines der größten deutschen Ausbildungsportale mit einem breiten Angebot an freien Ausbildungs- und Dualen Studienplätzen. Mit unserem einzigartigen Matching-Verfahren bringen wir Bewerber und Unternehmen passgenau zusammen. Neben dem Stellenmarkt informiert das Portal zu allen Themen rund um Berufswahl und Bewerbung. Die Ausbildungsjobbörse gehört zur Dachmarke FUNKE Works.,"- Freude am selbstständigen ArbeitenDas bieten wir dir:
- Wir begleiten dich individuell vom ersten Tag an und unterstützen dich beim Einstieg ins Berufsleben
- Du erhältst ein eigenes Notebook, um dich im Rahmen deiner Ausbildung optimal zu unterstützen
- Aufgrund der vielseitigen und verschiedenen Aufgaben ist kein Tag wie der andere
- Wir schaffen, dank unserer flexiblen Arbeitszeit, eine gute Work-Life-Balance
- Wir bieten dir hohe Übernahmechancen und gute Karriereperspektiven
- Dir stehen nach der Ausbildung berufsbegleitend zahlreiche Weiterbildungs- und Entwicklungsmöglichkeiten offen
DU bist ein IT-Talent, hast Lust aufs Programmieren und Spaß am Umgang mit Menschen?
Dann bewirb dich jetzt unter folgendem Link bei uns und werde ein Teil unseres Azubi-Teams:
https://ausbildung.karriere.universa.de/jobs/59357963/Ausbildung-2026-Fachinformatiker-f%C3%BCr-Anwendungsentwicklung-m-w-d-/",,,empty,,https://www.azubiyo.de/stellenanzeigen/3F2BDCDC/bewerben/,https://www.azubiyo.de/stellenanzeigen/3F2BDCDC/bewerben/,https://www.azubiyo.de/stellenanzeigen/3F2BDCDC/bewerben/,externe,"Ansprechpartnerin:
Frau Theresa Brütting
Sulzbacher Straße 1-7
90489 Nürnberg
Tel.: 0911 5307-1356",,,azubiyo_de,https://www.azubiyo.de/stellenanzeigen/ausbildung-fachinformatiker-m-w-d-fuer-anwendungse_universa-versicherungen_3f2bdcdc/,False,,73,,,,2026-06-12T09:50:29.144739+00:00
AZUB-482ebc1g,azubiyo_de_ae,Azubiyo,,"Nürnberg, Muggenhof","Paumgartnerstraße 6-14 90429 Nürnberg, Muggenhof Bayern","Ausbildung Fachinformatiker für Anwendungsentwicklung (m/w/d), ab 09/2026

Das sind deine Aufgaben:
- Programmierung: Du lernst verschiedene Programmiersprachen kennen, z.B. Java oder C# und nutzt sie in echten Softwareprojekten.
- Entwicklung von Softwarelösungen: Du entwickelst gemeinsam mit deinem Team Softwarelösungen für echte Kundenbedürfnisse.
- Qualitätssicherung: Du testest Anwendungen automatisiert und findest dabei Fehler, bevor sie beim Kunden ankommen.
- Agilität: Du arbeitest mit modernen Entwicklungsmethoden wie Scrum oder Kanban – das heißt: kurze Abstimmungen, klare Ziele, schnelle Ergebnisse.Interessiert? Unser Video zur Ausbildung bietet dir weitere spannende Einblicke.
Das suchen wir:

- Voraussetzungen: Du hast einen mittleren Schulabschluss oder Abitur/Fachabitur mit guten Ergebnissen
- Erfahrung: Erste Erfahrungen in der Nutzung von Programmiersprachen im schulischen oder privaten Bereich sind von Vorteil, aber kein Muss.
- Kommunikationsstärke: Du fühlst dich wohl im Gespräch mit anderen und bringst dich aktiv ein.
- Teamfähigkeit: Du hast Spaß daran, sowohl im Team zu arbeiten als auch eigenverantwortlich Aufgaben zu übernehmen.
- Logisches Denkvermögen: Es fällt dir leicht logische Zusammenhänge zu erfassen und Neues zu lernen.

- Digitale Affinität: Du fühlst dich in der digitalen Welt wohl und willst sie aktiv mitgestalten.Das bieten wir dir:
- Betreuung: Wir bieten dir eine individuelle Ausbildungs- und Einsatzplanung sowie persönliche und fachliche Betreuung durch kompetente Ansprechpartner:innen.
- Attraktive Vergütung und Benefits: Neben einer fairen Bezahlung profitierst du von zahlreichen Vorteilen, wie flexiblen Arbeitszeiten, der Möglichkeit zum mobilen Arbeiten und einem modern ausgestatteten Arbeitsplatz
- Flexible Arbeitsgestaltung: Du hast die Möglichkeit, das Studium und die Arbeit so zu gestalten, dass sie zu deinem Leben passen. Flexibilität und eine gute Work-Life-Balance sind uns wichtig.
- Und vieles mehr…Das sind wir:
DATEV ist mehr als nur ein Arbeitgeber – wir sind eine starke Community, die mit Leidenschaft und Innovation die Digitalisierung der Geschäftsprozesse unserer über 700.000 Kunden vorantreibt. Dabei setzen wir auf Vielfalt, Offenheit und Chancengleichheit – damit alle Mitarbeitenden in einer Umgebung arbeiten können, in der sie sich entfalten und Gleichberechtigung erleben. #WirsindDATEV
Du möchtest mehr erfahren?",,"- Voraussetzungen: Du hast einen mittleren Schulabschluss oder Abitur/Fachabitur mit guten Ergebnissen
- Erfahrung: Erste Erfahrungen in der Nutzung von Programmiersprachen im schulischen oder privaten Bereich sind von Vorteil, aber kein Muss.
- Kommunikationsstärke: Du fühlst dich wohl im Gespräch mit anderen und bringst dich aktiv ein.
- Teamfähigkeit: Du hast Spaß daran, sowohl im Team zu arbeiten als auch eigenverantwortlich Aufgaben zu übernehmen.
- Logisches Denkvermögen: Es fällt dir leicht logische Zusammenhänge zu erfassen und Neues zu lernen.","Ausbildung | Fachinformatiker für Anwendungsentwicklung (m/w/d), ab 09/2026",ae,Azubiyo ist eines der größten deutschen Ausbildungsportale mit einem breiten Angebot an freien Ausbildungs- und Dualen Studienplätzen. Mit unserem einzigartigen Matching-Verfahren bringen wir Bewerber und Unternehmen passgenau zusammen. Neben dem Stellenmarkt informiert das Portal zu allen Themen rund um Berufswahl und Bewerbung. Die Ausbildungsjobbörse gehört zur Dachmarke FUNKE Works.,"- Digitale Affinität: Du fühlst dich in der digitalen Welt wohl und willst sie aktiv mitgestalten.Das bieten wir dir:
- Betreuung: Wir bieten dir eine individuelle Ausbildungs- und Einsatzplanung sowie persönliche und fachliche Betreuung durch kompetente Ansprechpartner:innen.
- Attraktive Vergütung und Benefits: Neben einer fairen Bezahlung profitierst du von zahlreichen Vorteilen, wie flexiblen Arbeitszeiten, der Möglichkeit zum mobilen Arbeiten und einem modern ausgestatteten Arbeitsplatz
- Flexible Arbeitsgestaltung: Du hast die Möglichkeit, das Studium und die Arbeit so zu gestalten, dass sie zu deinem Leben passen. Flexibilität und eine gute Work-Life-Balance sind uns wichtig.
- Und vieles mehr…Das sind wir:
DATEV ist mehr als nur ein Arbeitgeber – wir sind eine starke Community, die mit Leidenschaft und Innovation die Digitalisierung der Geschäftsprozesse unserer über 700.000 Kunden vorantreibt. Dabei setzen wir auf Vielfalt, Offenheit und Chancengleichheit – damit alle Mitarbeitenden in einer Umgebung arbeiten können, in der sie sich entfalten und Gleichberechtigung erleben. #WirsindDATEV
Du möchtest mehr erfahren?",,,empty,ausbildung@datev.de,https://www.azubiyo.de/stellenanzeigen/482EBC1G/bewerben/,https://www.azubiyo.de/stellenanzeigen/482EBC1G/bewerben/,https://www.azubiyo.de/stellenanzeigen/482EBC1G/bewerben/,externe,"Dann freuen wir uns auf deine Bewerbung über unser Karriereportal. Um den Bewerbungsprozess schnell und sicher zu gestalten, richte bitte einen Bewerbungsaccount ein. Bei Fragen kannst du uns jederzeit kontaktieren:
Kontakt:
Fabian Karl
Telefon: 0911 / 319-58751
E-Mail: ausbildung@datev.de
Bewirb dich jetzt und starte deine Zukunft mit DATEV!",,,azubiyo_de,https://www.azubiyo.de/stellenanzeigen/ausbildung-fachinformatiker-fuer-anwendungsentwick_datev_482ebc1g/,False,,73,,,,2026-06-12T09:49:48.370514+00:00
AZUB-c2621gd4,azubiyo_de_ae,Azubiyo,,"Saarbrücken, Schafbrücke","Halbergstraße 50-60 66121 Saarbrücken, Schafbrücke Saarland","Ausbildung zum Fachinformatiker (m/w/d) für Anwendungsentwicklung in Saarbrücken

Das erwartet dich
- Praxisphasen: Nach einer fundierten Grundausbildung durchläufst du verschiedene Abteilungen und lernst das breite Spektrum unserer IT-Dienstleistungen mit dem Schwerpunkt Programmierung kennen.
- Grundausbildung: Das erste Jahr deiner Ausbildung findet für den gesamten Ausbildungsjahrgang in Aachen statt. Dort erhältst du eine kostenfreie Unterkunft und besuchst auch die Berufsschule.
- Agiles Arbeiten: Du lernst die Arbeit in agilen (Forschungs-)Teams unserer IT-Abteilung kennen.
- Betreuung: Durch die Begleitung und das Coaching durch unser Ausbildungsteam sowie andere Young LIONs wirst du ideal auf deine Prüfung sowie den späteren Berufsalltag vorbereitet.
- Ausbildungsweg: Nach ca. einem Jahr stellst du dein Wissen im Rahmen des ersten Teils der gestreckten Abschlussprüfung unter Beweis. Am Ende deiner Ausbildung erhältst du nach erfolgreicher Prüfung deinen Abschluss als „Fachinformatiker/-in (m/w/d) für Anwendungsentwicklung“.
- Ausbildungsdauer: 3 Jahre

- Karrierechancen: Bei entsprechender Leistung hast du sehr gute Übernahmemöglichkeiten. Nach der Ausbildung kannst du dich mit Hilfe unserer Talentprogramme weiterentwickeln. Das bringst du mit
- Schulabschluss: Du hast das Fachabitur oder das Abitur (beinahe) in der Tasche.
- Kompetenzen: Du verfügst über gute Englisch- und Mathekenntnisse, begeisterst dich für Informatik und hast vielleicht schon erste Erfahrungen mit einer Programmiersprache.
- Arbeitsweise: Du arbeitest selbstständig und unterstützt dein Team. Dabei kannst du dich schnell auf neue Situationen und Menschen einstellen.Das kannst du erwarten
- Attraktives Gehalt: 1.613 - 1.796 Euro je nach Ausbildungsjahr, plus Bonus, Urlaubs- und Weihnachtsgeld, betriebliche Altersvorsorge und viele Vergünstigungen
- Work-Life-Balance: 30 Urlaubstage, flexible Arbeitszeiten sowie zusätzliche Lerntage. Du hast die Möglichkeit im Rahmen unserer Smart-Working-Vereinbarung auch mobil zu arbeiten.
- Weiterentwicklung: Vielfältige Trainings- und digitale Lernangebote.
- Gesundheit und Fitness: Umfangreiche Sport-, Vorsorge- und Versicherungsangebote.
- Gemeinschaft: After-Work-Events, Betriebssport und viele Vernetzungsmöglichkeiten.
- Rabatte: Zahlreiche Rabattmöglichkeiten und Zuschüsse, z. B. Corporate Benefits, Zuschuss zum Jobticket.
So bewirbst du dich","1.613 €, 1.689 €, 1.796 €","- Karrierechancen: Bei entsprechender Leistung hast du sehr gute Übernahmemöglichkeiten. Nach der Ausbildung kannst du dich mit Hilfe unserer Talentprogramme weiterentwickeln. Das bringst du mit
- Schulabschluss: Du hast das Fachabitur oder das Abitur (beinahe) in der Tasche.
- Kompetenzen: Du verfügst über gute Englisch- und Mathekenntnisse, begeisterst dich für Informatik und hast vielleicht schon erste Erfahrungen mit einer Programmiersprache.
- Arbeitsweise: Du arbeitest selbstständig und unterstützt dein Team. Dabei kannst du dich schnell auf neue Situationen und Menschen einstellen.Das kannst du erwarten
- Attraktives Gehalt: 1.613 - 1.796 Euro je nach Ausbildungsjahr, plus Bonus, Urlaubs- und Weihnachtsgeld, betriebliche Altersvorsorge und viele Vergünstigungen
- Work-Life-Balance: 30 Urlaubstage, flexible Arbeitszeiten sowie zusätzliche Lerntage. Du hast die Möglichkeit im Rahmen unserer Smart-Working-Vereinbarung auch mobil zu arbeiten.
- Weiterentwicklung: Vielfältige Trainings- und digitale Lernangebote.
- Gesundheit und Fitness: Umfangreiche Sport-, Vorsorge- und Versicherungsangebote.
- Gemeinschaft: After-Work-Events, Betriebssport und viele Vernetzungsmöglichkeiten.
- Rabatte: Zahlreiche Rabattmöglichkeiten und Zuschüsse, z. B. Corporate Benefits, Zuschuss zum Jobticket.
So bewirbst du dich",Ausbildung | zum Fachinformatiker (m/w/d) für Anwendungsentwicklung in Saarbrücken,ae,Azubiyo ist eines der größten deutschen Ausbildungsportale mit einem breiten Angebot an freien Ausbildungs- und Dualen Studienplätzen. Mit unserem einzigartigen Matching-Verfahren bringen wir Bewerber und Unternehmen passgenau zusammen. Neben dem Stellenmarkt informiert das Portal zu allen Themen rund um Berufswahl und Bewerbung. Die Ausbildungsjobbörse gehört zur Dachmarke FUNKE Works.,,,,empty,,https://www.azubiyo.de/stellenanzeigen/C2621GD4/bewerben/,https://www.azubiyo.de/stellenanzeigen/C2621GD4/bewerben/,https://www.azubiyo.de/stellenanzeigen/C2621GD4/bewerben/,externe,"Gerne beantworten wir alle Fragen rund um Karriere im persönlichen Kontakt:
+49 (0)221/1636 56650 (Mo bis Do 8-18 Uhr, Fr 8-17 Uhr)
Standort: Halbergstraße 50-60, 66121 Saarbrücken und mobil | Art der Stelle: Ausbildung | Startdatum: 11.08.2026 | Gehalt: 1.613 1.796 Euro je nach Ausbildungsjahr | Veröffentlichungsdatum: 08.01.2026 | Gültig bis: 15.07.2026
Noch mehr Infos findest du unter www.generali.de.","Bewirb dich jetzt Online mit deinem Lebenslauf und deinen letzten beiden Zeugnissen.
Dein zukünftiger Arbeitgeber
CosmosDirekt ist Deutschlands führender Online-Versicherer und der Direktversicherer der Generali in Deutschland. Mit einfachen und flexiblen Online-Angeboten und kompetenter und persönlicher Beratung rund um die Uhr setzt das Unternehmen neue Maßstäbe in der Versicherungsbranche. Zum Angebot zählen private Absicherungen, Vorsorge und Geldanlage. Mehr als 1,8 Millionen Kunden vertrauen auf CosmosDirekt.
Noch Fragen?",,azubiyo_de,https://www.azubiyo.de/stellenanzeigen/ausbildung-zum-fachinformatiker-m-w-d-fuer-anwendu_generali_c2621gd4/,False,,73,,,,2026-06-12T09:52:22.599435+00:00
AZUB-28ac2bf5,azubiyo_de_ae,Azubiyo,,Saarlouis,Ostring 57 66740 Saarlouis Saarland,"Ausbildung zum Fachinformatiker für Anwendungsentwicklung (m/w/d)

Deine Aufgaben
In der hochdigitalisierten Logistikbranche benötigen wir dich als Fachinformatiker (m/w/d) in der Anwendungsentwicklung. So stehst du nicht nur für deine Kollegen als IT-Helpdesk zur Verfügung, sondern beschäftigst dich auch schwerpunktmäßig mit der Verwaltung von komplexen IT-Systemen sowie der Erstellung und Anpassung von selbstgeschriebenen Programmen.
Ausbildungsdetails
Im Verlauf der 3-jährigen Ausbildung erlangst du folgende Kenntnisse:
- Programmierung und Anpassung von firmeneigener Software
- Entwicklung spezifischer Software-Lösungen
- Datenbank-ManagementDie Ausbildungsdauer beträgt 3 Jahre in Vollzeit, mit der Option die Ausbildung bei guten Schulleistungen um ein halbes Jahr auf 2,5 Jahre zu reduzieren

Dein Profil
- Du hast ein Fachabitur oder Abitur
- Du verfügst über sehr gute EDV-Kenntnisse
- Du hast gute Englisch-KenntnisseUnser Angebot
- Hervorragende Übernahmechancen nach erfolgreich abgeschlossener Berufsausbildung
- Übertarifliche und überdurchschnittliche Ausbildungsvergütung
- Bei guter Leistung die Möglichkeit die Ausbildungsdauer zu verkürzen
- Patenprogramm zur Orientierung im ersten Ausbildungsjahr
- Betriebssport","900 €, 1.000 €, 1.100 €","Dein Profil
- Du hast ein Fachabitur oder Abitur
- Du verfügst über sehr gute EDV-Kenntnisse
- Du hast gute Englisch-KenntnisseUnser Angebot
- Hervorragende Übernahmechancen nach erfolgreich abgeschlossener Berufsausbildung
- Übertarifliche und überdurchschnittliche Ausbildungsvergütung
- Bei guter Leistung die Möglichkeit die Ausbildungsdauer zu verkürzen
- Patenprogramm zur Orientierung im ersten Ausbildungsjahr
- Betriebssport",Ausbildung | zum Fachinformatiker für Anwendungsentwicklung (m/w/d),ae,Azubiyo ist eines der größten deutschen Ausbildungsportale mit einem breiten Angebot an freien Ausbildungs- und Dualen Studienplätzen. Mit unserem einzigartigen Matching-Verfahren bringen wir Bewerber und Unternehmen passgenau zusammen. Neben dem Stellenmarkt informiert das Portal zu allen Themen rund um Berufswahl und Bewerbung. Die Ausbildungsjobbörse gehört zur Dachmarke FUNKE Works.,,,,empty,ausbildung@robert-mueller.com,https://www.azubiyo.de/unterrichtsmaterial/arbeitshefte/berufswahl-bewerbung/,https://www.azubiyo.de/unterrichtsmaterial/arbeitshefte/berufswahl-bewerbung/,https://www.azubiyo.de/unterrichtsmaterial/arbeitshefte/berufswahl-bewerbung/,externe,"- Finanzielle Unterstützung beim MittagessenDein Ansprechpartner
Haben wir dein Interesse geweckt? Dann freuen wir uns darauf dich kennen zu lernen. Bitte sende deine aussagekräftige Bewerbung per E-Mail an ausbildung@robert-mueller.com
Bei Fragen wende dich an Herrn Torsten Sadlowski - Tel. 06831-899 186
Mehr Informationen zu unserem Unternehmen und unseren Ausbildungsmöglichkeiten findest du übrigens unter https://www.robert-mueller.com/.",,,azubiyo_de,https://www.azubiyo.de/stellenanzeigen/ausbildung-zum-fachinformatiker-fuer-anwendungsent_robert-mueller_28ac2bf5/,False,,73,,,,2026-06-12T09:51:40.489371+00:00
AZUB-23b73297,azubiyo_de_ae,Azubiyo,,"Burgau, Großanhausen, Kleinanhausen, Oberknöringen, Unterknöringen","Ostpreußenstraße 9 89331 Burgau, Großanhausen, Kleinanhausen, Oberknöringen, Unterknöringen Bayern","Ausbildung Fachinformatiker (m/w/d) FR Anwendungsentwicklung ab 01.09.2026

Die Voraussetzungen:","1.050 €, 1.150 €, 1.200 €",Die Voraussetzungen:,Ausbildung | Fachinformatiker (m/w/d) FR Anwendungsentwicklung ab 01.09.2026,ae,Azubiyo ist eines der größten deutschen Ausbildungsportale mit einem breiten Angebot an freien Ausbildungs- und Dualen Studienplätzen. Mit unserem einzigartigen Matching-Verfahren bringen wir Bewerber und Unternehmen passgenau zusammen. Neben dem Stellenmarkt informiert das Portal zu allen Themen rund um Berufswahl und Bewerbung. Die Ausbildungsjobbörse gehört zur Dachmarke FUNKE Works.,,,,empty,,https://www.azubiyo.de/stellenanzeigen/23B73297/bewerben/,https://www.azubiyo.de/stellenanzeigen/23B73297/bewerben/,https://www.azubiyo.de/stellenanzeigen/23B73297/bewerben/,externe,"Während Deiner Ausbildung lernst Du verschiedene Informations- und Applikationslösungen im Unternehmen zu realisieren. Du unterstützt die User des Unternehmens bei Anwendungsproblemen und Fragen rund um die IT. Während der Ausbildung lernst Du Anwendungen zu programmieren und verschiedenste IT-Problemstellungen zu lösen. Neben den fachlichen Inhalten der Ausbildung hast Du Kontakt zu allen Bereichen des Unternehmens und knüpfst dabei Kontakt zu internen Usern und externen Geschäftspartnern. Hierbei entwickelst Du vor allem Deine Kommunikationsfähigkeit, Selbstständigkeit sowie Entscheidungs- und Problemlösungsfindung.
Details zur Ausbildung:
Ausbildungsbeginn ist am 01.09. des jeweiligen Ausbildungsjahres. Die Ausbildung dauert insgesamt drei Jahre und findet an unserem Hauptsitz in Burgau statt. Die Berufsschule ist im Blockschulmodell und findet in Lauingen statt.
Ein Leben ohne Computer kannst Du Dir nicht vorstellen und möchtest Dein Hobby zum Beruf machen? Darüber hinaus zeichnet Dich Dein technisches Verständnis und Dein logisch-analytisches Denken aus. In Deinem zukünftigen Beruf möchtest Du Dein Interesse an der IT mit dem Kontakt zu Kollegen und Geschäftspartnern verbinden. Zudem hast Du Deine Schulbildung mit einer guten Mittleren Reife, Fachabitur oder der allgemeinen Hochschulreife abgeschlossen.
Starte mit uns durch und werde Teil eines professionellen und kompetenten Teams. Bewirb Dich jetzt!",,,azubiyo_de,https://www.azubiyo.de/stellenanzeigen/ausbildung-fachinformatiker-m-w-d-fr-anwendungsent_roma_23b73297/,False,,67,2026,9,2026-09-01,2026-06-12T09:50:25.294718+00:00
AZUB-2a96e7c6,azubiyo_de_ae,Azubiyo,,Duisburg,Targobank-Platz 1 47058 Duisburg Nordrhein-Westfalen,"Ausbildung Fachinformatiker für Anwendungsentwicklung Vollzeit/Teilzeit (w|m|d) - Duisburg (01.08.2026)

Deine Perspektive
Während deiner Ausbildung in unserer IT am Standort Duisburg vermitteln wir dir praxisnah das notwendige Wissen in den unterschiedlichen IT Bereichen (z.B. objektorientierte Softwareentwicklung mit C# und Java oder in unseren Legacy Systemen mit Cobol). Du bist bei uns voll ins Tagesgeschäft eingebunden. Und wenn es bei dir gut läuft, dann machst du - wie die meisten unserer Azubis - nach deiner Übernahme weiter: Als wichtiger Teil der TARGOBANK trägst du unmittelbar zur Kundenzufriedenheit bei - und damit zum Erfolg unserer Bank. Und auch langfristig stehen dir bei uns viele Türen offen: zum Beispiel als Software Developer*in.
Deine Ausbildung
Nach deinem (Fach-)Abitur machen wir dich fit für das Berufsleben. Dabei bringen wir dir alles Wichtige über die Themen (Weiter-) Entwicklung und Betrieb von IT-Anwendungen sowie Anpassung und Weiterentwicklung von Schnittstellen bei.Und wir wissen, dass man in der Praxis einfach am meisten lernt. Daher bist du vom ersten Tag an Teil des Teams. Und du kannst das Gelernte direkt ausprobieren, sowohl im Tagesgeschäft als auch in der Mitarbeit von IT-Projekten. Regelmäßige Feedbackgespräche und die Unterstützung unserer Ausbilder*innen helfen dir, immer besser zu werden. Um dein Wissen aus der Praxis zu vertiefen, nimmst du an digitalen Trainings und spannenden Seminaren in unserer eigenen Trainingsakademie teil.
Unser Angebot
- Ausbildung in Vollzeit oder Teilzeit möglich: Vollzeit: 2,5 Jahre, 40 Stunden/Woche; Teilzeit: 3 - 3,5 Jahre, mindestens 25 Stunden/Woche (individuelle Absprache möglich). Gib gerne in deiner Bewerbung an, wenn du deine Ausbildung in Teilzeit machen möchtest.
- Bildungszuschuss: Du bekommst einen Bildungszuschuss für z.B. ein Tablet, um unser digitales Lernangebot nutzen zu können.
- Vergütung: 1. Jahr: 1.400 €; 2. Jahr: 1.470 €; 3. Jahr: 1.550 €. Dein Gehalt in Teilzeit wird entsprechend angepasst.
- Homeoffice: In Absprache mit deiner Führungskraft kannst du nach deinen ersten 12 Monaten Ausbildung auch teilweise von zu Hause aus arbeiten.
- Urlaub: 30 Tage Urlaub im Jahr (In Teilzeit anteilig).
- Berufsschule: in Duisburg (Kaufm. Berufskolleg Duisburg-Mitte/Bertolt-Brecht-Berufskolleg)","1.400 €, 1.470 €, 1.550 €",,Ausbildung | Fachinformatiker für Anwendungsentwicklung Vollzeit/Teilzeit (w|m|d) - Duisburg (01.08.2026),ae,Azubiyo ist eines der größten deutschen Ausbildungsportale mit einem breiten Angebot an freien Ausbildungs- und Dualen Studienplätzen. Mit unserem einzigartigen Matching-Verfahren bringen wir Bewerber und Unternehmen passgenau zusammen. Neben dem Stellenmarkt informiert das Portal zu allen Themen rund um Berufswahl und Bewerbung. Die Ausbildungsjobbörse gehört zur Dachmarke FUNKE Works.,,,,empty,ausbildung@targobank.de,https://www.azubiyo.de/stellenanzeigen/2A96E7C6/bewerben/,https://www.azubiyo.de/stellenanzeigen/2A96E7C6/bewerben/,https://www.azubiyo.de/stellenanzeigen/2A96E7C6/bewerben/,externe,"- Zusätzliche Vorteile, z.B.: Volle Erstattung des Deutschlandtickets, Sonderzahlung bei sehr guter oder guter Leistung in deiner Abschlussprüfung, Benefits wie Sport- und Gesundheitsangebote, Vergünstigungen u.v.m.Kontakt
TARGOBANK
Julia Schmieder
Telefonnr. 0211/900 20 995
ausbildung@targobank.de
Vielfalt macht uns einzigartig
Die TARGOBANK steht für Chancengleichheit und Vielfalt.
Daher ist uns jede Bewerbung unabhängig von Behinderung, Alter, Geschlecht, Religion oder Weltanschauung, sexueller Orientierung, ethnischer Herkunft oder Hautfarbe willkommen.
Übrigens: Bei Interesse an mehreren Standorten ist eine Bewerbung ausreichend. Und solange die Stelle online ist, suchen wir auch nach passenden Kandidat*innen.",,,azubiyo_de,https://www.azubiyo.de/stellenanzeigen/ausbildung-fachinformatiker-fuer-anwendungsentwick_targobank_2a96e7c6/,False,,67,2026,8,2026-08-01,2026-06-12T09:49:54.349507+00:00
AZUB-78463861,azubiyo_de_ae,Azubiyo,,"Erlenbrunn, Niedersimten, Ruhbank","Blocksbergstraße 145 66955 Erlenbrunn, Niedersimten, Ruhbank Rheinland-Pfalz","Ausbildung Fachinformatiker/in für Anwendungsentwicklung (m/w/d) 2026

Das lernst du bei uns
- Entwickeln und Programmieren kundenspezifischer Softwareanwendungen
- Testen und Dokumentieren von Anwendungen
- Modifizieren bestehender Anwendungen
- Einsetzen von Methoden der Projektplanung, -durchführung und -kontrolle
- Anwenden von Software-Entwicklungswerkzeugen
- Entwickeln anwendungsgerechter und ergonomischer Bedienoberflächen
- Fehlerbehebung durch Einsatz von Experten- und Diagnosesystemen
- Präsentation von Anwendungen
- Beratung und Schulung der Benutzer
Deine Perspektiven
Als Fachinformatiker entwickelst du bei psb Softwarelösungen für unsere Intralogistiksysteme weiter, unterstützt interne Fachbereiche und trägst zur Digitalisierung im Unternehmen bei. Dank der Übernahmegarantie kannst du direkt nach deiner Ausbildung durchstarten und tiefer in unsere Projekte einsteigen – mit langfristiger Perspektive in unserem Entwicklungsteam.
Über uns
psb intralogistics ist seit über 70 Jahren ein zuverlässiger Partner für komplexe Intralogistiklösungen. Mit rund 520 Mitarbeitenden entwickeln und realisieren wir maßgeschneiderte Systeme für Kunden weltweit – von der Mechanik über die Steuerung bis zur Software. Als Ausbildungsbetrieb legen wir großen Wert auf Qualität, persönliche Betreuung und langfristige Entwicklungsperspektiven.
Interesse geweckt?
Dann freuen wir uns über Deine aussagekräftige Bewerbung an unsere Personalabteilung, Frau Jasmin Forseth.

Das solltest du mitbringen
- Guter Realschulabschluss oder Fachabitur
- Interesse an Informatik und Softwareentwicklung
- Gute Kenntnisse in Mathematik bilden eine solide Grundlage
- Sorgfältige und zuverlässige Arbeitsweise
- Teamfähigkeit und Kommunikationsstärke

Das bieten wir dir
- Eine fundierte Ausbildung mit breitem fachlichem Spektrum
- Attraktive Ausbildungsvergütung
- Fahrtkostenzuschuss zur Berufsschule, Zuschüsse zu Lehrmitteln
- Freistellung für Prüfungen und Unterstützung bei der Vorbereitung
- Azubi-Events, gemeinsame Grillfeste und Betriebsveranstaltungen
- Kantine mit vergünstigtem Mittagessen, Arbeitskleidung wird gestellt
- Betriebliche Altersvorsorge und weitere Sozialleistungen
- Übernahmegarantie",,"Das solltest du mitbringen
- Guter Realschulabschluss oder Fachabitur
- Interesse an Informatik und Softwareentwicklung
- Gute Kenntnisse in Mathematik bilden eine solide Grundlage
- Sorgfältige und zuverlässige Arbeitsweise
- Teamfähigkeit und Kommunikationsstärke",Ausbildung | Fachinformatiker/in für Anwendungsentwicklung (m/w/d) 2026,ae,Azubiyo ist eines der größten deutschen Ausbildungsportale mit einem breiten Angebot an freien Ausbildungs- und Dualen Studienplätzen. Mit unserem einzigartigen Matching-Verfahren bringen wir Bewerber und Unternehmen passgenau zusammen. Neben dem Stellenmarkt informiert das Portal zu allen Themen rund um Berufswahl und Bewerbung. Die Ausbildungsjobbörse gehört zur Dachmarke FUNKE Works.,"Das bieten wir dir
- Eine fundierte Ausbildung mit breitem fachlichem Spektrum
- Attraktive Ausbildungsvergütung
- Fahrtkostenzuschuss zur Berufsschule, Zuschüsse zu Lehrmitteln
- Freistellung für Prüfungen und Unterstützung bei der Vorbereitung
- Azubi-Events, gemeinsame Grillfeste und Betriebsveranstaltungen
- Kantine mit vergünstigtem Mittagessen, Arbeitskleidung wird gestellt
- Betriebliche Altersvorsorge und weitere Sozialleistungen
- Übernahmegarantie",,,empty,,https://www.azubiyo.de/stellenanzeigen/78463861/bewerben/,https://www.azubiyo.de/stellenanzeigen/78463861/bewerben/,https://www.azubiyo.de/stellenanzeigen/78463861/bewerben/,externe,,"- Gute Englischkenntnisse sind wichtig - technische Unterlagen werden teilweise auf Englisch geführt
So läuft deine Ausbildung ab
- Dauer: 3 Jahre (Verkürzung möglich bei sehr guten Leistungen)
- Unterricht an der Berufsschule, kombiniert mit praktischer Arbeit im Betrieb
- Persönliche Betreuung durch erfahrene Ausbilder
- Regelmäßiger Austausch und enge Zusammenarbeit mit anderen Azubis und praxisnahe Projekte
- Während deiner Ausbildung wirst du in der Softwareentwicklung und der IT Abteilung eingesetzt",,azubiyo_de,https://www.azubiyo.de/stellenanzeigen/ausbildung-fachinformatiker-in-fuer-anwendungsentw_psb-intralogistics_78463861/,False,,67,,,,2026-06-12T09:50:16.292047+00:00
AZUB-6136f1f8,azubiyo_de_ae,Azubiyo,,Essen,Kruppstraße 64 45145 Essen Nordrhein-Westfalen,"Auszubildender Fachinformatiker Anwendungsentwicklung 2026 (m/w/d)

Deine Perspektive – das machst du bei uns:
- Starte deine IT-Karriere und entwickle Software, die wirklich etwas bewegt!
- Gestalte mit: Wirke aktiv bei der Umsetzung individueller Kundenanforderungen an unsere Softwarelösungen mit – deine Ideen zählen!
- Hands-on statt nur Theorie: Lerne die Grundlagen unserer Softwaresysteme direkt im Projekt und werde Schritt für Schritt zum Coding-Profi.
- Tools & Tech: Arbeite mit den neuesten Unternehmens-Tools und entdecke, wie Profis Software entwickeln und Prozesse steuern.
- Innovation pur: Unterstütze die Entwicklung neuer Kommunikationslösungen zwischen Krankenkassen und Versicherten und sei Teil des Ausbaus einer der größten Java-Anwendungen Europas (BITMARCK_21c|ng).

- Moderne Hard- und Software: Werde ein Teil unseres agilen und offenen Teams und nutze die neuesten Technologien für deine Arbeit.Dein Karrierestart – das bringst du mit:
- Du hast einen Abschluss der Fachhochschulreife oder einen überdurchschnittlichen, mittleren Schulabschluss in der Tasche.
- IT ist genau dein Ding – du hast Lust, die digitale Welt zu entdecken und mitzugestalten.
- Im Team arbeitest du gerne mit anderen zusammen, teilst dein Wissen und bringst dich aktiv ein.
- Bei uns kannst du Mitdenken statt nur Mitlaufen – dabei zeigst du Eigeninitiative und hast Lust Neues zu lernen.
- Deine Begeisterung für die Fächer Mathematik, Informatik und Englisch rundet dein Profil ab.

- Teamwork & Kreativität: Sei mittendrin in unseren Abteilungen, bring deine Lösungsideen ein und gestalte Arbeitsprozesse aktiv mit.Unsere Benefits - das bieten wir dir:
- Abwechslung und Qualität: Komm erst einmal an – mit einem Kennenlerntag vor der Ausbildung und einem umfangreichen Informationsprogramm „Ausbildungsstart“, wenn es dann richtig losgeht.
- Branche mit Zukunft: Bei uns arbeitest du in zwei spannenden Zukunftsmärkten – IT und Gesundheit.
- Ausbildung und Zukunft: Wir unterstützen dich mit internen Schulungen und der Vorbereitung auf die Zwischen- und Abschlussprüfung.
- Gutes Betriebsklima und Netzwerk: Wir verstehen uns gut – lerne von erfahrenen Kollegen – egal ob in Essen, Hamburg oder München.
- Freiräume und Zeit für Regeneration: Wer Leistung bringen will, muss sich wohlfühlen. Wir arbeiten in einer 39-Stunden Woche, haben flexible Arbeitszeiten und bieten dir 30 Tage Urlaub. Wir legen sogar noch drei weitere betriebsfreie Tage oben drauf.
- Gesundheitsmanagement: Um gute Ideen zu haben, braucht es einen freien Kopf. Gesundheits-Camp, Firmenlauf und unser Achtsamkeits-Programm sind nur einige Angebote unseres Gesundheitsmanagements.
- Tarifliche Vergütung und Übernahme: Das lohnt sich – beginne mit einer monatlichen Vergütung i. H. v. 1.384,17 Euro im ersten Ausbildungsjahr – und wenn’s dir gefällt, bleib nach der Prüfung einfach da. Wir übernehmen fast alle Azubis.","1.384,17 €, 1.420,67 €, 1.506,08 €","- Moderne Hard- und Software: Werde ein Teil unseres agilen und offenen Teams und nutze die neuesten Technologien für deine Arbeit.Dein Karrierestart – das bringst du mit:
- Du hast einen Abschluss der Fachhochschulreife oder einen überdurchschnittlichen, mittleren Schulabschluss in der Tasche.
- IT ist genau dein Ding – du hast Lust, die digitale Welt zu entdecken und mitzugestalten.
- Im Team arbeitest du gerne mit anderen zusammen, teilst dein Wissen und bringst dich aktiv ein.
- Bei uns kannst du Mitdenken statt nur Mitlaufen – dabei zeigst du Eigeninitiative und hast Lust Neues zu lernen.
- Deine Begeisterung für die Fächer Mathematik, Informatik und Englisch rundet dein Profil ab.",Ausbildung | Auszubildender Fachinformatiker Anwendungsentwicklung 2026 (m/w/d),ae,Azubiyo ist eines der größten deutschen Ausbildungsportale mit einem breiten Angebot an freien Ausbildungs- und Dualen Studienplätzen. Mit unserem einzigartigen Matching-Verfahren bringen wir Bewerber und Unternehmen passgenau zusammen. Neben dem Stellenmarkt informiert das Portal zu allen Themen rund um Berufswahl und Bewerbung. Die Ausbildungsjobbörse gehört zur Dachmarke FUNKE Works.,"- Teamwork & Kreativität: Sei mittendrin in unseren Abteilungen, bring deine Lösungsideen ein und gestalte Arbeitsprozesse aktiv mit.Unsere Benefits - das bieten wir dir:
- Abwechslung und Qualität: Komm erst einmal an – mit einem Kennenlerntag vor der Ausbildung und einem umfangreichen Informationsprogramm „Ausbildungsstart“, wenn es dann richtig losgeht.
- Branche mit Zukunft: Bei uns arbeitest du in zwei spannenden Zukunftsmärkten – IT und Gesundheit.
- Ausbildung und Zukunft: Wir unterstützen dich mit internen Schulungen und der Vorbereitung auf die Zwischen- und Abschlussprüfung.
- Gutes Betriebsklima und Netzwerk: Wir verstehen uns gut – lerne von erfahrenen Kollegen – egal ob in Essen, Hamburg oder München.
- Freiräume und Zeit für Regeneration: Wer Leistung bringen will, muss sich wohlfühlen. Wir arbeiten in einer 39-Stunden Woche, haben flexible Arbeitszeiten und bieten dir 30 Tage Urlaub. Wir legen sogar noch drei weitere betriebsfreie Tage oben drauf.
- Gesundheitsmanagement: Um gute Ideen zu haben, braucht es einen freien Kopf. Gesundheits-Camp, Firmenlauf und unser Achtsamkeits-Programm sind nur einige Angebote unseres Gesundheitsmanagements.
- Tarifliche Vergütung und Übernahme: Das lohnt sich – beginne mit einer monatlichen Vergütung i. H. v. 1.384,17 Euro im ersten Ausbildungsjahr – und wenn’s dir gefällt, bleib nach der Prüfung einfach da. Wir übernehmen fast alle Azubis.",,,empty,,https://www.azubiyo.de/stellenanzeigen/6136F1F8/bewerben/,https://www.azubiyo.de/stellenanzeigen/6136F1F8/bewerben/,https://www.azubiyo.de/stellenanzeigen/6136F1F8/bewerben/,externe,,,,azubiyo_de,https://www.azubiyo.de/stellenanzeigen/auszubildender-fachinformatiker-anwendungsentwickl_bitmarck-holding_6136f1f8/,False,,67,,,,2026-06-12T09:53:07.356747+00:00
AZUB-e65gec4b,azubiyo_de_ae,Azubiyo,,Frankfurt am Main,Hanauer Landstraße 196 60314 Frankfurt am Main Hessen,"Ausbildung Fachinformatiker (w/m/d) - Anwendungsentwicklung Frankfurt am Main 2026

- Kontaktfreudigkeit rundet Dein Profil ab.Ablauf und Inhalte der Aus­bil­dung:
- Die Berufsausbildung dauert 3 Jahre und kann bei guter Leistung auf 2,5 Jahre verkürzt werden. Das theoretische Grundlagenwissen erlangst Du im Blockunterricht an der Werner-von-Siemens-Schule in Frankfurt am Main.
- Von der ersten Idee über die Konzeption bis zur Umsetzung bist Du an der Entwicklung moderner Softwarelösungen beteiligt - Du programmierst nicht nur, sondern gestaltest Anwendungen von Anfang an mit.
- Du arbeitest mit modernen Programmiersprachen wie TypeScript, JavaScript, Python und Go. Dabei lernst Du, Software zu entwickeln, die betriebliche Prozesse effizienter macht und automatisiert - zum Beispiel zur Unterstützung eines reibungslosen operativen Geschäfts in modernen Cloud-Umgebungen, zur Einhaltung von Compliance-Anforderungen oder für die digitale Abwicklung von Tickets.
- Du entwickelst benutzerfreundliche Bedienoberflächen, passt bestehende Anwendungen entsprechend an und erweiterst diese. Wartung, ggf. Fehlerbehebung und das Testen der Software gehört ebenfalls zu Deinen Tätigkeiten.
- Du arbeitest mit modernen Container- und Cloud-Technologien wie Kubernetes, entwickelst und optimierst automatisierte Workflows und hast Berührungspunkte mit aktuellen Themen wie künstlicher Intelligenz.
- Nach Abschluss Deiner Ausbildung hast Du vielfältige berufliche Perspektiven bei uns im Bereich Automation & Tooling einzusteigen.Ansprech­part­ner und Bewer­bung
- Fran­ziska Klut
- jobs@claranet.de ; Tel.: 069 40 80 18 121
- Bitte beziehe Dich in Dei­ner Bewer­bung auf AZU­BIYO und gib die genannte Refe­renz­num­mer an.","1.050 €, 1.150 €, 1.250 €","- Kontaktfreudigkeit rundet Dein Profil ab.Ablauf und Inhalte der Aus­bil­dung:
- Die Berufsausbildung dauert 3 Jahre und kann bei guter Leistung auf 2,5 Jahre verkürzt werden. Das theoretische Grundlagenwissen erlangst Du im Blockunterricht an der Werner-von-Siemens-Schule in Frankfurt am Main.
- Von der ersten Idee über die Konzeption bis zur Umsetzung bist Du an der Entwicklung moderner Softwarelösungen beteiligt - Du programmierst nicht nur, sondern gestaltest Anwendungen von Anfang an mit.
- Du arbeitest mit modernen Programmiersprachen wie TypeScript, JavaScript, Python und Go. Dabei lernst Du, Software zu entwickeln, die betriebliche Prozesse effizienter macht und automatisiert - zum Beispiel zur Unterstützung eines reibungslosen operativen Geschäfts in modernen Cloud-Umgebungen, zur Einhaltung von Compliance-Anforderungen oder für die digitale Abwicklung von Tickets.
- Du entwickelst benutzerfreundliche Bedienoberflächen, passt bestehende Anwendungen entsprechend an und erweiterst diese. Wartung, ggf. Fehlerbehebung und das Testen der Software gehört ebenfalls zu Deinen Tätigkeiten.
- Du arbeitest mit modernen Container- und Cloud-Technologien wie Kubernetes, entwickelst und optimierst automatisierte Workflows und hast Berührungspunkte mit aktuellen Themen wie künstlicher Intelligenz.
- Nach Abschluss Deiner Ausbildung hast Du vielfältige berufliche Perspektiven bei uns im Bereich Automation & Tooling einzusteigen.Ansprech­part­ner und Bewer­bung
- Fran­ziska Klut
- jobs@claranet.de ; Tel.: 069 40 80 18 121
- Bitte beziehe Dich in Dei­ner Bewer­bung auf AZU­BIYO und gib die genannte Refe­renz­num­mer an.",Ausbildung | Fachinformatiker (w/m/d) - Anwendungsentwicklung Frankfurt am Main 2026,ae,Azubiyo ist eines der größten deutschen Ausbildungsportale mit einem breiten Angebot an freien Ausbildungs- und Dualen Studienplätzen. Mit unserem einzigartigen Matching-Verfahren bringen wir Bewerber und Unternehmen passgenau zusammen. Neben dem Stellenmarkt informiert das Portal zu allen Themen rund um Berufswahl und Bewerbung. Die Ausbildungsjobbörse gehört zur Dachmarke FUNKE Works.,,,,empty,jobs@claranet.de,https://www.azubiyo.de/stellenanzeigen/E65GEC4B/bewerben/,https://www.azubiyo.de/stellenanzeigen/E65GEC4B/bewerben/,https://www.azubiyo.de/stellenanzeigen/E65GEC4B/bewerben/,externe,,,,azubiyo_de,https://www.azubiyo.de/stellenanzeigen/ausbildung-fachinformatiker-w-m-d-anwendungsentwic_claranet_e65gec4b/,False,,67,,,,2026-06-12T09:50:32.377482+00:00
AZUB-3df6f181,azubiyo_de_ae,Azubiyo,,Hamburg,New-York-Ring 6 22297 Hamburg Hamburg,"Ausbildung zum Fachinformatiker für Anwendungsentwicklung (m/w/d) 2026

DAS SIND DEINE AUFGABEN
- Entwicklung und Programmierung von Softwarelösungen und Anwendungen
- Analyse und Erfassung von Kundenanforderungen und deren Umsetzung in Software
- Gestaltung und Implementierung benutzerfreundlicher Oberflächen
- Durchführung von Tests zur Qualitätssicherung und Fehlerbehebung
- Erstellung und Pflege von technischen Dokumentationen
- Mitarbeit an Projekten zur Weiterentwicklung und Optimierung von Softwareanwendungen

- Unterstützung und Beratung von Anwendern bei SoftwarefragenDAS BIETEN WIR DIR
- Guter Realschulabschluss, Fachabitur oder Abitur
- Begeisterung für Programmierung, Softwareentwicklung und IT-Technologien
- Freundliches Auftreten und gute Kommunikationsfähigkeiten
- Strukturierte und analytische Arbeitsweise
- Lust auf kontinuierliches Lernen und persönliche Weiterentwicklung
- Motivierte und optimistische HaltungDAS BIETEN WIR IHNEN
- Attraktive Ausbildungsvergütung
- 13 Monatsgehälter
- Heiligabend und Silvester frei
- Halber Urlaubstag an deinem Geburtstag
- Flexible Arbeitszeiten
- Vergünstigungen für Sport- und Gesundheitskurse
- Tolle Mitarbeiter:innen-Events
- Regelmäßige Schulungen sowie Seminare
- Netzwerk mit ca. 80 Auszubildenden
- Hohe Übernahmechancen nach erfolgreichem Abschluss
- ...und noch vieles mehr!ADS Allgemeine Deutsche Steuerberatungsgesellschaft mbH
New-York-Ring 6, 22297 Hamburg, www.ads-steuer.de",,,Ausbildung | zum Fachinformatiker für Anwendungsentwicklung (m/w/d) 2026,ae,Azubiyo ist eines der größten deutschen Ausbildungsportale mit einem breiten Angebot an freien Ausbildungs- und Dualen Studienplätzen. Mit unserem einzigartigen Matching-Verfahren bringen wir Bewerber und Unternehmen passgenau zusammen. Neben dem Stellenmarkt informiert das Portal zu allen Themen rund um Berufswahl und Bewerbung. Die Ausbildungsjobbörse gehört zur Dachmarke FUNKE Works.,"- Unterstützung und Beratung von Anwendern bei SoftwarefragenDAS BIETEN WIR DIR
- Guter Realschulabschluss, Fachabitur oder Abitur
- Begeisterung für Programmierung, Softwareentwicklung und IT-Technologien
- Freundliches Auftreten und gute Kommunikationsfähigkeiten
- Strukturierte und analytische Arbeitsweise
- Lust auf kontinuierliches Lernen und persönliche Weiterentwicklung
- Motivierte und optimistische HaltungDAS BIETEN WIR IHNEN
- Attraktive Ausbildungsvergütung
- 13 Monatsgehälter
- Heiligabend und Silvester frei
- Halber Urlaubstag an deinem Geburtstag
- Flexible Arbeitszeiten
- Vergünstigungen für Sport- und Gesundheitskurse
- Tolle Mitarbeiter:innen-Events
- Regelmäßige Schulungen sowie Seminare
- Netzwerk mit ca. 80 Auszubildenden
- Hohe Übernahmechancen nach erfolgreichem Abschluss
- ...und noch vieles mehr!ADS Allgemeine Deutsche Steuerberatungsgesellschaft mbH
New-York-Ring 6, 22297 Hamburg, www.ads-steuer.de",,,empty,,https://www.azubiyo.de/stellenanzeigen/3DF6F181/bewerben/,https://www.azubiyo.de/stellenanzeigen/3DF6F181/bewerben/,https://www.azubiyo.de/stellenanzeigen/3DF6F181/bewerben/,externe,"Für Fragen steht dir unsere Ansprechpartnerin Melanie Masurek gerne unter der Telefonnummer 040 63305-5037 zur Verfügung.
Wir freuen uns darauf, dich kennenzulernen! Bewerbe dich einfach über unser Online-Karriereportal: https://www.ads-steuer.de/karriere/stellenboerse/ausbildung-zum-fachinformatiker-fuer-anwendungsentwicklung-m-w-d-2464747/?_pc=1617389",Lege jetzt los und lade deine Bewerbungsunterlagen direkt über unser Portal hoch!,,azubiyo_de,https://www.azubiyo.de/stellenanzeigen/ausbildung-zum-fachinformatiker-fuer-anwendungsent_ads_3df6f181/,False,,67,,,,2026-06-12T09:51:25.107694+00:00
AZUB-8195e257,azubiyo_de_ae,Azubiyo,,"Hannover, Lahe","HDI-Platz 1 30659 Hannover, Lahe Niedersachsen","Ausbildung als Fachinformatiker:in Anwendungsentwicklung

Deine Aufgaben
- Du möchtest Software nicht nur nutzen, sondern verstehen, wie sie funktioniert? In unserer dreijährigen Ausbildung als Fachinformatiker:in Anwendungsentwicklung zeigen wir Dir, was in unserer Software steckt und welche Tools Du zum Entwickeln benötigst.
- Wir gestalten Deine Praxisphasen gemeinsam nach Deinen Interessen, damit Du Deine Stärken optimal einbringen und entwickeln kannst.
- We – Du bist nicht allein, sondern stets Teil eines Teams sowie unserer Community von IT-Nachwuchstalenten.
- (de)code - wir zeigen Dir alles , was vor der ersten und nach der letzten Zeile Code passiert.
- Insurance - Du erhältst Einblicke in die Versicherungswelt und die Technik dahinter.

- Spannende Aufgaben rund um Anforderungsmanagement, Programmierung, Künstliche Intelligenz, Cloud-Services sowie agile Arbeitsmethoden erwarten Dich.Dein Profil
- Computer und Technik interessieren Dich - vielleicht hast Du auch schon erste Erfahrungen im Programmieren gesammelt.
- Dein Umfeld wendet sich bei technischen Fragestellungen gerne an Dich.
- Sollte mal etwas nicht funktionieren, suchst Du nach der Ursache.
- Teamarbeit macht Dir Spaß – gleichzeitig möchtest Du auch eigenverantwortlich Aufgaben übernehmen.

- Gute Fachoberschulreife (mittlere Reife), (Fach-) Abitur – auch Menschen, die sich nach einem begonnenen Berufsweg oder Studium umorientieren möchten, sind herzlich willkommen.Deine Benefits
- Ausbildungscommunity
Jeder für sich? Nicht bei uns. Unsere bundesweit digitale Ausbildungscommunity unterstützt bei Fragen, Lerngruppenbildung und Prüfungsvorbereitung
- Gesundheitsmanagement
Mit unserem betrieblichen Gesundheitsmanagement wollen wir Deine physische und psychische Gesundheit stärken. Gleichzeitig steht hier der Spaß und das Networking an erster Stelle.
- Coaching und Trainings
Neben fachlicher Weiterbildung bieten wir Dir individuelle Coachings sowie spezielle Trainings an, die Dir helfen, Deine Kommunikationsfähigkeiten, Präsentationstechniken und Entscheidungsfindungen weiter auszubauen.
- Kostenübernahme Prüfungsvorbereitungskurse & Literatur
Auf Deine Prüfungen bereiten wir Dich bestens mit Prüfungsvorbereitungskursen und verschiedenen Seminaren vor.Be You!
Bei uns steht der Mensch im Fokus. Wir leben eine Unternehmenskultur der Offenheit sowie Wertschätzung und garantieren allen Mitarbeiter:innen und Kandidat:innen Chancengleichheit. So schaffen wir ein Umfeld, in dem das persönliche Potenzial bestmöglich entfaltet werden kann.
Starte durch bei der HDI Group!
Innerhalb der HDI Group bündeln wir die Aufgaben für die verschiedenen Gesellschaften in der Privat- und Firmenversicherung sowie der Industrieversicherung. Bei uns hast Du die Chance, immer wieder neue Wege zu entdecken, gemeinsam mit uns zu wachsen und Dich weiterzuentwickeln.","1.455 €, 1.532 €, 1.620 €","- Spannende Aufgaben rund um Anforderungsmanagement, Programmierung, Künstliche Intelligenz, Cloud-Services sowie agile Arbeitsmethoden erwarten Dich.Dein Profil
- Computer und Technik interessieren Dich - vielleicht hast Du auch schon erste Erfahrungen im Programmieren gesammelt.
- Dein Umfeld wendet sich bei technischen Fragestellungen gerne an Dich.
- Sollte mal etwas nicht funktionieren, suchst Du nach der Ursache.
- Teamarbeit macht Dir Spaß – gleichzeitig möchtest Du auch eigenverantwortlich Aufgaben übernehmen.",Ausbildung | als Fachinformatiker:in Anwendungsentwicklung,ae,Azubiyo ist eines der größten deutschen Ausbildungsportale mit einem breiten Angebot an freien Ausbildungs- und Dualen Studienplätzen. Mit unserem einzigartigen Matching-Verfahren bringen wir Bewerber und Unternehmen passgenau zusammen. Neben dem Stellenmarkt informiert das Portal zu allen Themen rund um Berufswahl und Bewerbung. Die Ausbildungsjobbörse gehört zur Dachmarke FUNKE Works.,"- Gute Fachoberschulreife (mittlere Reife), (Fach-) Abitur – auch Menschen, die sich nach einem begonnenen Berufsweg oder Studium umorientieren möchten, sind herzlich willkommen.Deine Benefits
- Ausbildungscommunity
Jeder für sich? Nicht bei uns. Unsere bundesweit digitale Ausbildungscommunity unterstützt bei Fragen, Lerngruppenbildung und Prüfungsvorbereitung
- Gesundheitsmanagement
Mit unserem betrieblichen Gesundheitsmanagement wollen wir Deine physische und psychische Gesundheit stärken. Gleichzeitig steht hier der Spaß und das Networking an erster Stelle.
- Coaching und Trainings
Neben fachlicher Weiterbildung bieten wir Dir individuelle Coachings sowie spezielle Trainings an, die Dir helfen, Deine Kommunikationsfähigkeiten, Präsentationstechniken und Entscheidungsfindungen weiter auszubauen.
- Kostenübernahme Prüfungsvorbereitungskurse & Literatur
Auf Deine Prüfungen bereiten wir Dich bestens mit Prüfungsvorbereitungskursen und verschiedenen Seminaren vor.Be You!
Bei uns steht der Mensch im Fokus. Wir leben eine Unternehmenskultur der Offenheit sowie Wertschätzung und garantieren allen Mitarbeiter:innen und Kandidat:innen Chancengleichheit. So schaffen wir ein Umfeld, in dem das persönliche Potenzial bestmöglich entfaltet werden kann.
Starte durch bei der HDI Group!
Innerhalb der HDI Group bündeln wir die Aufgaben für die verschiedenen Gesellschaften in der Privat- und Firmenversicherung sowie der Industrieversicherung. Bei uns hast Du die Chance, immer wieder neue Wege zu entdecken, gemeinsam mit uns zu wachsen und Dich weiterzuentwickeln.",,,empty,,https://www.azubiyo.de/stellenanzeigen/8195E257/bewerben/,https://www.azubiyo.de/stellenanzeigen/8195E257/bewerben/,https://www.azubiyo.de/stellenanzeigen/8195E257/bewerben/,externe,,,,azubiyo_de,https://www.azubiyo.de/stellenanzeigen/ausbildung-als-fachinformatikerin-anwendungsentwic_hdi-service_8195e257/,False,,67,,,,2026-06-12T09:49:19.715058+00:00
AZUB-ded3g538,azubiyo_de_ae,Azubiyo,,"Hiesfeld, Oberlohberg","Erlenstraße 80 46539 Hiesfeld, Oberlohberg Nordrhein-Westfalen","Fachinformatiker:in Anwendungsentwicklung (m/w/d)

- Wir bieten Dir einen sicheren und spannenden Arbeitsplatz mit Gestaltungsfreiraum bei Organisation und Umsetzung von Aufgaben
- Uns sind Diversität, Chancengleichheit und Menschlichkeit im Umgang, innerhalb wie außerhalb des Unternehmens wichtig
- Dein Arbeitsplatz ist mit moderner Technik ausgestattet
- Du kannst mit uns eine grüne Zukunft schaffen
- Es steht frisches Obst für dich bereit
Über uns
Die RIB IMS GmbH ist seit über 30 Jahren ein innovatives Software- und Beratungshaus und hat sich auf die Lösung CAFM Software (Facility Management Software) spezialisiert. Unsere Software ist die führende Immobilienmanagementsoftware im deutschsprachigen Raum. Zudem sind wir Vorreiter für die Digitalisierung im Gebäudebetrieb. Wir beschäftigen rund 88 Mitarbeitende an unseren Standorten in Dinslaken und Berlin in den verschiedensten Bereichen: Development, Support, Sales und Service.","980€, 1040€, 1110€, 1.065 €, 1.118 €, 1.197 €",,Ausbildung | Fachinformatiker:in Anwendungsentwicklung (m/w/d),ae,Azubiyo ist eines der größten deutschen Ausbildungsportale mit einem breiten Angebot an freien Ausbildungs- und Dualen Studienplätzen. Mit unserem einzigartigen Matching-Verfahren bringen wir Bewerber und Unternehmen passgenau zusammen. Neben dem Stellenmarkt informiert das Portal zu allen Themen rund um Berufswahl und Bewerbung. Die Ausbildungsjobbörse gehört zur Dachmarke FUNKE Works.,"- Wir bieten Dir einen sicheren und spannenden Arbeitsplatz mit Gestaltungsfreiraum bei Organisation und Umsetzung von Aufgaben
- Uns sind Diversität, Chancengleichheit und Menschlichkeit im Umgang, innerhalb wie außerhalb des Unternehmens wichtig
- Dein Arbeitsplatz ist mit moderner Technik ausgestattet
- Du kannst mit uns eine grüne Zukunft schaffen
- Es steht frisches Obst für dich bereit
Über uns
Die RIB IMS GmbH ist seit über 30 Jahren ein innovatives Software- und Beratungshaus und hat sich auf die Lösung CAFM Software (Facility Management Software) spezialisiert. Unsere Software ist die führende Immobilienmanagementsoftware im deutschsprachigen Raum. Zudem sind wir Vorreiter für die Digitalisierung im Gebäudebetrieb. Wir beschäftigen rund 88 Mitarbeitende an unseren Standorten in Dinslaken und Berlin in den verschiedensten Bereichen: Development, Support, Sales und Service.",,,empty,,https://www.azubiyo.de/stellenanzeigen/DED3G538/bewerben/,https://www.azubiyo.de/stellenanzeigen/DED3G538/bewerben/,https://www.azubiyo.de/stellenanzeigen/DED3G538/bewerben/,externe,"- Du hast feste Ansprechpartner, die jederzeit ein offenes Ohr für dich haben
- Mit unserem Education Programm wollen wir dir die Möglichkeit bieten, deutschlandweit die Auszubildenen an den anderen Standorten kennen zu lernen
- Du arbeitest mit einem großartigen kommunikativen Team zusammen",,,azubiyo_de,https://www.azubiyo.de/stellenanzeigen/fachinformatikerin-anwendungsentwicklung-m-w-d_rib-ims_ded3g538/,False,,67,,,,2026-06-12T09:54:32.239712+00:00
AZUB-252ceb8a,azubiyo_de_ae,Azubiyo,,Hilden,Proactiv-Platz 1 40721 Hilden Nordrhein-Westfalen,"Ausbildung als Fachinformatiker:in Anwendungsentwicklung

Deine Aufgaben
- Du möchtest Software nicht nur nutzen, sondern verstehen, wie sie funktioniert? In unserer dreijährigen Ausbildung als Fachinformatiker:in Anwendungsentwicklung zeigen wir Dir, was in unserer Software steckt und welche Tools Du zum Entwickeln benötigst.
- Wir gestalten Deine Praxisphasen gemeinsam nach Deinen Interessen, damit Du Deine Stärken optimal einbringen und entwickeln kannst.
- We – Du bist nicht allein, sondern stets Teil eines Teams sowie unserer Community von IT-Nachwuchstalenten.
- (de)code - wir zeigen Dir alles , was vor der ersten und nach der letzten Zeile Code passiert.
- Insurance - Du erhältst Einblicke in die Versicherungswelt und die Technik dahinter.

- Spannende Aufgaben rund um Anforderungsmanagement, Programmierung, Künstliche Intelligenz, Cloud-Services sowie agile Arbeitsmethoden erwarten Dich.Dein Profil
- Computer und Technik interessieren Dich - vielleicht hast Du auch schon erste Erfahrungen im Programmieren gesammelt.
- Dein Umfeld wendet sich bei technischen Fragestellungen gerne an Dich.
- Sollte mal etwas nicht funktionieren, suchst Du nach der Ursache.
- Teamarbeit macht Dir Spaß – gleichzeitig möchtest Du auch eigenverantwortlich Aufgaben übernehmen.

- Gute Fachoberschulreife (mittlere Reife), (Fach-) Abitur – auch Menschen, die sich nach einem begonnenen Berufsweg oder Studium umorientieren möchten, sind herzlich willkommen.Deine Benefits
- Ausbildungscommunity
Jeder für sich? Nicht bei uns. Unsere bundesweit digitale Ausbildungscommunity unterstützt bei Fragen, Lerngruppenbildung und Prüfungsvorbereitung.
- Gesundheitsmanagement
Mit unserem betrieblichen Gesundheitsmanagement wollen wir Deine physische und psychische Gesundheit stärken. Gleichzeitig steht hier der Spaß und das Networking an erster Stelle.
- Coaching und Trainings
Neben fachlicher Weiterbildung bieten wir Dir individuelle Coachings sowie spezielle Trainings an, die Dir helfen, Deine Kommunikationsfähigkeiten, Präsentationstechniken und Entscheidungsfindungen weiter auszubauen.
- Kostenübernahme Prüfungsvorbereitungskurse & Literatur
Auf Deine Prüfungen bereiten wir Dich bestens mit Prüfungsvorbereitungskursen und verschiedenen Seminaren vor.Be You!
Bei uns steht der Mensch im Fokus. Wir leben eine Unternehmenskultur der Offenheit sowie Wertschätzung und garantieren allen Mitarbeiter:innen und Kandidat:innen Chancengleichheit. So schaffen wir ein Umfeld, in dem das persönliche Potenzial bestmöglich entfaltet werden kann.
Starte durch bei der HDI Group!
Innerhalb der HDI Group bündeln wir die Aufgaben für die verschiedenen Gesellschaften in der Privat- und Firmenversicherung sowie der Industrieversicherung. Bei uns hast Du die Chance, immer wieder neue Wege zu entdecken, gemeinsam mit uns zu wachsen und Dich weiterzuentwickeln.","1.455 €, 1.532 €, 1.620 €","- Spannende Aufgaben rund um Anforderungsmanagement, Programmierung, Künstliche Intelligenz, Cloud-Services sowie agile Arbeitsmethoden erwarten Dich.Dein Profil
- Computer und Technik interessieren Dich - vielleicht hast Du auch schon erste Erfahrungen im Programmieren gesammelt.
- Dein Umfeld wendet sich bei technischen Fragestellungen gerne an Dich.
- Sollte mal etwas nicht funktionieren, suchst Du nach der Ursache.
- Teamarbeit macht Dir Spaß – gleichzeitig möchtest Du auch eigenverantwortlich Aufgaben übernehmen.",Ausbildung | als Fachinformatiker:in Anwendungsentwicklung,ae,Azubiyo ist eines der größten deutschen Ausbildungsportale mit einem breiten Angebot an freien Ausbildungs- und Dualen Studienplätzen. Mit unserem einzigartigen Matching-Verfahren bringen wir Bewerber und Unternehmen passgenau zusammen. Neben dem Stellenmarkt informiert das Portal zu allen Themen rund um Berufswahl und Bewerbung. Die Ausbildungsjobbörse gehört zur Dachmarke FUNKE Works.,"- Gute Fachoberschulreife (mittlere Reife), (Fach-) Abitur – auch Menschen, die sich nach einem begonnenen Berufsweg oder Studium umorientieren möchten, sind herzlich willkommen.Deine Benefits
- Ausbildungscommunity
Jeder für sich? Nicht bei uns. Unsere bundesweit digitale Ausbildungscommunity unterstützt bei Fragen, Lerngruppenbildung und Prüfungsvorbereitung.
- Gesundheitsmanagement
Mit unserem betrieblichen Gesundheitsmanagement wollen wir Deine physische und psychische Gesundheit stärken. Gleichzeitig steht hier der Spaß und das Networking an erster Stelle.
- Coaching und Trainings
Neben fachlicher Weiterbildung bieten wir Dir individuelle Coachings sowie spezielle Trainings an, die Dir helfen, Deine Kommunikationsfähigkeiten, Präsentationstechniken und Entscheidungsfindungen weiter auszubauen.
- Kostenübernahme Prüfungsvorbereitungskurse & Literatur
Auf Deine Prüfungen bereiten wir Dich bestens mit Prüfungsvorbereitungskursen und verschiedenen Seminaren vor.Be You!
Bei uns steht der Mensch im Fokus. Wir leben eine Unternehmenskultur der Offenheit sowie Wertschätzung und garantieren allen Mitarbeiter:innen und Kandidat:innen Chancengleichheit. So schaffen wir ein Umfeld, in dem das persönliche Potenzial bestmöglich entfaltet werden kann.
Starte durch bei der HDI Group!
Innerhalb der HDI Group bündeln wir die Aufgaben für die verschiedenen Gesellschaften in der Privat- und Firmenversicherung sowie der Industrieversicherung. Bei uns hast Du die Chance, immer wieder neue Wege zu entdecken, gemeinsam mit uns zu wachsen und Dich weiterzuentwickeln.",,,empty,,https://www.azubiyo.de/stellenanzeigen/252CEB8A/bewerben/,https://www.azubiyo.de/stellenanzeigen/252CEB8A/bewerben/,https://www.azubiyo.de/stellenanzeigen/252CEB8A/bewerben/,externe,,,,azubiyo_de,https://www.azubiyo.de/stellenanzeigen/ausbildung-als-fachinformatikerin-anwendungsentwic_hdi-service_252ceb8a/,False,,67,,,,2026-06-12T09:49:16.538585+00:00
AZUB-1a6a48d8,azubiyo_de_ae,Azubiyo,,Krefeld,Eduard-Küsters-Straße 1 47798 Krefeld Nordrhein-Westfalen,"Fachinformatiker (m/w/d) Anwendungsentwicklung – Duales Teilzeitstudium in 2026

- FlexibilitätWir bieten:
- Ganzheitliche und eigen­ver­antwortliche Aufgaben­stellungen in einem zukunfts­orientierten Unter­nehmen
- Eine markt- und leistungs­gerechte Vergütung
- 30 Tage Urlaub pro Kalenderjahr
- Flexible Arbeits­zeit­modelle
- Vermögenswirksame Leistungen auch im Rahmen der betrieb­lichen Alters­ver­sorgung
- Sehr gute Anbindung an den öffent­lichen Nah­verkehr
- Vielfältige Fort- und Weiter­bildungs­möglich­keiten
- Ein Betriebliches Gesundheits­ma­nage­ment (BGM)Haben wir Ihr Interesse geweckt?
Dann senden Sie uns bitte Ihre voll­ständigen und aus­sage­kräftigen Bewerbungs­unter­lagen über unser Onlinebewerbungsportal zu.
Für Rückfragen stehen wir Ihnen gerne zur Verfügung (personal-krefeld@andritz.com"">Personal-Krefeld@andritz.com).
ANDRITZ Küsters GmbH
Eduard-Küsters-Straße 1
47805 Krefeld
Wir schätzen Vielfalt und begrüßen daher Bewerbungen unabhängig von Geschlecht, Natio­nalität, eth­nischer und sozialer Her­kunft, Religion / Welt­anschauung, Behin­derung, Alter sowie sexueller Orientierung und Identität.
Schauen Sie sich unser Video an: Starten Sie Ihre Berufskarriere bei ANDRITZ – YouTube","1.102 €, 1.169 €, 1.253 €",,Ausbildung | Fachinformatiker (m/w/d) Anwendungsentwicklung – Duales Teilzeitstudium in 2026,ae,Azubiyo ist eines der größten deutschen Ausbildungsportale mit einem breiten Angebot an freien Ausbildungs- und Dualen Studienplätzen. Mit unserem einzigartigen Matching-Verfahren bringen wir Bewerber und Unternehmen passgenau zusammen. Neben dem Stellenmarkt informiert das Portal zu allen Themen rund um Berufswahl und Bewerbung. Die Ausbildungsjobbörse gehört zur Dachmarke FUNKE Works.,"- FlexibilitätWir bieten:
- Ganzheitliche und eigen­ver­antwortliche Aufgaben­stellungen in einem zukunfts­orientierten Unter­nehmen
- Eine markt- und leistungs­gerechte Vergütung
- 30 Tage Urlaub pro Kalenderjahr
- Flexible Arbeits­zeit­modelle
- Vermögenswirksame Leistungen auch im Rahmen der betrieb­lichen Alters­ver­sorgung
- Sehr gute Anbindung an den öffent­lichen Nah­verkehr
- Vielfältige Fort- und Weiter­bildungs­möglich­keiten
- Ein Betriebliches Gesundheits­ma­nage­ment (BGM)Haben wir Ihr Interesse geweckt?
Dann senden Sie uns bitte Ihre voll­ständigen und aus­sage­kräftigen Bewerbungs­unter­lagen über unser Onlinebewerbungsportal zu.
Für Rückfragen stehen wir Ihnen gerne zur Verfügung (personal-krefeld@andritz.com"">Personal-Krefeld@andritz.com).
ANDRITZ Küsters GmbH
Eduard-Küsters-Straße 1
47805 Krefeld
Wir schätzen Vielfalt und begrüßen daher Bewerbungen unabhängig von Geschlecht, Natio­nalität, eth­nischer und sozialer Her­kunft, Religion / Welt­anschauung, Behin­derung, Alter sowie sexueller Orientierung und Identität.
Schauen Sie sich unser Video an: Starten Sie Ihre Berufskarriere bei ANDRITZ – YouTube",,,empty,angelika.grahl@hs-niederrhein.de,https://www.azubiyo.de/stellenanzeigen/1A6A48D8/bewerben/,https://www.azubiyo.de/stellenanzeigen/1A6A48D8/bewerben/,https://www.azubiyo.de/stellenanzeigen/1A6A48D8/bewerben/,externe,,,,azubiyo_de,https://www.azubiyo.de/stellenanzeigen/fachinformatiker-m-w-d-anwendungsentwicklung--dual_andritz-kuesters_1a6a48d8/,False,,67,,,,2026-06-12T09:54:16.936940+00:00
AZUB-gbd98639,azubiyo_de_ae,Azubiyo,,"Laarbruch, Weeze, Wemb","47652 Laarbruch, Weeze, Wemb Nordrhein-Westfalen",Ausbildung zum Fachinformatiker Anwendungsentwicklung ab 2026 (m/w/d),"1.420,58 €, 1.483,11 €, 1.575,97 €",,Ausbildung | zum Fachinformatiker Anwendungsentwicklung ab 2026 (m/w/d),ae,Azubiyo ist eines der größten deutschen Ausbildungsportale mit einem breiten Angebot an freien Ausbildungs- und Dualen Studienplätzen. Mit unserem einzigartigen Matching-Verfahren bringen wir Bewerber und Unternehmen passgenau zusammen. Neben dem Stellenmarkt informiert das Portal zu allen Themen rund um Berufswahl und Bewerbung. Die Ausbildungsjobbörse gehört zur Dachmarke FUNKE Works.,,,,empty,,https://www.azubiyo.de/stellenanzeigen/GBD98639/bewerben/,https://www.azubiyo.de/stellenanzeigen/GBD98639/bewerben/,https://www.azubiyo.de/stellenanzeigen/GBD98639/bewerben/,externe,"KONTAKTDETAILS
Zuständige/r Ansprechpartner/in: Leoni Simpich
Für Fragen zu Ihrer Bewerbung, nutzen Sie bitte das Kontaktformular","- Du hast Spaß am Umgang mit Menschen und Technik Bitte sende uns deine vollständigen Unterlagen, d.h. Lebenslauf, deine letzten zwei Schulzeugnisse und (sofern vorhanden) Praktikumsnachweise.
WAS WIR DIR BIETEN
- Tarifliche Vergütung
- Urlaubs- und Weihnachtsgeld
- Spannende Azubiprojekte und Events
- Kostenloser Parkplatz
- Arbeitskleidung wird bei Bedarf gestellt
- Eigene Ausbildungswerkstatt
- Betriebliches Gesundheitsmanagement (Altersvorsorge, Grippeschutzimpfung, subventionierte Sportangebote)
- Professioneller Einarbeitungsprozess begleitet durch ein digitales Onboarding-Tool Werde Teil unseres Teams und erlebe die Möglichkeit mit Deinem Können und Deinen Ideen etwas zu bewirken! Fang einfach gleich an und bewirb Dich jetzt!
Ihre Stärken und Erfahrungen zählen bei Rheinmetall. Zudem legen wir Wert auf Vielfalt und Chancengleichheit. Schwerbehinderte Bewerber (m/w/d) werden bei gleicher Eignung besonders berücksichtigt. Auf Ihre Bewerbung freuen wir uns.",,azubiyo_de,https://www.azubiyo.de/stellenanzeigen/ausbildung-zum-fachinformatiker-anwendungsentwickl_rheinmetall_gbd98639/,False,,67,2026,,,2026-06-12T09:51:16.149422+00:00
AZUB-gc6876fb,azubiyo_de_ae,Azubiyo,,München,Mühldorfstr. 15 81671 München Bayern,"Ausbildung zum Fachinformatiker (m/w/d) Fachrichtung Anwendungsentwicklung 2026

- Die Ausbildungsdauer beträgt 3 Jahre.Dein Profil:
- Mittlere Reife, Hoch- oder Fachhochschulreife
- Gute Leistungen in Mathematik, Physik und Informatik
- Bereitschaft zur Zusammenarbeit im Team
- Fähigkeit zu logisch-abstraktem Denken und Kreativität
- Sichere mündliche und schriftliche Ausdrucksweise","1.303 €, 1.365 €, 1.444 €","- Die Ausbildungsdauer beträgt 3 Jahre.Dein Profil:
- Mittlere Reife, Hoch- oder Fachhochschulreife
- Gute Leistungen in Mathematik, Physik und Informatik
- Bereitschaft zur Zusammenarbeit im Team
- Fähigkeit zu logisch-abstraktem Denken und Kreativität
- Sichere mündliche und schriftliche Ausdrucksweise",Ausbildung | zum Fachinformatiker (m/w/d) Fachrichtung Anwendungsentwicklung 2026,ae,Azubiyo ist eines der größten deutschen Ausbildungsportale mit einem breiten Angebot an freien Ausbildungs- und Dualen Studienplätzen. Mit unserem einzigartigen Matching-Verfahren bringen wir Bewerber und Unternehmen passgenau zusammen. Neben dem Stellenmarkt informiert das Portal zu allen Themen rund um Berufswahl und Bewerbung. Die Ausbildungsjobbörse gehört zur Dachmarke FUNKE Works.,,,,empty,,https://www.azubiyo.de/stellenanzeigen/GC6876FB/bewerben/,https://www.azubiyo.de/stellenanzeigen/GC6876FB/bewerben/,https://www.azubiyo.de/stellenanzeigen/GC6876FB/bewerben/,externe,"- Kontakt- und KommunikationsfreudigkeitUnser Angebot:
Rohde & Schwarz ist nicht nur technologisch „state of the art“ - auch die Sozialleistungen für unsere Mitarbeiter sind es. Neben den tariflichen Standards gehören dazu wertvolle Extras, wie eine leistungsstarke Altersversorgung und ein breites Kultur-, Sport- und Freizeitangebot. Auch unser umfassendes Weiterbildungsprogramm setzt Maßstäbe: Passgenau und persönlich. Gibt es bessere Bedingungen für einen gelungenen Berufsstart?
Interessiert?
Dann bewirb dich bitte online bei ROHDE & SCHWARZ GmbH & Co. KG, Kennziffer: 12243, bei Fragen wende dich bitte ans Ausbildungsteam, Telefon: +49 89 4129 13328 oder per Chat über WhatsApp +49 175 785 8888.
Chancengleichheit ist uns wichtig. Wir freuen uns unabhängig von Geschlecht, Nationalität, ethnischer und sozialer Herkunft, Religion, Weltanschauung, Behinderung, Alter sowie sexueller Orientierung und Identität auf Ihre Bewerbung.",,,azubiyo_de,https://www.azubiyo.de/stellenanzeigen/ausbildung-zum-fachinformatiker-m-w-d-fachrichtung_rohde-schwarz_gc6876fb/,False,,67,,,,2026-06-12T09:52:09.204257+00:00
AZUB-79ee671d,azubiyo_de_ae,Azubiyo,,"Oberhaching, Gerblinghausen, Kreuzpullach, Laufzorn, Oberbiberg, Ödenpullach","Bajuwarenring 14 82041 Oberhaching, Gerblinghausen, Kreuzpullach, Laufzorn, Oberbiberg, Ödenpullach Bayern","Ausbildung zum Fachinformatiker (m/w/d) für Anwendungsentwicklung

Deine Aufgaben
- Während deiner Ausbildung lernst du die komplexen Prozesse bei der Realisierung und Betreuung von Softwareentwicklungsprojekten kennen und arbeitest in unterschiedlichen Teams in der Softwareentwicklung und -wartung mit.
- Dabei konzipierst, entwickelst und realisierst du Softwareanwendungen, die individuell an die Anforderungen unserer Kunden angepasst werden.
- Du nutzt Softwareentwicklungswerkzeuge und entwickelst anwendungsgerechte Bedienoberflächen.
- Außerdem setzt du Methoden der Projektplanung, -durchführung und -kontrolle ein und berätst unsere Kunden in technischen Fragen.

- Du unterstützt unser Entwicklerteam bei der Wartung und beim Support bestehender Webanwendungen.Das bringst du mit
- Allgemeine Hochschulreife, Fachhochschulreife oder einen guten Realschulabschluss
- Großes Interesse an der IT und ausgeprägtes technisches Verständnis
- Logisches Denken und Freude am Problemlösen

- Teamgeist, Zuverlässigkeit und Lust Neues zu lernenWir bieten dir
- 3 Tage Homeoffice (nach bestandener Probezeit)
- 30 + 2 Tage Urlaub (24. und 31. Dez. inkl.)
- Individuelle Weiterbildung
- Wellpass und JobRad mit Zuschuss vom Arbeitgeber
- Sportevents wie B2Run & XLETIX und jährliche Sommer- und Weihnachtsfeste (mit Partner:innen), sowie jährlicher Betriebsausflug ins In-/Ausland
- Familiäres Arbeitsklima und hilfsbereite Kolleg:innen
- Corporate BenefitsEgal, woher du kommst oder wer du bist – bei uns ist jede:r willkommen. Wir freuen uns besonders über Bewerbungen von Menschen mit Gleichstellung oder Schwerbehinderung.
Dann bewirb dich jetzt und starte deine Ausbildung bei Avision.Wir freuen uns auf dich!","1.050 €, 1.150 €, 1.250 €","- Du unterstützt unser Entwicklerteam bei der Wartung und beim Support bestehender Webanwendungen.Das bringst du mit
- Allgemeine Hochschulreife, Fachhochschulreife oder einen guten Realschulabschluss
- Großes Interesse an der IT und ausgeprägtes technisches Verständnis
- Logisches Denken und Freude am Problemlösen",Ausbildung | zum Fachinformatiker (m/w/d) für Anwendungsentwicklung,ae,Azubiyo ist eines der größten deutschen Ausbildungsportale mit einem breiten Angebot an freien Ausbildungs- und Dualen Studienplätzen. Mit unserem einzigartigen Matching-Verfahren bringen wir Bewerber und Unternehmen passgenau zusammen. Neben dem Stellenmarkt informiert das Portal zu allen Themen rund um Berufswahl und Bewerbung. Die Ausbildungsjobbörse gehört zur Dachmarke FUNKE Works.,"- Teamgeist, Zuverlässigkeit und Lust Neues zu lernenWir bieten dir
- 3 Tage Homeoffice (nach bestandener Probezeit)
- 30 + 2 Tage Urlaub (24. und 31. Dez. inkl.)
- Individuelle Weiterbildung
- Wellpass und JobRad mit Zuschuss vom Arbeitgeber
- Sportevents wie B2Run & XLETIX und jährliche Sommer- und Weihnachtsfeste (mit Partner:innen), sowie jährlicher Betriebsausflug ins In-/Ausland
- Familiäres Arbeitsklima und hilfsbereite Kolleg:innen
- Corporate BenefitsEgal, woher du kommst oder wer du bist – bei uns ist jede:r willkommen. Wir freuen uns besonders über Bewerbungen von Menschen mit Gleichstellung oder Schwerbehinderung.
Dann bewirb dich jetzt und starte deine Ausbildung bei Avision.Wir freuen uns auf dich!",,,empty,,https://www.azubiyo.de/stellenanzeigen/79EE671D/bewerben/,https://www.azubiyo.de/stellenanzeigen/79EE671D/bewerben/,https://www.azubiyo.de/stellenanzeigen/79EE671D/bewerben/,externe,,,,azubiyo_de,https://www.azubiyo.de/stellenanzeigen/ausbildung-zum-fachinformatiker-m-w-d-fuer-anwendu_avision_79ee671d/,False,,67,,,,2026-06-12T09:52:12.350046+00:00
AZUB-g3ed85c2,azubiyo_de_ae,Azubiyo,,"Osterath, Strümp","Meerbuscher Straße 64 - 78, Haus 6A 40670 Osterath, Strümp Nordrhein-Westfalen","Ausbildung Fachinformatiker/in Anwendungsentwicklung (m/w/d)

Wir bieten Dir
- Homeoffice & Remote Work
- Moderne Ausstattung mit Notebook, iPhone & iPad (privat nutzbar)
- Jobrad
- Kostenloses YoungTicketPLUS
- Karrieremöglichkeiten (Studium, Aus- & Fortbildung, Umschulung usw.)
- 30 Tage Urlaubsanspruch und Sonderurlaub
- Exzellentes Gehalt
- Teamevents, wie regelmäßiges Frühstück, Sundowner, Sommerfest usw.
- Gute Anbindung an die öffentlichen Verkehrsmittel
- Betriebliche Altersvorsorge, Kranken- & Zahnzusatzversicherung sowie private Unfallversicherung
Jetzt online Bewerben
Wenn Du Dich in der Stellenbeschreibung wiedererkennst und Du unser Team verstärken willst, Lust auf anspruchsvolle Herausforderungen in einem aufstrebenden Unternehmen hast und Fähigkeiten in den o.g. Bereichen vorweisen kannst, sollten wir uns definitiv kennenlernen.",,,Ausbildung | Fachinformatiker/in Anwendungsentwicklung (m/w/d),ae,Azubiyo ist eines der größten deutschen Ausbildungsportale mit einem breiten Angebot an freien Ausbildungs- und Dualen Studienplätzen. Mit unserem einzigartigen Matching-Verfahren bringen wir Bewerber und Unternehmen passgenau zusammen. Neben dem Stellenmarkt informiert das Portal zu allen Themen rund um Berufswahl und Bewerbung. Die Ausbildungsjobbörse gehört zur Dachmarke FUNKE Works.,"Wir bieten Dir
- Homeoffice & Remote Work
- Moderne Ausstattung mit Notebook, iPhone & iPad (privat nutzbar)
- Jobrad
- Kostenloses YoungTicketPLUS
- Karrieremöglichkeiten (Studium, Aus- & Fortbildung, Umschulung usw.)
- 30 Tage Urlaubsanspruch und Sonderurlaub
- Exzellentes Gehalt
- Teamevents, wie regelmäßiges Frühstück, Sundowner, Sommerfest usw.
- Gute Anbindung an die öffentlichen Verkehrsmittel
- Betriebliche Altersvorsorge, Kranken- & Zahnzusatzversicherung sowie private Unfallversicherung
Jetzt online Bewerben
Wenn Du Dich in der Stellenbeschreibung wiedererkennst und Du unser Team verstärken willst, Lust auf anspruchsvolle Herausforderungen in einem aufstrebenden Unternehmen hast und Fähigkeiten in den o.g. Bereichen vorweisen kannst, sollten wir uns definitiv kennenlernen.",,,empty,<a href=,https://www.azubiyo.de/unterrichtsmaterial/arbeitshefte/berufswahl-bewerbung/,https://www.azubiyo.de/unterrichtsmaterial/arbeitshefte/berufswahl-bewerbung/,https://www.azubiyo.de/unterrichtsmaterial/arbeitshefte/berufswahl-bewerbung/,externe,"Falls du einen schnellen Kontakt herstellen willst, kannst Du uns auch gerne telefonisch unter der 02159/81532-0 kontaktieren oder uns unter personal@ecconsulting.biz"">personal@ecconsulting.biz eine Mail zukommen lassen.
Unser Team freut sich auf Dich!",,,azubiyo_de,https://www.azubiyo.de/stellenanzeigen/ausbildung-fachinformatiker-in-anwendungsentwicklu_ec-consulting_g3ed85c2/,False,,67,,,,2026-06-12T09:49:57.522946+00:00
AZUB-9ba7d8b7,azubiyo_de_ae,Azubiyo,,"Stuhr, Fahrenhorst, Heiligenrode bei Bremen, Moordeich, Seckenhausen, Stuhrbaum","Bremer Str. 61 28816 Stuhr, Fahrenhorst, Heiligenrode bei Bremen, Moordeich, Seckenhausen, Stuhrbaum Niedersachsen","Ausbildung zum Fachinformatiker (m/w/d) für Anwendungsentwicklung

Deine Aufgaben:
- Du unterstützt uns bei der Weiterentwicklung unserer Website
- Du lernst die Planung und Entwicklung von Webapplikationen, Datenbanken und anderen Systemen
- Du stellst die Funktionsfähigkeit unserer Systeme sicher

- Du testest neue Systeme und Applikationen, bevor sie in den Betrieb gehenDein Profil:
- Du bist ein Teamplayer
- Du löst gern logische Aufgaben
- Du hast Spaß an der Programmierung
- Du hast Lust, neue Technologien anzuwenden
- Du hast eine erfolgreich abgeschlossene Schulausbildung (Abitur, FH-Reife oder einen guten, erweiterten Realschulabschluss)
- Du interessierst Dich für Informatik und arbeitest selbstständig

Egal, was immer Dich antreibt, Du wirst Dich bei uns vom ersten Tag an gut aufgehoben fühlen. Wolters Rundreisen ist als Reiseveranstalter der Spezialist für Rundreisen in ganz Europa und gehört zur e-hoi Gruppe. Deine Möglichkeiten, bei uns etwas zu bewegen, sind genauso vielfältig, wie unsere Teams. Freue Dich auf eine spannende Zeit, in der Du viel ausprobieren und lernen kannst. Wir bieten Dir alles, was Du für einen erfolgreichen Start in die Arbeitswelt benötigst. Werde ein Teil von uns!
Was Dich erwartet:
Ausbildung bei der Wolters Rundreisen bedeutet, Teil eines kleinen motivierten Teams zu werden und an vielen verschiedenen Projekten in der Softwareentwicklung mitzuarbeiten. Wir sorgen dafür, dass unsere Auszubildenden praxis- und realitätsnah lernen können. Sie werden von Anfang an in die umfangreichen Projekte von der Konzeption, über die Umsetzung bis zu den finalen Tests einbezogen. Die Ausbildung bietet von Beginn an fundierte Praxiserfahrungen durch Anwendung moderner Technologien und Werkzeuge.
- Du hast gute EnglischkenntnisseDarauf kannst Du Dich freuen:
- Abwechslungsreiche Ausbildung bei einem europäischen Rundreise-Veranstalter
- Spannende Projekte und Unterstützung bei der Prüfungsvorbereitung
- Positives Betriebsumfeld und tolle Benefits (wie z. B. Einstiegsgehalt von 1.000,-- Euro im 1. Lehrjahr sowie Azubi-Fahrt zum Kennenlernen …)
- Zukunftssicherer Arbeitsplatz mit sehr guten Übernahmechancen und vielen Entwicklungs- und AufstiegsmöglichkeitenAb dem ersten Tag kannst Du Dich direkt, eigenverantwortlich und bei flachen Hierarchien in einem guten Arbeitsklima mit Spaß in unser unkompliziertes Team einbringen.","1.000 €, 1.100 €, 1.200 €","- Du testest neue Systeme und Applikationen, bevor sie in den Betrieb gehenDein Profil:
- Du bist ein Teamplayer
- Du löst gern logische Aufgaben
- Du hast Spaß an der Programmierung
- Du hast Lust, neue Technologien anzuwenden
- Du hast eine erfolgreich abgeschlossene Schulausbildung (Abitur, FH-Reife oder einen guten, erweiterten Realschulabschluss)
- Du interessierst Dich für Informatik und arbeitest selbstständig",Ausbildung | zum Fachinformatiker (m/w/d) für Anwendungsentwicklung,ae,Azubiyo ist eines der größten deutschen Ausbildungsportale mit einem breiten Angebot an freien Ausbildungs- und Dualen Studienplätzen. Mit unserem einzigartigen Matching-Verfahren bringen wir Bewerber und Unternehmen passgenau zusammen. Neben dem Stellenmarkt informiert das Portal zu allen Themen rund um Berufswahl und Bewerbung. Die Ausbildungsjobbörse gehört zur Dachmarke FUNKE Works.,"Egal, was immer Dich antreibt, Du wirst Dich bei uns vom ersten Tag an gut aufgehoben fühlen. Wolters Rundreisen ist als Reiseveranstalter der Spezialist für Rundreisen in ganz Europa und gehört zur e-hoi Gruppe. Deine Möglichkeiten, bei uns etwas zu bewegen, sind genauso vielfältig, wie unsere Teams. Freue Dich auf eine spannende Zeit, in der Du viel ausprobieren und lernen kannst. Wir bieten Dir alles, was Du für einen erfolgreichen Start in die Arbeitswelt benötigst. Werde ein Teil von uns!
Was Dich erwartet:
Ausbildung bei der Wolters Rundreisen bedeutet, Teil eines kleinen motivierten Teams zu werden und an vielen verschiedenen Projekten in der Softwareentwicklung mitzuarbeiten. Wir sorgen dafür, dass unsere Auszubildenden praxis- und realitätsnah lernen können. Sie werden von Anfang an in die umfangreichen Projekte von der Konzeption, über die Umsetzung bis zu den finalen Tests einbezogen. Die Ausbildung bietet von Beginn an fundierte Praxiserfahrungen durch Anwendung moderner Technologien und Werkzeuge.
- Du hast gute EnglischkenntnisseDarauf kannst Du Dich freuen:
- Abwechslungsreiche Ausbildung bei einem europäischen Rundreise-Veranstalter
- Spannende Projekte und Unterstützung bei der Prüfungsvorbereitung
- Positives Betriebsumfeld und tolle Benefits (wie z. B. Einstiegsgehalt von 1.000,-- Euro im 1. Lehrjahr sowie Azubi-Fahrt zum Kennenlernen …)
- Zukunftssicherer Arbeitsplatz mit sehr guten Übernahmechancen und vielen Entwicklungs- und AufstiegsmöglichkeitenAb dem ersten Tag kannst Du Dich direkt, eigenverantwortlich und bei flachen Hierarchien in einem guten Arbeitsklima mit Spaß in unser unkompliziertes Team einbringen.",,,empty,,https://www.azubiyo.de/unterrichtsmaterial/arbeitshefte/berufswahl-bewerbung/,https://www.azubiyo.de/unterrichtsmaterial/arbeitshefte/berufswahl-bewerbung/,https://www.azubiyo.de/unterrichtsmaterial/arbeitshefte/berufswahl-bewerbung/,externe,,,,azubiyo_de,https://www.azubiyo.de/stellenanzeigen/ausbildung-zum-fachinformatiker-m-w-d-fuer-anwendu_wolters-rundreisen_9ba7d8b7/,False,,67,,,,2026-06-12T09:52:32.075954+00:00
AZUB-e2dag31a,azubiyo_de_ae,Azubiyo,,"Ulm, Allewind, Ermingen, Grimmelfingen, Kesselbronn, Lehr, Unterhaslach","Himmelreich 1 89081 Ulm, Allewind, Ermingen, Grimmelfingen, Kesselbronn, Lehr, Unterhaslach Baden-Württemberg","Ausbildung zum Fachinformatiker für Anwendungsentwicklung (m/w/d)

- Ständige Weiterentwicklung von bestehenden Systemen und AnwendungenDas bringst Du mit:
- Kommunikations- und Teamfähigkeit
- Gute Auffassungsgabe
- Interesse für IT
- Konzentrationsfähigkeit
- Spaß am Programmieren

- Mathematisches DenkvermögenDas bieten wir Dir:
- Eine umfassende Ausbildung mit qualifizierter Betreuung, internen Schulungen, persönlicher Prüfungsvorbereitung - wir sind für Dich da und begleiten Dich auf jedem Schritt in der Ausbildung
- Eine leistungsorientierte Vergütung sowie ein interessantes Modell zur betrieblichen Altersvorsorge mit vermögenswirksamen Leistungen
- Betriebliche Sonderzahlungen
- Übernahme in ein unbefristetes Arbeitsverhältnis nach erfolgreichem Abschluss der Ausbildung und einen krisensicheren Arbeitsplatz","1.000 €, 1.050 €, 1.150 €","- Ständige Weiterentwicklung von bestehenden Systemen und AnwendungenDas bringst Du mit:
- Kommunikations- und Teamfähigkeit
- Gute Auffassungsgabe
- Interesse für IT
- Konzentrationsfähigkeit
- Spaß am Programmieren",Ausbildung | zum Fachinformatiker für Anwendungsentwicklung (m/w/d),ae,Azubiyo ist eines der größten deutschen Ausbildungsportale mit einem breiten Angebot an freien Ausbildungs- und Dualen Studienplätzen. Mit unserem einzigartigen Matching-Verfahren bringen wir Bewerber und Unternehmen passgenau zusammen. Neben dem Stellenmarkt informiert das Portal zu allen Themen rund um Berufswahl und Bewerbung. Die Ausbildungsjobbörse gehört zur Dachmarke FUNKE Works.,"- Mathematisches DenkvermögenDas bieten wir Dir:
- Eine umfassende Ausbildung mit qualifizierter Betreuung, internen Schulungen, persönlicher Prüfungsvorbereitung - wir sind für Dich da und begleiten Dich auf jedem Schritt in der Ausbildung
- Eine leistungsorientierte Vergütung sowie ein interessantes Modell zur betrieblichen Altersvorsorge mit vermögenswirksamen Leistungen
- Betriebliche Sonderzahlungen
- Übernahme in ein unbefristetes Arbeitsverhältnis nach erfolgreichem Abschluss der Ausbildung und einen krisensicheren Arbeitsplatz",,,empty,,https://www.azubiyo.de/stellenanzeigen/E2DAG31A/bewerben/,https://www.azubiyo.de/stellenanzeigen/E2DAG31A/bewerben/,https://www.azubiyo.de/stellenanzeigen/E2DAG31A/bewerben/,externe,,,,azubiyo_de,https://www.azubiyo.de/stellenanzeigen/ausbildung-zum-fachinformatiker-fuer-anwendungsent_seifert-logistics_e2dag31a/,False,,67,,,,2026-06-12T09:51:52.878749+00:00
AZUB-8433e4db,azubiyo_de_ae,Azubiyo,,"Wiesbaden, Delkenheim, Erbenheim","Borsigstraße 26 65205 Wiesbaden, Delkenheim, Erbenheim Hessen","Ausbildung zum Fachinformatiker für Anwendungsentwicklung (m/w/d)

Das erwartet Dich
- Hands-on Experience: Bei uns bist Du von Anfang an mittendrin statt nur dabei.
- Fehler sind menschlich: Bei uns lernst Du durch Praxis – Fehler sind Teil des Erfolgs!
- Teamwork is Dreamwork: Arbeite eigenverantwortlich, aber nie allein.
- Vielfalt der IT erleben: Du erhältst viele Einblicke in verschiedene Bereiche.
- Dein Aufgabenbereich:
- Planung und Realisierung komplexer IT-Anwendungen
- Anwendung verschiedener Softwarelösungen und Programmiersprachen
- Entwicklung und Programmierung von Anwendungen
- Nutzung verschiedener Cloud-Anwendungen
- Testen von SoftwareDas macht Dich aus
- Du hast ein (Fach-)Abitur oder einen sehr guten Realschulabschluss: Bei Realschulabschluss ist ein vorangegangenes Praktikum im IT-Bereich erforderlich.
- Begeisterung für IT: Du interessierst Dich für Technik, lernst gerne Neues und hast vielleicht erste Erfahrungen im Programmieren.
- Teamgeist & Eigenverantwortung: Du bist zuverlässig, hilfsbereit und lösungsorientiert.

- Sprachkenntnisse: Du bist sicher in Deutsch (C1) und Englisch (B2).Deine Vorteile auf einen Blick
- 30 Urlaubstage: Work-Life-Balance ist uns wichtig!
- Hightech-Equipment: Laptop und Handy inklusive.
- Schulungsangebot: Wir investieren in Deine Entwicklung, mit regelmäßigen Trainings und Workshops.
- Azubi-Community: Austausch und Support garantiert.
- Karrierechancen: Sehr hohe Übernahmequote nach Deiner Ausbildung.
- Mobilität: Du erhältst ein Ticket für Deine täglichen Wege zur Berufsschule und zur Arbeit.
Du bringst Dich ein. Wir bringen Dich weiter.",,,Ausbildung | zum Fachinformatiker für Anwendungsentwicklung (m/w/d),ae,Azubiyo ist eines der größten deutschen Ausbildungsportale mit einem breiten Angebot an freien Ausbildungs- und Dualen Studienplätzen. Mit unserem einzigartigen Matching-Verfahren bringen wir Bewerber und Unternehmen passgenau zusammen. Neben dem Stellenmarkt informiert das Portal zu allen Themen rund um Berufswahl und Bewerbung. Die Ausbildungsjobbörse gehört zur Dachmarke FUNKE Works.,"- Sprachkenntnisse: Du bist sicher in Deutsch (C1) und Englisch (B2).Deine Vorteile auf einen Blick
- 30 Urlaubstage: Work-Life-Balance ist uns wichtig!
- Hightech-Equipment: Laptop und Handy inklusive.
- Schulungsangebot: Wir investieren in Deine Entwicklung, mit regelmäßigen Trainings und Workshops.
- Azubi-Community: Austausch und Support garantiert.
- Karrierechancen: Sehr hohe Übernahmequote nach Deiner Ausbildung.
- Mobilität: Du erhältst ein Ticket für Deine täglichen Wege zur Berufsschule und zur Arbeit.
Du bringst Dich ein. Wir bringen Dich weiter.",,,empty,,https://www.azubiyo.de/stellenanzeigen/8433E4DB/bewerben/,https://www.azubiyo.de/stellenanzeigen/8433E4DB/bewerben/,https://www.azubiyo.de/stellenanzeigen/8433E4DB/bewerben/,externe,"Kontakt: Team Talententwicklung
SVA System Vertrieb Alexander GmbH · Borsigstraße 26 · 65205 Wiesbaden","Bereit für Deinen nächsten Schritt? Dann klicke auf „Jetzt bewerben“, lade Deine Unterlagen (Anschreiben, Lebenslauf, Schulzeugnisse) hoch und werde Teil unseres Teams!
Mehr erfahren: www.sva.de/karriere
Wir freuen uns auf Dich!",,azubiyo_de,https://www.azubiyo.de/stellenanzeigen/ausbildung-zum-fachinformatiker-fuer-anwendungsent_sva-system-vertrieb-alexander_8433e4db/,False,,67,,,,2026-06-12T09:51:55.961035+00:00
AZUB-de2f4fg3,azubiyo_de_ae,Azubiyo,,Chemnitz,09111 Chemnitz Sachsen,"Ausbildung im Bereich Fachinformatik Anwendungsentwicklung (m/w/d) 2026

- Selbstständige Fehleranalyse und -behebung sowie Erstellung von FehlerberichtenDein Profil
- Abschluss der Mittleren Reife, Fachhochschulreife oder der Allgemeinen Hochschulreife
- Erste Kenntnisse im Programmieren von Vorteil
- Selbstorganisation und Lernbereitschaft
- Begeisterung für die Mitarbeit in einem agilen Entwicklungsteam
- Sehr gute Deutsch- und Englischkenntnisse
- Offene, innovationsgetriebene Unternehmenskultur
- Arbeiten in dynamischen und inspirierenden Teams
- Spannende Einführungstage sowie Teamevents
- Betreuung durch persönliche Ansprechpersonen während der gesamten Ausbildung
- Gute Berufsperspektiven und umfassendes Weiterentwicklungsangebot
- Flexible Arbeitszeiten
- Attraktive Gesundheits- und Sportangebote, z. B. durch die Schaeffler Health Coach App",,"- Selbstständige Fehleranalyse und -behebung sowie Erstellung von FehlerberichtenDein Profil
- Abschluss der Mittleren Reife, Fachhochschulreife oder der Allgemeinen Hochschulreife
- Erste Kenntnisse im Programmieren von Vorteil
- Selbstorganisation und Lernbereitschaft
- Begeisterung für die Mitarbeit in einem agilen Entwicklungsteam
- Sehr gute Deutsch- und Englischkenntnisse
- Offene, innovationsgetriebene Unternehmenskultur
- Arbeiten in dynamischen und inspirierenden Teams
- Spannende Einführungstage sowie Teamevents
- Betreuung durch persönliche Ansprechpersonen während der gesamten Ausbildung
- Gute Berufsperspektiven und umfassendes Weiterentwicklungsangebot
- Flexible Arbeitszeiten
- Attraktive Gesundheits- und Sportangebote, z. B. durch die Schaeffler Health Coach App",Ausbildung | im Bereich Fachinformatik Anwendungsentwicklung (m/w/d) 2026,ae,Azubiyo ist eines der größten deutschen Ausbildungsportale mit einem breiten Angebot an freien Ausbildungs- und Dualen Studienplätzen. Mit unserem einzigartigen Matching-Verfahren bringen wir Bewerber und Unternehmen passgenau zusammen. Neben dem Stellenmarkt informiert das Portal zu allen Themen rund um Berufswahl und Bewerbung. Die Ausbildungsjobbörse gehört zur Dachmarke FUNKE Works.,,,,empty,,https://www.azubiyo.de/stellenanzeigen/DE2F4FG3/bewerben/,https://www.azubiyo.de/stellenanzeigen/DE2F4FG3/bewerben/,https://www.azubiyo.de/stellenanzeigen/DE2F4FG3/bewerben/,externe,,"- Weitere Benefits wie Mitarbeitendenrabatte und das Deutschlandticket Du willst Teil eines internationalen Hightech-Unternehmens werden? Dann bewirb dich mit deinem Lebenslauf, deinen letzten zwei Zeugnissen einer allgemeinbildenden Schule und gerne einem Anschreiben. Wir freuen uns, dich kennenzulernen. Wichtiger Hinweis
Falls Du zum Zeitpunkt der Bewerbung jünger als 16 Jahre bist, lade bitte die Einwilligungserklärung herunter. Das ausgefüllte und unterschriebene Dokument lädst Du dann bitte als Anlage bei Deiner Bewerbung hoch. Aus rechtlichen Gründen dürfen wir Bewerbungen von Kandidat*innen, die das 16. Lebensjahr noch nicht vollendet haben, nur mit vorheriger Zustimmung durch die gesetzlich vertretende(n) Person(en) verarbeiten (Art. 8 Abs. 1 Datenschutzgrundverordnung). www.ausbildung-bei-schaeffler.deJeane Seifert +4937133498650",,azubiyo_de,https://www.azubiyo.de/stellenanzeigen/ausbildung-im-bereich-fachinformatik-anwendungsent_schaeffler-holding_de2f4fg3/,False,,60,,,,2026-06-12T09:51:00.269923+00:00
AZUB-dfdde1f3,azubiyo_de_ae,Azubiyo,,"Dornick, Elten, Emmerich, Hüthum, Praest, Speelberg, Vrasselt","Reeser Str. 94 46446 Dornick, Elten, Emmerich, Hüthum, Praest, Speelberg, Vrasselt Nordrhein-Westfalen","Fachinformatiker/ Anwendungsentwicklung (m/w/d)

Das erwartet dich
- Lerne, kundenspezifische Softwareanwendungen zu konzipieren und umzusetzen.
- Sorge für den Betrieb und die Wartung moderner IT-Systeme.
- Setze Speicherlösungen in Betrieb und stelle deren Funktionsfähigkeit sicher.
- Entwickle und programmiere innovative Softwarelösungen.

- Integriere IT-Sicherheits- und Datenschutzmaßnahmen und teste deren Wirksamkeit.Das bringst du mit
- Ein großes Interesse an IT, Technologie und Softwareentwicklung.
- Gute analytische und logische Denkfähigkeiten.
- Idealerweise erste Kenntnisse im Programmieren oder mit IT-Systemen.
- Engagement und Lust, Neues zu lernen sowie Freude an der Teamarbeit.Unsere Benefits
- Eine umfassende und praxisnahe Ausbildung mit erfahrenen Betreuern.
- Möglichkeiten zur persönlichen und fachlichen Weiterentwicklung.
- Ein freundliches Arbeitsumfeld mit moderner Ausstattung.
- Attraktive Zusatzleistungen und eventuelle Übernahmemöglichkeiten nach der Ausbildung.So bewirbst du dich
Bewirb dich einfach und unkompliziert über Azubiyo. Wir freuen uns darauf, dich kennenzulernen und gemeinsam deinen beruflichen Werdegang zu gestalten.","1.242,96 €, 1.297,67 €, 1.378,93 €","- Integriere IT-Sicherheits- und Datenschutzmaßnahmen und teste deren Wirksamkeit.Das bringst du mit
- Ein großes Interesse an IT, Technologie und Softwareentwicklung.
- Gute analytische und logische Denkfähigkeiten.
- Idealerweise erste Kenntnisse im Programmieren oder mit IT-Systemen.
- Engagement und Lust, Neues zu lernen sowie Freude an der Teamarbeit.Unsere Benefits
- Eine umfassende und praxisnahe Ausbildung mit erfahrenen Betreuern.
- Möglichkeiten zur persönlichen und fachlichen Weiterentwicklung.
- Ein freundliches Arbeitsumfeld mit moderner Ausstattung.
- Attraktive Zusatzleistungen und eventuelle Übernahmemöglichkeiten nach der Ausbildung.So bewirbst du dich
Bewirb dich einfach und unkompliziert über Azubiyo. Wir freuen uns darauf, dich kennenzulernen und gemeinsam deinen beruflichen Werdegang zu gestalten.",Ausbildung | Fachinformatiker/ Anwendungsentwicklung (m/w/d),ae,Azubiyo ist eines der größten deutschen Ausbildungsportale mit einem breiten Angebot an freien Ausbildungs- und Dualen Studienplätzen. Mit unserem einzigartigen Matching-Verfahren bringen wir Bewerber und Unternehmen passgenau zusammen. Neben dem Stellenmarkt informiert das Portal zu allen Themen rund um Berufswahl und Bewerbung. Die Ausbildungsjobbörse gehört zur Dachmarke FUNKE Works.,,,,empty,,https://www.azubiyo.de/stellenanzeigen/DFDDE1F3/bewerben/,https://www.azubiyo.de/stellenanzeigen/DFDDE1F3/bewerben/,https://www.azubiyo.de/stellenanzeigen/DFDDE1F3/bewerben/,externe,,,,azubiyo_de,https://www.azubiyo.de/stellenanzeigen/fachinformatiker-anwendungsentwicklung-m-w-d_probat_dfdde1f3/,False,,60,,,,2026-06-12T09:53:37.211705+00:00
AZUB-g9877e41,azubiyo_de_ae,Azubiyo,,"Friedrichsdorf, Köppern, Seulberg","Ludwig-Meyer-Str. 2-4 61381 Friedrichsdorf, Köppern, Seulberg Hessen","Ausbildung zum Fachinformatiker für Anwendungsentwicklung (m/w/d)

- Du arbeitest in einem zukunftsorientierten, internationalen UmfeldDein Profil
- Du hast bis zum Ausbildungsbeginn einen erfolgreichen Realschulabschluss oder Fachabitur
- Du bist gut in Mathematik, verfügst über technisches Verständnis und eine schnelle Auffassungsgabe
- Du begeisterst Dich für IT-Themen und hast eventuell schon erste Einblicke durch Praktika in diesem Bereich
- Du hast Spaß an der Lösung komplexer Aufgabenstellungen
- Du bis engagiert, eigenverantwortlich und integrierst Dich mit Team- und Konfliktfähigkeit in die IT-AbteilungDeine Goodies
- Gute Entwicklungsperspektiven in einer Branche der Zukunft und die Chance auf Übernahme nach Deiner Ausbildung
- Ergänze Dein theoretisches Wissen durch praktische Erfahrung",,"- Du arbeitest in einem zukunftsorientierten, internationalen UmfeldDein Profil
- Du hast bis zum Ausbildungsbeginn einen erfolgreichen Realschulabschluss oder Fachabitur
- Du bist gut in Mathematik, verfügst über technisches Verständnis und eine schnelle Auffassungsgabe
- Du begeisterst Dich für IT-Themen und hast eventuell schon erste Einblicke durch Praktika in diesem Bereich
- Du hast Spaß an der Lösung komplexer Aufgabenstellungen
- Du bis engagiert, eigenverantwortlich und integrierst Dich mit Team- und Konfliktfähigkeit in die IT-AbteilungDeine Goodies
- Gute Entwicklungsperspektiven in einer Branche der Zukunft und die Chance auf Übernahme nach Deiner Ausbildung
- Ergänze Dein theoretisches Wissen durch praktische Erfahrung",Ausbildung | zum Fachinformatiker für Anwendungsentwicklung (m/w/d),ae,Azubiyo ist eines der größten deutschen Ausbildungsportale mit einem breiten Angebot an freien Ausbildungs- und Dualen Studienplätzen. Mit unserem einzigartigen Matching-Verfahren bringen wir Bewerber und Unternehmen passgenau zusammen. Neben dem Stellenmarkt informiert das Portal zu allen Themen rund um Berufswahl und Bewerbung. Die Ausbildungsjobbörse gehört zur Dachmarke FUNKE Works.,,,,empty,,https://www.azubiyo.de/stellenanzeigen/G9877E41/bewerben/,https://www.azubiyo.de/stellenanzeigen/G9877E41/bewerben/,https://www.azubiyo.de/stellenanzeigen/G9877E41/bewerben/,externe,"- Intensive Betreuung durch feste Ansprechpartner für Deine persönliche Entwicklung
- Regelmäßige Mitarbeitergespräche und Austausch auf Augenhöhe
- Vermittlung von fachlichen, sozialen und interkulturellen Kompetenzen
- Gezielte Vorbereitung auf Zwischen- und Abschlussprüfung
- Zu Deinem Wohlfühlpaket gehören: kostenfreie Getränke und Obst",,,azubiyo_de,https://www.azubiyo.de/stellenanzeigen/ausbildung-zum-fachinformatiker-fuer-anwendungsent_meyer-quick-service-logistics_g9877e41/,False,,60,,,,2026-06-12T09:51:31.590671+00:00
AZUB-agbe529c,azubiyo_de_ae,Azubiyo,,"Karlsruhe, Beiertheim","Unterweingartenfeld 7 76135 Karlsruhe, Beiertheim Baden-Württemberg","Fachinformatiker/Fachinformatikerin (m/w/d), Fachrichtung Anwendungsentwicklung","1.320 €, 1.373 €, 1.430 €",,"Ausbildung | Fachinformatiker/Fachinformatikerin (m/w/d), Fachrichtung Anwendungsentwicklung",ae,Azubiyo ist eines der größten deutschen Ausbildungsportale mit einem breiten Angebot an freien Ausbildungs- und Dualen Studienplätzen. Mit unserem einzigartigen Matching-Verfahren bringen wir Bewerber und Unternehmen passgenau zusammen. Neben dem Stellenmarkt informiert das Portal zu allen Themen rund um Berufswahl und Bewerbung. Die Ausbildungsjobbörse gehört zur Dachmarke FUNKE Works.,,,,empty,,https://www.azubiyo.de/stellenanzeigen/AGBE529C/bewerben/,https://www.azubiyo.de/stellenanzeigen/AGBE529C/bewerben/,https://www.azubiyo.de/stellenanzeigen/AGBE529C/bewerben/,externe,,"Nutzen Sie einfach den unten stehenden Link zum Bewerberformular und senden Sie uns Ihre Unterlagen ganz bequem online. Wir freuen uns darauf, Sie kennenzulernen!",,azubiyo_de,https://www.azubiyo.de/stellenanzeigen/fachinformatiker-fachinformatikerin-m-w-d-fachrich_pfeiffer_agbe529c/,False,,60,,,,2026-06-12T09:53:43.886125+00:00
AZUB-g1663241,azubiyo_de_ae,Azubiyo,,Kiel,Fleethörn 1-7 24103 Kiel Schleswig-Holstein,"Ausbildung: Fachinformatiker Anwendungsentwicklung (m/w/d) in Kiel 2026

- Wechsel zwischen Praxisphasen bei knk und BerufsschulblöckenDeine Aufgaben bei uns:
- Umgang mit moderner Hardware, Software und Betriebssystemen, auch in der Cloud
- Entwicklung von Anpassungen für unsere Branchenlösungen mit aktuellen Programmiersprachen
- Arbeit mit neuesten Microsoft-Technologien
- Programmierung, Betreuung und Weiterentwicklung von Softwarelösungen auf Kundennachfrage
- Beratung von Anwendern bei Fragen zur Nutzung der Software
- Bearbeitung von Supportanfragen per E-Mail und Telefon
- Mitarbeit in internationalen Projekten für namhafte Verlage
- Einblicke in Softwareentwicklung, Anwenderberatung und SupportWarum eine Ausbildung bei knk:
- Teamgeist: Bei uns arbeitest du in einem engagierten, dynamischen Team, das auch nach der Arbeit gemeinsam etwas unternimmt.
- Echten Einsatz zeigen: Du übernimmst schnell Verantwortung und arbeitest direkt in Kundenprojekten (national und international) sowie internen Projekten mit.
- Flexible Arbeitszeiten durch Gleitzeit: Die Kernarbeitszeit von 10:00 – 15:00 Uhr ermöglicht sowohl Frühaufstehern als auch Morgenmuffeln ein angenehmes Arbeiten.
- Zukunftssicherheit: Flache Hierarchien und sehr gute Übernahmechancen nach einem erfolgreich abgeschlossenen Studium sind bei uns die Regel.
- Wir lassen dich nicht allein: Du erhältst einen persönlichen Mentor, der dich betreut und bei Fragen und Problemen für dich verfügbar ist.

- Gemeinsam Spaß haben: knk fördert das Teambuilding durchgemeinsame Aktivitäten wie Kartfahren, Bowling, LAN-Parties und andere Events, an denen Studenten, Auszubildende undFestangestellte gleichermaßen teilnehmen.Das solltest du mitbringen:
- Interesse an Apps, Software und Programmiersprachen
- Neugier auf Technik, Programmiermethoden und Testwerkzeuge
- Grundlegendes kaufmännisches Interesse
- Mittleren Schulabschluss, Fachhochschulreife oder Abitur
- Gute Leistungen in Mathematik, Deutsch und Englisch
- Freude an Teamarbeit und eigenständigem Arbeiten
- Zuverlässigkeit, Eigeninitiative und Durchhaltevermögen",,"- Gemeinsam Spaß haben: knk fördert das Teambuilding durchgemeinsame Aktivitäten wie Kartfahren, Bowling, LAN-Parties und andere Events, an denen Studenten, Auszubildende undFestangestellte gleichermaßen teilnehmen.Das solltest du mitbringen:
- Interesse an Apps, Software und Programmiersprachen
- Neugier auf Technik, Programmiermethoden und Testwerkzeuge
- Grundlegendes kaufmännisches Interesse
- Mittleren Schulabschluss, Fachhochschulreife oder Abitur
- Gute Leistungen in Mathematik, Deutsch und Englisch
- Freude an Teamarbeit und eigenständigem Arbeiten
- Zuverlässigkeit, Eigeninitiative und Durchhaltevermögen",Ausbildung | Ausbildung: Fachinformatiker Anwendungsentwicklung (m/w/d) in Kiel 2026,ae,Azubiyo ist eines der größten deutschen Ausbildungsportale mit einem breiten Angebot an freien Ausbildungs- und Dualen Studienplätzen. Mit unserem einzigartigen Matching-Verfahren bringen wir Bewerber und Unternehmen passgenau zusammen. Neben dem Stellenmarkt informiert das Portal zu allen Themen rund um Berufswahl und Bewerbung. Die Ausbildungsjobbörse gehört zur Dachmarke FUNKE Works.,,,,empty,,https://www.azubiyo.de/stellenanzeigen/G1663241/bewerben/,https://www.azubiyo.de/stellenanzeigen/G1663241/bewerben/,https://www.azubiyo.de/stellenanzeigen/G1663241/bewerben/,externe,"- Interesse und Freude am Umgang mit KundenAnsprechpartner und Bewerbung:
Paulina Meißner
Recruiting
Fleethörn 1-7
24103 Kiel
Hier kannst du dich weiter informieren und dich bewerben!
Bitte beziehe dich in einer Bewerbung auf AZUBIYO und gib die unten genannte Referenznummer an.",,,azubiyo_de,https://www.azubiyo.de/stellenanzeigen/ausbildung-fachinformatiker-anwendungsentwicklung-_knk-business-software_g1663241/,False,,60,,,,2026-06-12T09:49:41.999048+00:00
AZUB-7cbf7fc7,azubiyo_de_ae,Azubiyo,,Löwental,Otto-Lilienthal Straße 16 88046 Löwental Baden-Württemberg,"Ausbildung - Fachinformatiker Anwendungsentwicklung (m/w/d)

Das erwartet dich bei uns
Du hast Interesse an der Softwareentwicklung und eventuell sogar schon erste Berührungspunkte im Bereich der Programmierung? Dann bist du bei uns genau richtig!
Lerne von unseren erfahrenen Kolleginnen und Kollegen im Rahmen aktueller Softwareprojekte.
Du arbeitest aktiv in unserem agilen Entwicklungsteam mit.
Im Laufe deiner Ausbildung bei uns lernst du das Berufsbild des Junior Softwareentwicklers (m/w/d) kennen.
Deine Tätigkeiten
- Erlernen und Anwenden von Softwareentwicklungsmethoden und -werkzeugen
- Programmierung von kundenspezifischen Softwareanwendungen
- Mitarbeit an der Erstellung von Konzepten, auf deren Basis die Softwareanwendung entwickelt wird
- Testen und Dokumentieren der Anwendungen
- Unterstützung bei der Beratung und Schulung von UsernTechnologie- und Methodenumfeld
Wir bilden dich u.a. in folgenden Technologien aus:
Java,
SQL und relationale Datenbanken (z.B. Oracle, PostgreSQL),
Cloud-Plattformen (Microsoft Azure, AWS)
Den gesamten doubleSlash Tech Stack findest du hier

Dein Profil
- Guter mittlerer Bildungsabschluss oder Abitur
- Interesse an IT und dem Programmieren
- Interesse an mathematisch-technischen Aufgaben
- Hohe Lernbereitschaft
- Spaß an Teamarbeit und am selbstständigen Arbeiten
- Sehr gute Deutsch- und gute EnglischkenntnisseUnsere Benefits
- Weiterbildung über Schulungen, interne Workshops, Mentoring Programm uvm.
- Forschungsgruppen rund um neue Technologien, digitale Produkte und Methoden.
- Onboarding Programm für den Einstieg.
- Flexibilität dank Gleitzeitmodell, anteiligem mobile office und Workation.
- Angebote im Rahmen unseres betrieblichen Gesundheitsmanagements.
- Customized Benefits, Notebook Auswahl, Corporate Benefits uvm.
- Noch mehr Benefits bei doubleSlash",,"Dein Profil
- Guter mittlerer Bildungsabschluss oder Abitur
- Interesse an IT und dem Programmieren
- Interesse an mathematisch-technischen Aufgaben
- Hohe Lernbereitschaft
- Spaß an Teamarbeit und am selbstständigen Arbeiten
- Sehr gute Deutsch- und gute EnglischkenntnisseUnsere Benefits
- Weiterbildung über Schulungen, interne Workshops, Mentoring Programm uvm.
- Forschungsgruppen rund um neue Technologien, digitale Produkte und Methoden.
- Onboarding Programm für den Einstieg.
- Flexibilität dank Gleitzeitmodell, anteiligem mobile office und Workation.
- Angebote im Rahmen unseres betrieblichen Gesundheitsmanagements.
- Customized Benefits, Notebook Auswahl, Corporate Benefits uvm.
- Noch mehr Benefits bei doubleSlash",Ausbildung | - Fachinformatiker Anwendungsentwicklung (m/w/d),ae,Azubiyo ist eines der größten deutschen Ausbildungsportale mit einem breiten Angebot an freien Ausbildungs- und Dualen Studienplätzen. Mit unserem einzigartigen Matching-Verfahren bringen wir Bewerber und Unternehmen passgenau zusammen. Neben dem Stellenmarkt informiert das Portal zu allen Themen rund um Berufswahl und Bewerbung. Die Ausbildungsjobbörse gehört zur Dachmarke FUNKE Works.,,,,empty,,https://www.azubiyo.de/stellenanzeigen/7CBF7FC7/bewerben/,https://www.azubiyo.de/stellenanzeigen/7CBF7FC7/bewerben/,https://www.azubiyo.de/stellenanzeigen/7CBF7FC7/bewerben/,externe,"Deine Ansprechpartnerin:
Sonja Egle
Personalreferentin
Tel.: +49 7541 70078-728
zu unseren Stellen: Stellenangebote - Starte deine Karriere bei doubleSlash
Wir freuen uns auf deine Bewerbung!",,,azubiyo_de,https://www.azubiyo.de/stellenanzeigen/ausbildung-fachinformatiker-anwendungsentwicklung-_doubleslash-net-business_7cbf7fc7/,False,,60,,,,2026-06-12T09:49:34.913438+00:00
AZUB-a11fa6fe,azubiyo_de_ae,Azubiyo,,"Moers, Eick, Genend, Kohlenhuck, Repelen, Utfort","Galmesweg 58 47445 Moers, Eick, Genend, Kohlenhuck, Repelen, Utfort Nordrhein-Westfalen","Ausbildung zum Fachinformatiker für Anwendungsentwicklung (m/w/d) DevOps - 2026

Das lernst du bei uns
- Du entwickelst und programmierst maßgeschneiderte Software und Anwendungen für unsere Fachbereiche mit der Programmiersprache C#.
- Dabei übernimmst du die Planung, Konzeption sowie das Testen der Programme, um deren Qualität sicherzustellen.
- Zu deinem Aufgabenbereich gehören außerdem die Gestaltung benutzerfreundlicher Oberflächen und die Entwicklung praxisgerechter Lösungen.

- Während deiner gesamten Ausbildung wirst du aktiv in unsere Entwicklungsarbeiten eingebunden und übernimmst erste eigene Projekte. Dabei wirst du von einem engagierten Team unterstützt.Das bringst du mit
- Du hast einen guten Abschluss der mittleren Reife, Fachhochschulreife oder allgemeinen Hochschulreife und Interesse an IT-Themen sowie neuen Technologien.
- Gute schulische Leistungen in den Fächern Mathematik und ggf. Informatik zeichnen dich aus.
- Du arbeitest gerne im Team und bist kommunikativ.
- Verantwortung zu übernehmen und Initiative zu ergreifen, ist für dich selbstverständlich.
- Du verfügst über sehr gute Deutschkenntnisse in Wort und Schrift.

- Erste Erfahrungen in der Softwareentwicklung sind wünschenswert, idealerweise mit den Programmiersprachen C# oder Java.Das bieten wir dir
- Die Ausbildung dauert insgesamt 3 Jahre und beginnt voraussichtlich ab dem 01.09.2026
- Die Beschulung findet in folgenden Berufsschulen statt:Montag und Dienstag am Mercator-Berufskolleg
- Mittwoch und Freitag am Berufskolleg für Technik Moers
- Dich erwartet ein spannendes Onboarding- und Ausbildungsprogramm, um dir einen angenehmen Start in unser Unternehmen zu ermöglichen.
- Unsere Nachwuchskräfte-Events garantieren dir gute Laune und viel Spaß.
- Wir stellen gute Übernahmechancen in einem zukunftssicheren Unternehmen in Aussicht.
- Bei uns erhältst du zahlreiche Vergünstigungen in Kooperation mit unterschiedlichen Unternehmen (Corporate Benefits).
- In unserem Neubau arbeitest du an modern ausgestatteten Arbeitsplätzen und kannst in unserem Betriebsrestaurant „Café Schleupen“ zu Mittag essen.
- Es erwarten dich spannende und herausfordernde Themen im Zukunftsmarkt Energie.",,"- Während deiner gesamten Ausbildung wirst du aktiv in unsere Entwicklungsarbeiten eingebunden und übernimmst erste eigene Projekte. Dabei wirst du von einem engagierten Team unterstützt.Das bringst du mit
- Du hast einen guten Abschluss der mittleren Reife, Fachhochschulreife oder allgemeinen Hochschulreife und Interesse an IT-Themen sowie neuen Technologien.
- Gute schulische Leistungen in den Fächern Mathematik und ggf. Informatik zeichnen dich aus.
- Du arbeitest gerne im Team und bist kommunikativ.
- Verantwortung zu übernehmen und Initiative zu ergreifen, ist für dich selbstverständlich.
- Du verfügst über sehr gute Deutschkenntnisse in Wort und Schrift.",Ausbildung | zum Fachinformatiker für Anwendungsentwicklung (m/w/d) DevOps - 2026,ae,Azubiyo ist eines der größten deutschen Ausbildungsportale mit einem breiten Angebot an freien Ausbildungs- und Dualen Studienplätzen. Mit unserem einzigartigen Matching-Verfahren bringen wir Bewerber und Unternehmen passgenau zusammen. Neben dem Stellenmarkt informiert das Portal zu allen Themen rund um Berufswahl und Bewerbung. Die Ausbildungsjobbörse gehört zur Dachmarke FUNKE Works.,"- Erste Erfahrungen in der Softwareentwicklung sind wünschenswert, idealerweise mit den Programmiersprachen C# oder Java.Das bieten wir dir
- Die Ausbildung dauert insgesamt 3 Jahre und beginnt voraussichtlich ab dem 01.09.2026
- Die Beschulung findet in folgenden Berufsschulen statt:Montag und Dienstag am Mercator-Berufskolleg
- Mittwoch und Freitag am Berufskolleg für Technik Moers
- Dich erwartet ein spannendes Onboarding- und Ausbildungsprogramm, um dir einen angenehmen Start in unser Unternehmen zu ermöglichen.
- Unsere Nachwuchskräfte-Events garantieren dir gute Laune und viel Spaß.
- Wir stellen gute Übernahmechancen in einem zukunftssicheren Unternehmen in Aussicht.
- Bei uns erhältst du zahlreiche Vergünstigungen in Kooperation mit unterschiedlichen Unternehmen (Corporate Benefits).
- In unserem Neubau arbeitest du an modern ausgestatteten Arbeitsplätzen und kannst in unserem Betriebsrestaurant „Café Schleupen“ zu Mittag essen.
- Es erwarten dich spannende und herausfordernde Themen im Zukunftsmarkt Energie.",,,empty,,https://www.azubiyo.de/stellenanzeigen/A11FA6FE/bewerben/,https://www.azubiyo.de/stellenanzeigen/A11FA6FE/bewerben/,https://www.azubiyo.de/stellenanzeigen/A11FA6FE/bewerben/,externe,,,,azubiyo_de,https://www.azubiyo.de/stellenanzeigen/ausbildung-zum-fachinformatiker-fuer-anwendungsent_schleupen_a11fa6fe/,False,,60,2026,9,2026-09-01,2026-06-12T09:51:43.793802+00:00
AZUB-7de47579,azubiyo_de_ae,Azubiyo,,"Neckarsulm, Dahenfeld, Obereisesheim","Stiftsbergstraße 1 74172 Neckarsulm, Dahenfeld, Obereisesheim Baden-Württemberg","Ausbildung zum Fachinformatiker für Anwendungsentwicklung 2026 (m/w/d)

Deine Aufgaben
- Du erfährst als Fachinformatiker (m/w/d) in der Fachrichtung Anwendungsentwicklung alles über die Entwicklung und den Betrieb von modernen Softwareanwendungen.
- Du wirst aktiv in die großen Softwareprojekte für die Zukunft eingebunden!
- Du bekommst darüber hinaus Einblicke in die Themen IT-Sicherheit, Datenbanken, Netzwerke und Betriebssysteme.
- Du konzipierst, realisierst, testest und wartest die Schwarz Gruppe übergreifenden Anwendungen und kannst dich hier auch immer weiterbilden.

- Du eignest dir ein tiefes Verständnis moderner Programmiersprachen wie Go, Kotlin (Java), JavaScript (TypeScript) und Python an. Dabei arbeitest am Tagesgeschäft und Produkten mit und bist Teil der Software-Engineering Community.Dein Profil
- Du hast die Mittlere Reife mit guten Noten insbesondere in Mathematik, Informatik und naturwissenschaftlichen Fächern abgeschlossen.
- Du hast Interesse am Digitalen Wandel und kannst dich dafür begeistern.
- Du arbeitest strukturiert, verantwortungsbewusst und zuverlässig, hast Spaß am Lernen und bist offen für Neues.
- Du hast große Freude im Team zusammenzuarbeiten und dein Wissen zu teilen. Dabei bringst du gerne eigene Ideen mit und möchtest aktiv mitwirken.
- Du hast bereits erste Erfahrungen mit Programmiersprachen und hast idealerweise deinen ersten Programmierkurs belegt.","1.250€, 1.350€, 1.500€","- Du eignest dir ein tiefes Verständnis moderner Programmiersprachen wie Go, Kotlin (Java), JavaScript (TypeScript) und Python an. Dabei arbeitest am Tagesgeschäft und Produkten mit und bist Teil der Software-Engineering Community.Dein Profil
- Du hast die Mittlere Reife mit guten Noten insbesondere in Mathematik, Informatik und naturwissenschaftlichen Fächern abgeschlossen.
- Du hast Interesse am Digitalen Wandel und kannst dich dafür begeistern.
- Du arbeitest strukturiert, verantwortungsbewusst und zuverlässig, hast Spaß am Lernen und bist offen für Neues.
- Du hast große Freude im Team zusammenzuarbeiten und dein Wissen zu teilen. Dabei bringst du gerne eigene Ideen mit und möchtest aktiv mitwirken.
- Du hast bereits erste Erfahrungen mit Programmiersprachen und hast idealerweise deinen ersten Programmierkurs belegt.",Ausbildung | zum Fachinformatiker für Anwendungsentwicklung 2026 (m/w/d),ae,Azubiyo ist eines der größten deutschen Ausbildungsportale mit einem breiten Angebot an freien Ausbildungs- und Dualen Studienplätzen. Mit unserem einzigartigen Matching-Verfahren bringen wir Bewerber und Unternehmen passgenau zusammen. Neben dem Stellenmarkt informiert das Portal zu allen Themen rund um Berufswahl und Bewerbung. Die Ausbildungsjobbörse gehört zur Dachmarke FUNKE Works.,,,,empty,,https://www.azubiyo.de/stellenanzeigen/7DE47579/bewerben/,https://www.azubiyo.de/stellenanzeigen/7DE47579/bewerben/,https://www.azubiyo.de/stellenanzeigen/7DE47579/bewerben/,externe,,,,azubiyo_de,https://www.azubiyo.de/stellenanzeigen/ausbildung-zum-fachinformatiker-fuer-anwendungsent_schwarz-digits_7de47579/,False,,60,,,,2026-06-12T09:51:49.661260+00:00
AZUB-77332e4f,azubiyo_de_ae,Azubiyo,,Schonach im Schwarzwald,Obertalstraße 3-5 78136 Schonach im Schwarzwald Baden-Württemberg,Ausbildung zum Fachinformatiker (m/w/d) | Anwendungsentwicklung 2026,"1.235 €, 1.295 €, 1.405 €",,Ausbildung | zum Fachinformatiker (m/w/d) | Anwendungsentwicklung 2026,ae,Azubiyo ist eines der größten deutschen Ausbildungsportale mit einem breiten Angebot an freien Ausbildungs- und Dualen Studienplätzen. Mit unserem einzigartigen Matching-Verfahren bringen wir Bewerber und Unternehmen passgenau zusammen. Neben dem Stellenmarkt informiert das Portal zu allen Themen rund um Berufswahl und Bewerbung. Die Ausbildungsjobbörse gehört zur Dachmarke FUNKE Works.,,,,empty,,https://www.azubiyo.de/stellenanzeigen/77332E4F/bewerben/,https://www.azubiyo.de/stellenanzeigen/77332E4F/bewerben/,https://www.azubiyo.de/stellenanzeigen/77332E4F/bewerben/,externe,"Ansprechpartner und Bewerbung
- Janina Fehrenbach
- Bitte beziehe Dich in Deiner Bewerbung auf AZUBIYO und geben die unten genannte Referenznummer an.",,,azubiyo_de,https://www.azubiyo.de/stellenanzeigen/ausbildung-zum-fachinformatiker-m-w-d--anwendungse_wiha-werkzeuge_77332e4f/,False,,60,,,,2026-06-12T09:52:02.599437+00:00
AZUB-b52b83b2,azubiyo_de_ae,Azubiyo,,Stuttgart,Sigmaringer Str. 111 70567 Stuttgart Baden-Württemberg,"Ausbildung zum Fachinformatiker (m/w/i) Anwendungsentwicklung 2026

Darauf kannst Du Dich freuen
» Dein Arbeitsplatz hat eine zentrale Lage und ist mit den Öffis gut erreichbar
» Du hast 30 Tage Urlaub und Dresscode - welcher Dresscode?
» Obst, Kaffee, Tee und Softdrinks bekommst Du zum Nulltarif
Wir freuen uns darauf, Dich kennenzulernen!","1.000 €, 1.100 €, 1.200 €",,Ausbildung | zum Fachinformatiker (m/w/i) Anwendungsentwicklung 2026,ae,Azubiyo ist eines der größten deutschen Ausbildungsportale mit einem breiten Angebot an freien Ausbildungs- und Dualen Studienplätzen. Mit unserem einzigartigen Matching-Verfahren bringen wir Bewerber und Unternehmen passgenau zusammen. Neben dem Stellenmarkt informiert das Portal zu allen Themen rund um Berufswahl und Bewerbung. Die Ausbildungsjobbörse gehört zur Dachmarke FUNKE Works.,"Darauf kannst Du Dich freuen
» Dein Arbeitsplatz hat eine zentrale Lage und ist mit den Öffis gut erreichbar
» Du hast 30 Tage Urlaub und Dresscode - welcher Dresscode?
» Obst, Kaffee, Tee und Softdrinks bekommst Du zum Nulltarif
Wir freuen uns darauf, Dich kennenzulernen!",,,empty,,https://www.azubiyo.de/stellenanzeigen/B52B83B2/bewerben/,https://www.azubiyo.de/stellenanzeigen/B52B83B2/bewerben/,https://www.azubiyo.de/stellenanzeigen/B52B83B2/bewerben/,externe,,,,azubiyo_de,https://www.azubiyo.de/stellenanzeigen/ausbildung-zum-fachinformatiker-m-w-i-anwendungsen_doxis-solutions_b52b83b2/,False,,60,,,,2026-06-12T09:52:37.625719+00:00
AZUB-eb18d738,azubiyo_de_ae,Azubiyo,,"Waldkirchen, Appmannsberg, Atzesberg, Dickenbüchel, Ensmannsreut, Erlauzwiesel, Holzfreyung, Kanau, Karlsbach, Kühn, Lämmersreut, Manzing, Mitterleinbach, Neidlingerberg, Oberfrauenwald, Oberhöhenstetten, Oberleinbach, Pilgramsberg, Pollmannsdorf, Raffelsberg, Richardsreut, Saßbach, Schauerbach, Schiefweg, Schlößbach, Sickling, Stocking, Traxing, Unholdenberg, Unterhöhenstetten, Werenain, Wotzmannsreut","Mitterleinbach 19 94065 Waldkirchen, Appmannsberg, Atzesberg, Dickenbüchel, Ensmannsreut, Erlauzwiesel, Holzfreyung, Kanau, Karlsbach, Kühn, Lämmersreut, Manzing, Mitterleinbach, Neidlingerberg, Oberfrauenwald, Oberhöhenstetten, Oberleinbach, Pilgramsberg, Pollmannsdorf, Raffelsberg, Richardsreut, Saßbach, Schauerbach, Schiefweg, Schlößbach, Sickling, Stocking, Traxing, Unholdenberg, Unterhöhenstetten, Werenain, Wotzmannsreut Bayern","Fachinformatiker/-in: Anwendungsentwicklung (all genders)

Darauf kannst du dich freuen:
- Ausbildung: Bei uns erhältst du eine fundierte und strukturierte Ausbildung mit intensiver Betreuung durch Ausbilder:innen und Mentor:innen und aktiver Mitarbeit im Team vom ersten Tag an",,,Ausbildung | Fachinformatiker/-in: Anwendungsentwicklung (all genders),ae,Azubiyo ist eines der größten deutschen Ausbildungsportale mit einem breiten Angebot an freien Ausbildungs- und Dualen Studienplätzen. Mit unserem einzigartigen Matching-Verfahren bringen wir Bewerber und Unternehmen passgenau zusammen. Neben dem Stellenmarkt informiert das Portal zu allen Themen rund um Berufswahl und Bewerbung. Die Ausbildungsjobbörse gehört zur Dachmarke FUNKE Works.,"Darauf kannst du dich freuen:
- Ausbildung: Bei uns erhältst du eine fundierte und strukturierte Ausbildung mit intensiver Betreuung durch Ausbilder:innen und Mentor:innen und aktiver Mitarbeit im Team vom ersten Tag an",,,empty,,https://www.azubiyo.de/stellenanzeigen/EB18D738/bewerben/,https://www.azubiyo.de/stellenanzeigen/EB18D738/bewerben/,https://www.azubiyo.de/stellenanzeigen/EB18D738/bewerben/,externe,"- Team: Bei regelmäßigen Azubi-Team-Events lernst du dein Azubi-Team besser kennen und kannst so neue Kontakte knüpfen
- Karriere und Weiterentwicklung: Ein sicherer Ausbildungsplatz mit Entwicklungsperspektiven und einem unternehmensübergreifenden internationalen Netzwerk
- Wohlbefinden und Gesundheit: Ein ergonomischer Arbeitsplatz, sowohl für kaufmännische als auch gewerbliche Azubis, unterstützt deine Gesundheit bei der Arbeit
- Nachhaltigkeit und soziales Engagement: Nachhaltigkeit ist Teil unserer Unternehmensstrategie
- Arbeitsort: Gut erreichbar mit dem Auto oder öffentlichen Verkehrsmitteln
Damit bist du unser Perfect Match:
- Du hast Dein Abitur erfolgreich bestanden oder bereits fest im Visier
- Im Idealfall bringst du bereits erste Praxiserfahrung aus der Programmierung mit
- Deine Begeisterung und Neugierde für die Themenbereiche Informatik und Technik zeichnen dich aus
- Eigeninitiative und Ideen bringst du aktiv mit ein
Interessiert? Dann komm in unser Team und werde Teil der (börsennotierten) TAKKT-Gruppe! Wir sind der führende Anbieter im B2B Omnichannel-Commerce für Geschäftsausstattung und suchen motivierte Menschen, die mit uns die Zukunft der Arbeit gestalten wollen. Mit unseren erfolgreichen Marken wie BIGDUG, Gerdmans, KAISER+KRAFT, ratioform und Runelandhs arbeiten wir jeden Tag an innovativen und nachhaltigen Lösungen und Produkten, die den Arbeitsalltag unserer Kunden und unseren eigenen so gut wie möglich machen. Bewirb dich jetzt, werde Teil unseres Teams und shape new worlds of work!",,,azubiyo_de,https://www.azubiyo.de/stellenanzeigen/fachinformatiker-in-anwendungsentwicklung-all-gend_kaiserkraft_eb18d738/,False,,60,,,,2026-06-12T09:53:50.393730+00:00
AZUB-dfb7f7bg,azubiyo_de_ae,Azubiyo,,"Dülmen, Daldrup, Dernekamp, Empte, Hausdülmen, Hiddingsel, Leuste, Merfeld, Mitwick, Rödder, Rorup, Weddern, Welte","Rödder 28 48249 Dülmen, Daldrup, Dernekamp, Empte, Hausdülmen, Hiddingsel, Leuste, Merfeld, Mitwick, Rödder, Rorup, Weddern, Welte Nordrhein-Westfalen",Ausbildung Fachinformatiker/in - Anwendungsentwicklung 2026 (m/w/d),"1.205,59 €, 1.258,65 €, 1.337,47 €, 1.440,99 €",,Ausbildung | Fachinformatiker/in - Anwendungsentwicklung 2026 (m/w/d),ae,Azubiyo ist eines der größten deutschen Ausbildungsportale mit einem breiten Angebot an freien Ausbildungs- und Dualen Studienplätzen. Mit unserem einzigartigen Matching-Verfahren bringen wir Bewerber und Unternehmen passgenau zusammen. Neben dem Stellenmarkt informiert das Portal zu allen Themen rund um Berufswahl und Bewerbung. Die Ausbildungsjobbörse gehört zur Dachmarke FUNKE Works.,,,,empty,,https://www.azubiyo.de/stellenanzeigen/DFB7F7BG/bewerben/,https://www.azubiyo.de/stellenanzeigen/DFB7F7BG/bewerben/,https://www.azubiyo.de/stellenanzeigen/DFB7F7BG/bewerben/,externe,,,,azubiyo_de,https://www.azubiyo.de/stellenanzeigen/ausbildung-fachinformatiker-in-anwendungsentwicklu_kordel-antriebstechnik_dfb7f7bg/,False,,53,,,,2026-06-12T09:50:04.034641+00:00
AZUB-41715f3f,azubiyo_de_ae,Azubiyo,,Frankfurt am Main,Hanauer Landstraße 439 60314 Frankfurt am Main Hessen,"Ausbildung zum Fachinformatiker (m/w/d) für Anwendungsentwicklung

Das bieten wir:
- Eine Abwechslungsreiche Berufsausbildung
- Ein attraktives Arbeitsumfeld
- Moderne Arbeitsausstattung und Ergonomischen Arbeitsplätzen
- Interessante und vielseitige Aufgaben mit innovativen Projekten
- Gute Entwicklungs- und Entfaltungsmöglichkeiten",,,Ausbildung | zum Fachinformatiker (m/w/d) für Anwendungsentwicklung,ae,Azubiyo ist eines der größten deutschen Ausbildungsportale mit einem breiten Angebot an freien Ausbildungs- und Dualen Studienplätzen. Mit unserem einzigartigen Matching-Verfahren bringen wir Bewerber und Unternehmen passgenau zusammen. Neben dem Stellenmarkt informiert das Portal zu allen Themen rund um Berufswahl und Bewerbung. Die Ausbildungsjobbörse gehört zur Dachmarke FUNKE Works.,"Das bieten wir:
- Eine Abwechslungsreiche Berufsausbildung
- Ein attraktives Arbeitsumfeld
- Moderne Arbeitsausstattung und Ergonomischen Arbeitsplätzen
- Interessante und vielseitige Aufgaben mit innovativen Projekten
- Gute Entwicklungs- und Entfaltungsmöglichkeiten",,,empty,,https://www.azubiyo.de/stellenanzeigen/41715F3F/bewerben/,https://www.azubiyo.de/stellenanzeigen/41715F3F/bewerben/,https://www.azubiyo.de/stellenanzeigen/41715F3F/bewerben/,externe,,,,azubiyo_de,https://www.azubiyo.de/stellenanzeigen/ausbildung-zum-fachinformatiker-m-w-d-fuer-anwendu_rto_41715f3f/,False,,53,,,,2026-06-12T09:52:29.002108+00:00
AZUB-84168d42,azubiyo_de_ae,Azubiyo,,Frankfurt am Main,Taunusanlage 60308 Frankfurt am Main Hessen,Ausbildung Fachinformatiker*in Anwendungsentwicklung (d/m/w),"1.400 €, 1.470 €, 1.550 €",,Ausbildung | Fachinformatiker*in Anwendungsentwicklung (d/m/w),ae,Azubiyo ist eines der größten deutschen Ausbildungsportale mit einem breiten Angebot an freien Ausbildungs- und Dualen Studienplätzen. Mit unserem einzigartigen Matching-Verfahren bringen wir Bewerber und Unternehmen passgenau zusammen. Neben dem Stellenmarkt informiert das Portal zu allen Themen rund um Berufswahl und Bewerbung. Die Ausbildungsjobbörse gehört zur Dachmarke FUNKE Works.,,,,empty,,https://www.azubiyo.de/stellenanzeigen/84168D42/bewerben/,https://www.azubiyo.de/stellenanzeigen/84168D42/bewerben/,https://www.azubiyo.de/stellenanzeigen/84168D42/bewerben/,externe,,,,azubiyo_de,https://www.azubiyo.de/stellenanzeigen/ausbildung-fachinformatikerin-anwendungsentwicklun_deutsche-bank_84168d42/,False,,53,,,,2026-06-12T09:50:35.586570+00:00
AZUB-d4age414,azubiyo_de_ae,Azubiyo,,Frankfurt am Main,Wildungerstraße 6a 60487 Frankfurt am Main Hessen,"Auszubildende(r) Fachinformatiker*in - Anwendungsentwicklung (m/w/d) ab August 2026

Deine Aufgaben:
Im Rahmen deiner 3-jährigen Ausbildung erhältst du einen exklusiven Einblick hinter die Kulissen eines etablierten Online-Reiseunternehmens für Kreuzfahrten. Deine Aufgabe wird es sein, die Weiterentwicklung unserer Buchungsportale zu unterstützen und durch Verbesserungen und neuen Anwendungen den Erfolg des Unternehmens zu steigern.
Von Beginn an wirst du aktiv in die betrieblichen Abläufe einbezogen und erlernst die Planung und Entwicklung von Web- und Datenbank-Anwendungen. Dabei arbeitest du in einem Team aus erfahrenen Programmierern und jungen Nachwuchskräften und lernst dabei den Einsatz verschiedener Programmiersprachen sowie Entwicklungswerkzeuge im Web-Umfeld.
Was du mitbringst:
- Mindestens Fachhochschulreife oder eine vergleichbare Qualifikation
- Interesse an Informatik und Spaß an technischen Zusammenhängen
- Gutes mathematisches Verständnis
- vorzugsweise erste Programmiererfahrungen im schulischen oder privaten Bereich
- logisches Denkvermögen
- ausgeprägte Kommunikationsfähigkeit und Spaß an der Arbeit im TeamWas wir dir bieten:
- attraktive Ausbildungsvergütung
- kostenloses Deutschlandticket und ein modernes Office mit zentraler Anbindung im Herzen Frankfurts
- Schulungs- & Coachingangebote für deine berufliche & persönliche Weiterentwicklung
- regelmäßige Mitarbeiterevents wie Weihnachts- und Sommerfeiern, Mitarbeiterausflüge, Teamevents, Azubi-Days & Austauschformate
- kostenloses Deutschlandticket und eine zentrale Anbindung im Herzen Frankfurts
- Firmenlaptop zur Nutzung für Ausbildungszwecke
- EGYM Wellpass, damit du fit und gesund bleibst
- gute Übernahme- und Entwicklungschancen nach erfolgreichem Ausbildungsabschluss
- Tourismus-Reisevorteile für dich, deine Familie & deine Freunde
- Praxiserfahrung in einer zukunftsträchtigen Branche
- einen spannenden Arbeitsplatz in einem dynamischen Team
- ein breites Aufgabenspektrum, das eine steile Lernkurve garantiert
- bei überdurchschnittlichen Leistungen erhältst du die Möglichkeit, deine Ausbildung auf 2,5 Jahre zu verkürzen","870 €, 985 €, 1.130 €",,Ausbildung | Auszubildende(r) Fachinformatiker*in - Anwendungsentwicklung (m/w/d) ab August 2026,ae,Azubiyo ist eines der größten deutschen Ausbildungsportale mit einem breiten Angebot an freien Ausbildungs- und Dualen Studienplätzen. Mit unserem einzigartigen Matching-Verfahren bringen wir Bewerber und Unternehmen passgenau zusammen. Neben dem Stellenmarkt informiert das Portal zu allen Themen rund um Berufswahl und Bewerbung. Die Ausbildungsjobbörse gehört zur Dachmarke FUNKE Works.,,,,empty,,https://www.azubiyo.de/stellenanzeigen/D4AGE414/bewerben/,https://www.azubiyo.de/stellenanzeigen/D4AGE414/bewerben/,https://www.azubiyo.de/stellenanzeigen/D4AGE414/bewerben/,externe,,,,azubiyo_de,https://www.azubiyo.de/stellenanzeigen/auszubildender-fachinformatikerin-anwendungsentwic_e-hoi_d4age414/,False,,53,2026,8,,2026-06-12T09:53:20.175259+00:00
AZUB-d6ad5gb1,azubiyo_de_ae,Azubiyo,,Frankfurt am Main,Franklinstraße 46-48 60486 Frankfurt am Main Hessen,"Auszubildender Fachinformatiker (m/w/d) Anwendungsentwicklung

Deine Aufgaben
In der dreijährigen Ausbildung lernst Du den gesamten Software­ent­wick­lungs­prozess von Anforde­rungs­aufnahme bis zu Test und Auslie­ferung kennen. Du unterstützt unsere Entwickler:innen aktiv dabei, bestehende Software weiter­zu­ent­wickeln oder neue Software zu kreieren. Hierbei wirst Du verschiedene Abteilungen, agile Entwick­lerteams, Projekte und natürlich Program­mier­sprachen kennen­lernen und kannst Dich im gesamten Unternehmen vernetzen. Konkrete Einsatz­gebiete und Aufgaben sind:
- Aufnahme und Analyse von Anforderungen an Softwareprodukte
- Entwurf von Konzepten und Architektur
- Kennenlernen von verschiedenen Programmiersprachen, insbesondere ABAP im SAP-Umfeld
- (Weiter-)Entwicklung von Software
- Dokumentation, Test, Support und Auslieferung","1.208 €, 1.328 €, 1.449 €",,Ausbildung | Auszubildender Fachinformatiker (m/w/d) Anwendungsentwicklung,ae,Azubiyo ist eines der größten deutschen Ausbildungsportale mit einem breiten Angebot an freien Ausbildungs- und Dualen Studienplätzen. Mit unserem einzigartigen Matching-Verfahren bringen wir Bewerber und Unternehmen passgenau zusammen. Neben dem Stellenmarkt informiert das Portal zu allen Themen rund um Berufswahl und Bewerbung. Die Ausbildungsjobbörse gehört zur Dachmarke FUNKE Works.,,,,empty,,https://www.azubiyo.de/stellenanzeigen/D6AD5GB1/bewerben/,https://www.azubiyo.de/stellenanzeigen/D6AD5GB1/bewerben/,https://www.azubiyo.de/stellenanzeigen/D6AD5GB1/bewerben/,externe,,,,azubiyo_de,https://www.azubiyo.de/stellenanzeigen/auszubildender-fachinformatiker-m-w-d-anwendungsen_aok-systems_d6ad5gb1/,False,,53,,,,2026-06-12T09:53:12.977615+00:00
AZUB-71cbbcb8,azubiyo_de_ae,Azubiyo,,"Hamburg, Rothenburgsort","Billstraße 103 20539 Hamburg, Rothenburgsort Hamburg","Fachinformatiker/in Anwendungsentwicklung (m/w/d)

Deine Aufgaben:
- Du unterstützt uns in (Groß-) Projekten unterschiedlichster Art, in denen Microsoft und Contact-Center-Technologien im Vordergrund stehen
- Du arbeitest in unserem Team und entwickelst moderne Software-Systeme mit neuesten Technologien im Bereich Front- und Backend, Virtualisierung, Container und Cloud
- Du beschäftigst Dich mit unterschiedlichsten Programmiersprachen und Technologien, wie HTML5 / CSS / React, Python, MS .NET, Java und vielem mehr
- Du testest gemeinsam mit dem Team neue Features und hilfst dabei, unsere Lösungen kontinuierlich zu optimieren","1.050 €, 1.100 €, 1.200 €",,Ausbildung | Fachinformatiker/in Anwendungsentwicklung (m/w/d),ae,Azubiyo ist eines der größten deutschen Ausbildungsportale mit einem breiten Angebot an freien Ausbildungs- und Dualen Studienplätzen. Mit unserem einzigartigen Matching-Verfahren bringen wir Bewerber und Unternehmen passgenau zusammen. Neben dem Stellenmarkt informiert das Portal zu allen Themen rund um Berufswahl und Bewerbung. Die Ausbildungsjobbörse gehört zur Dachmarke FUNKE Works.,,,,empty,,https://www.azubiyo.de/stellenanzeigen/71CBBCB8/bewerben/,https://www.azubiyo.de/stellenanzeigen/71CBBCB8/bewerben/,https://www.azubiyo.de/stellenanzeigen/71CBBCB8/bewerben/,externe,,,,azubiyo_de,https://www.azubiyo.de/stellenanzeigen/fachinformatiker-in-anwendungsentwicklung-m-w-d_ip-dynamics_71cbbcb8/,False,,53,,,,2026-06-12T09:53:56.956899+00:00
AZUB-2925a236,azubiyo_de_ae,Azubiyo,,"Herdecke, Ahlenberg, Ende","Wetterstraße 58 58313 Herdecke, Ahlenberg, Ende Nordrhein-Westfalen",Ausbildung zum Fachinformatiker (m/w/d) für Anwendungsentwicklung (2026),"1.180,00 €, 1.288,00 €, 1.349,00 €, 1.180 €, 1.288 €, 1.349 €",,Ausbildung | zum Fachinformatiker (m/w/d) für Anwendungsentwicklung (2026),ae,Azubiyo ist eines der größten deutschen Ausbildungsportale mit einem breiten Angebot an freien Ausbildungs- und Dualen Studienplätzen. Mit unserem einzigartigen Matching-Verfahren bringen wir Bewerber und Unternehmen passgenau zusammen. Neben dem Stellenmarkt informiert das Portal zu allen Themen rund um Berufswahl und Bewerbung. Die Ausbildungsjobbörse gehört zur Dachmarke FUNKE Works.,,,,empty,,https://www.azubiyo.de/stellenanzeigen/2925A236/bewerben/,https://www.azubiyo.de/stellenanzeigen/2925A236/bewerben/,https://www.azubiyo.de/stellenanzeigen/2925A236/bewerben/,externe,,,,azubiyo_de,https://www.azubiyo.de/stellenanzeigen/ausbildung-zum-fachinformatiker-m-w-d-fuer-anwendu_doerken-service_2925a236/,False,,53,,,,2026-06-12T09:52:15.512414+00:00
AZUB-g5e32e87,azubiyo_de_ae,Azubiyo,,Hilden,Siemensstraße 27 40721 Hilden Nordrhein-Westfalen,"Ausbildung: Fachinformatiker*in Anwendungsentwicklung

Wichtig zu wissen: Deine Aufgaben passen wir selbstverständlich an Deine Vorkenntnisse und Qualifikationen und an Deinen Ausbildungsstand an.
Ziel ist es, Dich nach Deiner erfolgreich abgeschlossenen Ausbildung in ein unbefristetes Arbeitsverhältnis zu übernehmen.
Was Du mitbringen solltest
- Du hast das (Fach-)Abitur erfolgreich abgeschlossen oder stehst kurz davor,
- Du hast gute Noten in Deutsch und Mathematik,
- Du verfügst über Englischkenntnisse zum Verstehen und Lesen von Fachliteratur,
- Du bringst großes Interesse für allgemeine IT-Themen, Programmierung und Informatik mit,",,,Ausbildung | Ausbildung: Fachinformatiker*in Anwendungsentwicklung,ae,Azubiyo ist eines der größten deutschen Ausbildungsportale mit einem breiten Angebot an freien Ausbildungs- und Dualen Studienplätzen. Mit unserem einzigartigen Matching-Verfahren bringen wir Bewerber und Unternehmen passgenau zusammen. Neben dem Stellenmarkt informiert das Portal zu allen Themen rund um Berufswahl und Bewerbung. Die Ausbildungsjobbörse gehört zur Dachmarke FUNKE Works.,,,,empty,,https://www.azubiyo.de/unterrichtsmaterial/arbeitshefte/berufswahl-bewerbung/,https://www.azubiyo.de/unterrichtsmaterial/arbeitshefte/berufswahl-bewerbung/,https://www.azubiyo.de/unterrichtsmaterial/arbeitshefte/berufswahl-bewerbung/,externe,,"- Du bist sorgfältig, flexibel, teamfähig.Du hast Dein Studium abgebrochen und möchtest Dich lieber in einer Ausbildung verwirklichen? Oder Dein Lebenslauf ist nicht immer ganz „straight“ verlaufen? Überhaupt kein Problem für uns – wir freuen uns auf Deine Bewerbung!
Über uns
Wir sind Spezialist*innen für kundenindividuelle Business-Software. Wir beraten, entwickeln Neues, modernisieren und halten Bewährtes instand. Dabei wird das Maß unserer Kunden zu unserem.
Wir lernen gemeinsam immer wieder neue Methoden und Technologien zur Entwicklung moderner Software. Unser Wissen geben wir an unsere Kunden in Softwareprojekten als Technologie-Expert*innen oder Coaches weiter. Unser Ziel ist es aber vor allem, die Geschäftsprozesse unserer Kunden zu verbessern!
Was wir Dir bieten
Natürlich bieten wir Dir nicht nur eine interessante Ausbildung, Kaffee- und Wasserflat, Obst, hilfsbereite und kompetente Kolleg*innen, sondern auch
- Weiterbildungen, wie z.B. Webinare und Workshops,
- regelmäßige Feedbackgespräche mit Deinem Ausbilder,
- ein offenes familiäres Unternehmensklima,
- flache Hierarchien,
- Firmenevents und
- ein Benefit - Du hast die Wahl. Such Dir aus drei Optionen (Deutschlandticket, Urban-Sports-Mitgliedschaft, SpenditCard) eine aus und erhalte diese zusätzlich zu Deiner Ausbildungsvergütung.",,azubiyo_de,https://www.azubiyo.de/stellenanzeigen/ausbildung-fachinformatikerin-anwendungsentwicklun_iks-informations-kommunikationssysteme_g5e32e87/,False,,53,,,,2026-06-12T09:50:44.146994+00:00
AZUB-ga38d4d3,azubiyo_de_ae,Azubiyo,,"Hofgeismar, Hombressen, Hümme, Kelze, Sababurg","Garnisonstr. 12 34369 Hofgeismar, Hombressen, Hümme, Kelze, Sababurg Hessen","Ausbildung Fachinformatiker/in - Anwendungsentwicklung (m/w/d) in Hofgeismar 2026

- Spontanität, Zuverlässigkeit und eine Portion Ehrgeiz runden dein Profil ab",,"- Spontanität, Zuverlässigkeit und eine Portion Ehrgeiz runden dein Profil ab",Ausbildung | Fachinformatiker/in - Anwendungsentwicklung (m/w/d) in Hofgeismar 2026,ae,Azubiyo ist eines der größten deutschen Ausbildungsportale mit einem breiten Angebot an freien Ausbildungs- und Dualen Studienplätzen. Mit unserem einzigartigen Matching-Verfahren bringen wir Bewerber und Unternehmen passgenau zusammen. Neben dem Stellenmarkt informiert das Portal zu allen Themen rund um Berufswahl und Bewerbung. Die Ausbildungsjobbörse gehört zur Dachmarke FUNKE Works.,,,,empty,,https://www.azubiyo.de/stellenanzeigen/GA38D4D3/bewerben/,https://www.azubiyo.de/stellenanzeigen/GA38D4D3/bewerben/,https://www.azubiyo.de/stellenanzeigen/GA38D4D3/bewerben/,externe,,,,azubiyo_de,https://www.azubiyo.de/stellenanzeigen/ausbildung-fachinformatiker-in-anwendungsentwicklu_management-services-helwig-schmitt_ga38d4d3/,False,,53,,,,2026-06-12T09:50:07.201903+00:00
AZUB-e3d874dc,azubiyo_de_ae,Azubiyo,,"Maxhütte-Haidhof, Deglhof, Ibenthann, Kappl, Katzheim, Meßnerskreith, Pirkensee, Ponholz, Rappenbügl, Roßbergeröd, Verau, Winkerling","Industriepark Ponholz 1 93142 Maxhütte-Haidhof, Deglhof, Ibenthann, Kappl, Katzheim, Meßnerskreith, Pirkensee, Ponholz, Rappenbügl, Roßbergeröd, Verau, Winkerling Bayern","Ausbildung zum Fachinformatiker für Anwendungsentwicklung (m/w/d)

Das sind deine Aufgaben
- Du entwickelst Systemlösungen, konfigurierst und pflegst sie.
- Du administrierst Netzwerke.
- Du erstellst Programme und Dokumentationen für ihre Benutzung.

- Du analysierst vorhandene Systeme und Software und entwickelst Konzepte.Das bringst du mit
- Du kannst logisch und analytisch denken.
- Du kennst dich gut mit Software aus.
- Du hast Spaß an Programmiersprachen.
- Du arbeitest gerne am PC.Unser Angebot für dich
- Du übernimmst von Anfang an spannende Aufgaben im IT-Umfeld.
- Wir unterstützen dich durch praktische Hilfe von erfahrenen Kollegen.
- Dich erwarten viele spannende Projekte.
- Bei besonders guten Leistungen bieten wir dir eine Übernahmegarantie.Information und Bewerbung
- Ausbildungsdauer: 3 Jahre
- Beginn: September
- Bewerbungen ab: August des Vorjahres
- Schulabschluss: Mittlere Reife",,"- Du analysierst vorhandene Systeme und Software und entwickelst Konzepte.Das bringst du mit
- Du kannst logisch und analytisch denken.
- Du kennst dich gut mit Software aus.
- Du hast Spaß an Programmiersprachen.
- Du arbeitest gerne am PC.Unser Angebot für dich
- Du übernimmst von Anfang an spannende Aufgaben im IT-Umfeld.
- Wir unterstützen dich durch praktische Hilfe von erfahrenen Kollegen.
- Dich erwarten viele spannende Projekte.
- Bei besonders guten Leistungen bieten wir dir eine Übernahmegarantie.Information und Bewerbung
- Ausbildungsdauer: 3 Jahre
- Beginn: September
- Bewerbungen ab: August des Vorjahres
- Schulabschluss: Mittlere Reife",Ausbildung | zum Fachinformatiker für Anwendungsentwicklung (m/w/d),ae,Azubiyo ist eines der größten deutschen Ausbildungsportale mit einem breiten Angebot an freien Ausbildungs- und Dualen Studienplätzen. Mit unserem einzigartigen Matching-Verfahren bringen wir Bewerber und Unternehmen passgenau zusammen. Neben dem Stellenmarkt informiert das Portal zu allen Themen rund um Berufswahl und Bewerbung. Die Ausbildungsjobbörse gehört zur Dachmarke FUNKE Works.,,,,empty,,https://www.azubiyo.de/stellenanzeigen/E3D874DC/bewerben/,https://www.azubiyo.de/stellenanzeigen/E3D874DC/bewerben/,https://www.azubiyo.de/stellenanzeigen/E3D874DC/bewerben/,externe,,,,azubiyo_de,https://www.azubiyo.de/stellenanzeigen/ausbildung-zum-fachinformatiker-fuer-anwendungsent_netto_e3d874dc/,False,,53,,,,2026-06-12T09:51:34.806392+00:00
AZUB-b9c2a8ag,azubiyo_de_ae,Azubiyo,,München,Pettenkofer Strasse 19 80336 München Bayern,"Ausbildung zum Fachinformatiker/in für Anwendungsentwicklung

Das erwartet dich bei uns:
Siehst du dich als Nerd oder programmierst du vielleicht schon? Willst du lernen, wie man richtig gute Software entwickelt und auch in großen Umgebungen zum Laufen bekommt? Dann ist die Ausbildung zur Fachinformatikerin bzw. zum Fachinformatiker für Anwendungsentwicklung genau dein Ding!
- Wir machen dich in 2,5 Jahren zum Programmier-Profi: Du lernst, wie man Softwarelösungen, die keine Wünsche offen lassen, konzipiert und umsetzt – und auch, wie man bereits existierende Standardsoftware so modifiziert, dass sie alle Anforderungen erfüllt.
- Natürlich zeigen wir dir auch, wie man mit den notwendigen Tools und Entwicklungsumgebungen richtig umgeht!
- Läuft deine Anwendung? Das findest du mit Tests heraus – und damit nichts verloren geht lernst du außerdem, wie eine korrekte Dokumentation aussehen muss.
- Die Softwareentwicklung ist ein fortlaufender Prozess: Deshalb wirst du, unterstützt durch dein Team, Projektmethoden anwenden, um alles gut zu planen, umzusetzen und zu kontrollieren.
- Die Theorie vermittelt dir die Berufsschule für Informationstechnik. In der Praxis stehen dir deine erfahrenen Kolleginnen und Kollegen zur Seite – von Anfang an wirst du ins Team eingebunden und kannst nach und nach immer mehr Aufgaben eigenständig übernehmen.Und das können wir dir versichern:
- Herausragende, übertarifliche Ausbildungsvergütung (1.800 / 1.900 / 2.000 Euro monatlich je Ausbildungsjahr)
- Auch Studienabbrecher sind bei uns herzlich Willkommen!
- Übernahmegarantie nach der Ausbildung
- Laptop + komplette Hardware
- Sichere Arbeitsplätze
- Urlaubs- und Weihnachtsgeld
- Betriebliche Krankenversicherung
- Übertarifliche Fahrtkostenerstattung (Deutschlandticket)
- Vergünstiges Mittagessen in unserer Kantine
- Vermögenswirksame Leistungen (40 Euro / Monat)
- Betriebliche Altersvorsorge
- Flexible Arbeitszeit
- Möglichkeit in einer Azubi-WG zu wohnen
- Hervorragende Erreichbarkeit (nur ca. 5 Gehminuten vom Hauptbahnhof München)
- 30 Urlaubstage
- Prüfungsvorbereitung plus 4 Tage Sonderrurlaub zum Lernen auf die AbschlussprüfungÜbrigens: Auch dann, wenn du deinen IHK-Abschluss Fachinformatiker/Fachinformatikerin Anwendungsentwicklung geschafft hast, geht es für dich bei uns voran, denn du profitierst von maßgeschneiderten Weiterbildungsangeboten. Du kannst sogar berufsbegleitend studieren und dir so einen akademischen Abschluss sichern.
Das hast du schon drauf:
- Fachabitur oder Abitur
- Deutschkenntnisse (C1 Level)
- Ein dickes Plus: erste Programmiererfahrung, z. B. mit Java oder einer anderen gängigen Programmiersprache
- Spaß daran, kniffelige Herausforderungen zu bewältigen und dranzubleiben, bis deine Software bugfrei läuftVor allem aber freuen wir uns auf dich, wenn du ein engagierter, verantwortungsbewusster Mensch bist, der immer gern dazulernt, logisch und analytisch denken kann und Spaß daran hat, gemeinsam mit anderen tolle Ergebnisse zu erzielen.
Klingt nach einem Plan für dich? Dann freuen wir uns über deine Bewerbung über unser Onlineformular.
Du hast noch Fragen? Dann ruf direkt bei Sandrina Moyé an unter 089 / 51 52 - 20 33.","1.800 €, 1.900 €, 2.000 €",,Ausbildung | zum Fachinformatiker/in für Anwendungsentwicklung,ae,Azubiyo ist eines der größten deutschen Ausbildungsportale mit einem breiten Angebot an freien Ausbildungs- und Dualen Studienplätzen. Mit unserem einzigartigen Matching-Verfahren bringen wir Bewerber und Unternehmen passgenau zusammen. Neben dem Stellenmarkt informiert das Portal zu allen Themen rund um Berufswahl und Bewerbung. Die Ausbildungsjobbörse gehört zur Dachmarke FUNKE Works.,,,,empty,,https://www.azubiyo.de/stellenanzeigen/B9C2A8AG/bewerben/,https://www.azubiyo.de/stellenanzeigen/B9C2A8AG/bewerben/,https://www.azubiyo.de/stellenanzeigen/B9C2A8AG/bewerben/,externe,,,,azubiyo_de,https://www.azubiyo.de/stellenanzeigen/ausbildung-zum-fachinformatiker-in-fuer-anwendungs_muenchener-verein-versicherungsgruppe_b9c2a8ag/,False,,53,,,,2026-06-12T09:51:59.225867+00:00
AZUB-g8776815,azubiyo_de_ae,Azubiyo,,Münster,Hafenweg 14 48155 Münster Nordrhein-Westfalen,"Fachinformatiker Anwendungsentwicklung (m/w/d)

Deine Perspektive
- In unserem dynamischen Arbeitsumfeld warten zahlreiche Herausforderungen am Hafen von Münster (Kreativkai) auf Dich
- Als Auszubildender in bei GuideCom bekommst Du die Chance, Dich bei der Übernahme verantwortungsvoller Tätigkeiten zu beweisen
- Abgestimmt auf Deine Fähigkeiten wirst Du frühzeitig mit eigenen Teilprojekten aus der Praxis betraut, in denen Du selbstständig arbeiten und Dein Wissen in einem erfahrenen Team anwenden kannst
- Dabei machen wir Dich mit zusätzlichen Schulungen fit für Deine AufgabenDas zeichnet dich aus
- Du hast Lust darauf, in den nächsten Jahren in der Praxis unterwegs zu sein und dabei eine Menge zu lernen.
- Dafür bringst Du eine schnelle Lern- und Auffassungsgabe mit
- Du zeichnest Dich nicht nur durch Teamgeist aus, sondern auch durch die nötige Eigeninitiative und vor allem durch ein hohes Maß an Verantwortungsbewusstsein
- Erste Erfahrung in der Programmierung erleichtern Dir den Einstieg. Als Fachinformatiker Anwendungsentwicklung verfügst Du über die (Fach-) Hochschulreife sowie ein ausgeprägtes analytisches Verständnis. Kenntnisse in der IT vereinfachen Dir den Start, stellen aber keine Voraussetzung darDeine GuideCom-Benefits
- Eine ausgezeichnete Teamkultur, die Dir ein schnelles und angenehmes Ankommen ermöglicht
- Cross-funktionale Teams, in denen Du dank flacher Hierarchien, unkompliziert Entscheidungen abstimmen und von Expertenwissen profitieren kannst
- Ein wachsendes und sich ständig weiterentwickelndes Unternehmen, dessen Reise Du aktiv mitgestaltest
- Einen Arbeitsplatz am Hafen von Münster, der sich manchmal auch nach Urlaub anfühlt
- Ein wichtiger Bestandteil unserer Unternehmenskultur ist der persönliche Umgang miteinander, der durch Offenheit und Kollegialität geprägt ist. Du wirst schnell merken, dass man Dich mit Deinen Fragen nicht allein lässt","1.231 €, 1.311 €, 1.384 €",,Ausbildung | Fachinformatiker Anwendungsentwicklung (m/w/d),ae,Azubiyo ist eines der größten deutschen Ausbildungsportale mit einem breiten Angebot an freien Ausbildungs- und Dualen Studienplätzen. Mit unserem einzigartigen Matching-Verfahren bringen wir Bewerber und Unternehmen passgenau zusammen. Neben dem Stellenmarkt informiert das Portal zu allen Themen rund um Berufswahl und Bewerbung. Die Ausbildungsjobbörse gehört zur Dachmarke FUNKE Works.,,,,empty,,https://www.azubiyo.de/stellenanzeigen/G8776815/bewerben/,https://www.azubiyo.de/stellenanzeigen/G8776815/bewerben/,https://www.azubiyo.de/stellenanzeigen/G8776815/bewerben/,externe,,,,azubiyo_de,https://www.azubiyo.de/stellenanzeigen/fachinformatiker-anwendungsentwicklung-m-w-d_guidecom_g8776815/,False,,53,,,,2026-06-12T09:53:34.031463+00:00
AZUB-53a6g518,azubiyo_de_ae,Azubiyo,,"Soest, Ampen, Deiringsen, Enkesen bei Paradiese, Epsingsen, Hattrop, Hattropholsen, Hiddingsen, Katrop, Lendringsen, Meckingsen, Meiningsen, Müllingsen, Ostönnen, Paradiese, Röllingsen, Ruploh, Thöningsen","Lange Wende 43 59494 Soest, Ampen, Deiringsen, Enkesen bei Paradiese, Epsingsen, Hattrop, Hattropholsen, Hiddingsen, Katrop, Lendringsen, Meckingsen, Meiningsen, Müllingsen, Ostönnen, Paradiese, Röllingsen, Ruploh, Thöningsen Nordrhein-Westfalen",Fachinformatiker/-in Systemintegration/ Anwendungsentwicklung,"910 €, 960 €, 1.060 €",,Ausbildung | Fachinformatiker/-in Systemintegration/ Anwendungsentwicklung,ae,Azubiyo ist eines der größten deutschen Ausbildungsportale mit einem breiten Angebot an freien Ausbildungs- und Dualen Studienplätzen. Mit unserem einzigartigen Matching-Verfahren bringen wir Bewerber und Unternehmen passgenau zusammen. Neben dem Stellenmarkt informiert das Portal zu allen Themen rund um Berufswahl und Bewerbung. Die Ausbildungsjobbörse gehört zur Dachmarke FUNKE Works.,,,,empty,,https://www.azubiyo.de/unterrichtsmaterial/arbeitshefte/berufswahl-bewerbung/,https://www.azubiyo.de/unterrichtsmaterial/arbeitshefte/berufswahl-bewerbung/,https://www.azubiyo.de/unterrichtsmaterial/arbeitshefte/berufswahl-bewerbung/,externe,,,,azubiyo_de,https://www.azubiyo.de/stellenanzeigen/fachinformatiker-in-systemintegration-anwendungsen_also-deutschland_53a6g518/,False,,53,,,,2026-06-12T09:54:09.082860+00:00
AZUB-1gg1g1g7,azubiyo_de_ae,Azubiyo,,Stuttgart,Naststraße 11 70376 Stuttgart Baden-Württemberg,"Fachinformatiker/in

Das bringst du mit
Zugangs­vor­aus­set­zung ist min­des­tens der Mitt­lere Bil­dungs­ab­schluss. Opti­mal wäre es, wenn du schon bereits Com­pu­ter- und Eng­lisch­kennt­nisse mit­bringst. Zusätz­lich sind abs­trak­tes und logi­sches Den­ken wün­schens­wert.
Inves­ti­tion in deine Zukunft
Die gebüh­ren­pflich­tige Aus­bil­dung ist eine sinnvolle Inves­ti­tion in deine Zukunft. Wir unterstützen dich dabei, per­sön­li­che Kom­pe­ten­zen zu ent­wi­ckeln, um deine Kar­riere als Fach­in­for­ma­ti­ker/in erfolg­reich zu star­ten.",,"Das bringst du mit
Zugangs­vor­aus­set­zung ist min­des­tens der Mitt­lere Bil­dungs­ab­schluss. Opti­mal wäre es, wenn du schon bereits Com­pu­ter- und Eng­lisch­kennt­nisse mit­bringst. Zusätz­lich sind abs­trak­tes und logi­sches Den­ken wün­schens­wert.
Inves­ti­tion in deine Zukunft
Die gebüh­ren­pflich­tige Aus­bil­dung ist eine sinnvolle Inves­ti­tion in deine Zukunft. Wir unterstützen dich dabei, per­sön­li­che Kom­pe­ten­zen zu ent­wi­ckeln, um deine Kar­riere als Fach­in­for­ma­ti­ker/in erfolg­reich zu star­ten.",Ausbildung | Fachinformatiker/in,ae,Azubiyo ist eines der größten deutschen Ausbildungsportale mit einem breiten Angebot an freien Ausbildungs- und Dualen Studienplätzen. Mit unserem einzigartigen Matching-Verfahren bringen wir Bewerber und Unternehmen passgenau zusammen. Neben dem Stellenmarkt informiert das Portal zu allen Themen rund um Berufswahl und Bewerbung. Die Ausbildungsjobbörse gehört zur Dachmarke FUNKE Works.,,,,empty,,https://www.azubiyo.de/stellenanzeigen/1GG1G1G7/bewerben/,https://www.azubiyo.de/stellenanzeigen/1GG1G1G7/bewerben/,https://www.azubiyo.de/stellenanzeigen/1GG1G1G7/bewerben/,externe,,,,azubiyo_de,https://www.azubiyo.de/stellenanzeigen/fachinformatiker-in_macromedia_1gg1g1g7/,False,,53,,,,2026-06-12T09:54:13.296229+00:00
AZUB-a5eg99a9,azubiyo_de_ae,Azubiyo,,Unterföhring,85774 Unterföhring Bayern,Ausbildung zum Fachinformatiker mit Schwerpunkt Anwendungsentwicklung (m/w/d) in Unterföhring (2026),,,Ausbildung | zum Fachinformatiker mit Schwerpunkt Anwendungsentwicklung (m/w/d) in Unterföhring (2026),ae,Azubiyo ist eines der größten deutschen Ausbildungsportale mit einem breiten Angebot an freien Ausbildungs- und Dualen Studienplätzen. Mit unserem einzigartigen Matching-Verfahren bringen wir Bewerber und Unternehmen passgenau zusammen. Neben dem Stellenmarkt informiert das Portal zu allen Themen rund um Berufswahl und Bewerbung. Die Ausbildungsjobbörse gehört zur Dachmarke FUNKE Works.,,,,empty,,https://www.azubiyo.de/stellenanzeigen/A5EG99A9/bewerben/,https://www.azubiyo.de/stellenanzeigen/A5EG99A9/bewerben/,https://www.azubiyo.de/stellenanzeigen/A5EG99A9/bewerben/,externe,,"Dafür brauchen wir Deinen Lebenslauf, Deine beiden letzten Zeugnisse und ein Anschreiben. Lade alle Deine Bewerbungsunterlagen unter dem Button ""Dokument"" in PDF-Format zusammengefügt hoch.
Du möchtest persönlicher punkten als mit einem Anschreiben? Dann präsentiere Dich stattdessen mit einem kurzen Handy-Video. Sag uns in 60 bis 90 Sekunden:
- Wer bist Du?
- Wofür bewirbst Du Dich?
- Was macht Dich aus und was tust Du gerne?
Lade Dein Video auf YouTube, Vimeo oder eine ähnliche Plattform hoch und füg den Link in Deinen Lebenslauf ein.
Haben wir Deine Bewerbung bekommen, geht‘s im besten Fall so weiter:Erhalt Deiner Bewerbung->Prüfung der Unterlagen->Eignungstest->Einladung zum Gespräch->Dein Start bei uns!
Deine Karriere beginnt jetzt. Sie beginnt mit Vodafone. Sei dabei und lass uns gemeinsam die Welt von morgen gestalten. Mit unserer Technologie, mit Deiner Energie, für eine bessere Zukunft. Das hast Du Dir verdient:
1. Ausbildungsjahr: 1.242,00 € pro Monat
2. Ausbildungsjahr: 1.358,00 € pro Monat
3. Ausbildungsjahr: 1.468,00 € pro Monat
+ 90 € monatlich für Deine privaten Handy- und Internetverträge
+ Zuschüsse zu Fahrtkosten, Lehrmitteln und Verpflegung
Deine weiteren Vorteile bei uns:
- Flexibles Arbeiten Hybrid Working ermöglicht Dir die Arbeit im Büro und aus dem Homeoffice. Zusätzlich kannst Du bis zu 20 Tage pro Jahr im EU-Ausland sowie in immer mehr Nicht-EU-Ländern arbeiten.
- Laptop & Homeoffice-Ausstattung Du bekommst von uns Dienst-Handy und -Laptop und eine komplette Ausstattung für Dein Homeoffice mit Internet, Schreibtischstuhl, Bildschirm, Kopfhörern und so weiter.
- Vodafone Spirit Sneaker statt Lederschuhe. Zusammenarbeiten auf Augenhöhe statt Hierarchie-Denken. Das ist unser Spirit - neugierig, leidenschaftlich und vertrauensvoll.",,azubiyo_de,https://www.azubiyo.de/stellenanzeigen/ausbildung-zum-fachinformatiker-mit-schwerpunkt-an_vodafone_a5eg99a9/,False,,53,,,,2026-06-12T09:52:40.982209+00:00
AZUB-55f3gfg8,azubiyo_de_ae,Azubiyo,,"Wildeshausen, Aldrup, Denghausen, Düngstrup, Garmhausen, Hesterhöge, Lohmühle, Lüerte, Pestrup, Thölstedt","Am Spascher See 2 27793 Wildeshausen, Aldrup, Denghausen, Düngstrup, Garmhausen, Hesterhöge, Lohmühle, Lüerte, Pestrup, Thölstedt Niedersachsen",Ausbildung Fachinformatiker Anwendungsentwicklung (m/w/d),"950 €, 1.050 €, 1.150 €",,Ausbildung | Fachinformatiker Anwendungsentwicklung (m/w/d),ae,Azubiyo ist eines der größten deutschen Ausbildungsportale mit einem breiten Angebot an freien Ausbildungs- und Dualen Studienplätzen. Mit unserem einzigartigen Matching-Verfahren bringen wir Bewerber und Unternehmen passgenau zusammen. Neben dem Stellenmarkt informiert das Portal zu allen Themen rund um Berufswahl und Bewerbung. Die Ausbildungsjobbörse gehört zur Dachmarke FUNKE Works.,,,,empty,,https://www.azubiyo.de/stellenanzeigen/55F3GFG8/bewerben/,https://www.azubiyo.de/stellenanzeigen/55F3GFG8/bewerben/,https://www.azubiyo.de/stellenanzeigen/55F3GFG8/bewerben/,externe,,,,azubiyo_de,https://www.azubiyo.de/stellenanzeigen/ausbildung-fachinformatiker-anwendungsentwicklung-_hoffrogge_55f3gfg8/,False,,53,,,,2026-06-12T09:49:38.530887+00:00
AZUB-2afeee9a,azubiyo_de_ae,Azubiyo,,,,"Deine Aufgaben
Du erfährst als Fachinformatiker (m/w/d) in der Fachrichtung Anwendungsentwicklung alles über die Entwicklung und den Betrieb von modernen Softwareanwendungen.
Du wirst aktiv in die großen Softwareprojekte für die Zukunft eingebunden!
Du bekommst darüber hinaus Einblicke in die Themen IT-Sicherheit, Datenbanken, Netzwerke und Betriebssysteme.
Du konzipierst, realisierst, testest und wartest die Schwarz Gruppe übergreifenden Anwendungen und kannst dich hier auch immer weiterbilden.
Du eignest dir ein tiefes Verständnis moderner Programmiersprachen wie Go, Kotlin (Java), JavaScript (TypeScript) und Python an. Dabei arbeitest am Tagesgeschäft und Produkten mit und bist Teil der Software-Engineering Community.

Dein Profil
Du hast die Mittlere Reife mit guten Noten insbesondere in Mathematik, Informatik und naturwissenschaftlichen Fächern abgeschlossen.
Du hast Interesse am Digitalen Wandel und kannst dich dafür begeistern.
Du arbeitest strukturiert, verantwortungsbewusst und zuverlässig, hast Spaß am Lernen und bist offen für Neues.
Du hast große Freude im Team zusammenzuarbeiten und dein Wissen zu teilen. Dabei bringst du gerne eigene Ideen mit und möchtest aktiv mitwirken.
Du hast bereits erste Erfahrungen mit Programmiersprachen und hast idealerweise deinen ersten Programmierkurs belegt.
Jetzt bewerben
Ausbildungsvergütung
1. Jahr: 1.250 €
2. Jahr: 1.350 €
3. Jahr: 1.500 €

Deine Vorteile
Hohe Über­nah­me­quote
Men­to­ren­pro­gramm
Betr. Alters­vor­sorge
Kantine
Events
Flexible Arbeitszeit
Park­plätze
Barriere­frei­heit
Ge­sund­heits­maß­nah­men
Fit­ness­stu­dio
Han­dy / Tab­let / Note­book
Kostenloses WLAN
Möglichkeit Homeoffice
Mobiles Arbeiten
El­tern-Kind-Zim­mer
Jetzt bewerben
Bitte nenne bei deiner Bewerbung die Referenz-Nr: 1536 Kopieren
Übereinstimmung mit deinen Stärken & Wünschen: ?
ohne Matching
mit Matching
Das wird von dir erwartet:
Besonders hilfreiche Stärken
Analytische Fähigkeiten
Geforderte Schulleistungen
Schulabschluss: Mittlere Reife
Abschlussnote: Beliebiger Notendurchschnitt
Mathematik: Beliebiger Notendurchschnitt
Deutsch: Beliebiger Notendurchschnitt
Englisch: Beliebiger Notendurchschnitt
Hilfreiche schulische Interessen
Naturwissenschaften, IT, Technik (MINT)
Das kommt auf dich zu:
Arbeitsumfeld
Büro
Mögliche Arbeitszeitmodelle
flexible Zeiten, Gleitzeit
Reisetätigkeit
Keine Dienstreisen oder nur in Ausnahmefällen","1.250 €, 1.350 €, 1.500 €","Dein Profil
Du hast die Mittlere Reife mit guten Noten insbesondere in Mathematik, Informatik und naturwissenschaftlichen Fächern abgeschlossen.
Du hast Interesse am Digitalen Wandel und kannst dich dafür begeistern.
Du arbeitest strukturiert, verantwortungsbewusst und zuverlässig, hast Spaß am Lernen und bist offen für Neues.
Du hast große Freude im Team zusammenzuarbeiten und dein Wissen zu teilen. Dabei bringst du gerne eigene Ideen mit und möchtest aktiv mitwirken.
Du hast bereits erste Erfahrungen mit Programmiersprachen und hast idealerweise deinen ersten Programmierkurs belegt.
Jetzt bewerben
Ausbildungsvergütung
1. Jahr: 1.250 €
2. Jahr: 1.350 €
3. Jahr: 1.500 €",,ae,Azubiyo ist eines der größten deutschen Ausbildungsportale mit einem breiten Angebot an freien Ausbildungs- und Dualen Studienplätzen. Mit unserem einzigartigen Matching-Verfahren bringen wir Bewerber und Unternehmen passgenau zusammen. Neben dem Stellenmarkt informiert das Portal zu allen Themen rund um Berufswahl und Bewerbung. Die Ausbildungsjobbörse gehört zur Dachmarke FUNKE Works.,"Deine Vorteile
Hohe Über­nah­me­quote
Men­to­ren­pro­gramm
Betr. Alters­vor­sorge
Kantine
Events
Flexible Arbeitszeit
Park­plätze
Barriere­frei­heit
Ge­sund­heits­maß­nah­men
Fit­ness­stu­dio
Han­dy / Tab­let / Note­book
Kostenloses WLAN
Möglichkeit Homeoffice
Mobiles Arbeiten
El­tern-Kind-Zim­mer
Jetzt bewerben
Bitte nenne bei deiner Bewerbung die Referenz-Nr: 1536 Kopieren
Übereinstimmung mit deinen Stärken & Wünschen: ?
ohne Matching
mit Matching
Das wird von dir erwartet:
Besonders hilfreiche Stärken
Analytische Fähigkeiten
Geforderte Schulleistungen
Schulabschluss: Mittlere Reife
Abschlussnote: Beliebiger Notendurchschnitt
Mathematik: Beliebiger Notendurchschnitt
Deutsch: Beliebiger Notendurchschnitt
Englisch: Beliebiger Notendurchschnitt
Hilfreiche schulische Interessen
Naturwissenschaften, IT, Technik (MINT)
Das kommt auf dich zu:
Arbeitsumfeld
Büro
Mögliche Arbeitszeitmodelle
flexible Zeiten, Gleitzeit
Reisetätigkeit
Keine Dienstreisen oder nur in Ausnahmefällen",,,empty,,https://www.azubiyo.de/stellenanzeigen/2AFEEE9A/bewerben/,https://www.azubiyo.de/stellenanzeigen/2AFEEE9A/bewerben/,https://www.azubiyo.de/stellenanzeigen/2AFEEE9A/bewerben/,externe,,,,azubiyo_de,https://www.azubiyo.de/stellenanzeigen/ausbildung-zum-fachinformatiker-fuer-anwendungsent_schwarz-digits_2afeee9a/,False,,47,,,,2026-06-12T09:51:46.827186+00:00
AZUB-d1efg794,azubiyo_de_ae,Azubiyo,,Berlin,Juliusstr. 2 12051 Berlin Berlin,Fachinformatiker*in Anwendungsentwicklung,,,Ausbildung | Fachinformatiker*in Anwendungsentwicklung,ae,Azubiyo ist eines der größten deutschen Ausbildungsportale mit einem breiten Angebot an freien Ausbildungs- und Dualen Studienplätzen. Mit unserem einzigartigen Matching-Verfahren bringen wir Bewerber und Unternehmen passgenau zusammen. Neben dem Stellenmarkt informiert das Portal zu allen Themen rund um Berufswahl und Bewerbung. Die Ausbildungsjobbörse gehört zur Dachmarke FUNKE Works.,,,,empty,,https://www.azubiyo.de/stellenanzeigen/D1EFG794/bewerben/,https://www.azubiyo.de/stellenanzeigen/D1EFG794/bewerben/,https://www.azubiyo.de/stellenanzeigen/D1EFG794/bewerben/,externe,,,,azubiyo_de,https://www.azubiyo.de/stellenanzeigen/fachinformatikerin-anwendungsentwicklung_gpb-gesellschaft-personal-bildung_d1efg794/,False,,47,,,,2026-06-12T09:54:39.785651+00:00
AZUB-8fbb81f5,azubiyo_de_ae,Azubiyo,,Mülheim an der Ruhr,Wasserstraße 3-7 45468 Mülheim an der Ruhr Nordrhein-Westfalen,Ausbildung Fachinformatiker*in - Anwendungsentwicklung (all genders!) 2026,,,Ausbildung | Fachinformatiker*in - Anwendungsentwicklung (all genders!) 2026,ae,Azubiyo ist eines der größten deutschen Ausbildungsportale mit einem breiten Angebot an freien Ausbildungs- und Dualen Studienplätzen. Mit unserem einzigartigen Matching-Verfahren bringen wir Bewerber und Unternehmen passgenau zusammen. Neben dem Stellenmarkt informiert das Portal zu allen Themen rund um Berufswahl und Bewerbung. Die Ausbildungsjobbörse gehört zur Dachmarke FUNKE Works.,,,,empty,,https://www.azubiyo.de/stellenanzeigen/8FBB81F5/bewerben/,https://www.azubiyo.de/stellenanzeigen/8FBB81F5/bewerben/,https://www.azubiyo.de/stellenanzeigen/8FBB81F5/bewerben/,externe,,,,azubiyo_de,https://www.azubiyo.de/stellenanzeigen/ausbildung-fachinformatikerin-anwendungsentwicklun_mibsag_8fbb81f5/,False,,47,,,,2026-06-12T09:50:47.620981+00:00
AZUB-cc37815e,azubiyo_de_ae,Azubiyo,,München,Leopoldstraße 37a 80802 München Bayern,"Ausbildung zum Fachinformatiker (all genders) im Bereich Anwendungsentwicklung

Das erwartet Dich
- Eine Ausbildung in Kooperation mit der IHK München und Oberbayern mit sehr guten Übernahmechancen nach Abschluss
- Du erlernst bei uns Programmieren & Softwareentwicklung sowie die Anwendung verschiedener Programmiersprachen (u.a. ABAP, JavaScript, SAPUI5)
- Auch bekommst Du Einblicke in Infrastruktur- und IT-Security-Themen
- Spannende Projekte bei namhaften Kunden rund um das Thema Personal
- Durch Training on the job, unser Mentorenprogramm sowie externe & interne Schulungen erlangst Du wertvolles IT Know-how und sicherst Dir beste Berufschancen",,,Ausbildung | zum Fachinformatiker (all genders) im Bereich Anwendungsentwicklung,ae,Azubiyo ist eines der größten deutschen Ausbildungsportale mit einem breiten Angebot an freien Ausbildungs- und Dualen Studienplätzen. Mit unserem einzigartigen Matching-Verfahren bringen wir Bewerber und Unternehmen passgenau zusammen. Neben dem Stellenmarkt informiert das Portal zu allen Themen rund um Berufswahl und Bewerbung. Die Ausbildungsjobbörse gehört zur Dachmarke FUNKE Works.,,,,empty,,https://www.azubiyo.de/stellenanzeigen/CC37815E/bewerben/,https://www.azubiyo.de/stellenanzeigen/CC37815E/bewerben/,https://www.azubiyo.de/stellenanzeigen/CC37815E/bewerben/,externe,,,,azubiyo_de,https://www.azubiyo.de/stellenanzeigen/ausbildung-zum-fachinformatiker-all-genders-im-ber_projekt0708_cc37815e/,False,,47,,,,2026-06-12T09:51:09.825370+00:00
AZUB-3f3285a2,azubiyo_de_ae,Azubiyo,,Stuttgart,Magirusstr. 13 70469 Stuttgart Baden-Württemberg,Fachinformatiker (m/w) für Anwendungsentwicklung (m/w/d),,,Ausbildung | Fachinformatiker (m/w) für Anwendungsentwicklung (m/w/d),ae,Azubiyo ist eines der größten deutschen Ausbildungsportale mit einem breiten Angebot an freien Ausbildungs- und Dualen Studienplätzen. Mit unserem einzigartigen Matching-Verfahren bringen wir Bewerber und Unternehmen passgenau zusammen. Neben dem Stellenmarkt informiert das Portal zu allen Themen rund um Berufswahl und Bewerbung. Die Ausbildungsjobbörse gehört zur Dachmarke FUNKE Works.,,,,empty,,https://www.azubiyo.de/stellenanzeigen/3F3285A2/bewerben/,https://www.azubiyo.de/stellenanzeigen/3F3285A2/bewerben/,https://www.azubiyo.de/stellenanzeigen/3F3285A2/bewerben/,externe,,,,azubiyo_de,https://www.azubiyo.de/stellenanzeigen/fachinformatiker-m-w-fuer-anwendungsentwicklung-m-_viastore-systems_3f3285a2/,False,,47,,,,2026-06-12T09:54:29.019650+00:00
AZUB-223g3ge8,azubiyo_de_ae,Azubiyo,,,,"Die LQ Group ist ein Systemlieferant für elektromechanische Ausrüstungen im Maschinen- und Anlagenbau. Wir bieten unseren Kunden Lösungen in den Bereichen Engineering, Steuerungstechnik, Installationstechnik, Logistik und Service. Die LQ Mechatronik-Systeme GmbH ist ein mittelständisches Unternehmen, dessen engagierte Mitarbeiter sich tagtäglich mit einem Optimum an Qualität und Wirtschaftlichkeit für die Kunden einsetzen – weltweit.
Zum Ausbildungsbeginn am 01. September 2026 suchen wir Auszubildende zum:
Fachinformatiker (m/w/d) für Anwendungsentwicklung
Ihre Ausbildungsinhalte:
Grundlagen der Durchführung von IT Projekten
Entwickeln, Erstellen und Inbetriebnehmen von IT Lösungen
Analyse von Geschäftsprozessen und Abstimmung mit Kunden
Grundlagen des IT Projektmanagements
Qualitätssicherung in IT Projekten
IT Sicherheit
Grundlagen des IT Service
Ihre Qualifikation:
Mindestens einen guten Bildungsabschluss der Real- oder Wirtschaftsschule
Begeisterung für Informatik/Informationstechnologie
Interesse an Mathematik
Gute PC Kenntnisse (MS Office)
Idealerweise erste Programmiererfahrung
Ihre Stärken: Sorgfältige Arbeitsweise,
Selbstständigkeit, Teamfähigkeit und
Lernbereitschaft
Unser Angebot:
Individuelle Betreuung und Ausbildungsbegleitung durch einen erfahrenen Ausbilder, positive Lernatmosphäre
Ausgezeichnete Übernahmechancen, da wir für unseren eigenen Bedarf ausbilden
Möglichkeit eines Auslandsaufenthaltes an unseren internationalen Standorten
Eigener Laptop, Mitarbeiterparkplätze, 30 Tage Urlaub
Zuschuss für Mittagessen, Massageangebot, Gesundheitskurse im Unternehmen
Jahrgangsübergreifende Teamevents für Azubis
Möglichkeit zur Weiterqualifikation nach der Ausbildung
Jetzt bewerben
Azubiyo Gehaltsprognose
1. Jahr: 1.102 €
2. Jahr: 1.169 €
3. Jahr: 1.253 €
Deine Vorteile
Weiter­bildung
Hohe Über­nah­me­quote
Betr. Alters­vor­sorge
Events
Flexible Arbeitszeit
(Optionaler) Auslandsaufenthalt
Rabatte
Park­plätze
Ge­sund­heits­maß­nah­men
Fahrt­kosten­zu­schuss
Vermögens­wirksame Leistungen
Han­dy / Tab­let / Note­book
Möglichkeit Homeoffice
Kantine
Kostenloses WLAN
Jetzt bewerben
Bitte nenne bei deiner Bewerbung die Referenz-Nr: AZY-223G3GE8 Kopieren
LQ Mechatronik-Systeme GmbH
Bilder & Videos
Über den Ausbildungsbetrieb
Übereinstimmung mit deinen Stärken & Wünschen: ?
ohne Matching
mit Matching
Das wird von dir erwartet:
Besonders hilfreiche Stärken
Analytische Fähigkeiten
Sorgfalt & Genauigkeit
Weitere nützliche Stärken
Eigeninitiative und Entscheidungsfreude
Überzeugungsfähigkeit
Geforderte Schulleistungen
Schulabschluss: Mittlere Reife
Abschlussnote: gut
Mathematik: gut
Deutsch: gut
Englisch: gut
Hilfreiche schulische Interessen
Naturwissenschaften, IT, Technik (MINT)
Das kommt auf dich zu:
Arbeitsumfeld
Büro
Mögliche Arbeitszeitmodelle
flexible Zeiten, Gleitzeit
Reisetätigkeit
Keine Dienstreisen oder nur in Ausnahmefällen
Besondere Arbeitsumstände
häufige inhaltliche Abwechslung",,,,ae,Azubiyo ist eines der größten deutschen Ausbildungsportale mit einem breiten Angebot an freien Ausbildungs- und Dualen Studienplätzen. Mit unserem einzigartigen Matching-Verfahren bringen wir Bewerber und Unternehmen passgenau zusammen. Neben dem Stellenmarkt informiert das Portal zu allen Themen rund um Berufswahl und Bewerbung. Die Ausbildungsjobbörse gehört zur Dachmarke FUNKE Works.,"Die LQ Group ist ein Systemlieferant für elektromechanische Ausrüstungen im Maschinen- und Anlagenbau. Wir bieten unseren Kunden Lösungen in den Bereichen Engineering, Steuerungstechnik, Installationstechnik, Logistik und Service. Die LQ Mechatronik-Systeme GmbH ist ein mittelständisches Unternehmen, dessen engagierte Mitarbeiter sich tagtäglich mit einem Optimum an Qualität und Wirtschaftlichkeit für die Kunden einsetzen – weltweit.
Zum Ausbildungsbeginn am 01. September 2026 suchen wir Auszubildende zum:
Fachinformatiker (m/w/d) für Anwendungsentwicklung
Ihre Ausbildungsinhalte:
Grundlagen der Durchführung von IT Projekten
Entwickeln, Erstellen und Inbetriebnehmen von IT Lösungen
Analyse von Geschäftsprozessen und Abstimmung mit Kunden
Grundlagen des IT Projektmanagements
Qualitätssicherung in IT Projekten
IT Sicherheit
Grundlagen des IT Service
Ihre Qualifikation:
Mindestens einen guten Bildungsabschluss der Real- oder Wirtschaftsschule
Begeisterung für Informatik/Informationstechnologie
Interesse an Mathematik
Gute PC Kenntnisse (MS Office)
Idealerweise erste Programmiererfahrung
Ihre Stärken: Sorgfältige Arbeitsweise,
Selbstständigkeit, Teamfähigkeit und
Lernbereitschaft
Unser Angebot:
Individuelle Betreuung und Ausbildungsbegleitung durch einen erfahrenen Ausbilder, positive Lernatmosphäre
Ausgezeichnete Übernahmechancen, da wir für unseren eigenen Bedarf ausbilden
Möglichkeit eines Auslandsaufenthaltes an unseren internationalen Standorten
Eigener Laptop, Mitarbeiterparkplätze, 30 Tage Urlaub
Zuschuss für Mittagessen, Massageangebot, Gesundheitskurse im Unternehmen
Jahrgangsübergreifende Teamevents für Azubis
Möglichkeit zur Weiterqualifikation nach der Ausbildung
Jetzt bewerben
Azubiyo Gehaltsprognose
1. Jahr: 1.102 €
2. Jahr: 1.169 €
3. Jahr: 1.253 €
Deine Vorteile
Weiter­bildung
Hohe Über­nah­me­quote
Betr. Alters­vor­sorge
Events
Flexible Arbeitszeit
(Optionaler) Auslandsaufenthalt
Rabatte
Park­plätze
Ge­sund­heits­maß­nah­men
Fahrt­kosten­zu­schuss
Vermögens­wirksame Leistungen
Han­dy / Tab­let / Note­book
Möglichkeit Homeoffice
Kantine
Kostenloses WLAN
Jetzt bewerben
Bitte nenne bei deiner Bewerbung die Referenz-Nr: AZY-223G3GE8 Kopieren
LQ Mechatronik-Systeme GmbH
Bilder & Videos
Über den Ausbildungsbetrieb
Übereinstimmung mit deinen Stärken & Wünschen: ?
ohne Matching
mit Matching
Das wird von dir erwartet:
Besonders hilfreiche Stärken
Analytische Fähigkeiten
Sorgfalt & Genauigkeit
Weitere nützliche Stärken
Eigeninitiative und Entscheidungsfreude
Überzeugungsfähigkeit
Geforderte Schulleistungen
Schulabschluss: Mittlere Reife
Abschlussnote: gut
Mathematik: gut
Deutsch: gut
Englisch: gut
Hilfreiche schulische Interessen
Naturwissenschaften, IT, Technik (MINT)
Das kommt auf dich zu:
Arbeitsumfeld
Büro
Mögliche Arbeitszeitmodelle
flexible Zeiten, Gleitzeit
Reisetätigkeit
Keine Dienstreisen oder nur in Ausnahmefällen
Besondere Arbeitsumstände
häufige inhaltliche Abwechslung",,,empty,,https://www.azubiyo.de/stellenanzeigen/223G3GE8/bewerben/,https://www.azubiyo.de/stellenanzeigen/223G3GE8/bewerben/,https://www.azubiyo.de/stellenanzeigen/223G3GE8/bewerben/,externe,,,,azubiyo_de,https://www.azubiyo.de/stellenanzeigen/fachinformatiker-m-w-d-fuer-anwendungsentwicklung_lq-mechatronik-systeme_223g3ge8/,False,,33,,,,2026-06-12T09:54:20.737279+00:00
AZUB-4d35faba,azubiyo_de_ae,Azubiyo,,"Dülmen, Daldrup, Dernekamp, Empte, Hausdülmen, Hiddingsel, Leuste, Merfeld, Mitwick, Rödder, Rorup, Weddern, Welte","Rödder 28 48249 Dülmen, Daldrup, Dernekamp, Empte, Hausdülmen, Hiddingsel, Leuste, Merfeld, Mitwick, Rödder, Rorup, Weddern, Welte Nordrhein-Westfalen",Ausbildung Fachinformatiker/in - Systemintegration 2026 (m/w/d),"1.205,59 €, 1.258,65 €, 1.337,47 €, 1.440,99 €",,Ausbildung | Fachinformatiker/in - Systemintegration 2026 (m/w/d),si,Azubiyo ist eines der größten deutschen Ausbildungsportale mit einem breiten Angebot an freien Ausbildungs- und Dualen Studienplätzen. Mit unserem einzigartigen Matching-Verfahren bringen wir Bewerber und Unternehmen passgenau zusammen. Neben dem Stellenmarkt informiert das Portal zu allen Themen rund um Berufswahl und Bewerbung. Die Ausbildungsjobbörse gehört zur Dachmarke FUNKE Works.,,,,empty,,https://www.azubiyo.de/stellenanzeigen/4D35FABA/bewerben/,https://www.azubiyo.de/stellenanzeigen/4D35FABA/bewerben/,https://www.azubiyo.de/stellenanzeigen/4D35FABA/bewerben/,externe,"Darüber hinaus bist du Ansprechpartner der Anwender bei auftretenden Problemen, und kommst so mit jeder Abteilung des Unternehmens in Kontakt.
Was wir erwarten:
- Interesse an mathematischen und technischen Zusammenhängen
- Spaß am Umgang mit IT-Systemen
- Sorgfalt und Genauigkeit
- Kommunikations- und Teamfähigkeit
- Kreativität bei der Entwicklung individueller Lösungen
- Gute Englischkenntnisse
- Mindestens Fachoberschulreife Was dich erwartet:
- Eine 3-jährige abwechslungsreiche Ausbildung
- Kompetente Ausbilder
- Kennenlernen aller Schnittstellen im Unternehmen
- Individuelle Betreuung
- Freiraum, sich zu entwickelnBewirb dich jetzt!
Werde Teil eines wachsenden Unternehmens mit internationalen Verbindungen und Standorten.
Starte deine berufliche Zukunft bei der Kordel Antriebstechnik GmbH.",,,azubiyo_de,https://www.azubiyo.de/stellenanzeigen/ausbildung-fachinformatiker-in-systemintegration-2_kordel-antriebstechnik_4d35faba/,False,,60,,,,2026-06-12T09:50:22.111335+00:00
AZUB-ce2f2eg9,azubiyo_de_ae,Azubiyo,,"Ulm, Donaustetten, Donautal, Einsingen, Gögglingen, Oberer Riedhof, Wiblingen","Ernst-Abbe-Straße 89079 Ulm, Donaustetten, Donautal, Einsingen, Gögglingen, Oberer Riedhof, Wiblingen Baden-Württemberg","Ausbildung zum/ zur Fachinformatiker:in für Systemintegration - 2026 (m/w/d)

#Gemeinsam Voran – Über 140 Jahren leben wir diese Philosophie bei der Noerpel-Gruppe. Als führender Logistikdienstleister in Deutschland liegt uns die individuelle Nachwuchsförderung am Herzen. Ob Studium oder Ausbildung - persönliche Betreuung, gezielte Schulungen und eine faire Feedbackkultur sind unsere Grundvoraussetzungen.
Werde auch Du Teil unseres starken Teams und beginne ab dem 1. September 2026 an unserem Standort Ulm eine
Ausbildung zum/ zur Fachinformatiker:in für Systemintegration - 2026 (m/w/d)
Fachinformatiker:innen (m/w/d) setzen fachspezifische Anforderungen in komplexe Hard- und Softwaresysteme um. Du analysierst, planst und realisierst informations- und telekommunikationstechnische Systeme. Für die fachliche Beratung, Betreuung und Schulung stehst du Kund:innen und Benutzer:innen zur Verfügung.
Deine Stärken sind
- Spaß am Umgang mit Computern und der neuesten Informationstechnik
- Ein gutes Zahlenverständnis und logisches Denkvermögen
- Organisationsgeschick, eine selbstständige Arbeitsweise und gute kommunikative Fähigkeiten
- Freude an der Arbeit im Team
- Gute EnglischkenntnisseUnd Du freust Dich auf
- Planung, Installation und Konfiguration von verschiedenen IT-Systemen
- Übernahme von verantwortungsvollen Aufgaben
- Ausbau und Überwachung des Firmennetzwerks
- Analysieren und Lösen von IT-Problemen
- Vernetzung verschiedener IT-Systeme in der gesamten Noerpel-GruppeDann bieten wir Dir gerne
- Einen Ausbildungsplatz mit interessanten und abwechslungsreichen Aufgaben in einer wachstumsstarken Branche
- Gelebten Teamgeist, flache Hierarchien und kurze Entscheidungswege
- Genügend Freiraum, um Verantwortung zu übernehmen und die eigenen Fähigkeiten aktiv einzubringen
- Hervorragende Karrierechancen in einem starken Team aus sympathischen Kollegen
- Gute Übernahmechancen
- Attraktive Benefits, wie u.a. ein Zuschuss zum JobTicket
- Kostenlose Parkplätze
- Betriebsmasseur
- Kostenloser Obstkorb und Wasser
- Regelmäßige Mitarbeiterevents wie Sommerfest, Weihnachtsfeier etc.
- Ehrungen und Präsent bei gutem Abschluss
- Ausflugmöglichkeiten z.B. Auslandsaustausch, Städtetrip mit der Schule
- Gute Erreichbarkeit mit ÖPVN
- Onboarding-Erlebnis-Teameventtag
- ""Azubis werben Azubis""-PrämieBeginn: 01.09.2026
Ausbildungsdauer: 3 Jahre, duales System
Voraussetzung: Mittlere Reife / Abitur
Interessiert?",,"#Gemeinsam Voran – Über 140 Jahren leben wir diese Philosophie bei der Noerpel-Gruppe. Als führender Logistikdienstleister in Deutschland liegt uns die individuelle Nachwuchsförderung am Herzen. Ob Studium oder Ausbildung - persönliche Betreuung, gezielte Schulungen und eine faire Feedbackkultur sind unsere Grundvoraussetzungen.
Werde auch Du Teil unseres starken Teams und beginne ab dem 1. September 2026 an unserem Standort Ulm eine
Ausbildung zum/ zur Fachinformatiker:in für Systemintegration - 2026 (m/w/d)
Fachinformatiker:innen (m/w/d) setzen fachspezifische Anforderungen in komplexe Hard- und Softwaresysteme um. Du analysierst, planst und realisierst informations- und telekommunikationstechnische Systeme. Für die fachliche Beratung, Betreuung und Schulung stehst du Kund:innen und Benutzer:innen zur Verfügung.
Deine Stärken sind
- Spaß am Umgang mit Computern und der neuesten Informationstechnik
- Ein gutes Zahlenverständnis und logisches Denkvermögen
- Organisationsgeschick, eine selbstständige Arbeitsweise und gute kommunikative Fähigkeiten
- Freude an der Arbeit im Team
- Gute EnglischkenntnisseUnd Du freust Dich auf
- Planung, Installation und Konfiguration von verschiedenen IT-Systemen
- Übernahme von verantwortungsvollen Aufgaben
- Ausbau und Überwachung des Firmennetzwerks
- Analysieren und Lösen von IT-Problemen
- Vernetzung verschiedener IT-Systeme in der gesamten Noerpel-GruppeDann bieten wir Dir gerne
- Einen Ausbildungsplatz mit interessanten und abwechslungsreichen Aufgaben in einer wachstumsstarken Branche
- Gelebten Teamgeist, flache Hierarchien und kurze Entscheidungswege
- Genügend Freiraum, um Verantwortung zu übernehmen und die eigenen Fähigkeiten aktiv einzubringen
- Hervorragende Karrierechancen in einem starken Team aus sympathischen Kollegen
- Gute Übernahmechancen
- Attraktive Benefits, wie u.a. ein Zuschuss zum JobTicket
- Kostenlose Parkplätze
- Betriebsmasseur
- Kostenloser Obstkorb und Wasser
- Regelmäßige Mitarbeiterevents wie Sommerfest, Weihnachtsfeier etc.
- Ehrungen und Präsent bei gutem Abschluss
- Ausflugmöglichkeiten z.B. Auslandsaustausch, Städtetrip mit der Schule
- Gute Erreichbarkeit mit ÖPVN
- Onboarding-Erlebnis-Teameventtag
- ""Azubis werben Azubis""-PrämieBeginn: 01.09.2026
Ausbildungsdauer: 3 Jahre, duales System
Voraussetzung: Mittlere Reife / Abitur
Interessiert?",Ausbildung | zum/ zur Fachinformatiker:in für Systemintegration - 2026 (m/w/d),si,Azubiyo ist eines der größten deutschen Ausbildungsportale mit einem breiten Angebot an freien Ausbildungs- und Dualen Studienplätzen. Mit unserem einzigartigen Matching-Verfahren bringen wir Bewerber und Unternehmen passgenau zusammen. Neben dem Stellenmarkt informiert das Portal zu allen Themen rund um Berufswahl und Bewerbung. Die Ausbildungsjobbörse gehört zur Dachmarke FUNKE Works.,,,,empty,,https://www.azubiyo.de/stellenanzeigen/CE2F2EG9/bewerben/,https://www.azubiyo.de/stellenanzeigen/CE2F2EG9/bewerben/,https://www.azubiyo.de/stellenanzeigen/CE2F2EG9/bewerben/,externe,,"Dann entscheide Dich für eine Zukunft mit echten Perspektiven und lass uns ab sofort GEMEINSAM VORAN gehen. Dafür sende uns bitte Deine aussagekräftigen Bewerbungsunterlagen über unser Online-Portal:
- Anschreiben
- Lebenslauf
- Zeugnisse (Schul- und Praktikumszeugnisse)Wir freuen uns auf Dich!
Ansprechperson
Justus Schmiese | Personalreferent | Tel.: +49 (0) 731 4005 1208
Noerpel SE | Personalabteilung | Ernst-Abbe-Straße 22 | 89079 Ulm",,azubiyo_de,https://www.azubiyo.de/stellenanzeigen/ausbildung-zum-zur-fachinformatikerin-fuer-systemi_noerpel_ce2f2eg9/,False,,60,2026,9,2026-09-01,2026-06-12T09:52:59.850883+00:00
AZUB-9688b75c,azubiyo_de_ae,Azubiyo,,Frankfurt am Main,Taunusanlage 60308 Frankfurt am Main Hessen,Ausbildung Fachinformatiker*in Systemintegration,"1.400 €, 1.470 €, 1.550 €",,Ausbildung | Fachinformatiker*in Systemintegration,si,Azubiyo ist eines der größten deutschen Ausbildungsportale mit einem breiten Angebot an freien Ausbildungs- und Dualen Studienplätzen. Mit unserem einzigartigen Matching-Verfahren bringen wir Bewerber und Unternehmen passgenau zusammen. Neben dem Stellenmarkt informiert das Portal zu allen Themen rund um Berufswahl und Bewerbung. Die Ausbildungsjobbörse gehört zur Dachmarke FUNKE Works.,,,,empty,,https://www.azubiyo.de/stellenanzeigen/9688B75C/bewerben/,https://www.azubiyo.de/stellenanzeigen/9688B75C/bewerben/,https://www.azubiyo.de/stellenanzeigen/9688B75C/bewerben/,externe,,,,azubiyo_de,https://www.azubiyo.de/stellenanzeigen/ausbildung-fachinformatikerin-systemintegration_deutsche-bank_9688b75c/,False,,53,,,,2026-06-12T09:50:57.031850+00:00
AZUB-3d41ec4c,azubiyo_de_ae,Azubiyo,,,,"Das erwartet dich
Grundlagen der Durchführung von IT-Projekten
Installieren und betreiben von IT-Systemen
Einsetzen von Hard- und Softwarekomponenten
Wartung und Pflege von Systemen
IT-Sicherheit
Grundlagen des IT-Service
Grundlagen der IT-Sicherheit

Das bringst du mit
Mindestens einen guten Bildungsabschluss der Real- oder Berufsfachschule
Begeisterung für Informatik/Informationstechnologie
Interesse an Mathematik
Gute PC-Kenntnisse (MS Office)
Technisches Verständnis und Handgeschick
Ihre Stärken: Sorgfältige Arbeitsweise,
Selbstständigkeit, Teamfähigkeit und
Unsere Benefits
Individuelle Betreuung durch erfahrene Ausbilder in einer positiven Lernatmosphäre.
Hervorragende Übernahmechancen, da wir für den eigenen Bedarf ausbilden.
Du erhältst einen eigenen Laptop; zudem stehen Mitarbeiterparkplätze sowie 30 Tage Urlaub zur Verfügung.
Es gibt diverse Zusatzleistungen wie Essenszuschüsse, Gesundheitskurse und Massageangebote im Unternehmen.
Jahrgangsübergreifende Teamevents für Auszubildende fördern den Austausch und das Arbeitsklima.
Nach deiner Ausbildung hast du verschiedene Möglichkeiten zur Weiterqualifikation und persönliche Entwicklung.
So bewirbst du dich
Bewirb dich ganz einfach online über Azubiyo. Wir freuen uns darauf, dich kennenzulernen und gemeinsam mit dir die ersten Schritte in eine vielversprechende berufliche Zukunft als Fachinformatiker (m/w/d) für Systemintegration zu gehen.
Jetzt bewerben
Azubiyo Gehaltsprognose
1. Jahr: 1.102 €
2. Jahr: 1.169 €
3. Jahr: 1.253 €

Deine Vorteile
Weiter­bildung
Hohe Über­nah­me­quote
Betr. Alters­vor­sorge
Events
Flexible Arbeitszeit
(Optionaler) Auslandsaufenthalt
Rabatte
Park­plätze
Ge­sund­heits­maß­nah­men
Fahrt­kosten­zu­schuss
Vermögens­wirksame Leistungen
Han­dy / Tab­let / Note­book
Möglichkeit Homeoffice
Kantine
Kostenloses WLAN
Jetzt bewerben
Bitte nenne bei deiner Bewerbung die Referenz-Nr: AZY-3D41EC4C Kopieren
LQ Mechatronik-Systeme GmbH
Bilder & Videos
Über den Ausbildungsbetrieb
Übereinstimmung mit deinen Stärken & Wünschen: ?
ohne Matching
mit Matching
Das wird von dir erwartet:
Besonders hilfreiche Stärken
Analytische Fähigkeiten
Sorgfalt & Genauigkeit
Weitere nützliche Stärken
Eigeninitiative und Entscheidungsfreude
Überzeugungsfähigkeit
Geforderte Schulleistungen
Schulabschluss: Mittlere Reife
Abschlussnote: gut - befriedigend
Mathematik: gut
Deutsch: befriedigend
Englisch: befriedigend
Hilfreiche schulische Interessen
Naturwissenschaften, IT, Technik (MINT)
Das kommt auf dich zu:
Arbeitsumfeld
Büro
Mögliche Arbeitszeitmodelle
flexible Zeiten, Gleitzeit
Reisetätigkeit
Keine Dienstreisen oder nur in Ausnahmefällen
Besondere Arbeitsumstände
häufige inhaltliche Abwechslung",,"Das bringst du mit
Mindestens einen guten Bildungsabschluss der Real- oder Berufsfachschule
Begeisterung für Informatik/Informationstechnologie
Interesse an Mathematik
Gute PC-Kenntnisse (MS Office)
Technisches Verständnis und Handgeschick
Ihre Stärken: Sorgfältige Arbeitsweise,
Selbstständigkeit, Teamfähigkeit und
Unsere Benefits
Individuelle Betreuung durch erfahrene Ausbilder in einer positiven Lernatmosphäre.
Hervorragende Übernahmechancen, da wir für den eigenen Bedarf ausbilden.
Du erhältst einen eigenen Laptop; zudem stehen Mitarbeiterparkplätze sowie 30 Tage Urlaub zur Verfügung.
Es gibt diverse Zusatzleistungen wie Essenszuschüsse, Gesundheitskurse und Massageangebote im Unternehmen.
Jahrgangsübergreifende Teamevents für Auszubildende fördern den Austausch und das Arbeitsklima.
Nach deiner Ausbildung hast du verschiedene Möglichkeiten zur Weiterqualifikation und persönliche Entwicklung.
So bewirbst du dich
Bewirb dich ganz einfach online über Azubiyo. Wir freuen uns darauf, dich kennenzulernen und gemeinsam mit dir die ersten Schritte in eine vielversprechende berufliche Zukunft als Fachinformatiker (m/w/d) für Systemintegration zu gehen.
Jetzt bewerben
Azubiyo Gehaltsprognose
1. Jahr: 1.102 €
2. Jahr: 1.169 €
3. Jahr: 1.253 €",,si,Azubiyo ist eines der größten deutschen Ausbildungsportale mit einem breiten Angebot an freien Ausbildungs- und Dualen Studienplätzen. Mit unserem einzigartigen Matching-Verfahren bringen wir Bewerber und Unternehmen passgenau zusammen. Neben dem Stellenmarkt informiert das Portal zu allen Themen rund um Berufswahl und Bewerbung. Die Ausbildungsjobbörse gehört zur Dachmarke FUNKE Works.,"Deine Vorteile
Weiter­bildung
Hohe Über­nah­me­quote
Betr. Alters­vor­sorge
Events
Flexible Arbeitszeit
(Optionaler) Auslandsaufenthalt
Rabatte
Park­plätze
Ge­sund­heits­maß­nah­men
Fahrt­kosten­zu­schuss
Vermögens­wirksame Leistungen
Han­dy / Tab­let / Note­book
Möglichkeit Homeoffice
Kantine
Kostenloses WLAN
Jetzt bewerben
Bitte nenne bei deiner Bewerbung die Referenz-Nr: AZY-3D41EC4C Kopieren
LQ Mechatronik-Systeme GmbH
Bilder & Videos
Über den Ausbildungsbetrieb
Übereinstimmung mit deinen Stärken & Wünschen: ?
ohne Matching
mit Matching
Das wird von dir erwartet:
Besonders hilfreiche Stärken
Analytische Fähigkeiten
Sorgfalt & Genauigkeit
Weitere nützliche Stärken
Eigeninitiative und Entscheidungsfreude
Überzeugungsfähigkeit
Geforderte Schulleistungen
Schulabschluss: Mittlere Reife
Abschlussnote: gut - befriedigend
Mathematik: gut
Deutsch: befriedigend
Englisch: befriedigend
Hilfreiche schulische Interessen
Naturwissenschaften, IT, Technik (MINT)
Das kommt auf dich zu:
Arbeitsumfeld
Büro
Mögliche Arbeitszeitmodelle
flexible Zeiten, Gleitzeit
Reisetätigkeit
Keine Dienstreisen oder nur in Ausnahmefällen
Besondere Arbeitsumstände
häufige inhaltliche Abwechslung",,,empty,,https://www.azubiyo.de/stellenanzeigen/3D41EC4C/bewerben/,https://www.azubiyo.de/stellenanzeigen/3D41EC4C/bewerben/,https://www.azubiyo.de/stellenanzeigen/3D41EC4C/bewerben/,externe,,,,azubiyo_de,https://www.azubiyo.de/stellenanzeigen/fachinformatiker-m-w-d-fuer-systemintegration_lq-mechatronik-systeme_3d41ec4c/,False,,40,,,,2026-06-12T09:54:25.868846+00:00
AZUB-1g626af2,azubiyo_de_ae,Azubiyo,,Solingen,Ahrstr. 1-7 42697 Solingen Nordrhein-Westfalen,"Ausbildung zum Fach­informatiker (m/w/d), Fachrichtung Anwendungs­entwicklung

Das bringst Du mit:

Wir bieten Dir:
- einen äußerst soliden Grundstein für eine qualifizierte berufliche Karriere in der IT
- eine Ausbildung in einem sehr netten, jungen Team und in einer sehr freundlichen Atmosphäre
- Arbeit in einem innovativen Haus mit genügend Raum für eigene Ideen
- hohe Übernahmechancen bei guten Leistungen während der Ausbildung
- eine an den Tarifen der Metall- und Elektroindustrie angelehnte Ausbildungsvergütung",,Das bringst Du mit:,"Ausbildung | zum Fach­informatiker (m/w/d), Fachrichtung Anwendungs­entwicklung",non_fi,Azubiyo ist eines der größten deutschen Ausbildungsportale mit einem breiten Angebot an freien Ausbildungs- und Dualen Studienplätzen. Mit unserem einzigartigen Matching-Verfahren bringen wir Bewerber und Unternehmen passgenau zusammen. Neben dem Stellenmarkt informiert das Portal zu allen Themen rund um Berufswahl und Bewerbung. Die Ausbildungsjobbörse gehört zur Dachmarke FUNKE Works.,"Wir bieten Dir:
- einen äußerst soliden Grundstein für eine qualifizierte berufliche Karriere in der IT
- eine Ausbildung in einem sehr netten, jungen Team und in einer sehr freundlichen Atmosphäre
- Arbeit in einem innovativen Haus mit genügend Raum für eigene Ideen
- hohe Übernahmechancen bei guten Leistungen während der Ausbildung
- eine an den Tarifen der Metall- und Elektroindustrie angelehnte Ausbildungsvergütung",,,empty,,https://www.azubiyo.de/stellenanzeigen/1G626AF2/bewerben/,https://www.azubiyo.de/stellenanzeigen/1G626AF2/bewerben/,https://www.azubiyo.de/stellenanzeigen/1G626AF2/bewerben/,externe,,"- eine Hochschul-/ Fachhochschulreife mit guten Zeugnisnoten in Mathematik und/ oder Informatik
- gute Noten in Englisch sind von Vorteil
- Engagement und Ehrgeiz durch besondere Aktivitäten im schulischen und/ oder außerschulischen Umfeld
- Teamfähigkeit, gute Umgangsformen und Kommunikationsfähigkeiten
- Interesse für IT-Themen durch die Beschäftigung mit Hard- und Software in der Schulzeit oder in der Freizeit (z.B. Erlernen einer Programmiersprache)
- bereits gesammelte berufsvorbereitende praktische Erfahrungen (z.B. im Rahmen eines Praktikums)
- einen gültigen PKW-Führerschein (Klasse B)
Gerne geben wir auch Bewerber*Innen mit Vorkenntnissen aus dem IT-Bereich eine Möglichkeit einzusteigen. Bitte sende uns Deine aussagekräftigen Unterlagen wie Lebenslauf, Anschreiben, Zeugnisse, gerne auch Arbeitsproben wie Referate, über unser Onlinebewerbungsportal zu.",,azubiyo_de,https://www.azubiyo.de/stellenanzeigen/ausbildung-zum-fachinformatiker-m-w-d-fachrichtung_bss-bohnenberg_1g626af2/,False,,67,,,,2026-06-12T09:52:05.875730+00:00
AZUB-2398a6gg,azubiyo_de_ae,Azubiyo,,,,"Deine Aufgaben
Du arbeitest in echten SAP-Projekten - von Design bis Go-Live.
Du entwickelst und erweiterst bestehende SAP-Prozesse.
Hierbei lernst du Programmiersprachen wie ABAP kennen und nutzt moderne SAP-Modelle (z.B. RAP)
Du arbeitest mit SAP S/4HANA und der SAP Business Technology Platform (BTP)
Du entwickelst Fiori-Anwendungen und Business-Logik (CDS / ABAP CDS)
Während der Ausbildung baust du ein fundierten Verständnisses für Geschäftsprozesse und Zusammenhänge auf.
Auch während der Ausbildung arbeitest du bereits mit Berater*innen, Entwickler*innen und Fachbereichen zusammen.

Dein Profil
Du bringst eine (Fach-) Hochschulreife mit. Vielleicht überlegst du gerade, ob dein Studium das Richtige für dich ist.
Wichtig sind dein Interesse an Technik und wirtschaftlichen Zusammenhängen.
Logisches Denken, Struktur und Genauigkeit bereiten dir Freude.
Du möchtest Dinge ganzheitlich verstehen und umsetzen.
Du handelst jederzeit verantwortungsbewusst und sorgfältig.
Begriffe wie ABAP/Fiori/S/4HANA sind für dich neu? Das macht nichts - wir bringen dir alles bei, was du wissen musst. Entscheidend sind deine Neugier, deine Motivation und dein Interesse.

Deine Vorteile
Weiter­bildung
Über­durch­schn. Ver­gü­tung
Hohe Über­nah­me­quote
Men­to­ren­pro­gramm
Betr. Alters­vor­sorge
Gute An­bin­dung
Kantine
Events
Flexible Arbeitszeit
Park­plätze
Ge­sund­heits­maß­nah­men
Vermögens­wirksame Leistungen
E-Lear­ning / On­line-Kur­se
Han­dy / Tab­let / Note­book
Nachhaltigkeit / Umweltschutz
Kostenloses WLAN
Möglichkeit Homeoffice
Mobiles Arbeiten
Lern­mit­tel­zu­schuss
Kin­der­be­treu­ung
Jetzt bewerben
Bitte nenne bei deiner Bewerbung die Referenz-Nr: AZY-2398A6GG Kopieren
SMF GmbH
Bilder & Videos
Über den Ausbildungsbetrieb
Übereinstimmung mit deinen Stärken & Wünschen: ?
ohne Matching
mit Matching
Das wird von dir erwartet:
Besonders hilfreiche Stärken
Neugierde und Lernbereitschaft
Sorgfalt & Genauigkeit
Weitere nützliche Stärken
Gestalterische Fähigkeiten
Eigeninitiative und Entscheidungsfreude
Geforderte Schulleistungen
Schulabschluss: Fachabitur
Abschlussnote: gut
Mathematik: gut
Deutsch: gut - befriedigend
Englisch: gut - befriedigend
Hilfreiche schulische Interessen
Naturwissenschaften, IT, Technik (MINT)
Das kommt auf dich zu:
Arbeitsumfeld
Büro
Mögliche Arbeitszeitmodelle
flexible Zeiten, Gleitzeit
Reisetätigkeit
Keine Dienstreisen oder nur in Ausnahmefällen
Besondere Arbeitsumstände
Unternehmen ist an Entwicklung von neuen Technologien beteiligt","1.150 €, 1.270 €, 1.390 €","Dein Profil
Du bringst eine (Fach-) Hochschulreife mit. Vielleicht überlegst du gerade, ob dein Studium das Richtige für dich ist.
Wichtig sind dein Interesse an Technik und wirtschaftlichen Zusammenhängen.
Logisches Denken, Struktur und Genauigkeit bereiten dir Freude.
Du möchtest Dinge ganzheitlich verstehen und umsetzen.
Du handelst jederzeit verantwortungsbewusst und sorgfältig.
Begriffe wie ABAP/Fiori/S/4HANA sind für dich neu? Das macht nichts - wir bringen dir alles bei, was du wissen musst. Entscheidend sind deine Neugier, deine Motivation und dein Interesse.",,non_fi,Azubiyo ist eines der größten deutschen Ausbildungsportale mit einem breiten Angebot an freien Ausbildungs- und Dualen Studienplätzen. Mit unserem einzigartigen Matching-Verfahren bringen wir Bewerber und Unternehmen passgenau zusammen. Neben dem Stellenmarkt informiert das Portal zu allen Themen rund um Berufswahl und Bewerbung. Die Ausbildungsjobbörse gehört zur Dachmarke FUNKE Works.,"Deine Vorteile
Weiter­bildung
Über­durch­schn. Ver­gü­tung
Hohe Über­nah­me­quote
Men­to­ren­pro­gramm
Betr. Alters­vor­sorge
Gute An­bin­dung
Kantine
Events
Flexible Arbeitszeit
Park­plätze
Ge­sund­heits­maß­nah­men
Vermögens­wirksame Leistungen
E-Lear­ning / On­line-Kur­se
Han­dy / Tab­let / Note­book
Nachhaltigkeit / Umweltschutz
Kostenloses WLAN
Möglichkeit Homeoffice
Mobiles Arbeiten
Lern­mit­tel­zu­schuss
Kin­der­be­treu­ung
Jetzt bewerben
Bitte nenne bei deiner Bewerbung die Referenz-Nr: AZY-2398A6GG Kopieren
SMF GmbH
Bilder & Videos
Über den Ausbildungsbetrieb
Übereinstimmung mit deinen Stärken & Wünschen: ?
ohne Matching
mit Matching
Das wird von dir erwartet:
Besonders hilfreiche Stärken
Neugierde und Lernbereitschaft
Sorgfalt & Genauigkeit
Weitere nützliche Stärken
Gestalterische Fähigkeiten
Eigeninitiative und Entscheidungsfreude
Geforderte Schulleistungen
Schulabschluss: Fachabitur
Abschlussnote: gut
Mathematik: gut
Deutsch: gut - befriedigend
Englisch: gut - befriedigend
Hilfreiche schulische Interessen
Naturwissenschaften, IT, Technik (MINT)
Das kommt auf dich zu:
Arbeitsumfeld
Büro
Mögliche Arbeitszeitmodelle
flexible Zeiten, Gleitzeit
Reisetätigkeit
Keine Dienstreisen oder nur in Ausnahmefällen
Besondere Arbeitsumstände
Unternehmen ist an Entwicklung von neuen Technologien beteiligt",,,empty,,https://www.azubiyo.de/stellenanzeigen/2398A6GG/bewerben/,https://www.azubiyo.de/stellenanzeigen/2398A6GG/bewerben/,https://www.azubiyo.de/stellenanzeigen/2398A6GG/bewerben/,externe,"Kontaktperson
Herr Marc Handel","Bitte reiche uns deine Bewerbungsunterlagen ausschließlich über unser Karriereportal ein.
Jetzt bewerben
Ausbildungsvergütung
1. Jahr: 1.150 €
2. Jahr: 1.270 €
3. Jahr: 1.390 €",,azubiyo_de,https://www.azubiyo.de/stellenanzeigen/ausbildung-fachinformatikerin-fuer-anwendungsentwi_smf_2398a6gg/,False,,60,,,,2026-06-12T09:50:53.963464+00:00
AZUB-6c11g762,azubiyo_de_ae,Azubiyo,,,,"Dein Profil
Schulisch: Fachhochschulreife, die allgemeine Hochschulreife oder einen vergleichbaren Abschluss mit guten Noten in Mathe
Persönlich: Gutes logisches Denkvermögen, Analyse- und Problemlösefähigkeit
Technisch: Idealerweise Grundkenntnisse einer objektorientierten Programmiersprache (vorzugsweise Delphi oder C#), sicherer Umgang mit Windows und Office- Programmen sowie Hardwaregrundkenntnisse
Arbeitsweise: Team- und Ergebnisorientiert, kommunikationsstark und flexibel
Sprache: Du sprichst sehr gut Deutsch und gutes Englisch
Ein Führerschein der Klasse B ist erforderlich
Du erfüllst nicht jede Anforderung? Kein Problem, bewirb Dich gerne trotzdem.
Für uns ist es wichtig, dass Du uns Deine Stärken zeigst und Dich auf Deiner Position weiterentwickeln kannst.

Deine Vorteile
Wir verbinden die Vorteile eines mittelständischen Unternehmens – wie persönliche Betreuung, ein starkes Teamgefühl und kurze Entscheidungswege – mit den Möglichkeiten eines Großkonzerns: modernste Technologien und internationale Kunden in einem stetig wachsenden Umfeld.
Wir unterstützen Dich individuell bei den Prüfungsvorbereitungen
An den Berufsschultagen herrscht im Anschluss keine Arbeitspflicht mehr
Vergünstigter Mittagstisch
Du erhältst eine attraktive Ausbildungsvergütung sowie Urlaubs- und Weihnachtsgeld, Jubiläumszahlungen
30 Tage Urlaub im Jahr und Sonderurlaub
Gemeinsame Veranstaltungen wie Azubistartertage und das jährliche Sommerfest mit der ganzen Familie
Business Bike
Betriebliche Altersversorgung sowie Vermögenswirksame Leistungen
Deine Rolle in unserem Team
Du arbeitest bei der Realisierung von Softwareprojekten im Bereich Intralogistik (Materialflussrechner, Lagerverwaltungsrechner, Transportleitsysteme) mit
Das Modifizieren bestehender Kundensysteme gehört zu Deinen Aufgaben
Die Mitarbeit bei der Projektierung von Anwendungen rundet Dein Aufgabengebiet ab
Du programmierst Dienste und GUI-Applikationen
Das Umgehen mit relationalen Datenbanksystemen zählt ebenfalls zu Deinem Tätigkeitsfeld
Du nimmst an der Inbetriebnahme entwickelter Programme teil
Du testest und dokumentierst die Software
Außerdem führst Du Anwenderschulungen durch
Dein Arbeitsumfeld
Du wirst von Anfang an herzlich ins Team aufgenommen und arbeitest eng mit anderen Auszubildenden zusammen. Die Lerninhalte der Berufsschule sind bei uns nicht nur abstrakte Theorie, sondern werden für Dich anhand vielfältiger Aufgaben greifbar gemacht.
Unser Azubistart bietet Dir die Möglichkeit bei einem drei-tägigen Event die Facetten des Körber Konzerns gemeinsam mit allen Azubis und Dualis Deines Jahrgangs zu erleben.
Als Mitglied der Young Körber Community kannst Du Dich mit anderen Azubis deutschlandweit vernetzen, Dein Wissen erweitern, und unsere Karriere Pioniere beim virtuellen Frühstück kennenlernen.
Auch nach Deiner Ausbildung unterstützen wir Dich dabei Deine Karriere aktiv zu gestalten und Deine Fähigkeiten weiter auszubauen.
Lerne Dein Arbeitsumfeld mit unserer Körber Xperience schon einmal virtuell kennen.
Deine Vorteile
Hohe Über­nah­me­quote
Betr. Alters­vor­sorge
Gute An­bin­dung
Events
Flexible Arbeitszeit
Park­plätze
Azubi-Frei­zei­ten
Ge­sund­heits­maß­nah­men
Events für Schü­ler / Stu­die­ren­de
E-Lear­ning / On­line-Kur­se
Alumni­netz­werk
Kostenloses WLAN
Jetzt bewerben
Bitte nenne bei deiner Bewerbung die Referenz-Nr: AZY-6C11G762 Kopieren
Körber
Bilder & Videos
Über den Ausbildungsbetrieb
Erfahrungen
Personalerinterview
Übereinstimmung mit deinen Stärken & Wünschen: ?
ohne Matching
mit Matching
Das wird von dir erwartet:
Besonders hilfreiche Stärken
Analytische Fähigkeiten
Neugierde und Lernbereitschaft
Sorgfalt & Genauigkeit
Geforderte Schulleistungen
Schulabschluss: Mittlere Reife
Abschlussnote: Beliebiger Notendurchschnitt
Mathematik: Beliebiger Notendurchschnitt
Deutsch: Beliebiger Notendurchschnitt
Englisch: Beliebiger Notendurchschnitt
Hilfreiche schulische Interessen
Naturwissenschaften, IT, Technik (MINT)
Werken, Kunst & Gestalten
Das kommt auf dich zu:
Arbeitsumfeld
Büro
Mögliche Arbeitszeitmodelle
flexible Zeiten, Gleitzeit
Reisetätigkeit
Keine Dienstreisen oder nur in Ausnahmefällen
Besondere Arbeitsumstände
Unternehmen ist an Entwicklung von neuen Technologien beteiligt
häufige inhaltliche Abwechslung","1.184,37 €, 1.245 €, 1.341,49 €","Dein Profil
Schulisch: Fachhochschulreife, die allgemeine Hochschulreife oder einen vergleichbaren Abschluss mit guten Noten in Mathe
Persönlich: Gutes logisches Denkvermögen, Analyse- und Problemlösefähigkeit
Technisch: Idealerweise Grundkenntnisse einer objektorientierten Programmiersprache (vorzugsweise Delphi oder C#), sicherer Umgang mit Windows und Office- Programmen sowie Hardwaregrundkenntnisse
Arbeitsweise: Team- und Ergebnisorientiert, kommunikationsstark und flexibel
Sprache: Du sprichst sehr gut Deutsch und gutes Englisch
Ein Führerschein der Klasse B ist erforderlich
Du erfüllst nicht jede Anforderung? Kein Problem, bewirb Dich gerne trotzdem.
Für uns ist es wichtig, dass Du uns Deine Stärken zeigst und Dich auf Deiner Position weiterentwickeln kannst.",,non_fi,Azubiyo ist eines der größten deutschen Ausbildungsportale mit einem breiten Angebot an freien Ausbildungs- und Dualen Studienplätzen. Mit unserem einzigartigen Matching-Verfahren bringen wir Bewerber und Unternehmen passgenau zusammen. Neben dem Stellenmarkt informiert das Portal zu allen Themen rund um Berufswahl und Bewerbung. Die Ausbildungsjobbörse gehört zur Dachmarke FUNKE Works.,"Deine Vorteile
Wir verbinden die Vorteile eines mittelständischen Unternehmens – wie persönliche Betreuung, ein starkes Teamgefühl und kurze Entscheidungswege – mit den Möglichkeiten eines Großkonzerns: modernste Technologien und internationale Kunden in einem stetig wachsenden Umfeld.
Wir unterstützen Dich individuell bei den Prüfungsvorbereitungen
An den Berufsschultagen herrscht im Anschluss keine Arbeitspflicht mehr
Vergünstigter Mittagstisch
Du erhältst eine attraktive Ausbildungsvergütung sowie Urlaubs- und Weihnachtsgeld, Jubiläumszahlungen
30 Tage Urlaub im Jahr und Sonderurlaub
Gemeinsame Veranstaltungen wie Azubistartertage und das jährliche Sommerfest mit der ganzen Familie
Business Bike
Betriebliche Altersversorgung sowie Vermögenswirksame Leistungen
Deine Rolle in unserem Team
Du arbeitest bei der Realisierung von Softwareprojekten im Bereich Intralogistik (Materialflussrechner, Lagerverwaltungsrechner, Transportleitsysteme) mit
Das Modifizieren bestehender Kundensysteme gehört zu Deinen Aufgaben
Die Mitarbeit bei der Projektierung von Anwendungen rundet Dein Aufgabengebiet ab
Du programmierst Dienste und GUI-Applikationen
Das Umgehen mit relationalen Datenbanksystemen zählt ebenfalls zu Deinem Tätigkeitsfeld
Du nimmst an der Inbetriebnahme entwickelter Programme teil
Du testest und dokumentierst die Software
Außerdem führst Du Anwenderschulungen durch
Dein Arbeitsumfeld
Du wirst von Anfang an herzlich ins Team aufgenommen und arbeitest eng mit anderen Auszubildenden zusammen. Die Lerninhalte der Berufsschule sind bei uns nicht nur abstrakte Theorie, sondern werden für Dich anhand vielfältiger Aufgaben greifbar gemacht.
Unser Azubistart bietet Dir die Möglichkeit bei einem drei-tägigen Event die Facetten des Körber Konzerns gemeinsam mit allen Azubis und Dualis Deines Jahrgangs zu erleben.
Als Mitglied der Young Körber Community kannst Du Dich mit anderen Azubis deutschlandweit vernetzen, Dein Wissen erweitern, und unsere Karriere Pioniere beim virtuellen Frühstück kennenlernen.
Auch nach Deiner Ausbildung unterstützen wir Dich dabei Deine Karriere aktiv zu gestalten und Deine Fähigkeiten weiter auszubauen.
Lerne Dein Arbeitsumfeld mit unserer Körber Xperience schon einmal virtuell kennen.
Deine Vorteile
Hohe Über­nah­me­quote
Betr. Alters­vor­sorge
Gute An­bin­dung
Events
Flexible Arbeitszeit
Park­plätze
Azubi-Frei­zei­ten
Ge­sund­heits­maß­nah­men
Events für Schü­ler / Stu­die­ren­de
E-Lear­ning / On­line-Kur­se
Alumni­netz­werk
Kostenloses WLAN
Jetzt bewerben
Bitte nenne bei deiner Bewerbung die Referenz-Nr: AZY-6C11G762 Kopieren
Körber
Bilder & Videos
Über den Ausbildungsbetrieb
Erfahrungen
Personalerinterview
Übereinstimmung mit deinen Stärken & Wünschen: ?
ohne Matching
mit Matching
Das wird von dir erwartet:
Besonders hilfreiche Stärken
Analytische Fähigkeiten
Neugierde und Lernbereitschaft
Sorgfalt & Genauigkeit
Geforderte Schulleistungen
Schulabschluss: Mittlere Reife
Abschlussnote: Beliebiger Notendurchschnitt
Mathematik: Beliebiger Notendurchschnitt
Deutsch: Beliebiger Notendurchschnitt
Englisch: Beliebiger Notendurchschnitt
Hilfreiche schulische Interessen
Naturwissenschaften, IT, Technik (MINT)
Werken, Kunst & Gestalten
Das kommt auf dich zu:
Arbeitsumfeld
Büro
Mögliche Arbeitszeitmodelle
flexible Zeiten, Gleitzeit
Reisetätigkeit
Keine Dienstreisen oder nur in Ausnahmefällen
Besondere Arbeitsumstände
Unternehmen ist an Entwicklung von neuen Technologien beteiligt
häufige inhaltliche Abwechslung",,,empty,jobs@koerber.com,https://www.azubiyo.de/stellenanzeigen/6C11G762/bewerben/,https://www.azubiyo.de/stellenanzeigen/6C11G762/bewerben/,https://www.azubiyo.de/stellenanzeigen/6C11G762/bewerben/,externe,,"Es kann immer mal sein, dass eine schlechte Note im Zeugnis steht und für uns haben Schulnoten eine abnehmende Bedeutung.
Fühlst Du dich angesprochen? Dann bewirb Dich bitte online mit folgenden Unterlagen:
Anschreiben
Lebenslauf
Zeugnisse
Wir freuen uns auf Deine Bewerbung!
Wir wertschätzen Vielfalt und begrüßen daher alle Bewerbungen – unabhängig von Geschlecht, Nationalität, ethnischer und sozialer Herkunft, Religion/ Weltanschauung, Behinderung, Alter sowie sexueller Orientierung und Identität.
Für Fragen rund um Ausbildung und duales Studium sind wir gerne für Dich da! Du erreichst uns jeden Mittwoch zwischen 13:00 und 16:00 Uhr telefonisch unter +494021107291 oder jederzeit per E-Mail an jobs@koerber.com.
Mona-Julie Regina Ortel ist die zuständige Ansprechperson für diese Position.
Kultur bei Körber - Vorbeischauen lohnt sich!
Jetzt bewerben
Ausbildungsvergütung
1. Jahr: 1.184,37 €
2. Jahr: 1.245 €
3. Jahr: 1.341,49 €",,azubiyo_de,https://www.azubiyo.de/stellenanzeigen/ausbildung-zum-fachinformatiker-fuer-anwendungsent_koeber_6c11g762/,False,,60,,,,2026-06-12T09:51:28.468271+00:00
AZUB-g83226ga,azubiyo_de_ae,Azubiyo,,,,"Das bringst du mit:
Mittlerer Bildungsabschluss, z. B. der Realschule oder Wirtschaftsschule, Abschluss des Berufskollegs I/II oder die allgemeine/fachgebundene Hochschulreife
Interesse für Technik, analytisches Denken und Organisationstalent
Spaß an der Zusammenarbeit im Team und Offenheit für Neues

Deine Vorteile
Weiter­bildung
Über­durch­schn. Ver­gü­tung
Hohe Über­nah­me­quote
Men­to­ren­pro­gramm
Betr. Alters­vor­sorge
Kantine
Flexible Arbeitszeit
(Optionaler) Auslandsaufenthalt
Rabatte
Park­plätze
Frei­zeit­an­ge­bo­te
Fahrt­kosten­zu­schuss
Vermögens­wirksame Leistungen
Exkur­sionen
Nachhaltigkeit / Umweltschutz
Lern­mit­tel­zu­schuss
Jetzt bewerben
Bitte nenne bei deiner Bewerbung die Referenz-Nr: Azubiyo.de Kopieren
Sto SE & Co. KGaA
Bilder & Videos
Über den Ausbildungsbetrieb
Erfahrungen
Personalerinterview
Übereinstimmung mit deinen Stärken & Wünschen: ?
ohne Matching
mit Matching
Das wird von dir erwartet:
Besonders hilfreiche Stärken
Neugierde und Lernbereitschaft
Weitere nützliche Stärken
Analytische Fähigkeiten
Eigeninitiative und Entscheidungsfreude
Sorgfalt & Genauigkeit
Kritikfähigkeit
Geforderte Schulleistungen
Schulabschluss: Mittlere Reife
Abschlussnote: gut - befriedigend
Mathematik: gut - befriedigend
Deutsch: gut - befriedigend
Englisch: gut - befriedigend
Hilfreiche schulische Interessen
Wirtschaft & Recht (WIWI)
Das kommt auf dich zu:
Arbeitsumfeld
Büro
Mögliche Arbeitszeitmodelle
flexible Zeiten, Gleitzeit
Reisetätigkeit
Keine Dienstreisen oder nur in Ausnahmefällen
Besondere Arbeitsumstände
Unternehmen hat über 500 Mitarbeiter","1.186 €, 1.326 €","Das bringst du mit:
Mittlerer Bildungsabschluss, z. B. der Realschule oder Wirtschaftsschule, Abschluss des Berufskollegs I/II oder die allgemeine/fachgebundene Hochschulreife
Interesse für Technik, analytisches Denken und Organisationstalent
Spaß an der Zusammenarbeit im Team und Offenheit für Neues",,non_fi,Azubiyo ist eines der größten deutschen Ausbildungsportale mit einem breiten Angebot an freien Ausbildungs- und Dualen Studienplätzen. Mit unserem einzigartigen Matching-Verfahren bringen wir Bewerber und Unternehmen passgenau zusammen. Neben dem Stellenmarkt informiert das Portal zu allen Themen rund um Berufswahl und Bewerbung. Die Ausbildungsjobbörse gehört zur Dachmarke FUNKE Works.,"Deine Vorteile
Weiter­bildung
Über­durch­schn. Ver­gü­tung
Hohe Über­nah­me­quote
Men­to­ren­pro­gramm
Betr. Alters­vor­sorge
Kantine
Flexible Arbeitszeit
(Optionaler) Auslandsaufenthalt
Rabatte
Park­plätze
Frei­zeit­an­ge­bo­te
Fahrt­kosten­zu­schuss
Vermögens­wirksame Leistungen
Exkur­sionen
Nachhaltigkeit / Umweltschutz
Lern­mit­tel­zu­schuss
Jetzt bewerben
Bitte nenne bei deiner Bewerbung die Referenz-Nr: Azubiyo.de Kopieren
Sto SE & Co. KGaA
Bilder & Videos
Über den Ausbildungsbetrieb
Erfahrungen
Personalerinterview
Übereinstimmung mit deinen Stärken & Wünschen: ?
ohne Matching
mit Matching
Das wird von dir erwartet:
Besonders hilfreiche Stärken
Neugierde und Lernbereitschaft
Weitere nützliche Stärken
Analytische Fähigkeiten
Eigeninitiative und Entscheidungsfreude
Sorgfalt & Genauigkeit
Kritikfähigkeit
Geforderte Schulleistungen
Schulabschluss: Mittlere Reife
Abschlussnote: gut - befriedigend
Mathematik: gut - befriedigend
Deutsch: gut - befriedigend
Englisch: gut - befriedigend
Hilfreiche schulische Interessen
Wirtschaft & Recht (WIWI)
Das kommt auf dich zu:
Arbeitsumfeld
Büro
Mögliche Arbeitszeitmodelle
flexible Zeiten, Gleitzeit
Reisetätigkeit
Keine Dienstreisen oder nur in Ausnahmefällen
Besondere Arbeitsumstände
Unternehmen hat über 500 Mitarbeiter",,,empty,,https://www.azubiyo.de/stellenanzeigen/G83226GA/bewerben/,https://www.azubiyo.de/stellenanzeigen/G83226GA/bewerben/,https://www.azubiyo.de/stellenanzeigen/G83226GA/bewerben/,externe,"Kontaktfreude, klare Kommunikation und Bereitschaft, Anwender mit Rat und Tat zu unterstützen
Warum Sto?
Vielseitige und praxisorientierte Ausbildung
Attraktive Ausbildungsvergütung (zwischen 1.186 € und 1.326 € pro Monat)
Flexible Arbeitszeiten und attraktive Sozialleistungen, u. a. Fahrtkostenzuschuss und vermögenswirksame Leistungen
Intensive Betreuung durch Ausbilder und erfahrene Fachkräfte
Kollegiales Betriebsklima in einem dynamischen Umfeld
Kennenlerntage für einen erfolgreichen Ausbildungsstart
Bist du dabei?
Wir begrüßen die Vielfalt von Perspektiven, die bereichernd sind und streben nach Inklusion und Chancengleichheit.
Wir freuen uns über deine Bewerbung.
Projektnummer: 15944
Sto SE & Co. KGaA
Bereich Ausbildung - Frau Sarah Berger
Ehrenbachstr. 1 - 79780 Stühlingen
Tel. +49-77 44/57 1700
www.sto.de
Jetzt bewerben",,,azubiyo_de,https://www.azubiyo.de/stellenanzeigen/ausbildung-zum-fachinformatiker-anwendungsentwickl_sto_g83226ga/,False,,53,,,,2026-06-12T09:51:19.471212+00:00
AZUB-c5gb9393,azubiyo_de_ae,Azubiyo,,Leipzig,04109 Leipzig Sachsen,Programmierer*in: Software Engineering Diploma,,,Ausbildung | Programmierer*in: Software Engineering Diploma,non_fi,Azubiyo ist eines der größten deutschen Ausbildungsportale mit einem breiten Angebot an freien Ausbildungs- und Dualen Studienplätzen. Mit unserem einzigartigen Matching-Verfahren bringen wir Bewerber und Unternehmen passgenau zusammen. Neben dem Stellenmarkt informiert das Portal zu allen Themen rund um Berufswahl und Bewerbung. Die Ausbildungsjobbörse gehört zur Dachmarke FUNKE Works.,,,,empty,,https://www.azubiyo.de/stellenanzeigen/C5GB9393/bewerben/,https://www.azubiyo.de/stellenanzeigen/C5GB9393/bewerben/,https://www.azubiyo.de/stellenanzeigen/C5GB9393/bewerben/,externe,"Durch ein weltweites Netzwerk von Unternehmen und Kooperationspartnern knüpfst du an der SAE bereits frühzeitig Kontakte in die Medien- und Kreativwirtschaft. Als SAE Absolvent*in hast du außerdem Zugriff auf das exklusive SAE Jobportal. Karriere-Coaching unterstützt dich auf deinem Weg in die Industrie.
Anforderungen
- Abitur / Fachabitur
- Alternativ: Mindestalter 17 Jahre & mittlerer Bildungsabschluss
- Eigenes Notebook mit Internetzugang für Theorietests, Online-Vorlesungen und Vorlesungsmitschriften
- Englisch GrundkenntnisseDiese Arbeitsbedingungen sind zu erwarten:
Arbeitsumfeld: Seminarraum, Hochleistungs-Rechner und Peripherie
Arbeitszeiten: flexible Zeiten, Gleitzeit
Besondere Arbeitsumstände:
- unmittelbare Beteiligung an Produktion / Herstellung
- häufige inhaltliche Abwechslung
- Möglichkeit, später zwischen Arbeitsorten zu wechseln
- Möglichkeit, später im Ausland zu arbeitenDiese Stärken sind besonders hilfreich:
Analytische Fähigkeiten
Diese Stärken sind hilfreich:
Gestalterische Fähigkeiten
Eigeninitiative und Entscheidungsfreude
Neugierde und Lernbereitschaft
Sorgfalt & Genauigkeit
Hilfreiche schulische Schwerpunkte: Naturwissenschaften, IT, Technik (MINT), Werken, Kunst & Gestalten",,,azubiyo_de,https://www.azubiyo.de/stellenanzeigen/programmiererin-software-engineering-diploma_sae-institute_c5gb9393/,False,,53,,,,2026-06-12T09:54:48.862664+00:00
AZUB-299e4a1b,azubiyo_de_ae,Azubiyo,,,,"Deine Vorteile
Weiter­bildung
Hohe Über­nah­me­quote
Betr. Alters­vor­sorge
Kantine
Events
Park­plätze
Ge­sund­heits­maß­nah­men
Vermögens­wirksame Leistungen
Zu­satz­qua­li­fi­ka­tio­nen
Kostenloses WLAN
Lern­mit­tel­zu­schuss
Jetzt bewerben
Bitte nenne bei deiner Bewerbung die Referenz-Nr: AZY-299E4A1B Kopieren
Albrecht Jung GmbH & Co. KG
Bilder & Videos
Über den Ausbildungsbetrieb
Erfahrungen
Personalerinterview
Übereinstimmung mit deinen Stärken & Wünschen: ?
ohne Matching
mit Matching
Das wird von dir erwartet:
Besonders hilfreiche Stärken
Analytische Fähigkeiten
Sorgfalt & Genauigkeit
Weitere nützliche Stärken
Eigeninitiative und Entscheidungsfreude
Kritikfähigkeit
Geforderte Schulleistungen
Schulabschluss: Abitur
Abschlussnote: Beliebiger Notendurchschnitt
Mathematik: Beliebiger Notendurchschnitt
Deutsch: Beliebiger Notendurchschnitt
Englisch: Beliebiger Notendurchschnitt
Hilfreiche schulische Interessen
Naturwissenschaften, IT, Technik (MINT)
Fremdsprachen
Das kommt auf dich zu:
Arbeitsumfeld
Büro
Mögliche Arbeitszeitmodelle
feste Zeiten
Reisetätigkeit
Keine Dienstreisen oder nur in Ausnahmefällen
Besondere Arbeitsumstände
häufige inhaltliche Abwechslung
Unternehmen hat über 500 Mitarbeiter","1.242,96 €",,,non_fi,Azubiyo ist eines der größten deutschen Ausbildungsportale mit einem breiten Angebot an freien Ausbildungs- und Dualen Studienplätzen. Mit unserem einzigartigen Matching-Verfahren bringen wir Bewerber und Unternehmen passgenau zusammen. Neben dem Stellenmarkt informiert das Portal zu allen Themen rund um Berufswahl und Bewerbung. Die Ausbildungsjobbörse gehört zur Dachmarke FUNKE Works.,"Deine Vorteile
Weiter­bildung
Hohe Über­nah­me­quote
Betr. Alters­vor­sorge
Kantine
Events
Park­plätze
Ge­sund­heits­maß­nah­men
Vermögens­wirksame Leistungen
Zu­satz­qua­li­fi­ka­tio­nen
Kostenloses WLAN
Lern­mit­tel­zu­schuss
Jetzt bewerben
Bitte nenne bei deiner Bewerbung die Referenz-Nr: AZY-299E4A1B Kopieren
Albrecht Jung GmbH & Co. KG
Bilder & Videos
Über den Ausbildungsbetrieb
Erfahrungen
Personalerinterview
Übereinstimmung mit deinen Stärken & Wünschen: ?
ohne Matching
mit Matching
Das wird von dir erwartet:
Besonders hilfreiche Stärken
Analytische Fähigkeiten
Sorgfalt & Genauigkeit
Weitere nützliche Stärken
Eigeninitiative und Entscheidungsfreude
Kritikfähigkeit
Geforderte Schulleistungen
Schulabschluss: Abitur
Abschlussnote: Beliebiger Notendurchschnitt
Mathematik: Beliebiger Notendurchschnitt
Deutsch: Beliebiger Notendurchschnitt
Englisch: Beliebiger Notendurchschnitt
Hilfreiche schulische Interessen
Naturwissenschaften, IT, Technik (MINT)
Fremdsprachen
Das kommt auf dich zu:
Arbeitsumfeld
Büro
Mögliche Arbeitszeitmodelle
feste Zeiten
Reisetätigkeit
Keine Dienstreisen oder nur in Ausnahmefällen
Besondere Arbeitsumstände
häufige inhaltliche Abwechslung
Unternehmen hat über 500 Mitarbeiter",,,empty,,https://www.azubiyo.de/stellenanzeigen/299E4A1B/bewerben/,https://www.azubiyo.de/stellenanzeigen/299E4A1B/bewerben/,https://www.azubiyo.de/stellenanzeigen/299E4A1B/bewerben/,externe,,,,azubiyo_de,https://www.azubiyo.de/stellenanzeigen/ausbildung-zum-fachinformatiker-anwendungsentwickl_albrecht-jung_299e4a1b/,False,,40,,,,2026-06-12T09:51:12.763485+00:00
AZUB-a56ggf42,azubiyo_de_ae,Azubiyo,,,,"Deine Vorteile
Weiter­bildung
Hohe Über­nah­me­quote
Men­to­ren­pro­gramm
Betr. Alters­vor­sorge
Events
Flexible Arbeitszeit
Park­plätze
Woh­nungs-Un­ter­stüt­zung
Azubi-Frei­zei­ten
Ge­sund­heits­maß­nah­men
Fahrt­kosten­zu­schuss
Vermögens­wirksame Leistungen
Kostenloses WLAN
Möglichkeit Homeoffice
Jobfahrrad
Rabatte
Han­dy / Tab­let / Note­book
Mobiles Arbeiten
Rabatt-Pro­gramme für Schüler / ­Studierende
Jetzt bewerben
Bitte nenne bei deiner Bewerbung die Referenz-Nr: AZY-A56GGF42 Kopieren
ab-data GmbH & Co. KG
Über den Ausbildungsbetrieb
Übereinstimmung mit deinen Stärken & Wünschen: ?
ohne Matching
mit Matching
Das wird von dir erwartet:
Besonders hilfreiche Stärken
Neugierde und Lernbereitschaft
Selbstorganisation
Weitere nützliche Stärken
Verantwortungs- und Gefahrenbewusstsein
Kritikfähigkeit
Geforderte Schulleistungen
Schulabschluss: Mittlere Reife
Abschlussnote: Beliebiger Notendurchschnitt
Mathematik: gut - befriedigend
Deutsch: gut - befriedigend
Englisch: gut - befriedigend
Hilfreiche schulische Interessen
Naturwissenschaften, IT, Technik (MINT)
Das kommt auf dich zu:
Arbeitsumfeld
Büro
Mögliche Arbeitszeitmodelle
flexible Zeiten, Gleitzeit
Reisetätigkeit
Keine Dienstreisen oder nur in Ausnahmefällen
Besondere Arbeitsumstände
unmittelbare Beteiligung an Produktion / Herstellung
Unternehmen ist an Entwicklung von neuen Technologien beteiligt
häufige inhaltliche Abwechslung","1.051 €, 1.131 €, 1.204 €",,,non_fi,Azubiyo ist eines der größten deutschen Ausbildungsportale mit einem breiten Angebot an freien Ausbildungs- und Dualen Studienplätzen. Mit unserem einzigartigen Matching-Verfahren bringen wir Bewerber und Unternehmen passgenau zusammen. Neben dem Stellenmarkt informiert das Portal zu allen Themen rund um Berufswahl und Bewerbung. Die Ausbildungsjobbörse gehört zur Dachmarke FUNKE Works.,"Deine Vorteile
Weiter­bildung
Hohe Über­nah­me­quote
Men­to­ren­pro­gramm
Betr. Alters­vor­sorge
Events
Flexible Arbeitszeit
Park­plätze
Woh­nungs-Un­ter­stüt­zung
Azubi-Frei­zei­ten
Ge­sund­heits­maß­nah­men
Fahrt­kosten­zu­schuss
Vermögens­wirksame Leistungen
Kostenloses WLAN
Möglichkeit Homeoffice
Jobfahrrad
Rabatte
Han­dy / Tab­let / Note­book
Mobiles Arbeiten
Rabatt-Pro­gramme für Schüler / ­Studierende
Jetzt bewerben
Bitte nenne bei deiner Bewerbung die Referenz-Nr: AZY-A56GGF42 Kopieren
ab-data GmbH & Co. KG
Über den Ausbildungsbetrieb
Übereinstimmung mit deinen Stärken & Wünschen: ?
ohne Matching
mit Matching
Das wird von dir erwartet:
Besonders hilfreiche Stärken
Neugierde und Lernbereitschaft
Selbstorganisation
Weitere nützliche Stärken
Verantwortungs- und Gefahrenbewusstsein
Kritikfähigkeit
Geforderte Schulleistungen
Schulabschluss: Mittlere Reife
Abschlussnote: Beliebiger Notendurchschnitt
Mathematik: gut - befriedigend
Deutsch: gut - befriedigend
Englisch: gut - befriedigend
Hilfreiche schulische Interessen
Naturwissenschaften, IT, Technik (MINT)
Das kommt auf dich zu:
Arbeitsumfeld
Büro
Mögliche Arbeitszeitmodelle
flexible Zeiten, Gleitzeit
Reisetätigkeit
Keine Dienstreisen oder nur in Ausnahmefällen
Besondere Arbeitsumstände
unmittelbare Beteiligung an Produktion / Herstellung
Unternehmen ist an Entwicklung von neuen Technologien beteiligt
häufige inhaltliche Abwechslung",,,empty,,https://www.azubiyo.de/stellenanzeigen/A56GGF42/bewerben/,https://www.azubiyo.de/stellenanzeigen/A56GGF42/bewerben/,https://www.azubiyo.de/stellenanzeigen/A56GGF42/bewerben/,externe,,,,azubiyo_de,https://www.azubiyo.de/stellenanzeigen/ausbildung-oder-duales-studium-fachinformatiker-in_ab-data_a56ggf42/,False,,40,,,,2026-06-12T09:51:03.541898+00:00
AZUB-e35ffd8b,azubiyo_de_ae,Azubiyo,,,,"Deine Vorteile
Weiter­bildung
Men­to­ren­pro­gramm
Betr. Alters­vor­sorge
Gute An­bin­dung
Events
Flexible Arbeitszeit
Rabatte
Vermögens­wirksame Leistungen
E-Lear­ning / On­line-Kur­se
Han­dy / Tab­let / Note­book
Nachhaltigkeit / Umweltschutz
Kostenloses WLAN
Jetzt bewerben
Bitte nenne bei deiner Bewerbung die Referenz-Nr: AZY-E35FFD8B Kopieren
Frachtwerk GmbH
Bilder & Videos
Über den Ausbildungsbetrieb
Übereinstimmung mit deinen Stärken & Wünschen: ?
ohne Matching
mit Matching
Das wird von dir erwartet:
Besonders hilfreiche Stärken
Neugierde und Lernbereitschaft
Weitere nützliche Stärken
Analytische Fähigkeiten
Selbstorganisation
Geforderte Schulleistungen
Schulabschluss: Fachabitur
Abschlussnote: Beliebiger Notendurchschnitt
Mathematik: Beliebiger Notendurchschnitt
Deutsch: Beliebiger Notendurchschnitt
Englisch: Beliebiger Notendurchschnitt
Hilfreiche schulische Interessen
Naturwissenschaften, IT, Technik (MINT)
Das kommt auf dich zu:
Arbeitsumfeld
Büro
Mögliche Arbeitszeitmodelle
flexible Zeiten, Gleitzeit
Reisetätigkeit
gelegentliche Dienstreisen
Besondere Arbeitsumstände
Unternehmen ist an Entwicklung von neuen Technologien beteiligt
Möglichkeit, später zwischen Arbeitsorten zu wechseln","978,48 €, 1.087,20 €, 1.208 €",,,non_fi,Azubiyo ist eines der größten deutschen Ausbildungsportale mit einem breiten Angebot an freien Ausbildungs- und Dualen Studienplätzen. Mit unserem einzigartigen Matching-Verfahren bringen wir Bewerber und Unternehmen passgenau zusammen. Neben dem Stellenmarkt informiert das Portal zu allen Themen rund um Berufswahl und Bewerbung. Die Ausbildungsjobbörse gehört zur Dachmarke FUNKE Works.,"Deine Vorteile
Weiter­bildung
Men­to­ren­pro­gramm
Betr. Alters­vor­sorge
Gute An­bin­dung
Events
Flexible Arbeitszeit
Rabatte
Vermögens­wirksame Leistungen
E-Lear­ning / On­line-Kur­se
Han­dy / Tab­let / Note­book
Nachhaltigkeit / Umweltschutz
Kostenloses WLAN
Jetzt bewerben
Bitte nenne bei deiner Bewerbung die Referenz-Nr: AZY-E35FFD8B Kopieren
Frachtwerk GmbH
Bilder & Videos
Über den Ausbildungsbetrieb
Übereinstimmung mit deinen Stärken & Wünschen: ?
ohne Matching
mit Matching
Das wird von dir erwartet:
Besonders hilfreiche Stärken
Neugierde und Lernbereitschaft
Weitere nützliche Stärken
Analytische Fähigkeiten
Selbstorganisation
Geforderte Schulleistungen
Schulabschluss: Fachabitur
Abschlussnote: Beliebiger Notendurchschnitt
Mathematik: Beliebiger Notendurchschnitt
Deutsch: Beliebiger Notendurchschnitt
Englisch: Beliebiger Notendurchschnitt
Hilfreiche schulische Interessen
Naturwissenschaften, IT, Technik (MINT)
Das kommt auf dich zu:
Arbeitsumfeld
Büro
Mögliche Arbeitszeitmodelle
flexible Zeiten, Gleitzeit
Reisetätigkeit
gelegentliche Dienstreisen
Besondere Arbeitsumstände
Unternehmen ist an Entwicklung von neuen Technologien beteiligt
Möglichkeit, später zwischen Arbeitsorten zu wechseln",,,empty,,https://www.azubiyo.de/stellenanzeigen/E35FFD8B/bewerben/,https://www.azubiyo.de/stellenanzeigen/E35FFD8B/bewerben/,https://www.azubiyo.de/stellenanzeigen/E35FFD8B/bewerben/,externe,,,,azubiyo_de,https://www.azubiyo.de/stellenanzeigen/ausbildung-fachinformatikerin-fuer-anwendungsentwi_frachtwerk_e35ffd8b/,False,,40,,,,2026-06-12T09:50:50.671630+00:00
AZUB-f89cdcgb,azubiyo_de_ae,Azubiyo,,,,"Das bieten wir Dir:
Wir sind ein offenes, erfahrenes und lustiges Team, das ehrgeizig ist und gute Arbeit leisten will
Wir verlieren bei all der Arbeit das Team nicht aus den Augen.
Du findest flache Hierarchien, offene Türen, direkte Kommunikation und eine besondere Arbeitsatmosphäre vor
Wir bieten Dir individuelle Entfaltungsmöglichkeiten, sowohl fachlich als auch persönlich.
Die Ausbildung ist fertig? Du hast beste Chancen für eine Übernahme in einen festen Job bei uns.
Bei Team-Events können Erfolge gemeinsam gefeiert werden.
Das wünschen wir uns von Dir:
Interesse an Hardware, Software und Co.
Im Idealfall hast du bereits erste Erfahrungen beim Programmieren sammeln können.
Hohe Lernbereitschaft, Engagement und Zuverlässigkeit.
Analytisches und vernetztes Denkvermögen.
Erfolgreich abgeschlossene Mittlere Reife oder (Fach-)Abitur.
Gutes Deutsch- und Englisch in Wort und Schrift.
Spannend?
Dann schicke Deine Bewerbung bis zum 31.7.2026 direkt an Sabine via E-Mail an jobs@global-communication.de.
Wir freuen uns darauf, Dich kennenzulernen!
Jetzt bewerben
Azubiyo Gehaltsprognose
1. Jahr: 1.102 €
2. Jahr: 1.169 €
3. Jahr: 1.253 €
Deine Vorteile
Über­durch­schn. Ver­gü­tung
Hohe Über­nah­me­quote
Betr. Alters­vor­sorge
Flexible Arbeitszeit
Park­plätze
Woh­nungs-Un­ter­stüt­zung
Fahrt­kosten­zu­schuss
Han­dy / Tab­let / Note­book
Nachhaltigkeit / Umweltschutz
Kostenloses WLAN
Möglichkeit Homeoffice
Tiere im Büro
Jobfahrrad
Mobiles Arbeiten
Events
Jetzt bewerben
E-Mail-Bewerbung
Bitte nenne bei deiner Bewerbung die Referenz-Nr: AZY-F89CDCGB Kopieren
Übereinstimmung mit deinen Stärken & Wünschen: ?
ohne Matching
mit Matching
Das wird von dir erwartet:
Besonders hilfreiche Stärken
Analytische Fähigkeiten
Weitere nützliche Stärken
Eigeninitiative und Entscheidungsfreude
Neugierde und Lernbereitschaft
Sorgfalt & Genauigkeit
Selbstorganisation
Geforderte Schulleistungen
Schulabschluss: Mittlere Reife
Abschlussnote: Beliebiger Notendurchschnitt
Mathematik: gut
Deutsch: gut - befriedigend
Englisch: gut - befriedigend
Hilfreiche schulische Interessen
Naturwissenschaften, IT, Technik (MINT)
Das kommt auf dich zu:
Arbeitsumfeld
Büro
Mögliche Arbeitszeitmodelle
flexible Zeiten, Gleitzeit
Reisetätigkeit
Keine Dienstreisen oder nur in Ausnahmefällen
Besondere Arbeitsumstände
häufige inhaltliche Abwechslung",,,,non_fi,Azubiyo ist eines der größten deutschen Ausbildungsportale mit einem breiten Angebot an freien Ausbildungs- und Dualen Studienplätzen. Mit unserem einzigartigen Matching-Verfahren bringen wir Bewerber und Unternehmen passgenau zusammen. Neben dem Stellenmarkt informiert das Portal zu allen Themen rund um Berufswahl und Bewerbung. Die Ausbildungsjobbörse gehört zur Dachmarke FUNKE Works.,"Das bieten wir Dir:
Wir sind ein offenes, erfahrenes und lustiges Team, das ehrgeizig ist und gute Arbeit leisten will
Wir verlieren bei all der Arbeit das Team nicht aus den Augen.
Du findest flache Hierarchien, offene Türen, direkte Kommunikation und eine besondere Arbeitsatmosphäre vor
Wir bieten Dir individuelle Entfaltungsmöglichkeiten, sowohl fachlich als auch persönlich.
Die Ausbildung ist fertig? Du hast beste Chancen für eine Übernahme in einen festen Job bei uns.
Bei Team-Events können Erfolge gemeinsam gefeiert werden.
Das wünschen wir uns von Dir:
Interesse an Hardware, Software und Co.
Im Idealfall hast du bereits erste Erfahrungen beim Programmieren sammeln können.
Hohe Lernbereitschaft, Engagement und Zuverlässigkeit.
Analytisches und vernetztes Denkvermögen.
Erfolgreich abgeschlossene Mittlere Reife oder (Fach-)Abitur.
Gutes Deutsch- und Englisch in Wort und Schrift.
Spannend?
Dann schicke Deine Bewerbung bis zum 31.7.2026 direkt an Sabine via E-Mail an jobs@global-communication.de.
Wir freuen uns darauf, Dich kennenzulernen!
Jetzt bewerben
Azubiyo Gehaltsprognose
1. Jahr: 1.102 €
2. Jahr: 1.169 €
3. Jahr: 1.253 €
Deine Vorteile
Über­durch­schn. Ver­gü­tung
Hohe Über­nah­me­quote
Betr. Alters­vor­sorge
Flexible Arbeitszeit
Park­plätze
Woh­nungs-Un­ter­stüt­zung
Fahrt­kosten­zu­schuss
Han­dy / Tab­let / Note­book
Nachhaltigkeit / Umweltschutz
Kostenloses WLAN
Möglichkeit Homeoffice
Tiere im Büro
Jobfahrrad
Mobiles Arbeiten
Events
Jetzt bewerben
E-Mail-Bewerbung
Bitte nenne bei deiner Bewerbung die Referenz-Nr: AZY-F89CDCGB Kopieren
Übereinstimmung mit deinen Stärken & Wünschen: ?
ohne Matching
mit Matching
Das wird von dir erwartet:
Besonders hilfreiche Stärken
Analytische Fähigkeiten
Weitere nützliche Stärken
Eigeninitiative und Entscheidungsfreude
Neugierde und Lernbereitschaft
Sorgfalt & Genauigkeit
Selbstorganisation
Geforderte Schulleistungen
Schulabschluss: Mittlere Reife
Abschlussnote: Beliebiger Notendurchschnitt
Mathematik: gut
Deutsch: gut - befriedigend
Englisch: gut - befriedigend
Hilfreiche schulische Interessen
Naturwissenschaften, IT, Technik (MINT)
Das kommt auf dich zu:
Arbeitsumfeld
Büro
Mögliche Arbeitszeitmodelle
flexible Zeiten, Gleitzeit
Reisetätigkeit
Keine Dienstreisen oder nur in Ausnahmefällen
Besondere Arbeitsumstände
häufige inhaltliche Abwechslung",,,empty,jobs@global-communication.de,https://www.azubiyo.de/unterrichtsmaterial/arbeitshefte/berufswahl-bewerbung/,https://www.azubiyo.de/unterrichtsmaterial/arbeitshefte/berufswahl-bewerbung/,https://www.azubiyo.de/unterrichtsmaterial/arbeitshefte/berufswahl-bewerbung/,externe,,,,azubiyo_de,https://www.azubiyo.de/stellenanzeigen/ausbildung-fachinformatiker-in-anwendungsentwicklu_global-communication-services_f89cdcgb/,False,,40,2026,7,2026-07-31,2026-06-12T09:50:00.956662+00:00
AZUB-82e6db29,azubiyo_de_ae,Azubiyo,,,,"Deine Vorteile
Weiter­bildung
Hohe Über­nah­me­quote
Men­to­ren­pro­gramm
Betr. Alters­vor­sorge
Events
Flexible Arbeitszeit
Rabatte
Park­plätze
Woh­nungs-Un­ter­stüt­zung
Azubi-Frei­zei­ten
Ge­sund­heits­maß­nah­men
Fahrt­kosten­zu­schuss
E-Lear­ning / On­line-Kur­se
Exkur­sionen
Nachhaltigkeit / Umweltschutz
Kostenloses WLAN
Jetzt bewerben
Bitte nenne bei deiner Bewerbung die Referenz-Nr: AZY-82E6DB29 Kopieren
POLIFILM Services & Infrastructure GmbH
Bilder & Videos
Über den Ausbildungsbetrieb
Erfahrungen
Personalerinterview
Übereinstimmung mit deinen Stärken & Wünschen: ?
ohne Matching
mit Matching
Das wird von dir erwartet:
Besonders hilfreiche Stärken
Analytische Fähigkeiten
Sorgfalt & Genauigkeit
Weitere nützliche Stärken
Selbstorganisation
Verantwortungs- und Gefahrenbewusstsein
Geforderte Schulleistungen
Schulabschluss: Mittlere Reife
Abschlussnote: gut - befriedigend
Mathematik: gut
Deutsch: gut
Englisch: gut
Hilfreiche schulische Interessen
Naturwissenschaften, IT, Technik (MINT)
Wirtschaft & Recht (WIWI)
Das kommt auf dich zu:
Arbeitsumfeld
Büro
Mögliche Arbeitszeitmodelle
feste Zeiten
Reisetätigkeit
Keine Dienstreisen oder nur in Ausnahmefällen
Besondere Arbeitsumstände
Unternehmen ist an Entwicklung von neuen Technologien beteiligt
häufige inhaltliche Abwechslung
Unternehmen hat über 500 Mitarbeiter",,,,non_fi,Azubiyo ist eines der größten deutschen Ausbildungsportale mit einem breiten Angebot an freien Ausbildungs- und Dualen Studienplätzen. Mit unserem einzigartigen Matching-Verfahren bringen wir Bewerber und Unternehmen passgenau zusammen. Neben dem Stellenmarkt informiert das Portal zu allen Themen rund um Berufswahl und Bewerbung. Die Ausbildungsjobbörse gehört zur Dachmarke FUNKE Works.,"Deine Vorteile
Weiter­bildung
Hohe Über­nah­me­quote
Men­to­ren­pro­gramm
Betr. Alters­vor­sorge
Events
Flexible Arbeitszeit
Rabatte
Park­plätze
Woh­nungs-Un­ter­stüt­zung
Azubi-Frei­zei­ten
Ge­sund­heits­maß­nah­men
Fahrt­kosten­zu­schuss
E-Lear­ning / On­line-Kur­se
Exkur­sionen
Nachhaltigkeit / Umweltschutz
Kostenloses WLAN
Jetzt bewerben
Bitte nenne bei deiner Bewerbung die Referenz-Nr: AZY-82E6DB29 Kopieren
POLIFILM Services & Infrastructure GmbH
Bilder & Videos
Über den Ausbildungsbetrieb
Erfahrungen
Personalerinterview
Übereinstimmung mit deinen Stärken & Wünschen: ?
ohne Matching
mit Matching
Das wird von dir erwartet:
Besonders hilfreiche Stärken
Analytische Fähigkeiten
Sorgfalt & Genauigkeit
Weitere nützliche Stärken
Selbstorganisation
Verantwortungs- und Gefahrenbewusstsein
Geforderte Schulleistungen
Schulabschluss: Mittlere Reife
Abschlussnote: gut - befriedigend
Mathematik: gut
Deutsch: gut
Englisch: gut
Hilfreiche schulische Interessen
Naturwissenschaften, IT, Technik (MINT)
Wirtschaft & Recht (WIWI)
Das kommt auf dich zu:
Arbeitsumfeld
Büro
Mögliche Arbeitszeitmodelle
feste Zeiten
Reisetätigkeit
Keine Dienstreisen oder nur in Ausnahmefällen
Besondere Arbeitsumstände
Unternehmen ist an Entwicklung von neuen Technologien beteiligt
häufige inhaltliche Abwechslung
Unternehmen hat über 500 Mitarbeiter",,,empty,,https://www.azubiyo.de/stellenanzeigen/82E6DB29/bewerben/,https://www.azubiyo.de/stellenanzeigen/82E6DB29/bewerben/,https://www.azubiyo.de/stellenanzeigen/82E6DB29/bewerben/,externe,,,,azubiyo_de,https://www.azubiyo.de/stellenanzeigen/fachinformatiker-in-fuer-anwendungsentwicklung-w-m_polifilm-services-infrastructure_82e6db29/,False,,33,,,,2026-06-12T09:54:02.080290+00:00
AZUB-g2d2b8c8,azubiyo_de_ae,Azubiyo,,"Schalksmühle, Dahlerbrück, Heedfeld, Klagebach","Im Gewerbepark 1 58579 Schalksmühle, Dahlerbrück, Heedfeld, Klagebach Nordrhein-Westfalen","Fachinformatiker:in für Anwendungsentwicklung (m/w/d) - Duales Studium möglich

- Schulabschluss: Fachoberschulreife oder besserDas erwartet Dich

Wir bieten unseren Auszubildenden regelmäßige Azubi-Tage, an denen der gemeinsame Austausch im Mittelpunkt steht – und der Spaß natürlich nicht zu kurz kommt. In spannenden Azubi-Projekten kannst du außerdem eigene Ideen einbringen. Du profitierst von einer individuellen Betreuung durch deine Ausbilder:innen und kannst dich während deiner gesamten Ausbildung auf das Spelsberg-Team verlassen, das dir bei Fragen und Anliegen stets zur Seite steht. Mit uns bist du optimal auf deine anstehenden Prüfungen vorbereitet – sodass deiner weiteren Karriere nichts mehr im Weg steht.
Du interessierst dich für ein duales Studium? Füge in deiner Bewerbung auf deinen Wunsch-Ausbildungsberuf einfach einen Vermerk hinzu, dass du an einem dualen Studium interessiert bist. Über die Einzelheiten (Studiengang und Hochschule) können wir uns gerne im Bewerbungsprozess unterhalten.","1.242,96 €, 1.297,67 €, 1.378,93 €",,Ausbildung | Fachinformatiker:in für Anwendungsentwicklung (m/w/d) - Duales Studium möglich,dual,Azubiyo ist eines der größten deutschen Ausbildungsportale mit einem breiten Angebot an freien Ausbildungs- und Dualen Studienplätzen. Mit unserem einzigartigen Matching-Verfahren bringen wir Bewerber und Unternehmen passgenau zusammen. Neben dem Stellenmarkt informiert das Portal zu allen Themen rund um Berufswahl und Bewerbung. Die Ausbildungsjobbörse gehört zur Dachmarke FUNKE Works.,"Wir bieten unseren Auszubildenden regelmäßige Azubi-Tage, an denen der gemeinsame Austausch im Mittelpunkt steht – und der Spaß natürlich nicht zu kurz kommt. In spannenden Azubi-Projekten kannst du außerdem eigene Ideen einbringen. Du profitierst von einer individuellen Betreuung durch deine Ausbilder:innen und kannst dich während deiner gesamten Ausbildung auf das Spelsberg-Team verlassen, das dir bei Fragen und Anliegen stets zur Seite steht. Mit uns bist du optimal auf deine anstehenden Prüfungen vorbereitet – sodass deiner weiteren Karriere nichts mehr im Weg steht.
Du interessierst dich für ein duales Studium? Füge in deiner Bewerbung auf deinen Wunsch-Ausbildungsberuf einfach einen Vermerk hinzu, dass du an einem dualen Studium interessiert bist. Über die Einzelheiten (Studiengang und Hochschule) können wir uns gerne im Bewerbungsprozess unterhalten.",,,empty,,https://www.azubiyo.de/stellenanzeigen/G2D2B8C8/bewerben/,https://www.azubiyo.de/stellenanzeigen/G2D2B8C8/bewerben/,https://www.azubiyo.de/stellenanzeigen/G2D2B8C8/bewerben/,externe,,,,azubiyo_de,https://www.azubiyo.de/stellenanzeigen/fachinformatikerin-fuer-anwendungsentwicklung-m-w-_guenther-spelsberg_g2d2b8c8/,False,,60,,,,2026-06-12T09:54:44.881757+00:00
AZUB-g46592c3,azubiyo_de_ae,Azubiyo,,München,Leopoldstraße 37a 80802 München Bayern,"Ausbildung zum Fachinformatiker (all genders) & Duales Studium (Wirtschafts-)Informatik

Das erwartet Dich
- Eine Ausbildung in Kooperation mit der IHK München und Oberbayern sowie ein akademisches Studium bei unserer renommierten Partnerhochschulen FOM, mit sehr guten Übernahmechancen nach Abschluss
- In wegweisenden (inter-)nationalen Entwicklungsprojekten bei namenhaften Kunden erlernst Du bei uns Programmieren und die Anwendung verschiedener Programmiersprachen
- Spannende Aufgaben und sehr gute Weiterentwicklungsmöglichkeiten
- Training on the job, unser Mentorenprogramm sowie externe & interne Schulungen machen Dich fit in den relevanten IT-Architekturen, HR-Prozessen sowie den unterschiedlichsten Programmiersprachen und -technologien
- Wir übernehmen Deine Studiengebühren und bieten Dir zusätzlich ein faires Gehalt",,,Ausbildung | zum Fachinformatiker (all genders) & Duales Studium (Wirtschafts-)Informatik,dual,Azubiyo ist eines der größten deutschen Ausbildungsportale mit einem breiten Angebot an freien Ausbildungs- und Dualen Studienplätzen. Mit unserem einzigartigen Matching-Verfahren bringen wir Bewerber und Unternehmen passgenau zusammen. Neben dem Stellenmarkt informiert das Portal zu allen Themen rund um Berufswahl und Bewerbung. Die Ausbildungsjobbörse gehört zur Dachmarke FUNKE Works.,,,,empty,,https://www.azubiyo.de/stellenanzeigen/G46592C3/bewerben/,https://www.azubiyo.de/stellenanzeigen/G46592C3/bewerben/,https://www.azubiyo.de/stellenanzeigen/G46592C3/bewerben/,externe,,,,azubiyo_de,https://www.azubiyo.de/stellenanzeigen/ausbildung-zum-fachinformatiker-all-genders--duale_projekt0708_g46592c3/,False,,47,,,,2026-06-12T09:51:06.667121+00:00
AZUB-9ec78fe3,azubiyo_de_ae,Azubiyo,,,,"Das solltest Du mitbringen:
Begeisterung für Computertechnik und an der IT allgemein
Grundwissen über Hard- und Software
Selbständiges Arbeiten aber natürlich erst recht Spaß an Teamarbeit
Lösungswille und Durchhaltevermögen bei komplexen Aufgaben
Praktikum im IT-Umfeld ist von Vorteil
ein abgebrochenes Studium ist kein Hindernis, sondern meist der ideale Einstieg!
Voraussetzungen:
Mittlere Reife/Fachhochschulreife/Abitur
deutsches Sprachniveau: C1
Ausbildungsbeginn: 1. September 2026
Ausbildungsdauer: 3 Jahre
Bereit für den nächsten Schritt?
Hast Du Fragen? Kein Problem! Sabine Leonhardt steht Dir gerne unter der Telefonnummer 0711 / 665 - 2028 zur Verfügung.
Du bist bereit, deinen Weg mit uns zu gehen?
Dann freuen wir uns auf Deine Online-Bewerbung!
Jetzt bewerben

Deine Vorteile
Weiter­bildung
Hohe Über­nah­me­quote
Betr. Alters­vor­sorge
Gute An­bin­dung
Kantine
Events
Rabatte
Barriere­frei­heit
Woh­nungs-Un­ter­stüt­zung
Ge­sund­heits­maß­nah­men
Vermögens­wirksame Leistungen
Han­dy / Tab­let / Note­book
Jobfahrrad
Flexible Arbeitszeit
Fahrt­kosten­zu­schuss
Stipendien
E-Lear­ning / On­line-Kur­se
Jetzt bewerben
Bitte nenne bei deiner Bewerbung die Referenz-Nr: AZY-9EC78FE3 Kopieren
Stuttgarter Lebensversicherung a.G.
Über den Ausbildungsbetrieb
Übereinstimmung mit deinen Stärken & Wünschen: ?
ohne Matching
mit Matching
Das wird von dir erwartet:
Besonders hilfreiche Stärken
Analytische Fähigkeiten
Eigeninitiative und Entscheidungsfreude
Neugierde und Lernbereitschaft
Geforderte Schulleistungen
Schulabschluss: Mittlere Reife
Abschlussnote: gut - befriedigend
Mathematik: Beliebiger Notendurchschnitt
Deutsch: Beliebiger Notendurchschnitt
Englisch: Beliebiger Notendurchschnitt
Hilfreiche schulische Interessen
Naturwissenschaften, IT, Technik (MINT)
Das kommt auf dich zu:
Arbeitsumfeld
Büro
Mögliche Arbeitszeitmodelle
flexible Zeiten, Gleitzeit
Reisetätigkeit
Keine Dienstreisen oder nur in Ausnahmefällen",,"Das solltest Du mitbringen:
Begeisterung für Computertechnik und an der IT allgemein
Grundwissen über Hard- und Software
Selbständiges Arbeiten aber natürlich erst recht Spaß an Teamarbeit
Lösungswille und Durchhaltevermögen bei komplexen Aufgaben
Praktikum im IT-Umfeld ist von Vorteil
ein abgebrochenes Studium ist kein Hindernis, sondern meist der ideale Einstieg!
Voraussetzungen:
Mittlere Reife/Fachhochschulreife/Abitur
deutsches Sprachniveau: C1
Ausbildungsbeginn: 1. September 2026
Ausbildungsdauer: 3 Jahre
Bereit für den nächsten Schritt?
Hast Du Fragen? Kein Problem! Sabine Leonhardt steht Dir gerne unter der Telefonnummer 0711 / 665 - 2028 zur Verfügung.
Du bist bereit, deinen Weg mit uns zu gehen?
Dann freuen wir uns auf Deine Online-Bewerbung!
Jetzt bewerben",,skip,Azubiyo ist eines der größten deutschen Ausbildungsportale mit einem breiten Angebot an freien Ausbildungs- und Dualen Studienplätzen. Mit unserem einzigartigen Matching-Verfahren bringen wir Bewerber und Unternehmen passgenau zusammen. Neben dem Stellenmarkt informiert das Portal zu allen Themen rund um Berufswahl und Bewerbung. Die Ausbildungsjobbörse gehört zur Dachmarke FUNKE Works.,"Deine Vorteile
Weiter­bildung
Hohe Über­nah­me­quote
Betr. Alters­vor­sorge
Gute An­bin­dung
Kantine
Events
Rabatte
Barriere­frei­heit
Woh­nungs-Un­ter­stüt­zung
Ge­sund­heits­maß­nah­men
Vermögens­wirksame Leistungen
Han­dy / Tab­let / Note­book
Jobfahrrad
Flexible Arbeitszeit
Fahrt­kosten­zu­schuss
Stipendien
E-Lear­ning / On­line-Kur­se
Jetzt bewerben
Bitte nenne bei deiner Bewerbung die Referenz-Nr: AZY-9EC78FE3 Kopieren
Stuttgarter Lebensversicherung a.G.
Über den Ausbildungsbetrieb
Übereinstimmung mit deinen Stärken & Wünschen: ?
ohne Matching
mit Matching
Das wird von dir erwartet:
Besonders hilfreiche Stärken
Analytische Fähigkeiten
Eigeninitiative und Entscheidungsfreude
Neugierde und Lernbereitschaft
Geforderte Schulleistungen
Schulabschluss: Mittlere Reife
Abschlussnote: gut - befriedigend
Mathematik: Beliebiger Notendurchschnitt
Deutsch: Beliebiger Notendurchschnitt
Englisch: Beliebiger Notendurchschnitt
Hilfreiche schulische Interessen
Naturwissenschaften, IT, Technik (MINT)
Das kommt auf dich zu:
Arbeitsumfeld
Büro
Mögliche Arbeitszeitmodelle
flexible Zeiten, Gleitzeit
Reisetätigkeit
Keine Dienstreisen oder nur in Ausnahmefällen",,,empty,,https://www.azubiyo.de/stellenanzeigen/9EC78FE3/bewerben/,https://www.azubiyo.de/stellenanzeigen/9EC78FE3/bewerben/,https://www.azubiyo.de/stellenanzeigen/9EC78FE3/bewerben/,externe,,,,azubiyo_de,https://www.azubiyo.de/stellenanzeigen/ausbildung-fachinformatiker-in-anwendungsentwicklu_stuttgarter-lebensversicherung_9ec78fe3/,False,,40,,,,2026-06-12T09:50:12.913005+00:00
