referenznummer,category_id,nama_perusahaan,titik_data_di_peta,posisi_kota,alamat_detail,detail_deskripsi,gaji,persyaratan,jenis_ausbildung,beruf_typ,deskripsi_perusahaan,apa_yang_ditawarkan,link_website_perusahaan,link_website_perusahaan_resmi,website_type,alamat_email_bewerbung,link_bewerbung,link_bewerbung_externe,link_bewerbung_efektif,bewerbung_sumber,kontak_penanggung_jawab,dokumen_yang_harus_dipenuhi,ba_job_url,sumber_data,ausbildung_de_url,is_duplicate_of_arbeitsagentur,duplicate_of_refnr,kelengkapan_score,tahun_mulai,bulan_mulai,tanggal_mulai,scraped_at
KSW-705602,karriere_sw_ae,IAL® Institut für angewandte Logistik GmbH,,Aachen,Metzgerstraße 63 52070 Aachen,"Umschulung Fachinformatiker/in der Fachrichtung Anwendungsentwicklung

Bei Vorliegen entsprechender persönlicher Voraussetzungen ist eine Förderung durch die Agentur für Arbeit, die Jobcenter und andere Kostenträger möglich.",,"Bei Vorliegen entsprechender persönlicher Voraussetzungen ist eine Förderung durch die Agentur für Arbeit, die Jobcenter und andere Kostenträger möglich.",Ausbildung | Umschulung Fachinformatiker/in der Fachrichtung Anwendungsentwicklung,ae,,,,,empty,bloehdorn@ial.de,https://www.ial.de/kontakt/,https://www.ial.de/kontakt/,https://www.ial.de/kontakt/,externe,Hier finden Sie alle Kontaktinformationen: https://www.ial.de/kontakt/,,,karriere_suedwestfalen_de,https://www.karriere-suedwestfalen.de/ausbildung/umschulung-fachinformatiker-der-fachrichtung-anwendungsentwicklung-705602,False,,60,,,,2026-06-13T14:44:42.251762+00:00
KSW-705685,karriere_sw_ae,IAL® Institut für angewandte Logistik GmbH,,Aachen,Metzgerstraße 63 52070 Aachen,"Vorbereitung auf die Externprüfung Fachinformatiker/in für Anwendungsentwicklung

Bei Vorliegen entsprechender persönlicher Voraussetzungen ist eine Förderung durch die Agentur für Arbeit, die Jobcenter und andere Kostenträger möglich.",,"Bei Vorliegen entsprechender persönlicher Voraussetzungen ist eine Förderung durch die Agentur für Arbeit, die Jobcenter und andere Kostenträger möglich.",Ausbildung | Vorbereitung auf die Externprüfung Fachinformatiker/in für Anwendungsentwicklung,ae,,,,,empty,bloehdorn@ial.de,https://www.ial.de/kontakt/,https://www.ial.de/kontakt/,https://www.ial.de/kontakt/,externe,Hier finden Sie alle Kontaktinformationen: https://www.ial.de/kontakt/,,,karriere_suedwestfalen_de,https://www.karriere-suedwestfalen.de/ausbildung/vorbereitung-auf-die-externpruefung-fachinformatiker-fuer-anwendungsentwicklung-705685,False,,60,,,,2026-06-13T14:44:48.230145+00:00
KSW-574675,karriere_sw_ae,HST Systemtechnik GmbH & Co. KG,,Duisburg,Am Nienhaushof 13 47139 Duisburg,"Ausbildung zum Fachinformatiker für Anwendungsentwicklung für 2026 (m/w/d)

Das lernst Du bei uns:
- Mitarbeit an der Konzeption und Realisierung von Software für verschiedene Zielsysteme
- Modulation von Datenbanken (z.B. mit Oracle oder Microsoft SQL)
- Testen von Software und Qualitätsmanagement
- Weitere Schwerpunkte können die Softwarebetreuung, Software-Wartung und Systemintegration sein

Das bringst Du mit:
- Erfolgreich abgeschlossene Fachoberschulreife oder eine vergleichbare Qualifikation
- IT-Affinität sowie Interesse an Programmierung
- Einsatzbereitschaft und Zuverlässigkeit
- Spaß an Teamarbeit als auch eigenständigem Arbeiten

Wir bieten Dir:
- Eine praxisorientierte und abwechslungsreiche Ausbildung und ausführliche Einarbeitung
- Eine attraktive Ausbildungsvergütung: Schon im ersten Jahr verdienst du 1.000€ im Monat - mit regelmäßiger Steigerung in den Folgejahren!
- Optimale Unterstützung bei deiner Ausbildung sowie deiner Abschlussprüfung
- Weiterbildungsmöglichkeiten im Rahmen der Personalentwicklung
- Sehr gute Übernahmechancen in ein sicheres Arbeitsumfeld
- Kostenlose Getränke und wöchentliches Mittagessen
Bewirb dich jetzt! Sei ein Wasserretter bei HST - Gestalte mit uns die Zukunft der Wasserbranche.
Jetzt bewerben! HST Systemtechnik GmbH & Co. KG
Frau Eliza Kryeziu
Heinrichsthaler Straße 8
59872 Meschede
mailto: bewerbung@hst.de
Tel. 02919929956",,"Das bringst Du mit:
- Erfolgreich abgeschlossene Fachoberschulreife oder eine vergleichbare Qualifikation
- IT-Affinität sowie Interesse an Programmierung
- Einsatzbereitschaft und Zuverlässigkeit
- Spaß an Teamarbeit als auch eigenständigem Arbeiten",Ausbildung zum Fachinformatiker für Anwendungsentwicklung für 2026 (m/w/d),ae,,"Wir bieten Dir:
- Eine praxisorientierte und abwechslungsreiche Ausbildung und ausführliche Einarbeitung
- Eine attraktive Ausbildungsvergütung: Schon im ersten Jahr verdienst du 1.000€ im Monat - mit regelmäßiger Steigerung in den Folgejahren!
- Optimale Unterstützung bei deiner Ausbildung sowie deiner Abschlussprüfung
- Weiterbildungsmöglichkeiten im Rahmen der Personalentwicklung
- Sehr gute Übernahmechancen in ein sicheres Arbeitsumfeld
- Kostenlose Getränke und wöchentliches Mittagessen
Bewirb dich jetzt! Sei ein Wasserretter bei HST - Gestalte mit uns die Zukunft der Wasserbranche.
Jetzt bewerben! HST Systemtechnik GmbH & Co. KG
Frau Eliza Kryeziu
Heinrichsthaler Straße 8
59872 Meschede
mailto: bewerbung@hst.de
Tel. 02919929956",,,empty,eliza.kryeziu@hst.de,https://jobs.hst.de/job-ausbildung-zum-fachinformatiker-fuer-anwendungsentwicklung-fuer-2026-m-w-d-meschede-2710.html,https://jobs.hst.de/job-ausbildung-zum-fachinformatiker-fuer-anwendungsentwicklung-fuer-2026-m-w-d-meschede-2710.html,https://jobs.hst.de/job-ausbildung-zum-fachinformatiker-fuer-anwendungsentwicklung-fuer-2026-m-w-d-meschede-2710.html,externe,,,,karriere_suedwestfalen_de,https://www.karriere-suedwestfalen.de/ausbildung/ausbildung-zum-fachinformatiker-fuer-anwendungsentwicklung-fuer-2026-574675,False,,60,,,,2026-06-13T14:41:51.771756+00:00
KSW-267027,karriere_sw_ae,transfluid® Maschinenbau GmbH,,Schmallenberg,Hünegräben 17-24 57392 Schmallenberg,"Fachinformatiker für Anwendungsentwicklung (m/w/d)

- ZielstrebigkeitSchulische Voraussetzungen:
- mind. mittlerer BildungsabschlussWichtige Schulfächer:
- Mathematik
- Englisch
- InformatikAusbildungsdauer:
- 3 JahreBerufsschule:
- 1 bis 2 x pro Woche in Meschede

- interne und externe SchulungenAusbildung mit Zukunft! Das ist in diesem Fall unsere Devise. Wir bieten nicht nur eine erstklassige Ausbildung, sondern auch nach erfolgreich bestandener Abschlussprüfung, ausgezeichnete berufliche Perspektiven im eigenen Unternehmen.
Vergütung:
Bei uns verdienst Du im Branchenvergleich überdurchschnittlich gut. Wie hoch Deine Ausbildungsvergütung aktuell ist, erfährst Du hier: https://www.transfluid.de/unternehmen/ausbildungsverguetung
Deine Benefits:
- Bereitstellung eines Apple iPad & Pencil - für digitales Lernen & smartes Arbeiten von Anfang an.
- Fahrtkosten & Schulmaterialien - wir übernehmen die Kosten & Du sparst Geld.
- Steuerfreie Gutscheine - nach der Probezeit laden wir wahlweise Deine Schmallenberger CityCard oder Deine Raiffeisen-Tankkarte monatlich mit 50 € auf.
- Weiterbildungen & Seminare - schon während der Ausbildung & auch danach.
- Prüfungsvorbereitung – die Organisation, Buchung & Kosten übernehmen wir für Dich.
- Unser jährlicher Azubi-Tag - Austausch, Teamspirit & ein besonderes Event nur für Euch Azubis.
- Auslandspraktikum mit Erasmus+ - wir unterstützen Dich bei der Sammlung von internationalen Erfahrungen, indem wir Dich freistellen & Kosten für die Flüge übernehmen.
Bei transfluid® tauchst Du mitten in die Praxis ein - Im Gegensatz zu anderen Betrieben glauben wir nicht an eine Lehrwerkstatt.
Erfolge sehen wir aus Erfahrung nur dann, wenn die Auszubildenden von Anfang an den ""echten"" Berufsalltag kennenlernen. Tatsächliche Verantwortung innerhalb realer und wichtiger Prozesse lässt unsere Auszubildenden zusammen mit unseren Ausbildern täglich an ihren Aufgaben wachsen.
Es ist der Stolz, der Dich durchströmt, wenn Du Dein erstes eigenes Projekt fertigstellst und dem Kunden oder dem Kollegium präsentieren kannst.
Erlebe auch Du, was in dir steckt! Jetzt bewerben!
transfluid® Maschinenbau GmbH
Carla Henderkes
Hünegräben 17-24
57392 Schmallenberg
Tel. 02972 9715 753",,"- ZielstrebigkeitSchulische Voraussetzungen:
- mind. mittlerer BildungsabschlussWichtige Schulfächer:
- Mathematik
- Englisch
- InformatikAusbildungsdauer:
- 3 JahreBerufsschule:
- 1 bis 2 x pro Woche in Meschede",Ausbildung | Fachinformatiker für Anwendungsentwicklung (m/w/d),ae,,"- interne und externe SchulungenAusbildung mit Zukunft! Das ist in diesem Fall unsere Devise. Wir bieten nicht nur eine erstklassige Ausbildung, sondern auch nach erfolgreich bestandener Abschlussprüfung, ausgezeichnete berufliche Perspektiven im eigenen Unternehmen.
Vergütung:
Bei uns verdienst Du im Branchenvergleich überdurchschnittlich gut. Wie hoch Deine Ausbildungsvergütung aktuell ist, erfährst Du hier: https://www.transfluid.de/unternehmen/ausbildungsverguetung
Deine Benefits:
- Bereitstellung eines Apple iPad & Pencil - für digitales Lernen & smartes Arbeiten von Anfang an.
- Fahrtkosten & Schulmaterialien - wir übernehmen die Kosten & Du sparst Geld.
- Steuerfreie Gutscheine - nach der Probezeit laden wir wahlweise Deine Schmallenberger CityCard oder Deine Raiffeisen-Tankkarte monatlich mit 50 € auf.
- Weiterbildungen & Seminare - schon während der Ausbildung & auch danach.
- Prüfungsvorbereitung – die Organisation, Buchung & Kosten übernehmen wir für Dich.
- Unser jährlicher Azubi-Tag - Austausch, Teamspirit & ein besonderes Event nur für Euch Azubis.
- Auslandspraktikum mit Erasmus+ - wir unterstützen Dich bei der Sammlung von internationalen Erfahrungen, indem wir Dich freistellen & Kosten für die Flüge übernehmen.
Bei transfluid® tauchst Du mitten in die Praxis ein - Im Gegensatz zu anderen Betrieben glauben wir nicht an eine Lehrwerkstatt.
Erfolge sehen wir aus Erfahrung nur dann, wenn die Auszubildenden von Anfang an den ""echten"" Berufsalltag kennenlernen. Tatsächliche Verantwortung innerhalb realer und wichtiger Prozesse lässt unsere Auszubildenden zusammen mit unseren Ausbildern täglich an ihren Aufgaben wachsen.
Es ist der Stolz, der Dich durchströmt, wenn Du Dein erstes eigenes Projekt fertigstellst und dem Kunden oder dem Kollegium präsentieren kannst.
Erlebe auch Du, was in dir steckt! Jetzt bewerben!
transfluid® Maschinenbau GmbH
Carla Henderkes
Hünegräben 17-24
57392 Schmallenberg
Tel. 02972 9715 753",,,empty,chenderkes@transfluid.de,https://transfluid.talentstorm.de/bewerbung/fachinformatiker-fuer-anwendungsentwicklung-m-w-d-7274,https://transfluid.talentstorm.de/bewerbung/fachinformatiker-fuer-anwendungsentwicklung-m-w-d-7274,https://transfluid.talentstorm.de/bewerbung/fachinformatiker-fuer-anwendungsentwicklung-m-w-d-7274,externe,,,,karriere_suedwestfalen_de,https://www.karriere-suedwestfalen.de/ausbildung/fachinformatiker-fuer-anwendungsentwicklung-267027,False,,60,,,,2026-06-13T14:44:18.437693+00:00
KSW-797411,karriere_sw_ae,Standard-Metallwerke GmbH,,Werl,Rustigestraße 11 59457 Werl,"Fachinformatiker Anwendungsentwicklung (m/w/d)

Wir bieten interessante Tätigkeiten, spannende Herausforderungen und gute Perspektiven für die Zukunft in unserem Unternehmen. Die Qualität unserer Ausbildung spiegelt sich auch darin wieder, dass unsere Azubis immer wieder zu den Besten ihres Jahrgangs gehören.
Die Standard-Metallwerke GmbH ist ein mittelständisches Unternehmen, das mit über 400 Mitarbeitern Präzisionsrohre aus Aluminium und Kupfer, sowie Rohrkomponenten für Leitungssysteme (Automobil) und Flachleiter für die moderne Stromversorgung produziert.
- Leistungs- und Geschäftsprozesse
- Arbeitsorganisation und Arbeitsmethoden
- Einfache vernetzte Informations- und Telekommunikationssysteme
- Konzeption, Wartung und Pflege von Systemlösungen
- Informationstechnische Systeme (Architektur, Datenbanken, Schnittstellen)
- Firmenspezifische Anwendungslösungen (Anpassung, Softwarepflege, Bedienoberflächen)
- Projektplanung, -durchführung und -kontrolle
- Allgemeine Hochschulreife oder Fachhochschulreife
- Mathematisches, technisches Verständnis
- Gute PC-Kenntnisse
- Logisches Denken",,,Ausbildung | Fachinformatiker Anwendungsentwicklung (m/w/d),ae,,"Wir bieten interessante Tätigkeiten, spannende Herausforderungen und gute Perspektiven für die Zukunft in unserem Unternehmen. Die Qualität unserer Ausbildung spiegelt sich auch darin wieder, dass unsere Azubis immer wieder zu den Besten ihres Jahrgangs gehören.
Die Standard-Metallwerke GmbH ist ein mittelständisches Unternehmen, das mit über 400 Mitarbeitern Präzisionsrohre aus Aluminium und Kupfer, sowie Rohrkomponenten für Leitungssysteme (Automobil) und Flachleiter für die moderne Stromversorgung produziert.
- Leistungs- und Geschäftsprozesse
- Arbeitsorganisation und Arbeitsmethoden
- Einfache vernetzte Informations- und Telekommunikationssysteme
- Konzeption, Wartung und Pflege von Systemlösungen
- Informationstechnische Systeme (Architektur, Datenbanken, Schnittstellen)
- Firmenspezifische Anwendungslösungen (Anpassung, Softwarepflege, Bedienoberflächen)
- Projektplanung, -durchführung und -kontrolle
- Allgemeine Hochschulreife oder Fachhochschulreife
- Mathematisches, technisches Verständnis
- Gute PC-Kenntnisse
- Logisches Denken",,,empty,ausbildung@standardmetall.de,https://standardmetall.de/ausbildungsberufe/fachinformatiker-anwendungsentwicklung/,https://standardmetall.de/ausbildungsberufe/fachinformatiker-anwendungsentwicklung/,https://standardmetall.de/ausbildungsberufe/fachinformatiker-anwendungsentwicklung/,externe,"- Team- und Kontaktfähigkeit
- Englischkenntnisse Als zertifizierter Ausbildungsbetrieb eine sehr gute, interessant und abwechslungsreiche Ausbildung in einem mittelständischen Unternehmen mit offener Kommunikation und gutem Betriebsklima.
Fühlst du dich angesprochen?
Dann bewirb dich um einen Platz in unserem Hause!",,,karriere_suedwestfalen_de,https://www.karriere-suedwestfalen.de/ausbildung/fachinformatiker-anwendungsentwicklung-797411,False,,60,,,,2026-06-13T14:44:15.382887+00:00
KSW-831918,karriere_sw_ae,GONICUS GmbH,,Arnsberg,Möhnestraße 55 59755 Arnsberg,"Auszubildender zum Fachinformatiker Anwendungsentwicklung (all genders) für 2027

- Wir bieten Dir nach der Ausbildung bei Übernahme eine betriebliche Altersvorsorge.
- Ein externes Lebenslagencoaching steht dir bei Problemen und Herausforderungen aller Art, egal ob privat oder beruflich, rund um die Uhr zur Verfügung.
- Durch regelmäßige Events stärken wir den Zusammenhalt und sorgen für gute Laune.
- Wir bieten dir eine Prämie für die Anwerbung neuer Mitarbeiter aus deinem Freundes- oder Bekanntenkreis.
- Es gibt die Möglichkeit für Provisionen und Umsatzbeteiligungen bei der Akquise von Neukunden.
- Unsere Chillout Area mit Küche verfügt über Kicker, Dartscheibe, TV und Kaffeevollautomat zur freien Benutzung.
Parkmöglichkeiten gibt es direkt am Kaiserhaus und Du kommst zu Fuß in die Neheimer Innenstadt.
- Wir sind ausgezeichnet als TOP COMPANY und OPEN COMPANY auf kununu.",,,Ausbildung | Auszubildender zum Fachinformatiker Anwendungsentwicklung (all genders) für 2027,ae,,"- Wir bieten Dir nach der Ausbildung bei Übernahme eine betriebliche Altersvorsorge.
- Ein externes Lebenslagencoaching steht dir bei Problemen und Herausforderungen aller Art, egal ob privat oder beruflich, rund um die Uhr zur Verfügung.
- Durch regelmäßige Events stärken wir den Zusammenhalt und sorgen für gute Laune.
- Wir bieten dir eine Prämie für die Anwerbung neuer Mitarbeiter aus deinem Freundes- oder Bekanntenkreis.
- Es gibt die Möglichkeit für Provisionen und Umsatzbeteiligungen bei der Akquise von Neukunden.
- Unsere Chillout Area mit Küche verfügt über Kicker, Dartscheibe, TV und Kaffeevollautomat zur freien Benutzung.
Parkmöglichkeiten gibt es direkt am Kaiserhaus und Du kommst zu Fuß in die Neheimer Innenstadt.
- Wir sind ausgezeichnet als TOP COMPANY und OPEN COMPANY auf kununu.",,,empty,jobs@gonicus.de,,,,none,"- Aufgeschlossenheit, Kontaktfreudigkeit und Spaß an Teamarbeit
- Ein guter Schulabschluss – ganz gleich, ob Mittlere Reife, (Fach‑)Abitur oder ein vergleichbarer Abschluss
Was erwartet Dich?
- 40 Std./Woche
- 30 Tage Urlaub
- Flexible Arbeitszeiten im Rahmen unserer Kernarbeitszeiten (10:00 bis 16:00 Uhr)
- Homeoffice-Möglichkeiten
Was bieten wir außerdem?
- Die Chance, als Mitglied eines tollen, hilfsbereiten Teams in einem innovativen und zukunftsorientierten Unternehmen, Teil der GONICUS-Familie zu werden.
- Wir übernehmen für unsere Azubis die Hälfte der Kosten des Deutschlandtickets zur Nutzung der öffentlichen Verkehrsmittel.
- Du erhältst Zugang zum Vorteilsportal ""Corporate Benefits"". Damit erhältst Du exklusiven Zugang zu attraktiven Vergünstigungen und Sonderkonditionen bei zahlreichen bekannten Marken und Anbietern aus den Bereichen Shopping, Reisen, Technik, Freizeit und vieles mehr.
- Wir leben unsere Prinzipien – auch intern setzen wir konsequent auf Open Source, vom Betriebssystem bis zum Office Paket.
- Genauso leben wir unsere Offenheit: flache Hierarchien, Duzen über alle Hierarchieebenen hinweg und das Prinzip der offenen Tür bedingen einen kurzen Draht zum Vorgesetzten.
- Es gibt viel Platz für Innovation und eigene Ideen.
- Es gibt viele Perspektiven zur Weiterbildung und Entwicklung Deiner Fähigkeiten durch externe Trainer (z.B. LPI-Zertifizierungen) und internen Wissenstransfer (wir legen Wert auf Workshops von Kollegen für Kollegen, bspw. zu den Themen LDAP, Red Hat Satellite oder Compilerbau). Außerdem ermöglichen wir Dir den Besuch von Messen oder Konferenzen. So bleibst Du auf dem neuesten Stand und hast die Chance, neue Themenbereiche zu erschließen.
- Es gibt ein strukturiertes Onboarding mit einem Paten, der Dir in der Anfangszeit mit Rat und Tat zur Seite steht, wodurch Du schnell Anschluss findest.
- Wir tun etwas für deine Gesundheit: unsere Büroräume sind modern und gut ausgestattet mit ergonomischen Büromöbeln (z.B. höhenverstellbare Schreibtische), es gibt Walkingpads, aktive sportliche Betätigung/Stressabbau/Ernährungsberatung wird monatlich bezuschusst, eine Bildschirmarbeitsplatzbrille wird bezuschusst, es gibt wöchentlich einen frischen Obst- und Gemüsekorb sowie gelegentliche Specials wie Büro-Yoga.
- Bei Übernahme nach der Ausbildung hast die Möglichkeit ein Jobrad zu leasen.
Ihr Ansprechpartner:
GONICUS GmbH
Frau Heike Ahlmer
Tel. 02932 916-140
E-Mail: jobs@gonicus.de
Vollständige Bewerbungsunterlagen bitte an: jobs@gonicus.de",,,karriere_suedwestfalen_de,https://www.karriere-suedwestfalen.de/ausbildung/auszubildender-zum-fachinformatiker-anwendungsentwicklung-all-genders-fuer-2027-831918,False,,53,,,,2026-06-13T14:44:00.499759+00:00
KSW-103323,karriere_sw_ae,nexoma GmbH,,Arnsberg,Möhnestraße 53 59755 Arnsberg,"Ausbildung: Fachinformatiker (m/w/d) mit der Fachrichtung Anwendungsentwicklung 2026

Wir bieten dir:
Eine spannende und abwechslungsreiche Ausbildung in einem innovativen, anerkannten IHK-Ausbildungsbetrieb. Die Ausbildung dauert 3 Jahre und erfolgt im dualen System, teilweise im Unternehmen und in der Berufsschule.
Der Fokus bei nexoma liegt auf der Softwareentwicklung von mobilen Lösungen wie Apps, Shops und elektronischen Produktkatalogen. Du erlangst in kleineren Ausbildungsprojekten dein Know-How und kannst es später auch in Projekten beim und mit dem Kunden anwenden. Bringe eigene Ideen ein und mache erste eigene Erfahrungen!
- Erlernen gängiger Programmiersprachen und deren Anwendung
- Verstehen wie Software entsteht und wie du sie entwickeln kannst
- Sehen, wie aus Kunden-Anforderungen konkrete Konzepte und später IT-Lösungen entstehen
- Vertiefen in Theorie und Praxis das notwendige Wissen
Du passt zu uns, wenn du:
- einen guten Abschluss der Fachoberschule besonders in Mathe, Deutsch und Englisch hast
- oder Studienabbrecher der IT/Wirtschaftsinformatik bist
- eine große Portion IT-Begeisterung und Forscherdrang besitzt
- erste Kenntnisse in der App-Entwicklung oder bei Programmiersprachen mitbringst
- Interesse an neuen Technologien hast
- Aufgeschlossenheit, Motivation und Lernbereitschaft zu deinen Skills gehören
- du selbständig und eigenverantwortlich arbeitest und man sich auf dich verlassen kann
- Spaß an der Teamarbeit hast
Bei uns findest du:
- topaktuelle Technologien und Produkte
- innovative Projekte
- Spielraum für eigene Ideen und vielseitige Weiterbildungsmöglichkeiten
- ausgezeichnete Übernahmemöglichkeiten bei bestandener Abschlussprüfung
- attraktive Annehmlichkeiten, wie z.B. kostenlose Getränke, Snacks, frisches Obst und eine Müslibar
- einen zentral gelegenen Arbeits- und Ausbildungsplatz mit modernster Ausstattung
- flache Hierarchien, hohe Wertschätzung und eine super Team-Atmosphäre mit Firmenevents und gemeinsamen Mitarbeiteraktivitäten
nexoma GmbH
Frau Susanne Ernst
Möhnestraße 53
59755 Arnsberg
per Mail: mycareer@nexoma.com",,,Ausbildung: Fachinformatiker (m/w/d) mit der Fachrichtung Anwendungsentwicklung 2026,ae,,"Wir bieten dir:
Eine spannende und abwechslungsreiche Ausbildung in einem innovativen, anerkannten IHK-Ausbildungsbetrieb. Die Ausbildung dauert 3 Jahre und erfolgt im dualen System, teilweise im Unternehmen und in der Berufsschule.
Der Fokus bei nexoma liegt auf der Softwareentwicklung von mobilen Lösungen wie Apps, Shops und elektronischen Produktkatalogen. Du erlangst in kleineren Ausbildungsprojekten dein Know-How und kannst es später auch in Projekten beim und mit dem Kunden anwenden. Bringe eigene Ideen ein und mache erste eigene Erfahrungen!
- Erlernen gängiger Programmiersprachen und deren Anwendung
- Verstehen wie Software entsteht und wie du sie entwickeln kannst
- Sehen, wie aus Kunden-Anforderungen konkrete Konzepte und später IT-Lösungen entstehen
- Vertiefen in Theorie und Praxis das notwendige Wissen
Du passt zu uns, wenn du:
- einen guten Abschluss der Fachoberschule besonders in Mathe, Deutsch und Englisch hast
- oder Studienabbrecher der IT/Wirtschaftsinformatik bist
- eine große Portion IT-Begeisterung und Forscherdrang besitzt
- erste Kenntnisse in der App-Entwicklung oder bei Programmiersprachen mitbringst
- Interesse an neuen Technologien hast
- Aufgeschlossenheit, Motivation und Lernbereitschaft zu deinen Skills gehören
- du selbständig und eigenverantwortlich arbeitest und man sich auf dich verlassen kann
- Spaß an der Teamarbeit hast
Bei uns findest du:
- topaktuelle Technologien und Produkte
- innovative Projekte
- Spielraum für eigene Ideen und vielseitige Weiterbildungsmöglichkeiten
- ausgezeichnete Übernahmemöglichkeiten bei bestandener Abschlussprüfung
- attraktive Annehmlichkeiten, wie z.B. kostenlose Getränke, Snacks, frisches Obst und eine Müslibar
- einen zentral gelegenen Arbeits- und Ausbildungsplatz mit modernster Ausstattung
- flache Hierarchien, hohe Wertschätzung und eine super Team-Atmosphäre mit Firmenevents und gemeinsamen Mitarbeiteraktivitäten
nexoma GmbH
Frau Susanne Ernst
Möhnestraße 53
59755 Arnsberg
per Mail: mycareer@nexoma.com",,,empty,mycareer@nexoma.com,https://nexoma.de/nexoma/#nkontakt,https://nexoma.de/nexoma/#nkontakt,https://nexoma.de/nexoma/#nkontakt,externe,,,,karriere_suedwestfalen_de,https://www.karriere-suedwestfalen.de/ausbildung/ausbildung-fachinformatiker-mit-der-fachrichtung-anwendungsentwicklung-2026-103323,False,,53,,,,2026-06-13T14:41:13.116916+00:00
KSW-736581,karriere_sw_ae,dicom GmbH,,Ehrenkirchen,Im Ebnet 6 79238 Ehrenkirchen,"Ausbildung Fachinformatiker für Anwendungsentwicklung (m/w/d)

Wir bieten dir viel Raum für deine innovativen Ideen in einem wachstumsstarken Umfeld mit neuesten Technologien und Produkten. Bei uns kannst du dich einbringen und etwas bewegen.
Das wird dein Job…
- Du erlernst neue Programmiersprachen wie (C#,Angular)
- Du erlernst Methoden der Softwareentwicklung und den Umgang mit modernen Entwicklertools
- Du lernst Softwareprojekte zu planen und zu realisieren
- Du führst Tests zur Qualitätssicherung durch
- Du dokumentierst Applikationen benutzergerecht und organisierst die Installation und Einweisung
Das wünschen wir uns...
- Du hast mindestens die Fachoberschulreife oder einen höheren Abschluss
- Du bringst Erfahrung im Umgang mit Computern und Basiswissen über Softwares mit
- Du hast gute Deutsch- und Englischkenntnisse
- Du begeisterst dich für eine abwechslungsreiche und verantwortungsvolle Tätigkeit
- Du arbeitest gerne im Team, selbstständig, sowie projekt- und lösungsorientiert
Das spricht für dicom…
- Hohe Eigenverantwortung und kurze Entscheidungswege
- Regelmäßige Team-Events
- Ein starkes Team, sowie freundliche Kollegen*innen die dich tatkräftig unterstützen Du passt zu uns, wenn folgende Werte für dich wichtig sind:
- Zusammenarbeit und Verlässlichkeit
- Fachwissen und Kompetenz
- Vertrauen und Ehrlichkeit
- Innovation und Flexibilität
Wenn dich der Job und unser Team anspricht, bewirb dich und schicke uns deine Bewerbung per E-Mail an bewerbung@dicom.de.",,,Ausbildung Fachinformatiker für Anwendungsentwicklung (m/w/d),ae,,"Wir bieten dir viel Raum für deine innovativen Ideen in einem wachstumsstarken Umfeld mit neuesten Technologien und Produkten. Bei uns kannst du dich einbringen und etwas bewegen.
Das wird dein Job…
- Du erlernst neue Programmiersprachen wie (C#,Angular)
- Du erlernst Methoden der Softwareentwicklung und den Umgang mit modernen Entwicklertools
- Du lernst Softwareprojekte zu planen und zu realisieren
- Du führst Tests zur Qualitätssicherung durch
- Du dokumentierst Applikationen benutzergerecht und organisierst die Installation und Einweisung
Das wünschen wir uns...
- Du hast mindestens die Fachoberschulreife oder einen höheren Abschluss
- Du bringst Erfahrung im Umgang mit Computern und Basiswissen über Softwares mit
- Du hast gute Deutsch- und Englischkenntnisse
- Du begeisterst dich für eine abwechslungsreiche und verantwortungsvolle Tätigkeit
- Du arbeitest gerne im Team, selbstständig, sowie projekt- und lösungsorientiert
Das spricht für dicom…
- Hohe Eigenverantwortung und kurze Entscheidungswege
- Regelmäßige Team-Events
- Ein starkes Team, sowie freundliche Kollegen*innen die dich tatkräftig unterstützen Du passt zu uns, wenn folgende Werte für dich wichtig sind:
- Zusammenarbeit und Verlässlichkeit
- Fachwissen und Kompetenz
- Vertrauen und Ehrlichkeit
- Innovation und Flexibilität
Wenn dich der Job und unser Team anspricht, bewirb dich und schicke uns deine Bewerbung per E-Mail an bewerbung@dicom.de.",,,empty,bewerbung@dicomputer.de,,,,none,"Kontakt dicom GmbH
Stephanie Gierelt
Olper Hütte 5d
54762 Olpe
Tel. : +49 (0) 2761 80 08 - 0
Fax.: +49 (0) 2761 80 08 - 40
jobs@selectline.com
www.dicom.de",,,karriere_suedwestfalen_de,https://www.karriere-suedwestfalen.de/ausbildung/ausbildung-fachinformatiker-fuer-anwendungsentwicklung-736581,False,,53,,,,2026-06-13T14:41:04.864567+00:00
KSW-627675,karriere_sw_ae,ALFHA GmbH & Co. KG,,Finnentrop,Giebelscheidstraße 23 57413 Finnentrop,Ausbildung zum Fachinformatiker für Anwendungsentwicklung (m/w/d),,,Ausbildung zum Fachinformatiker für Anwendungsentwicklung (m/w/d),ae,,,,,empty,vanessa.gimmerthal@alfha.de,https://alfha.de/ausbildung-karriere#online-bewerbung,https://alfha.de/ausbildung-karriere#online-bewerbung,https://alfha.de/ausbildung-karriere#online-bewerbung,externe,"Deine Ansprechpartnerin ist Vanessa Gimmerthal.
E-Mail: vanessa.gimmerthal@alfha.de
Tel. 02724 2881-0",,,karriere_suedwestfalen_de,https://www.karriere-suedwestfalen.de/ausbildung/ausbildung-zum-fachinformatiker-fuer-anwendungsentwicklung-627675,False,,53,,,,2026-06-13T14:41:49.137319+00:00
KSW-716410,karriere_sw_ae,DIAL GmbH,,Lüdenscheid,Bahnhofsallee 18 58507 Lüdenscheid,Ausbildung: Fachinformatiker*in Anwendungsentwicklung (m/w/d),,,Ausbildung: Fachinformatiker*in Anwendungsentwicklung (m/w/d),ae,,,,,empty,fischbach@dial.de,https://www.dial.de/de-DE/karriere/bewerbung-zur-ausbildung,https://www.dial.de/de-DE/karriere/bewerbung-zur-ausbildung,https://www.dial.de/de-DE/karriere/bewerbung-zur-ausbildung,externe,"- Du stehst in Kontakt mit unseren internationalen Kunden
- Vertrauensarbeitszeit
- Agile Arbeitsmethoden
- Interne und externe Weiterbildung
- Homeoffice
- Offenheit für Teilzeit
- Sabbatical
- Betriebliche Altersvorsorge
- Dienstwagenleasing
- Fahrradleasing (JobRad) DIAL GmbH
Bahnhofsallee 18
58507 Lüdenscheid
Ansprechpartnerin
Ines Fischbach
+49 2351 5674 403
fischbach@dial.de
Du bist interessiert?
Wir suchen Kolleg*innen, die ihre Projekte mit innovativen Ideen und Leidenschaft vorantreiben. Wir freuen uns auf deine Bewerbung!
Jetzt bewerben",,,karriere_suedwestfalen_de,https://www.karriere-suedwestfalen.de/ausbildung/ausbildung-fachinformatiker-in-anwendungsentwicklung-716410,False,,53,,,,2026-06-13T14:41:10.414044+00:00
KSW-34710,karriere_sw_ae,Martinrea Honsel Germany GmbH,,Meschede,Fritz-Honsel-Straße 30 59872 Meschede,Ausbildung zum Fachinformatiker (m/w/d) für Anwendungsentwicklung,,,Ausbildung zum Fachinformatiker (m/w/d) für Anwendungsentwicklung,ae,,,,,empty,ausbildung@martinrea.com,https://martinreahonsel.prevueaps.com/jobs/,https://martinreahonsel.prevueaps.com/jobs/,https://martinreahonsel.prevueaps.com/jobs/,externe,"- Internationale Kontakte
- Hohe Ausbildungsvergütung nach Metalltarif
- Subventioniertes Mittagessen im eigenen Betriebsrestaurant
- Betriebliches Gesundheitsmanagement
Ausbildungsdauer: 3 Jahre
Bewirb dich jetzt über unser Onlinebewerbermanagement.
Martinrea Honsel Germany GmbH
Dieter Berndt
Leiter Personalentwicklung
Tel. 0291 291 256",,,karriere_suedwestfalen_de,https://www.karriere-suedwestfalen.de/ausbildung/ausbildung-zum-fachinformatiker-fuer-anwendungsentwicklung-34710,False,,53,,,,2026-06-13T14:41:43.635007+00:00
KSW-782980,karriere_sw_ae,effexx Kommunikations- und Meldesysteme Verwaltungs GmbH,,Netphen,Obere Industriestraße 8 57250 Netphen,Ausbildung zum Fachinformatiker (m/w/d) Fachrichtung Anwendungsentwicklung - Beginn 2026,,,Ausbildung zum Fachinformatiker (m/w/d) Fachrichtung Anwendungsentwicklung - Beginn 2026,ae,,,,,empty,hr@effexx.com,https://karriere.effexx.com/de/jobposting/1c7a637c000590e0edc022b76358b35d24c34ef80/apply,https://karriere.effexx.com/de/jobposting/1c7a637c000590e0edc022b76358b35d24c34ef80/apply,https://karriere.effexx.com/de/jobposting/1c7a637c000590e0edc022b76358b35d24c34ef80/apply,externe,"- Der Kontakt mit Menschen bereitet Ihnen Freude.
- Fingergeschick und Farbsehtüchtigkeit sind vorhanden. Weitere Benefits finden Sie unter https://www.effexx.com/ausbildung
Bei Fragen zum Ausbildungsberuf und zu uns als Ausbildungsbetrieb kontaktieren Sie uns gerne.
effexx Kommunikations- und Meldesysteme Verwaltungs GmbH
Herr Alexander Heimes
Obere Industriestraße 8
57250 Netphen",,,karriere_suedwestfalen_de,https://www.karriere-suedwestfalen.de/ausbildung/ausbildung-zum-fachinformatiker-fachrichtung-anwendungsentwicklung-beginn-2026-782980,False,,53,,,,2026-06-13T14:41:32.949514+00:00
KSW-688704,karriere_sw_ae,Buhl Data Service GmbH,,Neunkirchen,Am Siebertsweiher 3/5 57290 Neunkirchen,"Ausbildung Fachinformatiker Anwendungsentwicklung (Ausbildungsstart 2026)

DEIN PROFIL:
- Du verfügst idealerweise über eine Fachhochschulreife oder Abitur (gerne auch Studienabbrecher der Fachrichtung Informatik) und hast ein hohes mathematisches, bzw. technisches Verständnis
- Darüber hinaus konntest du bereits erste Programmiererfahrungen mit C#, C++, Java, PHP oder HTML sammeln
- Du hast einen hohen Qualitätsanspruch an deine zukünftige Arbeit und an Deine eigenen Leistungen
- Du bist flexibel und fühlst dich in einem dynamischen Umfeld wohl
- Gute Englischkenntnisse sowie eine sorgfältige und verantwortungsbewusste Arbeitsweise runden dein Profil ab
Über unsBuhl entwickelt und vermarktet innovative Apps und Services rund um die Themen Finanzen und Büro. Mehrere Millionen private und gewerbliche Anwender nutzen unsere Software, um Geld zu sparen und effizienter zu arbeiten. An 13 Standorten arbeiten wir daran, unseren Kunden die besten Lösungen zu bieten.",,"DEIN PROFIL:
- Du verfügst idealerweise über eine Fachhochschulreife oder Abitur (gerne auch Studienabbrecher der Fachrichtung Informatik) und hast ein hohes mathematisches, bzw. technisches Verständnis
- Darüber hinaus konntest du bereits erste Programmiererfahrungen mit C#, C++, Java, PHP oder HTML sammeln
- Du hast einen hohen Qualitätsanspruch an deine zukünftige Arbeit und an Deine eigenen Leistungen
- Du bist flexibel und fühlst dich in einem dynamischen Umfeld wohl
- Gute Englischkenntnisse sowie eine sorgfältige und verantwortungsbewusste Arbeitsweise runden dein Profil ab
Über unsBuhl entwickelt und vermarktet innovative Apps und Services rund um die Themen Finanzen und Büro. Mehrere Millionen private und gewerbliche Anwender nutzen unsere Software, um Geld zu sparen und effizienter zu arbeiten. An 13 Standorten arbeiten wir daran, unseren Kunden die besten Lösungen zu bieten.",Ausbildung Fachinformatiker Anwendungsentwicklung (Ausbildungsstart 2026),ae,,,,,empty,jobs@buhl-data.com,https://t.gohiring.com/h/37b4b1544c07c34e9325be7ffdd499aec26e0a0ed9c1b2416a471155c58c81b1,https://t.gohiring.com/h/37b4b1544c07c34e9325be7ffdd499aec26e0a0ed9c1b2416a471155c58c81b1,https://t.gohiring.com/h/37b4b1544c07c34e9325be7ffdd499aec26e0a0ed9c1b2416a471155c58c81b1,externe,,,,karriere_suedwestfalen_de,https://www.karriere-suedwestfalen.de/ausbildung/ausbildung-fachinformatiker-anwendungsentwicklung-ausbildungsstart-2026-688704,False,,53,,,,2026-06-13T14:40:50.742002+00:00
KSW-279072,karriere_sw_ae,iwm Informationstechnik GmbH,,Plettenberg,Ohler Straße 104 58840 Plettenberg,"Azubi if (Eignung>=Anforderung;Topjob+Karriere Chance++) (Fachinformatiker Anwendungsentwicklung) (m/w/d)

Du stehst nicht so auf Sonnenlicht, frische Luft und das Zwitschern der Vögel? Wir bieten Dir einen dunklen Arbeitsplatz mit gut ausgestattetem PC zum Programmieren. Lerne die gängigen Programmiersprachen und wie Du diese kundenorientiert einsetzt. Darüber hinaus erwartet Dich die Möglichkeit, an innovativen Neu- und Weiterentwicklungen mitzuarbeiten.
Wichtiger als ein sehr guter bis guter (mindestens) Realschulabschluss ist Deine Faszination für Algorithmen und Datenstrukturen. Achtung, der Chef sagt immer: „Zum Softwareentwickler muss man geboren sein“. Wenn Du also nicht weißt, was es heißt zu programmieren, ist dieser Job nichts für Dich. Wenn doch, bieten wir Dir ein perfektes Umfeld mit viel Spaß an der Arbeit.
Du löst Probleme, die du nicht kanntest, auf eine Art, die Du nicht verstehst. Alle Kollegen sind langjährige Profis, die Dir alles gerne beibringen. Interne sowie externe Weiterbildung ist Bestandteil der Ausbildung. Fast 30 % Deiner Kollegen sind Azubis oder Studenten (berufsbegleitend). Ein anschließendes Studium wird von uns gefördert. Darüber hinaus gibt es ein betriebliches Gesundheitsprogramm, die Möglichkeit eines Dienstfahrrads und betrieblicher Altersvorsorge.",,,Ausbildung | Azubi if (Eignung>=Anforderung;Topjob+Karriere Chance++) (Fachinformatiker Anwendungsentwicklung) (m/w/d),ae,,"Du stehst nicht so auf Sonnenlicht, frische Luft und das Zwitschern der Vögel? Wir bieten Dir einen dunklen Arbeitsplatz mit gut ausgestattetem PC zum Programmieren. Lerne die gängigen Programmiersprachen und wie Du diese kundenorientiert einsetzt. Darüber hinaus erwartet Dich die Möglichkeit, an innovativen Neu- und Weiterentwicklungen mitzuarbeiten.
Wichtiger als ein sehr guter bis guter (mindestens) Realschulabschluss ist Deine Faszination für Algorithmen und Datenstrukturen. Achtung, der Chef sagt immer: „Zum Softwareentwickler muss man geboren sein“. Wenn Du also nicht weißt, was es heißt zu programmieren, ist dieser Job nichts für Dich. Wenn doch, bieten wir Dir ein perfektes Umfeld mit viel Spaß an der Arbeit.
Du löst Probleme, die du nicht kanntest, auf eine Art, die Du nicht verstehst. Alle Kollegen sind langjährige Profis, die Dir alles gerne beibringen. Interne sowie externe Weiterbildung ist Bestandteil der Ausbildung. Fast 30 % Deiner Kollegen sind Azubis oder Studenten (berufsbegleitend). Ein anschließendes Studium wird von uns gefördert. Darüber hinaus gibt es ein betriebliches Gesundheitsprogramm, die Möglichkeit eines Dienstfahrrads und betrieblicher Altersvorsorge.",,,empty,jobs@iwmweb.de,,,,none,"Ihr Ansprechpartner:
iwm Informationstechnik GmbH
Herr Frank Wortmann
Tel. +49 (0) 2391 60 16 69 0",,,karriere_suedwestfalen_de,https://www.karriere-suedwestfalen.de/ausbildung/azubi-if-eignung-anforderung-topjob-karriere-chance-fachinformatiker-anwendungsentwicklung-279072,False,,53,,,,2026-06-13T14:44:09.503849+00:00
KSW-260459,karriere_sw_ae,KIERDORFINKASSO GmbH & Co. KG,,Reichshof,Am Sonnenberg 7 51580 Reichshof,"Kaufmann für Büromanagement (m/w/d)

Wir bieten Ausbildungsplätze für die Berufe
Kaufmann für Büromanagement (m/w/d)
Fachinformatiker für Systemintegration (m/w/d)
und Fachinformatiker für Anwendungsentwicklung (m/w/d)
Auch nach der Ausbildung ist im heutigen Berufsleben das Lernen nicht beendet. Wir fördern deshalb tatkräftig Weiterbildungsmaßnahmen bis hin zum berufsbegleiteten Studium. Wir bieten durch die vielfältigen Unternehmensaufgaben abwechslungsreiche und interessante Tätigkeiten mit Eigenverantwortung, zu deren Erfüllung Ihnen moderne Arbeitsmittel in einer ansprechenden Atmosphäre zur Verfügung stehen.
Wenn Sie an einer Ausbildung in unserem Hause interessiert sind, senden Sie uns Ihre vollständigen Bewerbungsunterlagen zu. Wir bieten den Bewerbern die Möglichkeit, unser Unternehmen durch ein Praktikum näher kennenzulernen.",,,Ausbildung | Kaufmann für Büromanagement (m/w/d),ae,,"Wir bieten Ausbildungsplätze für die Berufe
Kaufmann für Büromanagement (m/w/d)
Fachinformatiker für Systemintegration (m/w/d)
und Fachinformatiker für Anwendungsentwicklung (m/w/d)
Auch nach der Ausbildung ist im heutigen Berufsleben das Lernen nicht beendet. Wir fördern deshalb tatkräftig Weiterbildungsmaßnahmen bis hin zum berufsbegleiteten Studium. Wir bieten durch die vielfältigen Unternehmensaufgaben abwechslungsreiche und interessante Tätigkeiten mit Eigenverantwortung, zu deren Erfüllung Ihnen moderne Arbeitsmittel in einer ansprechenden Atmosphäre zur Verfügung stehen.
Wenn Sie an einer Ausbildung in unserem Hause interessiert sind, senden Sie uns Ihre vollständigen Bewerbungsunterlagen zu. Wir bieten den Bewerbern die Möglichkeit, unser Unternehmen durch ein Praktikum näher kennenzulernen.",,,empty,bewerbung@kierdorfinkasso.de,,,,none,"Ihr Ansprechpartner:
KIERDORFINKASSO GmbH & Co. KG
Frau Franziska Knittel
Tel. 0229783117
E-Mail: bewerbung@kierdorfinkasso.de",,,karriere_suedwestfalen_de,https://www.karriere-suedwestfalen.de/ausbildung/kaufmann-fuer-bueromanagement-260459,False,,53,,,,2026-06-13T14:44:33.266114+00:00
KSW-440471,karriere_sw_ae,os-cillation GmbH,,Siegen,Hohler Weg 75 57072 Siegen,Ausbildung zum Fachinformatiker/in für Anwendungsentwicklung (m/w/d),,,Ausbildung zum Fachinformatiker/in für Anwendungsentwicklung (m/w/d),ae,,,,,empty,jobs@os-cillation.de,https://www.os-cillation.de/jobs/ausbildung-fachinformatiker,https://www.os-cillation.de/jobs/ausbildung-fachinformatiker,https://www.os-cillation.de/jobs/ausbildung-fachinformatiker,externe,"- und natürlich eine leistungsgerechte Bezahlung Ihr Ansprechpartner:
os-cillation GmbH
Herr Oliver Schweissgut
Tel. +49-271-31368-111",,,karriere_suedwestfalen_de,https://www.karriere-suedwestfalen.de/ausbildung/ausbildung-zum-fachinformatiker-fuer-anwendungsentwicklung-440471,False,,53,,,,2026-06-13T14:41:46.298249+00:00
KSW-840391,karriere_sw_ae,KLEMM Bohrtechnik GmbH,,Drolshagen,Wintersohler Straße 5 57489 Drolshagen,"Ausbildung zum Fachinformatiker für Anwendungsentwicklung 2027 (m/w/d)

Schule vorbei, und nun? Wie wäre es mit einer richtig guten Ausbildung bei KLEMM Bohrtechnik? Wir entwickeln und bauen Bohrgeräte, die weltweit nachgefragt werden. Jedes Bohrgerät wird in Teams gefertigt “08/15"" gibt es bei uns nicht. Das sind beste Voraussetzungen für eine spannende Ausbildung, einen guten Berufseinstieg und sehr gute Weiterentwicklungsmöglichkeiten…
Du hast in der Schule Spaß an Informatik, Mathe und Englisch?
Durch dein technisches Verständnis und die Affinität zur EDV / IT fällt es dir leicht, dich in diese Themengebiete einzuarbeiten.
Wenn du außerdem gern im Team arbeitest und begeisterungsfähig für Innovationen und Technologie bist, ist die Ausbildung zum Fachinformatiker für Anwendungsentwicklung perfekt für dich.
FACHINFORMATIKER FÜR ANWENDUNGSENTWICKLUNG (m/w/d) an unserem neuen Standort in Olpe, Gewerbegebiet Hüppcherhammer
Ausbildungsstart: 01.08.2027
- Fachinformatiker/innen setzen fachspezifische Anforderungen in komplexe Hard- und Softwaresysteme um.
- Ihr Aufgabengebiet umfasst die Analyse, Planung, Realisierung und Einführung von Systemen der Informations- und Telekommunikationstechnik.
- Sie analysieren die Anforderungen unserer Kunden, realisieren kundenspezifische Anwendungslösungen und erstellen Programme.
- Bestehende Anwendungslösungen werden von ihnen gepflegt und modifiziert.
- Sie programmieren, konfigurieren und prüfen Systeme und Sicherheitseinrichtungen.
- Die benutzergerechte Aufbereitung technischer Unterlagen gehört ebenfalls zu ihren Aufgaben.Regelausbildungszeit: 3 Jahre - aber es geht auch schneller.
- Hauptschulabschluss Klasse 10 B (Fachoberschulreife)
- Verständnis von mathematisch-technischen und logischen Zusammenhängen
- Fähigkeit zur Analyse von technischen Systemen und abstraktes Denkvermögen
- Interesse für Maschinenbau und Technik
- Teamfähigkeit
- Motivation und VerantwortungsbewusstseinEine praxisorientierte, spannende Ausbildung in einer internationalen Unternehmensgruppe.
- Tarifvertrag Metall NRW
- 35 Stunden Woche / 30 Tage Urlaub
- flexible Arbeitszeiten
- Fahrtkostenzuschuss, Urlaubs- und Weihnachtsgeld
- Berufsunfähigkeitsversicherung, Altersvorsorge
- Weiterbildungsangebote im eigenen Trainingscenter und mit externen Partnern
- Corporate Benefits: Mitarbeiterrabatte auf Markenartikel
- Auslandsaufenthalte
- Azubi-Coaching
- Azubi- und Teamsporteventsund vieles mehr!
KLEMM Bohrtechnik GmbH
Nicole Schmidt
Wintersohler Straße 5
57489 Drolshagen
Tel. 02761 705154",,"Schule vorbei, und nun? Wie wäre es mit einer richtig guten Ausbildung bei KLEMM Bohrtechnik? Wir entwickeln und bauen Bohrgeräte, die weltweit nachgefragt werden. Jedes Bohrgerät wird in Teams gefertigt “08/15"" gibt es bei uns nicht. Das sind beste Voraussetzungen für eine spannende Ausbildung, einen guten Berufseinstieg und sehr gute Weiterentwicklungsmöglichkeiten…
Du hast in der Schule Spaß an Informatik, Mathe und Englisch?
Durch dein technisches Verständnis und die Affinität zur EDV / IT fällt es dir leicht, dich in diese Themengebiete einzuarbeiten.
Wenn du außerdem gern im Team arbeitest und begeisterungsfähig für Innovationen und Technologie bist, ist die Ausbildung zum Fachinformatiker für Anwendungsentwicklung perfekt für dich.
FACHINFORMATIKER FÜR ANWENDUNGSENTWICKLUNG (m/w/d) an unserem neuen Standort in Olpe, Gewerbegebiet Hüppcherhammer
Ausbildungsstart: 01.08.2027
- Fachinformatiker/innen setzen fachspezifische Anforderungen in komplexe Hard- und Softwaresysteme um.
- Ihr Aufgabengebiet umfasst die Analyse, Planung, Realisierung und Einführung von Systemen der Informations- und Telekommunikationstechnik.
- Sie analysieren die Anforderungen unserer Kunden, realisieren kundenspezifische Anwendungslösungen und erstellen Programme.
- Bestehende Anwendungslösungen werden von ihnen gepflegt und modifiziert.
- Sie programmieren, konfigurieren und prüfen Systeme und Sicherheitseinrichtungen.
- Die benutzergerechte Aufbereitung technischer Unterlagen gehört ebenfalls zu ihren Aufgaben.Regelausbildungszeit: 3 Jahre - aber es geht auch schneller.
- Hauptschulabschluss Klasse 10 B (Fachoberschulreife)
- Verständnis von mathematisch-technischen und logischen Zusammenhängen
- Fähigkeit zur Analyse von technischen Systemen und abstraktes Denkvermögen
- Interesse für Maschinenbau und Technik
- Teamfähigkeit
- Motivation und VerantwortungsbewusstseinEine praxisorientierte, spannende Ausbildung in einer internationalen Unternehmensgruppe.
- Tarifvertrag Metall NRW
- 35 Stunden Woche / 30 Tage Urlaub
- flexible Arbeitszeiten
- Fahrtkostenzuschuss, Urlaubs- und Weihnachtsgeld
- Berufsunfähigkeitsversicherung, Altersvorsorge
- Weiterbildungsangebote im eigenen Trainingscenter und mit externen Partnern
- Corporate Benefits: Mitarbeiterrabatte auf Markenartikel
- Auslandsaufenthalte
- Azubi-Coaching
- Azubi- und Teamsporteventsund vieles mehr!
KLEMM Bohrtechnik GmbH
Nicole Schmidt
Wintersohler Straße 5
57489 Drolshagen
Tel. 02761 705154",Ausbildung zum Fachinformatiker für Anwendungsentwicklung 2027 (m/w/d),ae,,,,,empty,,https://klemm.talentstorm.de/bewerbung/ausbildung-zum-fachinformatiker-fuer-anwendungsentwicklung-2027-m-w-d-26502,https://klemm.talentstorm.de/bewerbung/ausbildung-zum-fachinformatiker-fuer-anwendungsentwicklung-2027-m-w-d-26502,https://klemm.talentstorm.de/bewerbung/ausbildung-zum-fachinformatiker-fuer-anwendungsentwicklung-2027-m-w-d-26502,externe,,,,karriere_suedwestfalen_de,https://www.karriere-suedwestfalen.de/ausbildung/ausbildung-zum-fachinformatiker-fuer-anwendungsentwicklung-2027-840391,False,,47,2027,8,2027-08-01,2026-06-13T14:41:40.925859+00:00
KSW-804330,karriere_sw_ae,KEUCO GmbH & Co. KG,,Hemer,Oesestr. 36 58675 Hemer,Ausbildung zum Fachinformatiker (m/w/d) verschiedene Fachrichtungen zum 01.08.2026,,,Ausbildung zum Fachinformatiker (m/w/d) verschiedene Fachrichtungen zum 01.08.2026,ae,,,,,empty,,https://short.sg/a/60382340,https://short.sg/a/60382340,https://short.sg/a/60382340,externe,"Wir freuen uns auf den Kontakt mit Dir.
KEUCO GmbH & Co. KG
Frau Christina Gerhard
Oesestr. 36
58675 Hemer
Tel. 02372 / 904-225",,,karriere_suedwestfalen_de,https://www.karriere-suedwestfalen.de/ausbildung/ausbildung-zum-fachinformatiker-verschiedene-fachrichtungen-zum-01-08-2026-804330,False,,47,2026,8,2026-08-01,2026-06-13T14:43:17.166990+00:00
KSW-829454,karriere_sw_ae,SMS group GmbH,,Hilchenbach-Dahlbruch,Wiesenstraße 30 57271 Hilchenbach-Dahlbruch,"Ausbildung zum/zur Fachinformatiker/-in FR: Anwendungsentwicklung 2027 (m/w/d)

ZUKUNFT Wir bieten Ihnen eine vielseitige Ausbildung • Die Berufe sind gefragt • Sie entwickeln Fähigkeiten anhand praxisnaher Aufgaben • Studienfahrten, Exkursionen und Seminare ergänzen das Gelernte • Häufig erreichen unsere Absolventinnen und Absolventen überdurchschnittliche Abschlüsse • Besonders qualifizierten Bewerberinnen und Bewerbern bieten wir die zusätzliche Möglichkeit des Studiums zum Bachelor Wirtschaftsinformatik • Wir begrüßen ausdrücklich Bewerbungen von schwerbehinderten Menschen.
ZUSAMMENKOMMEN​ Wollen Sie diese Chance wahrnehmen? Dann freuen wir uns auf Ihre Online-Bewerbung . Anja de Koster erteilt gerne weitere Auskünfte.
SMS group GmbH
Professional Training Product Designer ＆ Commercial
Ludger Thomas
Telefon: +49 (0) 2161 3502171
Bewerbungsschluss:",,,Ausbildung zum/zur Fachinformatiker/-in FR: Anwendungsentwicklung 2027 (m/w/d),ae,,"ZUKUNFT Wir bieten Ihnen eine vielseitige Ausbildung • Die Berufe sind gefragt • Sie entwickeln Fähigkeiten anhand praxisnaher Aufgaben • Studienfahrten, Exkursionen und Seminare ergänzen das Gelernte • Häufig erreichen unsere Absolventinnen und Absolventen überdurchschnittliche Abschlüsse • Besonders qualifizierten Bewerberinnen und Bewerbern bieten wir die zusätzliche Möglichkeit des Studiums zum Bachelor Wirtschaftsinformatik • Wir begrüßen ausdrücklich Bewerbungen von schwerbehinderten Menschen.
ZUSAMMENKOMMEN​ Wollen Sie diese Chance wahrnehmen? Dann freuen wir uns auf Ihre Online-Bewerbung . Anja de Koster erteilt gerne weitere Auskünfte.
SMS group GmbH
Professional Training Product Designer ＆ Commercial
Ludger Thomas
Telefon: +49 (0) 2161 3502171
Bewerbungsschluss:",,,empty,,https://career.sms-group.com/de/p/suedwestfalen/jobs/44748/apply,https://career.sms-group.com/de/p/suedwestfalen/jobs/44748/apply,https://career.sms-group.com/de/p/suedwestfalen/jobs/44748/apply,externe,,,,karriere_suedwestfalen_de,https://www.karriere-suedwestfalen.de/ausbildung/ausbildung-fachinformatiker-fr-anwendungsentwicklung-2027-829454,False,,47,,,,2026-06-13T14:40:59.431791+00:00
KSW-820973,karriere_sw_ae,MENNEKES Elektrotechnik GmbH & Co. KG,,Kirchhundem-Welschen Ennest,Kölner Straße 37 57399 Kirchhundem-Welschen Ennest,Auszubildende zum Fachinformatiker für Anwendungsentwicklung 2027 (m/w/d),,,Ausbildung | Auszubildende zum Fachinformatiker für Anwendungsentwicklung 2027 (m/w/d),ae,,,,,empty,bewerbung@mennekes.de,https://recruitingapp-5150.de.umantis.com/Vacancies/1240/Application/CheckLogin/1?lang=DE,https://recruitingapp-5150.de.umantis.com/Vacancies/1240/Application/CheckLogin/1?lang=DE,https://recruitingapp-5150.de.umantis.com/Vacancies/1240/Application/CheckLogin/1?lang=DE,externe,,,,karriere_suedwestfalen_de,https://www.karriere-suedwestfalen.de/ausbildung/auszubildende-zum-fachinformatiker-fuer-anwendungsentwicklung-2027-820973,False,,47,,,,2026-06-13T14:43:42.905753+00:00
KSW-690996,karriere_sw_ae,Günther Spelsberg GmbH + Co. KG,,Schalksmühle,Im Gewerbepark 1 58579 Schalksmühle,Ausbildung zur/zum Fachinformatiker/-in für Anwendungsentwicklung (m/w/d),,,Ausbildung zur/zum Fachinformatiker/-in für Anwendungsentwicklung (m/w/d),ae,,,,,empty,hba@spelsberg.de,https://www.spelsberg.de/ueber-uns/karriere/ausbildung/fachinformatikerin-fuer-anwendungsentwicklung-mwd-2026-azu000074/schalksmuehle/,https://www.spelsberg.de/ueber-uns/karriere/ausbildung/fachinformatikerin-fuer-anwendungsentwicklung-mwd-2026-azu000074/schalksmuehle/,https://www.spelsberg.de/ueber-uns/karriere/ausbildung/fachinformatikerin-fuer-anwendungsentwicklung-mwd-2026-azu000074/schalksmuehle/,externe,,,,karriere_suedwestfalen_de,https://www.karriere-suedwestfalen.de/ausbildung/ausbildung-zur-zum-fachinformatiker-fuer-anwendungsentwicklung-690996,False,,47,,,,2026-06-13T14:43:23.419763+00:00
KSW-718707,karriere_sw_ae,DATASEC information factory GmbH,,Siegen,Welterstr. 57 57072 Siegen,"Ausbildung zum Fachinformatiker Anwendungsentwicklung für 2026 (m/w/d)

- Du zählst Teamfähigkeit zu deinen StärkenWir bieten dir einen interessanten und abwechslungsreichen Arbeitsplatz mit langfristiger Perspektive, verbunden mit einer attraktiven und fairen Vergütung. Gleichzeitig erhältst du die Möglichkeit, dich im Rahmen unserer Weiterbildungsangebote individuell fortzubilden.
- Abwechslungsreicher und interessanter Arbeitsplatz mit langfristiger Perspektive
- Attraktive und faire Vergütung
- Mitarbeiterrabatte bei über 800 Top-Markenanbietern
- Modernes E-Bike-Leasing nach Abschluss der Ausbildung
- Eingegliederter Betriebssport in den Arbeitsalltag
- Kostenlose Getränke und frisches Obst
- Zusätzlich zum Gehalt bieten wir Ihnen eine betriebliche Krankenversicherung und eine betriebliche Altersvorsorge an
- Austausch auf Augenhöhe und flache Hierarchien
- Teambuilding-Events: Als junges und dynamisches Team setzen wir auf Motivation, Teamgeist und Zusammenhalt mit regelmäßigen Veranstaltungen.
- Mitgestaltung und Weiter­entwicklung: Jeder kann seine Wünsche und Ideen einbringen und dazu beitragen, Themen im Unternehmen weiterzubringen. Für die fachliche und persönliche Entwicklung bieten wir, neben beruflichen Weiterbildungen, individuelle Angebote und Mentoren-Programme an.
- Außerdem unterstützen wir die nebenberufliche akademische Fortbildung mit Stipendien und begleiten unsere Mitarbeiter aktiv auf ihrem Weg in ein Bachelor oder Master Studiengang.Die DATASEC sucht keine Überflieger – sondern Menschen mit Tiefgang und Bodenhaftung. Engagierte Persönlichkeiten, die mit Leidenschaft bei der Sache sind und mit neuen Ideen für frischen Wind sorgen. Zur Fortsetzung unserer Erfolgsgeschichte suchen wir dich!
Fühlst du dich angesprochen? Dann bewirb dich jetzt!
DATASEC information factory GmbH
Jolina Hegner
Welterstr. 57
57072 Siegen",,,Ausbildung zum Fachinformatiker Anwendungsentwicklung für 2026 (m/w/d),ae,,"- Du zählst Teamfähigkeit zu deinen StärkenWir bieten dir einen interessanten und abwechslungsreichen Arbeitsplatz mit langfristiger Perspektive, verbunden mit einer attraktiven und fairen Vergütung. Gleichzeitig erhältst du die Möglichkeit, dich im Rahmen unserer Weiterbildungsangebote individuell fortzubilden.
- Abwechslungsreicher und interessanter Arbeitsplatz mit langfristiger Perspektive
- Attraktive und faire Vergütung
- Mitarbeiterrabatte bei über 800 Top-Markenanbietern
- Modernes E-Bike-Leasing nach Abschluss der Ausbildung
- Eingegliederter Betriebssport in den Arbeitsalltag
- Kostenlose Getränke und frisches Obst
- Zusätzlich zum Gehalt bieten wir Ihnen eine betriebliche Krankenversicherung und eine betriebliche Altersvorsorge an
- Austausch auf Augenhöhe und flache Hierarchien
- Teambuilding-Events: Als junges und dynamisches Team setzen wir auf Motivation, Teamgeist und Zusammenhalt mit regelmäßigen Veranstaltungen.
- Mitgestaltung und Weiter­entwicklung: Jeder kann seine Wünsche und Ideen einbringen und dazu beitragen, Themen im Unternehmen weiterzubringen. Für die fachliche und persönliche Entwicklung bieten wir, neben beruflichen Weiterbildungen, individuelle Angebote und Mentoren-Programme an.
- Außerdem unterstützen wir die nebenberufliche akademische Fortbildung mit Stipendien und begleiten unsere Mitarbeiter aktiv auf ihrem Weg in ein Bachelor oder Master Studiengang.Die DATASEC sucht keine Überflieger – sondern Menschen mit Tiefgang und Bodenhaftung. Engagierte Persönlichkeiten, die mit Leidenschaft bei der Sache sind und mit neuen Ideen für frischen Wind sorgen. Zur Fortsetzung unserer Erfolgsgeschichte suchen wir dich!
Fühlst du dich angesprochen? Dann bewirb dich jetzt!
DATASEC information factory GmbH
Jolina Hegner
Welterstr. 57
57072 Siegen",,,empty,,https://datasec.talentstorm.de/bewerbung/ausbildung-zum-fachinformatiker-anwendungsentwicklung-fuer-2026-m-w-d-20707,https://datasec.talentstorm.de/bewerbung/ausbildung-zum-fachinformatiker-anwendungsentwicklung-fuer-2026-m-w-d-20707,https://datasec.talentstorm.de/bewerbung/ausbildung-zum-fachinformatiker-anwendungsentwicklung-fuer-2026-m-w-d-20707,externe,,,,karriere_suedwestfalen_de,https://www.karriere-suedwestfalen.de/ausbildung/ausbildung-zum-fachinformatiker-anwendungsentwicklung-fuer-2026-718707,False,,47,,,,2026-06-13T14:41:27.425363+00:00
KSW-835267,karriere_sw_ae,SKS metaplast Scheffer-Klute GmbH,,Sundern,Zur Hubertushalle 4 59846 Sundern,"Ausbildung zum Fachinformatiker (m/w/d) (Anwendungsentwicklung) 2027

- Voraussetzungen: mindestens Fachoberschulreife und Computerkenntisse
- Interesse an: Mathematik, Physik, TechnikWir freuen uns auf Sie!
SKS metaplast Scheffer-Klute GmbH
Greta Böttner
Zur Hubertushalle 4
59846 Sundern
Tel. 02933/831-124",,"- Voraussetzungen: mindestens Fachoberschulreife und Computerkenntisse
- Interesse an: Mathematik, Physik, TechnikWir freuen uns auf Sie!
SKS metaplast Scheffer-Klute GmbH
Greta Böttner
Zur Hubertushalle 4
59846 Sundern
Tel. 02933/831-124",Ausbildung zum Fachinformatiker (m/w/d) (Anwendungsentwicklung) 2027,ae,,,,,empty,,https://sks-metaplast.talentstorm.de/bewerbung/ausbildung-zum-fachinformatiker-m-w-d-anwendungsentwicklung-2027-26146,https://sks-metaplast.talentstorm.de/bewerbung/ausbildung-zum-fachinformatiker-m-w-d-anwendungsentwicklung-2027-26146,https://sks-metaplast.talentstorm.de/bewerbung/ausbildung-zum-fachinformatiker-m-w-d-anwendungsentwicklung-2027-26146,externe,,,,karriere_suedwestfalen_de,https://www.karriere-suedwestfalen.de/ausbildung/ausbildung-zum-fachinformatiker-anwendungsentwicklung-2027-835267,False,,47,,,,2026-06-13T14:41:24.776822+00:00
KSW-490465,karriere_sw_ae,Innosoft GmbH,,Dortmund,Martin-Schmeißer-Weg 15 44227 Dortmund,Ausbildung IT-Fachinformatik Anwendungsentwicklung (m/w/d),,,Ausbildung IT-Fachinformatik Anwendungsentwicklung (m/w/d),ae,,,,,empty,bewerbung@innosoft.de,,,,none,,,,karriere_suedwestfalen_de,https://www.karriere-suedwestfalen.de/ausbildung/ausbildung-it-fachinformatik-anwendungsentwicklung-490465,False,,40,,,,2026-06-13T14:41:21.817022+00:00
KSW-592646,karriere_sw_ae,Harburg-Freudenberger Maschinenbau GmbH,,Freudenberg,Asdorfer Straße 60 57258 Freudenberg,Ausbildung zum Fachinformatiker Fachrichtung Anwendungsentwicklung (m/w/d) 2027,,,Ausbildung zum Fachinformatiker Fachrichtung Anwendungsentwicklung (m/w/d) 2027,ae,,,,,empty,,https://karriere.hf-mixinggroup.com/Ausbildung-zum-Fachinformatiker-Fachrichtung-Anwendungsent-de-j322.html,https://karriere.hf-mixinggroup.com/Ausbildung-zum-Fachinformatiker-Fachrichtung-Anwendungsent-de-j322.html,https://karriere.hf-mixinggroup.com/Ausbildung-zum-Fachinformatiker-Fachrichtung-Anwendungsent-de-j322.html,externe,,,,karriere_suedwestfalen_de,https://www.karriere-suedwestfalen.de/ausbildung/ausbildung-zum-fachinformatiker-fachrichtung-anwendungsentwicklung-2027-592646,False,,40,,,,2026-06-13T14:41:30.280337+00:00
KSW-773707,karriere_sw_ae,Lachmann & Rink GmbH,,Freudenberg,Hommeswiese 129 57258 Freudenberg,Ausbildung 2026 zum Fachinformatiker (m/w/d) für Anwendungsentwicklung,,,Ausbildung 2026 zum Fachinformatiker (m/w/d) für Anwendungsentwicklung,ae,,,,,empty,,https://lachmann-und-rink.talentstorm.de/bewerbung/ausbildung-2026-zum-fachinformatiker-m-w-d-fuer-anwendungsentwicklung-23548,https://lachmann-und-rink.talentstorm.de/bewerbung/ausbildung-2026-zum-fachinformatiker-m-w-d-fuer-anwendungsentwicklung-23548,https://lachmann-und-rink.talentstorm.de/bewerbung/ausbildung-2026-zum-fachinformatiker-m-w-d-fuer-anwendungsentwicklung-23548,externe,,,,karriere_suedwestfalen_de,https://www.karriere-suedwestfalen.de/ausbildung/ausbildung-2026-zum-fachinformatiker-fuer-anwendungsentwicklung-773707,False,,40,,,,2026-06-13T14:40:42.318967+00:00
KSW-837704,karriere_sw_ae,M-Pulse GmbH & Co. KG,,Kierspe,Haunerbusch 110 58566 Kierspe,"Ausbildung als Fachinformatiker/in Anwendungsentwicklung

Das lernst du im Laufe deiner Ausbildung: Programmierung und Softwareentwicklung
- Planung, Entwicklung und Umsetzung
- Programmiersprachen: VBA, Python, PowerShell, VBScript, Batch u.a.
- Datenbanken: MySQL, Datenbankentwurf, Beziehungen usw.
- Analyse von Anforderungen und Erstellung technischer Konzepte
- Durchführung von Softwaretests, Fehleranalyse und Debugging
- Grundlagen der IT-Sicherheit und Datenschutz
- Dokumentation von Anwendungen und technischen Prozessen
- Zusammenarbeit im Projektteam sowie mit internen Auftraggebern bis zum Rollout
- Unterstützung der Systembenutzer bei optimaler Anwendung der Systeme
- Netzwerkbetreuung (Windows, M365, On Premise, Cloud)
- Du bist sehr interessiert an der Programmierung eines großen, anspruchsvollen VBA-Projektes
- Du bist sehr interessiert an den Tätigkeiten eines Administrators
- Du lernst gerne, bist zuverlässig und pünktlich
- sorgfältiges Arbeiten und Selbstorganisation sind für dich selbstverständlich
- Du hilfst gerne und stehst zu dem, was du tust
- Du arbeitest gern im Team
- Du hast Lust und Zutrauen, neue Wege zu gehen
- Ein kurzes ""Schnupper""-Praktikum vorab
- Ein familienfreundliches Unternehmen, ein offenes Ohr
- ein engagiertes IT-Team, das dich fördert und braucht
- Bike-Leasing, freie Getränke und viele weitere Benefits
- Individuelle Weiterbildungs- und persönliche Entwicklungsmöglichkeiten
Start:
- Ausbildungsbeginn regulär zum 01. August 2026
- Quereinstieg möglich
Schreib uns!
Wir freuen uns auf deine schriftliche Bewerbung mit deinem aktuellen Schulzeugnis sowie evtl. Praktikumsbescheinigung(en) zu Händen von Frau Dinah Wältring per E-Mail an personal@m-pulse.eu
Deine Ansprechperson:
M-Pulse GmbH & Co. KG
Frau Dinah Wältring
Tel. 02359 508099-0",,,Ausbildung als Fachinformatiker/in Anwendungsentwicklung,ae,,,,,empty,personal@m-pulse.eu,,,,none,,,,karriere_suedwestfalen_de,https://www.karriere-suedwestfalen.de/ausbildung/ausbildung-als-fachinformatiker-anwendungsentwicklung-837704,False,,40,,,,2026-06-13T14:40:47.923430+00:00
KSW-678197,karriere_sw_ae,netstyle Informationstechnik GmbH,,Kreuztal,Am Bühl 2 57223 Kreuztal,AUSBILDUNG ZUM FACHINFORMATIKER FÜR ANWENDUNGSENTWICKLUNG (M/W/D),,,AUSBILDUNG ZUM FACHINFORMATIKER FÜR ANWENDUNGSENTWICKLUNG (M/W/D),ae,,,,,empty,bewerbung@netstyle.de,,,,none,,,,karriere_suedwestfalen_de,https://www.karriere-suedwestfalen.de/ausbildung/ausbildung-zum-fachinformatiker-fuer-anwendungsentwicklung-m-w-d-678197,False,,40,,,,2026-06-13T14:41:54.423479+00:00
KSW-260130,karriere_sw_ae,HST Systemtechnik GmbH & Co. KG,,Meschede,Heinrichsthaler Straße 8 59872 Meschede,"Ausbildung zum Fachinformatiker für Systemintegration für 2026 (m/w/d)

Das lernst Du bei uns:
- Du planst, konfigurierst und installierst IT-Systeme – von Servern bis hin zu Netzwerken
- Du betreibst und betreust bestehende IT-Infrastrukturen und sorgst dafür, dass alles sicher und zuverlässig läuft
- Du unterstützt Anwenderinnen und Anwender im Umgang mit Hard- und Software und bist bei IT-Fragen erste Anlaufstelle
- Du installierst und konfigurierst Netzwerke, richtest Arbeitsplätze ein und stellst die benötigte Hardware bereit
- Du analysierst und behebst technische Störungen, damit Systeme schnell wieder einsatzbereit sind
- Du unterstützt ggf. auch im IT-Support für unsere internen oder externen Kunden

Das bringst Du mit:
- Erfolgreich abgeschlossene Fachoberschulreife, Fachhochschulreife, Hochschulreife oder eine vergleichbare Qualifikation
- Interesse an IT-Themen

Wir bieten Dir:
- Eine praxisorientierte, abwechslungsreiche Ausbildung und ausführliche Einarbeitung
- Eine attraktive Ausbildungsvergütung: Schon im ersten Jahr verdienst du 1.000€ im Monat - mit regelmäßiger Steigerung in den Folgejahren!
- Optimale Unterstützung bei deiner Ausbildung sowie deiner Abschlussprüfung
- Weiterbildungsmöglichkeiten im Rahmen der Personalentwicklung
- Sehr gute Übernahmechancen in ein sicheres Arbeitsumfeld
- Kostenlose Getränke und wöchentliches Mittagessen
Haben wir Ihr Interesse geweckt?
Dann bewerben Sie sich direkt bei uns unter Angabe von Eintrittstermin und Gehaltsvorstellung
JETZT BEWERBEN! HST Systemtechnik GmbH & Co. KG
Frau Eliza Kryeziu
Heinrichsthaler Straße 8
59872 Meschede
mailto: bewerbung@hst.de
Tel. 02919929956",,"Das bringst Du mit:
- Erfolgreich abgeschlossene Fachoberschulreife, Fachhochschulreife, Hochschulreife oder eine vergleichbare Qualifikation
- Interesse an IT-Themen",Ausbildung zum Fachinformatiker für Systemintegration für 2026 (m/w/d),si,,"Wir bieten Dir:
- Eine praxisorientierte, abwechslungsreiche Ausbildung und ausführliche Einarbeitung
- Eine attraktive Ausbildungsvergütung: Schon im ersten Jahr verdienst du 1.000€ im Monat - mit regelmäßiger Steigerung in den Folgejahren!
- Optimale Unterstützung bei deiner Ausbildung sowie deiner Abschlussprüfung
- Weiterbildungsmöglichkeiten im Rahmen der Personalentwicklung
- Sehr gute Übernahmechancen in ein sicheres Arbeitsumfeld
- Kostenlose Getränke und wöchentliches Mittagessen
Haben wir Ihr Interesse geweckt?
Dann bewerben Sie sich direkt bei uns unter Angabe von Eintrittstermin und Gehaltsvorstellung
JETZT BEWERBEN! HST Systemtechnik GmbH & Co. KG
Frau Eliza Kryeziu
Heinrichsthaler Straße 8
59872 Meschede
mailto: bewerbung@hst.de
Tel. 02919929956",,,empty,eliza.kryeziu@hst.de,https://jobs.hst.de/job-ausbildung-zum-fachinformatiker-fuer-systemintegration-fuer-2026-m-w-d-meschede-2712.html,https://jobs.hst.de/job-ausbildung-zum-fachinformatiker-fuer-systemintegration-fuer-2026-m-w-d-meschede-2712.html,https://jobs.hst.de/job-ausbildung-zum-fachinformatiker-fuer-systemintegration-fuer-2026-m-w-d-meschede-2712.html,externe,"- Kontaktfreude und Freude am Beraten von Kunden/Kollegen
- Spaß an Teamarbeit als auch am eigenständigen Arbeiten",,,karriere_suedwestfalen_de,https://www.karriere-suedwestfalen.de/ausbildung/ausbildung-zum-fachinformatiker-fuer-systemintegration-fuer-2026-260130,False,,67,,,,2026-06-13T14:42:23.292857+00:00
KSW-245800,karriere_sw_ae,Prange Gruppe,,Plettenberg,Reichsstraße 78 58840 Plettenberg,"Auszubildender Fachinformatiker für Systemintegration (m/w/d)

Deine Aufgaben sind:
- Einrichtung, Wartung und Betreuung unserer Microsoft Serverumgebungen
- Planung, Vorbereitung und Implementierung neuer IT-Systeme
- Erfassung und Bearbeitung eingehender Störungsmeldungen in einem Ticketsystem

Das bringst Du mit:
- Affinität zu technischen Themen und vorzugsweise erste Erfahrungen im Bereich IT
- Kundenorientiertes Denken und Handeln
- Spaß am Umgang mit Menschen und die Bereitschaft sich in neue Aufgabengebiete einzuarbeiten
- Kenntnisse der englischen Sprache in Wort und Schrift
- Führerschein Klasse B

Wir bieten:
- Verantwortungsvolle und vielfältige Aufgaben in verschiedensten Branchen
- Einen moderner Arbeitsplatz und eine kollegiale Arbeitsatmosphäre sowie die Zugehörigkeit zu einer international agierenden Gruppe
- 50€-Sachbezugskarte monatlich + 1LJ 1000€, 2LJ 1200€ und 3LJ 1300€+ Urlaubs- und Weihnachtsgeld + Zeugnisprämie
- Bike-Leasing, Anteilige Übernahme der Kindergartenbeiträge
- Flexible Arbeitszeiten
- aktive Unterstützung bei Ihrer Fort- und Weiterbildung
- ein modernes Arbeitsumfeld und die Begleitung in eine zukunftsweisende Arbeitswelt
- Kostenlose Parkplätze sowie gute ÖPNV-Anbindung an Bus und Bahn in zentraler Lage mit Supermärkten und Bäckereien in fußläufiger Umgebung
- regelmäßig stattfindende Teamevents
- Übergreifender Austausch in der gesamten Gruppe
Haben wir Dein Interesse geweckt?
Bitte sende uns Deine vollständigen Bewerbungsunterlagen, gern per E-Mail zu Händen Herrn Michael von Loh. Start der Ausbildung ist der 01.08.2027.
Prange IT-Systeme GmbH
Reichsstraße 78 . 58840 Plettenberg
bewerbung@prange.org
www.prange.org",,"Das bringst Du mit:
- Affinität zu technischen Themen und vorzugsweise erste Erfahrungen im Bereich IT
- Kundenorientiertes Denken und Handeln
- Spaß am Umgang mit Menschen und die Bereitschaft sich in neue Aufgabengebiete einzuarbeiten
- Kenntnisse der englischen Sprache in Wort und Schrift
- Führerschein Klasse B",Ausbildung | Auszubildender Fachinformatiker für Systemintegration (m/w/d),si,,"Wir bieten:
- Verantwortungsvolle und vielfältige Aufgaben in verschiedensten Branchen
- Einen moderner Arbeitsplatz und eine kollegiale Arbeitsatmosphäre sowie die Zugehörigkeit zu einer international agierenden Gruppe
- 50€-Sachbezugskarte monatlich + 1LJ 1000€, 2LJ 1200€ und 3LJ 1300€+ Urlaubs- und Weihnachtsgeld + Zeugnisprämie
- Bike-Leasing, Anteilige Übernahme der Kindergartenbeiträge
- Flexible Arbeitszeiten
- aktive Unterstützung bei Ihrer Fort- und Weiterbildung
- ein modernes Arbeitsumfeld und die Begleitung in eine zukunftsweisende Arbeitswelt
- Kostenlose Parkplätze sowie gute ÖPNV-Anbindung an Bus und Bahn in zentraler Lage mit Supermärkten und Bäckereien in fußläufiger Umgebung
- regelmäßig stattfindende Teamevents
- Übergreifender Austausch in der gesamten Gruppe
Haben wir Dein Interesse geweckt?
Bitte sende uns Deine vollständigen Bewerbungsunterlagen, gern per E-Mail zu Händen Herrn Michael von Loh. Start der Ausbildung ist der 01.08.2027.
Prange IT-Systeme GmbH
Reichsstraße 78 . 58840 Plettenberg
bewerbung@prange.org
www.prange.org",,,empty,bewerbung@prange.org,https://prange.recruiting-portal.com/karriere/?origin=param#/~/application/1038/uws-krypt,https://prange.recruiting-portal.com/karriere/?origin=param#/~/application/1038/uws-krypt,https://prange.recruiting-portal.com/karriere/?origin=param#/~/application/1038/uws-krypt,externe,"- Ansprechpartner für Kunden und unsere Beteiligungen im Bereich IT
- Schulung der Kunden und Kollegen im Umgang mit Hard- und Software",,,karriere_suedwestfalen_de,https://www.karriere-suedwestfalen.de/ausbildung/auszubildender-fachinformatiker-fuer-systemintegration-245800,False,,67,2027,8,2027-08-01,2026-06-13T14:43:51.802475+00:00
KSW-705603,karriere_sw_ae,IAL® Institut für angewandte Logistik GmbH,,Aachen,Metzgerstraße 63 52070 Aachen,"Umschulung Fachinformatiker/in der Fachrichtung Systemintegration

Bei Vorliegen entsprechender persönlicher Voraussetzungen ist eine Förderung durch die Agentur für Arbeit, die Jobcenter und andere Kostenträger möglich.",,"Bei Vorliegen entsprechender persönlicher Voraussetzungen ist eine Förderung durch die Agentur für Arbeit, die Jobcenter und andere Kostenträger möglich.",Ausbildung | Umschulung Fachinformatiker/in der Fachrichtung Systemintegration,si,,,,,empty,bloehdorn@ial.de,https://www.ial.de/kontakt/,https://www.ial.de/kontakt/,https://www.ial.de/kontakt/,externe,Hier finden Sie alle Kontaktinformationen: https://www.ial.de/kontakt/,,,karriere_suedwestfalen_de,https://www.karriere-suedwestfalen.de/ausbildung/umschulung-fachinformatiker-der-fachrichtung-systemintegration-705603,False,,60,,,,2026-06-13T14:44:45.234422+00:00
KSW-705686,karriere_sw_ae,IAL® Institut für angewandte Logistik GmbH,,Aachen,Metzgerstraße 63 52070 Aachen,"Vorbereitung auf die Externprüfung Fachinformatiker/in für Systemintegration

Bei Vorliegen entsprechender persönlicher Voraussetzungen ist eine Förderung durch die Agentur für Arbeit, die Jobcenter und andere Kostenträger möglich.",,"Bei Vorliegen entsprechender persönlicher Voraussetzungen ist eine Förderung durch die Agentur für Arbeit, die Jobcenter und andere Kostenträger möglich.",Ausbildung | Vorbereitung auf die Externprüfung Fachinformatiker/in für Systemintegration,si,,,,,empty,bloehdorn@ial.de,https://www.ial.de/kontakt/,https://www.ial.de/kontakt/,https://www.ial.de/kontakt/,externe,Hier finden Sie alle Kontaktinformationen: https://www.ial.de/kontakt/,,,karriere_suedwestfalen_de,https://www.karriere-suedwestfalen.de/ausbildung/vorbereitung-auf-die-externpruefung-fachinformatiker-fuer-systemintegration-705686,False,,60,,,,2026-06-13T14:44:50.981539+00:00
KSW-829346,karriere_sw_ae,Gebr. Kemper GmbH + Co. KG,,Olpe,Harkortstraße 5 57462 Olpe,"Ausbildung zum Fachinformatiker für Systemintegration (m/w/d) für 2027

(unter bestimmten Voraussetzungen ist eine Verkürzung der Ausbildungsdauer möglich)
- Du hast deinen Schulabschluss in der Tasche oder stehst kurz davor?
- Du suchst nach einem starken Unternehmen, das dir eine fundierte Ausbildung mit Zukunftsperspektive bieten kann?
- Du kannst dir vorstellen, Teil des Teams eines weltmarktführenden Industrieunternehmens zu werden?
- Du bringst Begeisterungsfähigkeit, Zuverlässigkeit, Fleiß und Wissensdurst mit? Dann bist du bei KEMPER genau richtig!
Wir möchten gemeinsam mit dir deine verborgenen Talente und Fähigkeiten entdecken.
Dabei ist uns eine Sache besonders wichtig: Du sollst dich vom ersten Tag an bei uns wohlfühlen.",,"(unter bestimmten Voraussetzungen ist eine Verkürzung der Ausbildungsdauer möglich)
- Du hast deinen Schulabschluss in der Tasche oder stehst kurz davor?
- Du suchst nach einem starken Unternehmen, das dir eine fundierte Ausbildung mit Zukunftsperspektive bieten kann?
- Du kannst dir vorstellen, Teil des Teams eines weltmarktführenden Industrieunternehmens zu werden?
- Du bringst Begeisterungsfähigkeit, Zuverlässigkeit, Fleiß und Wissensdurst mit? Dann bist du bei KEMPER genau richtig!
Wir möchten gemeinsam mit dir deine verborgenen Talente und Fähigkeiten entdecken.
Dabei ist uns eine Sache besonders wichtig: Du sollst dich vom ersten Tag an bei uns wohlfühlen.",Ausbildung zum Fachinformatiker für Systemintegration (m/w/d) für 2027,si,,,,,empty,valentina.muja@kemper-group.com,https://kemper.talentstorm.de/bewerbung/ausbildung-zum-fachinformatiker-fuer-systemintegration-m-w-d-fuer-2027-25826,https://kemper.talentstorm.de/bewerbung/ausbildung-zum-fachinformatiker-fuer-systemintegration-m-w-d-fuer-2027-25826,https://kemper.talentstorm.de/bewerbung/ausbildung-zum-fachinformatiker-fuer-systemintegration-m-w-d-fuer-2027-25826,externe,"Unsere Ausbilder:innen und Paten begleiten dich durch die gesamte Ausbildung und stehen dir als Ansprechpartner:innen jederzeit zur Verfügung. Wir legen Wert auf einen wertschätzenden Umgang sowie eine offene und freundliche Atmosphäre, in der du dich mit anderen Auszubildenden vernetzen und von ihnen lernen kannst.
Bitte nutzen Sie bevorzugt unsere Online-Bewerbung.
Alternativ können Sie Ihre Unterlagen auch per Post an Gebr. Kemper GmbH + Co. KG, Frau Valentina Muja, Harkortstraße 5, 57462 Olpe oder per E-Mail senden.
Gebr. Kemper GmbH + Co. KG
Valentina Muja
Harkortstraße 5
57462 Olpe
Tel.: 02761 / 891-706
Email: valentina.muja@kemper-group.com",,,karriere_suedwestfalen_de,https://www.karriere-suedwestfalen.de/ausbildung/ausbildung-zum-fachinformatiker-fuer-systemintegration-fuer-2027-829346,False,,60,,,,2026-06-13T14:42:26.207893+00:00
KSW-831921,karriere_sw_ae,GONICUS GmbH,,Arnsberg,Möhnestraße 55 59755 Arnsberg,"Auszubildender zum Fachinformatiker Systemintegration (all genders) für 2027

- Wir bieten Dir nach der Ausbildung bei Übernahme eine betriebliche Altersvorsorge.
- Ein externes Lebenslagencoaching steht dir bei Problemen und Herausforderungen aller Art, egal ob privat oder beruflich, rund um die Uhr zur Verfügung.
- Durch regelmäßige Events stärken wir den Zusammenhalt und sorgen für gute Laune.
- Wir bieten dir eine Prämie für die Anwerbung neuer Mitarbeiter aus deinem Freundes- oder Bekanntenkreis.
- Es gibt die Möglichkeit für Provisionen und Umsatzbeteiligungen bei der Akquise von Neukunden.
- Unsere Chillout Area mit Küche verfügt über Kicker, Dartscheibe, TV und Kaffeevollautomat zur freien Benutzung.
Parkmöglichkeiten gibt es direkt am Kaiserhaus und Du kommst zu Fuß in die Neheimer Innenstadt.
- Wir sind ausgezeichnet als TOP COMPANY und OPEN COMPANY auf kununu.",,,Ausbildung | Auszubildender zum Fachinformatiker Systemintegration (all genders) für 2027,si,,"- Wir bieten Dir nach der Ausbildung bei Übernahme eine betriebliche Altersvorsorge.
- Ein externes Lebenslagencoaching steht dir bei Problemen und Herausforderungen aller Art, egal ob privat oder beruflich, rund um die Uhr zur Verfügung.
- Durch regelmäßige Events stärken wir den Zusammenhalt und sorgen für gute Laune.
- Wir bieten dir eine Prämie für die Anwerbung neuer Mitarbeiter aus deinem Freundes- oder Bekanntenkreis.
- Es gibt die Möglichkeit für Provisionen und Umsatzbeteiligungen bei der Akquise von Neukunden.
- Unsere Chillout Area mit Küche verfügt über Kicker, Dartscheibe, TV und Kaffeevollautomat zur freien Benutzung.
Parkmöglichkeiten gibt es direkt am Kaiserhaus und Du kommst zu Fuß in die Neheimer Innenstadt.
- Wir sind ausgezeichnet als TOP COMPANY und OPEN COMPANY auf kununu.",,,empty,jobs@gonicus.de,,,,none,"- Aufgeschlossenheit, Kontaktfreudigkeit und Spaß an Teamarbeit
- Ein guter Schulabschluss – ganz gleich, ob Mittlere Reife, (Fach‑)Abitur oder ein vergleichbarer Abschluss
Was erwartet Dich?
- 40 Std./Woche
- 30 Tage Urlaub
- Flexible Arbeitszeiten im Rahmen unserer Kernarbeitszeiten (10:00 bis 16:00 Uhr)
- Homeoffice-Möglichkeiten
Was bieten wir außerdem?
- Die Chance, als Mitglied eines tollen, hilfsbereiten Teams in einem innovativen und zukunftsorientierten Unternehmen, Teil der GONICUS-Familie zu werden.
- Wir übernehmen für unsere Azubis die Hälfte der Kosten des Deutschlandtickets zur Nutzung der öffentlichen Verkehrsmittel.
- Du erhältst Zugang zum Vorteilsportal ""Corporate Benefits"". Damit erhältst Du exklusiven Zugang zu attraktiven Vergünstigungen und Sonderkonditionen bei zahlreichen bekannten Marken und Anbietern aus den Bereichen Shopping, Reisen, Technik, Freizeit und vieles mehr.
- Wir leben unsere Prinzipien – auch intern setzen wir konsequent auf Open Source, vom Betriebssystem bis zum Office Paket.
- Genauso leben wir unsere Offenheit: flache Hierarchien, Duzen über alle Hierarchieebenen hinweg und das Prinzip der offenen Tür bedingen einen kurzen Draht zum Vorgesetzten.
- Es gibt viel Platz für Innovation und eigene Ideen.
- Es gibt viele Perspektiven zur Weiterbildung und Entwicklung Deiner Fähigkeiten durch externe Trainer (z.B. LPI-Zertifizierungen) und internen Wissenstransfer (wir legen Wert auf Workshops von Kollegen für Kollegen, bspw. zu den Themen LDAP, Red Hat Satellite oder Compilerbau). Außerdem ermöglichen wir Dir den Besuch von Messen oder Konferenzen. So bleibst Du auf dem neuesten Stand und hast die Chance, neue Themenbereiche zu erschließen.
- Es gibt ein strukturiertes Onboarding mit einem Paten, der Dir in der Anfangszeit mit Rat und Tat zur Seite steht, wodurch Du schnell Anschluss findest.
- Wir tun etwas für deine Gesundheit: unsere Büroräume sind modern und gut ausgestattet mit ergonomischen Büromöbeln (z.B. höhenverstellbare Schreibtische), es gibt Walkingpads, aktive sportliche Betätigung/Stressabbau/Ernährungsberatung wird monatlich bezuschusst, eine Bildschirmarbeitsplatzbrille wird bezuschusst, es gibt wöchentlich einen frischen Obst- und Gemüsekorb sowie gelegentliche Specials wie Büro-Yoga.
- Du hast nach der Ausbildung bei Übernahme die Möglichkeit ein Jobrad zu leasen.
Ihr Ansprechpartner:
GONICUS GmbH
Frau Heike Ahlmer
Tel. 02932 916-140
E-Mail: jobs@gonicus.de
Vollständige Bewerbungsunterlagen bitte an: jobs@gonicus.de",,,karriere_suedwestfalen_de,https://www.karriere-suedwestfalen.de/ausbildung/auszubildender-zum-fachinformatiker-systemintegration-all-genders-fuer-2027-831921,False,,53,,,,2026-06-13T14:44:03.421636+00:00
KSW-749291,karriere_sw_ae,Muhr und Bender KG,,Attendorn,Mubea-Platz 1 57439 Attendorn,"Ausbildung zum Fachinformatiker für Systemintegration (m/w/d) - Start 08/2027

Das lernst Du bei uns
- Du richtest IT‑Systeme, Netzwerke und Server ein und nimmst sie in Betrieb
- Du lernst, Hard‑ und Software zu installieren, zu konfigurieren und zu warten
- Du analysierst und behebst Störungen – vom PC‑Arbeitsplatz bis zur komplexen Infrastruktur
- Du arbeitest mit modernen Security‑ und Cloud‑Technologien wie Microsoft Azure
- Du unterstützt Anwender, dokumentierst Lösungen und wirkst in IT‑Projekten mit *Bei besonders guten Leistungen steigst Du bereits nach 2,5 Jahren voll in das Berufsleben ein.

Das bringst Du mit
- Du hast die (Fach‑)Hochschulreife und gute Noten in Deutsch, Mathe und Informatik (Leistungskurse von Vorteil)
- Du interessierst Dich für IT‑Technik, Netzwerke und digitale Lösungen und hast Freude daran, technische Probleme zu verstehen und zu lösen
- Du hast erste Erfahrungen durch IT‑Projekte, Schul-AGs oder Praktika? Das sind ein Plus, aber kein Muss!
- Du kannst Dich gut organisieren und bleibst dran, auch wenn Aufgaben komplex oder knifflig werden
- Du bist teamfähig, kommunikationsstark und hast Spaß daran, Anwender zu unterstützen und gemeinsam Lösungen zu finden
- Du bringst gute Englischkenntnisse mit
Wir freuen uns über Deine Bewerbung!
Muhr und Bender KG
Mubea-Platz 1
57439 Attendorn",,"Das bringst Du mit
- Du hast die (Fach‑)Hochschulreife und gute Noten in Deutsch, Mathe und Informatik (Leistungskurse von Vorteil)
- Du interessierst Dich für IT‑Technik, Netzwerke und digitale Lösungen und hast Freude daran, technische Probleme zu verstehen und zu lösen
- Du hast erste Erfahrungen durch IT‑Projekte, Schul-AGs oder Praktika? Das sind ein Plus, aber kein Muss!
- Du kannst Dich gut organisieren und bleibst dran, auch wenn Aufgaben komplex oder knifflig werden
- Du bist teamfähig, kommunikationsstark und hast Spaß daran, Anwender zu unterstützen und gemeinsam Lösungen zu finden
- Du bringst gute Englischkenntnisse mit
Wir freuen uns über Deine Bewerbung!
Muhr und Bender KG
Mubea-Platz 1
57439 Attendorn",Ausbildung zum Fachinformatiker für Systemintegration (m/w/d) - Start 08/2027,si,,,,,empty,juergen.struck@mubea.com,https://mubeacareers.recruitmentplatform.com/apply/apply.html?jobId=P6YFK026203F3VBQB68LO79SR-7177&langCode=de_DE,https://mubeacareers.recruitmentplatform.com/apply/apply.html?jobId=P6YFK026203F3VBQB68LO79SR-7177&langCode=de_DE,https://mubeacareers.recruitmentplatform.com/apply/apply.html?jobId=P6YFK026203F3VBQB68LO79SR-7177&langCode=de_DE,externe,,,,karriere_suedwestfalen_de,https://www.karriere-suedwestfalen.de/ausbildung/ausbildung-zum-fachinformatiker-fuer-systemintegration-start-08-2027-749291,False,,53,,,,2026-06-13T14:42:33.857018+00:00
KSW-807639,karriere_sw_ae,Oventrop GmbH & Co. KG,,Brilon,Hinterm Gallberg 5 59929 Brilon,"Ausbildung zum Fachinformatiker, Fachrichtung Systemintegration (m/w/d)

Ausgebildete Spezialisten für den IT-Bereich – auch wir bieten den Ausbildungsberuf Fachinformatiker, Fachrichtung Systemintegration (m/w/d) an! Du planst und konfigurierst diverse IT-Systeme. Dazu gehört auch, dass Du bei Störungen und Anwendungs- bzw. Systemproblemen die Fehler systematisch eingrenzt und behebst.
- IT-Systeme verwalten und betreiben: Dazu gehören, ERP, CRM, VM Umgebung, Windows- und Linux-Servern, lokaler und cloudbasierter Infrastruktur, IP-Netzwerken, Wi-Fi, E-Mail (Office 365), Telefonie (PBX/SIP), Chat und vieles mehr
- Im IT-Support für eine störungsfreie Verfügbarkeit sorgen
- Bedarfe analysieren und entsprechende Bedarfspläne aufstellen
- Dokumentation und Knowledge-Management
- Mindestens Fachoberschulreife
- Gute Noten in Deutsch, Englisch, Mathematik und anderen naturwissenschaftlichen Fächern
- Ausgeprägtes Maß an Zuverlässigkeit, Ehrgeiz, Lernbereitschaft, Eigeninitiative und Teamfähigkeit
- Eine interessante Tätigkeit in einem international tätigen, mittelständischen Familienunternehmen
- Flexible Gestaltung der Arbeitszeit
- Ein umfangreiches betriebliches Gesundheitsmanagement
- Durchführung von ausbildungsbegleitenden Seminaren
- Übernahme der Kosten für Schulbücher und sonstige Lehrmaterialien
- Prämierung von guten Prüfungsleistungen
- Unser Oventrop-Starter-Kit mit tollen Überraschungen sowie einem Tablet für die Berufsschule
Oventrop GmbH & Co. KG
Paul-Oventrop-Str. 1
59939 Olsberg
Lea Klaus
karriere@oventrop.com",,,"Ausbildung zum Fachinformatiker, Fachrichtung Systemintegration (m/w/d)",si,,"Ausgebildete Spezialisten für den IT-Bereich – auch wir bieten den Ausbildungsberuf Fachinformatiker, Fachrichtung Systemintegration (m/w/d) an! Du planst und konfigurierst diverse IT-Systeme. Dazu gehört auch, dass Du bei Störungen und Anwendungs- bzw. Systemproblemen die Fehler systematisch eingrenzt und behebst.
- IT-Systeme verwalten und betreiben: Dazu gehören, ERP, CRM, VM Umgebung, Windows- und Linux-Servern, lokaler und cloudbasierter Infrastruktur, IP-Netzwerken, Wi-Fi, E-Mail (Office 365), Telefonie (PBX/SIP), Chat und vieles mehr
- Im IT-Support für eine störungsfreie Verfügbarkeit sorgen
- Bedarfe analysieren und entsprechende Bedarfspläne aufstellen
- Dokumentation und Knowledge-Management
- Mindestens Fachoberschulreife
- Gute Noten in Deutsch, Englisch, Mathematik und anderen naturwissenschaftlichen Fächern
- Ausgeprägtes Maß an Zuverlässigkeit, Ehrgeiz, Lernbereitschaft, Eigeninitiative und Teamfähigkeit
- Eine interessante Tätigkeit in einem international tätigen, mittelständischen Familienunternehmen
- Flexible Gestaltung der Arbeitszeit
- Ein umfangreiches betriebliches Gesundheitsmanagement
- Durchführung von ausbildungsbegleitenden Seminaren
- Übernahme der Kosten für Schulbücher und sonstige Lehrmaterialien
- Prämierung von guten Prüfungsleistungen
- Unser Oventrop-Starter-Kit mit tollen Überraschungen sowie einem Tablet für die Berufsschule
Oventrop GmbH & Co. KG
Paul-Oventrop-Str. 1
59939 Olsberg
Lea Klaus
karriere@oventrop.com",,,empty,karriere@oventrop.com,https://jobs.oventrop.com/engage/jobexchange/applyBy.do?jobOfferId=8a708a8279fc187a017a42f25f460780&j=jobexchange&organizationUnitId=&source=,https://jobs.oventrop.com/engage/jobexchange/applyBy.do?jobOfferId=8a708a8279fc187a017a42f25f460780&j=jobexchange&organizationUnitId=&source=,https://jobs.oventrop.com/engage/jobexchange/applyBy.do?jobOfferId=8a708a8279fc187a017a42f25f460780&j=jobexchange&organizationUnitId=&source=,externe,,,,karriere_suedwestfalen_de,https://www.karriere-suedwestfalen.de/ausbildung/ausbildung-zum-fachinformatiker-fachrichtung-systemintegration-807639,False,,53,,,,2026-06-13T14:41:38.246290+00:00
KSW-736018,karriere_sw_ae,dicom GmbH,,Ehrenkirchen,Im Ebnet 6 79238 Ehrenkirchen,"Ausbildung Fachinformatiker/in für Systemintegration (m/w/d)

Wir bieten dir viel Raum für deine innovativen Ideen in einem wachstumsstarken Umfeld mit neuesten Technologien und Produkten. Bei uns kannst du dich einbringen und etwas bewegen.
Das wird dein Job…
- Du übernimmst die Installation und Betreuung von Betriebssystemen und Netzwerken, kümmerst dich um die Pflege von Datenbanken und implementierst IT-Sicherheitslösungen
- Du erwirbst fundierte Kenntnisse über IT-Hardware, Software und Netzwerke sowie deren komplexes Zusammenspiel
- Von Anfang an bist du aktiv in das Tagesgeschäft unserer IT-Abteilung eingebunden und kannst regelmäßig eigenverantwortlich kleinere IT-Projekte umsetzen
- Während deiner Ausbildung lernst du verschiedene Fachbereiche kennen und erweiterst kontinuierlich dein Wissen
Das wünschen wir uns...
- Du verfügst mindestens über einen erfolgreich abgeschlossenen mittleren Bildungsabschluss oder die Fachhochschulreife
- Du hast Freude an den Fächern Deutsch und Englisch
- Du bist computeraffin und interessierst dich für Computer, Systeme, Server und Netzwerke und bist diejenige Person die deiner Familie, Verwandtschaft und Bekanntschaft im Bereich Computer und Smartphones regelmäßig hilft
- Du verfügst über eine schnelle Auffassungsgabe, analytisches Denken sowie ein systemübergreifendes informationstechnisches Verständnis.
- Du arbeitest selbstständig, strukturiert und kundenorientiert.
- Du arbeitest gerne im Team und hast eine hohe Lernbereitschaft.
Das spricht für dicom…
- Hohe Eigenverantwortung und kurze Entscheidungswege
- Regelmäßige Team-Events
- Ein starkes Team, sowie freundliche Kollegen*innen die dich tatkräftig unterstützen Du passt zu uns, wenn folgende Werte für dich wichtig sind:
- Zusammenarbeit und Verlässlichkeit
- Fachwissen und Kompetenz
- Vertrauen und Ehrlichkeit
- Innovation und Flexibilität
Wenn dich der Job und unser Team anspricht, bewirb dich und schicke uns deine Bewerbung per E-Mail an bewerbung@dicom.de.",,,Ausbildung Fachinformatiker/in für Systemintegration (m/w/d),si,,"Wir bieten dir viel Raum für deine innovativen Ideen in einem wachstumsstarken Umfeld mit neuesten Technologien und Produkten. Bei uns kannst du dich einbringen und etwas bewegen.
Das wird dein Job…
- Du übernimmst die Installation und Betreuung von Betriebssystemen und Netzwerken, kümmerst dich um die Pflege von Datenbanken und implementierst IT-Sicherheitslösungen
- Du erwirbst fundierte Kenntnisse über IT-Hardware, Software und Netzwerke sowie deren komplexes Zusammenspiel
- Von Anfang an bist du aktiv in das Tagesgeschäft unserer IT-Abteilung eingebunden und kannst regelmäßig eigenverantwortlich kleinere IT-Projekte umsetzen
- Während deiner Ausbildung lernst du verschiedene Fachbereiche kennen und erweiterst kontinuierlich dein Wissen
Das wünschen wir uns...
- Du verfügst mindestens über einen erfolgreich abgeschlossenen mittleren Bildungsabschluss oder die Fachhochschulreife
- Du hast Freude an den Fächern Deutsch und Englisch
- Du bist computeraffin und interessierst dich für Computer, Systeme, Server und Netzwerke und bist diejenige Person die deiner Familie, Verwandtschaft und Bekanntschaft im Bereich Computer und Smartphones regelmäßig hilft
- Du verfügst über eine schnelle Auffassungsgabe, analytisches Denken sowie ein systemübergreifendes informationstechnisches Verständnis.
- Du arbeitest selbstständig, strukturiert und kundenorientiert.
- Du arbeitest gerne im Team und hast eine hohe Lernbereitschaft.
Das spricht für dicom…
- Hohe Eigenverantwortung und kurze Entscheidungswege
- Regelmäßige Team-Events
- Ein starkes Team, sowie freundliche Kollegen*innen die dich tatkräftig unterstützen Du passt zu uns, wenn folgende Werte für dich wichtig sind:
- Zusammenarbeit und Verlässlichkeit
- Fachwissen und Kompetenz
- Vertrauen und Ehrlichkeit
- Innovation und Flexibilität
Wenn dich der Job und unser Team anspricht, bewirb dich und schicke uns deine Bewerbung per E-Mail an bewerbung@dicom.de.",,,empty,bewerbung@dicomputer.de,,,,none,"Kontakt dicom GmbH
Stephanie Gierelt
Olper Hütte 5d
54762 Olpe
Tel. : +49 (0) 2761 80 08 - 0
Fax.: +49 (0) 2761 80 08 - 40
jobs@selectline.com
www.dicom.de",,,karriere_suedwestfalen_de,https://www.karriere-suedwestfalen.de/ausbildung/ausbildung-fachinformatiker-fuer-systemintegration-736018,False,,53,,,,2026-06-13T14:41:07.544021+00:00
KSW-816426,karriere_sw_ae,ALHO Unternehmensgruppe,,Friesenhagen,Hammer 1 51598 Friesenhagen,"Ausbildung zum Fachinformatiker/in für Systemintegration

Bei der ALHO Gruppe machen wir dich zur Top-Fachkraft, die unser Unternehmen voranbringt. Nach deiner Ausbildung bist du perfekt in unsere Abläufe integriert und hast viel praktische Erfahrung gesammelt. Du wirst gefördert, übernimmst früh Verantwortung und hast immer Unterstützung von deinen AusbilderInnen. Wir bieten dir Fortbildungen und bereiten dich bestens auf deine Prüfungen vor. Unsere Azubi Akademie hilft dir, wichtige Fähigkeiten für den Job zu lernen.",,,Ausbildung zum Fachinformatiker/in für Systemintegration,si,,"Bei der ALHO Gruppe machen wir dich zur Top-Fachkraft, die unser Unternehmen voranbringt. Nach deiner Ausbildung bist du perfekt in unsere Abläufe integriert und hast viel praktische Erfahrung gesammelt. Du wirst gefördert, übernimmst früh Verantwortung und hast immer Unterstützung von deinen AusbilderInnen. Wir bieten dir Fortbildungen und bereiten dich bestens auf deine Prüfungen vor. Unsere Azubi Akademie hilft dir, wichtige Fähigkeiten für den Job zu lernen.",,,empty,ausbildung@alho-gruppe.com,,,,none,"Plane deine Zukunft langfristig bei uns. Bei guten Leistungen hast du beste Chancen auf eine Übernahme nach der Ausbildung. Informiere dich über unsere Ausbildungsberufe, schau dir die Inhalte an und profitiere von den Erfahrungen anderer Azubis. Wenn du Fragen hast, sind unsere AnsprechpartnerInnen für dich da.
- Du unterstützt bei der Integration von Systemen, Anwendungen und Netzwerken in unsere IT-Landschaft.
- Du arbeitest mit Datenbanken, Schnittstellen und modernen Cloud-Technologien.
- Du analysierst Anforderungen und erstellst technische Konzepte.
- Du hilfst bei der Fehleranalyse und -behebung im laufenden Betrieb.
- Du lernst den Umgang mit Tools wie Microsoft 365, Dynamics 365 und modernen Deployment-Methoden.
- Interesse an IT – erste Erfahrungen mit dem PC und dem Aufbau kleinerer Netzwerke.
- Technisches Verständnis – Du hast Spaß daran, Systeme zu verstehen und Probleme zu lösen.
- Teamfähigkeit und Kommunikationsstärke – Du arbeitest gerne mit anderen zusammen.
- Eigeninitiative und Lernbereitschaft – Du möchtest Neues entdecken und Dich weiterentwickeln.
- Schulabschluss – (Fach-)Abitur.
- Führerschein der Klasse B wünschenswert
- Mitarbeit an spannenden Projekten
- Attraktive Ausbildungsvergütung zuzüglich Urlaubs- und Weihnachtsgeld
- Bonuskarte (einzulösen beim Einkaufen, Shoppen, Tanken uvm.)
- Fahrtkostenzuschuss für die Fahrten zur Berufsschule
- Welcome-Tage und Azubiausflüge
- Azubi Akademie: Wir unterstützen Dich beim Erwerb der nötigen Kompetenzen für einen erfolgreichen Berufsstart und begleiten Deine fachliche sowie persönliche Entwicklung
- Individuelle Prüfungsvorbereitung
- Langfristige Zukunftsperspektive ALHO Group Services GmbH
Frau Sabrina Dieckmann
Tel. 02294-696-701
E-Mail: ausbildung@alho-gruppe.com",,,karriere_suedwestfalen_de,https://www.karriere-suedwestfalen.de/ausbildung/ausbildung-zum-fachinformatiker-fuer-systemintegration-816426,False,,53,,,,2026-06-13T14:42:17.623784+00:00
KSW-835544,karriere_sw_ae,SCHEU-DENTAL GmbH,,Iserlohn,Am Burgberg 20 58642 Iserlohn,Ausbildung zum Fachinformatiker für Systemintegration (m/w/d),,,Ausbildung zum Fachinformatiker für Systemintegration (m/w/d),si,,,,,empty,karriere@scheu-dental.com,https://8140614268.karriereportal.cloud/job/153-Ausbildung-zum-Fachinformatiker-f%C3%BCr-Systemintegration-(m_w_d)/bewerben,https://8140614268.karriereportal.cloud/job/153-Ausbildung-zum-Fachinformatiker-f%C3%BCr-Systemintegration-(m_w_d)/bewerben,https://8140614268.karriereportal.cloud/job/153-Ausbildung-zum-Fachinformatiker-f%C3%BCr-Systemintegration-(m_w_d)/bewerben,externe,"- Eine fundierte Ausbildung mit enger Betreuung und festen Ansprechpartnern
- Einblicke in die moderne IT‑Infrastruktur eines zukunftsorientierten Industrieunternehmens
- Abwechslungsreiche Aufgabenbereiche
- Ein attraktives Ausbildungsgehalt
- Eine familiäre und wertschätzende Arbeitsatmosphäre",,,karriere_suedwestfalen_de,https://www.karriere-suedwestfalen.de/ausbildung/ausbildung-zum-fachinformatiker-fuer-systemintegration-835544,False,,53,,,,2026-06-13T14:42:20.446083+00:00
KSW-779484,karriere_sw_ae,Klauke Enterprises GmbH & Co. KG,,Meschede,Am Kindergarten 16 59872 Meschede,"Auszubildender Fachinformatiker für Systemintegration (m/w/d)

Wir bieten dir:
- Eine fundierte und praxisnahe Ausbildung in einem innovativen Unternehmen.
- Regelmäßige interne Schulungen und die Möglichkeit zur Teilnahme an externen Fortbildungen.
- Ein kollegiales Arbeitsumfeld mit erfahrenen Mentoren an deiner Seite.
- Nach erfolgreichem Abschluss gute Übernahmechancen und Entwicklungsperspektiven.
- Teilnahme an Team-Events, Messen und Weiterbildungen, um dein Netzwerk zu erweitern und den neuesten Technologien zu begegnen.
Klauke Enterprises GmbH & Co. KG
Am Kindergarten 16
59872 Meschede",,,Ausbildung | Auszubildender Fachinformatiker für Systemintegration (m/w/d),si,,"Wir bieten dir:
- Eine fundierte und praxisnahe Ausbildung in einem innovativen Unternehmen.
- Regelmäßige interne Schulungen und die Möglichkeit zur Teilnahme an externen Fortbildungen.
- Ein kollegiales Arbeitsumfeld mit erfahrenen Mentoren an deiner Seite.
- Nach erfolgreichem Abschluss gute Übernahmechancen und Entwicklungsperspektiven.
- Teilnahme an Team-Events, Messen und Weiterbildungen, um dein Netzwerk zu erweitern und den neuesten Technologien zu begegnen.
Klauke Enterprises GmbH & Co. KG
Am Kindergarten 16
59872 Meschede",,,empty,felix.klauke@klauke-enterprises.com,https://klauke-enterprises.jobs.personio.de/job/1279524?language=de&display=de#apply,https://klauke-enterprises.jobs.personio.de/job/1279524?language=de&display=de#apply,https://klauke-enterprises.jobs.personio.de/job/1279524?language=de&display=de#apply,externe,,,,karriere_suedwestfalen_de,https://www.karriere-suedwestfalen.de/ausbildung/auszubildender-fachinformatiker-fuer-systemintegration-779484,False,,53,,,,2026-06-13T14:43:54.673640+00:00
KSW-34713,karriere_sw_ae,Martinrea Honsel Germany GmbH,,Meschede,Fritz-Honsel-Straße 30 59872 Meschede,Ausbildung zum Fachinformatiker (m/w/d) für Systemintegration,,,Ausbildung zum Fachinformatiker (m/w/d) für Systemintegration,si,,,,,empty,ausbildung@martinrea.com,https://martinreahonsel.prevueaps.com/jobs/,https://martinreahonsel.prevueaps.com/jobs/,https://martinreahonsel.prevueaps.com/jobs/,externe,"- Internationale Kontakte
- Hohe Ausbildungsvergütung nach Metalltarif
- Subventioniertes Mittagessen im eigenen Betriebsrestaurant
- Betriebliches Gesundheitsmanagement
Ausbildungsdauer: 3 Jahre (Verkürzung der Ausbildungszeit möglich).
Bewirb dich jetzt über unser Onlinebewerbermanagement
Martinrea Honsel Germany GmbH
Dieter Berndt
Leiter Personalentwicklung
Tel. 0291 291 256",,,karriere_suedwestfalen_de,https://www.karriere-suedwestfalen.de/ausbildung/ausbildung-zum-fachinformatiker-fuer-systemintegration-34713,False,,53,,,,2026-06-13T14:42:02.906894+00:00
KSW-840075,karriere_sw_ae,Falke KGaA,,Schmallenberg,Oststraße 5 57392 Schmallenberg,"Ausbildung zum Fachinformatiker Systemintegration (m/w/d) 2027

DEIN PROFIL SITZT WIE ANGEGOSSEN:
Für die Systemintegration jonglierst du gerne mit Daten, erfasst technische Zusammenhänge ebenso schnell wie präzise und interessierst dich auch für die Betriebswirtschaft. Ein gutes Verständnis für Mathematik hilft dir dabei, alle HTML-Befehle richtig zu platzieren. Außerdem wünschen wir uns, dass du bewusst einen Schritt nach dem anderen machst und dabei solange am Ball bleibst, bis jede Herausforderung bzw. Support-Anfrage gemeistert ist.
UNSER ANGEBOT FÜR DEINE ZUKUNFT:
Unsere Welt ist die Mode. Daher freuen wir uns darauf, dass du als stilbewusste Nachwuchskraft unsere Leidenschaft für Qualität teilst. Wenn du neugierig bist, was die Textil- und Bekleidungsindustrie so besonders macht, bist du bei uns genau richtig. Wir heißen dich herzlich willkommen und bieten dir viele spannende Einblicke, die dich fit für deine Zukunft machen. Natürlich begleiten wir dich bei jedem Schritt mit einem offenen Ohr für Fragen – und zeigen dir gerne auf, welche Karrierechancen dich bei FALKE erwarten.
Falke KGaA
Frau Marie-Christine Winkler
Oststraße 5
57392 Schmallenberg",,"DEIN PROFIL SITZT WIE ANGEGOSSEN:
Für die Systemintegration jonglierst du gerne mit Daten, erfasst technische Zusammenhänge ebenso schnell wie präzise und interessierst dich auch für die Betriebswirtschaft. Ein gutes Verständnis für Mathematik hilft dir dabei, alle HTML-Befehle richtig zu platzieren. Außerdem wünschen wir uns, dass du bewusst einen Schritt nach dem anderen machst und dabei solange am Ball bleibst, bis jede Herausforderung bzw. Support-Anfrage gemeistert ist.
UNSER ANGEBOT FÜR DEINE ZUKUNFT:
Unsere Welt ist die Mode. Daher freuen wir uns darauf, dass du als stilbewusste Nachwuchskraft unsere Leidenschaft für Qualität teilst. Wenn du neugierig bist, was die Textil- und Bekleidungsindustrie so besonders macht, bist du bei uns genau richtig. Wir heißen dich herzlich willkommen und bieten dir viele spannende Einblicke, die dich fit für deine Zukunft machen. Natürlich begleiten wir dich bei jedem Schritt mit einem offenen Ohr für Fragen – und zeigen dir gerne auf, welche Karrierechancen dich bei FALKE erwarten.
Falke KGaA
Frau Marie-Christine Winkler
Oststraße 5
57392 Schmallenberg",Ausbildung zum Fachinformatiker Systemintegration (m/w/d) 2027,si,,,,,empty,humanresources@FALKE.com,https://career.falke.com/vacancy/0000075,https://career.falke.com/vacancy/0000075,https://career.falke.com/vacancy/0000075,externe,,,,karriere_suedwestfalen_de,https://www.karriere-suedwestfalen.de/ausbildung/ausbildung-zum-fachinformatiker-systemintegration-2027-840075,False,,53,,,,2026-06-13T14:42:46.288221+00:00
KSW-113329,karriere_sw_ae,connecT SYSTEMHAUS AG,,Siegen,Marktstraße 45a 57078 Siegen,"Ausbildung zum Fachinformatiker Systemintegration (m/w/d | ab 2027)

WIR BIETEN DIR
- Alles, was Du brauchst, um dich zufrieden und erfolgreich weiterentwickeln zu können - fachlich und persönlich
- Eine IHK zertifizierte Top-Ausbildung
- Beginn der Ausbildung: ab August 2027
- IT-Support und -Beratung von Kunden und Interessenten
- Entwicklung, Konzeption und Realisierung von strategischen IT-Lösungen
- Erstellung von Security-Plänen und -Konzepten zum Schutz der Kunden
- Koordination von Projekten und Projektmanagement
- Unterstützung von Vertrieb und Unternehmenskommunikation
- Du hast mindestens einen Realschulabschluss und Lust darauf, zukunftsweisende IT-Lösungen mitzugestalten
- Server, Clients, Switching, Virtualisierungslösungen wie Hyper-V und Back-up-Systeme sind für dich keine Fremdwörter, sondern Interessensgebiete
- Spaß an der Sache und an deiner persönlichen Weiterentwicklung sind dir wichtig
- Leistungsbereitschaft und ein selbstbewusstes Auftreten sind für dich keine Pflicht, sondern eine Selbstverständlichkeit
- Du hast den Anspruch, dich und dein Umfeld positiv zu verändern
- Teamwork liegt dir näher als Einzelbüro
- Englisch gehört für dich zur IT wie die Henne zum Ei, das Alpha zum Omega, die 1 zur 0 Dann freuen wir uns auf Deine aussagekräftigen Bewerbungsunterlagen. Bitte lass uns diese als ein PDF über unser connecT BEWERBUNGSFORMULAR zukommen.",,,Ausbildung zum Fachinformatiker Systemintegration (m/w/d | ab 2027),si,,"WIR BIETEN DIR
- Alles, was Du brauchst, um dich zufrieden und erfolgreich weiterentwickeln zu können - fachlich und persönlich
- Eine IHK zertifizierte Top-Ausbildung
- Beginn der Ausbildung: ab August 2027
- IT-Support und -Beratung von Kunden und Interessenten
- Entwicklung, Konzeption und Realisierung von strategischen IT-Lösungen
- Erstellung von Security-Plänen und -Konzepten zum Schutz der Kunden
- Koordination von Projekten und Projektmanagement
- Unterstützung von Vertrieb und Unternehmenskommunikation
- Du hast mindestens einen Realschulabschluss und Lust darauf, zukunftsweisende IT-Lösungen mitzugestalten
- Server, Clients, Switching, Virtualisierungslösungen wie Hyper-V und Back-up-Systeme sind für dich keine Fremdwörter, sondern Interessensgebiete
- Spaß an der Sache und an deiner persönlichen Weiterentwicklung sind dir wichtig
- Leistungsbereitschaft und ein selbstbewusstes Auftreten sind für dich keine Pflicht, sondern eine Selbstverständlichkeit
- Du hast den Anspruch, dich und dein Umfeld positiv zu verändern
- Teamwork liegt dir näher als Einzelbüro
- Englisch gehört für dich zur IT wie die Henne zum Ei, das Alpha zum Omega, die 1 zur 0 Dann freuen wir uns auf Deine aussagekräftigen Bewerbungsunterlagen. Bitte lass uns diese als ein PDF über unser connecT BEWERBUNGSFORMULAR zukommen.",,,empty,weiss@cnag.de,https://karriere.cnag.de/apply?id=cb78d7,https://karriere.cnag.de/apply?id=cb78d7,https://karriere.cnag.de/apply?id=cb78d7,externe,,,,karriere_suedwestfalen_de,https://www.karriere-suedwestfalen.de/ausbildung/ausbildung-zum-fachinformatiker-systemintegration-ab-2027-113329,False,,53,2027,8,,2026-06-13T14:42:49.271102+00:00
KSW-718704,karriere_sw_ae,DATASEC information factory GmbH,,Siegen,Welterstr. 57 57072 Siegen,"Ausbildung zum Fachinformatiker Systemintegration für 2026 (m/w/d)

- Du zählst Teamfähigkeit zu deinen StärkenWir bieten dir einen interessanten und abwechslungsreichen Arbeitsplatz mit langfristiger Perspektive, verbunden mit einer attraktiven und fairen Vergütung. Gleichzeitig erhältst du die Möglichkeit, dich im Rahmen unserer Weiterbildungsangebote individuell fortzubilden.
- Abwechslungsreicher und interessanter Arbeitsplatz mit langfristiger Perspektive
- Attraktive und faire Vergütung
- Mitarbeiterrabatte bei über 800 Top-Markenanbietern
- Modernes E-Bike-Leasing nach Abschluss der Ausbildung
- Eingegliederter Betriebssport in den Arbeitsalltag
- Kostenlose Getränke und frisches Obst
- Zusätzlich zum Gehalt bieten wir Ihnen eine betriebliche Krankenversicherung und eine betriebliche Altersvorsorge an
- Austausch auf Augenhöhe und flache Hierarchien
- Teambuilding-Events: Als junges und dynamisches Team setzen wir auf Motivation, Teamgeist und Zusammenhalt mit regelmäßigen Veranstaltungen.
- Mitgestaltung und Weiter­entwicklung: Jeder kann seine Wünsche und Ideen einbringen und dazu beitragen, Themen im Unternehmen weiterzubringen. Für die fachliche und persönliche Entwicklung bieten wir, neben beruflichen Weiterbildungen, individuelle Angebote und Mentoren-Programme an.
- Außerdem unterstützen wir die nebenberufliche akademische Fortbildung mit Stipendien und begleiten unsere Mitarbeiter aktiv auf ihrem Weg in ein Bachelor oder Master Studiengang.Die DATASEC sucht keine Überflieger – sondern Menschen mit Tiefgang und Bodenhaftung. Engagierte Persönlichkeiten, die mit Leidenschaft bei der Sache sind und mit neuen Ideen für frischen Wind sorgen. Zur Fortsetzung unserer Erfolgsgeschichte suchen wir dich!
Fühlst du dich angesprochen? Dann bewirb dich jetzt!
DATASEC information factory GmbH
Jolina Hegner
Welterstr. 57
57072 Siegen",,,Ausbildung zum Fachinformatiker Systemintegration für 2026 (m/w/d),si,,"- Du zählst Teamfähigkeit zu deinen StärkenWir bieten dir einen interessanten und abwechslungsreichen Arbeitsplatz mit langfristiger Perspektive, verbunden mit einer attraktiven und fairen Vergütung. Gleichzeitig erhältst du die Möglichkeit, dich im Rahmen unserer Weiterbildungsangebote individuell fortzubilden.
- Abwechslungsreicher und interessanter Arbeitsplatz mit langfristiger Perspektive
- Attraktive und faire Vergütung
- Mitarbeiterrabatte bei über 800 Top-Markenanbietern
- Modernes E-Bike-Leasing nach Abschluss der Ausbildung
- Eingegliederter Betriebssport in den Arbeitsalltag
- Kostenlose Getränke und frisches Obst
- Zusätzlich zum Gehalt bieten wir Ihnen eine betriebliche Krankenversicherung und eine betriebliche Altersvorsorge an
- Austausch auf Augenhöhe und flache Hierarchien
- Teambuilding-Events: Als junges und dynamisches Team setzen wir auf Motivation, Teamgeist und Zusammenhalt mit regelmäßigen Veranstaltungen.
- Mitgestaltung und Weiter­entwicklung: Jeder kann seine Wünsche und Ideen einbringen und dazu beitragen, Themen im Unternehmen weiterzubringen. Für die fachliche und persönliche Entwicklung bieten wir, neben beruflichen Weiterbildungen, individuelle Angebote und Mentoren-Programme an.
- Außerdem unterstützen wir die nebenberufliche akademische Fortbildung mit Stipendien und begleiten unsere Mitarbeiter aktiv auf ihrem Weg in ein Bachelor oder Master Studiengang.Die DATASEC sucht keine Überflieger – sondern Menschen mit Tiefgang und Bodenhaftung. Engagierte Persönlichkeiten, die mit Leidenschaft bei der Sache sind und mit neuen Ideen für frischen Wind sorgen. Zur Fortsetzung unserer Erfolgsgeschichte suchen wir dich!
Fühlst du dich angesprochen? Dann bewirb dich jetzt!
DATASEC information factory GmbH
Jolina Hegner
Welterstr. 57
57072 Siegen",,,empty,,https://datasec.talentstorm.de/bewerbung/ausbildung-zum-fachinformatiker-systemintegration-fuer-2026-m-w-d-20709,https://datasec.talentstorm.de/bewerbung/ausbildung-zum-fachinformatiker-systemintegration-fuer-2026-m-w-d-20709,https://datasec.talentstorm.de/bewerbung/ausbildung-zum-fachinformatiker-systemintegration-fuer-2026-m-w-d-20709,externe,"Als Fachinformatiker/in für Systemintegration setzt du fachspezifische Anforderungen in komplexe Hard- und Softwaresysteme um und führst neue oder modifizierte Systeme der Informations- und Kommunikationstechnik ein. Den Benutzern stehst du als kompetenter Ansprechpartner für Betreuung, Problemlösung und Schulung zur Verfügung. Im Verlauf deiner 3-jährigen Ausbildung in unserem Unternehmen spezialisierst du dich auf die Konzeption, Installation und Administration von Netzwerken, Client-Server-Lösungen und Arbeitsplätzen mit IT-Equipment. Dabei setzt du das theoretisch erlernte Wissen aus der Berufsschule immer umgehend in der Praxis eines wachsenden und innovativen Unternehmens ein.
- Du hast (Fach-)Abitur oder einen guten Realschulabschluss; gerne geben wir auch Studienabbrechern eine Chance
- Du interessierst dich für technische Zusammenhänge, hast Spaß am Umgang mit modernster Informationstechnologie
- Du besitzt ein ausgeprägtes organisatorisches und analytisches Talent
- Du verfügst über eine hohe Einsatzbereitschaft und selbstständige Arbeitsweise
- Du hast Disziplin und die Fähigkeit, sorgfältig und eigenständig zu arbeiten",,,karriere_suedwestfalen_de,https://www.karriere-suedwestfalen.de/ausbildung/ausbildung-zum-fachinformatiker-systemintegration-fuer-2026-718704,False,,53,,,,2026-06-13T14:43:11.089788+00:00
KSW-705766,karriere_sw_ae,HEES Gruppe,,Siegen,Leimbachstraße 266 57074 Siegen,"Ausbildung | Fachinformatiker/-in Systemintegration (m/w/d) in Siegen ab 01. August 2026

In der HEES Gruppe verstehen wir, dass gute Arbeit ein wesentlicher Bestandteil eines erfüllten Lebens ist. Deshalb setzen wir auf eine Ausbildung, die sowohl Wissen vermittelt als auch die Freude am täglichen Arbeiten fördert. Mit rund 40 Auszubildenden in den Bereichen Informationselektronik, Fachinformatik sowie Büromanagement bieten wir jungen Menschen an unserem Hauptstandort in Siegen und in unserer hauseigenen Akademie die besten Voraussetzungen für eine erfolgreiche Karriere.
Wir investieren in moderne Arbeitsumgebungen und fortschrittliche Technologien, damit unsere Auszubildenden optimal auf die Zukunft vorbereitet sind.
Du bist ehrgeizig, motiviert und hast Lust, mit uns in neue Arbeitswelten einzutauchen? Dann starte jetzt deine Ausbildung bei HEES und sei ab Tag 1 Teil einer spannenden Reise.
Bewirb dich jetzt und setze gemeinsam mit uns neue Maßstäbe für das bessere Arbeiten.
Für unseren Standort in Siegen suchen wir ab dem 1. August 2026 einen
Auszubildenden zum Fachinformatiker für Systemintegration (m/w/d) in Siegen
High-Tech und Innovation: Während Deiner Ausbildung lernst Du alles über die Planung, Installation und Verwaltung von IT-Systemen. Ob Netzwerke einrichten, Server konfigurieren oder komplexe IT-Probleme lösen – wir machen Dich zum absoluten IT-Profi.
Spannende Projekte: Wenig Theorie, sondern ganz viel Praxis! Du arbeitest an echten Kundenprojekten, entwickelst Lösungen und sorgst dafür, dass die IT-Infrastruktur immer up to date ist.
Erfahrene Mentoren: Unsere Experten stehen Dir mit Rat und Tat zur Seite und geben ihr Know-how weiter. Mit modernster Technik, Apps und Tools bereiten wir Dich optimal auf Deine berufliche Zukunft vor.
- Du interessierst Dich für den Bereich Informatik
- Du hast schon jetzt ein gutes technisches Verständnis und ein abstraktes Denkvermögen
- Deine Englischkenntnisse sind ""very good""
- Du hast einen Realschulabschluss, eine Fachhochschulreife oder eine Allgemeine Hochschulreife
- Gute Noten in den Fächern Informatik und Mathematik erleichtern Dir den Start
- Vorkenntnisse in den Bereichen Programmierung, Visual Studio, C#, Relationale Datenbanken, Access und SQL sind von Vorteil
- Sehr gute Übernahmechancen nach Deiner Ausbildung
- Prüfungsvorbereitungskurse in unserer hauseigenen Akademie
- Regelmäßige Teamevents
- Azubiprojekte mit Sinn
- Eine anteilige Kostenübernahme des 58 Euro Tickets
- 30 Tage Urlaub
INTERESSIERT? WIR AUCH!
Du hast Fragen oder bist Dir bei der Gestaltung Deiner Bewerbung unsicher? Kein Problem, wir helfen Dir gerne.
Ist Deine Bewerbung vollständig, dann reiche sie bitte über unsere Karriereseite ein. Hier bekommst Du direkt Feedback, ob Deine Bewerbung eingegangen ist.
Hees Gruppe
Alisa Utsch
Personalreferentin
Tel 0271.4881-175",,"In der HEES Gruppe verstehen wir, dass gute Arbeit ein wesentlicher Bestandteil eines erfüllten Lebens ist. Deshalb setzen wir auf eine Ausbildung, die sowohl Wissen vermittelt als auch die Freude am täglichen Arbeiten fördert. Mit rund 40 Auszubildenden in den Bereichen Informationselektronik, Fachinformatik sowie Büromanagement bieten wir jungen Menschen an unserem Hauptstandort in Siegen und in unserer hauseigenen Akademie die besten Voraussetzungen für eine erfolgreiche Karriere.
Wir investieren in moderne Arbeitsumgebungen und fortschrittliche Technologien, damit unsere Auszubildenden optimal auf die Zukunft vorbereitet sind.
Du bist ehrgeizig, motiviert und hast Lust, mit uns in neue Arbeitswelten einzutauchen? Dann starte jetzt deine Ausbildung bei HEES und sei ab Tag 1 Teil einer spannenden Reise.
Bewirb dich jetzt und setze gemeinsam mit uns neue Maßstäbe für das bessere Arbeiten.
Für unseren Standort in Siegen suchen wir ab dem 1. August 2026 einen
Auszubildenden zum Fachinformatiker für Systemintegration (m/w/d) in Siegen
High-Tech und Innovation: Während Deiner Ausbildung lernst Du alles über die Planung, Installation und Verwaltung von IT-Systemen. Ob Netzwerke einrichten, Server konfigurieren oder komplexe IT-Probleme lösen – wir machen Dich zum absoluten IT-Profi.
Spannende Projekte: Wenig Theorie, sondern ganz viel Praxis! Du arbeitest an echten Kundenprojekten, entwickelst Lösungen und sorgst dafür, dass die IT-Infrastruktur immer up to date ist.
Erfahrene Mentoren: Unsere Experten stehen Dir mit Rat und Tat zur Seite und geben ihr Know-how weiter. Mit modernster Technik, Apps und Tools bereiten wir Dich optimal auf Deine berufliche Zukunft vor.
- Du interessierst Dich für den Bereich Informatik
- Du hast schon jetzt ein gutes technisches Verständnis und ein abstraktes Denkvermögen
- Deine Englischkenntnisse sind ""very good""
- Du hast einen Realschulabschluss, eine Fachhochschulreife oder eine Allgemeine Hochschulreife
- Gute Noten in den Fächern Informatik und Mathematik erleichtern Dir den Start
- Vorkenntnisse in den Bereichen Programmierung, Visual Studio, C#, Relationale Datenbanken, Access und SQL sind von Vorteil
- Sehr gute Übernahmechancen nach Deiner Ausbildung
- Prüfungsvorbereitungskurse in unserer hauseigenen Akademie
- Regelmäßige Teamevents
- Azubiprojekte mit Sinn
- Eine anteilige Kostenübernahme des 58 Euro Tickets
- 30 Tage Urlaub
INTERESSIERT? WIR AUCH!
Du hast Fragen oder bist Dir bei der Gestaltung Deiner Bewerbung unsicher? Kein Problem, wir helfen Dir gerne.
Ist Deine Bewerbung vollständig, dann reiche sie bitte über unsere Karriereseite ein. Hier bekommst Du direkt Feedback, ob Deine Bewerbung eingegangen ist.
Hees Gruppe
Alisa Utsch
Personalreferentin
Tel 0271.4881-175",Ausbildung | Fachinformatiker/-in Systemintegration (m/w/d) in Siegen ab 01. August 2026,si,,,,,empty,alisa.utsch@hees.de,https://bewerbermanagement.net/9qtz8,https://bewerbermanagement.net/9qtz8,https://bewerbermanagement.net/9qtz8,externe,,,,karriere_suedwestfalen_de,https://www.karriere-suedwestfalen.de/ausbildung/ausbildung-fachinformatiker-systemintegration-in-siegen-ab-01-august-2026-705766,False,,53,,,,2026-06-13T14:41:19.087145+00:00
KSW-836942,karriere_sw_ae,Volksbank in Südwestfalen eG,,Siegen,Berliner Str. 39 57072 Siegen,"Fachinformatiker Systemintegration (m/w/d) ab 1. August 2027 Standort: Siegen

Das lernst Du in der Ausbildung:
- IT-Systeme planen, konfigurieren, administrieren und warten
- Informations- und Kommunikationslösungen realisieren
- Hard- und Softwarekomponenten vernetzen
- Netzwerke planen und warten
- Dienste überwachen
- Grundlagen der IT-Sicherheit und des Datenschutzes
- Erbringung von IT-Service-Dienstleistungen (Support & Anwenderbetreuung) Das wünschen wir uns:
- Technik begeistert dich – egal ob Software, Hardware oder neue digitale Trends
- Du bist offen, freundlich und hast Spaß daran, anderen Dinge zu erklären und zu zeigen
- Du arbeitest gewissenhaft, kannst selbständig Aufgaben übernehmen und bist gleichzeitig ein
echter Teamplayer
- Du hast die Fachhochschulreife oder das Abitur und gute bis sehr gute Noten –
vor allem in Mathe, Informatik, Englisch und Wirtschaft
- Du bist mindestens 18 Jahre alt, mobil und besitzt einen Führerschein der Klasse B
Mehr Informationen?

Wir bieten wir Dir:
- Eine anspruchsvolle und praxisorientierte Qualifizierung zum Fachinformatiker/
Systemintegration (m/w/d) (3 Jahre)
- Gute Übernahmechancen
- Sehr gute Ausbildungsvergütung (€ 1.443,00 mtl. brutto im 1. Ausbildungsjahr)
- Attraktive und moderne Arbeitsbedingungen in einem engagierten Team
Volksbank in Südwestfalen eG
Frau Anke Bockelmann
Berliner Str. 39
57072 Siegen
anke.bockelmann@vbinswf.de
Tel. 02351/177-1043
Fabian Appelt - Abteilungsleitung IT-Administration Tel. 02351/177-1860
Carsten Hartkopf - SAchbearbeitung IT-Administration/Ausbilder Tel. 02351/177-1867",,,Ausbildung | Fachinformatiker Systemintegration (m/w/d) ab 1. August 2027 Standort: Siegen,si,,"Wir bieten wir Dir:
- Eine anspruchsvolle und praxisorientierte Qualifizierung zum Fachinformatiker/
Systemintegration (m/w/d) (3 Jahre)
- Gute Übernahmechancen
- Sehr gute Ausbildungsvergütung (€ 1.443,00 mtl. brutto im 1. Ausbildungsjahr)
- Attraktive und moderne Arbeitsbedingungen in einem engagierten Team
Volksbank in Südwestfalen eG
Frau Anke Bockelmann
Berliner Str. 39
57072 Siegen
anke.bockelmann@vbinswf.de
Tel. 02351/177-1043
Fabian Appelt - Abteilungsleitung IT-Administration Tel. 02351/177-1860
Carsten Hartkopf - SAchbearbeitung IT-Administration/Ausbilder Tel. 02351/177-1867",,,empty,anke.bockelmann@vbinswf.de,https://vr.mein-check-in.de/44761534,https://vr.mein-check-in.de/44761534,https://vr.mein-check-in.de/44761534,externe,,,,karriere_suedwestfalen_de,https://www.karriere-suedwestfalen.de/ausbildung/fachinformatiker-systemintegration-ab-1-august-2027-standort-siegen-836942,False,,53,,,,2026-06-13T14:44:30.224645+00:00
KSW-736587,karriere_sw_ae,ARTADA GmbH,,Werl,Prozessionsweg 5 59457 Werl,"Ausbildung Fachinformatiker Systemintegration (m/w/d) - 2026

Deine Aufgaben
- Du lernst wie man IT-Systeme plant, installiert und konfiguriert
- Deine erfahrenen Kollegen zeigen Dir wie man richtig dokumentiert und mit einem Ticketsystem umgeht
- Im Laufe deiner Ausbildung wirst du unsere Kunden beraten und eigenständig Fehleranalysen durchführen können
Ausbildung Fachinformatiker Systemintegration (m/w/d) - 2026

Dein Profil
- Du hast deine mittele Reife oder deine Fachhochschulreife bereits erreicht oder wirst diese bald abschließen
- Idealerweise hast du im Rahmen eines Praktikums bereits erste Erfahrungen in einem IT-Unternehmen oder einer IT-Abteilung sammeln können (gerne kannst du dich auch für ein erstes Praktikum bei uns bewerben)
- Du interessierst Dich für Informatik und neue Technologien
- Du bringst ein gutes technisches Verständnis mit und kannst Dir Zusammenhänge logisch erschließen
- Du bist wissbegierig, kommunikativ und arbeitest gerne im Team
Warum ARTADA?
- Interessante Projekte auf hohem technischen Niveau
- Anschluss an Deine Kollegen und unsere anderen Azubis
- Raum für persönliche Weiterentwicklung, kollegiales Miteinander und unkomplizierte Zusammenarbeit
- Angenehmes Arbeitsumfeld in einer offenen Unternehmenskultur mit flachen Hierarchien und innovativen Themen
- Modernen Arbeitsplatz mit höhenverstellbaren Schreibtischen sowie aktuelle Hard- und Software
- Flexible Arbeitszeitgestaltung
Über unsDie ARTADA GmbH mit Sitz in Werl ist ein mittelständisches IT-Systemhaus mit dem Fokus auf IT-Sicherheit, IT-Infrastruktur, Service und Consulting. Zu unserem Kundenstamm zählen vornehmlich Unternehmen in den Regionen Süd- und Ostwestfalen aus den Bereichen Automobil- und Metallindustrie, sowie dem Gesundheitswesen und der öffentlichen Hand.",,"Dein Profil
- Du hast deine mittele Reife oder deine Fachhochschulreife bereits erreicht oder wirst diese bald abschließen
- Idealerweise hast du im Rahmen eines Praktikums bereits erste Erfahrungen in einem IT-Unternehmen oder einer IT-Abteilung sammeln können (gerne kannst du dich auch für ein erstes Praktikum bei uns bewerben)
- Du interessierst Dich für Informatik und neue Technologien
- Du bringst ein gutes technisches Verständnis mit und kannst Dir Zusammenhänge logisch erschließen
- Du bist wissbegierig, kommunikativ und arbeitest gerne im Team
Warum ARTADA?
- Interessante Projekte auf hohem technischen Niveau
- Anschluss an Deine Kollegen und unsere anderen Azubis
- Raum für persönliche Weiterentwicklung, kollegiales Miteinander und unkomplizierte Zusammenarbeit
- Angenehmes Arbeitsumfeld in einer offenen Unternehmenskultur mit flachen Hierarchien und innovativen Themen
- Modernen Arbeitsplatz mit höhenverstellbaren Schreibtischen sowie aktuelle Hard- und Software
- Flexible Arbeitszeitgestaltung
Über unsDie ARTADA GmbH mit Sitz in Werl ist ein mittelständisches IT-Systemhaus mit dem Fokus auf IT-Sicherheit, IT-Infrastruktur, Service und Consulting. Zu unserem Kundenstamm zählen vornehmlich Unternehmen in den Regionen Süd- und Ostwestfalen aus den Bereichen Automobil- und Metallindustrie, sowie dem Gesundheitswesen und der öffentlichen Hand.",Ausbildung Fachinformatiker Systemintegration (m/w/d) - 2026,si,,,,,empty,jobs@artada.de,https://t.gohiring.com/h/4c79f4a01e937035009a33d0a8fc7417d860615076350d454708e0eeec8cf982,https://t.gohiring.com/h/4c79f4a01e937035009a33d0a8fc7417d860615076350d454708e0eeec8cf982,https://t.gohiring.com/h/4c79f4a01e937035009a33d0a8fc7417d860615076350d454708e0eeec8cf982,externe,,,,karriere_suedwestfalen_de,https://www.karriere-suedwestfalen.de/ausbildung/ausbildung-fachinformatiker-systemintegration-2026-736587,False,,53,,,,2026-06-13T14:41:15.948467+00:00
KSW-107956,karriere_sw_ae,werbeagentur netzpepper GmbH & Co. KG,,Winterberg,Wernsdorfer Str. 1 59955 Winterberg,"Auszubildender Fachinformatiker Systemintegration (m/w/d) 2026

Das sind deine Aufgaben:
- Planung, Administration und Wartung von Windows- und Linux-basierten IT-Systemen im eigenen Haus und für Kunden
- Eingrenzung und Beseitigung von Störungen, Lösung von System- und Anwendungsproblemen
- Beschaffung und Installation von Hard- und Software
- Betreuung und Überwachung sowie Pflege und Wartung von IT-Infrastruktur
- Planung, Aufbau, Inbetriebnahme und Pflege von Netzwerk-, Security- und Firewall-Systemen Das lernst du bei uns:
- Systematisches, analytisches Vorgehen
- Selbstständiges Erarbeiten neuer Lösungskonzepte
- Dokumentation und Qualitätssicherung
- Management und Wartung vernetzter Systeme
- Die tägliche Arbeit mit unterschiedlichen Betriebssystemen sowie unterschiedlicher Hard-und Software
- Tiefe und umfangreiche Kenntnisse über Netzwerke, Firewalls und Security-Komponenten

Das bringst du mit:
- technisches Verständnis und hohe IT-Affinität
- logisches Denkvermögen
- gute allgemeine Computer- und Internetkenntnisse
- sicherer Umgang mit Microsoft-Office Programmen
- Teamfähigkeit und sicheres Auftreten
- Organisationstalent
- Kommunikationsfähigkeit in Wort und Schrift
Das bringst du mit:
- Deutschkenntnisse auf mindestens C1-Niveau (verhandlungssicher)
- Feste Tätigkeit vor Ort an unserem Agenturstandort in Winterberg
Bitte beachte: Bewerbungen, die die genannten notwendigen Voraussetzungen nicht erfüllen, können im Auswahlverfahren leider nicht berücksichtigt werden.
In diesen Fällen erfolgt ggf. keine gesonderte Rückmeldung.
Was wir dir bieten:
- Systematisches, analytisches Vorgehen
- Selbstständiges Erarbeiten neuer Lösungskonzepte
- Dokumentation und Qualitätssicherung
- Management und Wartung vernetzter Systeme
- Die tägliche Arbeit mit unterschiedlichen Betriebssystemen sowie unterschiedlicher Hard-und Software
- Tiefe und umfangreiche Kenntnisse über Netzwerke, Firewalls und Security-Komponenten
werbeagentur netzpepper
Gitta Kappen
Wernsdorfer Str. 1
59955 Winterberg
Tel. 02981-928758-0
bewerbung@netzpepper.de
Hier geht's zum Jobangebot auf der Website",,"Das bringst du mit:
- technisches Verständnis und hohe IT-Affinität
- logisches Denkvermögen
- gute allgemeine Computer- und Internetkenntnisse
- sicherer Umgang mit Microsoft-Office Programmen
- Teamfähigkeit und sicheres Auftreten
- Organisationstalent
- Kommunikationsfähigkeit in Wort und Schrift
Das bringst du mit:
- Deutschkenntnisse auf mindestens C1-Niveau (verhandlungssicher)
- Feste Tätigkeit vor Ort an unserem Agenturstandort in Winterberg
Bitte beachte: Bewerbungen, die die genannten notwendigen Voraussetzungen nicht erfüllen, können im Auswahlverfahren leider nicht berücksichtigt werden.
In diesen Fällen erfolgt ggf. keine gesonderte Rückmeldung.
Was wir dir bieten:
- Systematisches, analytisches Vorgehen
- Selbstständiges Erarbeiten neuer Lösungskonzepte
- Dokumentation und Qualitätssicherung
- Management und Wartung vernetzter Systeme
- Die tägliche Arbeit mit unterschiedlichen Betriebssystemen sowie unterschiedlicher Hard-und Software
- Tiefe und umfangreiche Kenntnisse über Netzwerke, Firewalls und Security-Komponenten
werbeagentur netzpepper
Gitta Kappen
Wernsdorfer Str. 1
59955 Winterberg
Tel. 02981-928758-0
bewerbung@netzpepper.de
Hier geht's zum Jobangebot auf der Website",Ausbildung | Auszubildender Fachinformatiker Systemintegration (m/w/d) 2026,si,,,,,empty,bewerbung@netzpepper.de,https://bewerbung.netzpepper.de/bewerbungsformular,https://bewerbung.netzpepper.de/bewerbungsformular,https://bewerbung.netzpepper.de/bewerbungsformular,externe,,,,karriere_suedwestfalen_de,https://www.karriere-suedwestfalen.de/ausbildung/auszubildender-fachinformatiker-systemintegration-2026-107956,False,,53,,,,2026-06-13T14:43:57.538700+00:00
KSW-839945,karriere_sw_ae,REGUPOL Holding GmbH,,Bad Berleburg,Am Hilgenacker 24 57319 Bad Berleburg,Auszubildende zum/zur Fachinformatiker_in für Systemintegration (m/w/d),,,Ausbildung | Auszubildende zum/zur Fachinformatiker_in für Systemintegration (m/w/d),si,,,,,empty,bewerbung@regupol.de,https://jobs.regupol.de/Auszubildende-zumzur-Fachinformatikerin-fuer-Systemintegra-de-f113.html,https://jobs.regupol.de/Auszubildende-zumzur-Fachinformatikerin-fuer-Systemintegra-de-f113.html,https://jobs.regupol.de/Auszubildende-zumzur-Fachinformatikerin-fuer-Systemintegra-de-f113.html,externe,,,,karriere_suedwestfalen_de,https://www.karriere-suedwestfalen.de/ausbildung/auszubildende-fachinformatiker-in-fuer-systemintegration-839945,False,,47,,,,2026-06-13T14:43:30.274533+00:00
KSW-18253,karriere_sw_ae,WKN Datentechnik GmbH,,Balve,Am Bahnhof 5 58802 Balve,Ausbildung zum/zur Fachinformatiker/in Fachrichtung Systemintegration (m/w/d) 2026,,,Ausbildung zum/zur Fachinformatiker/in Fachrichtung Systemintegration (m/w/d) 2026,si,,,,,empty,bewerbung@wkn-online.com,,,,none,"Ansprechpartner: Pascal Sorof
Am Bahnhof 5
58802 Balve
E-Mail: bewerbung@wkn-online.com
Tel. 02375 / 939269-0",,,karriere_suedwestfalen_de,https://www.karriere-suedwestfalen.de/ausbildung/ausbildung-fachinformatiker-fachrichtung-systemintegration-2026-18253,False,,47,,,,2026-06-13T14:40:56.593342+00:00
KSW-308979,karriere_sw_ae,Weber GmbH & Co. KG,,Dillenburg,Industriestraße 14 35683 Dillenburg,Ausbildung zum Fachinformatiker für Systemintegration [m/w/d],,,Ausbildung zum Fachinformatiker für Systemintegration [m/w/d],si,,,,,empty,bewerbungen@weber-group.com,https://www.weber-group.com/de/karriere/ihre-bewerbung/,https://www.weber-group.com/de/karriere/ihre-bewerbung/,https://www.weber-group.com/de/karriere/ihre-bewerbung/,externe,,,,karriere_suedwestfalen_de,https://www.karriere-suedwestfalen.de/ausbildung/ausbildung-zum-fachinformatiker-fuer-systemintegration-308979,False,,47,,,,2026-06-13T14:41:59.884080+00:00
KSW-828780,karriere_sw_ae,Knauf Interfer Gruppe,,Ense,Oesterweg 14 59469 Ense,Fachinformatiker für Systemintegration (m/w/d) - Ausbildung 2026,,,Ausbildung | Fachinformatiker für Systemintegration (m/w/d) - Ausbildung 2026,si,,,,,empty,naemi.roering@knauf-interfer.com,https://www.knauf-interfer.com/de/karriere/stellenangebote-detail/2024-048?cHash=38170060,https://www.knauf-interfer.com/de/karriere/stellenangebote-detail/2024-048?cHash=38170060,https://www.knauf-interfer.com/de/karriere/stellenangebote-detail/2024-048?cHash=38170060,externe,,,,karriere_suedwestfalen_de,https://www.karriere-suedwestfalen.de/ausbildung/fachinformatiker-fuer-systemintegration-ausbildung-2026-828780,False,,47,,,,2026-06-13T14:44:24.172441+00:00
KSW-553866,karriere_sw_ae,KettenWulf Betriebs GmbH,,Eslohe- Kückelheim,Zum Hohenstein 15 59889 Eslohe- Kückelheim,"Ausbildung zum Fachinformatiker für Systemintegration (m/w/d)

Dein Profil wird abgerundet durch:
» Freude am Umgang mit neuen Technologien
» selbstständiges und eigenverantwortliches Arbeiten
» ausgeprägte Teamfähigkeit
» logisch-analytisches Denkvermögen
» Eigeninitiative und Lernbereitschaft
» 3 Jahre, eine Verkürzung der Ausbildung ist bei entsprechender Eignung möglich
Ausbildungsorte:
» Berufskolleg Meschede
» KettenWulf Betriebs GmbH
Mögliche Aufstiegsfortbildungen (nach entsprechender Berufspraxis) sind u.a.:
» Zusatzqualifikationen durch herstellerbezogene Zertifikate
» geprüfter Fachwirt Computermanagement (m/w/d)
» staatlich geprüfter Techniker (m/w/d) mit der Fachrichtung Informatik
» geprüfter Betriebswirt (m/w/d)
HABEN WIR DEIN INTERESSE GEWECKT?
Dann freuen wir uns auf Deine aussagekräftige Bewerbung. Bitte wende Dich direkt, auch für Rückfragen, an das Personalmanagement:
KettenWulf Betriebs GmbH
Personalmanagement
Zum Hohenstein 15
59889 Eslohe-Kückelheim
Tel.: + 49.(0)2973.801-0
Fax: + 49.(0)2973.801-2296",,"Dein Profil wird abgerundet durch:
» Freude am Umgang mit neuen Technologien
» selbstständiges und eigenverantwortliches Arbeiten
» ausgeprägte Teamfähigkeit
» logisch-analytisches Denkvermögen
» Eigeninitiative und Lernbereitschaft
» 3 Jahre, eine Verkürzung der Ausbildung ist bei entsprechender Eignung möglich
Ausbildungsorte:
» Berufskolleg Meschede
» KettenWulf Betriebs GmbH
Mögliche Aufstiegsfortbildungen (nach entsprechender Berufspraxis) sind u.a.:
» Zusatzqualifikationen durch herstellerbezogene Zertifikate
» geprüfter Fachwirt Computermanagement (m/w/d)
» staatlich geprüfter Techniker (m/w/d) mit der Fachrichtung Informatik
» geprüfter Betriebswirt (m/w/d)
HABEN WIR DEIN INTERESSE GEWECKT?
Dann freuen wir uns auf Deine aussagekräftige Bewerbung. Bitte wende Dich direkt, auch für Rückfragen, an das Personalmanagement:
KettenWulf Betriebs GmbH
Personalmanagement
Zum Hohenstein 15
59889 Eslohe-Kückelheim
Tel.: + 49.(0)2973.801-0
Fax: + 49.(0)2973.801-2296",Ausbildung zum Fachinformatiker für Systemintegration (m/w/d),si,,,,,empty,,https://kettenwulf.talentstorm.de/bewerbung/ausbildung-zum-fachinformatiker-fuer-systemintegration-m-w-d-11404,https://kettenwulf.talentstorm.de/bewerbung/ausbildung-zum-fachinformatiker-fuer-systemintegration-m-w-d-11404,https://kettenwulf.talentstorm.de/bewerbung/ausbildung-zum-fachinformatiker-fuer-systemintegration-m-w-d-11404,externe,,,,karriere_suedwestfalen_de,https://www.karriere-suedwestfalen.de/ausbildung/ausbildung-zum-fachinformatiker-fuer-systemintegration-553866,False,,47,,,,2026-06-13T14:42:05.614816+00:00
KSW-28580,karriere_sw_ae,FingerHaus GmbH,,Frankenberg,Auestraße 45 35066 Frankenberg,Ausbildung zum Fachinformatiker (w/m/d) für Systemintegration (Start 2026),,,Ausbildung zum Fachinformatiker (w/m/d) für Systemintegration (Start 2026),si,,,,,empty,personal@fingerhaus.de,https://www.onlinebewerbungsserver.de/ApplyForm/AppStart.aspx?c=_AA_E6d_08m_B3_DB_7D5_A6_15_0F_40_95_EC_98C_99_92_B2_9E_3C0_C7Kb_DDzf_60_83_AB_13_E3I_1B_D06_16_BE_87_2B_9EM_9D_96_87_B8,https://www.onlinebewerbungsserver.de/ApplyForm/AppStart.aspx?c=_AA_E6d_08m_B3_DB_7D5_A6_15_0F_40_95_EC_98C_99_92_B2_9E_3C0_C7Kb_DDzf_60_83_AB_13_E3I_1B_D06_16_BE_87_2B_9EM_9D_96_87_B8,https://www.onlinebewerbungsserver.de/ApplyForm/AppStart.aspx?c=_AA_E6d_08m_B3_DB_7D5_A6_15_0F_40_95_EC_98C_99_92_B2_9E_3C0_C7Kb_DDzf_60_83_AB_13_E3I_1B_D06_16_BE_87_2B_9EM_9D_96_87_B8,externe,,,,karriere_suedwestfalen_de,https://www.karriere-suedwestfalen.de/ausbildung/ausbildung-zum-fachinformatiker-fuer-systemintegration-start-2026-28580,False,,47,,,,2026-06-13T14:42:37.185657+00:00
KSW-831896,karriere_sw_ae,Loh Services GmbH & Co. KG,,Haiger,Rudolf-Loh-Straße 1 35708 Haiger,"Ausbildung zum Fachinformatiker (m/w/d) Systemintegration 2026

Wir bieten
- Berufserfahrung in einer wachsenden, international ausgerichteten Unternehmensgruppe
- Vielfältige Einblicke durch praxisnahe Einsätze in wechselnden Fachabteilungen sowie die Chance auf Mitarbeit in einer Juniorenfirma
- Auszubildenden-Workshops und individuelle Weiterbildungsangebote (Loh Academy)
- Gute Übernahmechancen und vielfältige Perspektiven zur Weiterentwicklung
Wir freuen uns auf Deine Online-Bewerbung. Weitere Informationen unter www.
friedhelm-loh-group.de/karriere oder persönlich durch Rolf-Peter Krach, Tel.: +49(0)2772 505 1644.",,,Ausbildung zum Fachinformatiker (m/w/d) Systemintegration 2026,si,,"Wir bieten
- Berufserfahrung in einer wachsenden, international ausgerichteten Unternehmensgruppe
- Vielfältige Einblicke durch praxisnahe Einsätze in wechselnden Fachabteilungen sowie die Chance auf Mitarbeit in einer Juniorenfirma
- Auszubildenden-Workshops und individuelle Weiterbildungsangebote (Loh Academy)
- Gute Übernahmechancen und vielfältige Perspektiven zur Weiterentwicklung
Wir freuen uns auf Deine Online-Bewerbung. Weitere Informationen unter www.
friedhelm-loh-group.de/karriere oder persönlich durch Rolf-Peter Krach, Tel.: +49(0)2772 505 1644.",,,empty,,https://jobs.friedhelm-loh-group.com/sap/bc/webdynpro/sap/hrrcf_a_applwizard?PARAM=cG9zdF9pbnN0X2d1aWQ9OERDODg2MjFGMEVCMUZFMThCRDA5QkU1QkREM0EzNzM%3d&sap-wd-configid=ZER_A_APPLWIZARD&sap-client=200&sap-language=DE&sap-theme=LOH,https://jobs.friedhelm-loh-group.com/sap/bc/webdynpro/sap/hrrcf_a_applwizard?PARAM=cG9zdF9pbnN0X2d1aWQ9OERDODg2MjFGMEVCMUZFMThCRDA5QkU1QkREM0EzNzM%3d&sap-wd-configid=ZER_A_APPLWIZARD&sap-client=200&sap-language=DE&sap-theme=LOH,https://jobs.friedhelm-loh-group.com/sap/bc/webdynpro/sap/hrrcf_a_applwizard?PARAM=cG9zdF9pbnN0X2d1aWQ9OERDODg2MjFGMEVCMUZFMThCRDA5QkU1QkREM0EzNzM%3d&sap-wd-configid=ZER_A_APPLWIZARD&sap-client=200&sap-language=DE&sap-theme=LOH,externe,,,,karriere_suedwestfalen_de,https://www.karriere-suedwestfalen.de/ausbildung/ausbildung-zum-fachinformatiker-systemintegration-2026-831896,False,,47,,,,2026-06-13T14:42:43.155540+00:00
KSW-829455,karriere_sw_ae,SMS group GmbH,,Hilchenbach-Dahlbruch,Wiesenstraße 30 57271 Hilchenbach-Dahlbruch,"Ausbildung zum/zur Fachinformatiker/-in FR: Systemintegration 2027 (m/w/d)

ZUKUNFT Wir bieten Ihnen eine vielseitige Ausbildung • Die Berufe sind gefragt • Sie entwickeln Fähigkeiten anhand praxisnaher Aufgaben • Studienfahrten, Exkursionen und Seminare ergänzen das Gelernte • Häufig erreichen unsere Absolventinnen und Absolventen überdurchschnittliche Abschlüsse • Besonders qualifizierten Bewerberinnen und Bewerbern bieten wir die zusätzliche Möglichkeit des Studiums zum Bachelor Wirtschaftsinformatik • Wir begrüßen ausdrücklich Bewerbungen von schwerbehinderten Menschen.
ZUSAMMENKOMMEN​ Wollen Sie diese Chance wahrnehmen? Dann freuen wir uns auf Ihre Online-Bewerbung . Anja de Koster erteilt gerne weitere Auskünfte.
SMS group GmbH
Professional Training Product Designer ＆ Commercial
Ludger Thomas
Telefon: +49 (0) 2161 3502171
Bewerbungsschluss:",,,Ausbildung zum/zur Fachinformatiker/-in FR: Systemintegration 2027 (m/w/d),si,,"ZUKUNFT Wir bieten Ihnen eine vielseitige Ausbildung • Die Berufe sind gefragt • Sie entwickeln Fähigkeiten anhand praxisnaher Aufgaben • Studienfahrten, Exkursionen und Seminare ergänzen das Gelernte • Häufig erreichen unsere Absolventinnen und Absolventen überdurchschnittliche Abschlüsse • Besonders qualifizierten Bewerberinnen und Bewerbern bieten wir die zusätzliche Möglichkeit des Studiums zum Bachelor Wirtschaftsinformatik • Wir begrüßen ausdrücklich Bewerbungen von schwerbehinderten Menschen.
ZUSAMMENKOMMEN​ Wollen Sie diese Chance wahrnehmen? Dann freuen wir uns auf Ihre Online-Bewerbung . Anja de Koster erteilt gerne weitere Auskünfte.
SMS group GmbH
Professional Training Product Designer ＆ Commercial
Ludger Thomas
Telefon: +49 (0) 2161 3502171
Bewerbungsschluss:",,,empty,,https://career.sms-group.com/de/p/suedwestfalen/jobs/44749/apply,https://career.sms-group.com/de/p/suedwestfalen/jobs/44749/apply,https://career.sms-group.com/de/p/suedwestfalen/jobs/44749/apply,externe,,,,karriere_suedwestfalen_de,https://www.karriere-suedwestfalen.de/ausbildung/ausbildung-fachinformatiker-fr-systemintegration-2027-829455,False,,47,,,,2026-06-13T14:41:02.165017+00:00
KSW-821013,karriere_sw_ae,MENNEKES Elektrotechnik GmbH & Co. KG,,Kirchhundem-Welschen Ennest,Kölner Straße 37 57399 Kirchhundem-Welschen Ennest,Auszubildende zum Fachinformatiker der Fachrichtung Systemintegration 2027 (m/w/d),,,Ausbildung | Auszubildende zum Fachinformatiker der Fachrichtung Systemintegration 2027 (m/w/d),si,,,,,empty,bewerbung@mennekes.de,https://recruitingapp-5150.de.umantis.com/Vacancies/1244/Application/CheckLogin/1?lang=DE,https://recruitingapp-5150.de.umantis.com/Vacancies/1244/Application/CheckLogin/1?lang=DE,https://recruitingapp-5150.de.umantis.com/Vacancies/1244/Application/CheckLogin/1?lang=DE,externe,,,,karriere_suedwestfalen_de,https://www.karriere-suedwestfalen.de/ausbildung/auszubildende-zum-fachinformatiker-der-fachrichtung-systemintegration-2027-821013,False,,47,,,,2026-06-13T14:43:40.117001+00:00
KSW-744828,karriere_sw_ae,netstyle Informationstechnik GmbH,,Kreuztal,Am Bühl 2 57223 Kreuztal,AUSBILDUNG ZUM FACHINFORMATIKER FÜR Systemintegration (M/W/D),,,AUSBILDUNG ZUM FACHINFORMATIKER FÜR Systemintegration (M/W/D),si,,,,,empty,bewerbung@netstyle.de,,,,none,"Fachinformatiker und Fachinformatikerinnen in der Fachrichtung Systemintegration planen, installieren und betreiben bzw. verwalten IT-Systeme. Sie sorgen dafür, dass die IT-Infrastruktur eines Unternehmens reibungslos funktioniert. Zu ihren Aufgaben gehören die Analyse von Kundenanforderungen, die Auswahl geeigneter Hardware und Software sowie die Implementierung und Anpassung von Systemen. Sie sind Ansprechpartner für technische Probleme und unterstützen die Anwender bei der Nutzung der Systeme. Zudem arbeiten sie häufig in Projekten, um neue Lösungen zu entwickeln und bestehende Systeme zu optimieren.
Die Ausbildungsdauer beträgt drei Jahre.
-
- Planung und Konzeption von IT-Systemen
- Installation und Konfiguration von Hard- und Software
- Betreuung und Support von IT-Systemen und Netzwerken
- Unterstützung bei der Wartung und Optimierung bestehender IT-Systeme
- Abgeschlossenes (Fach-)Abitur oder vergleichbarer Abschluss mit guten Leistungen in Mathematik und Informatik
- Grundlegende Kenntnisse im Bereich IT
- Interesse an Softwareentwicklung und IT-Technologien
- Gute Kommunikationsfähigkeiten in Deutsch und idealerweise Englisch
- Ein anspruchsvolles und attraktives Tätigkeitsfeld
- Eine fundierte und praxisnahe Ausbildung
- Interessante Projekte und abwechslungsreiche Aufgaben
- flexible Arbeitszeiten
Wir freuen uns auf deine aussagekräftige Bewerbung, bestehend aus Anschreiben, Lebenslauf und relevanten Zeugnissen,
per E-Mail an bewerbung@netstyle.de oder über unser Online-Bewerbungsportal.
netstyle Informationstechnik GmbH
Herr Bode
Am Bühl 2
57223 Kreuztal
Tel. 02732 59280",,,karriere_suedwestfalen_de,https://www.karriere-suedwestfalen.de/ausbildung/ausbildung-zum-fachinformatiker-fuer-systemintegration-m-w-d-744828,False,,47,,,,2026-06-13T14:42:29.791066+00:00
KSW-813022,karriere_sw_ae,DIAL GmbH,,Lüdenscheid,Bahnhofsallee 18 58507 Lüdenscheid,Fachinformatiker*in Systemintegration (m/w/d),,,Ausbildung | Fachinformatiker*in Systemintegration (m/w/d),si,,,,,empty,peuser@dial.de,https://dial-gmbh.jobs.personio.de/job/2425547?language=de&apply,https://dial-gmbh.jobs.personio.de/job/2425547?language=de&apply,https://dial-gmbh.jobs.personio.de/job/2425547?language=de&apply,externe,,,,karriere_suedwestfalen_de,https://www.karriere-suedwestfalen.de/ausbildung/fachinformatiker-in-systemintegration-813022,False,,47,,,,2026-06-13T14:44:26.857128+00:00
KSW-665613,karriere_sw_ae,INDUSYS GmbH,,Lüdenscheid,Kerkhagen 9 58513 Lüdenscheid,Fachinformatiker/in für Systemintegration (m/w/d),,,Ausbildung | Fachinformatiker/in für Systemintegration (m/w/d),si,,,,,empty,trajkovic@indusys.de,https://www.indusys.de/it-jobs/,https://www.indusys.de/it-jobs/,https://www.indusys.de/it-jobs/,externe,,,,karriere_suedwestfalen_de,https://www.karriere-suedwestfalen.de/ausbildung/fachinformatiker-fuer-systemintegration-665613,False,,47,,,,2026-06-13T14:44:21.433317+00:00
KSW-607006,karriere_sw_ae,LANdata IT-Solutions GmbH & Co. KG,,Olpe,Olper Hütte 5h 57462 Olpe,2026 - Ausbildung zum/zur Fachinformatiker/in - Fachrichtung Systemintegration (m/w/d),,,Ausbildung | 2026 - Ausbildung zum/zur Fachinformatiker/in - Fachrichtung Systemintegration (m/w/d),si,,,,,empty,,https://landata.talentstorm.de/bewerbung/2026-ausbildung-zum-zur-fachinformatiker-in-fachrichtung-systemintegration-m-w-d-14285,https://landata.talentstorm.de/bewerbung/2026-ausbildung-zum-zur-fachinformatiker-in-fachrichtung-systemintegration-m-w-d-14285,https://landata.talentstorm.de/bewerbung/2026-ausbildung-zum-zur-fachinformatiker-in-fachrichtung-systemintegration-m-w-d-14285,externe,"Dieser Slogan spiegelt das wider, was wir sind: Ansprechpartner für alle Fragen rund um das Thema Netzwerktechnik. Ob LAN, WAN, Virtualisierung oder Cloud Computing - das Spezialisten Team von LANdata hilft jederzeit fachkundig bei der Auswahl und Installation weiter.
Die LANdata Computer Handels GmbH wurde im Oktober 1996 von Wilhelm Martin Meth und Johannes Meth gegründet. Von der Konzeption über die Umsetzung bis hin zur Wartung bieten wir unseren Kunden einen erstklassigen Service aus einer Hand. Dabei stützen wir uns auf die hervorragende Kompetenz unserer Mitarbeiter sowie ein breites Netz an Leistungspartnern. Selbstverständlich kommen bei uns nur hochwertige Produkte zum Einsatz, die wir stets unter dem Gesichtspunkt der Praxistauglichkeit auswählen. Oberstes Ziel ist, unseren Kunden aus den verschiedensten Branchen Lösungen im Bereich Netzwerke, Virtualisierung und Cloud Computing zu bieten.
Bei LANdata steht immer der Kunde im Mittelpunkt. Deshalb investieren wir kontinuierlich in die Weiterbildung unserer Mitarbeiter, um unseren Kunden stets das aktuellste Fachwissen und die modernste Technik bieten zu können. Flache Hierarchien und ein großes Maß an Gestaltungsspielraum tragen zur Zufriedenheit unserer Mitarbeiter bei.
Werden auch DU Teil unseres hochmotivierten Teams!
Für das Ausbildungsjahr 2026 suchen wir:eine/n Auszubildende/n zum/zur Fachinformatiker/in - Fachrichtung Systemintegration
Auszubildende nehmen bei LANdata eine wichtige Rolle ein. In einer modernen IT-Umgebung hast Du die Möglichkeit einer qualifizierten Aus- und Weiterbildung. Eine offene und teamorientierte Arbeitsatmosphäre ist bei uns die Grundlage, um Schritt für Schritt alle wichtigen berufsbezogenen Aufgaben kennenzulernen.
- Du richtest Computersysteme vom Notebook bis zum Server ein
- Du pflegst lokale Netzwerke und sicherst diese gegen Bedrohungen ab
- Du planst und realisierst kundenspezifische IT-Lösungen
- Du verwaltest und betreust IT-Systeme unserer Kunden
- Du unterstützt IT-Projekte, sowie den eigenen Betrieb bei technischen Aufgaben
- Berufsschule: Siegen (Berufskolleg Technik)
- mindestens 18 Jahre alt
- Mittlere Reife oder Abitur
- Deutsch als Muttersprache oder mind. C1 Niveau
- Verständnis für Hardware-Komponenten eines PCs
- Interesse an Elektrotechnik und Informatik
- Gute Englischkenntnisse
- Freude am Kontakt mit Menschen
- eine spannende und qualifizierte Ausbildung mit breit gefächertem Fachwissen
- ein hochmotiviertes und junges Team
- ein moderner, ergonomischer Arbeitsplatz
- offene und freundliche Arbeitsatmosphäre
- flache Hierarchien und Gestaltungsspielräume
- attraktive monatliche Vergütung
- Unterstützung bei der Prüfungsvorbereitung
- Fort- und Weiterbildungsmöglichkeiten in verschiedenen Bereichen
- Vermögenswirksame Leistungen
- 28 Tage Urlaub pro Jahr
- Getränke (Wasser, Cola, eine große Auswahl an Softdrinks, Tee & Kaffeespezialitäten)
- frisches Obst und Gemüse, sowie diverse Snacks
- Beteiligung an einer Mitgliedschaft im Urban Sports Club
- gemeinsame Firmenevents und Ausflüge
- gute Übernahmechancen nach erfolgreichem Abschluss
LANdata IT-Solutions GmbH & Co. KG
Ulrich Reuber
Olper Hütte 5h
57462 Olpe
Tel. 02761/7001-160",,,karriere_suedwestfalen_de,https://www.karriere-suedwestfalen.de/ausbildung/2026-ausbildung-fachinformatiker-fachrichtung-systemintegration-607006,False,,47,,,,2026-06-13T14:40:36.746861+00:00
KSW-279071,karriere_sw_ae,iwm Informationstechnik GmbH,,Plettenberg,Ohler Straße 104 58840 Plettenberg,Azubi (Nerd) für Computerzeugs (Fachinformatiker Systemintegration) (m/w/d),,,Ausbildung | Azubi (Nerd) für Computerzeugs (Fachinformatiker Systemintegration) (m/w/d),si,,,,,empty,jobs@iwmweb.de,,,,none,"Ihr Ansprechpartner:
iwm Informationstechnik GmbH
Frau Catherine Delgado
Tel. +49 (0) 2391 60 16 69 0
Email: jobs@iwmweb.de",,,karriere_suedwestfalen_de,https://www.karriere-suedwestfalen.de/ausbildung/azubi-nerd-fuer-computerzeugs-fachinformatiker-systemintegration-279071,False,,47,,,,2026-06-13T14:44:12.485333+00:00
KSW-136109,karriere_sw_ae,Systemhaus Sauerland GmbH & Co. KG,,Schmallenberg,In der Eitmecke 2a 57392 Schmallenberg,"Ausbildung zum Fachinformatiker Systemintegration (m/w/d)

Dein Profil:
- Erfolgreich abgeschlossene Fachhochschulreife, Abi oder ähnlicher Abschluss
- Gute Noten in Mathematik, Informatik und Englisch
- Führerschein der Klasse B
- Interesse an Informationstechnologien und technischen Zusammenhängen
- Selbstständige und exakte Arbeitsweise
- Engagement und hohe Lernbereitschaft
- Teamfähigkeit
Unser Angebot:
- Eine umfassende Ausbildung auf hohem Niveau
- Sehr gute Zukunftsaussichten in einem innovativen Beruf
- Ein anspruchsvolles und abwechslungsreiches Arbeitsumfeld
- Ein angenehmes und kollegiales Arbeitsklima
- Gute Übernahmechancen nach der Ausbildung
Systemhaus Sauerland GmbH & Co. KG
Herr Sven Schulte
An der Robbecke 1
57392 Schmallenberg
E. sven.schulte@systemhaus-sauerland.de
Tel. 02972- 963920",,"Dein Profil:
- Erfolgreich abgeschlossene Fachhochschulreife, Abi oder ähnlicher Abschluss
- Gute Noten in Mathematik, Informatik und Englisch
- Führerschein der Klasse B
- Interesse an Informationstechnologien und technischen Zusammenhängen
- Selbstständige und exakte Arbeitsweise
- Engagement und hohe Lernbereitschaft
- Teamfähigkeit
Unser Angebot:
- Eine umfassende Ausbildung auf hohem Niveau
- Sehr gute Zukunftsaussichten in einem innovativen Beruf
- Ein anspruchsvolles und abwechslungsreiches Arbeitsumfeld
- Ein angenehmes und kollegiales Arbeitsklima
- Gute Übernahmechancen nach der Ausbildung
Systemhaus Sauerland GmbH & Co. KG
Herr Sven Schulte
An der Robbecke 1
57392 Schmallenberg
E. sven.schulte@systemhaus-sauerland.de
Tel. 02972- 963920",Ausbildung zum Fachinformatiker Systemintegration (m/w/d),si,,,,,empty,sven.schulte@systemhaus-sauerland.de,,,,none,,,,karriere_suedwestfalen_de,https://www.karriere-suedwestfalen.de/ausbildung/ausbildung-zum-fachinformatiker-systemintegration-136109,False,,47,,,,2026-06-13T14:42:40.172320+00:00
KSW-732054,karriere_sw_ae,d.poc-it GmbH,,Siegen,Geisweider Straße 110 57078 Siegen,Ausbildung zum Fachinformatiker für Systemintegration (m/w/d),,,Ausbildung zum Fachinformatiker für Systemintegration (m/w/d),si,,,,,empty,bewerbung@dpoc-it.com,https://www.dpoc-it.com/de/karriere/jetzt-bewerben.php,https://www.dpoc-it.com/de/karriere/jetzt-bewerben.php,https://www.dpoc-it.com/de/karriere/jetzt-bewerben.php,externe,,,,karriere_suedwestfalen_de,https://www.karriere-suedwestfalen.de/ausbildung/ausbildung-zum-fachinformatiker-fuer-systemintegration-732054,False,,47,,,,2026-06-13T14:42:08.523558+00:00
KSW-552194,karriere_sw_ae,ONTIV GmbH,,Siegen,Sandstraße 53 57072 Siegen,"Auszubildende(r) Fachinformatiker(in) (Systemintegration) (m/w/d)

Das erwartet dich:
- Spannende Aufgaben und Projekte, in denen die aktuellsten Technologien verwendet werden
- Integration unserer Softwarelösungen bei unseren Kunden
- Einrichtung und Administration von Web- und Datenbankservern
- Betreuung unserer Kunden bei Anwender- und Supportfragen
- Ein aufgeschlossenes Team, das Dich jederzeit unterstützt
- Active Workplaces als Remotearbeitsplatz (Laufband + Fahrrad)
- Getränkeflatrate, Grillday, Sports und vieles mehr

Dein Profil:
- Abitur/Fachabitur oder abgebrochenes Studium
- Logisches Denkvermögen
- Interesse an IT- und kaufmännischen Zusammenhängen
- Kommunikationsbereitschaft und Teamfähigkeit
- Fähigkeit, selbstständig und im Team zu arbeiten
- gute englisch Kenntnisse (Sprache u. Schrift)
Unser Angebot:
- Eine herausfordernde, abwechslungsreiche und interessante Tätigkeit
- Möglichkeit auf Übernahme nach Abschluss der Ausbildung
- Mitarbeit in einem jungen, aufgeschlossenen Team mit familiärem Flair
- Flache Hierarchien, kurze Entscheidungswege und eine direkte Kommunikation
Haben wir Dein Interesse geweckt? Dann sende uns Deine aussagekräftigen Bewerbungsunterlagen bewerbung@ontiv.com.
ONTIV GmbH
Herr Thorsten Weber
Sandstraße 53
57072 Siegen
Tel. 0271-221910",,"Dein Profil:
- Abitur/Fachabitur oder abgebrochenes Studium
- Logisches Denkvermögen
- Interesse an IT- und kaufmännischen Zusammenhängen
- Kommunikationsbereitschaft und Teamfähigkeit
- Fähigkeit, selbstständig und im Team zu arbeiten
- gute englisch Kenntnisse (Sprache u. Schrift)
Unser Angebot:
- Eine herausfordernde, abwechslungsreiche und interessante Tätigkeit
- Möglichkeit auf Übernahme nach Abschluss der Ausbildung
- Mitarbeit in einem jungen, aufgeschlossenen Team mit familiärem Flair
- Flache Hierarchien, kurze Entscheidungswege und eine direkte Kommunikation
Haben wir Dein Interesse geweckt? Dann sende uns Deine aussagekräftigen Bewerbungsunterlagen bewerbung@ontiv.com.
ONTIV GmbH
Herr Thorsten Weber
Sandstraße 53
57072 Siegen
Tel. 0271-221910",Ausbildung | Auszubildende(r) Fachinformatiker(in) (Systemintegration) (m/w/d),si,,,,,empty,bewerbung@ontiv.com,,,,none,,,,karriere_suedwestfalen_de,https://www.karriere-suedwestfalen.de/ausbildung/auszubildende-r-fachinformatiker-in-systemintegration-552194,False,,47,,,,2026-06-13T14:43:33.564180+00:00
KSW-806143,karriere_sw_ae,TSUBAKI KABELSCHLEPP GmbH,,Wenden,Daimlerstraße 2 57482 Wenden,Ausbildung zum Fachinformatiker Fachrichtung Systemintegration (m/w/d) 2026,,,Ausbildung zum Fachinformatiker Fachrichtung Systemintegration (m/w/d) 2026,si,,,,,empty,,https://tsubaki-kabelschlepp.talentstorm.de/bewerbung/ausbildung-zum-fachinformatiker-fachrichtung-systemintegration-m-w-d-2026-24704,https://tsubaki-kabelschlepp.talentstorm.de/bewerbung/ausbildung-zum-fachinformatiker-fachrichtung-systemintegration-m-w-d-2026-24704,https://tsubaki-kabelschlepp.talentstorm.de/bewerbung/ausbildung-zum-fachinformatiker-fachrichtung-systemintegration-m-w-d-2026-24704,externe,"Hier gilt es sich umgehend zu informieren und mit allen Neuheiten vertraut zu machen. Im Unternehmen wirst du einer der Ersten sein, die damit in Kontakt treten und Mitarbeiter darüber informieren können.
Beratende und unterstützende Funktionen stehen auch auf dem Tagesplan, wenn Probleme an computergesteuerten Arbeitsgeräten auftreten.
- Einen guten Realschulabschluss, die Fachhochschulreife oder die Allgemeine Hochschulreife (Abitur)
- Gute Noten in Mathematik, Physik und Informatik
- Interesse an IT, Technik und digitalen Lösungen
- Logisches Denkvermögen, Lernbereitschaft sowie Zuverlässigkeit und Teamgeist
- Hohe Übernahmechancen nach der Ausbildung
- Eine gute Betreuung über Deine Ausbildungszeit
- Flexible Arbeitszeiten (35h-Woche) durch Gleitzeit und Flexzeitkonten
- 30 Tage Urlaub im Kalenderjahr und Sonderurlaub zu bestimmten Anlässen
- Moderne, saubere Produktionshallen / Modernes Bürogebäude und moderne Arbeitsplatzausstattung
- Regelmäßige Events für Mitarbeiter + Familien
- Urban Sport, E-Bike Leasing uvm. -> zu den Benefits <-
TSUBAKI KABELSCHLEPP GmbH
Dieter Schmidt
Daimlerstraße 2
57482 Wenden",,,karriere_suedwestfalen_de,https://www.karriere-suedwestfalen.de/ausbildung/ausbildung-zum-fachinformatiker-fachrichtung-systemintegration-2026-806143,False,,47,,,,2026-06-13T14:41:35.601720+00:00
KSW-218844,karriere_sw_ae,Briloner Möbel Werke GmbH,,Brilon,Hinterm Gallberg 6 59929 Brilon,Auszubildende zum Fachinformatiker Systemintegration (w/m/d),,,Ausbildung | Auszubildende zum Fachinformatiker Systemintegration (w/m/d),si,,,,,empty,,https://briloner-mw.talentstorm.de/bewerbung/auszubildende-zum-fachinformatiker-systemintegration-w-m-d-6406,https://briloner-mw.talentstorm.de/bewerbung/auszubildende-zum-fachinformatiker-systemintegration-w-m-d-6406,https://briloner-mw.talentstorm.de/bewerbung/auszubildende-zum-fachinformatiker-systemintegration-w-m-d-6406,externe,,,,karriere_suedwestfalen_de,https://www.karriere-suedwestfalen.de/ausbildung/auszubildende-zum-fachinformatiker-systemintegration-218844,False,,40,,,,2026-06-13T14:43:45.898218+00:00
KSW-817675,karriere_sw_ae,K-iS Systemhaus GmbH,,Emmendingen,Milchhofstraße 2 79312 Emmendingen,Ausbildung zum Fachinformatiker - Systemintegration (m/w/d) Beginn: 01.08.2026 (Standort Emmendingen),,,Ausbildung zum Fachinformatiker - Systemintegration (m/w/d) Beginn: 01.08.2026 (Standort Emmendingen),si,,,,,empty,,https://k-is-systemhaus.talentstorm.de/bewerbung/ausbildung-zum-fachinformatiker-systemintegration-m-w-d-beginn-01-08-2026-standort-emmendingen-25171,https://k-is-systemhaus.talentstorm.de/bewerbung/ausbildung-zum-fachinformatiker-systemintegration-m-w-d-beginn-01-08-2026-standort-emmendingen-25171,https://k-is-systemhaus.talentstorm.de/bewerbung/ausbildung-zum-fachinformatiker-systemintegration-m-w-d-beginn-01-08-2026-standort-emmendingen-25171,externe,,,,karriere_suedwestfalen_de,https://www.karriere-suedwestfalen.de/ausbildung/ausbildung-zum-fachinformatiker-systemintegration-beginn-01-08-2026-standort-emmendingen-817675,False,,40,2026,8,2026-08-01,2026-06-13T14:42:52.051536+00:00
KSW-832320,karriere_sw_ae,ESCHA GmbH & Co. KG,,Halver,Elberfelder Straße 32 58553 Halver,AUSBILDUNG 2026 Fachinformatiker (m/w/d) Systemintegration,,,AUSBILDUNG 2026 Fachinformatiker (m/w/d) Systemintegration,si,,,,,empty,,https://www.escha.net/de/unternehmen/karriere/detailansicht/?jobId=caa86911-e41d-42b5-8de1-6f9fd2a1e247&etcc_cmp=Ausbildung%202026&etcc_med=Karriere%20S%C3%BCdwestfalen&etcc_ctv=Fachinformatiker%20Systemintegration,https://www.escha.net/de/unternehmen/karriere/detailansicht/?jobId=caa86911-e41d-42b5-8de1-6f9fd2a1e247&etcc_cmp=Ausbildung%202026&etcc_med=Karriere%20S%C3%BCdwestfalen&etcc_ctv=Fachinformatiker%20Systemintegration,https://www.escha.net/de/unternehmen/karriere/detailansicht/?jobId=caa86911-e41d-42b5-8de1-6f9fd2a1e247&etcc_cmp=Ausbildung%202026&etcc_med=Karriere%20S%C3%BCdwestfalen&etcc_ctv=Fachinformatiker%20Systemintegration,externe,,,,karriere_suedwestfalen_de,https://www.karriere-suedwestfalen.de/ausbildung/ausbildung-2026-fachinformatiker-systemintegration-832320,False,,40,,,,2026-06-13T14:40:39.516046+00:00
KSW-741284,karriere_sw_ae,Wiesemann IT Systemhaus GmbH & Co. KG,,Iserlohn,Ludwigstraße 12 58638 Iserlohn,"Ausbildung zum Fachinformatiker für Systemintegration (m/w/d)

Deine Aufgaben während der Ausbildung:
- Unterstützung im 1st Level Support: Annahme und Bearbeitung von IT-Anfragen
- Installation und Konfiguration von Hard- und Software
- Mitwirkung bei Wartungsarbeiten und Updates von Kundensystemen
- Überwachung unserer Monitoringsysteme und Analyse von Alarmmeldungen
- Zusammenarbeit mit dem 2nd Level Support zur Lösung komplexer IT-Probleme
- Grundlagen der IT-Sicherheit und Netzwerktechnik kennenlernen
- Interesse an IT und technischen Zusammenhängen
- Erste Erfahrungen mit Windows Systemen von Vorteil
- Logisches Denken und eine strukturierte Arbeitsweise
- Spaß am Lösen technischer Herausforderungen
- Teamfähigkeit, Eigeninitiative und eine hohe Lernbereitschaft
- Gute kommunikative Fähigkeiten
- Eine praxisnahe Ausbildung mit abwechslungsreichen Aufgaben
- Ein motiviertes und hilfsbereites Team
- Moderne Arbeitsmittel und eine angenehme Arbeitsumgebung
- Möglichkeiten zur Weiterbildung und persönlichen Entwicklung
- Regelmäßige Teamevents und ein kollegiales Miteinander
Starte mit uns in deine IT-Karriere! Wir freuen uns auf deine Bewerbung.
Wiesemann IT Systemhaus GmbH & Co. KG
Herr Timm Pferdekämper-Schmidt
Ludwigstraße 12
58638 Iserlohn
Tel. 023714782000",,,Ausbildung zum Fachinformatiker für Systemintegration (m/w/d),si,,,,,empty,bewerbung@wiesemann.net,,,,none,,,,karriere_suedwestfalen_de,https://www.karriere-suedwestfalen.de/ausbildung/ausbildung-zum-fachinformatiker-fuer-systemintegration-741284,False,,40,,,,2026-06-13T14:42:11.764823+00:00
KSW-834119,karriere_sw_ae,Gustav Hensel GmbH & Co. KG,,Lennestadt,Gustav-Hensel-Straße 6 57368 Lennestadt,Ausbildung zum Fachinformatiker für Systemintegration (m/w/d) 2027,,,Ausbildung zum Fachinformatiker für Systemintegration (m/w/d) 2027,si,,,,,empty,,https://hensel.talentstorm.de/bewerbung/ausbildung-zum-fachinformatiker-fuer-systemintegration-m-w-d-2027-26138,https://hensel.talentstorm.de/bewerbung/ausbildung-zum-fachinformatiker-fuer-systemintegration-m-w-d-2027-26138,https://hensel.talentstorm.de/bewerbung/ausbildung-zum-fachinformatiker-fuer-systemintegration-m-w-d-2027-26138,externe,,,,karriere_suedwestfalen_de,https://www.karriere-suedwestfalen.de/ausbildung/ausbildung-zum-fachinformatiker-fuer-systemintegration-2027-834119,False,,40,,,,2026-06-13T14:41:57.104993+00:00
KSW-820433,karriere_sw_ae,HJS Emission Technology GmbH & Co. KG,,Menden,Dieselweg 12 58706 Menden,"Ausbildung zum Fachinformatiker Systemintegrator (m/w/d) - ERST wieder ab 2027

Als angehender Fachinformatiker – Systemintegration bist Du ein wesentlicher Bestandteil unserer IT-Abteilung. Deine Aufgaben und Verantwortlichkeiten umfassen die Betreuung und Weiterentwicklung unserer IT-Systeme, um einen reibungslosen Betrieb zu gewährleisten.
Du hältst dich in allen Bereichen der IT auf dem aktuellen Stand, verfolgst neue Entwicklungen und integrierst diese in unserem System. Wenn technische Probleme auftreten, gehst Du beharrlich und systematisch den Ursachen auf den Grund und sorgst für einen schnellen und wieder störungsfreien Betrieb der IT-Systeme.
Ein weiterer wichtiger Aspekt Deiner Aufgaben ist die IT-Sicherheit. Du bist aktiv daran beteiligt, HJS vor möglichen IT-Gefahren zu schützen und sicherzustellen, dass unsere Daten und Systeme optimal geschützt sind.
Insgesamt bieten wir Dir eine abwechslungsreiche und spannende Ausbildung, bei welcher Du einen wesentlichen Beitrag zur Sicherstellung und Weiterentwicklung unserer IT-Infrastruktur leistest.
Als Fachinformatiker der Fachrichtung Systemintegration bist Du im Herzen der Firmen-IT. Diese Tätigkeiten erwarten dich:
- Beratung der Fachabteilungen bei der Auswahl und dem Einsatz von Hard- und Softwarekomponenten, sowie deren Beschaffung
- Aufbau, Vernetzung und Inbetriebnahme von IT-Systemen
- Dokumentation der Aufgaben und Durchführung von Benutzerschulungen
- Wartung, Pflege und Aktualisierung der IT-Systeme, Ursachenanalyse und Behebung von Störungen
SO LÄUFT DEINE AUSBILDUNG AB
Deine Ausbildung als Fachinformatiker – Systemintegration bei HJS dauert normalerweise 3 Jahre und beginnt im August. Während der Ausbildung lernst Du die kaufmännischen Abteilungen kennen, um einen Eindruck der Arbeitsweise und Aufgaben der Kollegen zu erhalten. Dies hilft Dir beim Verständnis der Anforderungen, welche die Fachabteilungen haben, um dann eine Hilfestellug bei der digitlaen Trasformation zu geben.
Durch das duale Ausbildungssystem besuchst Du zweimal die Woche die Berufsschule, den Rest der Zeit bist Du im Betrieb und versprühst hier Deine Funken. Um Dich auf internationale Einsatzmöglichkeiten vorzubereiten, nimmst Du einmal die Woche am firmeninternen Englischunterricht teil.
Da uns Dein Erfolg am Herzen liegt, stehen Dir die Ausbilder jederzeit zur Seite und unterstützen Dich auf dem Weg zum Fachexperten in Deinem Bereich.
Insgesamt eine Ausbildung, die Dich fit für die Zukunft macht und bei der Du nie alleine gelassen wirst!
- Interesse an Technik in allen Facetten
- Beharrlichkeit und analytisches Denken
- Teamfähigkeit und Freude am Umgang mit Menschen
- Du bist zuverlässig, verantwortungsbewusst und vertrauensvoll
- Du bist motiviert und bereit jeden Tag Neues zu lernen
- Neugier auf neue Entwicklungen und Trends Um Dich auf Deinem Weg zu unterstützen bieten wir dir folgende Benefits:
- Abwechslungsreiche Projekte
- Individuelle Förderung
- Karrierechancen
- Eine überdurchschnittliche
Vergütung
- Kostenübernahme für Schulbücher
- Urlaubs- und Weihnachtsgeld
- 30 Tage Urlaub
- Zuschuss zu vermögenswirksamen
Leistungen
- Fahrtkostenpauschale
- Englisch-Werksunterricht
- Weiterbildungsmöglichkeiten
- Familienfreundliches Unternehmen
- Azubi-Events
HJS Emission Technology GmbH & Co. KG
Frau Annette Ritz
Dieselweg 12
58706 Menden
Tel. 02373987-218",,,Ausbildung zum Fachinformatiker Systemintegrator (m/w/d) - ERST wieder ab 2027,si,,,,,empty,bewerbung@hjs.com,,,,none,,,,karriere_suedwestfalen_de,https://www.karriere-suedwestfalen.de/ausbildung/ausbildung-zum-fachinformatiker-systemintegrator-erst-wieder-ab-2027-820433,False,,40,2027,,,2026-06-13T14:43:13.922045+00:00
KSW-746203,karriere_sw_ae,TRISTAR MENDEN IT-Systemhaus,,Menden,Leibnizstr. 17 58706 Menden,Auszubildende/r zum Fachinformatiker/in für Systemintegration (m/w/d),,,Ausbildung | Auszubildende/r zum Fachinformatiker/in für Systemintegration (m/w/d),si,,,,,empty,job@tristar-menden.de,,,,none,,,,karriere_suedwestfalen_de,https://www.karriere-suedwestfalen.de/ausbildung/auszubildende-r-zum-fachinformatiker-fuer-systemintegration-746203,False,,40,,,,2026-06-13T14:43:37.125240+00:00
KSW-817671,karriere_sw_ae,K-iS Systemhaus GmbH,,Siegen,Sonnenstraße 33-35 57078 Siegen,Ausbildung zum Fachinformatiker - Systemintegration (m/w/d) Beginn: 01.08.2026 (Standort Siegen),,,Ausbildung zum Fachinformatiker - Systemintegration (m/w/d) Beginn: 01.08.2026 (Standort Siegen),si,,,,,empty,,https://k-is-systemhaus.talentstorm.de/bewerbung/ausbildung-zum-fachinformatiker-systemintegration-m-w-d-beginn-01-08-2026-standort-siegen-25169,https://k-is-systemhaus.talentstorm.de/bewerbung/ausbildung-zum-fachinformatiker-systemintegration-m-w-d-beginn-01-08-2026-standort-siegen-25169,https://k-is-systemhaus.talentstorm.de/bewerbung/ausbildung-zum-fachinformatiker-systemintegration-m-w-d-beginn-01-08-2026-standort-siegen-25169,externe,,,,karriere_suedwestfalen_de,https://www.karriere-suedwestfalen.de/ausbildung/ausbildung-zum-fachinformatiker-systemintegration-beginn-01-08-2026-standort-siegen-817671,False,,40,2026,8,2026-08-01,2026-06-13T14:42:54.882158+00:00
KSW-817672,karriere_sw_ae,K-iS Systemhaus GmbH,,Simmern/Hunsrück,Von-Drais-Straße 13 55469 Simmern/Hunsrück,Ausbildung zum Fachinformatiker - Systemintegration (m/w/d) Beginn: 01.08.2026 (Standort Simmern),,,Ausbildung zum Fachinformatiker - Systemintegration (m/w/d) Beginn: 01.08.2026 (Standort Simmern),si,,,,,empty,,https://k-is-systemhaus.talentstorm.de/bewerbung/ausbildung-zum-fachinformatiker-systemintegration-m-w-d-beginn-01-08-2026-standort-simmern-25170,https://k-is-systemhaus.talentstorm.de/bewerbung/ausbildung-zum-fachinformatiker-systemintegration-m-w-d-beginn-01-08-2026-standort-simmern-25170,https://k-is-systemhaus.talentstorm.de/bewerbung/ausbildung-zum-fachinformatiker-systemintegration-m-w-d-beginn-01-08-2026-standort-simmern-25170,externe,,,,karriere_suedwestfalen_de,https://www.karriere-suedwestfalen.de/ausbildung/ausbildung-zum-fachinformatiker-systemintegration-beginn-01-08-2026-standort-simmern-817672,False,,40,2026,8,2026-08-01,2026-06-13T14:42:57.879069+00:00
KSW-760372,karriere_sw_ae,Krankenhaus Maria Hilf GmbH,,Warstein,Hospitalstraße 3-7 59581 Warstein,Ausbildung zum Fachinformatiker für Systemintegration (m/w/d),,,Ausbildung zum Fachinformatiker für Systemintegration (m/w/d),si,,,,,empty,neal.buerger@krankenhaus-warstein.de,,,,none,,,,karriere_suedwestfalen_de,https://www.karriere-suedwestfalen.de/ausbildung/ausbildung-zum-fachinformatiker-fuer-systemintegration-760372,False,,40,,,,2026-06-13T14:42:14.748671+00:00
KSW-776548,karriere_sw_ae,Linamar Plettenberg GmbH,,Plettenberg,Daimlerstraße 11 58840 Plettenberg,"Auszubildender Fachinformatiker Digitale Vernetzung d/m/w

Wenn eine sehr gute Mittlere Reife oder Abitur vorhanden ist, sind dieses gute Voraussetzungen für eine erfolgreiche Ausbildung. Wünschenswert wären erste Erfahrungen, welche durch z.B. Praktika erworben wurden. Gute Leistungen in Mathematik und Physik sowie IT-Verständnis erleichtern den Einstieg in den Ausbildungsstart. Die Arbeit der Fachinformatiker/innen der Fachrichtung Digitale Vernetzung erfordert technisches Verständnis, wenn z.B. bestehende Systeme und technische Prozesse analysiert wreden. Die digitale Verbindung von Maschinen, Produkten, Logistik und Menschen mithilfe neuer Systeme setzt Kreativität voraus. Die Suche nach Systemfehlern erfordert teilweise Ausdauer und Durchhaltevermögen.
Zu deinen Stärken zählen selbstständiges Arbeiten, Teamfähigkeit, Flexibilität und Zuverlässigkeit. Zudem verfügst du über eine schnelle Auffassungsgabe und eine hohe Einsatzbereitschaft.
Bei uns verdienst du zwischen ca. 1.200,- € bis ca. 1.400,- € (je nach Ausbildungsjahr) und bekommst dazu Sonderzahlungen.
Wir ermöglichen dir eine gute Work-Life-Balance, denn du hast bei uns neben 30 Tagen Jahresurlaub auch 6 freie Tage zusätzlich.
Wir stellen dir einen Laptop zur Verfügung.
In der Linamar Gesundheitsschmiede findest du sicher etwas für deine Fitness (Zuschüsse zum Fitness-Studio, Sportkurse, etc.) und in der Kompetenzschmiede viele interessante Themen. Übrigens bieten wir dir eine Übernahmegarantie nach der Ausbildung.
Wir freuen uns über deine Bewerbung.",,"Wenn eine sehr gute Mittlere Reife oder Abitur vorhanden ist, sind dieses gute Voraussetzungen für eine erfolgreiche Ausbildung. Wünschenswert wären erste Erfahrungen, welche durch z.B. Praktika erworben wurden. Gute Leistungen in Mathematik und Physik sowie IT-Verständnis erleichtern den Einstieg in den Ausbildungsstart. Die Arbeit der Fachinformatiker/innen der Fachrichtung Digitale Vernetzung erfordert technisches Verständnis, wenn z.B. bestehende Systeme und technische Prozesse analysiert wreden. Die digitale Verbindung von Maschinen, Produkten, Logistik und Menschen mithilfe neuer Systeme setzt Kreativität voraus. Die Suche nach Systemfehlern erfordert teilweise Ausdauer und Durchhaltevermögen.
Zu deinen Stärken zählen selbstständiges Arbeiten, Teamfähigkeit, Flexibilität und Zuverlässigkeit. Zudem verfügst du über eine schnelle Auffassungsgabe und eine hohe Einsatzbereitschaft.
Bei uns verdienst du zwischen ca. 1.200,- € bis ca. 1.400,- € (je nach Ausbildungsjahr) und bekommst dazu Sonderzahlungen.
Wir ermöglichen dir eine gute Work-Life-Balance, denn du hast bei uns neben 30 Tagen Jahresurlaub auch 6 freie Tage zusätzlich.
Wir stellen dir einen Laptop zur Verfügung.
In der Linamar Gesundheitsschmiede findest du sicher etwas für deine Fitness (Zuschüsse zum Fitness-Studio, Sportkurse, etc.) und in der Kompetenzschmiede viele interessante Themen. Übrigens bieten wir dir eine Übernahmegarantie nach der Ausbildung.
Wir freuen uns über deine Bewerbung.",Ausbildung | Auszubildender Fachinformatiker Digitale Vernetzung d/m/w,dv,,,,,empty,Petra.Vogt@Linamar.com,,,,none,,,,karriere_suedwestfalen_de,https://www.karriere-suedwestfalen.de/ausbildung/auszubildender-fachinformatiker-digitale-vernetzung-d-776548,False,,47,,,,2026-06-13T14:43:49.007739+00:00
KSW-842212,karriere_sw_ae,SIEGENIA GRUPPE,,Wilnsdorf-Niederdielfen,57234 Wilnsdorf-Niederdielfen,"Ausbildung 2027 als Fachinformatiker Digitale Vernetzung (m/w/d)

Das erwartet dich bei uns:
- Sicherstellung eines reibungslosen Ablaufes IT-basierter Prozesse im Unternehmen
- Planung, Realisierung und Verwaltung moderner IT-Syteme einschließlich aller Hard- und Softwarekomponenten
- Fehleranalyse und Behebung auftretender Störungen
- Schulung und Unterstützung der Anwender bei der Systemnutzung
- Überblick der verschiedenen Systeme und Analysierung von Verbesserungspotential

Das bringst du mit:
- guter Realschulabschluss oder ein höher qualifizierter Abschluss
- Freude an Informatik und Software
- gute Leistungen in Mathe und Englisch
- Interesse an kundenorientierter Tätigkeit
- Flexibilität und Kreativität
- Belastbarkeit und Konzentrationsfähigkeit
Kantine, Gesundheitsprogramme, Flexible Arbeitszeiten, Umfangreiches Schulungsangebot
Betriebliche Altersvorsorge, Umfassendes Onboarding, 30 Tage Urlaub, Urlaubs- und Weihnachtsgeld
Gruppenunfallversicherung, Auslandsaufenthalte, Werksunterricht, Digitale Ausstattung
Umfangreiche Sonderzahlungen, Teilzeitausbildung, Nachhaltigkeitsprojekte
Wahl der Wochenarbeitszeit, Überdurchschnittliches Ausbildungsgehalt, Eigenes Ausbildungszentrum
Hohe Übernahmequote",,"Das bringst du mit:
- guter Realschulabschluss oder ein höher qualifizierter Abschluss
- Freude an Informatik und Software
- gute Leistungen in Mathe und Englisch
- Interesse an kundenorientierter Tätigkeit
- Flexibilität und Kreativität
- Belastbarkeit und Konzentrationsfähigkeit
Kantine, Gesundheitsprogramme, Flexible Arbeitszeiten, Umfangreiches Schulungsangebot
Betriebliche Altersvorsorge, Umfassendes Onboarding, 30 Tage Urlaub, Urlaubs- und Weihnachtsgeld
Gruppenunfallversicherung, Auslandsaufenthalte, Werksunterricht, Digitale Ausstattung
Umfangreiche Sonderzahlungen, Teilzeitausbildung, Nachhaltigkeitsprojekte
Wahl der Wochenarbeitszeit, Überdurchschnittliches Ausbildungsgehalt, Eigenes Ausbildungszentrum
Hohe Übernahmequote",Ausbildung 2027 als Fachinformatiker Digitale Vernetzung (m/w/d),dv,,,,,empty,,https://siegenia-aubi-kg.contactrh.com/jobs/12832/44227402,https://siegenia-aubi-kg.contactrh.com/jobs/12832/44227402,https://siegenia-aubi-kg.contactrh.com/jobs/12832/44227402,externe,,,,karriere_suedwestfalen_de,https://www.karriere-suedwestfalen.de/ausbildung/ausbildung-2027-als-fachinformatiker-digitale-vernetzung-842212,False,,47,,,,2026-06-13T14:40:45.166212+00:00
KSW-705628,karriere_sw_ae,IAL® Institut für angewandte Logistik GmbH,,Aachen,Metzgerstraße 63 52070 Aachen,"SAP® Certified Development Associate ABAP

Bei Vorliegen entsprechender persönlicher Voraussetzungen ist eine Förderung durch die Agentur für Arbeit, die Jobcenter und andere Kostenträger möglich.",,"Bei Vorliegen entsprechender persönlicher Voraussetzungen ist eine Förderung durch die Agentur für Arbeit, die Jobcenter und andere Kostenträger möglich.",Ausbildung | SAP® Certified Development Associate ABAP,non_fi,,,,,empty,bloehdorn@ial.de,https://www.ial.de/kontakt/,https://www.ial.de/kontakt/,https://www.ial.de/kontakt/,externe,Hier finden Sie alle Kontaktinformationen: https://www.ial.de/kontakt/,,,karriere_suedwestfalen_de,https://www.karriere-suedwestfalen.de/ausbildung/sap-certified-development-associate-abap-705628,False,,60,,,,2026-06-13T14:44:39.492963+00:00
KSW-831914,karriere_sw_ae,GONICUS GmbH,,Arnsberg,Möhnestraße 55 59755 Arnsberg,"Auszubildender zum Kaufmann für IT-Systemmanagement (all genders) für 2027

- Wir bieten Dir nach der Ausbildung bei Übernahme eine betriebliche Altersvorsorge.
- Ein externes Lebenslagencoaching steht dir bei Problemen und Herausforderungen aller Art, egal ob privat oder beruflich, rund um die Uhr zur Verfügung.
- Durch regelmäßige Events stärken wir den Zusammenhalt und sorgen für gute Laune.
- Wir bieten dir eine Prämie für die Anwerbung neuer Mitarbeiter aus deinem Freundes- oder Bekanntenkreis.
- Es gibt die Möglichkeit für Provisionen und Umsatzbeteiligungen bei der Akquise von Neukunden.
- Unsere Chillout Area mit Küche verfügt über Kicker, Dartscheibe, TV und Kaffeevollautomat zur freien Benutzung.
Parkmöglichkeiten gibt es direkt am Kaiserhaus und Du kommst zu Fuß in die Neheimer Innenstadt.
- Wir sind ausgezeichnet als TOP COMPANY und OPEN COMPANY auf kununu.",,,Ausbildung | Auszubildender zum Kaufmann für IT-Systemmanagement (all genders) für 2027,non_fi,,"- Wir bieten Dir nach der Ausbildung bei Übernahme eine betriebliche Altersvorsorge.
- Ein externes Lebenslagencoaching steht dir bei Problemen und Herausforderungen aller Art, egal ob privat oder beruflich, rund um die Uhr zur Verfügung.
- Durch regelmäßige Events stärken wir den Zusammenhalt und sorgen für gute Laune.
- Wir bieten dir eine Prämie für die Anwerbung neuer Mitarbeiter aus deinem Freundes- oder Bekanntenkreis.
- Es gibt die Möglichkeit für Provisionen und Umsatzbeteiligungen bei der Akquise von Neukunden.
- Unsere Chillout Area mit Küche verfügt über Kicker, Dartscheibe, TV und Kaffeevollautomat zur freien Benutzung.
Parkmöglichkeiten gibt es direkt am Kaiserhaus und Du kommst zu Fuß in die Neheimer Innenstadt.
- Wir sind ausgezeichnet als TOP COMPANY und OPEN COMPANY auf kununu.",,,empty,jobs@gonicus.de,,,,none,"- Aufgeschlossenheit, Kontaktfreudigkeit und Spaß an Teamarbeit
- Ein guter Schulabschluss – ganz gleich, ob Mittlere Reife, (Fach‑)Abitur oder ein vergleichbarer Abschluss
Was erwartet Dich?
- 40 Std./Woche
- 30 Tage Urlaub
- Flexible Arbeitszeiten im Rahmen unserer Kernarbeitszeiten (10:00 bis 16:00 Uhr)
- Homeoffice-Möglichkeiten
Was bieten wir außerdem?
- Die Chance, als Mitglied eines tollen, hilfsbereiten Teams in einem innovativen und zukunftsorientierten Unternehmen, Teil der GONICUS-Familie zu werden.
- Wir übernehmen für unsere Azubis die Hälfte der Kosten des Deutschlandtickets zur Nutzung der öffentlichen Verkehrsmittel.
- Du erhältst Zugang zum Vorteilsportal ""Corporate Benefits"". Damit erhältst Du exklusiven Zugang zu attraktiven Vergünstigungen und Sonderkonditionen bei zahlreichen bekannten Marken und Anbietern aus den Bereichen Shopping, Reisen, Technik, Freizeit und vieles mehr.
- Wir leben unsere Prinzipien – auch intern setzen wir konsequent auf Open Source, vom Betriebssystem bis zum Office Paket.
- Genauso leben wir unsere Offenheit: flache Hierarchien, Duzen über alle Hierarchieebenen hinweg und das Prinzip der offenen Tür bedingen einen kurzen Draht zum Vorgesetzten.
- Es gibt viel Platz zum Querdenken für Innovation und eigene Ideen.
- Es gibt viele Perspektiven zur Weiterbildung und Entwicklung Deiner Fähigkeiten durch externe Trainer (z.B. LPI-Zertifizierungen) und internen Wissenstransfer (wir legen Wert auf Workshops von Kollegen für Kollegen, bspw. zu den Themen LDAP, Red Hat Satellite oder Compilerbau). Außerdem ermöglichen wir Dir den Besuch von Messen oder Konferenzen. So bleibst Du auf dem neuesten Stand und hast die Chance, neue Themenbereiche zu erschließen.
- Es gibt ein strukturiertes Onboarding mit einem Paten, der Dir in der Anfangszeit mit Rat und Tat zur Seite steht, wodurch Du schnell Anschluss findest.
- Wir tun etwas für deine Gesundheit: unsere Büroräume sind modern und gut ausgestattet mit ergonomischen Büromöbeln (z.B. höhenverstellbare Schreibtische), es gibt Walkingpads, aktive sportliche Betätigung/Stressabbau/Ernährungsberatung wird monatlich bezuschusst, eine Bildschirmarbeitsplatzbrille wird bezuschusst, es gibt wöchentlich einen frischen Obst- und Gemüsekorb sowie gelegentliche Specials wie Büro-Yoga.
- Du hast nach der Ausbildung bei Übernahme die Möglichkeit ein Jobrad zu leasen.
Ihr Ansprechpartner:
GONICUS GmbH
Frau Heike Ahlmer
Tel. 02932 916-140
E-Mail: jobs@gonicus.de
Vollständige Bewerbungsunterlagen bitte an: jobs@gonicus.de",,,karriere_suedwestfalen_de,https://www.karriere-suedwestfalen.de/ausbildung/auszubildender-zum-kaufmann-fuer-it-systemmanagement-all-genders-fuer-2027-831914,False,,53,,,,2026-06-13T14:44:06.575469+00:00
KSW-827032,karriere_sw_ae,netstyle Informationstechnik GmbH,,Kreuztal,Am Bühl 2 57223 Kreuztal,AUSBILDUNG zur Kauffrau/ zum Kaufmann für IT- Systemmanagement (M/W/D),,,AUSBILDUNG zur Kauffrau/ zum Kaufmann für IT- Systemmanagement (M/W/D),non_fi,,,,,empty,bewerbung@netstyle.de,,,,none,"Die Aufgaben umfassen u.a., die Beratung und Unterstützung unserer Kunden bei der Planung und Anschaffung von Desktop- und Serversystemen, Softwarelösungen und allen komplementären Dienstleistungen. Erstellung von Angeboten, die Auftragsabwicklung, Beschaffung von Hard- und Software und die abschließende Rechnungserstellung. Lieferantenmanagement und entsprechende Konditionsverhandlung. Im Nachgang sind Sie Ansprechpartner bei jeglichen Fragen zum Projektverlauf, Bearbeiten Reklamationen und stehen dem Kunden bei Störungen und Supportanfragen im Rahmen der vereinbarten Servicelevels zur Seite.
Des Weiteren ist die Akquise, Vertrieb, Pflege und Support unseres ERP-Systems sage 100 ebenfalls ein großer Bestandteil Ihres Aufgabengebietes.
Allgemeine Aufgaben wie z.B. organisatorische Bürotätigkeiten, Bedienung der Telefonzentrale und Botengänge runden das tägliche Arbeitsgeschehen ab.
Die Ausbildungsdauer beträgt 3 Jahre und wird dual im Betrieb und in der Berufsschule durchgeführt.
- Schulabschluss mind. Fachhochschulreife oder Abitur
- Interesse an der IT- Arbeitswelt
- Leistungs- und Einsatzbereitschaft
- Kommunikationsfähigkeit
- Sehr gute Deutschkenntnisse in Wort und Schrift, fundierte
Englischkenntnisse erwünscht
- Ein anspruchsvolles und attraktives Tätigkeitsfeld
- Eine fundierte und praxisnahe Ausbildung
- Interessante Projekte und abwechslungsreiche Aufgaben
- Gleitzeit Arbeitsmodell
- Mitarbeiterküche mit Getränkeversorgung und Obst
- 14 nette und hilfsbereite Kollegen
- Arbeitsmittel der neuesten Technik
Wir freuen uns auf eine aussagekräftige Bewerbung inkl. Anschreiben, Lebenslauf und allen relevanten Zeugnissen
per E-Mail an bewerbung@netstyle.de oder über dieses Online-Bewerbungsportal.
netstyle Informationstechnik GmbH
Herr Bode
Am Bühl 2
57223 Kreuztal
Tel. 02732 59280",,,karriere_suedwestfalen_de,https://www.karriere-suedwestfalen.de/ausbildung/ausbildung-zur-kauffrau-zum-kaufmann-fuer-it-systemmanagement-m-w-d-827032,False,,47,,,,2026-06-13T14:43:20.268866+00:00
KSW-759938,karriere_sw_ae,INDUSYS GmbH,,Lüdenscheid,Kerkhagen 9 58513 Lüdenscheid,Kaufmann/-frau für IT-Systemmanagement (m/w/d),,,Ausbildung | Kaufmann/-frau für IT-Systemmanagement (m/w/d),non_fi,,,,,empty,trajkovic@indusys.de,https://www.indusys.de/it-jobs/,https://www.indusys.de/it-jobs/,https://www.indusys.de/it-jobs/,externe,,,,karriere_suedwestfalen_de,https://www.karriere-suedwestfalen.de/ausbildung/kaufmann-fuer-it-systemmanagement-759938,False,,47,,,,2026-06-13T14:44:36.641568+00:00
