referenznummer,category_id,nama_perusahaan,titik_data_di_peta,posisi_kota,alamat_detail,detail_deskripsi,gaji,persyaratan,jenis_ausbildung,beruf_typ,deskripsi_perusahaan,apa_yang_ditawarkan,link_website_perusahaan,link_website_perusahaan_resmi,website_type,alamat_email_bewerbung,link_bewerbung,link_bewerbung_externe,link_bewerbung_efektif,bewerbung_sumber,kontak_penanggung_jawab,dokumen_yang_harus_dipenuhi,ba_job_url,sumber_data,ausbildung_de_url,is_duplicate_of_arbeitsagentur,duplicate_of_refnr,kelengkapan_score,tahun_mulai,bulan_mulai,tanggal_mulai,scraped_at
STEP-13914553,stepstone_de_dpa,TARGOBANK,"51.42982,6.748468",Duisburg,Duisburg,"Ausbildung Fachinformatiker für Anwendungsentwicklung Vollzeit/Teilzeit (w|m|d) - Duisburg (01.08.2026)

Deine Aufgaben
Während deiner Ausbildung in unserer IT am Standort Duisburg vermitteln wir dir praxisnah das notwendige Wissen in den unterschiedlichen IT Bereichen (z.B. objektorientierte Softwareentwicklung mit C# und Java oder in unseren Legacy Systemen mit Cobol). Du bist bei uns voll ins Tagesgeschäft eingebunden. Und wenn es bei dir gut läuft, dann machst du - wie die meisten unserer Azubis - nach deiner Übernahme weiter: Als wichtiger Teil der TARGOBANK trägst du unmittelbar zur Kundenzufriedenheit bei - und damit zum Erfolg unserer Bank. Und auch langfristig stehen dir bei uns viele Türen offen: zum Beispiel als Software Developer*in.

Dein Profil
Nach deinem (Fach-)Abitur machen wir dich fit für das Berufsleben. Dabei bringen wir dir alles Wichtige über die Themen (Weiter-) Entwicklung und Betrieb von IT-Anwendungen sowie Anpassung und Weiterentwicklung von Schnittstellen bei.
Und wir wissen, dass man in der Praxis einfach am meisten lernt. Daher bist du vom ersten Tag an Teil des Teams. Und du kannst das Gelernte direkt ausprobieren, sowohl im Tagesgeschäft als auch in der Mitarbeit von IT-Projekten. Regelmäßige Feedbackgespräche und die Unterstützung unserer Ausbilder*innen helfen dir, immer besser zu werden. Um dein Wissen aus der Praxis zu vertiefen, nimmst du an digitalen Trainings und spannenden Seminaren in unserer eigenen Trainingsakademie teil.

Was wir bieten
Ausbildung in Vollzeit oder Teilzeit möglich: Vollzeit: 2,5 Jahre, 40 Stunden/Woche; Teilzeit: 3 - 3,5 Jahre, mindestens 25 Stunden/Woche (individuelle Absprache möglich). Gib gerne in deiner Bewerbung an, wenn du deine Ausbildung in Teilzeit machen möchtest. Bildungszuschuss: Du bekommst einen Bildungszuschuss für z.B. ein Tablet, um unser digitales Lernangebot nutzen zu können. Vergütung: 1. Jahr: 1.400 €; 2. Jahr: 1.470 €; 3. Jahr: 1.550 €. Dein Gehalt in Teilzeit wird entsprechend angepasst. Homeoffice: In Absprache mit deiner Führungskraft kannst du nach deinen ersten 12 Monaten Ausbildung auch teilweise von zu Hause aus arbeiten. Urlaub: 30 Tage Urlaub im Jahr (In Teilzeit anteilig). Berufsschule: in Duisburg (Kaufm. Berufskolleg Duisburg-Mitte/Bertolt-Brecht-Berufskolleg) Zusätzliche Vorteile, z.B.: Volle Erstattung des Deutschlandtickets, Sonderzahlung bei sehr guter oder guter Leistung in deiner Abschlussprüfung, Benefits wie Sport- und Gesundheitsangebote, Vergünstigungen u.v.m.","1.400 €, 1.470 €, 1.550 €","Dein Profil
Nach deinem (Fach-)Abitur machen wir dich fit für das Berufsleben. Dabei bringen wir dir alles Wichtige über die Themen (Weiter-) Entwicklung und Betrieb von IT-Anwendungen sowie Anpassung und Weiterentwicklung von Schnittstellen bei.
Und wir wissen, dass man in der Praxis einfach am meisten lernt. Daher bist du vom ersten Tag an Teil des Teams. Und du kannst das Gelernte direkt ausprobieren, sowohl im Tagesgeschäft als auch in der Mitarbeit von IT-Projekten. Regelmäßige Feedbackgespräche und die Unterstützung unserer Ausbilder*innen helfen dir, immer besser zu werden. Um dein Wissen aus der Praxis zu vertiefen, nimmst du an digitalen Trainings und spannenden Seminaren in unserer eigenen Trainingsakademie teil.",Ausbildung | Fachinformatiker für Anwendungsentwicklung Vollzeit/Teilzeit (w|m|d) - Duisburg (01.08.2026),ae,,"Was wir bieten
Ausbildung in Vollzeit oder Teilzeit möglich: Vollzeit: 2,5 Jahre, 40 Stunden/Woche; Teilzeit: 3 - 3,5 Jahre, mindestens 25 Stunden/Woche (individuelle Absprache möglich). Gib gerne in deiner Bewerbung an, wenn du deine Ausbildung in Teilzeit machen möchtest. Bildungszuschuss: Du bekommst einen Bildungszuschuss für z.B. ein Tablet, um unser digitales Lernangebot nutzen zu können. Vergütung: 1. Jahr: 1.400 €; 2. Jahr: 1.470 €; 3. Jahr: 1.550 €. Dein Gehalt in Teilzeit wird entsprechend angepasst. Homeoffice: In Absprache mit deiner Führungskraft kannst du nach deinen ersten 12 Monaten Ausbildung auch teilweise von zu Hause aus arbeiten. Urlaub: 30 Tage Urlaub im Jahr (In Teilzeit anteilig). Berufsschule: in Duisburg (Kaufm. Berufskolleg Duisburg-Mitte/Bertolt-Brecht-Berufskolleg) Zusätzliche Vorteile, z.B.: Volle Erstattung des Deutschlandtickets, Sonderzahlung bei sehr guter oder guter Leistung in deiner Abschlussprüfung, Benefits wie Sport- und Gesundheitsangebote, Vergünstigungen u.v.m.",,,empty,,https://youtube.com/embed/vbrAys4hkOI?rel=0&showinfo,https://youtube.com/embed/vbrAys4hkOI?rel=0&showinfo,https://youtube.com/embed/vbrAys4hkOI?rel=0&showinfo,externe,"Kontakt
Interessiert? Dann freuen wir uns auf deine Bewerbung über unser Online-Bewerbungsformular. Solange die Stelle online ist, suchen wir nach passenden Kandidat*innen.","Bei Interesse an mehreren Standorten ist eine Bewerbung ausreichend. Du kannst gerne weitere Wunschstandorte in deinen Bewerbungsunterlagen angeben.Die TARGOBANK steht für Chancengleichheit und Vielfalt. Daher ist uns jede Bewerbung unabhängig von Behinderung, Alter, Geschlecht, Religion oder Weltanschauung, sexueller Orientierung, ethnischer Herkunft oder Hautfarbe willkommen.
Referenznummer: 118646
Ort: TARGOBANK Quartier Duisburg
Start: 01.08.2026
TARGOBANK
Julia Schmieder
Telefonnr. 0211/900 20 995
ausbildung@targobank.de Sie wollen wissen, wie es sich anfühlt Teil des TARGOBANK Teams zu sein? Dann schauen Sie auf unserem KARRIEREBLOG vorbei.
Bewerbungstipps
Häufige Fragen
TARGOBANK auf Facebook und Twitter",,stepstone_de,https://www.stepstone.de/stellenangebote--Ausbildung-Fachinformatiker-fuer-Anwendungsentwicklung-Vollzeit-Teilzeit-wmd-Duisburg-01-08-2026-Duisburg-TARGOBANK--13914553-inline.html,False,,80,2026,8,2026-08-01,2026-06-12T21:17:52.917981+00:00
STEP-14088783,stepstone_de_dpa,cirromed GmbH,,Darmstadt,Darmstadt Darmstadt,"Ausbildung Fachinformatiker/-in Anwendungsentwicklung (m/w/d)

Das solltest Du mitbringen:
Fachhochschulreife oder Abitur
gute schriftliche und mündliche Ausdrucksweise
Teamfähigkeit, Aufgeschlossenheit, Kreativität und Flexibilität, Wissensdurst
Erste praktische Erfahrungen im Bereich IT, insbesondere Programmiersprachen
gute Noten in Mathematik, Informatik und Naturwissenschaften sind von Vorteil

Darauf kannst Du dich freuen:
Teil eines Teams bestehend aus Auszubildenden, ehemaligen Auszubildenden, Mentoren und motivierten Kollegen
Moderne Programmiersprachen und bewährte Programmierparadigmen
Interne Weiterbildungsangebote
Flexibles Umfeld mit Home-Office-Möglichkeiten
Gute Erreichbarkeit mit dem ÖPNV (8 Min. Fußweg vom Darmstädter Hauptbahnhof)",,"Das solltest Du mitbringen:
Fachhochschulreife oder Abitur
gute schriftliche und mündliche Ausdrucksweise
Teamfähigkeit, Aufgeschlossenheit, Kreativität und Flexibilität, Wissensdurst
Erste praktische Erfahrungen im Bereich IT, insbesondere Programmiersprachen
gute Noten in Mathematik, Informatik und Naturwissenschaften sind von Vorteil",Ausbildung | Fachinformatiker/-in Anwendungsentwicklung (m/w/d),ae,,"Darauf kannst Du dich freuen:
Teil eines Teams bestehend aus Auszubildenden, ehemaligen Auszubildenden, Mentoren und motivierten Kollegen
Moderne Programmiersprachen und bewährte Programmierparadigmen
Interne Weiterbildungsangebote
Flexibles Umfeld mit Home-Office-Möglichkeiten
Gute Erreichbarkeit mit dem ÖPNV (8 Min. Fußweg vom Darmstädter Hauptbahnhof)",,,empty,,https://twitter.com/stepstone_de,https://twitter.com/stepstone_de,https://twitter.com/stepstone_de,externe,Kontakt,"Deine Bewerbung mit Lebenslauf und Zeugnissen im PDF-Format sende bitte per E-Mail an: jobs@cirromed.de freut sich auf
Frau Vater Deine Bewerbung. Bei der Kommun
ikation per E-Mail gelten die gleichen wie auf unser Datenschutzrichtliniener Website.",,stepstone_de,https://www.stepstone.de/stellenangebote--Ausbildung-Fachinformatiker-in-Anwendungsentwicklung-m-w-d-Darmstadt-cirromed-GmbH--14088783-inline.html,False,,67,,,,2026-06-12T21:20:22.322473+00:00
STEP-14144562,stepstone_de_dpa,GUS ERP GmbH,"50.9375,6.952591",Köln,50825 Köln,"Ausbildung zum Fachinformatiker für Anwendungsentwicklung (m/w/d)

Aufgaben
Abwechslung & Gestaltungsspielraum: Ein spannendes, vielseitiges Aufgabenspektrum mit viel Gestaltungsspielraum in einem dynamischen Umfeld, in dem du Prozesse und Lösungen aktiv mitgestaltest

Wie entstehen Softwarelösungen – von der ersten Idee über die Planung und das Programmieren bis hin zum abschließenden Test? Wie lassen sich Anforderungen kundenorientiert erfassen, strukturieren und zuverlässig in funktionierende Anwendungen überführen? Genau diese Kompetenzen erwirbst du in der Ausbildung zum Fachinformatiker für Anwendungsentwicklung (m/w/d).
Profil
Einen guten Schulabschluss (Fachhochschulreife oder Abitur)
Freude an neuen Technologien und an Informatik
Kenntnisse in mindestens in einer Programmiersprache (z.B. Java, C++, C#) sowie in MySQL oder anderen Datenbanken
Hohe Lernbereitschaft und ein analytisches Denkvermögen
Teamgeist ebenso wie Spaß am selbstständigen Arbeiten
Engagement und ein hohes Maß an Zuverlässigkeit

Wir bieten
Kultur: Offene Kommunikation, Duz-Kultur und flache Hierarchien
Teamwork: Ein engagiertes Team und Zusammenarbeit auf Augenhöhe – mit engem Austausch und gegenseitiger Unterstützung
Entwicklung: Weiterbildungs- und Entwicklungsmöglichkeiten, individuell und passend zu deiner Rolle und Erfahrung
Einstieg: Strukturierte, umfassende Einarbeitung – begleitet von erfahrenen Kolleginnen und Kollegen
Benefits: Urban Sports Club, JobRad, Corporate Benefits, Sprachkurse (Babbel), 30 Tage Urlaub, flexible Arbeitszeiten, hybrides Arbeiten (Büro & mobil) und vieles mehr!
Weitere Informationen
Neugierig geworden? Dann bewirb dich jetzt – wir freuen uns darauf, dich kennenzulernen!
Studienabbrecher*innen? Kein Problem – wir schätzen neue Perspektiven mit klaren Zielen. Wir freuen uns auf deine Bewerbung!",,"Wie entstehen Softwarelösungen – von der ersten Idee über die Planung und das Programmieren bis hin zum abschließenden Test? Wie lassen sich Anforderungen kundenorientiert erfassen, strukturieren und zuverlässig in funktionierende Anwendungen überführen? Genau diese Kompetenzen erwirbst du in der Ausbildung zum Fachinformatiker für Anwendungsentwicklung (m/w/d).
Profil
Einen guten Schulabschluss (Fachhochschulreife oder Abitur)
Freude an neuen Technologien und an Informatik
Kenntnisse in mindestens in einer Programmiersprache (z.B. Java, C++, C#) sowie in MySQL oder anderen Datenbanken
Hohe Lernbereitschaft und ein analytisches Denkvermögen
Teamgeist ebenso wie Spaß am selbstständigen Arbeiten
Engagement und ein hohes Maß an Zuverlässigkeit",Ausbildung | zum Fachinformatiker für Anwendungsentwicklung (m/w/d),ae,,"Wir bieten
Kultur: Offene Kommunikation, Duz-Kultur und flache Hierarchien
Teamwork: Ein engagiertes Team und Zusammenarbeit auf Augenhöhe – mit engem Austausch und gegenseitiger Unterstützung
Entwicklung: Weiterbildungs- und Entwicklungsmöglichkeiten, individuell und passend zu deiner Rolle und Erfahrung
Einstieg: Strukturierte, umfassende Einarbeitung – begleitet von erfahrenen Kolleginnen und Kollegen
Benefits: Urban Sports Club, JobRad, Corporate Benefits, Sprachkurse (Babbel), 30 Tage Urlaub, flexible Arbeitszeiten, hybrides Arbeiten (Büro & mobil) und vieles mehr!
Weitere Informationen
Neugierig geworden? Dann bewirb dich jetzt – wir freuen uns darauf, dich kennenzulernen!
Studienabbrecher*innen? Kein Problem – wir schätzen neue Perspektiven mit klaren Zielen. Wir freuen uns auf deine Bewerbung!",,,empty,,https://twitter.com/stepstone_de,https://twitter.com/stepstone_de,https://twitter.com/stepstone_de,externe,"Ansprechpartnerin
Eva Schlichting
HR Business Partner
bewerbungen@gus-group.com
Weitere Informationen zu uns findest du unter https://www.gus-group.com
Jetzt online bewerben",,,stepstone_de,https://www.stepstone.de/stellenangebote--Ausbildung-zum-Fachinformatiker-fuer-Anwendungsentwicklung-m-w-d-Koeln-GUS-ERP-GmbH--14144562-inline.html,False,,67,,,,2026-06-12T21:31:36.965098+00:00
STEP-13575495,stepstone_de_dpa,Markant Gruppe,"48.48147,7.920142",Offenburg,Hanns-Martin-Schleyer-Straße 2 77650 Offenburg,"IT-Ausbildung zum Fachinformatiker Anwendungsentwicklung & Systemintegration 2027 (m/w/d) - in Kooperation mit der Gewerblich-Technischen Schule Offenburg

Dabei übernehmen Sie selbstständig Analyseaufgaben, entwickeln eigene Lösungen und präsentieren Ihre Ergebnisse.
Unser Aufgabenprofil
Sie besuchen im ersten Lehrjahr unsere IT-Lehrwerkstatt und eignen sich Basiswissen in der IT an, womit Sie unseren IT-Bereich bei diversen Projekten unterstützen. Während dieser Zeit werden Sie von zwei Ausbildern begleitet.
Sie lernen im zweiten Lehrjahr unsere IT-Teams detailliert kennen und werden in das Tagesgeschäft eingebunden. Dabei übernehmen Sie unter anderem die selbstständige Bearbeitung von Projektaufgaben.
Spannende Projekte und abwechslungsreiche Aufgaben
Vielfältige Fortbildungs- und Entwicklungsmöglichkeiten
Ein kollegiales Arbeitsumfeld mit offener Kommunikation und Duz-Kultur
Unternehmensübergreifende Projekte und Azubi Exchange Programm in Burgwedel bei unserem Partner Rossmann
4-tägige Abschlussfahrt an einen internationalen Standort der Markant Gruppe

Sie erarbeiten Software- und Multimedia-Anwendungen für spezielle User-Anforderungen und setzen diese um.
Sie nehmen an unseren Erlebnistagen, Seminaren und Workshops teil.
Ihr Bewerberprofil
Sie haben ein technisch ausgerichtetes Abitur mit guten Leistungen in Mathematik, Informatik, Technik, Deutsch und Englisch oder einen sehr guten Realschulabschluss, idealerweise BK I oder BK II.
Sie begeistern sich für IT, Daten und analytisches Arbeiten.
Sie haben Freude daran, IT-Lösungen zu erarbeiten und eigene Software-Projekte umzusetzen.
Sie bringen durch schulische oder private Projekte erste Erfahrungen im Umgang mit Daten oder Programmierung mit.
Sie sind teamfähig, kommunikationsstark und engagiert.
Sie zeichnen sich durch eine zuverlässige und eigenständige Arbeitsweise aus und haben Freude daran, Ihre Ausbildung aktiv mitzugestalten.
Was uns auszeichnet

Arbeitsplatzumgebung am Puls der Zeit (inkl. höhenverstellbarer Schreibtische) BEST PLACE TO LEARN Corporate Benefits Partner Einladendes, arbeitgebergefördertes Betriebsrestaurant Fahrtkostenzuschuss (ÖPNV) im Ausbildungsbereich Kostenfreie Getränke (Wasser, Kaffee, Tee) Zuschuss zur Fachliteratur (Ausbildung / Studium)",,"Sie erarbeiten Software- und Multimedia-Anwendungen für spezielle User-Anforderungen und setzen diese um.
Sie nehmen an unseren Erlebnistagen, Seminaren und Workshops teil.
Ihr Bewerberprofil
Sie haben ein technisch ausgerichtetes Abitur mit guten Leistungen in Mathematik, Informatik, Technik, Deutsch und Englisch oder einen sehr guten Realschulabschluss, idealerweise BK I oder BK II.
Sie begeistern sich für IT, Daten und analytisches Arbeiten.
Sie haben Freude daran, IT-Lösungen zu erarbeiten und eigene Software-Projekte umzusetzen.
Sie bringen durch schulische oder private Projekte erste Erfahrungen im Umgang mit Daten oder Programmierung mit.
Sie sind teamfähig, kommunikationsstark und engagiert.
Sie zeichnen sich durch eine zuverlässige und eigenständige Arbeitsweise aus und haben Freude daran, Ihre Ausbildung aktiv mitzugestalten.
Was uns auszeichnet",Ausbildung | IT-zum Fachinformatiker Anwendungsentwicklung & Systemintegration 2027 (m/w/d) - in Kooperation mit der Gewerblich-Technischen Schule Offenburg,ae,,"Arbeitsplatzumgebung am Puls der Zeit (inkl. höhenverstellbarer Schreibtische) BEST PLACE TO LEARN Corporate Benefits Partner Einladendes, arbeitgebergefördertes Betriebsrestaurant Fahrtkostenzuschuss (ÖPNV) im Ausbildungsbereich Kostenfreie Getränke (Wasser, Kaffee, Tee) Zuschuss zur Fachliteratur (Ausbildung / Studium)",,,empty,,https://twitter.com/stepstone_de,https://twitter.com/stepstone_de,https://twitter.com/stepstone_de,externe,"Kontakt
Markant Services International GmbH
Herr Kevin Zurlinden
Bereich Personal
Telefon: +49 781 616-244
Eine fundierte und praxisnahe Ausbildung in einem zukunftssicheren Berufsfeld
Eine individuelle Betreuung durch erfahrene Ausbilderinnen und Ausbilder
Ganztages-Exkursionen zu unseren Partnern wie z.B. Rittersport oder Procter&Gamble
Moderne Arbeitsplätze mit aktueller Technik",,,stepstone_de,https://www.stepstone.de/stellenangebote--IT-Ausbildung-zum-Fachinformatiker-Anwendungsentwicklung-Systemintegration-2027-m-w-d-in-Kooperation-mit-der-Gewerblich-Technischen-Schule-Offenburg-Offenburg-Markant-Gruppe--13575495-inline.html,False,,67,,,,2026-06-12T21:45:49.829941+00:00
STEP-14120777,stepstone_de_dpa,profine GmbH,,Pirmasens,Pirmasens Pirmasens,"Ausbildung Fachinformatiker SI/AE (m/w/d)

Aufgaben und Tätigkeiten
Die Ausbildung zum Fachinformatiker wird in zwei Schwerpunkten angeboten: Anwendungsentwicklung sowie Systemintegration.
Fachinformatiker/innen der Fachrichtung Anwendungsentwicklung rentwerfen und realisieren Softwareprojekte nach Kundenwunsch. Hierfür analysieren und planen sie IT-Systeme. Daneben schulen sie Benutzer.
Fachinformatiker/innen der Fachrichtung Systemintegration rrealisieren kundenspezifische Informations- und Kommunikationslösungen. Hierfür vernetzen sie Hard- und Softwarekomponenten zu komplexen Systemen. Zudem beraten und schulen auch sie andere Benutzer.
Nachhaltigkeit

Anforderungen
Technisches Verständnis
Großes Interesse an Informatik
Hohe Lernbereitschaft, Durchhaltevermögen und Zuverlässigkeit
Teamfähigkeit
Ausbildung in der Berufsschule
In der Berufsschule erweiterst du dein Wissen in vielen wichtigen Bereichen, die dir das theoretische Fundament für deine praktische Ausbildung geben:
Der Betrieb und sein Umfeld
Geschäftsprozesse und betriebliche Organisation
Informationsquellen und Arbeitsmethoden
Einfache IT-Systeme
Fachliches Englisch
Entwickeln und Bereitstellen von Anwendungssystemen
Vernetzte IT-Systeme
Markt- und Kundenbeziehungen
Öffentliche Netze, Dienste
Betreuen von IT-Systemen
Rechnungswesen und Controlling
Weiterbildung
Deine Weiterbildungsmöglichkeiten
Softwareentwickler
Techniker – Informatik
Betriebswirt – Informationsverarbeitung
Studium in den Studienfächern Informatik oder Informationsmanagement

Wir bieten
Wir bieten
Du möchtest für ein Unternehmen arbeiten, das seine ökologische und soziale Verantwortung ernst nimmt? Dann bist du bei uns genau richtig.
Global Player
Ob Spanien, China oder die USA – die profine Gruppe ist mit 42 Standorten international breit aufgestellt. So ist es möglich, bereits während deiner Ausbildung oder deinem Studium internationale Erfahrung zu sammeln.
Karrierechancen
profine bildet aus, um zu übernehmen – diese Philosophie setzen wir konsequent um. Zudem bieten wir hervorragende Aufstiegschancen, was ein Blick in unsere Führungsebene verdeutlicht.
Attraktive Ausbildungsvergütung
Bei uns erhältst du im ersten Ausbildungsjahr 1.000 €, im zweiten 1.100 € und im dritten 1.200 € pro Monat. Zusätzlich zahlen wir Urlaubs- & Weihnachtsgeld.
Lernen im Team
Unsere Ausbildungsberufe sind immer mehrfach besetzt und wir fördern den Teamgedanken mit vielen Veranstaltungen wie unserem Teamcamp oder Grillfest.
Weitere Benefits
Mitarbeitende der profine profitieren von weiteren Benefits, wie kostenlosen Getränken, attraktiven Mitarbeiterrabatten und geförderten Fitness- und Gesundheitsangeboten.","1.000 €, 1.100 €, 1.200 €","Anforderungen
Technisches Verständnis
Großes Interesse an Informatik
Hohe Lernbereitschaft, Durchhaltevermögen und Zuverlässigkeit
Teamfähigkeit
Ausbildung in der Berufsschule
In der Berufsschule erweiterst du dein Wissen in vielen wichtigen Bereichen, die dir das theoretische Fundament für deine praktische Ausbildung geben:
Der Betrieb und sein Umfeld
Geschäftsprozesse und betriebliche Organisation
Informationsquellen und Arbeitsmethoden
Einfache IT-Systeme
Fachliches Englisch
Entwickeln und Bereitstellen von Anwendungssystemen
Vernetzte IT-Systeme
Markt- und Kundenbeziehungen
Öffentliche Netze, Dienste
Betreuen von IT-Systemen
Rechnungswesen und Controlling
Weiterbildung
Deine Weiterbildungsmöglichkeiten
Softwareentwickler
Techniker – Informatik
Betriebswirt – Informationsverarbeitung
Studium in den Studienfächern Informatik oder Informationsmanagement",Ausbildung | Fachinformatiker SI/AE (m/w/d),ae,,"Wir bieten
Wir bieten
Du möchtest für ein Unternehmen arbeiten, das seine ökologische und soziale Verantwortung ernst nimmt? Dann bist du bei uns genau richtig.
Global Player
Ob Spanien, China oder die USA – die profine Gruppe ist mit 42 Standorten international breit aufgestellt. So ist es möglich, bereits während deiner Ausbildung oder deinem Studium internationale Erfahrung zu sammeln.
Karrierechancen
profine bildet aus, um zu übernehmen – diese Philosophie setzen wir konsequent um. Zudem bieten wir hervorragende Aufstiegschancen, was ein Blick in unsere Führungsebene verdeutlicht.
Attraktive Ausbildungsvergütung
Bei uns erhältst du im ersten Ausbildungsjahr 1.000 €, im zweiten 1.100 € und im dritten 1.200 € pro Monat. Zusätzlich zahlen wir Urlaubs- & Weihnachtsgeld.
Lernen im Team
Unsere Ausbildungsberufe sind immer mehrfach besetzt und wir fördern den Teamgedanken mit vielen Veranstaltungen wie unserem Teamcamp oder Grillfest.
Weitere Benefits
Mitarbeitende der profine profitieren von weiteren Benefits, wie kostenlosen Getränken, attraktiven Mitarbeiterrabatten und geförderten Fitness- und Gesundheitsangeboten.",,,empty,,https://twitter.com/stepstone_de,https://twitter.com/stepstone_de,https://twitter.com/stepstone_de,externe,"Kontakt
Nicolas VeithTeamleiter Personalentwicklung profine GmbH Zweibrücker Straße 200 66954 Pirmasens +49 (0) 6331 56 1063",,,stepstone_de,https://www.stepstone.de/stellenangebote--Ausbildung-Fachinformatiker-SI-AE-m-w-d-Pirmasens-profine-GmbH--14120777-inline.html,False,,67,,,,2026-06-12T21:16:27.336029+00:00
STEP-12853299,stepstone_de_dpa,Rheinmetall Aviation Services GmbH,"51.6333,6.2",Weeze,47652 Weeze,Ausbildung zum Fachinformatiker Anwendungsentwicklung ab 2026 (m/w/d),"1.420,58 €, 1.483,11 €, 1.575,97 €",,Ausbildung | zum Fachinformatiker Anwendungsentwicklung ab 2026 (m/w/d),ae,,,,,empty,,https://www.rheinmetall.com/,https://www.rheinmetall.com/,https://www.rheinmetall.com/,externe,"KONTAKTDETAILS
Zuständige/r Ansprechpartner/in:
Leoni Simpich
Für Fragen zu Ihrer Bewerbung, nutzen Sie bitte das Kontaktformular .
Ref.-Nr.: DE15426","Einen guten Schulabschluss (Qualifizierter Hauptschulabschluss, mittlere Reife, Fachhochschulreife oder Abitur) Gutes mathematisches und naturwissenschaftliches Verständnis Ausgeprägtes logisches und analytisches Denkvermögen Interesse an der Informatik, IT-Systemen, Anwendungsentwicklung und Programmierung Spaß und Freude an der Entwicklung von High-Tech-Produkten (z.B. im Bereich Cyber Security oder Simulation & Training) Gute Englischkenntnisse in Wort und Schrift sind wünschenswert aber keine Voraussetzung Teamgeist wird bei Dir großgeschrieben und man kann sich auf Dich verlassen Du hast Spaß am Umgang mit Menschen und Technik Bitte sende uns deine vollständigen Unterlagen, d.h. Lebenslauf, deine letzten zwei Schulzeugnisse und (sofern vorhanden) Praktikumsnachweise.
WAS WIR IHNEN BIETEN
Tarifliche Vergütung Urlaubs- und Weihnachtsgeld Spannende Azubiprojekte und Events Kostenloser Parkplatz Arbeitskleidung wird bei Bedarf gestellt Eigene Ausbildungswerkstatt Betriebliches Gesundheitsmanagement (Altersvorsorge, Grippeschutzimpfung, subventionierte Sportangebote) Professioneller Einarbeitungsprozess begleitet durch ein digitales Onboarding-Tool Werde Teil unseres Teams und erlebe die Möglichkeit mit Deinem Können und Deinen Ideen etwas zu bewirken! Fang einfach gleich an und bewirb Dich jetzt!",,stepstone_de,https://www.stepstone.de/stellenangebote--Ausbildung-zum-Fachinformatiker-Anwendungsentwicklung-ab-2026-m-w-d-Weeze-Rheinmetall-Aviation-Services-GmbH--12853299-inline.html,False,,67,2026,,,2026-06-12T21:25:53.780494+00:00
STEP-14009522,stepstone_de_dpa,GEMA - Gesellschaft für musik. Aufführungs- und mechan. Vervielfältigungsrechte,"52.5167,13.4",Berlin,Keithstraße 7 10787 Berlin,"Auszubildender Fachinformatiker für Anwendungsentwicklung (m/w/d)

Grundlagenkenntnisse über die GEMA IT-Welt und Mitwirkung bei ihrer Weiterentwicklung Konzeption, Entwicklung und Realisierung von EDV-Systemen Planung und Programmierung von Software-Lösungen mit Java Anpassung von Systemen an die betrieblichen Anforderungen Beobachtung, Analyse und Anpassung der IT-Systeme an betriebliche Arbeitsabläufe Entwicklung und Anpassung von Bedienoberflächen Beratung und Schulung der Endanwender Testen bestehender Programme auf neue Anforderungen und gegebenenfalls Anpassung an diese
Stimmig – Deine Qualifikationen:
Mittlere Reife oder (Fach-) Abitur Interesse an Tech­nik und Com­pu­tern Gutes Verständnis für Mathematik und Sprachen, gute Leistungen in den entsprechenden Fächern Spaß am Lösen von Problemen Lernbereitschaft und eine gute Auffassungsgabe Verantwortungsbewusstsein, Zuverlässigkeit und eine offene Art

Klingt richtig gut – das bieten wir:
Für alle, die Musik lieben
Dein Job mit Impact mittendrin in der Branche! Zusammen mit Teams, die digital denken und Musik leben.
Zugabe
Subventioniertes Betriebsrestaurant, Barista-Bar und modernes Office in Top-Lage plus vermögenswirksame Leistungen, Rabatte und weitere Zuschüsse. Unser Extra‑Goodie-Set für dich.
Learn to Fly
E‑Learnings, Webinare und Workshops, die dich persönlich wachsen lassen und fachlich noch schlauer machen.
Gesundheit & Familie
Kinderbetreuungszuschuss, aktive Pause, pme‑Familienservice, Sonderurlaub und flexible Arbeitsmodelle, die deinen Alltag etwas geschmeidiger machen.
Ausgleich
30 Tage Urlaub, Gleitzeit, Homeoffice‑Regelung und Workation für deine stimmige Work‑Life‑Balance.
Musik erleben
GEMA Band, Firmenevents und gemeinsame Anlässe, um abzurocken, anzustoßen und dich zu vernetzen.",,"Grundlagenkenntnisse über die GEMA IT-Welt und Mitwirkung bei ihrer Weiterentwicklung Konzeption, Entwicklung und Realisierung von EDV-Systemen Planung und Programmierung von Software-Lösungen mit Java Anpassung von Systemen an die betrieblichen Anforderungen Beobachtung, Analyse und Anpassung der IT-Systeme an betriebliche Arbeitsabläufe Entwicklung und Anpassung von Bedienoberflächen Beratung und Schulung der Endanwender Testen bestehender Programme auf neue Anforderungen und gegebenenfalls Anpassung an diese
Stimmig – Deine Qualifikationen:
Mittlere Reife oder (Fach-) Abitur Interesse an Tech­nik und Com­pu­tern Gutes Verständnis für Mathematik und Sprachen, gute Leistungen in den entsprechenden Fächern Spaß am Lösen von Problemen Lernbereitschaft und eine gute Auffassungsgabe Verantwortungsbewusstsein, Zuverlässigkeit und eine offene Art",Ausbildung | Auszubildender Fachinformatiker für Anwendungsentwicklung (m/w/d),ae,,"Klingt richtig gut – das bieten wir:
Für alle, die Musik lieben
Dein Job mit Impact mittendrin in der Branche! Zusammen mit Teams, die digital denken und Musik leben.
Zugabe
Subventioniertes Betriebsrestaurant, Barista-Bar und modernes Office in Top-Lage plus vermögenswirksame Leistungen, Rabatte und weitere Zuschüsse. Unser Extra‑Goodie-Set für dich.
Learn to Fly
E‑Learnings, Webinare und Workshops, die dich persönlich wachsen lassen und fachlich noch schlauer machen.
Gesundheit & Familie
Kinderbetreuungszuschuss, aktive Pause, pme‑Familienservice, Sonderurlaub und flexible Arbeitsmodelle, die deinen Alltag etwas geschmeidiger machen.
Ausgleich
30 Tage Urlaub, Gleitzeit, Homeoffice‑Regelung und Workation für deine stimmige Work‑Life‑Balance.
Musik erleben
GEMA Band, Firmenevents und gemeinsame Anlässe, um abzurocken, anzustoßen und dich zu vernetzen.",,,empty,,https://twitter.com/stepstone_de,https://twitter.com/stepstone_de,https://twitter.com/stepstone_de,externe,,,,stepstone_de,https://www.stepstone.de/stellenangebote--Auszubildender-Fachinformatiker-fuer-Anwendungsentwicklung-m-w-d-Berlin-GEMA-Gesellschaft-fuer-musik-Auffuehrungs-und-mechan-Vervielfaeltigungsrechte--14009522-inline.html,False,,60,,,,2026-06-12T21:42:46.087622+00:00
STEP-13967994,stepstone_de_dpa,G DATA CyberDefense AG,,Bochum,Bochum Bochum,"Ausbildung Fachinformatiker für Anwendungsentwicklung (m/w/d) 2026

Deine Aufgaben
Du bist mittendrin: Entdecke verschiedene Bereiche in unserer Forschung und Entwicklung, in denen Du in die Welt der Cybersecurity eintauchst. Hier sammelst Du Wissen über moderne Softwareentwicklung und IT-Sicherheit, das direkt aus der Praxis stammt.
Du wirst zum Entwickler: Während Deiner Ausbildung lernst Du verschiedene Programmier- und Skriptsprachen kennen wie z. B. Python, Java oder C# und arbeitest mit aktuellen Frameworks und Datenbanksystemen.
Du gestaltest unsere Software mit: Unterstütze unsere Entwicklerteams bei der Programmierung unserer Software, teste sie auf Fehler und hilf anschließend dabei, diese zu beheben.
Du übernimmst Verantwortung: Bei uns schaust Du den Kolleg*innen nicht nur über die Schulter, sondern bist von Anfang an dabei. Das bedeutet, dass Du eigenverantwortlich an Projekten arbeitest und so nicht nur Neues dazu lernst, sondern mit Deinen eigenen Ideen auch Neues einbringst.
Du vertiefst Dein Wissen: An ein bis zwei Tagen in der Woche tauchst Du in der Technischen Beruflichen Schule 1 tiefer in die Materie ein und kannst Dich mit den anderen Auszubildenden austauschen.
Unterstützung bei Berufsschule und Prüfungen - mit Lernzeit und Hilfe bei Schulaufgaben
Mentorenprogramm und Onboarding
Strukturierter Start, Unterstützung durch Dein Team und moderne Ausstattung - auch für die Berufsschule
Bonus

Dein Profil
Du hast die allgemeine oder fachgebundene Hochschulreife mit mindestens guten Noten in Mathematik, Deutsch und Englisch abgeschlossen oder erste Erfahrungen im IT-Bereich, beispielsweise durch ein abgebrochenes Studium, gesammelt
Du konntest Dich bereits an kleineren Projekten ausprobieren, sei es durch ein Praktikum oder in Deiner Freizeit und so erste Programmiererfahrung sammeln
Du bezeichnest Dich selbst als IT affin und bist von den technischen Zusammenhängen fasziniert, die die Welt der IT umgeben
Du bist geschickt darin, Zusammenhänge zu finden und Herausforderungen zu meistern, denn für Dich ist kein Problem zu groß
Du besitzt viel Eigeninitiative, findest es aber genauso gut, wenn man als Team zusammenhält und gemeinsam großartige Dinge erreicht

Deine Vorteile bei G DATA
Zukunftsperspektive
Hohe Übernahmechancen bei guten Leistungen in einer wachstumsstarken Branche
Prüfungsvorbereitung
Rabatte über „Corporate Benefits” und kostenlose Software-Lizenzen
Events
Ob Sommerfest, Weihnachtsfeier oder Teamevents – wir feiern und erleben gemeinsam
Mobilität
Eigener Parkplatz, E-Ladesäulen, Jobrad, Anbindung zum Radweg, Fahrradkeller und Duschen",,"Dein Profil
Du hast die allgemeine oder fachgebundene Hochschulreife mit mindestens guten Noten in Mathematik, Deutsch und Englisch abgeschlossen oder erste Erfahrungen im IT-Bereich, beispielsweise durch ein abgebrochenes Studium, gesammelt
Du konntest Dich bereits an kleineren Projekten ausprobieren, sei es durch ein Praktikum oder in Deiner Freizeit und so erste Programmiererfahrung sammeln
Du bezeichnest Dich selbst als IT affin und bist von den technischen Zusammenhängen fasziniert, die die Welt der IT umgeben
Du bist geschickt darin, Zusammenhänge zu finden und Herausforderungen zu meistern, denn für Dich ist kein Problem zu groß
Du besitzt viel Eigeninitiative, findest es aber genauso gut, wenn man als Team zusammenhält und gemeinsam großartige Dinge erreicht",Ausbildung | Fachinformatiker für Anwendungsentwicklung (m/w/d) 2026,ae,,"Deine Vorteile bei G DATA
Zukunftsperspektive
Hohe Übernahmechancen bei guten Leistungen in einer wachstumsstarken Branche
Prüfungsvorbereitung
Rabatte über „Corporate Benefits” und kostenlose Software-Lizenzen
Events
Ob Sommerfest, Weihnachtsfeier oder Teamevents – wir feiern und erleben gemeinsam
Mobilität
Eigener Parkplatz, E-Ladesäulen, Jobrad, Anbindung zum Radweg, Fahrradkeller und Duschen",,,empty,,https://twitter.com/stepstone_de,https://twitter.com/stepstone_de,https://twitter.com/stepstone_de,externe,,"Zeugnisgeld für gute Noten sowie finanzielle Unterstützung bei Schulmaterialien und Büchern
Bio-Speisen und Getränke
Kostenlose Verpflegung im Bistro: frische, hochwertige Speisen, dazu Obst, Brot, Kaffee und weitere Getränke
Perspektive
Weiterbildungen und Sprachkurse für Deine Weiterentwicklung
Campus-Feeling
Für Austausch und Spaß stehen Café, Arcade Raum, Kicker- und Billardtisch zur Verfügung
Gilden-Konzept
Wissen teilen, Sport-Zuschuss und Freizeit-Communities
Vergünstigungen",,stepstone_de,https://www.stepstone.de/stellenangebote--Ausbildung-Fachinformatiker-fuer-Anwendungsentwicklung-m-w-d-2026-Bochum-G-DATA-CyberDefense-AG--13967994-inline.html,False,,60,,,,2026-06-12T21:18:05.553778+00:00
STEP-14090592,stepstone_de_dpa,Volkswagen Infotainment GmbH,"51.474674,7.2605925",Bochum,44803 Bochum,"Ausbildung zum Fachinformatiker für Anwendungsentwicklung (m/w/d)

Deine Aufgaben
Kurzbeschreibung der Rolle Wenn Dich Entwicklung von Applikationen und automatisierte Tests mehr faszinieren als selbst Knöpfe zu drücken, wenn Du bei Python nicht an eine Schlange und bei Bugs nicht an Käfer denkst, dann ist eine Ausbildung zum Fachinformatiker Anwendungsentwicklung in der System Verifikation vielleicht genau das Richtige für Dich.
Was Du lernst: Du entwickelst neue Applikationen und spezifische Lösungen im Bereich Anwendungsentwicklung Du planst, implementierst und verifizierst komplexe automatisierte Software-Systeme Du erstellst und planst eigenständig Präsentationen der entwickelten Anwendungen Du eignest dir Wissen im Bereich „Systemintegration und Netzwerke"" im IT- und Fahrzeugumfeld an und wirkst aktiv in diesem spannenden Umfeld mit Zu Deinen Aufgaben gehören die Testdurchführung, Fehleranalyse und Störungsbeseitigung bei der Tool-Entwicklung Du unterstützt dein Projektteam in Bereichen der Qualitätssicherung, Arbeitsorganisation und im Projektmanagement Was Du mitbringst: Du hast Abitur, einen Realschullabschluss, einen weiterqualifizierenden Hauptschulabschluss oder einen vergleichbaren internationalen Abschluss Leidenschaft für Technik, Computer und Programmierung begleiten Dich schon länger Du hattest schon ersten Kontakt mit Programmieren und „Coding"" Neugierde auf Innovationen und ein High-Tech Umfeld zeichnen Dich aus Hohe Eigeninitiative ist für Dich selbstverständlich Du arbeitest gerne mit anderen Menschen an Problemlösungen Du gehst kompetent und offen mit internen und externen Ansprechpartnern um Sehr gute Deutschkenntnisse sind erforderlich Gute Englischkenntnisse sind wünschenswert

Dein Profil",,Dein Profil,Ausbildung | zum Fachinformatiker für Anwendungsentwicklung (m/w/d),ae,,,,,empty,,https://twitter.com/stepstone_de,https://twitter.com/stepstone_de,https://twitter.com/stepstone_de,externe,"Du hast Abitur, einen Realschullabschluss, einen weiterqualifizierenden Hauptschulabschluss oder einen vergleichbaren internationalen Abschluss Leidenschaft für Technik, Computer und Programmierung begleiten Dich schon länger Du hattest schon ersten Kontakt mit Programmieren und „Coding"" Neugierde auf Innovationen und ein High-Tech Umfeld zeichnen Dich aus Hohe Eigeninitiative ist für Dich selbstverständlich Du arbeitest gerne mit anderen Menschen an Problemlösungen Du gehst kompetent und offen mit internen und externen Ansprechpartnern um Sehr gute Deutschkenntnisse sind erforderlich Gute Englischkenntnisse sind wünschenswert",,,stepstone_de,https://www.stepstone.de/stellenangebote--Ausbildung-zum-Fachinformatiker-fuer-Anwendungsentwicklung-m-w-d-Bochum-Volkswagen-Infotainment-GmbH--14090592-inline.html,False,,60,,,,2026-06-12T21:31:11.306960+00:00
STEP-14117837,stepstone_de_dpa,GUS ERP GmbH,,Köln,Köln Köln,"Ausbildung zum Fachinformatiker für Anwendungsentwicklung (m/w/d)

Deine Aufgaben:

Wie entstehen Softwarelösungen – von der ersten Idee über die Planung und das Programmieren bis hin zum abschließenden Test? Wie lassen sich Anforderungen kundenorientiert erfassen, strukturieren und zuverlässig in funktionierende Anwendungen überführen? Genau diese Kompetenzen erwirbst du in der Ausbildung zum Fachinformatiker für Anwendungsentwicklung (m/w/d).
Das bringst du mit:
Einen guten Schulabschluss (Fachhochschulreife oder Abitur)
Freude an neuen Technologien und an Informatik
Kenntnisse in mindestens in einer Programmiersprache (z.B. Java, C++, C#) sowie in MySQL oder anderen Datenbanken
Hohe Lernbereitschaft und ein analytisches Denkvermögen
Teamgeist ebenso wie Spaß am selbstständigen Arbeiten
Engagement und ein hohes Maß an Zuverlässigkeit

Wir bieten
Ausbildung/Trainee
Vollzeit
GUS ERP GmbH
Köln
Darauf kannst du dich freuen:
Kultur:
Teamwork:
Entwicklung:
Einstieg:
Abwechslung & Gestaltungsspielraum:
Benefits:",,"Wie entstehen Softwarelösungen – von der ersten Idee über die Planung und das Programmieren bis hin zum abschließenden Test? Wie lassen sich Anforderungen kundenorientiert erfassen, strukturieren und zuverlässig in funktionierende Anwendungen überführen? Genau diese Kompetenzen erwirbst du in der Ausbildung zum Fachinformatiker für Anwendungsentwicklung (m/w/d).
Das bringst du mit:
Einen guten Schulabschluss (Fachhochschulreife oder Abitur)
Freude an neuen Technologien und an Informatik
Kenntnisse in mindestens in einer Programmiersprache (z.B. Java, C++, C#) sowie in MySQL oder anderen Datenbanken
Hohe Lernbereitschaft und ein analytisches Denkvermögen
Teamgeist ebenso wie Spaß am selbstständigen Arbeiten
Engagement und ein hohes Maß an Zuverlässigkeit",Ausbildung | zum Fachinformatiker für Anwendungsentwicklung (m/w/d),ae,,"Wir bieten
Ausbildung/Trainee
Vollzeit
GUS ERP GmbH
Köln
Darauf kannst du dich freuen:
Kultur:
Teamwork:
Entwicklung:
Einstieg:
Abwechslung & Gestaltungsspielraum:
Benefits:",,,empty,,https://twitter.com/stepstone_de,https://twitter.com/stepstone_de,https://twitter.com/stepstone_de,externe,"Kontakt
Neugierig geworden? Dann bewirb dich jetzt – wir freuen uns darauf, dich kennenzulernen!
Studienabbrecher*innen? Kein Problem – wir schätzen neue Perspektiven mit klaren Zielen. Wir freuen uns auf deine Bewerbung!",,,stepstone_de,https://www.stepstone.de/stellenangebote--Ausbildung-zum-Fachinformatiker-fuer-Anwendungsentwicklung-m-w-d-Koeln-GUS-ERP-GmbH--14117837-inline.html,False,,60,,,,2026-06-12T21:31:32.297066+00:00
STEP-9127471,stepstone_de_dpa,lise GmbH,"50.9721,6.8686",Köln,Rudi-Conin-Straße 5 50829 Köln,"Ausbildung Fachinformatiker Anwendungsentwicklung 2026 (m/w/d)

Aufgaben
Du lernst spannende Projekte und neue Technologien kennen Du arbeitest in agilen, selbstorganisierten und selbstbestimmten Teams Du kannst deine Ausbildungsinhalte selbst mitgestalten und nimmst an Workshops wie „Lets Code together“ teil
Profil
die Fachhochschulreife oder einen vergleichbaren Abschluss ein gutes mathematisch-technisches Grundwissen Interesse an Projektarbeit und eine kommunikative, teamorientierte Arbeitsweise im Idealfall bereits Vorerfahrung mit Internettechnologien (HTML, CSS, Javascript) und/oder Programmierung in Java, C# o. Ä. Du sprichst Deutsch auf mindestens C1-Niveau Die Ausbildung findet in unserem Büro in Köln statt. Deshalb setzen wir voraus, dass du in Köln oder im näheren Umkreis wohnst.

Wir bieten
Eigenes Notebook, auch zur privaten Nutzung samt zusätzlichem Equipment Intensive Betreuung durch einen persönlichen lise Buddy Ein Jobticket Weiterbildungsangebote sowie optimale Prüfungsvorbereitung (über z.B. simpleClub) Modernes Büro mit neuester Ausstattung und Dachterrasse Betriebliche Altersvorsorge Massagen, Tischtennis, Darts, Flugsimulator und mehr
Weitere Informationen",,,Ausbildung | Fachinformatiker Anwendungsentwicklung 2026 (m/w/d),ae,,"Wir bieten
Eigenes Notebook, auch zur privaten Nutzung samt zusätzlichem Equipment Intensive Betreuung durch einen persönlichen lise Buddy Ein Jobticket Weiterbildungsangebote sowie optimale Prüfungsvorbereitung (über z.B. simpleClub) Modernes Büro mit neuester Ausstattung und Dachterrasse Betriebliche Altersvorsorge Massagen, Tischtennis, Darts, Flugsimulator und mehr
Weitere Informationen",,,empty,,https://twitter.com/stepstone_de,https://twitter.com/stepstone_de,https://twitter.com/stepstone_de,externe,,"Bitte schicke uns dein Anschreiben, deinen Lebenslauf und deine aktuellen Zeugnisse und wir melden uns zeitnah bei dir.
Diese Ausschreibung richtet sich an Bewerber:innen jeden Alters ungeachtet persönlicher Einschränkungen (Behinderung/chronische Krankheit).",,stepstone_de,https://www.stepstone.de/stellenangebote--Ausbildung-Fachinformatiker-Anwendungsentwicklung-2026-m-w-d-Koeln-lise-GmbH--9127471-inline.html,False,,60,,,,2026-06-12T21:15:04.572156+00:00
STEP-13918411,stepstone_de_dpa,pharma mall Gesellschaft für Electronic Commerce GmbH,,Sankt Augustin,Sankt Augustin Sankt Augustin,"Ausbildung zum Fachinformatiker für Anwendungsentwicklung (m/w/d)

Kurzum: Deine Aufgaben sind spannend und wechseln, keine Langweile bei ewig gleicher Routine

Das bringst Du mit
Du hast mindestens die Mittlere Reife mit guten Leistungen in Deutsch, Mathematik und Englisch erfolgreich abgeschlossen oder strebst diese bis zum Beginn der Ausbildung an
Du hast Interesse am Arbeiten mit dem Computer
Du hast ein ausgeprägtes logisches Denkvermögen
Du arbeitest systematisch und zielorientiert
Du bist teamfähig und bringst grundlegende Programmier-Kenntnisse mit
Und das bringen wir mit

Du schätzt den persönlichen Austausch im Team, arbeitest aber auch gerne remote? Perfekt, denn wir bieten ein hybrides Arbeitsmodell mit flexiblen Arbeitszeiten, Arbeitszeiterfassung und Gleitzeit
Natürlich achten wir auf Deine Gesundheit – darum bieten wir Dir frisches Obst und Gemüse sowie eine für Dich kostenfreie Mitgliedschaft im Urban Sports Club
Für Deine persönliche und fachliche Entwicklung bieten wir Dir interne Schulungen an, z.B. Englisch-Sprachkurse, außerdem kannst Du an Kursen zur Prüfungsvorbereitung teilnehmen
In den Pausen kannst Du mit Deinen Kollegen „Mario Kart“ an der Nintendo Switch zocken oder ihr veranstaltet ein Kicker Turnier
Für Deine Erholung ist gesorgt: bei uns erhältst Du 30 Tage Jahresurlaub
Nach erfolgreicher Ausbildung übernehmen wir Dich gerne
Und natürlich gibt’s bei uns einen unschlagbaren TeamSpirit, den wir durch Team- und Firmenevents stärken
Neugierig geworden?
Du findest Dich in der Beschreibung wieder und möchtest unser Team verstärken? Dann sollten wir uns unbedingt kennenlernen.",,"Das bringst Du mit
Du hast mindestens die Mittlere Reife mit guten Leistungen in Deutsch, Mathematik und Englisch erfolgreich abgeschlossen oder strebst diese bis zum Beginn der Ausbildung an
Du hast Interesse am Arbeiten mit dem Computer
Du hast ein ausgeprägtes logisches Denkvermögen
Du arbeitest systematisch und zielorientiert
Du bist teamfähig und bringst grundlegende Programmier-Kenntnisse mit
Und das bringen wir mit",Ausbildung | zum Fachinformatiker für Anwendungsentwicklung (m/w/d),ae,,"Du schätzt den persönlichen Austausch im Team, arbeitest aber auch gerne remote? Perfekt, denn wir bieten ein hybrides Arbeitsmodell mit flexiblen Arbeitszeiten, Arbeitszeiterfassung und Gleitzeit
Natürlich achten wir auf Deine Gesundheit – darum bieten wir Dir frisches Obst und Gemüse sowie eine für Dich kostenfreie Mitgliedschaft im Urban Sports Club
Für Deine persönliche und fachliche Entwicklung bieten wir Dir interne Schulungen an, z.B. Englisch-Sprachkurse, außerdem kannst Du an Kursen zur Prüfungsvorbereitung teilnehmen
In den Pausen kannst Du mit Deinen Kollegen „Mario Kart“ an der Nintendo Switch zocken oder ihr veranstaltet ein Kicker Turnier
Für Deine Erholung ist gesorgt: bei uns erhältst Du 30 Tage Jahresurlaub
Nach erfolgreicher Ausbildung übernehmen wir Dich gerne
Und natürlich gibt’s bei uns einen unschlagbaren TeamSpirit, den wir durch Team- und Firmenevents stärken
Neugierig geworden?
Du findest Dich in der Beschreibung wieder und möchtest unser Team verstärken? Dann sollten wir uns unbedingt kennenlernen.",,,empty,,https://twitter.com/stepstone_de,https://twitter.com/stepstone_de,https://twitter.com/stepstone_de,externe,,"Bitte sende uns Deine vollständigen Bewerbungsunterlagen über den Button „Jetzt bewerben“.
Du hast noch Fragen zur Stelle? Melanie Thom beantwortet Dir gern Deine Fragen telefonisch unter 02241 2543- 644.",,stepstone_de,https://www.stepstone.de/stellenangebote--Ausbildung-zum-Fachinformatiker-fuer-Anwendungsentwicklung-m-w-d-Sankt-Augustin-pharma-mall-Gesellschaft-fuer-Electronic-Commerce-GmbH--13918411-inline.html,False,,60,,,,2026-06-12T21:31:53.579092+00:00
STEP-13918117,stepstone_de_dpa,C.Ed. Schulte Gesellschaft mit beschränkter Haftung Zylinderschlossfabrik,,Velbert - Friedrichstraße,Velbert - Friedrichstraße Velbert - Friedrichstraße,"Ausbildung Fachinformatiker (m/w/d)

Ihre Aufgaben
Computer sind Deine Leidenschaft und Du interessierst Dich auch abgesehen von Games und Internet für ihn?
Dann könnte der Beruf des Fachinformatikers für Anwendungsentwicklung etwas für Dich sein.
neue Anwendungen entwickeln und diese in die bereits existierenden Systeme einpflegen
die unterschiedlichsten Programme und Anwendungen planen, konzipieren und programmieren
anwendungsgerechte und nutzerfreundliche Bedienoberflächen entwickeln
Anwenderschulungen geben
Projektabläufe konzeptionieren
neue Marktentwicklungen beobachten
Ihr Profil
Du solltest Interesse oder bestenfalls auch schon Vorkenntnisse in Sachen Programmiersprachen besitzen, denn ohne sie geht in diesem Job nichts.
Gute Englisch- und Mathekenntnisse sind außerdem sehr wichtig, da viel Fachliteratur auf Englisch ist und komplexe Rechnungen durchgeführten werden müssen, ohne Panik zu bekommen.
Wir sprechen junge Menschen an, die ein Abitur oder eine Fachhochschulreife mit gutem Abschluss vorweisen können und überdurchschnittliches Engagement und Zuverlässigkeit als selbstverständlich betrachten

Das bieten wir unseren Mitarbeitenden
Ausbildungsplan nach IHK-Richtlinien
Regelmäßige Treffen mit den Ausbildenden und dadurch kontinuierliche Betreuung",,,Ausbildung | Fachinformatiker (m/w/d),ae,,"Das bieten wir unseren Mitarbeitenden
Ausbildungsplan nach IHK-Richtlinien
Regelmäßige Treffen mit den Ausbildenden und dadurch kontinuierliche Betreuung",,,empty,,https://twitter.com/stepstone_de,https://twitter.com/stepstone_de,https://twitter.com/stepstone_de,externe,"Engen Kontakt zwischen Lehrerpersonal, Ausbildenden und Auszubildenden
Fachliche Unterstützung während der Ausbildung
Einbindung in aktuelle Projekte
Azubi-Kennenlern-Treffen","Prämienzahlung für gute Prüfungsleistungen und Zeugnisse
Aktuelle Werkzeuge für die Entwicklung
Bei erfolgreichem Abschluss bieten wir die Chance auf einen sicheren Arbeitsplatz und unterstützen Dich in Deiner weiteren beruflichen Entwicklung",,stepstone_de,https://www.stepstone.de/stellenangebote--Ausbildung-Fachinformatiker-m-w-d-Velbert-Friedrichstrasse-C-Ed-Schulte-Gesellschaft-mit-beschraenkter-Haftung-Zylinderschlossfabrik--13918117-inline.html,False,,60,,,,2026-06-12T21:22:40.224633+00:00
STEP-14078247,stepstone_de_dpa,Schönhofer Sales and Engineering GmbH,,53721 Siegburg,53721 Siegburg 53721 Siegburg,"Ausbildung zum Fachinformatiker für Anwendungsentwicklung 2026 (w/m/d)

Lead RecruiterKrieger, MelanieKurzbeschreibung (interne Stellenanzeige) - DeutschWir suchen zum nächstmöglichen Zeitpunkt Verstärkung für unser Team. Übernehmen Sie interessante Aufgaben und verwirklichen Sie mit uns Ihre Ideen!
Ihre Aufgaben
Entwicklung und Programmierung von Softwareanwendungen
Hinweis zur automatisierten Stellenbeschreibung: Aus unserer Erfahrung als Jobbörse erstellen wir für Stellen, bei denen Aufgaben und Anforderungen fehlen, mithilfe von Künstlicher Intelligenz (KI) automatisch generierte Zusammenfassungen, um ein klares Bild der Tätigkeit und des gesuchten Profils zu vermitteln. Bitte beachten Sie, dass diese Informationen automatisch erstellt wurden und daher unverbindlich sind. Eine menschliche Überprüfung wird empfohlen.
Qualifikationen
- Text - Deutsch- ...

Analyse von Anforderungen und Konzeption von Lösungen
Testen und Qualitätssicherung von Software
Fehleranalyse und -behebung (Debugging)
Dokumentation von Software und Prozessen

Wir bieten
UnternehmenSchönhofer Sales & Engineering GmbHStadt / RegionSiegburgAbteilung8SE-VDKarrierestufeSchüler*innenJob ID13314",,"Analyse von Anforderungen und Konzeption von Lösungen
Testen und Qualitätssicherung von Software
Fehleranalyse und -behebung (Debugging)
Dokumentation von Software und Prozessen",Ausbildung | zum Fachinformatiker für Anwendungsentwicklung 2026 (w/m/d),ae,,"Wir bieten
UnternehmenSchönhofer Sales & Engineering GmbHStadt / RegionSiegburgAbteilung8SE-VDKarrierestufeSchüler*innenJob ID13314",,,empty,,https://twitter.com/stepstone_de,https://twitter.com/stepstone_de,https://twitter.com/stepstone_de,externe,,,,stepstone_de,https://www.stepstone.de/stellenangebote--Ausbildung-zum-Fachinformatiker-fuer-Anwendungsentwicklung-2026-w-m-d-53721-Siegburg-Schoenhofer-Sales-and-Engineering-GmbH--14078247-inline.html,False,,53,,,,2026-06-12T21:30:26.114639+00:00
STEP-13840885,stepstone_de_dpa,Ehrhardt + Partner Group,,Aachen,Aachen Aachen,"Auszubildende Fachinformatiker Anwendungsentwicklung (m/w/d)

DIE AUFGABEN - Damit bewirkst Du
Gemeinsam mit Deinem Team arbeitest Du an weltweiten Kundenprojekten im Bereich der Einzelhandel-, Automobil- und Flughafenlogistik.
Du findest die besten Lösungen für Anwendungs- und Systemprobleme.
Auch an der Entwicklung von internen Arbeitstools bist Du beteiligt.
Unterstützt durch dein Team erlernst Du die Grundlagen der Programmierung und der Programmiermethodik.
Du konzipierst und realisierst kundenspezifisch Softwareanwendungen, testest diese und passt neue und bereits bestehende Anwendungen an.
Du unterstützt uns bei der Verwaltung interner Anwendungen und Server-Umgebungen.
Du baust Dir Wissen hinsichtlich unterschiedlicher Einsatzkontexte unserer Lösungen bei Kunden auf.
Zusätzlich machen wir Dich fit für die IHK-Prüfungen und bereiten Dich umfangreich vor.
Aufgaben zum Weiterkommen. Dinge bewegen, ab Tag 1. Das heißt bei uns: Verantwortung geben und bekommen. Ideen nicht nur äußern können, sondern umsetzen dürfen. Und ein Personalentwicklungskonzept, das individuell passt - egal, ob Richtung Führungskraft oder Fachexperte.
Arbeitszeit und -ort? Flexibel. Unser Gleitzeitmodell bietet die Flexibilität, die zu Deiner Arbeit und Deinem Leben passt. Dazu gehört natürlich auch die Möglichkeit, aus dem Homeoffice heraus zu arbeiten.
Miteinander und Kultur? Auf Augenhöhe. Offenes Feedback. Regelmäßige Updates durch unsere Geschäftsführung. Lösungsorientiertes An-einem-Strang-Ziehen. Und natürlich auch Get-together-Events wie das Kartfahren, die EPG-Weihnachtsfeier oder unsere LAN-Party - um uns und unsere Erfolge zu feiern.
Jetzt. Für später. Die betriebliche Altersvorsorge (bAV) bietet eine gute Möglichkeit, für das Alter vorzusorgen. Dafür gibt es von uns im Heute einen starken Arbeitgeberzuschuss, damit Dein Morgen so entspannt wie möglich wird.
Bewegung. Um lange bewegen zu können. Jeder hat die Möglichkeit in unserem Sportraum zu trainieren. Lieber was im Team? Dann bietet sich der Firmenlauf oder ein Nachmittag im Kletterwald an.
Branche der Gegenwart. Und Zukunft. Die Welt der Logistik begleitet nicht nur unser aller Alltag. Sie ist auch essenziell für eine nachhaltige, lebenswerte Zukunft. Was das bedeutet? Viel, was wir gemeinsam bewegen können. Die Möglichkeit, Dinge besser zu machen. Und einen sicheren, auch für die Zukunft relevanten, Arbeitsplatz.
Und klar, Obstkorb und Getränke haben wir natürlich auch.
Haben wir Dein Interesse geweckt?
Bewerben Sie sich gerne über Stepstone One-Click oder über unser Online-Bewerbungsformular !
EPG – Ehrhardt Partner Group
topsystem GmbH
Krefelder Straße 201, 52070 Aachen
Tel.: (+49) 241 568 262-0
www.epg-jobs.com

DIE ANFORDERUNGEN - Das macht Dich erfolgreich
Du hast Dein (Fach-)Abitur bereits in der Tasche oder wirst in naher Zukunft so weit sein.
Alternativ hast Du ein Studium begonnen und gemerkt, dass eine praktische Ausbildung Dir wesentlich mehr liegt.
Du bringst Leidenschaft und Neugier für das Thema IT sowie ein gutes technisches Grundverständnis mit.
Du weißt, wie wichtig zielorientiertes Lernen und Arbeiten ist - und vor allem willst Du das gleiche wie wir: Dinge nach vorne bringen und mit voller Energie an der Logistik der Zukunft arbeiten (übrigens ein Themenfeld, das nicht nur zukunftssicher ist, sondern z. B. auch Dich bereits heute schon täglich begleitet)!
Dein Profil rundest Du mit guten Deutsch- und Englischkenntnissen ab.

DIE BENEFITS - Das gibt es mit dazu
Wir glauben daran, dass Arbeit Spaß machen und zum Leben passen darf. Und deshalb gibt es, neben unserem bunten und talentierten Team, den besten Kunden und den unterschiedlichsten Projekten und Produkten noch folgendes dazu:
Onboarding zum Ankommen. Onboardingplan vorab, damit Du weißt, was auf Dich zukommt. Onboardingtag, um uns besser kennenzulernen. Und die Onboardingphase im Fachbereich; so gestaltet, dass Du bestmöglich ankommst, verstehst und loslegen kannst.",,"DIE ANFORDERUNGEN - Das macht Dich erfolgreich
Du hast Dein (Fach-)Abitur bereits in der Tasche oder wirst in naher Zukunft so weit sein.
Alternativ hast Du ein Studium begonnen und gemerkt, dass eine praktische Ausbildung Dir wesentlich mehr liegt.
Du bringst Leidenschaft und Neugier für das Thema IT sowie ein gutes technisches Grundverständnis mit.
Du weißt, wie wichtig zielorientiertes Lernen und Arbeiten ist - und vor allem willst Du das gleiche wie wir: Dinge nach vorne bringen und mit voller Energie an der Logistik der Zukunft arbeiten (übrigens ein Themenfeld, das nicht nur zukunftssicher ist, sondern z. B. auch Dich bereits heute schon täglich begleitet)!
Dein Profil rundest Du mit guten Deutsch- und Englischkenntnissen ab.",Ausbildung | Auszubildende Fachinformatiker Anwendungsentwicklung (m/w/d),ae,,"DIE BENEFITS - Das gibt es mit dazu
Wir glauben daran, dass Arbeit Spaß machen und zum Leben passen darf. Und deshalb gibt es, neben unserem bunten und talentierten Team, den besten Kunden und den unterschiedlichsten Projekten und Produkten noch folgendes dazu:
Onboarding zum Ankommen. Onboardingplan vorab, damit Du weißt, was auf Dich zukommt. Onboardingtag, um uns besser kennenzulernen. Und die Onboardingphase im Fachbereich; so gestaltet, dass Du bestmöglich ankommst, verstehst und loslegen kannst.",,,empty,,https://twitter.com/stepstone_de,https://twitter.com/stepstone_de,https://twitter.com/stepstone_de,externe,,,,stepstone_de,https://www.stepstone.de/stellenangebote--Auszubildende-Fachinformatiker-Anwendungsentwicklung-m-w-d-Aachen-Ehrhardt-Partner-Group--13840885-inline.html,False,,53,,,,2026-06-12T21:42:22.518822+00:00
STEP-13918083,stepstone_de_dpa,m3connect GmbH,,Aachen,Aachen Aachen,"Ausbildung: Fachinformatiker (m/w/d) für Anwendungsentwicklung

Ihre Aufgaben
Dein Spielfeld: Code, Kreativität und innovative Softwarelösungen
Deine Aufgaben auf einen Blick:
Echte Projekte statt Theorie – Arbeite von Anfang an an spannenden Softwarelösungen und unterstütze unser Entwicklerteam bei realen Kundenprojekten

Von der Idee zum Code – Analysiere Anforderungen und entwickle daraus kreative und funktionierende Anwendungen
Qualität zählt – Teste, optimiere und verbessere Software, damit sie zuverlässig und benutzerfreundlich läuft
Moderne Technologien – Lerne verschiedene Programmiersprachen, Tools und Frameworks kennen und erweitere kontinuierlich Dein Know-how
Gemeinsam zum Ziel – Setze gemeinsam mit Deinem Team Projekte um und arbeite nach agilen Prinzipien wie Scrum
Dein Profil – Das bringst du mit:
Schulabschluss – Du hast eine abgeschlossene Schulausbildung mit guten Leistungen in Mathematik und Informatik
Interesse an IT – Du hast großes Interesse an Informationstechnologie, dem täglichen Umgang mit Hardware, und konntest bereits erste Einblicke gewinnen
Arbeitsweise – Du arbeitest verantwortungsbewusst, selbstständig und bist teamfähig
Sprachkenntnisse – Du hast sehr gute Deutsch- und Englischkenntnisse, die Dir die interne sowie externe Kommunikation erleichtern
Werde Teil unseres Teams und starte Deine Ausbildung zum Fachinformatiker (m/w/d) für Anwendungsentwicklung!
Wieso m3connect?
Attraktive Vergütung – Weil Deine Leistung zählt !
1. Jahr: 1.070 €, 2. Jahr: 1.120 €, 3. Jahr: 1.200 € monatliche Ausbildungsvergütung
Flexibilität – Freie Zeiteinteilung ohne Kernarbeitszeiten
Modernes Equipment – MacBook oder Dell? Du entscheidest! Ein iPad ist bei uns für alle Azubis Standard
Sicherheit & Perspektive – Die umfassende Ausbildung bereitet Dich bestens auf Deine berufliche Zukunft vor, daher erwarten Dich hervorragende Übernahmechancen
Events – Wir arbeiten gerne als starkes Team und feiern gemeinsam unsere Erfolge
Teamgeist – Flache Hierarchien, offene Türen, Duz-Kultur & ein kollegiales Miteinander
Zusätzliche Leistungen – Übernahme des ÖPNV-Tickets, Zuschuss zum JobRad & vermögenswirksame Leistungen
Wohlfühl-Extras – Vielfältige Getränkebar, Fitnessraum, Billard & mehr
Urlaub & Work-Life-Balance – 30 Tage, zusätzlicher Sonderurlaub zur Prüfungsvorbereitung & ein Gleitzeitkonto inkl. Überstundenausgleich
Innovationskraft – Deine Ideen zählen, wir setzen auf Fortschritt!
Deine Bewerbung?
Ganz einfach online – Wir freuen uns, von Dir zu hören!
Du hast Dein Studium abgebrochen? Wir nehmen am SWITCH-Programm teil!","1.070 €, 1.120 €, 1.200 €","Von der Idee zum Code – Analysiere Anforderungen und entwickle daraus kreative und funktionierende Anwendungen
Qualität zählt – Teste, optimiere und verbessere Software, damit sie zuverlässig und benutzerfreundlich läuft
Moderne Technologien – Lerne verschiedene Programmiersprachen, Tools und Frameworks kennen und erweitere kontinuierlich Dein Know-how
Gemeinsam zum Ziel – Setze gemeinsam mit Deinem Team Projekte um und arbeite nach agilen Prinzipien wie Scrum
Dein Profil – Das bringst du mit:
Schulabschluss – Du hast eine abgeschlossene Schulausbildung mit guten Leistungen in Mathematik und Informatik
Interesse an IT – Du hast großes Interesse an Informationstechnologie, dem täglichen Umgang mit Hardware, und konntest bereits erste Einblicke gewinnen
Arbeitsweise – Du arbeitest verantwortungsbewusst, selbstständig und bist teamfähig
Sprachkenntnisse – Du hast sehr gute Deutsch- und Englischkenntnisse, die Dir die interne sowie externe Kommunikation erleichtern
Werde Teil unseres Teams und starte Deine Ausbildung zum Fachinformatiker (m/w/d) für Anwendungsentwicklung!
Wieso m3connect?
Attraktive Vergütung – Weil Deine Leistung zählt !
1. Jahr: 1.070 €, 2. Jahr: 1.120 €, 3. Jahr: 1.200 € monatliche Ausbildungsvergütung
Flexibilität – Freie Zeiteinteilung ohne Kernarbeitszeiten
Modernes Equipment – MacBook oder Dell? Du entscheidest! Ein iPad ist bei uns für alle Azubis Standard
Sicherheit & Perspektive – Die umfassende Ausbildung bereitet Dich bestens auf Deine berufliche Zukunft vor, daher erwarten Dich hervorragende Übernahmechancen
Events – Wir arbeiten gerne als starkes Team und feiern gemeinsam unsere Erfolge
Teamgeist – Flache Hierarchien, offene Türen, Duz-Kultur & ein kollegiales Miteinander
Zusätzliche Leistungen – Übernahme des ÖPNV-Tickets, Zuschuss zum JobRad & vermögenswirksame Leistungen
Wohlfühl-Extras – Vielfältige Getränkebar, Fitnessraum, Billard & mehr
Urlaub & Work-Life-Balance – 30 Tage, zusätzlicher Sonderurlaub zur Prüfungsvorbereitung & ein Gleitzeitkonto inkl. Überstundenausgleich
Innovationskraft – Deine Ideen zählen, wir setzen auf Fortschritt!
Deine Bewerbung?
Ganz einfach online – Wir freuen uns, von Dir zu hören!
Du hast Dein Studium abgebrochen? Wir nehmen am SWITCH-Programm teil!",Ausbildung | Ausbildung: Fachinformatiker (m/w/d) für Anwendungsentwicklung,ae,,,,,empty,,https://twitter.com/stepstone_de,https://twitter.com/stepstone_de,https://twitter.com/stepstone_de,externe,,,,stepstone_de,https://www.stepstone.de/stellenangebote--Ausbildung-Fachinformatiker-m-w-d-fuer-Anwendungsentwicklung-Aachen-m3connect-GmbH--13918083-inline.html,False,,53,,,,2026-06-12T21:22:57.393822+00:00
STEP-14107663,stepstone_de_dpa,Omnicom Media Group Germany GmbH,"51.227314,6.7770667",Düsseldorf,Düsseldorf,Auszubildende zum/zur Fachinformatiker*in für Anwendungsentwicklung (mensch) zum 01.08.2026,,,Ausbildung | Auszubildende zum/zur Fachinformatiker*in für Anwendungsentwicklung (mensch) zum 01.08.2026,ae,,,,,empty,,https://berufskolleg.de/,https://berufskolleg.de/,https://berufskolleg.de/,externe,"Kontakte
Du möchtest noch mehr Einblicke in unseren Azubi-Alltag? Dann besuch uns doch gern auf Instagram: Azubi-Instagram-Kanal
Wir wertschätzen Vielfalt und begrüßen daher alle Bewerbungen – unabhängig von Geschlecht, Nationalität, ethnischer und sozialer Herkunft, Religion/Weltanschauung, Behinderung, Alter oder sexueller Orientierung.
Datenschutz: Wir verarbeiten Ihre personenbezogenen Daten gemäß unserer Datenschutzerklärung, welche Sie unter folgendem Link finden https://omnicommediagroup.com/recruitment-privacy-notices/ .
Für diesen Job bewerben",,,stepstone_de,https://www.stepstone.de/stellenangebote--Auszubildende-zum-zur-Fachinformatikerin-fuer-Anwendungsentwicklung-mensch-zum-01-08-2026-Duesseldorf-Omnicom-Media-Group-Germany-GmbH--14107663-inline.html,False,,53,2026,8,2026-08-01,2026-06-12T21:42:40.865935+00:00
STEP-13964876,stepstone_de_dpa,HDI Service AG,,Köln,"Köln, Deutz Köln","Ausbildung als Fachinformatiker:in Anwendungsentwicklung

Deine Aufgaben
Du möchtest Software nicht nur nutzen, sondern verstehen, wie sie funktioniert? In unserer dreijährigen Ausbildung als Fachinformatiker:in Anwendungsentwicklung zeigen wir Dir, was in unserer Software steckt und welche Tools Du zum Entwickeln benötigst.
Wir gestalten Deine Praxisphasen gemeinsam nach Deinen Interessen, damit Du Deine Stärken optimal einbringen und entwickeln kannst.
We – Du bist nicht allein, sondern stets Teil eines Teams sowie unserer Community von IT-Nachwuchstalenten.
(de)code - wir zeigen Dir alles , was vor der ersten und nach der letzten Zeile Code passiert.
Insurance - Du erhältst Einblicke in die Versicherungswelt und die Technik dahinter.
Spannende Aufgaben rund um Anforderungsmanagement, Programmierung, Künstliche Intelligenz, Cloud-Services sowie agile Arbeitsmethoden erwarten Dich.
Teamarbeit macht Dir Spaß – gleichzeitig möchtest Du auch eigenverantwortlich Aufgaben übernehmen.
Gute Fachoberschulreife (mittlere Reife), (Fach-) Abitur – auch Menschen, die sich nach einem begonnenen Berufsweg oder Studium umorientieren möchten, sind herzlich willkommen.
Innerhalb der HDI Group bündeln wir die Aufgaben für die verschiedenen Gesellschaften in der Privat- und Firmenversicherung sowie der Industrieversicherung. Bei uns hast Du die Chance, immer wieder neue Wege zu entdecken, gemeinsam mit uns zu wachsen und Dich weiterzuentwickeln.

Dein Profil
Computer und Technik interessieren Dich - vielleicht hast Du auch schon erste Erfahrungen im Programmieren gesammelt.
Dein Umfeld wendet sich bei technischen Fragestellungen gerne an Dich.
Sollte mal etwas nicht funktionieren, suchst Du nach der Ursache.

Deine Benefits
Ausbildungscommunity
Jeder für sich? Nicht bei uns. Unsere bundesweit digitale Ausbildungscommunity unterstützt bei Fragen, Lerngruppenbildung und Prüfungsvorbereitung.
Gesundheitsmanagement
Mit unserem betrieblichen Gesundheitsmanagement wollen wir Deine physische und psychische Gesundheit stärken. Gleichzeitig steht hier der Spaß und das Networking an erster Stelle.
Coaching und Trainings
Neben fachlicher Weiterbildung bieten wir Dir individuelle Coachings sowie spezielle Trainings an, die Dir helfen, Deine Kommunikationsfähigkeiten, Präsentationstechniken und Entscheidungsfindungen weiter auszubauen.
Kostenübernahme Prüfungsvorbereitungskurse & Literatur
Auf Deine Prüfungen bereiten wir Dich bestens mit Prüfungsvorbereitungskursen und verschiedenen Seminaren vor.
Be You!
Bei uns steht der Mensch im Fokus. Wir leben eine Unternehmenskultur der Offenheit sowie Wertschätzung und garantieren allen Mitarbeiter:innen und Kandidat:innen Chancengleichheit. So schaffen wir ein Umfeld, in dem das persönliche Potenzial bestmöglich entfaltet werden kann.
Starte durch bei der HDI Group!",,"Dein Profil
Computer und Technik interessieren Dich - vielleicht hast Du auch schon erste Erfahrungen im Programmieren gesammelt.
Dein Umfeld wendet sich bei technischen Fragestellungen gerne an Dich.
Sollte mal etwas nicht funktionieren, suchst Du nach der Ursache.",Ausbildung | als Fachinformatiker:in Anwendungsentwicklung,ae,,"Deine Benefits
Ausbildungscommunity
Jeder für sich? Nicht bei uns. Unsere bundesweit digitale Ausbildungscommunity unterstützt bei Fragen, Lerngruppenbildung und Prüfungsvorbereitung.
Gesundheitsmanagement
Mit unserem betrieblichen Gesundheitsmanagement wollen wir Deine physische und psychische Gesundheit stärken. Gleichzeitig steht hier der Spaß und das Networking an erster Stelle.
Coaching und Trainings
Neben fachlicher Weiterbildung bieten wir Dir individuelle Coachings sowie spezielle Trainings an, die Dir helfen, Deine Kommunikationsfähigkeiten, Präsentationstechniken und Entscheidungsfindungen weiter auszubauen.
Kostenübernahme Prüfungsvorbereitungskurse & Literatur
Auf Deine Prüfungen bereiten wir Dich bestens mit Prüfungsvorbereitungskursen und verschiedenen Seminaren vor.
Be You!
Bei uns steht der Mensch im Fokus. Wir leben eine Unternehmenskultur der Offenheit sowie Wertschätzung und garantieren allen Mitarbeiter:innen und Kandidat:innen Chancengleichheit. So schaffen wir ein Umfeld, in dem das persönliche Potenzial bestmöglich entfaltet werden kann.
Starte durch bei der HDI Group!",,,empty,,https://twitter.com/stepstone_de,https://twitter.com/stepstone_de,https://twitter.com/stepstone_de,externe,,,,stepstone_de,https://www.stepstone.de/stellenangebote--Ausbildung-als-Fachinformatiker-in-Anwendungsentwicklung-Koeln-Deutz-HDI-Service-AG--13964876-inline.html,False,,53,,,,2026-06-12T21:25:14.750087+00:00
STEP-13078159,stepstone_de_dpa,TÜV Rheinland Group,"50.9375,6.952591",Köln,51105 Köln,"Ausbildung Fachinformatiker/-in Anwendungsentwicklung (w/m/d)

Planung und Konfiguration: Bei uns erlernst du, wie du IT-Infrastrukturen und Client-Server-Systeme planen und konfigurieren kannst. Hierbei stattest du Arbeitsplätze kundengerecht aus, integrierst Clients in Netzwerke und führst Schutzbedarfsanalysen durch. Auch Softwareanpassungen und die Planung, Einrichtung, Wartung und Administration von Systemen und Rechnernetzen erlernst du in unserer konzernweiten IT-Umgebung. Netzwerke und Dienste: Du stehst den Anwendern in unserer weltweit verzweigten Microsoft-Umgebung zur Seite und kennst auf nahezu jede Frage eine Antwort. Vertiefung Systemintegration: Du wirst zum/zur Spezialist*in in der Bereitstellung von Serverdiensten, automatisierst Administrationsaufgaben und stellst den Betrieb vernetzter Systeme sicher und gewährleistest deren Sicherheit. Vertiefung Anwendungsentwicklung: Du tauchst tief in die Welt der Anwendungsentwicklung ein, gestaltest Benutzerschnittstellen, realisierst umfassende Anwendungssysteme und entwickelst individuelle Lösungen für unsere Kunden. Kontinuierliches Lernen und persönliche Weiterentwicklung: Regelmäßige interne und externe Schulungen sorgen dafür, dass du immer auf dem neuesten Stand der Technik bleibst. Ausbildungsbeginn: 01.09.2026.
Erfahrung & weitere Qualifikationen
Schulische Voraussetzung: Du hast die mittlere Reife oder Fachhochschulreife/Abitur mit guten Noten in den naturwissenschaftlichen Fächern, Englisch und bestenfalls Informatik absolviert. Sprachkenntnisse: Sehr gute Englischkenntnisse in Wort und Schrift bringen dich bei uns weiter. Technikbegeisterung: Dein Interesse für IT ist tiefgründig und du bleibst immer auf dem neuesten Stand der Technik. Deine Persönlichkeit: Du bist motiviert, zuverlässig, neugierig und hast Spaß am Arbeiten im Team.

Was wir bieten
Weiterbildungsangebote - Von Coaching- und Mentoring-Programmen bis zum ""Women´s Network"". Mitarbeitergespräche - Regelmäßiger Austausch auf Augenhöhe. Gut versichert - Unfallversicherung, Berufsunfähigkeitsversicherung, vergünstigte Versicherungen. Gesundheitsschutzmaßnahmen - Betriebssportgruppen, Seminare, Vorsorgemaßnahmen und mehr. Vergünstigungen - Preisnachlässe für Mitarbeiter*innen, z.B. im Sportstudio oder beim Autokauf.",,,Ausbildung | Fachinformatiker/-in Anwendungsentwicklung (w/m/d),ae,,"Was wir bieten
Weiterbildungsangebote - Von Coaching- und Mentoring-Programmen bis zum ""Women´s Network"". Mitarbeitergespräche - Regelmäßiger Austausch auf Augenhöhe. Gut versichert - Unfallversicherung, Berufsunfähigkeitsversicherung, vergünstigte Versicherungen. Gesundheitsschutzmaßnahmen - Betriebssportgruppen, Seminare, Vorsorgemaßnahmen und mehr. Vergünstigungen - Preisnachlässe für Mitarbeiter*innen, z.B. im Sportstudio oder beim Autokauf.",,,empty,,https://twitter.com/stepstone_de,https://twitter.com/stepstone_de,https://twitter.com/stepstone_de,externe,,,,stepstone_de,https://www.stepstone.de/stellenangebote--Ausbildung-Fachinformatiker-in-Anwendungsentwicklung-w-m-d-Koeln-TUEV-Rheinland-Group--13078159-inline.html,False,,53,2026,9,2026-09-01,2026-06-12T21:20:40.450664+00:00
STEP-13918439,stepstone_de_dpa,bbw Bildungswerk der Wirtschaft in Berlin und Brandenburg e.V.,,Berlin Charlottenburg,Berlin Charlottenburg Berlin Charlottenburg,"Ausbildungsverantwortlicher für die Ausbildung zum Fachinformatiker für Anwendungsentwicklung / Systemintegration (m/w/d)

Zu Ihren Aufgaben gehören:
Mitgestalten & Entwickeln: Sie wirken aktiv an der Konzeption, Weiterentwicklung und Umsetzung moderner Ausbildungskonzepte mit – analog, digital und hybrid.
Vermitteln & Begeistern: Sie unterrichten praxisnah nach unserem didaktischen Leitbild, führen Lernstandserhebungen durch und begleiten die Auszubildenden in ihrem individuellen Lernprozess.
Vielfalt der Methoden: Sie setzen abwechslungsreiche, zielgruppengerechte Lehrmethoden ein und berücksichtigen unterschiedliche Lerntypen.
Individuell fördern: Sie erkennen Stärken und Potenziale, geben fundiertes Feedback und begleiten die Lernenden auf Augenhöhe – persönlich und fachlich.
Netzwerken & Vermitteln: Sie unterstützen aktiv bei der Akquise und Organisation von Praktikumsplätzen sowie beim Übergang in Beschäftigung.
Kooperation & Engagement: Sie arbeiten in relevanten Gremien (z. B. Prüfungsausschuss) mit und pflegen den Austausch mit Unternehmen und Fachgremien.
Qualität sichern: Sie dokumentieren Lernerfolge, analysieren Ergebnisse und passen Ihre Ausbildungsmethoden flexibel an neue Markt- und Technologieentwicklungen an.
Sie werden intensiv eingearbeitet und erhalten Zugriff auf moderne Lehrmaterialien und didaktische Hilfsmittel.
Das bringen Sie mit:
Abgeschlossene Berufsausbildung oder Studium im IT-Bereich mit nachweislicher Ausbildereignung nach AEVO (zwingend erforderlich).
Fundierte Kenntnisse und praktische Erfahrungen in den Bereichen Anwendungsentwicklung und/oder Systemintegration.
Erfahrung in der Erwachsenenqualifizierung oder Berufsausbildung.
Sehr gute Deutschkenntnisse auf mindestens C1-Niveau und gute Englischkenntnisse in Wort und Schrift.
Sicherer Umgang mit MS Office und modernen digitalen Lern- und Kollaborationstools.
Didaktisches Geschick, ausgeprägte Kommunikationsstärke und Empathie im Umgang mit unterschiedlichen Zielgruppen.
Eigenverantwortlicher, strukturierter und konzeptioneller Arbeitsstil.
Teamgeist und Freude daran, Wissen praxisnah zu vermitteln und weiterzuentwickeln.

Wir bieten Ihnen:
Eine verantwortungsvolle und abwechslungsreiche Tätigkeit in einem zukunftsorientierten Ausbildungsbereich.
Mitarbeit in einem der marktführenden Bildungsunternehmen der Region.
30 Tage Urlaub bei einer 5-Tage-Woche.
Flexible Arbeitszeitmodelle (Vollzeit oder Teilzeit möglich).
Mobiles Arbeiten mit Diensthandy und Laptop.
Arbeitsplatz in zentraler Lage in Berlin mit exzellenter Verkehrsanbindung.
Vielfältige Weiterbildungsangebote zur fachlichen und persönlichen Entwicklung.
Zuschuss für Ihr Fitnessstudio oder Ihren Sportverein.
JobRad-Leasing – umweltfreundlich mobil.
Kollegiale Arbeitsatmosphäre, flache Hierarchien und ein wertschätzendes Miteinander.",,,Ausbildung | Ausbildungsverantwortlicher für die zum Fachinformatiker für Anwendungsentwicklung / Systemintegration (m/w/d),ae,,"Wir bieten Ihnen:
Eine verantwortungsvolle und abwechslungsreiche Tätigkeit in einem zukunftsorientierten Ausbildungsbereich.
Mitarbeit in einem der marktführenden Bildungsunternehmen der Region.
30 Tage Urlaub bei einer 5-Tage-Woche.
Flexible Arbeitszeitmodelle (Vollzeit oder Teilzeit möglich).
Mobiles Arbeiten mit Diensthandy und Laptop.
Arbeitsplatz in zentraler Lage in Berlin mit exzellenter Verkehrsanbindung.
Vielfältige Weiterbildungsangebote zur fachlichen und persönlichen Entwicklung.
Zuschuss für Ihr Fitnessstudio oder Ihren Sportverein.
JobRad-Leasing – umweltfreundlich mobil.
Kollegiale Arbeitsatmosphäre, flache Hierarchien und ein wertschätzendes Miteinander.",,,empty,,https://twitter.com/stepstone_de,https://twitter.com/stepstone_de,https://twitter.com/stepstone_de,externe,,,,stepstone_de,https://www.stepstone.de/stellenangebote--Ausbildungsverantwortlicher-fuer-die-Ausbildung-zum-Fachinformatiker-fuer-Anwendungsentwicklung-Systemintegration-m-w-d-Berlin-Charlottenburg-bbw-Bildungswerk-der-Wirtschaft-in-Berlin-und-Brandenburg-e-V--13918439-inline.html,False,,47,,,,2026-06-12T21:42:16.462566+00:00
STEP-13971983,stepstone_de_dpa,steep GmbH Zentrale,,Bonn,"Bonn, Dransdorf Bonn","Ausbildung Fachinformatiker/in - Anwendungsentwicklung (m/w/d) in Bonn 2026

Das lernst du bei uns:
Du analysierst, planst, testest und dokumentierst komplexe Hard- und Softwaresysteme mit Schwerpunkt Softwareentwicklung
Du konzipierst und implementierst unterschiedliche Anwendungen
Du löst praxisnahe Aufgaben und Problemstellungen
Du berätst und betreust Kunden
Du erwirbst grundlegende kaufmännische Kenntnisse
Du findest dich hier wieder?
Du hast eine Fach-/Hochschulreife, eine vergleichbare Ausbildung oder ein (IT-) Studium abgeschlossen / abgebrochen
Du besitzt gute mathematische Fähigkeiten und ein ausgeprägtes logisches Denken
Du verfügst über gute Deutsch- und Englischkenntnisse
Du begeisterst dich für IT-Themen und besitzt idealerweise schon erste praktische Erfahrungen im IT-Umfeld
Du bist lernfreudig, selbstständig und bringst ein hohes Engagement mit
Freu dich auf:
Faire Ausbildungsvergütung + Urlaubs- & Weihnachtsgeld
30 Urlaubstage + extra freie Tage (Betriebsschließung)
Gleitzeit = mehr Freiheit und Flexibilität für dich
Sehr gute Übernahmemöglichkeiten und einen langfristig sicheren Arbeitsplatz
Zuschuss zum Deutschlandticket
Rabattierte Preise in unserer Kantine
Fahrradleasing
Urban Sports Club – Fitness, Yoga & Co. zum Spartarif",,,Ausbildung | Fachinformatiker/in - Anwendungsentwicklung (m/w/d) in Bonn 2026,ae,,,,,empty,,https://twitter.com/stepstone_de,https://twitter.com/stepstone_de,https://twitter.com/stepstone_de,externe,"Kontakt
Wir unterstützen dich, wenn du deine Ausbildung verkürzen möchtest
Klingt spannend? Dann schick uns gerne deine Bewerbung, wenn wir dein Interesse geweckt haben!
Bewerbung direkt hier oder über www.steep.de/karriere",,,stepstone_de,https://www.stepstone.de/stellenangebote--Ausbildung-Fachinformatiker-in-Anwendungsentwicklung-m-w-d-in-Bonn-2026-Bonn-Dransdorf-steep-GmbH-Zentrale--13971983-inline.html,False,,47,,,,2026-06-12T21:20:31.465506+00:00
STEP-14099384,stepstone_de_dpa,Dataciders GmbH,"51.499702,7.4515276",Dortmund,Wittekindstraße 30 44139 Dortmund,"Ausbildung Fachinformatiker (m/w/d) Anwendungsentwicklung

Du erhältst einen ganzheitlichen Einblick in den Alltag der Softwareentwicklung und hast Spaß daran, Neues zu lernen. Du analysierst betriebliche Prozesse sowie kundenbezogene Rahmenbedienungen und denkst gerne lösungsorientiert. Du wirst frühzeitig in das Team und in reale Projekte eingebunden und arbeitest gerne im Team zusammen. Du übernimmst schrittweise Verantwortung in laufenden Projekten und wächst daran fachlich wie persönlich. Du arbeitest an produktiven Lösungen statt an ,,Entwicklung für die Schublade"" und fühlst Dich durch sinnvolle Aufgaben motiviert. Du leistet einen direkten Beitrag zum Projekterfolg und zum Erfolg des Unternehmens und bist stolz auf Deinen Beitrag.
Was wir uns von Dir wünschen
Du die Fachhochschulreife oder einen höheren Abschluss erlangt hast. Du Dein Studium der (Wirtschafts-)Informatik abgebrochen hast. Du über ein ausgeprägtes logisches Denkvermögen verfügst. Du in Deiner Freizeit bereits am eigenen Code getüftelt oder im Praktikum erste Einblicke in die Softwareentwicklung gewonnen hast. Du über sehr gute Deutschkenntnisse verfügst.
Was wir Dir bieten
Strukturierte Ausbildungs-Roadmap Individuelle Förderung Support durch unser erfahrenes Ausbilderteam für Deinen Erfolg Azubi Meet up Eigenverantwortliches und agiles Arbeiten Konstruktive Feedback- und Fehlerkultur Top Hardware-Ausstattung, höhenverstellbare Schreibtische, ergonomische Stühle und Ultra-Wide-Monitore Betriebliche Altersvorsorge und Vermögenswirksame Leistungen Firmenfahrten und -ausflüge an tolle Orte Firmenfahrten wie Team- und Sportevents, Spielezirkel und vieles mehr",,,Ausbildung | Fachinformatiker (m/w/d) Anwendungsentwicklung,ae,,,,,empty,,https://www.quinscape.de/,https://www.quinscape.de/,https://www.quinscape.de/,externe,,,,stepstone_de,https://www.stepstone.de/stellenangebote--Ausbildung-Fachinformatiker-m-w-d-Anwendungsentwicklung-Dortmund-Dataciders-GmbH--14099384-inline.html,False,,47,,,,2026-06-12T21:22:06.649030+00:00
STEP-13982836,stepstone_de_dpa,Industrie- und Handelskammer zu Köln,,Gummersbach,"Gummersbach, Deutschland Gummersbach","Ausbildung Fachinformatiker in Gummersbach bzw. Wiehl

Fachinformatiker/innen der Fachrichtung Anwendungsentwicklung entwickeln und programmieren für ihre Kunden kundenspezifische Software. Bestehende Anwendungen werden von ihnen getestet und bei Bedarf an die Bedürfnisse der Kunden angepasst. Zu ihren Aufgaben gehört auch das entwickeln von anwendungsgerechten Bedienoberflächen. Sie haben Experten- und Diagnosesysteme mit denen sie vorhandene Fehler beheben. Das Schulen und Betreuen der Kunden gehört ebenfalls zu den Aufgaben der Fachinformatiker und Fachinformatikerinnen.
Ihr Profil
Die Ausbildung:
Unsere Erwartungen:
mittlerer Bildungsabschluss oder Abitur mit guten Leistungen in Mathematik und Physik
gute allgemeine PC Kenntnisse
gute Englischkenntnisse
Mehr Infos unter:
Fachrichtung: Anwendungsentwicklung
Die Ausbildung dauert in der Regel 3 Jahre. Bei entsprechenden Leistungen ist eine Verkürzung auf 2 ½ Jahre möglich. Nach ca. 1 Jahr erfolgt eine Zwischenprüfung. Nach Ihrer Ausbildung sind Sie in der Lage, eine interessante und qualifizierte Tätigkeit im ITBereich unseres Unternehmens auszuführen. Weitere Informationen erhalten Sie auch im Internet , z.B. auf der Webseite der IHK Köln ( www.ihk-koeln.de ).

Wir bieten gute Sozialleistungen, angenehmes Betriebsklima und die Möglichkeit zur beruflichen Weiterbildung in eine zukunftsweisende Technik. Eine von erfahrenen Mitarbeitern unterstützte Ausbildung ist selbstverständlich.",,,Ausbildung | Fachinformatiker in Gummersbach bzw. Wiehl,ae,,"Wir bieten gute Sozialleistungen, angenehmes Betriebsklima und die Möglichkeit zur beruflichen Weiterbildung in eine zukunftsweisende Technik. Eine von erfahrenen Mitarbeitern unterstützte Ausbildung ist selbstverständlich.",,,empty,,https://www.ihk-koeln.de/,https://www.ihk-koeln.de/,https://www.ihk-koeln.de/,externe,,,,stepstone_de,https://www.stepstone.de/stellenangebote--Ausbildung-Fachinformatiker-in-Gummersbach-bzw-Wiehl-Gummersbach-Deutschland-Industrie-und-Handelskammer-zu-Koeln--13982836-inline.html,False,,47,,,,2026-06-12T21:21:02.052819+00:00
STEP-14077883,stepstone_de_dpa,Jet Systems GmbH,,Köln,Köln Köln,"Ausbildung 2026 - Fachinformatiker für Anwendungsentwicklung (m/w/d)

Das erwartet dich
In 2,5 bis 3 Jahren wirst du vom Einsteiger zur gefragten Entwickler im ERP-Umfeld. Du programmierst mit TypeScript, C#, Java und SQL , entwirfst Reports und Industrie-Labels, passt Software an und schulst die Anwender. Deine Ausbildung startet am 31.08.2026 in Limburg, Berufsschule ist di Friedrich-Dessauer-Schule e . Vom ersten Tag an arbeitest du an echten Projekten mit – nicht nur in der Theorie.
Warum du zu uns passt
Du hast Spaß am Programmieren oder möchtest es richtig lernen. Analytisches Denken, Kreativität und der Drang, Probleme zu lösen, gehören zu dir. Du arbeitest gern im Team, kannst aber auch selbstständig Projekte voranbringen. Gute Deutsch- und Englischkenntnisse helfen dir dabei.
Was du davon hast
Unbefristet • Vollzeit
Übernahmegarantie bei guten Leistungen
Intensive Einarbeitung durch erfahrene Entwickler, Berater und Administratoren
Familiäres Team und direkte Kommunikation
Moderne Arbeitsumgebung mit neuester Technik
Spannende Projekte, bei denen du siehst, was dein Code bewirkt",,,Ausbildung | 2026 - Fachinformatiker für Anwendungsentwicklung (m/w/d),ae,,,,,empty,,https://twitter.com/stepstone_de,https://twitter.com/stepstone_de,https://twitter.com/stepstone_de,externe,"Kontakt
Bewirb dich jetzt
info@et-systems.de
Kaweh Bayatzadeh",,,stepstone_de,https://www.stepstone.de/stellenangebote--Ausbildung-2026-Fachinformatiker-fuer-Anwendungsentwicklung-m-w-d-Koeln-Jet-Systems-GmbH--14077883-inline.html,False,,47,2026,8,2026-08-31,2026-06-12T21:14:12.595755+00:00
STEP-14081724,stepstone_de_dpa,DATAGROUP,"53.561012,10.002914",Hamburg,20097 Hamburg,"Ausbildung zum Fachinformatiker (all genders) für Systemintegration

DATAGROUP ist einer der führenden deutschen IT-Dienstleister – dank unseres engagierten Teams. Unsere Leidenschaft für Technologie und Innovation ermöglicht es uns, unseren Kunden verlässliche IT-Services zu liefern. Bei uns erwartet Dich ein fesselndes und anspruchsvolles Aufgabengebiet in einem innovativen Unternehmen. Eine offene Unternehmenskultur, individuelle Weiterbildungsmöglichkeiten und vielfältige Entwicklungschancen bedeuten einen Arbeitsplatz, maßgeschneidert für Dich und Dein Leben.
Ausbildung zum Fachinformatiker (all genders) für Systemintegration
BITHH_2026_A
Aufgaben
IT-Begeisterte gesucht! Dir ist eine qualitativ hochwertige Ausbildung wichtig und Du suchst einen erstklassigen Ausbildungsbetrieb, der Dich auf diesem Weg begleitet? Dann bewirb Dich jetzt und starte am 01.09.2026 Deine spannende und abwechslungsreiche Ausbildung bei DATAGROUP. Wir machen Dich fit für Deine berufliche Zukunft.
Du durchläufst sämtliche relevanten Abteilungen eines IT-Outsourcing-Dienstleisters und erwirbst dabei fundierte technische Kenntnisse und wirst praxisorientiert ins Tagesgeschäft einbezogen
Du lernst das Konfigurieren von Netzwerken und Firewalls
Du erlernst u. a. die Administration von Servern, zentralen Infrastrukturkomponenten, Datenbanken und Cloud-Betrieb
Du arbeitest aktiv in Kundenprojekten mit und wirst neue IT-Lösungen für unsere Kunden designen und umsetzen
Du erhältst Einblicke in weitere Themen, wie z. B. ITIL-Prozesse, IT-Security, Datensicherheit und DSGVO
Skills
Du verfügst über ein erfolgreich abgeschlossenes (Fach-) Abitur oder einen guten Realschulabschluss
Du bringst ein gutes technisches und logisches Verständnis sowie IT-Grundwissen mit
Du begeisterst Dich für die Arbeit im IT-Umfeld und neue Technologien
Du arbeitest gern im Team, bist aber auch in der Lage, Aufgaben eigenverantwortlich zu lösen

Sehr gute Deutschkenntnisse runden Dein Profil ab

Was wir bieten
Übernahmemöglichkeit / Zukunft Unser Ziel ist es, Dich nach erfolgreichem Abschluss Deiner Ausbildung zum Fachinformatiker Systemintegration (all genders) in ein unbefristetes Arbeitsverhältnis zu übernehmen. Hierbei sind uns sowohl Dein Auftreten, Deine betrieblichen und schulischen Leistungen sowie die Abschlussprüfung äußerst wichtig. Bei uns erhältst Du eine erstklassige Ausbildung mit flachen Hierarchien, schlanken Entscheidungswegen sowie einer offenen und partnerschaftlichen Gesprächs- und Unternehmenskultur.
Individueller Durchlaufplan Bei uns erhältst Du Deinen eigenen, strukturierten Durchlaufplan inklusive individueller Betreuung durch Deine Ausbilderin sowie regelmäßiger Feedbackgespräche. Wir unterstützen und fördern Deine Interessen sowie Deine persönliche und berufliche Weiterentwicklung durch bspw. Schulungsangebote.
Erreichbarkeit / Ausstattung Sehr gute Verkehrsanbindung mit Bahn, Bus und Auto inklusive kostenloser Parkmöglichkeit. Modern ausgestattetes Office in zentraler Lage mit höhenverstellbaren Schreibtischen, zwei Monitoren am Arbeitsplatz. Wir bieten Dir ein Test-Umfeld, in dem Du Dich und die Technik ausprobieren kannst.
Spaß Wer arbeitet, muss auch Pause machen. Wir fördern den abteilungsinternen und unternehmensweiten Teamgedanken durch regelmäßige Events, wie Sommerfeste, Weihnachtsfeiern, Grillen im Büro, gemeinsame Frühstücks- und/oder Mittagspausen oder aber auch Film- / Nintendo-Switch-Abende.
Ausbildungsvergütung / Urlaub
1. Ausbildungsjahr: 950,00 €
2. Ausbildungsjahr: 1.050,00 €
3. Ausbildungsjahr: 1.150,00 €
Urlaub: 30 Tage pro Kalenderjahr
Wir freuen uns auf Dich","950,00 €, 1.050,00 €, 1.150,00 €",Sehr gute Deutschkenntnisse runden Dein Profil ab,Ausbildung | zum Fachinformatiker (all genders) für Systemintegration,dpa,,"Was wir bieten
Übernahmemöglichkeit / Zukunft Unser Ziel ist es, Dich nach erfolgreichem Abschluss Deiner Ausbildung zum Fachinformatiker Systemintegration (all genders) in ein unbefristetes Arbeitsverhältnis zu übernehmen. Hierbei sind uns sowohl Dein Auftreten, Deine betrieblichen und schulischen Leistungen sowie die Abschlussprüfung äußerst wichtig. Bei uns erhältst Du eine erstklassige Ausbildung mit flachen Hierarchien, schlanken Entscheidungswegen sowie einer offenen und partnerschaftlichen Gesprächs- und Unternehmenskultur.
Individueller Durchlaufplan Bei uns erhältst Du Deinen eigenen, strukturierten Durchlaufplan inklusive individueller Betreuung durch Deine Ausbilderin sowie regelmäßiger Feedbackgespräche. Wir unterstützen und fördern Deine Interessen sowie Deine persönliche und berufliche Weiterentwicklung durch bspw. Schulungsangebote.
Erreichbarkeit / Ausstattung Sehr gute Verkehrsanbindung mit Bahn, Bus und Auto inklusive kostenloser Parkmöglichkeit. Modern ausgestattetes Office in zentraler Lage mit höhenverstellbaren Schreibtischen, zwei Monitoren am Arbeitsplatz. Wir bieten Dir ein Test-Umfeld, in dem Du Dich und die Technik ausprobieren kannst.
Spaß Wer arbeitet, muss auch Pause machen. Wir fördern den abteilungsinternen und unternehmensweiten Teamgedanken durch regelmäßige Events, wie Sommerfeste, Weihnachtsfeiern, Grillen im Büro, gemeinsame Frühstücks- und/oder Mittagspausen oder aber auch Film- / Nintendo-Switch-Abende.
Ausbildungsvergütung / Urlaub
1. Ausbildungsjahr: 950,00 €
2. Ausbildungsjahr: 1.050,00 €
3. Ausbildungsjahr: 1.150,00 €
Urlaub: 30 Tage pro Kalenderjahr
Wir freuen uns auf Dich",,,empty,,https://twitter.com/stepstone_de,https://twitter.com/stepstone_de,https://twitter.com/stepstone_de,externe,"Dein Kontakt für alle Fragen rund um Deine Bewerbung bei DATAGROUP:
Ansprechpartner:
Julia Marschewski
Recruiterin
T +49 40 8540 4246
» Zum Bewerbungsformular","Findest Du Dich in der Stellenanzeige wieder? Dann freuen wir uns auf Deine vollständigen Bewerbungsunterlagen (inklusive Anschreiben, Lebenslauf und relevante Zeugnisse).",,stepstone_de,https://www.stepstone.de/stellenangebote--Ausbildung-zum-Fachinformatiker-all-genders-fuer-Systemintegration-Hamburg-DATAGROUP--14081724-inline.html,False,,80,2026,9,2026-09-01,2026-06-12T21:29:34.222716+00:00
STEP-13620443,stepstone_de_dpa,GVV Versicherungen,"50.93798,6.864861",Köln,Aachener Straße 952-958 50933 Köln,"Ausbildung zum Fachinformatiker (m/w/d) für Daten- und Prozessanalyse

Wir versichern dir eine Ausbildung, die wirklich Spaß macht! Von Anfang an bist du mittendrin statt nur dabei: Du arbeitest an echten Aufgaben, bekommst Verantwortung und wirst dabei von erfahrenen Kolleginnen und Kollegen begleitet. Regelmäßiges Feedback, persönliche Unterstützung und eine top Vorbereitung auf deine Abschlussprüfung gehören für uns selbstverständlich dazu. Und das Beste: Deine Chancen auf eine Übernahme stehen sehr gut.
Begleite die Analyse und Auswertung von Daten und trage so zur schrittweisen Optimierung unserer Geschäftsprozesse bei
Unterstütze im Team bei der Modellierung, Dokumentation und Weiterentwicklung von Arbeits- und IT-Prozessen
Sei von Anfang an aktiv dabei und wirke an spannenden Digitalisierungs- und Automatisierungsprojekten mit

Begleite die Erhebung, Analyse und Strukturierung von Anforderungen gemeinsam mit den Fachbereichen
Unterstütze bei der Erstellung von Datenmodellen, Auswertungen und einfachen Reports
Arbeite im Team mit und lerne dabei gängige Projektmanagement-Methoden sowie Qualitätssicherungsmaßnahmen kennen
Dein Profil:
Du hast Lust, dich weiterzuentwickeln, bist motiviert, von Profis zu lernen, und begreifst neue Zusammenhänge schnell – was du bereits mit einem guten Schulabschluss unter Beweis gestellt hast. Du bist zuverlässig, hast eine schnelle Auffassungsgabe, findest dich zügig in neue Systeme ein und bringst idealerweise Interesse an Daten- und Prozessanalysen mit. Zudem arbeitest du gerne im Team, bringst dich aktiv ein und schätzt den gemeinsamen Erfolg.

Das bieten wir dir:
Work-Life-Balance
Flexible Arbeitszeiten
30 Tage Urlaub & zusätzliche freie Tage
Mobiles Arbeiten
Finanzielle Vorteile
1.441 € Vergütung
Weihnachts-& Urlaubsgeld
Abschlussprämie
Betriebliche Altersvorsorge
Und noch mehr für dich
Kostenfreie Tiefgarage
Zuschuss zum Deutschland-Ticket
Überbetrieblicher Unterricht
Kantine
Du hast Lust, Teil unseres Teams zu werden?",1.441 €,"Begleite die Erhebung, Analyse und Strukturierung von Anforderungen gemeinsam mit den Fachbereichen
Unterstütze bei der Erstellung von Datenmodellen, Auswertungen und einfachen Reports
Arbeite im Team mit und lerne dabei gängige Projektmanagement-Methoden sowie Qualitätssicherungsmaßnahmen kennen
Dein Profil:
Du hast Lust, dich weiterzuentwickeln, bist motiviert, von Profis zu lernen, und begreifst neue Zusammenhänge schnell – was du bereits mit einem guten Schulabschluss unter Beweis gestellt hast. Du bist zuverlässig, hast eine schnelle Auffassungsgabe, findest dich zügig in neue Systeme ein und bringst idealerweise Interesse an Daten- und Prozessanalysen mit. Zudem arbeitest du gerne im Team, bringst dich aktiv ein und schätzt den gemeinsamen Erfolg.",Ausbildung | zum Fachinformatiker (m/w/d) für Daten- und Prozessanalyse,dpa,,"Das bieten wir dir:
Work-Life-Balance
Flexible Arbeitszeiten
30 Tage Urlaub & zusätzliche freie Tage
Mobiles Arbeiten
Finanzielle Vorteile
1.441 € Vergütung
Weihnachts-& Urlaubsgeld
Abschlussprämie
Betriebliche Altersvorsorge
Und noch mehr für dich
Kostenfreie Tiefgarage
Zuschuss zum Deutschland-Ticket
Überbetrieblicher Unterricht
Kantine
Du hast Lust, Teil unseres Teams zu werden?",,,empty,,https://twitter.com/stepstone_de,https://twitter.com/stepstone_de,https://twitter.com/stepstone_de,externe,,"Dann freuen wir uns über deine Bewerbung inklusive Lebenslauf, Motivationsschreiben und Anlagen.
Jetzt bewerben
GVV Versicherungen
Margaux Herdalot
Aachener Straße 952-958 | 50933 Köln",,stepstone_de,https://www.stepstone.de/stellenangebote--Ausbildung-zum-Fachinformatiker-m-w-d-fuer-Daten-und-Prozessanalyse-Koeln-GVV-Versicherungen--13620443-inline.html,False,,73,,,,2026-06-12T21:38:48.923887+00:00
STEP-14141102,stepstone_de_dpa,anaptis GmbH,,Münster,Münster Münster,"Ausbildung zum Fachinformatiker/-in für Daten- und Prozessanalyse (w/m/d)

Deine Aufgaben
Fachinformatiker/-innen (w/m/d) für Daten- und Prozessanalyse analysieren Geschäftsprozesse und Datenflüsse und helfen dabei, digitale Lösungen effizienter und intelligenter zu gestalten. Jeder Tag bringt neue Fragestellungen und du lernst stetig dazu. Nach deiner Einarbeitung umfasst dein Aufgabenfeld unter anderem:
Du analysierst Unternehmensprozesse und identifizierst Optimierungs- und Automatisierungspotenziale
Du arbeitest mit Daten aus unterschiedlichen Systemen, bereitest sie auf und wertest sie aus
Du modellierst und dokumentierst Prozesse und Datenflüsse
unterstützt bei der Einführung und Weiterentwicklung datenbasierter Lösungen
testest, überprüfst und verbesserst bestehende Prozesse und Auswertungen
Mit zunehmender Erfahrung: Du berätst unsere Kundschaft bei daten- und prozessbezogenen Fragestellungen eigenständig und vertrauensvoll
Ihr Profil

Dein Profil
Wir suchen Menschen, keine Abschlüsse. Hier sind ein paar hilfreiche Voraussetzungen, um bei uns erfolgreich zu sein:
Abitur oder Fachhochschulreife
IT, Daten, Digitalisierung und Geschäftsprozessen
Denkvermögen
Sorgfalt
Deutsch
Das wäre wirklich klasse (kein Muss):
erste Berührungspunkte mit Daten, Tabellen, Auswertungen oder IT‑Systemen
Grundverständnis für betriebliche Abläufe

Wir bieten
Entwicklung & Consulting, Forschung
ab August 2027
Münster, Würzburg
Du bist von der Stellenbeschreibung begeistert, glaubst allerdings, dass du die Angaben nicht zu 100 % erfüllen kannst? Das macht gar nichts! Die fehlenden Prozente gehen wir gemeinsam an.
Gehalt während der Ausbildung
Du fragst dich sicher, wie viel du als Auszubildende/-r verdienst: Als Fachinformatiker/-in jeder Fachrichtung im ersten Jahr etwa 950 € monatlich (2. Jahr: ca. 1.000 €, 3. Jahr: ca. 1.100 €). Genauere Infos findest du beim .Bundesinstitut für Berufsbildung
Darum solltest du bei anaptis arbeiten:
Deine
Echte Praxis statt trockener Theorie
Bei uns entwickelst du echte Lösungen, die im Unternehmen was bewegen. Wir nehmen dich von Tag eins an mit in die Praxis.
Begleitung auf Augenhöhe
Du bekommst feste Ansprechpersonen, ehrliches Feedback und jede Menge Unterstützung – ganz ohne steife Förmlichkeiten.
Flexibilität & Freiraum
Arbeitszeiten, Themenbereiche und Tempo passen wir gemeinsam an deine und unsere Bedürfnisse an. So bleibst du im Flow – und im Zeitplan.
Perspektive nach dem Abschluss
Nach der Arbeit ist vor der Arbeit: Wenn wir gut zusammenpassen, ist die Ausbildung vielleicht erst der Anfang deiner Reise mit uns!
Wie ist es, bei uns zu arbeiten?
Wir machen nicht nur andere Unternehmen besser, sondern auch uns: Wir pflegen ein lockeres Verhältnis. Wir schätzen und vertrauen einander, achten auf uns und halten zusammen. Und was uns noch ganz wichtig ist: Egal, wie groß wir werden, die Startup-Kultur bleibt. Verschaffe dir selbst einen Überblick!
Wer arbeitet bei anaptis?
Bei uns treffen vielfältige Erfahrungen, Talente und Charaktere aufeinander. Wir bieten ein integratives Arbeitsumfeld, in dem Vielfalt unsere Stärke ist. Jeder erhält bei uns die Chance, persönlich und beruflich zu wachsen – unabhängig von Geschlecht, Lebenssituation, Orientierung, Religion, Alter, Herkunft oder Bildung.","950 €, 1.000 €, 1.100 €","Dein Profil
Wir suchen Menschen, keine Abschlüsse. Hier sind ein paar hilfreiche Voraussetzungen, um bei uns erfolgreich zu sein:
Abitur oder Fachhochschulreife
IT, Daten, Digitalisierung und Geschäftsprozessen
Denkvermögen
Sorgfalt
Deutsch
Das wäre wirklich klasse (kein Muss):
erste Berührungspunkte mit Daten, Tabellen, Auswertungen oder IT‑Systemen
Grundverständnis für betriebliche Abläufe",Ausbildung | zum Fachinformatiker/-in für Daten- und Prozessanalyse (w/m/d),dpa,,"Wir bieten
Entwicklung & Consulting, Forschung
ab August 2027
Münster, Würzburg
Du bist von der Stellenbeschreibung begeistert, glaubst allerdings, dass du die Angaben nicht zu 100 % erfüllen kannst? Das macht gar nichts! Die fehlenden Prozente gehen wir gemeinsam an.
Gehalt während der Ausbildung
Du fragst dich sicher, wie viel du als Auszubildende/-r verdienst: Als Fachinformatiker/-in jeder Fachrichtung im ersten Jahr etwa 950 € monatlich (2. Jahr: ca. 1.000 €, 3. Jahr: ca. 1.100 €). Genauere Infos findest du beim .Bundesinstitut für Berufsbildung
Darum solltest du bei anaptis arbeiten:
Deine
Echte Praxis statt trockener Theorie
Bei uns entwickelst du echte Lösungen, die im Unternehmen was bewegen. Wir nehmen dich von Tag eins an mit in die Praxis.
Begleitung auf Augenhöhe
Du bekommst feste Ansprechpersonen, ehrliches Feedback und jede Menge Unterstützung – ganz ohne steife Förmlichkeiten.
Flexibilität & Freiraum
Arbeitszeiten, Themenbereiche und Tempo passen wir gemeinsam an deine und unsere Bedürfnisse an. So bleibst du im Flow – und im Zeitplan.
Perspektive nach dem Abschluss
Nach der Arbeit ist vor der Arbeit: Wenn wir gut zusammenpassen, ist die Ausbildung vielleicht erst der Anfang deiner Reise mit uns!
Wie ist es, bei uns zu arbeiten?
Wir machen nicht nur andere Unternehmen besser, sondern auch uns: Wir pflegen ein lockeres Verhältnis. Wir schätzen und vertrauen einander, achten auf uns und halten zusammen. Und was uns noch ganz wichtig ist: Egal, wie groß wir werden, die Startup-Kultur bleibt. Verschaffe dir selbst einen Überblick!
Wer arbeitet bei anaptis?
Bei uns treffen vielfältige Erfahrungen, Talente und Charaktere aufeinander. Wir bieten ein integratives Arbeitsumfeld, in dem Vielfalt unsere Stärke ist. Jeder erhält bei uns die Chance, persönlich und beruflich zu wachsen – unabhängig von Geschlecht, Lebenssituation, Orientierung, Religion, Alter, Herkunft oder Bildung.",,,empty,,https://twitter.com/stepstone_de,https://twitter.com/stepstone_de,https://twitter.com/stepstone_de,externe,"Kontakt
Bewirb dich für eine Fachinformatiker/-in-Ausbildung!","Du bist begeistert von unserer Stellenausschreibung? Dann fackel nicht lange und schicke uns jetzt deine Bewerbung – sprich dein Anschreiben, deinen Lebenslauf und (Arbeits-) Zeugnisse zu. Wir freuen uns darauf, von dir zu lesen!",,stepstone_de,https://www.stepstone.de/stellenangebote--Ausbildung-zum-Fachinformatiker-in-fuer-Daten-und-Prozessanalyse-w-m-d-Muenster-anaptis-GmbH--14141102-inline.html,False,,73,2027,8,,2026-06-12T21:35:56.826173+00:00
STEP-13887807,stepstone_de_dpa,Dickow Pumpen GmbH & Co. KG,,84478 Waldkraiburg,"84478 Waldkraiburg, Deutschland 84478 Waldkraiburg","Auszubildende zum Fachinformatiker (m/w/d) ab 01.09.2027

Ihre Aufgaben
IT-relevante Geschäftsprozesse analysieren
IT-Projekte planen, durchführen und kontrollieren
IT-Nutzer beraten und schulen
IT-Systeme administrieren
Applikations- und Datenbankentwicklung
Ihr Profil
Das erwartet Dich:
3-jährige Ausbildung
Fachrichtung: (Anwendungsentwicklung / Daten- und Prozessanalyse / Digitale Vernetzung/ Systemintegration)

Das solltest Du mitbringen:
Erfolgreicher Schulabschluss mit Mittlerer Reife / (Fach-) Abitur
Gute Leistungen in den Fächern Informatik und Englisch
Logisches Denkvermögen und Kreativität
Zielorientierung, Aufgeschlossenheit und Eigeninitiative
Was uns wichtig ist:
Offen, freundlich und teamorientiert - Du hast Freude am Umgang mit Menschen, bringst Dich aktiv ein und lernst gern Neues, um gemeinsam mit uns für zufriedene Kundinnen und Kunden zu sorgen.

Wir bieten Dir:
Einen attraktiven und sicheren Ausbildungsplatz in einem mittelständisch geprägten Familienunternehmen mit über 115-jähriger Tradition und starker Zukunftsorientierung
Eine wertschätzende und kommunikative Unternehmenskultur
Leistungsgerechte Vergütung in Anlehnung an den Tarifvertrag der IG Metall Bayern
Urlaubs- und Weihnachtsgeld
Zusätzliche übertarifliche Leistungen sowie Beteiligung am Unternehmenserfolg
35 Stunden Woche / 30 Tages Jahresurlaub / Notenprämie / Fahrgeldzuschuss
Vergünstigungen und Mitarbeiterrabatte
Mitarbeiter-Benefits: Fitnessstudiozuschuss, Firmen-Events
Unterstützung bei der Vorbereitung zur Zwischen- und Abschlussprüfung",,"Das solltest Du mitbringen:
Erfolgreicher Schulabschluss mit Mittlerer Reife / (Fach-) Abitur
Gute Leistungen in den Fächern Informatik und Englisch
Logisches Denkvermögen und Kreativität
Zielorientierung, Aufgeschlossenheit und Eigeninitiative
Was uns wichtig ist:
Offen, freundlich und teamorientiert - Du hast Freude am Umgang mit Menschen, bringst Dich aktiv ein und lernst gern Neues, um gemeinsam mit uns für zufriedene Kundinnen und Kunden zu sorgen.",Ausbildung | Auszubildende zum Fachinformatiker (m/w/d) ab 01.09.2027,dpa,,"Wir bieten Dir:
Einen attraktiven und sicheren Ausbildungsplatz in einem mittelständisch geprägten Familienunternehmen mit über 115-jähriger Tradition und starker Zukunftsorientierung
Eine wertschätzende und kommunikative Unternehmenskultur
Leistungsgerechte Vergütung in Anlehnung an den Tarifvertrag der IG Metall Bayern
Urlaubs- und Weihnachtsgeld
Zusätzliche übertarifliche Leistungen sowie Beteiligung am Unternehmenserfolg
35 Stunden Woche / 30 Tages Jahresurlaub / Notenprämie / Fahrgeldzuschuss
Vergünstigungen und Mitarbeiterrabatte
Mitarbeiter-Benefits: Fitnessstudiozuschuss, Firmen-Events
Unterstützung bei der Vorbereitung zur Zwischen- und Abschlussprüfung",,,empty,,https://twitter.com/stepstone_de,https://twitter.com/stepstone_de,https://twitter.com/stepstone_de,externe,"Kontakt
Dein Weg zu uns:
Bewirb Dich direkt online unter: https://dickow.de/index.php/de/ueber-dickow-pumpen/karriere/ausbildung
Oder kontaktiere uns bei Fragen - wir sind gerne für Dich da.
Ihre Ansprechpartnerin
Frau Susanna Lohmayer
Kontakt
Dickow Pumpen GmbH & Co. KG Siemensstraße 2 2 84478 Waldkraibu burg +49 8638 karriere@dickow.team 8 602-0",Haben wir Dein Interesse geweckt? Dann freuen wir uns über Deine aussagekräftigen Bewerbungsunterlagen!,,stepstone_de,https://www.stepstone.de/stellenangebote--Auszubildende-zum-Fachinformatiker-m-w-d-ab-01-09-2027-84478-Waldkraiburg-Deutschland-Dickow-Pumpen-GmbH-Co-KG--13887807-inline.html,False,,67,2027,9,2027-09-01,2026-06-12T21:42:31.838306+00:00
STEP-14091091,stepstone_de_dpa,Mercedes-Benz AG,"52.5167,13.4",Berlin,Daimlerstr. 143 12277 Berlin,"Ausbildung zum Fachinformatiker Fachrichtung Daten- und Prozessanalyse (w/m/d), Mercedes-Benz AG, Werk Berlin, Ausbildungsbeginn 01.09.2027

Bewerben Sie sich bei Mercedes-Benz und finden Sie den Aufgabenbereich, in dem Sie Ihre Talente individuell entfalten können. Dabei werden Sie von visionären Kolleginnen und Kollegen unterstützt, die Ihren Pioniergeist teilen. Bei uns einzusteigen bedeutet, Teil eines globalen Teams zu werden, dessen Ziel es ist, die begehrenswertesten Automobile der Welt zu bauen. Together for excellence.
Stellennummer: MER00042MO
Aufgaben
Verknüpfe Ideen mit Prozessen
Du bist von unseren Fahrzeugen ebenso begeistert, wie von den Daten und Prozessen? Dann lernst du in dieser Ausbildung viele neue, spannende IT-Challenges kennen.
Deine Aufgaben
Analysieren von Arbeits- und Geschäftsprozessen
Analysieren von Datenquellen und Bereitstellen von Daten
Nutzen der Daten zur Optimierung von Produktions-, Arbeits- und Geschäftsprozessen sowie zur Anpassung digitaler Produktions- und Geschäftsmodelle
Umsetzen der Datenschutz- sowie der Datensicherheitsvorschriften
Qualifikationen
Gute Computerkenntnisse
Solide Kenntnisse in Mathematik
Gute deutsche und englische Sprachkenntnisse
Kaufmännisches Grundverständnis
Verantwortungsbewusstsein und Sorgfältigkeit
Zusätzliche Informationen:
Für deine Bewerbung solltest du mindestens einen guten MSA Abschluss mitbringen. Wenn du bei uns durchstartest, erwartet dich eine attraktive Vergütung von 1.272 Euro im ersten Ausbildungsjahr bis zu 1.402 Euro im letzten Jahr (je nach Standort). Schließt du deine Ausbildung erfolgreich ab, hast du bei uns beste Übernahmechancen.
Wir freuen uns insbesondere über Bewerbungen von Menschen mit Behinderung. Unter sbv-berlin-marienfelde@mercedes-benz.com kannst du dich zudem an die Schwerbehindertenvertretung des Standorts wenden, die dich gerne im weiteren Bewerbungsprozess unterstützt.
#Fachinformatiker

Benefits
Essens­zulagen
Mit­arbeiter­handy möglich
Mit­arbeiter­rabatte möglich
Mit­arbeiter­beteili­gung möglich
Mit­arbeiter Events
Coaching
Flexible Arbeits­zeit möglich
Hybrides Arbeiten möglich
Gesund­heits­maß­nahmen
Betrieb­liche Alters­ver­sorgung
Mobilitäts­angebote
Kinder­betreuung
Park­platz
Kantine, Café
Gute An­bindung
Betriebs­arzt
Barriere­frei­heit",,,"Ausbildung | zum Fachinformatiker Fachrichtung Daten- und Prozessanalyse (w/m/d), Mercedes-Benz AG, Werk Berlin, Ausbildungsbeginn 01.09.2027",dpa,,"Benefits
Essens­zulagen
Mit­arbeiter­handy möglich
Mit­arbeiter­rabatte möglich
Mit­arbeiter­beteili­gung möglich
Mit­arbeiter Events
Coaching
Flexible Arbeits­zeit möglich
Hybrides Arbeiten möglich
Gesund­heits­maß­nahmen
Betrieb­liche Alters­ver­sorgung
Mobilitäts­angebote
Kinder­betreuung
Park­platz
Kantine, Café
Gute An­bindung
Betriebs­arzt
Barriere­frei­heit",,,empty,sbv-berlin-marienfelde@mercedes-benz.com,mailto:sbv-berlin-marienfelde@mercedes-benz.com,mailto:sbv-berlin-marienfelde@mercedes-benz.com,mailto:sbv-berlin-marienfelde@mercedes-benz.com,externe,"Kontakt
Petra Gross
Email: info.ausbildung@mercedes-benz.com
Mercedes-Benz Plant Berlin, Berlin
Daimlerstr. 143
12277 Berlin",,,stepstone_de,https://www.stepstone.de/stellenangebote--Ausbildung-zum-Fachinformatiker-Fachrichtung-Daten-und-Prozessanalyse-w-m-d-Mercedes-Benz-AG-Werk-Berlin-Ausbildungsbeginn-01-09-2027-Berlin-Mercedes-Benz-AG--14091091-inline.html,False,,67,2027,9,2027-09-01,2026-06-12T21:27:01.438739+00:00
STEP-14088756,stepstone_de_dpa,cirromed GmbH,,Darmstadt,Darmstadt Darmstadt,"Ausbildung Fachinformatiker/-in Daten- und Prozessanalyse (m/w/d)

Das solltest Du mitbringen:
Fachhochschulreife oder Abitur
gute schriftliche und mündliche Ausdrucksweise
Teamfähigkeit, Aufgeschlossenheit, Kreativität und Flexibilität, Wissensdurst
Erste praktische Erfahrungen im Bereich IT, insbesondere Programmiersprachen
gute Noten in Mathematik, Informatik und Naturwissenschaften sind von Vorteil

Darauf kannst Du dich freuen:
Teil eines Teams bestehend aus Auszubildenden, ehemaligen Auszubildenden, Mentoren und motivierten Kollegen
Moderne Programmiersprachen und bewährte Programmierparadigmen
Interne Weiterbildungsangebote
Flexibles Umfeld mit Home-Office-Möglichkeiten
Gute Erreichbarkeit mit dem ÖPNV (8 Min. Fußweg vom Darmstädter Hauptbahnhof)",,"Das solltest Du mitbringen:
Fachhochschulreife oder Abitur
gute schriftliche und mündliche Ausdrucksweise
Teamfähigkeit, Aufgeschlossenheit, Kreativität und Flexibilität, Wissensdurst
Erste praktische Erfahrungen im Bereich IT, insbesondere Programmiersprachen
gute Noten in Mathematik, Informatik und Naturwissenschaften sind von Vorteil",Ausbildung | Fachinformatiker/-in Daten- und Prozessanalyse (m/w/d),dpa,,"Darauf kannst Du dich freuen:
Teil eines Teams bestehend aus Auszubildenden, ehemaligen Auszubildenden, Mentoren und motivierten Kollegen
Moderne Programmiersprachen und bewährte Programmierparadigmen
Interne Weiterbildungsangebote
Flexibles Umfeld mit Home-Office-Möglichkeiten
Gute Erreichbarkeit mit dem ÖPNV (8 Min. Fußweg vom Darmstädter Hauptbahnhof)",,,empty,,https://twitter.com/stepstone_de,https://twitter.com/stepstone_de,https://twitter.com/stepstone_de,externe,Kontakt,"Deine Bewerbung mit Lebenslauf und Zeugnissen im PDF-Format sende bitte per E-Mail an: jobs@cirromed.de freut sich auf
Frau Vater Deine Bewerbung. Bei der Kommun
ikation per E-Mail gelten die gleichen wie auf unser Datenschutzrichtliniener Website.",,stepstone_de,https://www.stepstone.de/stellenangebote--Ausbildung-Fachinformatiker-in-Daten-und-Prozessanalyse-m-w-d-Darmstadt-cirromed-GmbH--14088756-inline.html,False,,67,,,,2026-06-12T21:20:49.543139+00:00
STEP-14075155,stepstone_de_dpa,SMF GmbH,,Dortmund,Dortmund Dortmund,"Ausbildung Fachinformatiker*in für Daten- und Prozessanalyse (w/m/d)

Du bist neugierig und suchst einen Beruf, der nicht nur spannend, sondern auch voller Möglichkeiten für die Zukunft ist? Herausforderungen und knifflige Aufgaben wecken deinen Ehrgeiz, und du hast ein Auge fürs Detail? Vielleicht hast du dein Studium begonnen und festgestellt, dass es nicht deinen Vorstellungen entspricht – das ist völlig in Ordnung! Manchmal führt ein Umweg genau zum richtigen Ziel. . Beginne deine IT-Ausbildung bei SMF a Fachinformatikerin / Fachinformatiker (w/m/d)fürDaten- und Prozessanalyse ls und starte ab d 01.08.2026 emdurch h. Bei uns arbeitest du in ei kleinen, agilen Team nem und ler praxisnah nst spannenden Projekten GenAI, Data Engineering und Analytics in ken - nenmit Patenprogramm, echten Projekteinblick enund viel Raum zum Ausprobiere en. Werde auch du Teil unseres SMF Azubi-Te eams! Bewirb dich jetzt online und starte deine Ausbild 01.08.2026 ung am bei SMF in Dortmund!
An fünf Standorten in Europa beraten wir seit über 40 Jahren unsere Kunden in Digitalisierungsfragen. Wir entwickeln Software-Lösungen und analysieren Daten. Wir verbessern Prozesse unserer Kunden und nutzen sowohl eigene als auch von Partnern entwickelte Software-Produkte – und wir wollen weiter wachsen!
Deine Aufgaben
Du bist ein fester Bestandteil unseres AI Solutions-Teams und arbeitest an Projekten in den Bereiche GenAI n Cloud Data Engineering, Industrie 4.0Machine Learning
Dabei setzt du modernste Softwaretechnologien ein und gestaltest zukunftsweisende Lösungen, die wirklichen Mehrwert schaffen. (z.B.: Python, Azure Open AI, LLMs)
Während deiner Ausbildung lernst du innovative Lösungen effizient umzusetzen.
Du übernimmst schnell Verantwortung und wirkst an echten Projekten mit.
Auch die Unterstützung von Praktikantinnen und Praktikanten (w/m/d) gehört zu deinen Aufgaben.
Wenn du ein berufliches Umfeld suchst, in dem du alles geben kannst, in dem deine Ideen wertgeschätzt und deine Aufgaben angemessen honoriert werden, dann werde Teil des Teams. Wir freuen uns auf deine Bewerbung!

Dein Profil
Du bringst eine allgemeine (Fach-) Hochschulreife mit, idealerweise mit guten Noten in Mathematik, Informatik und/oder den Naturwissenschaften.
Vielleicht hast du auch bereits eine Ausbildung abgeschlossen oder ein Studium begonnen.
Du hast bereits erste Schritte in der Backendentwicklung oder Cloud-Services gemacht? – Perfekt. Wenn nicht, kein Problem, Hauptsache, du bist neugierig und motiviert, Neues zu lernen.
Erste Erfahrungen oder Interesse in den Bereichen KI und/oder Data Science sind ebenfalls von Vorteil.
Du hast Freude am Teamwork , eine Leidenschaft für Technologien und teilst deine Ideen, um innovative Projekte umzusetzen.
Du hast sehr gute Deutschkenntnisse und gute Englischkenntnisse.
SMF bietet dir
Für eine optimale Vereinbarkeit von Familie und Beruf
Du bist gerne flexibel? Ab dem zweiten Ausbildungsjahr kannst du zeitweilig mobil aus dem Homeoffice arbeiten.
Deine Vergütung im ersten Ausbildungsjahr beträgt 1.150 € pro Monat – fair und transparent von Anfang an.
Wenn du vor dem Ausbildungsstart ein Praktikum absolvieren möchtest, vergüten wir dies ebenfalls.
Deinen Start bei SMF erleichtern wir dir mit unserem Patenprogramm .
Du möchtest dual studieren? Dann zahlen wir deine Studiengebühren .
Innovative Technologien
Freue dich auf regelmäßige Betriebsfeiern und Team-Events, die den Zusammenhalt stärken.
Im Restaurant unseres Nachbarunternehmens erhältst du täglich ein leckeres und vergünstigtes Mittagessen .
Als Teil unseres großen Auszubildenden-Teams profitierst du von starkem Teamwork und erlebst gegenseitige Unterstützung im Arbeitsalltag.
In unserer modernen Arbeitsumgebung arbeitest du an ergonomischen Arbeitsplätzen.
Damit du in deiner Prüfungsvorbereitung bestens unterstützt bist, übernehmen wir für dich die Kosten der IHK-Vorbereitungskurse .
Wir investieren in deinen Erfolg und bieten daher internen Unterricht mit den anderen Auszubildenden zum Lernen und für die Prüfungsvorbereitung.",1.150 €,"Dein Profil
Du bringst eine allgemeine (Fach-) Hochschulreife mit, idealerweise mit guten Noten in Mathematik, Informatik und/oder den Naturwissenschaften.
Vielleicht hast du auch bereits eine Ausbildung abgeschlossen oder ein Studium begonnen.
Du hast bereits erste Schritte in der Backendentwicklung oder Cloud-Services gemacht? – Perfekt. Wenn nicht, kein Problem, Hauptsache, du bist neugierig und motiviert, Neues zu lernen.
Erste Erfahrungen oder Interesse in den Bereichen KI und/oder Data Science sind ebenfalls von Vorteil.
Du hast Freude am Teamwork , eine Leidenschaft für Technologien und teilst deine Ideen, um innovative Projekte umzusetzen.
Du hast sehr gute Deutschkenntnisse und gute Englischkenntnisse.
SMF bietet dir
Für eine optimale Vereinbarkeit von Familie und Beruf
Du bist gerne flexibel? Ab dem zweiten Ausbildungsjahr kannst du zeitweilig mobil aus dem Homeoffice arbeiten.
Deine Vergütung im ersten Ausbildungsjahr beträgt 1.150 € pro Monat – fair und transparent von Anfang an.
Wenn du vor dem Ausbildungsstart ein Praktikum absolvieren möchtest, vergüten wir dies ebenfalls.
Deinen Start bei SMF erleichtern wir dir mit unserem Patenprogramm .
Du möchtest dual studieren? Dann zahlen wir deine Studiengebühren .
Innovative Technologien
Freue dich auf regelmäßige Betriebsfeiern und Team-Events, die den Zusammenhalt stärken.
Im Restaurant unseres Nachbarunternehmens erhältst du täglich ein leckeres und vergünstigtes Mittagessen .
Als Teil unseres großen Auszubildenden-Teams profitierst du von starkem Teamwork und erlebst gegenseitige Unterstützung im Arbeitsalltag.
In unserer modernen Arbeitsumgebung arbeitest du an ergonomischen Arbeitsplätzen.
Damit du in deiner Prüfungsvorbereitung bestens unterstützt bist, übernehmen wir für dich die Kosten der IHK-Vorbereitungskurse .
Wir investieren in deinen Erfolg und bieten daher internen Unterricht mit den anderen Auszubildenden zum Lernen und für die Prüfungsvorbereitung.",Ausbildung | Fachinformatiker*in für Daten- und Prozessanalyse (w/m/d),dpa,,,,,empty,,https://twitter.com/stepstone_de,https://twitter.com/stepstone_de,https://twitter.com/stepstone_de,externe,Kontaktperson,Herr Marc Handel Bitte reiche uns deine Bewerbungsunterlagen ausschließlich über unser Karriereportal ein.,,stepstone_de,https://www.stepstone.de/stellenangebote--Ausbildung-Fachinformatikerin-fuer-Daten-und-Prozessanalyse-w-m-d-Dortmund-SMF-GmbH--14075155-inline.html,False,,67,2026,8,2026-08-01,2026-06-12T21:24:01.172100+00:00
STEP-14036798,stepstone_de_dpa,TIMOCOM GmbH,"51.220703,6.93742",Erkrath,Timocom Platz 1 40699 Erkrath,"Ausbildung Fachinformatiker/in Daten- und Prozessanalyse - 2026 (m/w/d)

Bei uns lernst du, wie du eingehende Anfragen aus den Fachbereichen bearbeitest und sie mit Hilfe gängiger Analyse-Tools umsetzt. Dabei arbeitest du eng mit Ansprechpartner:innen aus den verschiedensten Fachbereichen zusammen, lernst deren Fachdomäne kennen und bereitest zusammen mit deinem Team Auswertungen auf. Du unterstützt bei der Erstellung und Pflege von Dashboards und Reports (z. B. in BI-Tools). Wir zeigen dir, wie du Daten- und Prozessflüsse modellierst und dokumentierst – von der Datenerfassung bis zur Auswertung von Kennzahlen . Dabei hast du stets ein Auge auf unsere Datenqualität und führst Plausibilitätschecks durch. Allgemeine administrative Aufgaben im Datenkontext (z. B. Ticketpflege, Dokumentation, Terminabstimmungen) gehören mit zu deinen Tätigkeiten.
Qualifikationen

Du hast deinen Schulabschluss, mindestens Fachoberschulreife , bereits in der Tasche oder in Aussicht. In den Fächern Mathematik, Englisch und Physik bringst du gute Kenntnisse mit. Du solltest für deine Ausbildung großes Interesse an Mathematik, Computern und Zahlen mitbringen. Eine strukturierte Arbeitsweise und Neugier zeichnen dich aus. Als Teamplayer:in schätzt du die gemeinsame Zusammenarbeit. Lernbereitschaft, Sorgfalt und Aufgeschlossenheit runden dein Profil ab.
Zusätzliche Informationen
Bei guten Leistungen und betrieblichem Bedarf bestehen gute Chancen auf eine Übernahme . Deine Arbeitszeit und - ort sind so flexibel wie du: Du kannst unsere TEAMocom Spaces nutzen, mobil oder teilweise remote arbeiten. Deine fachlichen Mentor*innen unterstützen dich dabei, alle wichtigen Fähigkeiten sowie Fertigkeiten auszubauen. Auf unserer internen Weiterbildungsplattform kannst du aus über 20.000 Angeboten wählen. Dank Entwicklungsplänen mit konkreten Inhalten kannst du deine Weiterbildung ganz einfach planen. Arbeiten bei uns heißt Kooperation und Zusammenarbeit auf Augenhöhe – wir sind Teamplayer, weil wir wissen, was wir als Einheit bewirken. Wir denken umweltfreundlich: Du kannst ein E-Bike oder Fahrrad leasen . Alternativ unterstützen wir dich gerne mit einem vergünstigten Jobticket oder einem Fahrgeldzuschuss . In unserem geselligen Mitarbeiterrestaurant gibt es eine reiche Auswahl an regionalen und nachhaltigen Gerichten, welche dir kostenlos zur Verfügung stehen. Ob Oktoberfest, Karnevalsparty oder die jährliche Sommerfeier – wir feiern unseren Unternehmenserfolg gemeinsam in einer lockeren Atmosphäre.","1.150,00 €, 1.220,00 €, 1.300,00 €","Du hast deinen Schulabschluss, mindestens Fachoberschulreife , bereits in der Tasche oder in Aussicht. In den Fächern Mathematik, Englisch und Physik bringst du gute Kenntnisse mit. Du solltest für deine Ausbildung großes Interesse an Mathematik, Computern und Zahlen mitbringen. Eine strukturierte Arbeitsweise und Neugier zeichnen dich aus. Als Teamplayer:in schätzt du die gemeinsame Zusammenarbeit. Lernbereitschaft, Sorgfalt und Aufgeschlossenheit runden dein Profil ab.
Zusätzliche Informationen
Bei guten Leistungen und betrieblichem Bedarf bestehen gute Chancen auf eine Übernahme . Deine Arbeitszeit und - ort sind so flexibel wie du: Du kannst unsere TEAMocom Spaces nutzen, mobil oder teilweise remote arbeiten. Deine fachlichen Mentor*innen unterstützen dich dabei, alle wichtigen Fähigkeiten sowie Fertigkeiten auszubauen. Auf unserer internen Weiterbildungsplattform kannst du aus über 20.000 Angeboten wählen. Dank Entwicklungsplänen mit konkreten Inhalten kannst du deine Weiterbildung ganz einfach planen. Arbeiten bei uns heißt Kooperation und Zusammenarbeit auf Augenhöhe – wir sind Teamplayer, weil wir wissen, was wir als Einheit bewirken. Wir denken umweltfreundlich: Du kannst ein E-Bike oder Fahrrad leasen . Alternativ unterstützen wir dich gerne mit einem vergünstigten Jobticket oder einem Fahrgeldzuschuss . In unserem geselligen Mitarbeiterrestaurant gibt es eine reiche Auswahl an regionalen und nachhaltigen Gerichten, welche dir kostenlos zur Verfügung stehen. Ob Oktoberfest, Karnevalsparty oder die jährliche Sommerfeier – wir feiern unseren Unternehmenserfolg gemeinsam in einer lockeren Atmosphäre.",Ausbildung | Fachinformatiker/in Daten- und Prozessanalyse - 2026 (m/w/d),dpa,,,,,empty,,https://youtube.com/embed/-ZV_qZR1SWc?rel=0&showinfo,https://youtube.com/embed/-ZV_qZR1SWc?rel=0&showinfo,https://youtube.com/embed/-ZV_qZR1SWc?rel=0&showinfo,externe,"Dabei arbeitest du eng mit Ansprechpartner:innen aus den verschiedensten Fachbereichen zusammen, lernst deren Fachdomäne kennen und bereitest zusammen mit deinem Team Auswertungen auf.",,,stepstone_de,https://www.stepstone.de/stellenangebote--Ausbildung-Fachinformatiker-in-Daten-und-Prozessanalyse-2026-m-w-d-Erkrath-bei-Duesseldorf-TIMOCOM-GmbH--14036798-inline.html,False,,67,,,,2026-06-12T21:20:45.105261+00:00
STEP-14076659,stepstone_de_dpa,AIXTRON SE,,Herzogenrath,Herzogenrath Herzogenrath,"Ausbildung zum Fachinformatiker (w/m/d) Daten- und Prozessanalyse : AIXTRON

Dabei lernst Du die vielfältigen Aufgaben in unserer Abteilung kennen und lieben.
Du willst unseren Fachabteilungen die Arbeit durch (von Dir) durchgeführte Arbeits- und Geschäftsprozess-Analysen erleichtern? Kannst Du!
Außerdem lernst Du verschiedene Verfahren zur Prozessanalyse und Sicherstellung einer hohen Datenqualität kennen, bringst Ordnung in die Datens- und Prozessstruktur in unserem Unternehmen und hast schon bald die Chance, Dein wachsendes IT-Wissen im Unternehmen weiterzugeben. Denn Du bereitest Schulungen und (Analyse-) Workshops vor, behebst aufgetretene Fehler und unterstützt bei IT-Projekten und im IT-Support.
Klar, dass Deine praktische Ausbildung durch den theoretischen Unterricht in der Berufsschule ergänzt wird. So kann die Abschlussprüfung kommen!
Ein herausforderndes Aufgabengebiet mit hohem gestalterischen Potential bei einem innovativen, internationalen und expandierenden Technologieführer
Flache Hierarchien und direkte interdisziplinäre Zusammenarbeit über Leitungsebenen hinweg
Arbeiten unter modernsten Arbeitsbedingungen sowie der Nutzung neuester und innovativster Methoden aus Industrie 4.0 in einem interkulturellen Team hoch motivierter Kollegen
Gezielte Mitarbeiterförderung durch kontinuierliche fachliche Weiterbildung und Entwicklung der persönlichen Fähigkeiten
Eine offene Unternehmenskultur und ein flexibles Arbeitszeitmodell (ohne Kernarbeitszeit) für eine selbstbestimmte „Work-Life-Balance“

Das bringst Du mit:
Guter Schulabschluss (Abitur, Fachabitur, Mittlere Reife, Handelsschule)
Gute Noten, insbesondere in Mathematik, Informatik und Englisch
Ein hohes Interesse an Prozessen und Datenverarbeitung in diesen (Prozessmodellierung und -optimierung), Technik sowie Qualitätssicherung und Dokumentation
Ein sehr selbstständiger, zuverlässiger und engagierter Teamplayer, der präzise arbeitet, Dingen gern auf den Grund geht und Spaß am Planen und Organisieren hat

Darauf kannst Du Dich freuen:
3-jährige Ausbildung
Start jeweils zum 1. August
Überdurchschnittliche Vergütung und Sozialleistungen sowie vielfältige Benefits in Bezug auf Gesundheit, Sport und Mitarbeiterevents",,"Das bringst Du mit:
Guter Schulabschluss (Abitur, Fachabitur, Mittlere Reife, Handelsschule)
Gute Noten, insbesondere in Mathematik, Informatik und Englisch
Ein hohes Interesse an Prozessen und Datenverarbeitung in diesen (Prozessmodellierung und -optimierung), Technik sowie Qualitätssicherung und Dokumentation
Ein sehr selbstständiger, zuverlässiger und engagierter Teamplayer, der präzise arbeitet, Dingen gern auf den Grund geht und Spaß am Planen und Organisieren hat",Ausbildung | zum Fachinformatiker (w/m/d) Daten- und Prozessanalyse : AIXTRON,dpa,,"Darauf kannst Du Dich freuen:
3-jährige Ausbildung
Start jeweils zum 1. August
Überdurchschnittliche Vergütung und Sozialleistungen sowie vielfältige Benefits in Bezug auf Gesundheit, Sport und Mitarbeiterevents",,,empty,,https://twitter.com/stepstone_de,https://twitter.com/stepstone_de,https://twitter.com/stepstone_de,externe,"Kontakt
Klingt ganz nach Dir und Deiner beruflichen Zukunft?","Dann schick Deine elektronische Bewerbung mit Anschreiben, Lebenslauf und Zeugnissen auf den Weg zu uns:",,stepstone_de,https://www.stepstone.de/stellenangebote--Ausbildung-zum-Fachinformatiker-w-m-d-Daten-und-Prozessanalyse-AIXTRON-Herzogenrath-AIXTRON-SE--14076659-inline.html,False,,67,,,,2026-06-12T21:39:39.819154+00:00
STEP-14035904,stepstone_de_dpa,item Industrietechnik GmbH,"51.156,7.0152",Solingen,Friedenstraße 107-109 42699 Solingen,"Ausbildung zum Fachinformatiker für Systemadministration (m/w/d)

Aufgaben
IT-Systeme & Technik erleben: Während Deiner Ausbildung arbeitest Du mit modernen Informations- und Telekommunikationssystemen und lernst unsere IT-Landschaft von Grund auf kennen.
Hard- & Software im Einsatz: Du stellst unseren Mitarbeitenden die benötigten Hard- und Softwarekomponenten zur Verfügung, installierst diese fachgerecht und sorgst für einen reibungslosen Betrieb.
Teamgeist & Eigeninitiative: Du arbeitest gerne im Team, gehst Aufgaben selbstständig an und bringst Dich aktiv mit neuen Ideen ein.
Neugier & Lernbereitschaft: Neue Technologien und Herausforderungen wecken Deine Neugier und motivieren Dich, Dich kontinuierlich weiterzuentwickeln.

Systeme installieren & konfigurieren: Schritt für Schritt lernst Du, IT-Systeme nach Vorgabe einzurichten, zu konfigurieren und an die Anforderungen unserer User anzupassen.
IT-Support & Problemlösungen: Bei technischen Störungen bist Du Ansprechperson im Team, analysierst Fehler mithilfe von Diagnose- und Expertensystemen und behebst diese eigenständig.
Projektarbeit & Struktur: Du setzt Methoden der Projektplanung, -durchführung und -kontrolle ein und wirkst aktiv an IT-Projekten mit.
Schulungen & Präsentationen: Mit Deiner offenen Art präsentierst Du Anwendungen, unterstützt Beraterinnen und Berater bei IT-Fragen und schulst unsere User im Umgang mit Systemen und Software.
Profil
Schulabschluss & Startklar: Du hast Dein (Fach-)Abitur, eine gut abgeschlossene Fachoberschulreife oder einen Abschluss als ITA und möchtest Deine Begeisterung für IT im Berufsalltag einsetzen.
Technisches Interesse & Logik: Informatik und Datenverarbeitung interessieren Dich und Deine analytische Denkweise hilft Dir, Zusammenhänge schnell zu verstehen.

Wir bieten
Für den perfekten Start in Dein Berufsleben erhältst Du einen maßgeschneiderten Ausbildungsplan und eine kontinuierliche Betreuung durch Deine erfahrenen Ausbildungsverantwortlichen.
Du erhältst bei uns ein attraktives Ausbildungsgehalt und auch als Azubi bekommst Du bei uns zusätzlich Urlaubs- sowie Weihnachtsgeld und wirst von Beginn an am Unternehmenserfolg beteiligt.
Du hast einen Termin am Nachmittag? Kein Problem: Mit unserem Gleitzeitmodell kannst Du Deine Arbeitszeit in Absprache an Deine Bedürfnisse und Verpflichtungen anpassen.
Wir sind immer auf der Suche nach Talenten wie Dir – mit Deinen guten Leistungen während der Ausbildung besteht die Möglichkeit einer Übernahme .
Ob mit einem Zuschuss zum Jobticket oder einem eigenen Jobrad – mit uns bist Du jederzeit mobil, hältst Dich fit und schonst die Umwelt.
Bei all Deinen persönlichen oder beruflichen Herausforderungen stehen Dir unabhängige Mitarbeitende unseres Employee Assistance Program (EAP) zur Verfügung, um Dich und Deine Familie, bei Bedarf, in jeder Lebenssituation zu unterstützen.
Wir ermöglichen Dir, über die Angebotsplattform corporate benefits , Einkaufsvorteile bei vielen namhaften Anbietern zu nutzen.
Weitere Informationen
Haben wir Dein Interesse geweckt?",,"Systeme installieren & konfigurieren: Schritt für Schritt lernst Du, IT-Systeme nach Vorgabe einzurichten, zu konfigurieren und an die Anforderungen unserer User anzupassen.
IT-Support & Problemlösungen: Bei technischen Störungen bist Du Ansprechperson im Team, analysierst Fehler mithilfe von Diagnose- und Expertensystemen und behebst diese eigenständig.
Projektarbeit & Struktur: Du setzt Methoden der Projektplanung, -durchführung und -kontrolle ein und wirkst aktiv an IT-Projekten mit.
Schulungen & Präsentationen: Mit Deiner offenen Art präsentierst Du Anwendungen, unterstützt Beraterinnen und Berater bei IT-Fragen und schulst unsere User im Umgang mit Systemen und Software.
Profil
Schulabschluss & Startklar: Du hast Dein (Fach-)Abitur, eine gut abgeschlossene Fachoberschulreife oder einen Abschluss als ITA und möchtest Deine Begeisterung für IT im Berufsalltag einsetzen.
Technisches Interesse & Logik: Informatik und Datenverarbeitung interessieren Dich und Deine analytische Denkweise hilft Dir, Zusammenhänge schnell zu verstehen.",Ausbildung | zum Fachinformatiker für Systemadministration (m/w/d),dpa,,"Wir bieten
Für den perfekten Start in Dein Berufsleben erhältst Du einen maßgeschneiderten Ausbildungsplan und eine kontinuierliche Betreuung durch Deine erfahrenen Ausbildungsverantwortlichen.
Du erhältst bei uns ein attraktives Ausbildungsgehalt und auch als Azubi bekommst Du bei uns zusätzlich Urlaubs- sowie Weihnachtsgeld und wirst von Beginn an am Unternehmenserfolg beteiligt.
Du hast einen Termin am Nachmittag? Kein Problem: Mit unserem Gleitzeitmodell kannst Du Deine Arbeitszeit in Absprache an Deine Bedürfnisse und Verpflichtungen anpassen.
Wir sind immer auf der Suche nach Talenten wie Dir – mit Deinen guten Leistungen während der Ausbildung besteht die Möglichkeit einer Übernahme .
Ob mit einem Zuschuss zum Jobticket oder einem eigenen Jobrad – mit uns bist Du jederzeit mobil, hältst Dich fit und schonst die Umwelt.
Bei all Deinen persönlichen oder beruflichen Herausforderungen stehen Dir unabhängige Mitarbeitende unseres Employee Assistance Program (EAP) zur Verfügung, um Dich und Deine Familie, bei Bedarf, in jeder Lebenssituation zu unterstützen.
Wir ermöglichen Dir, über die Angebotsplattform corporate benefits , Einkaufsvorteile bei vielen namhaften Anbietern zu nutzen.
Weitere Informationen
Haben wir Dein Interesse geweckt?",,,empty,,https://youtube.com/embed/7sBrPqAqCGw?rel=0&showinfo,https://youtube.com/embed/7sBrPqAqCGw?rel=0&showinfo,https://youtube.com/embed/7sBrPqAqCGw?rel=0&showinfo,externe,,"Dann bewirb Dich jetzt online mit Deinen aussagefähigen Bewerbungsunterlagen in unserem Bewerberportal unter www.item24-karriere.de . Die diskrete Behandlung Deiner Unterlagen sichern wir Dir zu.
item Industrietechnik GmbH | Aylin Greupner
Friedenstr. 107-109 | 42699 Solingen
Telefon 0212 65 80 0
> Jetzt online bewerben",,stepstone_de,https://www.stepstone.de/stellenangebote--Ausbildung-zum-Fachinformatiker-fuer-Systemadministration-m-w-d-Solingen-item-Industrietechnik-GmbH--14035904-inline.html,False,,67,,,,2026-06-12T21:32:27.676211+00:00
STEP-12772176,stepstone_de_dpa,Component Design Gesellschaft mbH,,Hamminkeln,Hamminkeln Hamminkeln,"Ausbildung zum Fachinformatiker (m/w/d)

Deine Aufgaben
Du unterstützt tatkräftig bei der Entwicklung von kundenspezifischen Lösungen unter Berücksichtigung von Spezifikationen
Du hilfst unseren Consultants und Entwicklern bei der Weiterentwicklung von Lösungen auf Basis von aktueller Technologie und gehst Fehlerquellen auf den Grund
Du lernst betriebswirtschaftliche Zusammenhänge kennen und wirkst aktiv an unseren Projekten mit
Eigenverantwortliches Arbeiten und Aufgabenvielfalt
Regelmäßige Teamevents
Kreative Denkrunden am Kickertisch
Wasser, Kaffee, Tee und Plätzchen
Gleichberechtigung
Ergonomische Arbeitsplätze

Das bringst du mit
Du verfügst bereits mindestens über einen Realschulabschluss oder stehst kurz davor
Du überzeugst mit guten Noten in den MINT-Fächern und Englisch und besitzt ein Grundverständnis für informationstechnische Zusammenhänge
Du interessierst dich für IT-Themen und tüftelst gerne an neuen Lösungen
Erste Grundkenntnisse im Programmieren sind von Vorteil
Du bist offen und motiviert, scheust nicht vor neuen Herausforderungen zurück und hast Lust auf die Arbeit in unserem Team

Wir bieten
Faire Bezahlung
Schulungen und Weiterbildungsmöglichkeiten
Betriebliche Altersvorsorge
Krankenzusatzversicherung
Pool Fahrzeug
Firmenlaptop und -handy",,"Das bringst du mit
Du verfügst bereits mindestens über einen Realschulabschluss oder stehst kurz davor
Du überzeugst mit guten Noten in den MINT-Fächern und Englisch und besitzt ein Grundverständnis für informationstechnische Zusammenhänge
Du interessierst dich für IT-Themen und tüftelst gerne an neuen Lösungen
Erste Grundkenntnisse im Programmieren sind von Vorteil
Du bist offen und motiviert, scheust nicht vor neuen Herausforderungen zurück und hast Lust auf die Arbeit in unserem Team",Ausbildung | zum Fachinformatiker (m/w/d),dpa,,"Wir bieten
Faire Bezahlung
Schulungen und Weiterbildungsmöglichkeiten
Betriebliche Altersvorsorge
Krankenzusatzversicherung
Pool Fahrzeug
Firmenlaptop und -handy",,,empty,,https://twitter.com/stepstone_de,https://twitter.com/stepstone_de,https://twitter.com/stepstone_de,externe,"Kontakt
Du möchtest Teil unseres starken Teams werden?Fülle einfach unser aus undBewerbungsformular
wir lernen uns kennen.
Einer unserer Mitarbeiter wird sich für einen persönlichen Gesprächstermin mit dir in Verbindung setzen.
Wir freuen uns auf deine Bewerbung!",,,stepstone_de,https://www.stepstone.de/stellenangebote--Ausbildung-zum-Fachinformatiker-m-w-d-Hamminkeln-Component-Design-Gesellschaft-mbH--12772176-inline.html,False,,60,,,,2026-06-12T21:37:38.316525+00:00
STEP-14110140,stepstone_de_dpa,Evonik Industries AG,,Hanau,Hanau Hanau,"Ausbildung 2027 Fachinformatiker FR Systemintegration (m/w/d) - Hanau

Ihre Aufgaben
Die betriebliche Ausbildung
Entwicklung, Installation und Optimierung neuer IT-Systeme und Cloud Services
Anwendungen von Programmiersprachen
Testen neuer Software und Hardware
Analyse von IT-gestützten Geschäftsprozesse
Mitarbeit an IT-Projekten
Daten- und Prozessanalyse zur Optimierung von
Ihr Profil
Die theoretische Ausbildung
Fachoberschulreife/Mittlere Reife oder höherer Schulabschluss
Kommunikationstalent und Teamplayer
gute Englisch-, Mathe- und Deutschkenntnisse
ausgeprägtes analytisches Denkvermögen
Spaß an Herausforderungen und am Lösen von Problemen
Freude im Umgang mit IT-Systemen und Anwendungen
Verantwortungsbewusstsein, Zuverlässigkeit und
AUSBILDUNG GESCHAFFT – WAS DANN
Fachinformatiker (m/w/d) sind die Digitalisierungsprofis im Unternehmen. Sie sorgen in allen möglichen Unternehmensbereichen für sichere Netzwerk- und IT-Architekturen. Deine berufliche Reise kann natürlich noch weitergehen: Wie wäre es zum Beispiel mit einer Weiterbildung zum Betriebswirt (m/w/d) oder Spezialisierung durch IT-Zertifizierungen? Das Ziel wählst du

Was wir bieten
Wir haben keine Bewerbungsfristen. Solange die Stelle ausgeschrieben ist, kannst du deine Bewerbung einreichen. Je früher du dich bewirbst, umso besser stehen deine Chancen.
Wir bieten dir eine abwechslungsreiche und qualitativ hochwertige Ausbildung in verschiedensten Berufen der Naturwissenschaft, Technik, Logistik, Gastronomie und der kaufmännischen Verwaltung. Bei uns als top Ausbildungsbetrieb kannst du dich unter anderem über die folgenden Vorteile freuen:
Ausbildungsvergütung
Bereits im ersten Ausbildungsjahr erhältst du über 1.100 €/Monat Gehalt. Danach steigt dein Monatsgehalt pro Ausbildungsjahr. On top erhältst du noch Zusatzleistungen wie Urlaubs- und Weihnachtsgeld.
Urlaub und Arbeitszeit
Wir bieten dir eine gute Work-Life-Balance mit 30 Urlaubstagen und modernen Arbeitszeitmodellen.
Spaß bei der Arbeit
Wir bieten dir ein gutes Arbeitsklima mit vielseitigen Praxiseinsätzen in großartigen Teams.
kostenfreie Lernunterstützung
Wir bieten dir Unterstützung beim Lernen und ein gute Betreuung durch den Betrieb.​
​
Weitere Benefits findest du auf der Landing-Page unserer Ausbildungsseite
An der Ludwig-Geißler-Schule in Hanau wird Ihnen ein fundiertes Grundwissen in fachspezifischen und allgemeinbildenden Fächern vermittelt.
Ausbildungsdauer : 3 Jahre
Ausbildungsbeginn : 01.09.2027
Ausbildungsstandort :
Hinweis: Aufgrund unseres Recruitingsystems Workday und teilweise automatisierten Prozessschritten werden wir im weiteren Bewerbungsprozess deine persönliche Anrede auf die Sie-Form umstellen.
Your Application
To ensure that your application is proceeded as quickly as possible and to protect the environment, please apply online via our careers portal. Further information about Evonik as Employer can be found at www.evonik.com/en/careers.html",1.100 €,,Ausbildung | 2027 Fachinformatiker FR Systemintegration (m/w/d) - Hanau,dpa,,"Was wir bieten
Wir haben keine Bewerbungsfristen. Solange die Stelle ausgeschrieben ist, kannst du deine Bewerbung einreichen. Je früher du dich bewirbst, umso besser stehen deine Chancen.
Wir bieten dir eine abwechslungsreiche und qualitativ hochwertige Ausbildung in verschiedensten Berufen der Naturwissenschaft, Technik, Logistik, Gastronomie und der kaufmännischen Verwaltung. Bei uns als top Ausbildungsbetrieb kannst du dich unter anderem über die folgenden Vorteile freuen:
Ausbildungsvergütung
Bereits im ersten Ausbildungsjahr erhältst du über 1.100 €/Monat Gehalt. Danach steigt dein Monatsgehalt pro Ausbildungsjahr. On top erhältst du noch Zusatzleistungen wie Urlaubs- und Weihnachtsgeld.
Urlaub und Arbeitszeit
Wir bieten dir eine gute Work-Life-Balance mit 30 Urlaubstagen und modernen Arbeitszeitmodellen.
Spaß bei der Arbeit
Wir bieten dir ein gutes Arbeitsklima mit vielseitigen Praxiseinsätzen in großartigen Teams.
kostenfreie Lernunterstützung
Wir bieten dir Unterstützung beim Lernen und ein gute Betreuung durch den Betrieb.​
​
Weitere Benefits findest du auf der Landing-Page unserer Ausbildungsseite
An der Ludwig-Geißler-Schule in Hanau wird Ihnen ein fundiertes Grundwissen in fachspezifischen und allgemeinbildenden Fächern vermittelt.
Ausbildungsdauer : 3 Jahre
Ausbildungsbeginn : 01.09.2027
Ausbildungsstandort :
Hinweis: Aufgrund unseres Recruitingsystems Workday und teilweise automatisierten Prozessschritten werden wir im weiteren Bewerbungsprozess deine persönliche Anrede auf die Sie-Form umstellen.
Your Application
To ensure that your application is proceeded as quickly as possible and to protect the environment, please apply online via our careers portal. Further information about Evonik as Employer can be found at www.evonik.com/en/careers.html",,,empty,,https://www.evonik.com/en/careers.html,https://www.evonik.com/en/careers.html,https://www.evonik.com/en/careers.html,externe,"Kontakt
Ansprechpartner : Elke Rauch ( elke.rauch@evonik.com
Please address your application to the Talent Acquisition Manager, stating your earliest possible starting date and your salary expectations.
Your Talent Acquisition Manager:
Alina Hollander (Abwesend), Alina Stengel, Elke Rauch
Company is
Evonik Operations",,,stepstone_de,https://www.stepstone.de/stellenangebote--Ausbildung-2027-Fachinformatiker-FR-Systemintegration-m-w-d-Hanau-Hanau-Evonik-Industries-AG--14110140-inline.html,False,,60,2027,9,2027-09-01,2026-06-12T21:14:43.282222+00:00
STEP-14090373,stepstone_de_dpa,Stiegelmeyer GmbH & Co. KG,,Herford,Herford Herford,"Ausbildung als Fachinformatiker für Daten- und Prozessanalyse (m/w/d)

Ihre Aufgaben
Ihre Aufgaben
Was erwartet Dich?
Fachinformatiker für Daten- und Prozessanalyse entwickeln datenbasierte Lösungen zur Optimierung digitaler Geschäftsprozesse und analysieren große Datenmengen. Die Ausbildung dauert 3 Jahre und erfolgt im Wechsel mit der Stiegelmeyer-Gruppe und dem Berufskolleg.
Ihr Profil
Ihr Profil
Was bringst du mit?
Teamfähigkeit und Kommunikationsstärke
Sorgfalt und Verantwortungsbewusstsein
Kreativität und Organisationstalent
strukturierte und organisierte Arbeits- und Vorgehensweise
Allgemeine Hochschulreife oder Fachhochschulreife

Wir bieten
Werden Sie ein Teil des Stiegelmeyer-Teams und gestalten Sie mit uns die Zukunft in einem der führenden Medizintechnik-Unternehmen Europas.
UnternehmenStandortAuslastungEinstiegsdatumBefristungStiegelmeyer HerfordVollzeit01. September 20263 Jahre
Was bieten wir Dir?
Vielfältige Ausbildungsberufe
Qualifizierte Ausbildung
Prüfungsvorbereitung
Individuelle Förderung
Schulungen während und nach der Ausbildung
Entwicklungsmöglichkeiten
Vertrauensvolle Atmosphäre
Wir bieten
Wir bieten Ihnen eine verantwortungsvolle, abwechslungsreiche Herausforderung in einem mittelständischen Familienunternehmen mit ca. 1.100 Mitarbeiterinnen und Mitarbeitern. Ein Umfeld mit flachen Hierarchien und kurzen Entscheidungswegen, eine selbstständige Tätigkeit mit Gestaltungsspielraum sowie leistungsgerechte Konditionen und individuelle Weiterbildungsmöglichkeiten erwarten Sie.",,,Ausbildung | als Fachinformatiker für Daten- und Prozessanalyse (m/w/d),dpa,,"Wir bieten
Werden Sie ein Teil des Stiegelmeyer-Teams und gestalten Sie mit uns die Zukunft in einem der führenden Medizintechnik-Unternehmen Europas.
UnternehmenStandortAuslastungEinstiegsdatumBefristungStiegelmeyer HerfordVollzeit01. September 20263 Jahre
Was bieten wir Dir?
Vielfältige Ausbildungsberufe
Qualifizierte Ausbildung
Prüfungsvorbereitung
Individuelle Förderung
Schulungen während und nach der Ausbildung
Entwicklungsmöglichkeiten
Vertrauensvolle Atmosphäre
Wir bieten
Wir bieten Ihnen eine verantwortungsvolle, abwechslungsreiche Herausforderung in einem mittelständischen Familienunternehmen mit ca. 1.100 Mitarbeiterinnen und Mitarbeitern. Ein Umfeld mit flachen Hierarchien und kurzen Entscheidungswegen, eine selbstständige Tätigkeit mit Gestaltungsspielraum sowie leistungsgerechte Konditionen und individuelle Weiterbildungsmöglichkeiten erwarten Sie.",,,empty,,https://twitter.com/stepstone_de,https://twitter.com/stepstone_de,https://twitter.com/stepstone_de,externe,Kontakt,"Haben wir Ihr Interesse geweckt? Dann senden Sie bitte Ihre vollständigen Bewerbungsunterlagen – bevorzugt elektronisch – mit Angabe des frühestmöglichen Eintrittstermins und Ihrer Gehaltsvorstellung an unsere Personalabteilung.
Wir freuen uns darauf, Sie kennenzulernen.",,stepstone_de,https://www.stepstone.de/stellenangebote--Ausbildung-als-Fachinformatiker-fuer-Daten-und-Prozessanalyse-m-w-d-Herford-Stiegelmeyer-GmbH-Co-KG--14090373-inline.html,False,,60,,,,2026-06-12T21:24:57.943779+00:00
STEP-14087667,stepstone_de_dpa,Crespel & Deiters GmbH & Co. KG,,Ibbenbüren,Ibbenbüren Ibbenbüren,"Ausbildung als Fachinformatiker f. Systemintegration (m/w/d) bei Crespel & Deiters GmbH & Co. KG

Ihre Aufgaben
Deine Aufgaben
Darum gehts: h! Du übersetzt unsere Daten und Abläufe in digitale Prozesse. Du lernst Geschäftsprozesse zu analysieren, sie durch IT-Systeme zu verbessern. So identifizierst du Optimierungsmöglichkeiten und gestaltest datengesteuerte Geschäfts- und Produktionsprozesse oder automatisierst mögliche Arbeitsschritte. Du bereitest die notwendigen digitalen Informationen auf und stellst diese Daten für die Digitalisierung bereit. Du bist bei unterschiedlichen IT-Projekten im Einsatz und trägst zur IT-Sicherheit sowie zum Datenschutz im Unternehmen b

Das bringst du mit:enbüren.
Du bist mit der Schule fertig und hast Lust bei uns den Grundstein für deine berufliche Zukunft zu setzen? Oder die ständige Theorie des Studiums ist doch nichts für dich und du willst endlich in die Arbeitswelt eintauchen? Dann suchen wir dich!
Du bist zuverlässig und wissbegierig
Du arbeitest gerne in einem coolen und motivierten Team
Du brennst für Zahlen, IT und Computertechnik
Du gehst Problemstellungen gerne auf den Grund
Jeder Schulabschluss ist willkommen: Überzeuge uns von deinen Fähigkeiten!
Nach erfolgreichem Abschluss der Ausbildung sind wir bestrebt all unsere Azubis zu übernehmen
Techniker:in Fachrichtung Informatik
Betriebs-, Fachwirt:in für Informationsverarbeitung
Studium mit Bezug zu Informatik

Deine Benefits
Dauer: bei. Die Ausbildung dauert 3 Jahre. Neben dem praktischen Teil vor Ort besuchst du die Berufsschule in Ibben
Attraktive Vergütung nach Tarifvertrag mit Weihnachts- und Urlaubsgeld
1. Lehrjahr: 1.144 € 2. Lehrjahr: 1.317 € 3. Lehrjahr: 1.535 €
Eigenverantwortliches Arbeiten in einem motivierenden, kollegialen Team
Flexible Arbeitszeiten
Moderne Arbeitswelt
Qualifizierte Ausbilder:innen
Azubi-Events
Vielfältige Entwicklungsmöglichkeiten
Vom Arbeitgeber mitfinanzierte Altersvorsorge
Umfangreiche Angebote des betrieblichen Gesundheitsmanagements
Zuschuss zu Hansefit
Vergünstigtes Laden an betriebseigenen E-Ladesäulen
Deine Möglichkeiten nach der Ausbildung
Individuelle Zukunftsplanung zum Ende der Ausbildung:","1.144 €, 1.317 €, 1.535 €","Das bringst du mit:enbüren.
Du bist mit der Schule fertig und hast Lust bei uns den Grundstein für deine berufliche Zukunft zu setzen? Oder die ständige Theorie des Studiums ist doch nichts für dich und du willst endlich in die Arbeitswelt eintauchen? Dann suchen wir dich!
Du bist zuverlässig und wissbegierig
Du arbeitest gerne in einem coolen und motivierten Team
Du brennst für Zahlen, IT und Computertechnik
Du gehst Problemstellungen gerne auf den Grund
Jeder Schulabschluss ist willkommen: Überzeuge uns von deinen Fähigkeiten!
Nach erfolgreichem Abschluss der Ausbildung sind wir bestrebt all unsere Azubis zu übernehmen
Techniker:in Fachrichtung Informatik
Betriebs-, Fachwirt:in für Informationsverarbeitung
Studium mit Bezug zu Informatik",Ausbildung | als Fachinformatiker f. Systemintegration (m/w/d) bei Crespel & Deiters GmbH & Co. KG,dpa,,"Deine Benefits
Dauer: bei. Die Ausbildung dauert 3 Jahre. Neben dem praktischen Teil vor Ort besuchst du die Berufsschule in Ibben
Attraktive Vergütung nach Tarifvertrag mit Weihnachts- und Urlaubsgeld
1. Lehrjahr: 1.144 € 2. Lehrjahr: 1.317 € 3. Lehrjahr: 1.535 €
Eigenverantwortliches Arbeiten in einem motivierenden, kollegialen Team
Flexible Arbeitszeiten
Moderne Arbeitswelt
Qualifizierte Ausbilder:innen
Azubi-Events
Vielfältige Entwicklungsmöglichkeiten
Vom Arbeitgeber mitfinanzierte Altersvorsorge
Umfangreiche Angebote des betrieblichen Gesundheitsmanagements
Zuschuss zu Hansefit
Vergünstigtes Laden an betriebseigenen E-Ladesäulen
Deine Möglichkeiten nach der Ausbildung
Individuelle Zukunftsplanung zum Ende der Ausbildung:",,,empty,,https://twitter.com/stepstone_de,https://twitter.com/stepstone_de,https://twitter.com/stepstone_de,externe,,,,stepstone_de,https://www.stepstone.de/stellenangebote--Ausbildung-als-Fachinformatiker-f-Systemintegration-m-w-d-bei-Crespel-Deiters-GmbH-Co-KG-Ibbenbueren-Crespel-Deiters-GmbH-Co-KG--14087667-inline.html,False,,60,,,,2026-06-12T21:24:44.547389+00:00
STEP-14126401,stepstone_de_dpa,Cortina Consult GmbH,,Münster,Münster Münster,"Ausbildung Fachinformatiker/in für Daten- und Prozessanalyse (m/w/d)

Deine Aufgaben
Vielseitige Rolle – Kernaufgabe für den Fachinformatiker/in für Daten- und Prozessanalyse ist es, Geschäftsprozesse zu analysieren, datengestützte Lösungen zu entwickeln und Unternehmen bei der strukturierten Optimierung ihrer digitalen Workflows zu unterstützen.
Prozessanalyse:
Datenmanagement und -analyse:
Arbeit mit Compliance-Plattformen:
Prozessoptimierung:
Dokumentation und Systemkonfiguration:
Strukturierte Aufbereitung:
Damit du dich in unserem Team und bei deinen Aufgaben wohlfühlst, solltest du einige grundlegende Eigenschaften mitbringen. Du musst kein „Hacker“ sein – aber du solltest Lust haben, dich in IT & Sicherheitsthemen reinzufuchsen. Im Folgenden findest du eine Übersicht darüber, was wir uns von dir wünschen:
Schulabschluss: guter Realschulabschluss , Fachhochschulreife oder (Fach-)Abitur
Studienabbrecherwillkommen!
Ehrliches Interesse an IT & Digitalisierung – Technik schreckt dich nicht ab, sondern macht dich neugierig
Kommunikationsfähigkeit:
Lernbereitschaft:
Du hast hohe Ansprüche (nicht nur an deinen Arbeitgeber, sondern auch an dich)
Struktur, Organisation und Doku
Sorgfalt
Sehr gute Deutschkenntnisse in Wort und Schrift (Kundendoku, E-Mails, Konzepte)
Du kommunizierst gern – sowohl im Team als auch mit Kund:innen
Mitdenken, Verantwortung übernehmen und proaktiv handeln
Offenheit und Neugier gegenüber KI-gestützten Tools und digitalen Arbeitsmethoden

Informationssicherheit, Datenschutz & Compliance verständlich machen – das ist unser Job. Cortina Consult unterstützt Unternehmen dabei Datenschutz-, Informationssicherheits- und Hinweisgeberschutz-Anforderungen , pragmatisch umzusetzen – mit Beratung, externen Beauftragten und modernen Compliance-Tools.
Mit unserem Compliance Hub bündeln wir u.a. DSMS, ISMS, Meldestelle und Web-Compliance in einer Plattform. Unsere Kunden reichen vom Startup bis zum internationalen Konzern – und genau da kommst du ins Spiel.
Dein Profil
Analysiere Daten, optimiere Prozesse und mach Compliance mit modernen Tools messbar
Münster
Ausbildung
ab sofort

Wir bieten
Das darfst du erwarten
Wir wollen, dass du nicht nur „irgendeine Ausbildung“ machst, sondern dir mit uns eine spezialisierte Karriere im Bereich Daten, Prozesse & Compliance-Software aufbauen kannst. Das bieten wir dir u.a.:
Aktive Mitgestaltungskalieren mit deinen Skills
Strukturiertes Onboarding & Einarbeitung:
Moderne Tools & Arbeitsumgebung: Compliance Hub, moderne IT-Plattformen, Kollaborationstools, aktuelle Hardware
Individuelle Förderung: Unterstützung bei Prüfungen, Zeit zum Lernen, interne Wissens-Sessions
Ein Team, das Wert auf Augenhöhe, Humor und offene Kommunikation legt
Perspektive nach der Ausbildung: Übernahmechance, auch in angrenzenden Compliance-Bereichen möglich
moderner lichtdurchfluteter Arbeitsplatz
Deine Vorteile bei Cortina Consult
Innovatives Arbeitsumfeld
Bei uns bist Du an der Spitze der Innovation. Wir entwickeln praxistaugliche Datenschutzkonzepte, und Du hast die Chance, in diesem dynamischen Feld zu wachsen.
Persönliches Wachstum
Deine Entwicklung liegt uns am Herzen. In unserem Team fördern wir Lernen und Potenzialentfaltung, damit Du Deine Fähigkeiten stetig erweitern kannst.
Vielfältige Karrieremöglichkeiten
Egal, ob Du am Anfang Deiner Karriere stehst oder bereits Erfahrung hast, bei uns findest Du vielfältige Möglichkeiten, Deine beruflichen Ziele zu erreichen und weiter aufzusteigen.",,"Informationssicherheit, Datenschutz & Compliance verständlich machen – das ist unser Job. Cortina Consult unterstützt Unternehmen dabei Datenschutz-, Informationssicherheits- und Hinweisgeberschutz-Anforderungen , pragmatisch umzusetzen – mit Beratung, externen Beauftragten und modernen Compliance-Tools.
Mit unserem Compliance Hub bündeln wir u.a. DSMS, ISMS, Meldestelle und Web-Compliance in einer Plattform. Unsere Kunden reichen vom Startup bis zum internationalen Konzern – und genau da kommst du ins Spiel.
Dein Profil
Analysiere Daten, optimiere Prozesse und mach Compliance mit modernen Tools messbar
Münster
Ausbildung
ab sofort",Ausbildung | Fachinformatiker/in für Daten- und Prozessanalyse (m/w/d),dpa,,"Wir bieten
Das darfst du erwarten
Wir wollen, dass du nicht nur „irgendeine Ausbildung“ machst, sondern dir mit uns eine spezialisierte Karriere im Bereich Daten, Prozesse & Compliance-Software aufbauen kannst. Das bieten wir dir u.a.:
Aktive Mitgestaltungskalieren mit deinen Skills
Strukturiertes Onboarding & Einarbeitung:
Moderne Tools & Arbeitsumgebung: Compliance Hub, moderne IT-Plattformen, Kollaborationstools, aktuelle Hardware
Individuelle Förderung: Unterstützung bei Prüfungen, Zeit zum Lernen, interne Wissens-Sessions
Ein Team, das Wert auf Augenhöhe, Humor und offene Kommunikation legt
Perspektive nach der Ausbildung: Übernahmechance, auch in angrenzenden Compliance-Bereichen möglich
moderner lichtdurchfluteter Arbeitsplatz
Deine Vorteile bei Cortina Consult
Innovatives Arbeitsumfeld
Bei uns bist Du an der Spitze der Innovation. Wir entwickeln praxistaugliche Datenschutzkonzepte, und Du hast die Chance, in diesem dynamischen Feld zu wachsen.
Persönliches Wachstum
Deine Entwicklung liegt uns am Herzen. In unserem Team fördern wir Lernen und Potenzialentfaltung, damit Du Deine Fähigkeiten stetig erweitern kannst.
Vielfältige Karrieremöglichkeiten
Egal, ob Du am Anfang Deiner Karriere stehst oder bereits Erfahrung hast, bei uns findest Du vielfältige Möglichkeiten, Deine beruflichen Ziele zu erreichen und weiter aufzusteigen.",,,empty,,https://twitter.com/stepstone_de,https://twitter.com/stepstone_de,https://twitter.com/stepstone_de,externe,"Direkter Kundenkontakt:
Entwicklung technischer Expertise:
Kontakt
Sie sehen gerade einen Platzhalterinhalt von YouTube . Um auf den eigentlichen Inhalt zuzugreifen, klicken Sie auf die Schaltfläche unten. Bitte beachten Sie, dass dabei Daten an Drittanbieter weitergegeben werden.
Dein AnsprechpartnerJörg ter BeekDatenschutzexperte & CEOKlingt nach einem Job für dich?
Dann bewirb dich einfach über unser Online-Bewerbungsformular.
Jetzt online bewerben
„Yeah! Das klingt nach mir!“ – Sollte das dein erster Gedanke sein, dann möchten wir dich gerne persönlich Kennenlernen! Hier in unserem Büro im Stadthafen von Münster oder auch gerne digital in einem ersten Video-Call.
Du kannst dich direkt online über das Formular bewerben.
Wir freuen uns auf Dich!",,,stepstone_de,https://www.stepstone.de/stellenangebote--Ausbildung-Fachinformatiker-in-fuer-Daten-und-Prozessanalyse-m-w-d-Muenster-Cortina-Consult-GmbH--14126401-inline.html,False,,60,,,,2026-06-12T21:21:43.890548+00:00
STEP-14087662,stepstone_de_dpa,Crespel & Deiters GmbH & Co. KG,,Münster,Münster Münster,"Ausbildung als Fachinformatiker f. Daten- & Prozessanalyse (m/w/d) bei Crespel & Deiters GmbH & Co. KG

Ihre Aufgaben
Deine Aufgaben
Darum geht´s: ch! Du übersetzt unsere Daten und Abläufe in digitale Prozesse. Du lernst Geschäftsprozesse zu analysieren, sie durch IT-Systeme zu verbessern. So identifizierst du Optimierungsmöglichkeiten und gestaltest datengesteuerte Geschäfts- und Produktionsprozesse oder automatisierst mögliche Arbeitsschritte. Du bereitest die notwendigen digitalen Informationen auf und stellst diese Daten für die Digitalisierung bereit. Du bist bei unterschiedlichen IT-Projekten im Einsatz und trägst zur IT-Sicherheit sowie zum Datenschutz im Unternehmen Dauer: en bei. Die Ausbildung dauert 3 Jahre. Neben dem praktischen Teil vor Ort besuchst du die Berufsschule in

Das bringst du mit:
Du bist mit der Schule fertig und hast Lust bei uns den Grundstein für deine berufliche Zukunft zu setzen? Oder die ständige Theorie des Studiums ist doch nichts für dich und du willst endlich in die Arbeitswelt eintauchen? Dann suchen wir dich! n Münster.
Du bist zuverlässig und wissbegierig
Du arbeitest gerne in einem coolen und motivierten Team
Du brennst für Zahlen, IT und Computertechnik
Du gehst Problemstellungen gerne auf den Grund
Jeder Schulabschluss ist willkommen: Überzeuge uns von deinen Fähigkeiten!
Nach erfolgreichem Abschluss der Ausbildung sind wir bestrebt all unsere Azubis zu übernehmen
Techniker:in Fachrichtung Informatik
Betriebs- oder Fachwirt:in für Informationsverarbeitung
Studium mit Bezug zu Informatik

Deine Benefits
Attraktive Vergütung nach Tarifvertrag mit Weihnachts- und Urlaubsgeld
1. Lehrjahr: 1.144 €
2. Lehrjahr: 1.317 €
3. Lehrjahr: 1.535 €
Eigenverantwortliches Arbeiten in einem motivierenden, kollegialen Team
Flexible Arbeitszeiten
Moderne Arbeitswelt
Qualifizierte Ausbilder:innen
Azubi-Events
Vielfältige Entwicklungsmöglichkeiten
Vom Arbeitgeber mitfinanzierte Altersvorsorge
Umfangreiche Angebote des betrieblichen Gesundheitsmanagements
Zuschuss zu Hansefit
Vergünstigtes Laden an betriebseigenen E-Ladesäulen
Deine Möglichkeiten nach der Ausbildung
Individuelle Zukunftsplanung zum Ende der Ausbildung:","1.144 €, 1.317 €, 1.535 €","Das bringst du mit:
Du bist mit der Schule fertig und hast Lust bei uns den Grundstein für deine berufliche Zukunft zu setzen? Oder die ständige Theorie des Studiums ist doch nichts für dich und du willst endlich in die Arbeitswelt eintauchen? Dann suchen wir dich! n Münster.
Du bist zuverlässig und wissbegierig
Du arbeitest gerne in einem coolen und motivierten Team
Du brennst für Zahlen, IT und Computertechnik
Du gehst Problemstellungen gerne auf den Grund
Jeder Schulabschluss ist willkommen: Überzeuge uns von deinen Fähigkeiten!
Nach erfolgreichem Abschluss der Ausbildung sind wir bestrebt all unsere Azubis zu übernehmen
Techniker:in Fachrichtung Informatik
Betriebs- oder Fachwirt:in für Informationsverarbeitung
Studium mit Bezug zu Informatik",Ausbildung | als Fachinformatiker f. Daten- & Prozessanalyse (m/w/d) bei Crespel & Deiters GmbH & Co. KG,dpa,,"Deine Benefits
Attraktive Vergütung nach Tarifvertrag mit Weihnachts- und Urlaubsgeld
1. Lehrjahr: 1.144 €
2. Lehrjahr: 1.317 €
3. Lehrjahr: 1.535 €
Eigenverantwortliches Arbeiten in einem motivierenden, kollegialen Team
Flexible Arbeitszeiten
Moderne Arbeitswelt
Qualifizierte Ausbilder:innen
Azubi-Events
Vielfältige Entwicklungsmöglichkeiten
Vom Arbeitgeber mitfinanzierte Altersvorsorge
Umfangreiche Angebote des betrieblichen Gesundheitsmanagements
Zuschuss zu Hansefit
Vergünstigtes Laden an betriebseigenen E-Ladesäulen
Deine Möglichkeiten nach der Ausbildung
Individuelle Zukunftsplanung zum Ende der Ausbildung:",,,empty,,https://twitter.com/stepstone_de,https://twitter.com/stepstone_de,https://twitter.com/stepstone_de,externe,,,,stepstone_de,https://www.stepstone.de/stellenangebote--Ausbildung-als-Fachinformatiker-f-Daten-Prozessanalyse-m-w-d-bei-Crespel-Deiters-GmbH-Co-KG-Muenster-Crespel-Deiters-GmbH-Co-KG--14087662-inline.html,False,,60,,,,2026-06-12T21:24:39.394080+00:00
STEP-12896150,stepstone_de_dpa,Markant Gruppe,"48.48147,7.920142",Offenburg,Hanns-Martin-Schleyer-Straße 2 77650 Offenburg,"IT-Ausbildung zum Fachinformatiker Daten- und Prozessanalyse 2026 (m/w/d) - in Kooperation mit der Gewerblich-Technischen Schule Offenburg

Dabei übernehmen Sie selbstständig Analyseaufgaben, entwickeln eigene Lösungen und präsentieren Ihre Ergebnisse.
Unser Aufgabenprofil
Sie analysieren Daten aus unterschiedlichen Quellen und analysieren diese.
Sie entwickeln Tools und Skripte zur Automatisierung von Abläufen.
Sie nehmen an Erlebnistagen, Seminaren und Workshops zur persönlichen und fachlichen Weiterentwicklung teil.
Sie wirken an internen und externen IT-Projekten mit.
Sie untersuchen und optimieren betriebliche Prozesse.
Ihr Bewerberprofil
Sie haben einen sehr guten Realschulabschluss, idealerweise BK I, BK II oder ein technisch ausgerichtetes Abitur mit guten Leistungen in Mathematik, Informatik/Technik, Deutsch und Englisch.
Sie haben Freude daran, IT-Lösungen zu erarbeiten und eigene Software-Projekte umzusetzen.
Sie interessieren sich für aktuelle IT-Trends wie Künstliche Neuronale Netze oder Large-Language-Modelle.
Sie arbeiten zuverlässig und eigenständig und haben Freude daran, Ihre Ausbildung aktiv mitzugestalten.
Sie zeichnen sich durch Teamfähigkeit, Kommunikationsstärke und Engagement aus.
Sie haben erste Erfahrungen im Umgang mit Daten oder Programmierung, z. B. durch schulische oder private Projekte.
Sie begeistern sich für IT, Daten und analytisches Arbeiten.
Was uns auszeichnet
Spannende Projekte und abwechslungsreiche Aufgaben
Vielfältige Fortbildungs- und Entwicklungsmöglichkeiten
Ein kollegiales Arbeitsumfeld mit offener Kommunikation und Duz-Kultur
Unternehmensübergreifende Projekte und Azubi Exchange Programm in Burgwedel bei unserem Partner Rossmann
4-tägige Abschlussfahrt an einen internationalen Standort der Markant Gruppe

Arbeitgeberfinanzierte betriebliche Altersvorsorge Arbeitsplatzumgebung am Puls der Zeit (inkl. höhenverstellbarer Schreibtische) BEST PLACE TO LEARN Corporate Benefits Partner Einladendes, arbeitgebergefördertes Betriebsrestaurant Fahrtkostenzuschuss (ÖPNV) im Ausbildungsbereich Hansefit Zuschuss zur Fachliteratur (Ausbildung / Studium)",,,Ausbildung | IT-zum Fachinformatiker Daten- und Prozessanalyse 2026 (m/w/d) - in Kooperation mit der Gewerblich-Technischen Schule Offenburg,dpa,,"Arbeitgeberfinanzierte betriebliche Altersvorsorge Arbeitsplatzumgebung am Puls der Zeit (inkl. höhenverstellbarer Schreibtische) BEST PLACE TO LEARN Corporate Benefits Partner Einladendes, arbeitgebergefördertes Betriebsrestaurant Fahrtkostenzuschuss (ÖPNV) im Ausbildungsbereich Hansefit Zuschuss zur Fachliteratur (Ausbildung / Studium)",,,empty,,https://twitter.com/stepstone_de,https://twitter.com/stepstone_de,https://twitter.com/stepstone_de,externe,"Kontakt
Markant Services International GmbH
Herr Kevin Zurlinden
Bereich Personal
Telefon: +49 781 616-244
Eine fundierte und praxisnahe Ausbildung in einem zukunftssicheren Berufsfeld
Eine individuelle Betreuung durch erfahrene Ausbilderinnen und Ausbilder
Ganztages-Exkursionen zu unseren Partnern wie z.B. Rittersport oder Procter&Gamble
Moderne Arbeitsplätze mit aktueller Technik",,,stepstone_de,https://www.stepstone.de/stellenangebote--IT-Ausbildung-zum-Fachinformatiker-Daten-und-Prozessanalyse-2026-m-w-d-in-Kooperation-mit-der-Gewerblich-Technischen-Schule-Offenburg-Offenburg-Markant-Gruppe--12896150-inline.html,False,,60,,,,2026-06-12T21:45:54.570547+00:00
STEP-14139107,stepstone_de_dpa,Lokalpioniere GmbH & Co. KG,,Rheda-Wiedenbrück,Rheda-Wiedenbrück Rheda-Wiedenbrück,"Ausbildung zum Fachinformatiker (m/w/d) - Fachrichtung Daten- und Prozessanalyse

Deine Aufgaben:
Analyse von Daten und Geschäftsprozessen
Unterstützung bei der Optimierung und Digitalisierung von Arbeitsabläufen
Aufbereitung, Auswertung und Visualisierung von Daten
Mitarbeit an IT-gestützten Projekten und Prozessen
Zusammenarbeit mit verschiedenen Fachabteilungen
Dokumentation von Prozessen und Analyseergebnissen

Dein Profil:
Guter Schulabschluss (mindestens mittlere Reife)
Interesse an IT, Daten, Zahlen und digitalen Prozessen
Analytisches Denkvermögen und strukturierte Arbeitsweise
Teamfähigkeit und Lust, Neues zu lernen
Eigeninitiative und Verantwortungsbewusstsein
Grundkenntnisse im Umgang mit PC und Software sind von Vorteil

Das bieten wir dir:
Eine zukunftssichere Ausbildung mit besten Perspektiven
junges, motiviertes und sehr cooles Team
Spannende Einblicke in datenbasierte und digitale Prozesse
Moderne Arbeitsplätze und aktuelle IT-Technologien
Intensive Betreuung während deiner gesamten Ausbildung
Sehr gute Übernahmechancen nach erfolgreichem Abschluss
ANZEIGE – Premiumpartner",,"Dein Profil:
Guter Schulabschluss (mindestens mittlere Reife)
Interesse an IT, Daten, Zahlen und digitalen Prozessen
Analytisches Denkvermögen und strukturierte Arbeitsweise
Teamfähigkeit und Lust, Neues zu lernen
Eigeninitiative und Verantwortungsbewusstsein
Grundkenntnisse im Umgang mit PC und Software sind von Vorteil",Ausbildung | zum Fachinformatiker (m/w/d) - Fachrichtung Daten- und Prozessanalyse,dpa,,"Das bieten wir dir:
Eine zukunftssichere Ausbildung mit besten Perspektiven
junges, motiviertes und sehr cooles Team
Spannende Einblicke in datenbasierte und digitale Prozesse
Moderne Arbeitsplätze und aktuelle IT-Technologien
Intensive Betreuung während deiner gesamten Ausbildung
Sehr gute Übernahmechancen nach erfolgreichem Abschluss
ANZEIGE – Premiumpartner",,,empty,,https://twitter.com/stepstone_de,https://twitter.com/stepstone_de,https://twitter.com/stepstone_de,externe,"Kontakt
Ihr Ansprechpartner:
Ihr Einsatzort
Um die Karte ansehen zu können, müssen Daten von externen Dienstanbietern (hier Google Maps) geladen werden. Dazu müssen Sie uns vorab Ihre Einwilligung geben.
Einstellungen aufrufen",,,stepstone_de,https://www.stepstone.de/stellenangebote--Ausbildung-zum-Fachinformatiker-m-w-d-Fachrichtung-Daten-und-Prozessanalyse-Rheda-Wiedenbrueck-Lokalpioniere-GmbH-Co-KG--14139107-inline.html,False,,60,,,,2026-06-12T21:37:05.801807+00:00
STEP-13917396,stepstone_de_dpa,BIA Kunststoff- und Galvanotechnik GmbH & Co. KG,,Solingen,"Solingen, Deutschland Solingen","Ausbildung zum/zur Fachinformatikerin für 2026 (m/w/d)

Ihre Aufgaben
In unserer IT lernst du, wie ein modernes Industrieunternehmen digital funktioniert – von der Einrichtung einzelner Arbeitsplätze bis zur Betreuung komplexer Server- und Netzwerksysteme. Dabei arbeitest du mit neuesten Technologien und unterstützt Kolleg:innen bei technischen Herausforderungen im Alltag
Du gehst Aufgaben strukturiert an – Sorgfalt und Genauigkeit sind für dich selbstverständlich
Das erwartet dich
Ausbildungsbeginn: 01.08.2026 Ausbildungsdauer: 3 Jahre Berufsschule: Technisches Berufskolleg Solingen (Wöchentlicher Unterricht)

Das solltest du mitbringen
Fachhochschulreife oder Allgemeine Hochschulreife – wichtig ist: du bist bereit, durchzustarten
Du hast Spaß an IT, Hardware und Netzwerken und tüftelst gerne, bis alles läuft
Du bleibst ruhig, wenn’s mal hakt – Analysieren und selbstständig Lösungen entwickeln ist genau dein Ding

Wir bieten
Wir bieten dir Vorteile mit vielen Extras
Bei uns bekommst du nicht nur eine Ausbildung, sondern auch einen Platz, an dem du dich entfalten kannst. Wir geben dir das Wissen, die Technik und die Unterstützung, die du brauchst – und feiern deine Fortschritte gemeinsam. Du wirst Teil eines Azubi-Netzwerks, kannst dich austauschen, neue Freundschaften schließen und echte Erfolgsmomente erleben. Außerdem erwarten dich:
Top-Auszubildenden-Gehalt + faire Konditionen
30 Tage Urlaub – genug Zeit zum Abschalten
Gute Übernahmechancen nach der Ausbildung – wir bilden intern für den eigenen Bedarf aus
Gesundheit & Sport: Angebote zur Gesundheitsförderung
Individuelle Laufbahnplanung - Weil dein Talent einen eigenen Weg verdient
Parkplätze & gute Anbindung – bequem bei der Arbeit sein
Vergünstigtes Job-Ticket
Kennenlernwoche & persönliche Betreuung während der gesamten Ausbildung
Azubi-Events, Netzwerk & Workshops – Zusammenhalt & Spaß inklusive
Prüfungsvorbereitung & Unterstützung durch dein Team
Mitarbeiterrabatte / Corporate Benefits – exklusive Angebote für Mitarbeiter:innen",,"Das solltest du mitbringen
Fachhochschulreife oder Allgemeine Hochschulreife – wichtig ist: du bist bereit, durchzustarten
Du hast Spaß an IT, Hardware und Netzwerken und tüftelst gerne, bis alles läuft
Du bleibst ruhig, wenn’s mal hakt – Analysieren und selbstständig Lösungen entwickeln ist genau dein Ding",Ausbildung | zum/zur Fachinformatikerin für 2026 (m/w/d),dpa,,"Wir bieten
Wir bieten dir Vorteile mit vielen Extras
Bei uns bekommst du nicht nur eine Ausbildung, sondern auch einen Platz, an dem du dich entfalten kannst. Wir geben dir das Wissen, die Technik und die Unterstützung, die du brauchst – und feiern deine Fortschritte gemeinsam. Du wirst Teil eines Azubi-Netzwerks, kannst dich austauschen, neue Freundschaften schließen und echte Erfolgsmomente erleben. Außerdem erwarten dich:
Top-Auszubildenden-Gehalt + faire Konditionen
30 Tage Urlaub – genug Zeit zum Abschalten
Gute Übernahmechancen nach der Ausbildung – wir bilden intern für den eigenen Bedarf aus
Gesundheit & Sport: Angebote zur Gesundheitsförderung
Individuelle Laufbahnplanung - Weil dein Talent einen eigenen Weg verdient
Parkplätze & gute Anbindung – bequem bei der Arbeit sein
Vergünstigtes Job-Ticket
Kennenlernwoche & persönliche Betreuung während der gesamten Ausbildung
Azubi-Events, Netzwerk & Workshops – Zusammenhalt & Spaß inklusive
Prüfungsvorbereitung & Unterstützung durch dein Team
Mitarbeiterrabatte / Corporate Benefits – exklusive Angebote für Mitarbeiter:innen",,,empty,,https://twitter.com/stepstone_de,https://twitter.com/stepstone_de,https://twitter.com/stepstone_de,externe,"Kontakt
Bewirb dich jetzt!",,,stepstone_de,https://www.stepstone.de/stellenangebote--Ausbildung-zum-zur-Fachinformatikerin-fuer-2026-m-w-d-Solingen-Deutschland-BIA-Kunststoff-und-Galvanotechnik-GmbH-Co-KG--13917396-inline.html,False,,60,2026,8,2026-08-01,2026-06-12T21:41:36.573237+00:00
STEP-14002373,stepstone_de_dpa,medatixx GmbH & Co. KG,,44 Dortmund,"44 Dortmund, Deutschland 44 Dortmund","Ausbildung Fachinformatiker (m/w/d) für Daten- und Prozessanalyse bei medatixx GmbH & Co. KG Jobportal

Ihre Aufgaben

Welche Benefits erwarten dich bei uns?
Dortmund
IT
Vollzeit
Kennziffer: 202601-NLWEST01
Entwicklungsmöglichkeiten: Eine praxisorientierte Ausbildung mit sehr guten Perspektiven und mit Einbindung in IT-Projekte
Attraktive Vergütung und Flexibilität durch Gleitzeit
Optimale Vorbereitung auf Prüfungen, z. B. durch Trainings und Praxissimulationen
Sonderurlaub zur Vorbereitung auf die Abschlussprüfung
Wir bilden aus damit du bleibst - sehr hohe Übernahmechancen nach der Ausbildung für einen zukunftssicherer Arbeitsplatz in einer wachstumsstarken Branche
Durch deine sinngebende Mitarbeit an der Digitalisierung von Praxisabläufen trägst du zur Verbesserung des Gesundheitssystems bei
Regelmäßige Azubimeetings und ein jährliches Azubi-Event mit allen Auszubildenden der medatixx
Gesundheit steht bei uns im Fokus – wir bieten dir neben Obstkörben und unserem medatixx Lunch, eine Fitness- und Gesundheitsapp
Mitarbeiterrabatte bei namhaften Marken",,,Ausbildung | Fachinformatiker (m/w/d) für Daten- und Prozessanalyse bei medatixx GmbH & Co. KG Jobportal,dpa,,"Welche Benefits erwarten dich bei uns?
Dortmund
IT
Vollzeit
Kennziffer: 202601-NLWEST01
Entwicklungsmöglichkeiten: Eine praxisorientierte Ausbildung mit sehr guten Perspektiven und mit Einbindung in IT-Projekte
Attraktive Vergütung und Flexibilität durch Gleitzeit
Optimale Vorbereitung auf Prüfungen, z. B. durch Trainings und Praxissimulationen
Sonderurlaub zur Vorbereitung auf die Abschlussprüfung
Wir bilden aus damit du bleibst - sehr hohe Übernahmechancen nach der Ausbildung für einen zukunftssicherer Arbeitsplatz in einer wachstumsstarken Branche
Durch deine sinngebende Mitarbeit an der Digitalisierung von Praxisabläufen trägst du zur Verbesserung des Gesundheitssystems bei
Regelmäßige Azubimeetings und ein jährliches Azubi-Event mit allen Auszubildenden der medatixx
Gesundheit steht bei uns im Fokus – wir bieten dir neben Obstkörben und unserem medatixx Lunch, eine Fitness- und Gesundheitsapp
Mitarbeiterrabatte bei namhaften Marken",,,empty,,https://twitter.com/stepstone_de,https://twitter.com/stepstone_de,https://twitter.com/stepstone_de,externe,"In deiner Ausbildung wirst du unsere IT-Systeme und betrieblichen Abläufe im Detail kennenlernen. Schritt für Schritt wirst du in die Analyse, Optimierung und Entwicklung von daten- und prozessorientierten Lösungen eingeführt. Du übernimmst dabei zunehmend Verantwortung und wirst aktiv in Projekte eingebunden. Mit Unterstützung deiner festen Ansprechpartner trainierst du deine analytischen Fähigkeiten und vertiefst deine Kenntnisse in der Prozessmodellierung und Datenaufbereitung. So wirst du optimal auf deinen beruflichen Erfolg vorbereitet.
Ihr Profil
Welche Eigenschaften sind in diesem Beruf besonders wichtig?
Begeisterung für Datenanalysen und digitale Prozesse
Ein gutes mathematisches Verständnis und logisches Denken
Teamfähigkeit und gute Kommunikationsfähigkeiten
Kontakt
Du möchtest mit uns gemeinsam in dein Berufsleben starte n? Dann freuen wir uns auf deine Bewerbung un „Jetzt bewerben!“ ter .",,,stepstone_de,https://www.stepstone.de/stellenangebote--Ausbildung-Fachinformatiker-m-w-d-fuer-Daten-und-Prozessanalyse-bei-medatixx-GmbH-Co-KG-Jobportal-44-Dortmund-Deutschland-medatixx-GmbH-Co-KG--14002373-inline.html,False,,53,,,,2026-06-12T21:23:06.739190+00:00
STEP-13032040,stepstone_de_dpa,SHD Group Holding GmbH,,56626 Andernach,"56626 Andernach, Deutschland 56626 Andernach","Ausbildung Fachinformatiker für Daten- und Prozessanalyse (m/w/d) 2026

Ihre Aufgaben
Deine Herausforderung bei uns
Du analysierst Geschäftsprozesse und findest heraus, wie man sie verbessern kann.
Du sammelst und verarbeitest Daten – und ziehst daraus wichtige Schlüsse.
Du entwickelst Softwarelösungen, die den Arbeitsalltag einfacher machen.
Du digitalisierst und automatisierst Prozesse – für mehr Effizienz.
Du lernst, worauf es bei IT-Sicherheit und Datenschutz ankommt.
Du tauchst ein in Themen wie Big Data, KI und Machine Learning.
Dieses Team erwartet dich
So überzeugst du
Hast du Fachabitur oder Abitur?
Hast du Spaß an Mathematik, IT und logischem Denken?
Interessierst du dich für Daten, Analysen und digitale Abläufe?
Bist du ein Teamplayer und bringst gerne eigene Ideen mit ein?
Magst du es, komplexe Probleme zu durchdringen und zu lösen?
Auch wenn du nicht jeden Punkt erfüllst, aber der Meinung bist, du passt zu uns, dann freuen wir uns auf jeden Fall auf deine Bewerbung!
Das kannst du erwarten
Moderne Arbeitsplätze und die Möglichkeit zum mobilen Arbeiten
Ein starkes Azubi-Team mit über 45 Mitstreitern in IT-Berufen

SHD-Jobrad & weitere Benefits
Weihnachts- und Urlaubsgeld
Betriebliche Altersvorsorge & vermögenswirksame Leistungen",,,Ausbildung | Fachinformatiker für Daten- und Prozessanalyse (m/w/d) 2026,dpa,,"SHD-Jobrad & weitere Benefits
Weihnachts- und Urlaubsgeld
Betriebliche Altersvorsorge & vermögenswirksame Leistungen",,,empty,,https://twitter.com/stepstone_de,https://twitter.com/stepstone_de,https://twitter.com/stepstone_de,externe,"Engagierte Ausbilder und feste Ansprechpartner
Kostenlos Wasser, Kaffee, Obst – plus Parkplätze & Ladesäulen",,,stepstone_de,https://www.stepstone.de/stellenangebote--Ausbildung-Fachinformatiker-fuer-Daten-und-Prozessanalyse-m-w-d-2026-56626-Andernach-Deutschland-SHD-Group-Holding-GmbH--13032040-inline.html,False,,53,,,,2026-06-12T21:18:46.479207+00:00
STEP-13139380,stepstone_de_dpa,GEWO-Feinmechanik GmbH,,85457 Wörth-Hörlkofen,"85457 Wörth-Hörlkofen, Deutschland 85457 Wörth-Hörlkofen","Ausbildung zum/zur Fachinformatiker/in für Anwendungsentwicklung (m/w/d) bei GEWO Feinmechanik GmbH & Co. KG

Ihre Aufgaben
DEIN AUFGABENGEBIET
Systemchecker mit Logik Als Auszubildender zum Fachinformatiker lernst Du die verschiedenen digitalen Systeme zu administrieren und auszubauen, die ganz GEWO miteinander vernetzen. Du kannst zwischen drei verschiedenen Schwerpunkten wählen:
Fachinformatiker für Systemintegration
Fachinformatiker für Anwendungsentwicklung
Fachinformatiker für Daten- und Prozessanalyse
Der Anwendungsentwickler vertieft sich dabei darauf, das Warenwirtschaftssystem mit neuen Funktionen zu erweitern und die daran angebundenen Anwendungen zu verwalten. Du begleitest den gesamten Prozess der Softwareentwicklung. Das beinhaltet den Entwurf und die Entwicklung anwendungsspezifischer Software sowie die Optimierung bestehender Anwendungen.Auch die Erarbeitung von anwendungsgerechten Benutzeroberflächen, das Testen neuer Software und die Fehlerbehebung gehören zu Deinen Aufgaben. Die Fachinformatiker aller Fachrichtungen unterstützen darüber hinaus alle GEWO Mitarbeiter bei IT-spezifischen Fragen oder Problemen.

DEIN PROFIL
M-Zug oder mittlere Reife
Kommunikations- und Teamfähigkeit
gute PC-Kenntnisse
einwöchiges Praktikum bei GEWO",,"DEIN PROFIL
M-Zug oder mittlere Reife
Kommunikations- und Teamfähigkeit
gute PC-Kenntnisse
einwöchiges Praktikum bei GEWO",Ausbildung | zum/zur Fachinformatiker/in für Anwendungsentwicklung (m/w/d) bei GEWO Feinmechanik GmbH & Co. KG,dpa,,,,,empty,,https://twitter.com/stepstone_de,https://twitter.com/stepstone_de,https://twitter.com/stepstone_de,externe,"Kontakt
BEWIRB.DICH.JETZT
Dein Ansprechpartner:
Sarah Feuker
Senior Spezialist HR, Abteilungsleiter Marketing
+49 (0) 8122/9748 - 126",,,stepstone_de,https://www.stepstone.de/stellenangebote--Ausbildung-zum-zur-Fachinformatiker-in-fuer-Anwendungsentwicklung-m-w-d-bei-GEWO-Feinmechanik-GmbH-Co-KG-85457-Woerth-Hoerlkofen-Deutschland-GEWO-Feinmechanik-GmbH--13139380-inline.html,False,,53,,,,2026-06-12T21:41:12.740455+00:00
STEP-13894424,stepstone_de_dpa,ATTERER Stahlcenter GmbH,,87616 Marktoberdorf,"87616 Marktoberdorf, Deutschland 87616 Marktoberdorf","Ausbildung zum/zur Fachinformatiker/-in (M/W/D) mit Schwerpunkt Systemintegration oder Daten- & Prozessanalyse

Ihre Aufgaben
Du lernst die Provisionierung und Administration von Soft- & Hardware
Du wirst Spezialist für die Administration & Wartung von Servern und Datenbanken
Du übernimmst Aufgaben in der Administration unseres MES-Systems
Du erstellst Auswertungen und Datenanalysen auf Basis einer BI-Lösung
Du lernst die Datensicherung & -wiederherstellung
Du übernimmst die Steuerung von SCRUM-Teams
Ihr Profil
DEINE AUSBILDUNG
DAS BIST DU
Neben guten Noten (mindestens mittlere Reife), Leistungsbereitschaft und Freude an der Arbeit solltest Du:
Freude am Umgang mit IT-Hardware jeglicher Art haben
Interesse an Bit & Bytes sowie Daten haben
eine hohe Lernbereitschaft haben und dein Leben lang mit dem Fortschritt gehen wollen
Ein selbstbewusstes, sicheres und freundliches Auftreten haben
Aktuell erleben wir in Deutschland eine Phase großer Investitionen in Infrastruktur und Industrie. Der Bedarf an verlässlichen Partnern im Stahlbereich ist so hoch wie selten zuvor. Das eröffnet uns nicht nur starke Wachstumschancen, sondern auch viele spannende Aufgaben – Aufgaben, die wir nicht allein, sondern gemeinsam mit engagierten Auszubildenden gestalten wollen.
Denn wer heute eine Ausbildung beginnt, hat die Zukunft auf seiner Seite. Der demografische Wandel bringt viele Möglichkeiten mit sich – und wer bereit ist, anzupacken, hat die Wahl. Wir glauben fest daran, dass man nicht in die Ferne schweifen muss, um Großes zu bewegen. Im Gegenteil: Hier, in unserer Heimat, gibt es jede Menge Potenzial – und mit einem starken, familiengeführten Unternehmen im Rücken eröffnen sich Perspektiven, die weit über die Ausbildung hinausgehen.
Wir freuen uns auf junge Menschen, die mit uns gestalten wollen – mit Neugier, Einsatzfreude und einem sicheren Gespür für Qualität.
Deine Bewerbung
Wenn Du Lust hast, mit uns die Zukunft der Region (und weit darüber hinaus) mitzugestalten, dann sagen wir: Herzlich willkommen!
Jetzt gleich bewerben!
Um Dir den Bewerbungsprozess so einfach wie möglich zu machen, bieten wir Dir folgende Punkte:

Wir bieten
AUSBILDUNGSSTART SEPTEMBER 2026 ODER FOLGENDE JAHRE
Die Welt verändert sich in rasantem Tempo – ob geopolitisch, wirtschaftlich oder technologisch. Gerade in unsicheren Zeiten zeigt sich, wie wichtig ein stabiles Fundament ist. Für uns als Atterer Stahlcenter GmbH bedeutet das: regional verwurzelt, zukunftsorientiert und bereit, Verantwortung zu übernehmen – für unsere Kunden, unsere Region und ganz besonders für unsere Nachwuchstalente.",,,Ausbildung | zum/zur Fachinformatiker/-in (M/W/D) mit Schwerpunkt Systemintegration oder Daten- & Prozessanalyse,dpa,,"Wir bieten
AUSBILDUNGSSTART SEPTEMBER 2026 ODER FOLGENDE JAHRE
Die Welt verändert sich in rasantem Tempo – ob geopolitisch, wirtschaftlich oder technologisch. Gerade in unsicheren Zeiten zeigt sich, wie wichtig ein stabiles Fundament ist. Für uns als Atterer Stahlcenter GmbH bedeutet das: regional verwurzelt, zukunftsorientiert und bereit, Verantwortung zu übernehmen – für unsere Kunden, unsere Region und ganz besonders für unsere Nachwuchstalente.",,,empty,,https://twitter.com/stepstone_de,https://twitter.com/stepstone_de,https://twitter.com/stepstone_de,externe,,"Einfach die ONE-CLICK-BEWERBUNG ohne Unterlagen ausfüllen
Alternativ kannst Du Dich auch per E-Mail an bewerbenkarriere@atterer.com
Wir melden uns bei Dir und laden Dich gegebenenfalls zu einem Gespräch ein
Du kannst Deine zukünftige Arbeit und unser Team unverbindlich im Rahmen einer Probearbeit kennenlernen
Alle Fragen, die Du zur Arbeit oder auch der Bewerbung hast, kannst Du telefonisch oder per E-Mail stellen, und wir werden versuchen, sie so schnell wie möglich zu beantworten",,stepstone_de,https://www.stepstone.de/stellenangebote--Ausbildung-zum-zur-Fachinformatiker-in-M-W-D-mit-Schwerpunkt-Systemintegration-oder-Daten-Prozessanalyse-87616-Marktoberdorf-Deutschland-ATTERER-Stahlcenter-GmbH--13894424-inline.html,False,,53,2026,9,,2026-06-12T21:41:03.798619+00:00
STEP-14079118,stepstone_de_dpa,HEUFT SYSTEMTECHNIK GMBH,,Burgbrohl,Burgbrohl Burgbrohl,"Ausbildung zum Fachinformatiker für Daten- und Prozessanalyse (m/w/d)

Deine Aufgaben:
Prozessanalyse & Optimierung:
Datenmanagement:
Reporting & Visualisierung:
Automatisierung:

Dein Profil
Schulabschluss:
Interesse:
Fähigkeiten:
Persönlichkeit:
Motivation:

Wir bieten
Flexible Arbeitszeiten & familienfreundliche Strukturen – weil Beruf und Privatleben Hand in Hand gehen sollen
Flache Hierarchien & kurze Entscheidungswege – bei uns zählt, was du einbringst, nicht dein Titel
Betriebseigene Kantine mit täglich frisch zubereiteten Gerichten aus eigener Küche zu vergünstigten Preisen
Kostenlose Sprachkurse – wir unterstützen dich bei deiner persönlichen und beruflichen Weiterentwicklung
Vermögenswirksame Leistungen & 13 Gehälter – faire Konditionen und Sicherheit inklusive
30 Urlaubstage plus Sonderurlaub in besonderen Lebenssituationen
Kostenloser Parkplatz, modernes IT- und JobRad-Leasing – für nachhaltige Mobilität und smartes Arbeiten
Mitarbeiterrabatte und attraktive Vergünstigungen bei unseren Partnern
Sport- und Gesundheitsangebote mit Zugang zum Betriebsarzt
Regelmäßige Firmenevents & gemeinsame Aktivitäten – vom Sommerfest bis zur Teilnahme an Sportveranstaltungen
37,5-Stunden-Woche – damit genug Zeit für alles bleibt, was dir wichtig ist",,"Dein Profil
Schulabschluss:
Interesse:
Fähigkeiten:
Persönlichkeit:
Motivation:",Ausbildung | zum Fachinformatiker für Daten- und Prozessanalyse (m/w/d),dpa,,"Wir bieten
Flexible Arbeitszeiten & familienfreundliche Strukturen – weil Beruf und Privatleben Hand in Hand gehen sollen
Flache Hierarchien & kurze Entscheidungswege – bei uns zählt, was du einbringst, nicht dein Titel
Betriebseigene Kantine mit täglich frisch zubereiteten Gerichten aus eigener Küche zu vergünstigten Preisen
Kostenlose Sprachkurse – wir unterstützen dich bei deiner persönlichen und beruflichen Weiterentwicklung
Vermögenswirksame Leistungen & 13 Gehälter – faire Konditionen und Sicherheit inklusive
30 Urlaubstage plus Sonderurlaub in besonderen Lebenssituationen
Kostenloser Parkplatz, modernes IT- und JobRad-Leasing – für nachhaltige Mobilität und smartes Arbeiten
Mitarbeiterrabatte und attraktive Vergünstigungen bei unseren Partnern
Sport- und Gesundheitsangebote mit Zugang zum Betriebsarzt
Regelmäßige Firmenevents & gemeinsame Aktivitäten – vom Sommerfest bis zur Teilnahme an Sportveranstaltungen
37,5-Stunden-Woche – damit genug Zeit für alles bleibt, was dir wichtig ist",,,empty,,https://twitter.com/stepstone_de,https://twitter.com/stepstone_de,https://twitter.com/stepstone_de,externe,,,,stepstone_de,https://www.stepstone.de/stellenangebote--Ausbildung-zum-Fachinformatiker-fuer-Daten-und-Prozessanalyse-m-w-d-Burgbrohl-HEUFT-SYSTEMTECHNIK-GMBH--14079118-inline.html,False,,53,,,,2026-06-12T21:32:23.214954+00:00
STEP-13883187,stepstone_de_dpa,IT-P Information Technology-Partner GmbH,,Hannover,Hannover Hannover,"Ausbildung zum Fachinformatiker Daten- und Prozessanalyse (m/w/d) für 2026

Das zeichnet dich aus
Du hast Abitur/Fachhochschulreife (gerne auch Studienabbrecher)
Spaß an Daten, Zahlen und logischem Denken
Technisches Verständnis sowie IT-Grundkenntnisse
Strukturierte, neugierige und serviceorientierte Arbeitsweise sowie Teamfähigkeit

Wir bieten
Wir bieten dir
Eine kontinuierliche Ausbildungsbetreuung
Regelmäßige Azubi-Events
Flache Hierarchien
Fahrkartenzuschuss
Laptop
Möglichkeit die Ausbildung zu verkürzen
…und vieles mehr!
Deine Chance für unseren gemeinsamen Erfolg
In deiner Ausbildung zum Fachinformatiker Daten- und Prozessanalyse (m/w/d) hast du die Möglichkeit, als Mitglied eines starken Teams Verantwortung zu übernehmen und deine Fähigkeiten unter Beweis zu stellen. Wenn du gern praxisnah und zukunftsorientiert arbeitest, bist du bei uns richtig! Wir freuen uns, wenn wir dich von uns überzeugen können!",,"Das zeichnet dich aus
Du hast Abitur/Fachhochschulreife (gerne auch Studienabbrecher)
Spaß an Daten, Zahlen und logischem Denken
Technisches Verständnis sowie IT-Grundkenntnisse
Strukturierte, neugierige und serviceorientierte Arbeitsweise sowie Teamfähigkeit",Ausbildung | zum Fachinformatiker Daten- und Prozessanalyse (m/w/d) für 2026,dpa,,"Wir bieten
Wir bieten dir
Eine kontinuierliche Ausbildungsbetreuung
Regelmäßige Azubi-Events
Flache Hierarchien
Fahrkartenzuschuss
Laptop
Möglichkeit die Ausbildung zu verkürzen
…und vieles mehr!
Deine Chance für unseren gemeinsamen Erfolg
In deiner Ausbildung zum Fachinformatiker Daten- und Prozessanalyse (m/w/d) hast du die Möglichkeit, als Mitglied eines starken Teams Verantwortung zu übernehmen und deine Fähigkeiten unter Beweis zu stellen. Wenn du gern praxisnah und zukunftsorientiert arbeitest, bist du bei uns richtig! Wir freuen uns, wenn wir dich von uns überzeugen können!",,,empty,,https://twitter.com/stepstone_de,https://twitter.com/stepstone_de,https://twitter.com/stepstone_de,externe,,,,stepstone_de,https://www.stepstone.de/stellenangebote--Ausbildung-zum-Fachinformatiker-Daten-und-Prozessanalyse-m-w-d-fuer-2026-Hannover-IT-P-Information-Technology-Partner-GmbH--13883187-inline.html,False,,53,,,,2026-06-12T21:26:43.782053+00:00
STEP-13740297,stepstone_de_dpa,Création Gross GmbH & Co.KG,,Hersbruck,Hersbruck Hersbruck,"Auszubildender zum Fachinformatiker für Daten- und Prozessanalyse (m/w/d) 2026

DAS ERWARTET DICH
Du analysierst und optimierst betriebliche Daten- und Geschäftsprozesse mit Microsoft Dynamics 365 FSCM
Du entwickelst automatisierte Lösungen, um Abläufe effizienter zu gestalten
Du unterstützt die Integration und Weiterentwicklung von Cloud-Technologien
Du arbeitest an spannenden KI-Projekten, modellierst Daten und implementierst KI-basierte Anwendungen
Du erstellst Analysen und Berichte, um die Datenqualität und Prozesse zu verbessern
Du arbeitest mit internen Teams und externen Partnern zusammen, um innovative IT-Lösungen umzusetzen
Du lernst Programmiersprachen und Tools, die für die Daten- und Prozessanalyse wichtig sind
DAMIT ÜBERZEUGST DU UNS
Begeisterung für IT und Daten – Du willst nicht nur konsumieren, sondern verstehen und gestalten
Mathematik und Informatik machen dir Spaß
Erste Programmiererfahrungen – Du hast Lust, dein Wissen zu vertiefen
Neugier auf neue Technologien – wie KI, Cloud-Technologien und Datenanalysen
Gute Englischkenntnisse – Du fühlst dich sicher genug, um mit internationalen IT-Begriffen und Dokumentationen zu arbeiten
Abitur oder mittlere Reife
Eigeninitiative und Teamgeist – Du arbeitest gerne selbstständig, aber auch mit anderen zusammen
BEGINN AB: 01.09.2026 Abwechslungsreiche Aufgaben und die Möglichkeit Verantwortung zu übernehmen
30 Tage Urlaub
Personalkaufregelung, Bio-Obst, Bio-Kaffee, Bio-Tee, Gesundheitstage, kostenlose Parkplätze
Kostenübernahme des Zugtickets
Hohe Übernahmechance nach der Ausbildung
Interne und externe Schulungen, geförderte Weiterbildungsmöglichkeiten
MS Office Paket zur privaten Nutzung Das ist die Création Gross. Das sind wir. Ein Traditionsunternehmen mit fast hundertjähriger Geschichte. Wir sind Menswear. Innovativ, wachstumsstark, international.
Am Anfang stand der Anzug. Dann folgte Kollektion. Unser Anspruch: handwerkliche Tradition mit Zeitgeist zu verbinden.
UNSER ZIEL:
höchste Qualität mit international inspiriertem Design zu vereinen. KENNENLERNEN VOR ORT
Wir laden dich in unser Headquarter oder Store ein, damit du das Team kennenlernen und einen live Eindruck vor Ort gewinnen kannst.
100%
ES GEHT LOS

DAS BIETEN WIR DIR
AUSBILDUNGSPLATZ
AUSBILDUNG
HEADQUARTER HERSBRUCK 91217 HOUBIRGSTRASSE 7",,,Ausbildung | Auszubildender zum Fachinformatiker für Daten- und Prozessanalyse (m/w/d) 2026,dpa,,"DAS BIETEN WIR DIR
AUSBILDUNGSPLATZ
AUSBILDUNG
HEADQUARTER HERSBRUCK 91217 HOUBIRGSTRASSE 7",,,empty,,https://twitter.com/stepstone_de,https://twitter.com/stepstone_de,https://twitter.com/stepstone_de,externe,,"Du erhältst deine Vertragsunterlagen und deinen individuellen Onboarding Plan
BEWERBUNG
BITTE SENDE DEINE UNTERLAGEN PER E-MAIL AN:
LINDA UTZ, PERSONALREFERENTIN
JOBS@CREATIONGROSS.COM
TELEFONNUMMER:
09151/736-272
CREATIONGROSS.COM
WIR FREUEN UNS DARAUF, DICH KENNEN ZU LERNEN! Sende deine Bewerbung mit deiner
Gehaltsvorstellung und dem nächstmöglichen Eintrittsdatum per
E-Mail an: career@carlgross.de oder nutze unser Bewerbungsformular.
50%
INTERVIEW MIT HR & FACHBEREICH
Im ersten digitalen Interview möchten dich unsere Recruiter*innen und Mitglieder des Fachbereichs kennenlernen und erste Rahmenbedingungen besprechen.
75%",,stepstone_de,https://www.stepstone.de/stellenangebote--Auszubildender-zum-Fachinformatiker-fuer-Daten-und-Prozessanalyse-m-w-d-2026-Hersbruck-Creation-Gross-GmbH-Co-KG--13740297-inline.html,False,,53,2026,9,2026-09-01,2026-06-12T21:43:09.949551+00:00
STEP-13971313,stepstone_de_dpa,Rhenus Chemical & FTL Solutions GmbH,,Holzwickede,"Holzwickede, Hengsen, Opherdicke Holzwickede","Ausbildung Fachinformatiker (w/m/d) Daten- und Prozessanalyse 2026

DAS ERWARTET DICH BEI UNS
Von Anfang an bist du in unsere IT-Prozesse und deren Weiterentwicklung eingebunden und übernimmst schnell deine ersten eigenen Aufgaben. Dabei setzen wir in der Ausbildung auf ein starkes Mentorenprogramm, bei dem dir dein Ausbilder als Coach mit Rat und Tat sowie regelmäßigen Feedbackgesprächen zur Seite steht. Obendrein hast du bei uns gute Chancen, nach deiner Ausbildung übernommen zu werden.
Du lernst, wie man Arbeits- und Geschäftsprozesse in der Logistik Schritt für Schritt analysiert, um sie mit digitalen Lösungen noch effizienter zu machen.
Du identifizierst und klassifizierst Daten aus unterschiedlichen Quellen und stellst deren Datenqualität (Validität und Redundanz) sicher.
Unter Anleitung erfahrener Mentoren arbeitest du mit Programmiersprachen wie Java oder Python, nutzt SQL-Datenbanken und lernst, wie man IT-Systeme über Schnittstellen (API, EDI) nahtlos miteinander verknüpft.
Du entwirfst Pläne für neue IT-Lösungen und überlegst dir genau, wie die Daten fließen müssen, damit die Technik am Ende perfekt zu den Abläufen im Lager passt.
Du wendest agile Arbeitsweisen wie Sprints und Retrospektiven an, nutzt Versionskontroll-Tools wie GIT und arbeitest mit modernster Ausrüstung an der Problemlösung in einem professionellen Umfeld.
Du bist gut in Mathe und Informatik und magst es, knifflige Aufgaben Schritt für Schritt zu lösen.
Idealerweise hast du bereits erste Erfahrungen im IT-Bereich gesammelt und verfügst über ein Basisverständnis für Datenstrukturen oder einfache Programmierlogik.
Da du eng mit verschiedenen Fachbereichen zusammenarbeitest, sind eine klare Ausdrucksweise und Freude an der Kooperation in einem professionellen Team für dich selbstverständlich.
Du wartest nicht ab, sondern hast Lust, eigenständig neue Dinge zu lernen und dich mithilfe digitaler Lernmedien weiterzuentwickeln.

DAS BRINGST DU MIT
Du hast richtig Lust auf IT und findest es spannend, was man mit Daten alles entdecken kann.

DEINE VORTEILE
Events: Von Teamausflügen über Weihnachtsfeiern bis hin zu Networking-Events, wir bauen starke Verbindungen auf, indem wir gemeinsam Zeit miteinander verbringen.
Mitarbeiterrabatte: Profitiere von attraktiven Rabatten großer Unternehmen bei deinem nächsten Einkauf.
Spaß in den Pausen: In deiner Pause kannst du mit deinen Teammitgliedern bei einem Kickerturnier den Kopf frei kriegen.
Individuelles Wachstum: Beschleunige deine Karriere mit Entwicklungsmöglichkeiten, die auf deine Talente und Interessen zugeschnitten sind.
Raum für Innovation: Setz deine Ideen in einem Umfeld um, das Kreativität fördert und dich befähigt, Veränderungen voranzutreiben.
Starke Verbundenheit: Lernen, wachsen und erfolgreich sein - und das alles in einem Umfeld, das sich wie eine Familie anfühlt und in dem man sich gegenseitig unterstützt.",,"DAS BRINGST DU MIT
Du hast richtig Lust auf IT und findest es spannend, was man mit Daten alles entdecken kann.",Ausbildung | Fachinformatiker (w/m/d) Daten- und Prozessanalyse 2026,dpa,,"DEINE VORTEILE
Events: Von Teamausflügen über Weihnachtsfeiern bis hin zu Networking-Events, wir bauen starke Verbindungen auf, indem wir gemeinsam Zeit miteinander verbringen.
Mitarbeiterrabatte: Profitiere von attraktiven Rabatten großer Unternehmen bei deinem nächsten Einkauf.
Spaß in den Pausen: In deiner Pause kannst du mit deinen Teammitgliedern bei einem Kickerturnier den Kopf frei kriegen.
Individuelles Wachstum: Beschleunige deine Karriere mit Entwicklungsmöglichkeiten, die auf deine Talente und Interessen zugeschnitten sind.
Raum für Innovation: Setz deine Ideen in einem Umfeld um, das Kreativität fördert und dich befähigt, Veränderungen voranzutreiben.
Starke Verbundenheit: Lernen, wachsen und erfolgreich sein - und das alles in einem Umfeld, das sich wie eine Familie anfühlt und in dem man sich gegenseitig unterstützt.",,,empty,,https://twitter.com/stepstone_de,https://twitter.com/stepstone_de,https://twitter.com/stepstone_de,externe,,,,stepstone_de,https://www.stepstone.de/stellenangebote--Ausbildung-Fachinformatiker-w-m-d-Daten-und-Prozessanalyse-2026-Holzwickede-Hengsen-Opherdicke-Rhenus-Chemical-FTL-Solutions-GmbH--13971313-inline.html,False,,53,,,,2026-06-12T21:23:19.794796+00:00
STEP-13172446,stepstone_de_dpa,ProComp Professional Computer GmbH,,Marktredwitz,Marktredwitz Marktredwitz,"Ausbildung zum Fachinformatiker (m/w/d)

Deine Aufgaben
Konzipieren und Realisieren von kundenspezifischen IT-Systemen
Installieren und Konfigurieren von Netzwerken
Administrieren von IT-Systemen
Deine Stärken
Mittlere Reife, Fachabitur oder Abitur
Interesse an der Informationstechnologie
Interesse an einer qualifizierten und vielseitigen Ausbildung
Teamfähigkeit, Sorgfalt und Zuverlässigkeit
Selbstständiges Arbeiten

Wir bieten Dir
Sicherheit
Die Möglichkeit eines Praktikums vor Beginn der Ausbildung
Interessante Ausbildung in einer zukunftssicheren Branche
Geführte Prüfungsvorbereitung
Nach der Ausbildung gute Chancen auf Übernahme
Persönliche und berufliche Weiterbildungsmöglichkeiten
Corporate Benefits",,,Ausbildung | zum Fachinformatiker (m/w/d),dpa,,"Wir bieten Dir
Sicherheit
Die Möglichkeit eines Praktikums vor Beginn der Ausbildung
Interessante Ausbildung in einer zukunftssicheren Branche
Geführte Prüfungsvorbereitung
Nach der Ausbildung gute Chancen auf Übernahme
Persönliche und berufliche Weiterbildungsmöglichkeiten
Corporate Benefits",,,empty,,https://twitter.com/stepstone_de,https://twitter.com/stepstone_de,https://twitter.com/stepstone_de,externe,,"Zeugnisprämien
Als Anerkennung für Auszubildende mit guten Zeugnisnoten
Optimales Arbeitsumfeld
Angenehmes Arbeitsklima
Realisierung von individuellen Vorschlägen
Moderne, ergonomische Arbeitsmittel
Specials
Azubi-Events
Gratis Vitamine, Obst, Gemüse und Getränke",,stepstone_de,https://www.stepstone.de/stellenangebote--Ausbildung-zum-Fachinformatiker-m-w-d-Marktredwitz-ProComp-Professional-Computer-GmbH--13172446-inline.html,False,,53,,,,2026-06-12T21:37:44.761355+00:00
STEP-14122122,stepstone_de_dpa,Evonik Industries AG,,Marl,Marl Marl,"Ausbildung 2026 Fachinformatiker Bachelor of Science (m/w/d) - Marl

Ihre Aufgaben
Verantwortlichkeiten
Theoriephasen an der Westfälischen Hochschule in Gelsenkirchen:
Studium bietet eine Kombination aus betriebswirtschaftlichem und informationstechnischem Wissen
Fundiertes theoretisches Grundwissen mit Praxisbezug
Lernen Softwarelösungen zur Unterstützung betriebswirtschaftlicher Aufgabenstellungen zu erstellen und zum Einsatz zu bringen, wie auch Geschäftsprozesse zu erfassen, analysieren und optimieren
Digitalisierung und Automatisierung kreativ vorantreiben und damit die Leistungsangebote optimieren
Die betriebliche Ausbildung:
Entwicklung, Installation und Optimierung neuer IT-Systeme und Cloud Services
Anwendungen von Programmiersprachen
Testen neuer Software und Hardware
Geschäftsprozessen
Mitarbeit an IT-Projekten
Daten- und Prozessanalyse zur Optimierung von IT-Systemen
Ihr Profil

Anforderungen
Allgemeine Hochschulreife
Gute Mathematik-, Informatik- und Englischkenntnisse
Kommunikationsfähigkeit und gewandte Ausdrucksweise in Wort und Schrift
Interesse an digitalen Lösungen und Programmieren sicherer Systeme
Freude an der IT-Branche und der Digitalisierung
Lust auf Analyse von Zahlen, Algorithmen und Datenstrukturen
Verantwortungsbewusstsein, Zuverlässigkeit und Teamfähigkeit
Sorgfalt, Konzentrationsfähigkeit und eigenverantwortliche Lernbereitschaft
AUSBILDUNG GESCHAFFT – WAS DANN?
Als Bachelor of Science (m/w/d) des Studiengangs Wirtschaftsinformatik hast du vielfältige Entwicklungsmöglichkeiten, beispielweise im Projektmanagement oder in der Systementwicklung. Deine berufliche Reise kann natürlich noch weitergehen: Wie wäre es zum Beispiel durch interne Workshops oder mit einem berufsbegleitendem Masterstudium? Das Ziel wählst du!
What we offer
Marl, North Rhine-Westphalia, Deutschland | Gelsenkirchen, North Rhine-Westphalia, Deutschland+1 Praktikum 1d ago
Ausbildungsdauer:
Ausbildungsbeginn:
Ausbildungsstandort:",,"Anforderungen
Allgemeine Hochschulreife
Gute Mathematik-, Informatik- und Englischkenntnisse
Kommunikationsfähigkeit und gewandte Ausdrucksweise in Wort und Schrift
Interesse an digitalen Lösungen und Programmieren sicherer Systeme
Freude an der IT-Branche und der Digitalisierung
Lust auf Analyse von Zahlen, Algorithmen und Datenstrukturen
Verantwortungsbewusstsein, Zuverlässigkeit und Teamfähigkeit
Sorgfalt, Konzentrationsfähigkeit und eigenverantwortliche Lernbereitschaft
AUSBILDUNG GESCHAFFT – WAS DANN?
Als Bachelor of Science (m/w/d) des Studiengangs Wirtschaftsinformatik hast du vielfältige Entwicklungsmöglichkeiten, beispielweise im Projektmanagement oder in der Systementwicklung. Deine berufliche Reise kann natürlich noch weitergehen: Wie wäre es zum Beispiel durch interne Workshops oder mit einem berufsbegleitendem Masterstudium? Das Ziel wählst du!
What we offer
Marl, North Rhine-Westphalia, Deutschland | Gelsenkirchen, North Rhine-Westphalia, Deutschland+1 Praktikum 1d ago
Ausbildungsdauer:
Ausbildungsbeginn:
Ausbildungsstandort:",Ausbildung | 2026 Fachinformatiker Bachelor of Science (m/w/d) - Marl,dpa,,,,,empty,,https://twitter.com/stepstone_de,https://twitter.com/stepstone_de,https://twitter.com/stepstone_de,externe,"Kontakt
Hinweis: Aufgrund unseres Recruitingsystems Workday und teilweise automatisierten Prozessschritten werden wir im weiteren Bewerbungsprozess deine persönliche Anrede auf die Sie-Form umstellen.
Your Application
via our careers portal . Further information about Evonik as Employer can be found at https://careers.evonik.com .e
Please address your application to the Talent Acquisition Manager, stating your earliest possible starting date and your salary expectations.
Your Talent Acquisition Manager:
Company is",,,stepstone_de,https://www.stepstone.de/stellenangebote--Ausbildung-2026-Fachinformatiker-Bachelor-of-Science-m-w-d-Marl-Marl-Evonik-Industries-AG--14122122-inline.html,False,,53,,,,2026-06-12T21:14:03.357656+00:00
STEP-14124046,stepstone_de_dpa,Evonik Industries AG,,Marl,Marl Marl,"Ausbildung 2027 Fachinformatiker Bachelor of Science (m/w/d) - Marl

Ihre Aufgaben
Verantwortlichkeiten
Theoriephasen an der Westfälischen Hochschule in Gelsenkirchen:
Studium bietet eine Kombination aus betriebswirtschaftlichem und informationstechnischem Wissen
Fundiertes theoretisches Grundwissen mit Praxisbezug
Lernen Softwarelösungen zur Unterstützung betriebswirtschaftlicher Aufgabenstellungen zu erstellen und zum Einsatz zu bringen, wie auch Geschäftsprozesse zu erfassen, analysieren und optimieren
Digitalisierung und Automatisierung kreativ vorantreiben und damit die Leistungsangebote optimieren
Die betriebliche Ausbildung:
Entwicklung, Installation und Optimierung neuer IT-Systeme und Cloud Services
Anwendungen von Programmiersprachen
Testen neuer Software und Hardware
Geschäftsprozessen
Mitarbeit an IT-Projekten
Daten- und Prozessanalyse zur Optimierung von IT-Systemen
Ihr Profil

Anforderungen
Allgemeine Hochschulreife
Gute Mathematik-, Informatik- und Englischkenntnisse
Kommunikationsfähigkeit und gewandte Ausdrucksweise in Wort und Schrift
Interesse an digitalen Lösungen und Programmieren sicherer Systeme
Freude an der IT-Branche und der Digitalisierung
Lust auf Analyse von Zahlen, Algorithmen und Datenstrukturen
Verantwortungsbewusstsein, Zuverlässigkeit und Teamfähigkeit
Sorgfalt, Konzentrationsfähigkeit und eigenverantwortliche Lernbereitschaft
AUSBILDUNG GESCHAFFT – WAS DANN?
Als Bachelor of Science (m/w/d) des Studiengangs Wirtschaftsinformatik hast du vielfältige Entwicklungsmöglichkeiten, beispielweise im Projektmanagement oder in der Systementwicklung. Deine berufliche Reise kann natürlich noch weitergehen: Wie wäre es zum Beispiel durch interne Workshops oder mit einem berufsbegleitendem Masterstudium? Das Ziel wählst du!
What we offer
Marl, North Rhine-Westphalia, Deutschland | Gelsenkirchen, North Rhine-Westphalia, Deutschland+1 Freiberuflich 1d ago
Ausbildungsdauer:
Ausbildungsbeginn:
Ausbildungsstandort:",,"Anforderungen
Allgemeine Hochschulreife
Gute Mathematik-, Informatik- und Englischkenntnisse
Kommunikationsfähigkeit und gewandte Ausdrucksweise in Wort und Schrift
Interesse an digitalen Lösungen und Programmieren sicherer Systeme
Freude an der IT-Branche und der Digitalisierung
Lust auf Analyse von Zahlen, Algorithmen und Datenstrukturen
Verantwortungsbewusstsein, Zuverlässigkeit und Teamfähigkeit
Sorgfalt, Konzentrationsfähigkeit und eigenverantwortliche Lernbereitschaft
AUSBILDUNG GESCHAFFT – WAS DANN?
Als Bachelor of Science (m/w/d) des Studiengangs Wirtschaftsinformatik hast du vielfältige Entwicklungsmöglichkeiten, beispielweise im Projektmanagement oder in der Systementwicklung. Deine berufliche Reise kann natürlich noch weitergehen: Wie wäre es zum Beispiel durch interne Workshops oder mit einem berufsbegleitendem Masterstudium? Das Ziel wählst du!
What we offer
Marl, North Rhine-Westphalia, Deutschland | Gelsenkirchen, North Rhine-Westphalia, Deutschland+1 Freiberuflich 1d ago
Ausbildungsdauer:
Ausbildungsbeginn:
Ausbildungsstandort:",Ausbildung | 2027 Fachinformatiker Bachelor of Science (m/w/d) - Marl,dpa,,,,,empty,,https://twitter.com/stepstone_de,https://twitter.com/stepstone_de,https://twitter.com/stepstone_de,externe,"Kontakt
Hinweis: Aufgrund unseres Recruitingsystems Workday und teilweise automatisierten Prozessschritten werden wir im weiteren Bewerbungsprozess deine persönliche Anrede auf die Sie-Form umstellen.
Your Application
careers portal www.evonik.com/en/careers.html
Please address your application to the Talent Acquisition Manager, stating your earliest possible starting date and your salary expectations.
Your Talent Acquisition Manager:
Company is",,,stepstone_de,https://www.stepstone.de/stellenangebote--Ausbildung-2027-Fachinformatiker-Bachelor-of-Science-m-w-d-Marl-Marl-Evonik-Industries-AG--14124046-inline.html,False,,53,,,,2026-06-12T21:14:38.787586+00:00
STEP-14076391,stepstone_de_dpa,Wieland-Werke AG,,Vöhringen,Vöhringen Vöhringen,"Ausbildung Fachinformatiker (m/w/d)

Ihre Aufgaben
Als Fachinformatiker (m/w/d) verantwortest du die Entwicklung, Erweiterung und Anpassung unserer weltweiten IT-Systeme und sicherst somit das digitale Arbeiten bei Wieland. Dabei entwickelst du dich täglich immer mehr zum Spezialisten, indem du u. a. - neue Software-Lösungen entsprechend der Kundenwünsche entwickelst, designst und optimierst . - eine globale IT-Infrastruktur weiterausbaust und standardisiers t. - für eine zukunftsorientierte Ausrichtung neue Technologien analysierst und auswähl st. - selbstständig Teilsysteme von Softwareanwendungen betreust.
Ihr Profil
Dein Potenzial
Dein Einsatz macht den Unterschied
Schulabschluss:
Interesse:
Persönlichkeit:
Sprache:

Wir bieten
Wieland-Werke AG | Vöhringen | Ausbildungsbeginn 1. September 2027 Kennziffer 2026-0067
Deine Zukunft
Ausbildungsdauer:
Praxis
Fachrichtung:
Berufsschule:
Nach deiner Ausbildung:
Deine Vorteile
Sichere Zukunft
Gesund & fit
Gut versorgt sein",,,Ausbildung | Fachinformatiker (m/w/d),dpa,,"Wir bieten
Wieland-Werke AG | Vöhringen | Ausbildungsbeginn 1. September 2027 Kennziffer 2026-0067
Deine Zukunft
Ausbildungsdauer:
Praxis
Fachrichtung:
Berufsschule:
Nach deiner Ausbildung:
Deine Vorteile
Sichere Zukunft
Gesund & fit
Gut versorgt sein",,,empty,,https://twitter.com/stepstone_de,https://twitter.com/stepstone_de,https://twitter.com/stepstone_de,externe,"Kontakt
--> Willst du mehr über diese Ausbildung erfahren? Majid gibt dir in diesem Video persönliche Einblicke.
Gerne beantworte ich deine Fragen.
Tel: +49 731 944 6734 n",,,stepstone_de,https://www.stepstone.de/stellenangebote--Ausbildung-Fachinformatiker-m-w-d-Voehringen-Wieland-Werke-AG--14076391-inline.html,False,,53,,,,2026-06-12T21:22:44.673656+00:00
STEP-14122086,stepstone_de_dpa,Jupiter Software Consulting GmbH,,Bissendorf,Bissendorf Bissendorf,"Ausbildung 2026 Fachinformatiker:in für Daten und Prozessanalyse (w/m/d)

Ihre Aufgaben
Aufgabenbereich
So könnte die To-Do-Liste aussehen - wir geben unseren Mitarbeiter:innen Freiraum was persönliche Fokussierung bestimmter Aufgaben und Tätigkeiten angeht, insbesondere um Stärken weiter auszubauen
Analyse und Optimierung von Geschäftsprozessen
Digitalisierung und Automatisierung von Abläufen
Datenbeschaffung und -aufbereitung für Prozesse
Dokumentation und Anwenderunterstützung
Entwicklung individueller IT-Lösungen
Was erwartet Dich während der Ausbildung?
Der schulische Teil der Ausbildung findet tageweise an einer Berufsschule in Osnabrück statt. Hier lernst Du die theoretischen Grundlagen für die Arbeit als Fachinformatiker. An deinen Arbeitstagen bekommst du bereits deine ersten Projektaufgaben zugeteilt, bei denen Dich dein Mentor bei Fragen immer unterstützt.
Was erwartet dich auf dem Jupiter?
Ihr Profil
Bewerberprofil
Folgende Qualifikationen wünschen wir uns von unseren Kandidaten
Du hast Dein (Fach-)Abitur in der Tasche oder verfügst über einen qualifizierten Realschulabschluss mit gutem bis sehr guten Notendurchschnitt
Zu Deinen Stärken gehört logisches Denken
Du bist sorgfältig und strukturiert
Du interessierst Dich für die IT, bestenfalls hast du schon erste Erfahrungen in der Informatik oder beim Entwickeln gemacht
Du besitzt einen Führerschein der Klasse B

Wir bieten
Position: Auszubildende:r
Einstiegsdatum: 01.08.2026
Arbeitszeitmodell: Ausbildung in Vollzeit
Arbeitsort: Bissendorf
Wir bilden Dich aus, um Dich zu übernehmen.
Deswegen bereiten wir Dich konsequent auf das Arbeitsleben vor, schulen Dich entsprechend und werden Dir nach und nach mehr Verantwortung übertragen. Dein Pate, welcher Dir während Deiner gesamten Ausbildungszeit zur Seite steht, wird Dich dabei unterstützen und Dir aufkommende Fragen beantworten. Wenn Du besondere Vorkenntnisse hast oder mit guten Leistungen glänzt, geben wir Dir gerne die Möglichkeit, Deine Ausbildung zu verkürzen.",,,Ausbildung | 2026 Fachinformatiker:in für Daten und Prozessanalyse (w/m/d),dpa,,"Wir bieten
Position: Auszubildende:r
Einstiegsdatum: 01.08.2026
Arbeitszeitmodell: Ausbildung in Vollzeit
Arbeitsort: Bissendorf
Wir bilden Dich aus, um Dich zu übernehmen.
Deswegen bereiten wir Dich konsequent auf das Arbeitsleben vor, schulen Dich entsprechend und werden Dir nach und nach mehr Verantwortung übertragen. Dein Pate, welcher Dir während Deiner gesamten Ausbildungszeit zur Seite steht, wird Dich dabei unterstützen und Dir aufkommende Fragen beantworten. Wenn Du besondere Vorkenntnisse hast oder mit guten Leistungen glänzt, geben wir Dir gerne die Möglichkeit, Deine Ausbildung zu verkürzen.",,,empty,,https://twitter.com/stepstone_de,https://twitter.com/stepstone_de,https://twitter.com/stepstone_de,externe,,,,stepstone_de,https://www.stepstone.de/stellenangebote--Ausbildung-2026-Fachinformatiker-in-fuer-Daten-und-Prozessanalyse-w-m-d-Bissendorf-Jupiter-Software-Consulting-GmbH--14122086-inline.html,False,,47,2026,8,2026-08-01,2026-06-12T21:14:26.145932+00:00
STEP-14070794,stepstone_de_dpa,Jet Systems GmbH,,Köln,Köln Köln,"Ausbildung 2026 - Fachinformatiker für Daten- und Prozessanalyse (m/w/d)

Das erwartet dich
In 2,5 bis 3 Jahren machst du bei uns den Sprung vom Einsteiger zum gefragten Fachinformatiker. Du planst Projekte, schulst Anwender, setzt Kundenwünsche direkt im System um und erstellst Auswertungen mit SQL. Deine Ausbildung startet am 31.08.2026 in Limburg – kombiniert aus Praxis im Team und Berufsschule in Limburg/Dillenburg.
Warum du zu uns passt
Du bist neugierig, willst verstehen, wie Abläufe zusammenhängen, und hast Spaß daran, Lösungen zu finden. Du kannst mit Menschen reden, aber auch konzentriert am Rechner arbeiten. Erste SQL-Kenntnisse sind super, aber kein Muss – wir bringen dir alles bei.
Was du davon hast
Unbefristet • Vollzeit
Übernahmegarantie bei guten Leistungen
Firmenwagen nach der Ausbildung/Probezeit
Homeoffice-Tage pro Woche
Intensive Betreuung durch erfahrene Kollegen
Familiäres Team, kurze Wege, moderne Ausstattung",,,Ausbildung | 2026 - Fachinformatiker für Daten- und Prozessanalyse (m/w/d),dpa,,,,,empty,,https://twitter.com/stepstone_de,https://twitter.com/stepstone_de,https://twitter.com/stepstone_de,externe,"Kontakt
Bewirb dich jetzt
info@et-systems.de
Kaweh Bayatzadeh",,,stepstone_de,https://www.stepstone.de/stellenangebote--Ausbildung-2026-Fachinformatiker-fuer-Daten-und-Prozessanalyse-m-w-d-Koeln-Jet-Systems-GmbH--14070794-inline.html,False,,47,2026,8,2026-08-31,2026-06-12T21:14:17.322976+00:00
STEP-12658012,stepstone_de_dpa,ConSol Consulting & Solutions Software GmbH,,München,"München, Deutschland München","Ausbildung zum Fachinformatiker - Daten- und Prozessanalyse (all genders)

Automatisierung von IT-Aufgaben
Implementieren von Reporting-Lösungen
Dein
Mindestens Fachhochschulreife bzw. Mittlere Reife mit entsprechender Zusatzqualifikation (z.B. Berufserfahrung oder Weiterbildung)
Gute Noten in den naturwissenschaftlichen Fächern
Gute Computerkenntnisse und Begeisterungsfähigkeit für Themen aus IT und Technik
Gute Kommunikationsfähigkeit und Interesse am Umgang mit Kunden
Idealerweise erste Erfahrungen mit Linux
Gute Deutsch- und Englischkenntnisse
wir
Die Werte MutVertrauen , Exzellenz , u Klarheit nd sind viel mehr als nur Begriffe auf Papier. Sie sind für uns Entscheidungsgrundlage, Handlungsorientierung und die Basis, auf der wir unser Unternehmen kontinuierlich verbessern wollen.",,,Ausbildung | zum Fachinformatiker - Daten- und Prozessanalyse (all genders),dpa,,,,,empty,,https://twitter.com/stepstone_de,https://twitter.com/stepstone_de,https://twitter.com/stepstone_de,externe,,,,stepstone_de,https://www.stepstone.de/stellenangebote--Ausbildung-zum-Fachinformatiker-Daten-und-Prozessanalyse-all-genders-Muenchen-Deutschland-ConSol-Consulting-Solutions-Software-GmbH--12658012-inline.html,False,,40,,,,2026-06-12T21:26:39.370452+00:00
STEP-6294063,stepstone_de_dpa,Mauser Packaging Solutions,"50.826756,6.8987865",Brühl bei Köln,Brühl bei Köln,"Ausbildung zum Fachinformatiker (m/w/d) FR Systemintegration

Die Aufgaben und Herausforderungen für Mauser Packaging Solutions wachsen. Deshalb suchen wir Dich für eine Ausbildung zum Fachinformatiker (m/w/d) für FR Systemintegration ab dem 01.08.2026 an unserem Standort Brühl bei Köln.
Das sind Deine Aufgaben:
FR Systemintegration:
Benutzer-Konten anlegen und pflegen
Software installieren und Lizenzen zuweisen
Laptops und Desktop-Rechner installieren
Mobiltelefone einrichten
Zugriff auf Netzwerkordner einrichten
Generelle Probleme mit Arbeitsplatzrechnern lösen

Das bringst Du mit:
Du solltest einen guten Abschluss der Fachhochschulreife (Fachabitur) oder der allgemeinen Hochschulreife (Abitur) mitbringen.
Wichtig sind Deine Noten in Mathematik, Deutsch, Englisch und Informatik. Zusätzlich solltest Du Leistungsbereitschaft, Flexibilität, Verantwortungsbewusstsein und Teamfähigkeit mitbringen.

Wir bieten
Rahmendaten:
Die Ausbildung dauert 3 Jahre und findet im Betrieb und an einem Berufskolleg ortsnah statt.
Zudem finden Präsentationstrainings, einführende PC-Schulungen und Prüfungsvorbereitungen statt.
Ausbildungsvergütung:
1. Ausbildungsjahr: 1.175,00€ brutto
2. Ausbildungsjahr: 1.208,00€ brutto
3. Ausbildungsjahr: 1.292,00€ brutto
Prüfungen:
Die AP I legst Du nach eineinhalb Jahren (schriftlich) und die AP II nach 3 Jahren (schriftlich und mündlich) vor der Industrie- und Handelskammer zu Köln ab.
Deine Benefits:
Leistungsabhängige Prämienzahlungen zusätzlich zu deiner monatlichen Vergütung
Mitarbeiterrabatte
Diverse Sportangebote (Urban Sports)
Möglichkeit eines Auslandspraktikums an einem anderen europäischen Standort
Möglichkeit eines Aufenthalts in einem anderen deutschen Zweigwerk
Moderne Arbeitsmittel (Laptop)
Kosten für Lehrmittel werden vom Arbeitgeber übernommen
Individuelle Betreuung durch qualifizierte Fachausbilder
Parkplatz
Betriebliches Gesundheitsmanagement
Gute Verkehrsanbindung & Jobticket
""Job-Rad""-Leasing
Zahlungen des Arbeitgebers zur betrieblichen Altersvorsorge
Erste-Hilfe-Schulungen
Haben wir Dein Interesse geweckt?","1.175,00€, 1.208,00€, 1.292,00€","Das bringst Du mit:
Du solltest einen guten Abschluss der Fachhochschulreife (Fachabitur) oder der allgemeinen Hochschulreife (Abitur) mitbringen.
Wichtig sind Deine Noten in Mathematik, Deutsch, Englisch und Informatik. Zusätzlich solltest Du Leistungsbereitschaft, Flexibilität, Verantwortungsbewusstsein und Teamfähigkeit mitbringen.",Ausbildung | zum Fachinformatiker (m/w/d) FR Systemintegration,si,,"Wir bieten
Rahmendaten:
Die Ausbildung dauert 3 Jahre und findet im Betrieb und an einem Berufskolleg ortsnah statt.
Zudem finden Präsentationstrainings, einführende PC-Schulungen und Prüfungsvorbereitungen statt.
Ausbildungsvergütung:
1. Ausbildungsjahr: 1.175,00€ brutto
2. Ausbildungsjahr: 1.208,00€ brutto
3. Ausbildungsjahr: 1.292,00€ brutto
Prüfungen:
Die AP I legst Du nach eineinhalb Jahren (schriftlich) und die AP II nach 3 Jahren (schriftlich und mündlich) vor der Industrie- und Handelskammer zu Köln ab.
Deine Benefits:
Leistungsabhängige Prämienzahlungen zusätzlich zu deiner monatlichen Vergütung
Mitarbeiterrabatte
Diverse Sportangebote (Urban Sports)
Möglichkeit eines Auslandspraktikums an einem anderen europäischen Standort
Möglichkeit eines Aufenthalts in einem anderen deutschen Zweigwerk
Moderne Arbeitsmittel (Laptop)
Kosten für Lehrmittel werden vom Arbeitgeber übernommen
Individuelle Betreuung durch qualifizierte Fachausbilder
Parkplatz
Betriebliches Gesundheitsmanagement
Gute Verkehrsanbindung & Jobticket
""Job-Rad""-Leasing
Zahlungen des Arbeitgebers zur betrieblichen Altersvorsorge
Erste-Hilfe-Schulungen
Haben wir Dein Interesse geweckt?",,,empty,,https://twitter.com/stepstone_de,https://twitter.com/stepstone_de,https://twitter.com/stepstone_de,externe,,"Dann bewirb Dich gerne für eines der aktuellen Mauser-Ausbildungsangebote indem Du uns Deinen Lebenslauf und Dein letztes Zeugnis per Mail an career@mauserpackaging.com sendest.
Wir freuen uns auf Deine Bewerbung!
Mauser-Werke GmbH
Schildgesstraße 71-163
D-50321 Brühl
Tel.: +49 (0)2232 78-1000
www.mauserpackaging.c om",,stepstone_de,https://www.stepstone.de/stellenangebote--Ausbildung-zum-Fachinformatiker-m-w-d-FR-Systemintegration-Bruehl-bei-Koeln-Mauser-Packaging-Solutions--6294063-inline.html,False,,73,2026,8,2026-08-01,2026-06-12T21:36:42.439592+00:00
STEP-14029719,stepstone_de_dpa,Kassenärztliche Vereinigung Berlin,"52.517803,13.389433",Berlin,14057 Berlin,"Ausbildung zum:zur Fachinformatiker:in für Systemintegration

Das erwartet dich

Dein Profil
Erweiterter/Mittlerer Schulabschluss, Realschulabschluss, Abitur oder Fachabitur
Deutschkenntnisse (mindestens C1)
Gute Englischkenntnisse
Gutes Mathematik- und Technikverständnis
Interesse an der Entwicklung von IT-Systemen zur Lösung von Problemen, an Betriebssystemen, Programmierungen und Datensicherheit

Wir bieten dir eine generalistische IT-Ausbildung, das heißt, du lernst in den vier Berufsbildern viele unterschiedliche IT-Systeme, Programmiersprachen, Betriebssysteme und Softwaretechniken kennen und kannst dadurch gleichzeitig herausfinden, was deine fachlichen Stärken und Interessensgebiete sind.
Wir bieten dir
30 Tage Urlaub und Jahressonderzahlung
KV-Card (50 € monatlicher Sachbezug) zum Einkaufen in der Region
Ausbildungsentgelt: im 1. Jahr: 1.296 Euro, im 2. Jahr: 1.350 Euro, im 3. Jahr: 1.400 Euro (TVA-L BBiG)
Zahlreiche Angebote zur Gesundheitsförderung und unternehmenseigene Fitnessräume und Kursangebote
Sehr gute ÖPNV-Verkehrsanbindung, gesicherte Fahrradabstellplätze und kostenlose öffentliche Parkplätze
Weitere attraktive Benefits und Informationen über die KV Berlin findest du auf unserer Karriereseite
Die Kassenärztliche Vereinigung Berlin (Körperschaft des öffentlichen Rechts) steht für Chancengleichheit und fördert die beruﬂiche Gleichstellung der Geschlechter. Ebenso begrüßen wir auch die Bewerbung von Menschen mit Migrationshintergrund. Schwerbehinderte Bewerber:innen werden bei gleicher Eignung bevorzugt berücksichtigt.
Haben wir dein Interesse geweckt?
Wir freuen uns auf deine vollständige Online-Bewerbung bis zum 12.06.2026 unter Angabe der Kennziffer 2026_24 .
Diskretion und die vertrauliche Behandlung deiner Bewerbung sind selbstverständlich. Hinweise zur Verarbeitung deiner Daten findest du in unseren Datenschutzhinweisen .",50 €,"Dein Profil
Erweiterter/Mittlerer Schulabschluss, Realschulabschluss, Abitur oder Fachabitur
Deutschkenntnisse (mindestens C1)
Gute Englischkenntnisse
Gutes Mathematik- und Technikverständnis
Interesse an der Entwicklung von IT-Systemen zur Lösung von Problemen, an Betriebssystemen, Programmierungen und Datensicherheit",Ausbildung | zum:zur Fachinformatiker:in für Systemintegration,si,,"Wir bieten dir eine generalistische IT-Ausbildung, das heißt, du lernst in den vier Berufsbildern viele unterschiedliche IT-Systeme, Programmiersprachen, Betriebssysteme und Softwaretechniken kennen und kannst dadurch gleichzeitig herausfinden, was deine fachlichen Stärken und Interessensgebiete sind.
Wir bieten dir
30 Tage Urlaub und Jahressonderzahlung
KV-Card (50 € monatlicher Sachbezug) zum Einkaufen in der Region
Ausbildungsentgelt: im 1. Jahr: 1.296 Euro, im 2. Jahr: 1.350 Euro, im 3. Jahr: 1.400 Euro (TVA-L BBiG)
Zahlreiche Angebote zur Gesundheitsförderung und unternehmenseigene Fitnessräume und Kursangebote
Sehr gute ÖPNV-Verkehrsanbindung, gesicherte Fahrradabstellplätze und kostenlose öffentliche Parkplätze
Weitere attraktive Benefits und Informationen über die KV Berlin findest du auf unserer Karriereseite
Die Kassenärztliche Vereinigung Berlin (Körperschaft des öffentlichen Rechts) steht für Chancengleichheit und fördert die beruﬂiche Gleichstellung der Geschlechter. Ebenso begrüßen wir auch die Bewerbung von Menschen mit Migrationshintergrund. Schwerbehinderte Bewerber:innen werden bei gleicher Eignung bevorzugt berücksichtigt.
Haben wir dein Interesse geweckt?
Wir freuen uns auf deine vollständige Online-Bewerbung bis zum 12.06.2026 unter Angabe der Kennziffer 2026_24 .
Diskretion und die vertrauliche Behandlung deiner Bewerbung sind selbstverständlich. Hinweise zur Verarbeitung deiner Daten findest du in unseren Datenschutzhinweisen .",,,empty,,https://www.kvberlin.de/fuer-patienten/aerztlicher-bereitschaftsdienst-116117,https://www.kvberlin.de/fuer-patienten/aerztlicher-bereitschaftsdienst-116117,https://www.kvberlin.de/fuer-patienten/aerztlicher-bereitschaftsdienst-116117,externe,,,,stepstone_de,https://www.stepstone.de/stellenangebote--Ausbildung-zum-zur-Fachinformatiker-in-fuer-Systemintegration-Berlin-Kassenaerztliche-Vereinigung-Berlin--14029719-inline.html,False,,67,2026,6,2026-06-12,2026-06-12T21:41:17.704829+00:00
STEP-13949517,stepstone_de_dpa,adesso SE,"51.507626,7.4725814",Dortmund,Dortmund,"Ausbildung Fachinformatiker/-in Systemintegration (all genders)

DEIN PROFIL
Qualifikation: Du hast mindestens die mittlere Reife oder eine vergleichbare Qualifikation.
Mathematische Fachkenntnisse: Du hast gute Noten in Mathematik und ggf. Informatik sowie solide EDV-Grundkenntnisse.
Technologieaffinität: Du hast Freude am Umgang mit neuen Technologien.
Selbstständige Arbeitsweise: Du arbeitest selbstständig und eigenverantwortlich in Projekten.
Soft Skills: Du besitzt ausgeprägte Teamfähigkeit, hohe Motivation und Eigeninitiative.
KI Kompetenz: Du bist neugierig auf Künstliche Intelligenz, setzt KI-gestützte Tools in deinem Arbeitsalltag ein und baust deine Kompetenzen dabei Schritt für Schritt aus.
Sprachkenntnisse: Sehr gute Deutsch- und gute Englischkenntnisse.

DEINE BENEFITS
Bleib gesund und fit: Wir fördern die Gesundheit unserer adessi mit sportlichen Zuschüssen wie vergünstigten Fitnessmitgliedschaften, Übernahme Platzmiete für bspw. Badminton, Padel Tennis oder Fußball und regelmäßigen Vorsorgeuntersuchungen.
Finde deine Work-Life-Balance: Unser Auszeitprogramm und flexible Arbeitsmodelle helfen dir dabei, Beruf und Privatleben optimal in Einklang zu bringen.
Zeit für die Familie: Unser Ziel ist es, die beiden Welten – Familien- und Arbeitsleben – miteinander zu vereinen. Hierfür unterstützen wir unsere adessi bestmöglich mit zahlreichen Angeboten, wie z. B. Kinderferienbetreuung, Kita-Kooperationen, Eltern-Kind-Büros oder Events, bei denen die ganze Familie willkommen ist.
Lerne und wachse mit uns: Mit über 400 Trainingsangeboten und unserer digitalen Lernplattform unterstützen wir deine kontinuierliche Weiterentwicklung.
Erlebe echten Teamgeist: Gemeinsame Events, Welcome Days, Firmenläufe oder das Patensystem stärken unseren Zusammenhalt und lassen dich von Anfang an Teil des Teams sein.
Engagement, das belohnt wird: Dein Einsatz zahlt sich aus – mit Prämien für Empfehlungen, Vorträge, die Betreuung von Abschlussarbeiten sowie attraktiven Vergünstigungen über unser Corporate-Benefits-Portal.
Sei mobil und flexibel: JobRad-Angebote, Zuschüsse für das Deutschlandticket und die Möglichkeit, bis zu zwei Monate mobil aus dem EU-Ausland zu arbeiten, bieten dir maximale Flexibilität.
Sicher in deine Zukunft: Unser hauseigener, unabhängiger Versicherungsberater und -makler alleato hat für dich stets individuelle Lösungen für Altersvorsorge oder Krankenversicherung parat.
Weitere Informationen
Standort:
Dortmund
Flexibilität:
Präsenz, Vollzeit
Reisetätigkeit:
null
Karrierelevel:
Auszubildende / Duale Studierende
Berufsfeld:
Corporate IT",,"DEIN PROFIL
Qualifikation: Du hast mindestens die mittlere Reife oder eine vergleichbare Qualifikation.
Mathematische Fachkenntnisse: Du hast gute Noten in Mathematik und ggf. Informatik sowie solide EDV-Grundkenntnisse.
Technologieaffinität: Du hast Freude am Umgang mit neuen Technologien.
Selbstständige Arbeitsweise: Du arbeitest selbstständig und eigenverantwortlich in Projekten.
Soft Skills: Du besitzt ausgeprägte Teamfähigkeit, hohe Motivation und Eigeninitiative.
KI Kompetenz: Du bist neugierig auf Künstliche Intelligenz, setzt KI-gestützte Tools in deinem Arbeitsalltag ein und baust deine Kompetenzen dabei Schritt für Schritt aus.
Sprachkenntnisse: Sehr gute Deutsch- und gute Englischkenntnisse.",Ausbildung | Fachinformatiker/-in Systemintegration (all genders),si,,"DEINE BENEFITS
Bleib gesund und fit: Wir fördern die Gesundheit unserer adessi mit sportlichen Zuschüssen wie vergünstigten Fitnessmitgliedschaften, Übernahme Platzmiete für bspw. Badminton, Padel Tennis oder Fußball und regelmäßigen Vorsorgeuntersuchungen.
Finde deine Work-Life-Balance: Unser Auszeitprogramm und flexible Arbeitsmodelle helfen dir dabei, Beruf und Privatleben optimal in Einklang zu bringen.
Zeit für die Familie: Unser Ziel ist es, die beiden Welten – Familien- und Arbeitsleben – miteinander zu vereinen. Hierfür unterstützen wir unsere adessi bestmöglich mit zahlreichen Angeboten, wie z. B. Kinderferienbetreuung, Kita-Kooperationen, Eltern-Kind-Büros oder Events, bei denen die ganze Familie willkommen ist.
Lerne und wachse mit uns: Mit über 400 Trainingsangeboten und unserer digitalen Lernplattform unterstützen wir deine kontinuierliche Weiterentwicklung.
Erlebe echten Teamgeist: Gemeinsame Events, Welcome Days, Firmenläufe oder das Patensystem stärken unseren Zusammenhalt und lassen dich von Anfang an Teil des Teams sein.
Engagement, das belohnt wird: Dein Einsatz zahlt sich aus – mit Prämien für Empfehlungen, Vorträge, die Betreuung von Abschlussarbeiten sowie attraktiven Vergünstigungen über unser Corporate-Benefits-Portal.
Sei mobil und flexibel: JobRad-Angebote, Zuschüsse für das Deutschlandticket und die Möglichkeit, bis zu zwei Monate mobil aus dem EU-Ausland zu arbeiten, bieten dir maximale Flexibilität.
Sicher in deine Zukunft: Unser hauseigener, unabhängiger Versicherungsberater und -makler alleato hat für dich stets individuelle Lösungen für Altersvorsorge oder Krankenversicherung parat.
Weitere Informationen
Standort:
Dortmund
Flexibilität:
Präsenz, Vollzeit
Reisetätigkeit:
null
Karrierelevel:
Auszubildende / Duale Studierende
Berufsfeld:
Corporate IT",,,empty,,https://youtube.com/embed/gPq5UQleI6U?rel=0&showinfo,https://youtube.com/embed/gPq5UQleI6U?rel=0&showinfo,https://youtube.com/embed/gPq5UQleI6U?rel=0&showinfo,externe,"Ansprechpartner für IT-Fragen der Mitarbeitenden: Sei die Ansprechperson für IT-Fragen unserer Mitarbeitenden, präsentiere, berate und schule sie in der Nutzung der Anwendungen und dokumentiere Prozesse, Anwendungen, Dienste, Anleitungen und Workarounds.
Bringe unsere IT-Umgebung voran: Installiere und konfiguriere Notebooks und Smartphones unter den Betriebssystemen Windows, MacOS, iOS und Android und unterstütze so die Weiterentwicklung unserer IT-Umgebung.
Ihr Profil",,,stepstone_de,https://www.stepstone.de/stellenangebote--Ausbildung-Fachinformatiker-in-Systemintegration-all-genders-Dortmund-adesso-SE--13949517-inline.html,False,,67,,,,2026-06-12T21:21:06.561098+00:00
STEP-14119749,stepstone_de_dpa,Peakwork GmbH,,Düsseldorf,Düsseldorf Düsseldorf,"Ausbildung zum/r Fachinformatiker/in für Systemintegration (m/w/d)

Ihre Aufgaben
WAS DU TUST
In unserer modernen, cloudbasierten Systemlandschaft wirst Du lernen, wie Du komplexe Hard- und Softwarelösungen realisieren kannst. Hierbei stehen sowohl technische als auch kaufmännische Kenntnisse im Fokus, mit welchen du verschiedenste Anforderungen analysieren, planen und erfolgreich umsetzen wirst. Ein wichtiger Bestandteil Deiner Ausbildung ist es, stets auf dem neuesten Stand der Technologie zu bleiben und Dein Wissen kontinuierlich zu erweitern. Zu Deinen Aufgaben bei uns gehören schwerpunktmäßig:
Strukturiertes Analysieren, Planen und Realisieren von vernetzten IT-Systemen und Netzwerken
Wartung und Instandhaltung einer großen Cloud-Infrastruktur
Automatisierung von Prozessen und Workflows
Konfiguration und Überwachung von Servern und Netzwerken
Identifikation und Behebung von Leistungsproblemen und Sicherheitsrisiken
Evaluierung von neuen Technologien und Tools, um die Effizienz und Leistung unserer Systeme zu verbessern
Ihr Profil
WAS DU MITBRINGST

Du hast Dein Abitur oder Deine Fachhochschulreife erfolgreich mit guten Noten abgeschlossen und verfügst über praktische Erfahrungen im IT-Umfeld, beispielsweise durch Praktika. In den Fächern Mathematik, Physik, Deutsch und Englisch konntest Du stets überdurchschnittliche Leistungen erzielen. Wenn Du zudem Informatik als Wahl- oder Abiturfach belegt hast, bringst Du ideale Voraussetzungen für eine Ausbildung in unserem Unternehmen mit.
Strebst Du also nicht nur eine Karriere in der Informatik an, sondern hast auch eine Leidenschaft für dieses Fachgebiet, bist Du optimal vorbereitet. Folgende Fähigkeiten runden Dein Profil noch ab:
Eigenverantwortliche Arbeitsweise und soziale Kompetenz
Starkes logisches und technisches Verständnis
Gute analytische Fähigkeiten
Hohe Lernbereitschaft, Engagement und Interesse an aktuellen IT-Themen
Eine Vorliebe, auf knifflige Rätsel immer eine Lösung finden zu wollen

WAS WIR BIETEN
Please note: this position requires fluency in German
Frühstück, Mittagessen und Getränke – all inclusive
Das Deutschlandticket wird zur Verfügung gestellt
Regelmäßige Weiterbildungen intern wie auch extern
Buddy-Programm: Ein langjähriger Profi ist immer an Deiner Seite
Einzigartige Teamarbeit und digitale Innovation
Legendäre Peakwork Partys – jährliche Weihnachts- und Sommerfeier, LAN-Partys, Karneval und Teamevents
Bei Kicker, Dart und der Playstation mit den Kollegen laden wir unsere kreative Energie wieder auf",,"Du hast Dein Abitur oder Deine Fachhochschulreife erfolgreich mit guten Noten abgeschlossen und verfügst über praktische Erfahrungen im IT-Umfeld, beispielsweise durch Praktika. In den Fächern Mathematik, Physik, Deutsch und Englisch konntest Du stets überdurchschnittliche Leistungen erzielen. Wenn Du zudem Informatik als Wahl- oder Abiturfach belegt hast, bringst Du ideale Voraussetzungen für eine Ausbildung in unserem Unternehmen mit.
Strebst Du also nicht nur eine Karriere in der Informatik an, sondern hast auch eine Leidenschaft für dieses Fachgebiet, bist Du optimal vorbereitet. Folgende Fähigkeiten runden Dein Profil noch ab:
Eigenverantwortliche Arbeitsweise und soziale Kompetenz
Starkes logisches und technisches Verständnis
Gute analytische Fähigkeiten
Hohe Lernbereitschaft, Engagement und Interesse an aktuellen IT-Themen
Eine Vorliebe, auf knifflige Rätsel immer eine Lösung finden zu wollen",Ausbildung | zum/r Fachinformatiker/in für Systemintegration (m/w/d),si,,"WAS WIR BIETEN
Please note: this position requires fluency in German
Frühstück, Mittagessen und Getränke – all inclusive
Das Deutschlandticket wird zur Verfügung gestellt
Regelmäßige Weiterbildungen intern wie auch extern
Buddy-Programm: Ein langjähriger Profi ist immer an Deiner Seite
Einzigartige Teamarbeit und digitale Innovation
Legendäre Peakwork Partys – jährliche Weihnachts- und Sommerfeier, LAN-Partys, Karneval und Teamevents
Bei Kicker, Dart und der Playstation mit den Kollegen laden wir unsere kreative Energie wieder auf",,,empty,,https://twitter.com/stepstone_de,https://twitter.com/stepstone_de,https://twitter.com/stepstone_de,externe,"Kontakt
Wenn Du bereit bist, deine Begeisterung für Informatik in einer Ausbildung vollkommen zum Leben zu erwecken und Deine Fähigkeiten und Kenntnisse auf die nächste Stufe bringen willst, dann zögere nicht und sende uns noch heute Deine Bewerbung zu.","Bitte füge Deiner Bewerbung ein aussagekräftiges Anschreiben bei und reiche Deine Bewerbungsunterlagen in einem unveränderbaren Format wie beispielsweise pdf an jobs@peakwork.com ein.
Peakwork GmbH Benjamin Rose
Contact and Application
Our HR Team
Would you like to join the Peakwork team, but still have questions regarding the career opportunities? Are you interested in getting to know us personally? Our HR team is happy to answer all your questions!",,stepstone_de,https://www.stepstone.de/stellenangebote--Ausbildung-zum-r-Fachinformatiker-in-fuer-Systemintegration-m-w-d-Duesseldorf-Peakwork-GmbH--14119749-inline.html,False,,67,,,,2026-06-12T21:40:40.966975+00:00
STEP-13967911,stepstone_de_dpa,BSS Bohnenberg GmbH,,Solingen,Solingen Solingen,"Ausbildung zum Fachinformatiker (m/w/d), Fachrichtung Systemintegration

Ihre Aufgaben
Während der Ausbildung lernst Du:
unter anderem den Umgang mit Betriebssystemen, Netzwerken und Virtualisierungslösungen
nach den Inhalten der Ausbildungsordnung zum Fachinformatiker Fachrichtung Systemintegration sowie angewandt in der unternehmerischen Praxis im Hause der BSS Materialflussgruppe
komplexe IT-Systeme zu konzeptionieren, zu realisieren und natürlich zu testen
logistische Prozesse zu verstehen
den serviceorientierten Umgang mit Unternehmenspartnern und Kunden

Das bringst Du mit:

Wir bieten Dir:
einen äußerst soliden Grundstein für eine qualifizierte berufliche Karriere in der IT
eine Ausbildung in einem sehr netten, jungen Team und in einer sehr freundlichen Atmosphäre
Arbeit in einem innovativen Haus mit genügend Raum für eigene Ideen
hohe Übernahmechancen bei guten Leistungen während der Ausbildung
eine an den Tarifen der Metall- und Elektroindustrie angelehnte Ausbildungsvergütung",,Das bringst Du mit:,"Ausbildung | zum Fachinformatiker (m/w/d), Fachrichtung Systemintegration",si,,"Wir bieten Dir:
einen äußerst soliden Grundstein für eine qualifizierte berufliche Karriere in der IT
eine Ausbildung in einem sehr netten, jungen Team und in einer sehr freundlichen Atmosphäre
Arbeit in einem innovativen Haus mit genügend Raum für eigene Ideen
hohe Übernahmechancen bei guten Leistungen während der Ausbildung
eine an den Tarifen der Metall- und Elektroindustrie angelehnte Ausbildungsvergütung",,,empty,,https://twitter.com/stepstone_de,https://twitter.com/stepstone_de,https://twitter.com/stepstone_de,externe,Kontakt,"eine Hochschul-/ Fachhochschulreife mit guten Zeugnisnoten in Mathematik und/ oder Informatik
gute Noten in Englisch sind von Vorteil
Engagement und Ehrgeiz durch besondere Aktivitäten im schulischen und/ oder außerschulischen Umfeld
Teamfähigkeit, gute Umgangsformen und Kommunikationsfähigkeiten
Interesse für IT-Themen durch die Beschäftigung mit Hard- und Software in der Schulzeit oder in der Freizeit (z.B. Erlernen einer Programmiersprache)
bereits gesammelte berufsvorbereitende praktische Erfahrungen (z.B. im Rahmen eines Praktikums)
einen gültigen PKW-Führerschein (Klasse B)
Gerne geben wir auch Bewerber*innen mit Vorkenntnissen aus dem IT-Bereich eine Möglichkeit einzusteigen. Bitte sende uns Deine aussagekräftigen Unterlagen wie Lebenslauf, Anschreiben, Zeugnisse, gerne auch Arbeitsproben wie Referate, über unser Onlinebewerbungsportal zu.",,stepstone_de,https://www.stepstone.de/stellenangebote--Ausbildung-zum-Fachinformatiker-m-w-d-Fachrichtung-Systemintegration-Solingen-BSS-Bohnenberg-GmbH--13967911-inline.html,False,,67,,,,2026-06-12T21:37:20.045023+00:00
STEP-13918114,stepstone_de_dpa,m3connect GmbH,,Aachen,Aachen Aachen,"Ausbildung: Fachinformatiker (m/w/d) für digitale Vernetzung

Ihre Aufgaben
Dein Spielfeld: Die komplexe Welt der Netzwerke
Deine Aufgaben auf einen Blick:
Netzwerktechnologien – Tauche tief in die Welt der Netzwerkinfrastruktur ein und verstehe, wie verschiedene Systeme miteinander kommunizieren.
IT-Architekturen – Erhalte tiefgehende Einblicke in die IT-Architekturen und lerne, wie Du stabile und skalierbare Infrastrukturen aufbaust.
Systemintegration – Arbeite an der Integration und Optimierung von IT-Systemen, um nahtlose Datenflüsse und hohe Verfügbarkeit zu gewährleisten.
Sicherheitskonzepte umsetzen – Lerne, wie Du IT-Systeme gegen Bedrohungen absicherst und robuste Sicherheitsstrategien entwickelst.
Vielseitige Einblicke – Im Rahmen Deiner Ausbildung erhältst Du Einblicke in die verschiedenen IT-Abteilungen von m3connect – So lernst Du, worauf es beim Betrieb von IT-Systemen wirklich ankommt.

Dein Profil – Das bringst du mit:
Schulabschluss – Du hast eine abgeschlossene Schulausbildung mit guten Leistungen in Mathematik und Informatik.
Interesse an IT – Du hast großes Interesse an Informationstechnologie, dem täglichen Umgang mit Hardware, und konntest bereits erste Einblicke gewinnen.
Arbeitsweise – Du arbeitest verantwortungsbewusst, selbstständig und bist teamfähig.
Sprachkenntnisse – Du hast sehr gute Deutsch- und Englischkenntnisse, die Dir die interne sowie externe Kommunikation erleichtern.
Werde Teil unseres Teams und starte Deine Ausbildung zum Fachinformatiker (m/w/d) für digitale Vernetzung!
Wieso m3connect?
Attraktive Vergütung – Weil Deine Leistung zählt !
1. Jahr: 1.070 €, 2. Jahr: 1.120 €, 3. Jahr: 1.200 € monatliche Ausbildungsvergütung
Flexibilität – Freie Zeiteinteilung ohne Kernarbeitszeiten
Modernes Equipment – MacBook oder Dell? Du entscheidest! Ein iPad ist bei uns für alle Azubis Standard.
Sicherheit & Perspektive – Die umfassende Ausbildung bereitet Dich bestens auf Deine berufliche Zukunft vor, daher erwarten Dich hervorragende Übernahmechancen.
Events – Wir arbeiten gerne als starkes Team und feiern gemeinsam unsere Erfolge.
Teamgeist – Flache Hierarchien, offene Türen, Duz-Kultur & ein kollegiales Miteinander
Zusätzliche Leistungen – Übernahme des ÖPNV-Tickets, Zuschuss zum JobRad & vermögenswirksame Leistungen
Wohlfühl-Extras – Vielfältige Getränkebar, Fitnessraum, Billard & mehr
Urlaub & Work-Life-Balance – 30 Tage, zusätzlicher Sonderurlaub zur Prüfungsvorbereitung & ein Gleitzeitkonto inkl. Überstundenausgleich
Innovationskraft – Deine Ideen zählen, wir setzen auf Fortschritt!
Deine Bewerbung?
Ganz einfach online – Wir freuen uns, von Dir zu hören!

Wir bieten spannende Ausbildungsplätze zum Fachinformatiker (m/w/d) für digitale Vernetzung an. Bei uns erhältst Du die Chance, praxisnahe Erfahrungen zu sammeln und Deine Fähigkeiten in einem innovativen und dynamischen Umfeld zu entwickeln.","1.070 €, 1.120 €, 1.200 €","Dein Profil – Das bringst du mit:
Schulabschluss – Du hast eine abgeschlossene Schulausbildung mit guten Leistungen in Mathematik und Informatik.
Interesse an IT – Du hast großes Interesse an Informationstechnologie, dem täglichen Umgang mit Hardware, und konntest bereits erste Einblicke gewinnen.
Arbeitsweise – Du arbeitest verantwortungsbewusst, selbstständig und bist teamfähig.
Sprachkenntnisse – Du hast sehr gute Deutsch- und Englischkenntnisse, die Dir die interne sowie externe Kommunikation erleichtern.
Werde Teil unseres Teams und starte Deine Ausbildung zum Fachinformatiker (m/w/d) für digitale Vernetzung!
Wieso m3connect?
Attraktive Vergütung – Weil Deine Leistung zählt !
1. Jahr: 1.070 €, 2. Jahr: 1.120 €, 3. Jahr: 1.200 € monatliche Ausbildungsvergütung
Flexibilität – Freie Zeiteinteilung ohne Kernarbeitszeiten
Modernes Equipment – MacBook oder Dell? Du entscheidest! Ein iPad ist bei uns für alle Azubis Standard.
Sicherheit & Perspektive – Die umfassende Ausbildung bereitet Dich bestens auf Deine berufliche Zukunft vor, daher erwarten Dich hervorragende Übernahmechancen.
Events – Wir arbeiten gerne als starkes Team und feiern gemeinsam unsere Erfolge.
Teamgeist – Flache Hierarchien, offene Türen, Duz-Kultur & ein kollegiales Miteinander
Zusätzliche Leistungen – Übernahme des ÖPNV-Tickets, Zuschuss zum JobRad & vermögenswirksame Leistungen
Wohlfühl-Extras – Vielfältige Getränkebar, Fitnessraum, Billard & mehr
Urlaub & Work-Life-Balance – 30 Tage, zusätzlicher Sonderurlaub zur Prüfungsvorbereitung & ein Gleitzeitkonto inkl. Überstundenausgleich
Innovationskraft – Deine Ideen zählen, wir setzen auf Fortschritt!
Deine Bewerbung?
Ganz einfach online – Wir freuen uns, von Dir zu hören!",Ausbildung | Ausbildung: Fachinformatiker (m/w/d) für digitale Vernetzung,si,,"Wir bieten spannende Ausbildungsplätze zum Fachinformatiker (m/w/d) für digitale Vernetzung an. Bei uns erhältst Du die Chance, praxisnahe Erfahrungen zu sammeln und Deine Fähigkeiten in einem innovativen und dynamischen Umfeld zu entwickeln.",,,empty,,https://twitter.com/stepstone_de,https://twitter.com/stepstone_de,https://twitter.com/stepstone_de,externe,,,,stepstone_de,https://www.stepstone.de/stellenangebote--Ausbildung-Fachinformatiker-m-w-d-fuer-digitale-Vernetzung-Aachen-m3connect-GmbH--13918114-inline.html,False,,60,,,,2026-06-12T21:23:15.250412+00:00
STEP-14045723,stepstone_de_dpa,"Fraunhofer-Institut für Nachrichtentechnik, Heinrich-Hertz-Institut, HHI","52.517803,13.389433",Berlin,10587 Berlin,"Ausbildung Fachinformatiker Systemintegration (all genders) – Start 01.09.2026

Aufgaben
Während Deiner 3-jährigen Ausbildung erlernst Du:
Einrichten und Betreuen von IT-Systemen und Netzwerken
Unterstützen bei Installation und Wartung von Hard- und Software
Analysieren und Lösen technischer Störungen
Mitwirken an IT-Projekten
Dokumentieren von Abläufen und Lösungen
Die praktische Ausbildung wird durch den theoretischen Unterricht am OSZ IMT ergänzt
Profil
(Fach-)Abitur mit guten Noten in den Fächern Mathematik, Physik, Deutsch und Englisch
Eine gute Allgemeinbildung
Begeisterung für die Informationstechnologie
Interesse an technischen Zusammenhängen
Ein ausgeprägtes logisches Denkvermögen
Planungs- und Organisationstalent
Kommunikations- und Teamfähigkeit
Eigenmotivation, Selbstständigkeit, Zuverlässigkeit und Belastbarkeit
Deutschkenntnisse auf Muttersprachen Niveau sowie gute Englischkenntnisse in Wort und Schrift
Dich erwartet ein kollegiales, aufgeschlossenes, dienstleistungsorientiertes Verwaltungsteam sowie interessante und abwechslungsreiche Aufgabengebiete
Um Dich optimal auf Deine zukünftigen Tätigkeiten vorzubereiten, nimmst Du an Schulungen und Seminaren teil
Attraktives Gehalt
Moderner und exzellent ausgestatteter Arbeitsplatz in zentraler Lage
Flexible Arbeitszeiten
Weitere Informationen
Bereit für Veränderung? Dann bewirb Dich jetzt, und mach einen Unterschied! Nach Eingang Deiner Online-Bewerbung erhältst Du eine automatische Empfangsbestätigung. Dann melden wir uns schnellstmöglich und sagen Dir, wie es weitergeht.
Pieter Groß
pieter.gross@hhi.fraunhofer.de
Fraunhofer-Institut für Nachrichtentechnik, Heinrich-Hertz-Institut HHI
www.hhi.fraunhofer.de
Kennziffer: 82362
Wir wertschätzen und fördern die Vielfalt der Kompetenzen unserer Mitarbeitenden und begrüßen daher alle Bewerbungen – unabhängig von Alter, Geschlecht, Nationalität, ethnischer und sozialer Herkunft, Religion, Weltanschauung, Behinderung sowie sexueller Orientierung und Identität. Schwerbehinderte Menschen werden bei gleicher Eignung bevorzugt eingestellt.
Die wöchentliche Arbeitszeit beträgt 39 Stunden. Anstellung, Vergütung und Sozialleistungen richten sich nach dem Tarifvertrag für Auszubildende des öffentlichen Dienstes (TVAöD).
Mit ihrer Fokussierung auf zukunftsrelevante Schlüsseltechnologien sowie auf die Verwertung der Ergebnisse in Wirtschaft und Industrie spielt die Fraunhofer-Gesellschaft eine zentrale Rolle im Innovationsprozess. Als Wegweiser und Impulsgeber für innovative Entwicklungen und wissenschaftliche Exzellenz wirkt sie mit an der Gestaltung unserer Gesellschaft und unserer Zukunft.

Wir bieten
Du wirst von Beginn an von erfahrenen Ausbilder*innen begleitet",,,Ausbildung | Fachinformatiker Systemintegration (all genders) – Start 01.09.2026,si,,"Wir bieten
Du wirst von Beginn an von erfahrenen Ausbilder*innen begleitet",,,empty,pieter.gross@hhi.fraunhofer.de,https://twitter.com/stepstone_de,https://twitter.com/stepstone_de,https://twitter.com/stepstone_de,externe,,,,stepstone_de,https://www.stepstone.de/stellenangebote--Ausbildung-Fachinformatiker-Systemintegration-all-genders-Start-01-09-2026-Berlin-Fraunhofer-Institut-fuer-Nachrichtentechnik-Heinrich-Hertz-Institut-HHI--14045723-inline.html,False,,60,2026,9,2026-09-01,2026-06-12T21:16:42.938822+00:00
STEP-14007303,stepstone_de_dpa,LohnDialog Abrechnungsgesellschaft mbH,,Berlin,Berlin Berlin,"Ausbildung zum Fachinformatiker (m/w/d) Systemintegration | 09/2026

Deine Aufgaben
Du bist für die Planung und die Konfiguration von IT-Systemen verantwortlich. Dazu gehört das Installieren und Einrichten von Hard- und Softwarekomponenten und Betriebssystemen sowie die Verwaltung von Netzwerkkomponenten
Bei auftretenden Störungen stehst du mit modernen Diagnosesystemen zur Stelle und hilfst den Kunden und Kollegen bei Anwendungsproblemen
Beschaffen von Hard- und Software, inkl. Planen und Installieren von neuen Geräten, Wartung und Instandhaltung von Software
Es erwarten dich nicht nur abwechslungsreiche Aufgaben, sondern auch weitere Vorteile, die deine Ausbildung noch attraktiver machen:
Gute Übernahmeperspektive mit einem attraktiven Gehaltsmodell
Modernste technische Ausstattung in großen und hellen Büros
Raum für viel Eigeninitiative und Verantwortung
Vielseitige und abwechslungsreiche Aufgabenbereiche
Ein eingespieltes, fröhliches und freundliches Team, das Wert auf Respekt und Wertschätzung legt
Regelmäßige Teamevents, After-Work-Get-Together - wie Spieleabende (online und offline) und Teamfahrten
Kostenlose Getränke und frisches Obst haben wir natürlich auch

Du berätst und betreust Kunden bei der Auswahl und Implementierung von IT-Produkten, analysierst ihre Anforderungen, erstellst passende Angebote und bist bei Softwareproblemen als erster Ansprechpartner zur Stelle
Du entscheidest, wo du dich spezialisieren möchtest und bekommst spannende Einblicke in verschiedene IT-Projekte
Dein Profil
Abgeschlossenes Abitur, Fachhochschulreife oder mittlerer Schulabschluss mit mindestens der Note 2
Du hast eine Leidenschaft für moderne Technologien und ein gutes Verständnis für technische Zusammenhänge
Erste Kenntnisse über Programmiersprachen ist von Vorteil
Du hast eine schnelle Auffassungsgabe und ein hohes Maß an Lernbereitschaft und Zuverlässigkeit
Deine Deutschkenntnisse sind mindestens „gut“ (B2) in Wort und Schrift

Wir bieten
Bei uns arbeitest du in einem starken Team, das dich fördert und fordert und du hast die Chance, die IT-Welt von morgen aktiv mitzugestalten!",,"Du berätst und betreust Kunden bei der Auswahl und Implementierung von IT-Produkten, analysierst ihre Anforderungen, erstellst passende Angebote und bist bei Softwareproblemen als erster Ansprechpartner zur Stelle
Du entscheidest, wo du dich spezialisieren möchtest und bekommst spannende Einblicke in verschiedene IT-Projekte
Dein Profil
Abgeschlossenes Abitur, Fachhochschulreife oder mittlerer Schulabschluss mit mindestens der Note 2
Du hast eine Leidenschaft für moderne Technologien und ein gutes Verständnis für technische Zusammenhänge
Erste Kenntnisse über Programmiersprachen ist von Vorteil
Du hast eine schnelle Auffassungsgabe und ein hohes Maß an Lernbereitschaft und Zuverlässigkeit
Deine Deutschkenntnisse sind mindestens „gut“ (B2) in Wort und Schrift",Ausbildung | zum Fachinformatiker (m/w/d) Systemintegration | 09/2026,si,,"Wir bieten
Bei uns arbeitest du in einem starken Team, das dich fördert und fordert und du hast die Chance, die IT-Welt von morgen aktiv mitzugestalten!",,,empty,,https://twitter.com/stepstone_de,https://twitter.com/stepstone_de,https://twitter.com/stepstone_de,externe,"Kontakt
Wir freuen uns auf deine Bewerbung!",,,stepstone_de,https://www.stepstone.de/stellenangebote--Ausbildung-zum-Fachinformatiker-m-w-d-Systemintegration-09-2026-Berlin-LohnDialog-Abrechnungsgesellschaft-mbH--14007303-inline.html,False,,60,,,,2026-06-12T21:37:54.438911+00:00
STEP-14087961,stepstone_de_dpa,CONET Technologies Holding GmbH,,Bonn,Bonn Bonn,"Ausbildung Fachinformatiker Systemintegration (m/w/d)

Ausbildungsstart: 01.08.2026 Bei conet erwarten dich abwechslungsreiche Aufgaben, moderne Technologien und echte Verantwortung von Beginn an. Ob IT-Service, Netzwerke, Datenanalyse oder Cloud – wir machen dich fit für deine IT-Zukunft. Und jetzt kommst du! Wir suchen keine perfekten Bewerbungsunterlagen – sondern Menschen mit echter Motivation für IT.

Wir bieten",,,Ausbildung | Fachinformatiker Systemintegration (m/w/d),si,,Wir bieten,,,empty,,https://twitter.com/stepstone_de,https://twitter.com/stepstone_de,https://twitter.com/stepstone_de,externe,Kontakt,"Überzeuge uns mit deinem ""Warum"". Schick uns deinen Lebenslauf, dein letztes Zeugnis – und dein persönliches ""Warum""!",,stepstone_de,https://www.stepstone.de/stellenangebote--Ausbildung-Fachinformatiker-Systemintegration-m-w-d-Bonn-CONET-Technologies-Holding-GmbH--14087961-inline.html,False,,60,2026,8,2026-08-01,2026-06-12T21:16:55.272672+00:00
STEP-13963538,stepstone_de_dpa,HYPE Softwaretechnik GmbH,,Bonn,"Bonn, Deutschland Bonn","Ausbildung zum Fachinformatiker für Systemintegration (m/w/d)

Ihre Aufgaben
Deine
Deine Aufgaben
Hard- und Software Support Deiner Kollegen im Alltag
Optimieren unserer Virtualisierungsumgebung mit VMware
Betreuen unserer Microsoft365 Umgebung
Netzwerkumgebungen planen und implementieren
Optimierungsmöglichkeiten ausarbeiten und die Netzwerkstruktur verbessern
Mitwirkung in unserem Cybersecurity Konzept
Systeme testen und überwachen sowie Störungen beheben
Wandel mitgestalten: Arbeite an der vordersten Front der digitalen Transformation und unterstütze unsere Kunden, die Schlüsselakteure in dieser schnelllebigen globalen Transformation sind Gut gestartet: nd Mit intensiver Einarbeitung durch Dein Team kannst Du schnell Verantwortung übernehmen und spannende Aufgaben in einer teamorientieren Atmosphäre bearbeit Lernkurve: iten Wir unterstützen dich sowohl bei deiner fachlichen als auch schulischen Ausbildung, unter anderem bei der Prüfungsvorberei Teamspirit: eitung Bei uns steht Teamgeist an erster Stelle – wir leben ihn jeden Tag durch engen und regelmäßigen Aus Kultur: ustausch HYPE ist divers und integrativ. Wir leben in einer Kultur der offenen Türen und legen Wert darauf, dass unsere Kollegen ihre Stärken entsprechend einsetzen und weiterentwickel Unsere Branche: eln können Wir helfen Organisationen weltweit, ihr Innovationsmanagement zu perfektionieren und eine bessere Zukunft zu schaffen – das ist genauso spannend, wie es klingt!
So geht’s nach Deiner Bewerbung weiter
Remote Kennenlernen via Teams
Zum Einstieg lernen wir uns in einem ca. 60-minütigen Gespräch online via Teams kennen. Wir interessieren uns für deine Persönlichkeit, deinen Werdegang und deine Erwartungen. Gleichzeitig geben wir dir einen Einblick in die Aufgaben und unser Team. Natürlich hast du jederzeit die Möglichkeit, alle Fragen zu stellen, die dir wichtig sind. Wir freuen uns auf den Austausch!
Persönliches Kennenlernen bei HYPE
Ein erstes Gespräch kann den Arbeitsalltag natürlich nur begrenzt abbilden. Deshalb laden wir dich im zweiten Schritt zu einem persönlichen Kennenlernen in unser Büro ein. An einem halben bis ganzen Tag hast du die Gelegenheit, weitere Teammitglieder zu treffen, mehr über deine zukünftigen Aufgaben zu erfahren und unser Arbeitsumfeld aus nächster Nähe zu erleben. In mehreren kurzen Gesprächen möchten wir den fachlichen und persönlichen Austausch in entspannter Atmosphäre und auf Augenhöhe weiter vertiefen. Uns ist wichtig, dass du ein echtes Gefühl dafür bekommst, wie wir zusammenarbeiten und ob wir zueinanderpassen.

Dein Profil
Erfolgreich abgeschlossenes (Fach-)Abitur, einen guten Realschulabschluss oder eine vergleichbare Qualifikation
Fähigkeit, Probleme eigenständig zu erkennen und lösungsorientiert zu bearbeiten
Erste praktische Erfahrungen im IT-Bereich, z. B. durch Praktika oder Hobbies
Gute Deutsch- und Englischkenntnisse in Wort und Schrift
„Hands on Mentalität“ mit Blick für das Wesentliche
Teamfähigkeit und Bereitschaft, sich aktiv in ein bestehendes Team einzubringen
Was wir Dir bieten",,"Dein Profil
Erfolgreich abgeschlossenes (Fach-)Abitur, einen guten Realschulabschluss oder eine vergleichbare Qualifikation
Fähigkeit, Probleme eigenständig zu erkennen und lösungsorientiert zu bearbeiten
Erste praktische Erfahrungen im IT-Bereich, z. B. durch Praktika oder Hobbies
Gute Deutsch- und Englischkenntnisse in Wort und Schrift
„Hands on Mentalität“ mit Blick für das Wesentliche
Teamfähigkeit und Bereitschaft, sich aktiv in ein bestehendes Team einzubringen
Was wir Dir bieten",Ausbildung | zum Fachinformatiker für Systemintegration (m/w/d),si,,,,,empty,,https://twitter.com/stepstone_de,https://twitter.com/stepstone_de,https://twitter.com/stepstone_de,externe,Kontakt,"Denn eine Entscheidung für einen neuen Job sollte sich auf beiden Seiten richtig anfühlen.Charline Kocourek und Vanessa Limbach sind Deine Ansprechpartnerinnen in der Personalabteilung. Bitte bewirb Dich mit Deinen aussagekräftigen Bewerbungsunterlagen (Lebenslauf, Anschreiben, letztes Schulzeugnis) direkt über unser Bewerbermanagementtool Personio auf unserer Homepage. Für weitere Fragen erreichst Du uns unter der Rufnummer +49 (0) 228 / 2276-0.",,stepstone_de,https://www.stepstone.de/stellenangebote--Ausbildung-zum-Fachinformatiker-fuer-Systemintegration-m-w-d-Bonn-Deutschland-HYPE-Softwaretechnik-GmbH--13963538-inline.html,False,,60,,,,2026-06-12T21:33:53.039573+00:00
STEP-14085722,stepstone_de_dpa,HYPE Softwaretechnik GmbH,,Bonn,Bonn Bonn,"Ausbildung zum Fachinformatiker für Systemintegration (m/f/d)

Ihre Aufgaben
Deine
Deine Aufgaben
Hard- und Software Support Deiner Kollegen im Alltag
Optimieren unserer Virtualisierungsumgebung mit VMware
Betreuen unserer Microsoft365 Umgebung
Netzwerkumgebungen planen und implementieren
Optimierungsmöglichkeiten ausarbeiten und die Netzwerkstruktur verbessern
Mitwirkung in unserem Cybersecurity Konzept
Systeme testen und überwachen sowie Störungen beheben
Wandel mitgestalten: Arbeite an der vordersten Front der digitalen Transformation und unterstütze unsere Kunden, die Schlüsselakteure in dieser schnelllebigen globalen Transformation sind Gut gestartet: nd Mit intensiver Einarbeitung durch Dein Team kannst Du schnell Verantwortung übernehmen und spannende Aufgaben in einer teamorientieren Atmosphäre bearbeit Lernkurve: iten Wir unterstützen dich sowohl bei deiner fachlichen als auch schulischen Ausbildung, unter anderem bei der Prüfungsvorberei Teamspirit: eitung Bei uns steht Teamgeist an erster Stelle – wir leben ihn jeden Tag durch engen und regelmäßigen Aus Kultur: ustausch HYPE ist divers und integrativ. Wir leben in einer Kultur der offenen Türen und legen Wert darauf, dass unsere Kollegen ihre Stärken entsprechend einsetzen und weiterentwickel Unsere Branche: eln können Wir helfen Organisationen weltweit, ihr Innovationsmanagement zu perfektionieren und eine bessere Zukunft zu schaffen – das ist genauso spannend, wie es klingt!
So geht’s nach Deiner Bewerbung weiter
Remote Kennenlernen via Teams
Zum Einstieg lernen wir uns in einem ca. 60-minütigen Gespräch online via Teams kennen. Wir interessieren uns für deine Persönlichkeit, deinen Werdegang und deine Erwartungen. Gleichzeitig geben wir dir einen Einblick in die Aufgaben und unser Team. Natürlich hast du jederzeit die Möglichkeit, alle Fragen zu stellen, die dir wichtig sind. Wir freuen uns auf den Austausch!
Persönliches Kennenlernen bei HYPE
Ein erstes Gespräch kann den Arbeitsalltag natürlich nur begrenzt abbilden. Deshalb laden wir dich im zweiten Schritt zu einem persönlichen Kennenlernen in unser Büro ein. An einem halben bis ganzen Tag hast du die Gelegenheit, weitere Teammitglieder zu treffen, mehr über deine zukünftigen Aufgaben zu erfahren und unser Arbeitsumfeld aus nächster Nähe zu erleben. In mehreren kurzen Gesprächen möchten wir den fachlichen und persönlichen Austausch in entspannter Atmosphäre und auf Augenhöhe weiter vertiefen. Uns ist wichtig, dass du ein echtes Gefühl dafür bekommst, wie wir zusammenarbeiten und ob wir zueinanderpassen.

Dein Profil
Erfolgreich abgeschlossenes (Fach-)Abitur, einen guten Realschulabschluss oder eine vergleichbare Qualifikation
Fähigkeit, Probleme eigenständig zu erkennen und lösungsorientiert zu bearbeiten
Erste praktische Erfahrungen im IT-Bereich, z. B. durch Praktika oder Hobbies
Gute Deutsch- und Englischkenntnisse in Wort und Schrift
„Hands on Mentalität“ mit Blick für das Wesentliche
Teamfähigkeit und Bereitschaft, sich aktiv in ein bestehendes Team einzubringen
Was wir Dir bieten",,"Dein Profil
Erfolgreich abgeschlossenes (Fach-)Abitur, einen guten Realschulabschluss oder eine vergleichbare Qualifikation
Fähigkeit, Probleme eigenständig zu erkennen und lösungsorientiert zu bearbeiten
Erste praktische Erfahrungen im IT-Bereich, z. B. durch Praktika oder Hobbies
Gute Deutsch- und Englischkenntnisse in Wort und Schrift
„Hands on Mentalität“ mit Blick für das Wesentliche
Teamfähigkeit und Bereitschaft, sich aktiv in ein bestehendes Team einzubringen
Was wir Dir bieten",Ausbildung | zum Fachinformatiker für Systemintegration (m/f/d),si,,,,,empty,,https://twitter.com/stepstone_de,https://twitter.com/stepstone_de,https://twitter.com/stepstone_de,externe,Kontakt,"Denn eine Entscheidung für einen neuen Job sollte sich auf beiden Seiten richtig anfühlen.Charline Kocourek und Vanessa Limbach sind Deine Ansprechpartnerinnen in der Personalabteilung. Bitte bewirb Dich mit Deinen aussagekräftigen Bewerbungsunterlagen (Lebenslauf, Anschreiben, letztes Schulzeugnis) direkt über unser Bewerbermanagementtool Personio auf unserer Homepage. Für weitere Fragen erreichst Du uns unter der Rufnummer +49 (0) 228 / 2276-0.",,stepstone_de,https://www.stepstone.de/stellenangebote--Ausbildung-zum-Fachinformatiker-fuer-Systemintegration-m-f-d-Bonn-HYPE-Softwaretechnik-GmbH--14085722-inline.html,False,,60,,,,2026-06-12T21:33:07.745547+00:00
STEP-14049914,stepstone_de_dpa,SVA System Vertrieb Alexander GmbH,,Dresden,"Dresden, Köln, Rostock, Würzburg Dresden","Ausbildung zum Fachinformatiker für Systemintegration (m/w/d)

Das erwartet Dich
Unternehmensbereiche kennenlernen: Du erhältst Einblicke in verschiedene Abteilungen bei SVA. Technische Einführung: Du wirst schrittweise in die Planung und Installation komplexer IT-Systeme eingeführt. Hands-on Experience: Bei uns bist Du von Anfang an mittendrin statt nur dabei. Fehler sind menschlich: Bei uns lernst Du durch Praxis – Fehler sind Teil des Erfolgs! Teamwork is Dreamwork: Arbeite eigenverantwortlich, aber nie allein. Vielfalt der IT erleben: Du erhältst viele Einblicke in verschiedene Themenbereiche.
Das macht Dich aus
Du hast ein (Fach-)Abitur oder einen sehr guten Realschulabschluss: Bei Realschulabschluss ist ein vorangegangenes Praktikum im IT-Bereich erforderlich. Begeisterung für IT: Du interessierst Dich für Technik, lernst gerne Neues und hast vielleicht erste Erfahrungen im Programmieren. Teamgeist & Eigenverantwortung: Du bist zuverlässig, hilfsbereit und lösungsorientiert. Sprachkenntnisse: Du bist sicher in Deutsch (C1) und Englisch (B2).

Deine Vorteile auf einen Blick
30 Urlaubstage: Work-Life-Balance ist uns wichtig! Hightech-Equipment: Laptop und Handy inklusive. Schulungsangebot: Wir investieren in Deine Entwicklung, mit regelmäßigen Trainings und Workshops. Azubi-Community: Austausch und Support garantiert. Karrierechancen: Sehr hohe Übernahmequote nach Deiner Ausbildung. Mobilität: Du erhältst ein Ticket für Deine täglichen Wege zur Berufsschule und zur Arbeit.
Du bringst Dich ein. Wir bringen Dich weiter.",,,Ausbildung | zum Fachinformatiker für Systemintegration (m/w/d),si,,"Deine Vorteile auf einen Blick
30 Urlaubstage: Work-Life-Balance ist uns wichtig! Hightech-Equipment: Laptop und Handy inklusive. Schulungsangebot: Wir investieren in Deine Entwicklung, mit regelmäßigen Trainings und Workshops. Azubi-Community: Austausch und Support garantiert. Karrierechancen: Sehr hohe Übernahmequote nach Deiner Ausbildung. Mobilität: Du erhältst ein Ticket für Deine täglichen Wege zur Berufsschule und zur Arbeit.
Du bringst Dich ein. Wir bringen Dich weiter.",,,empty,,https://twitter.com/stepstone_de,https://twitter.com/stepstone_de,https://twitter.com/stepstone_de,externe,"Kontakt: Team Talententwicklung
Borsigstraße 26
65205 Wiesbaden
Homepage: www.sva.de","Bereit für Deinen nächsten Schritt? Dann klicke auf „Jetzt bewerben“ , lade Deine Unterlagen (Anschreiben, Lebenslauf, Schulzeugnisse) hoch und werde Teil unseres Teams!
Mehr erfahren: www.sva.de/karriere
Wir freuen uns auf Dich!",,stepstone_de,https://www.stepstone.de/stellenangebote--Ausbildung-zum-Fachinformatiker-fuer-Systemintegration-m-w-d-Dresden-Koeln-Rostock-Wuerzburg-SVA-System-Vertrieb-Alexander-GmbH--14049914-inline.html,False,,60,,,,2026-06-12T21:34:06.262973+00:00
STEP-12292565,stepstone_de_dpa,CUREosity GmbH,,Düsseldorf,Düsseldorf Düsseldorf,"Ausbildung Fachinformatiker*in für Systemintegration (m/w/d) in Düsseldorf

Bei uns bekommst du die Chance auf eine umfassende Ausbildung, in der du alle wichtigen IT-Bereiche kennenlernst und von Anfang an die Möglichkeit hast, Verantwortung zu übernehmen. Dich erwarten vielfältige Aufgaben und viel Raum für deine eigenen Ideen!
Bewirb dich jetzt und starte deine Ausbildung im August 2025.
Deine Mission
Du hast die Möglichkeit unsere revolutionären Therapiesysteme mitzugestalten
Du assistierst unserem IT-Team bei der Administration, Wartung und Optimierung unserer IT-Infrastruktur
Du unterstützt bei der Wartung und dem Backup unserer Serverstruktur sowie bei der Fehlerbehebung, dem Monitoring und Incident Management der Server- und Clientlandschaft

Dein Profil
Allgemeine Hochschulreife oder gute mittlere Reife
Affinität für IT und digitale Innovationen
Großes Interesse und erste Erfahrungen in IT-Themen wünschenswert
Du bist offen, kommunikativ und arbeitest gerne im Team
Fließende Deutsch- und gute Englischkenntnisse

Wir bieten
Was uns ausmacht
Sinnstiftende Arbeit: Wir entwickeln innovative Therapien, die Menschen wirklich helfen
Innovative Technologie: Wir setzen auf VR für bessere Therapieergebnisse
Teamgeist und Vielfalt: Mitarbeiter*innen aus sieben Nationen und 50% weibliche Führungskräfte
Start-Up Atmosphäre: Flache Hierarchien, kurze Kommunikationswege und viel Gestaltungsspielraum
Bist du bereit, mit uns die Zukunft der Rehabilitation zu gestalten?
Unsere Benefits
Flexible Arbeitszeiten: Gestalte deine Arbeit so, dass sie zu deinem Leben passt
Tierfreundliches Büro: Hunde sind bei uns herzlich willkommen.
Regelmäßige Team-Events: Stärke den Teamgeist und genieße gemeinsame Aktivitäten
Frisches Obst, Kaffee und leckere Kaltgetränke: Gesund und gestärkt durch den Arbeitstag
Modernes Büro in Düsseldorf : Arbeite in einer inspirierenden Umgebung mit guten Parkmöglichkeiten
Unsere Werte
Win as a team – Be brave & collaborate: Erfolgreich sind wir nur im Team. Jede*r bringt einzigartige Fähigkeiten mit, und in einer ergebnisorientierten, offenen und kreativen Zusammenarbeit ergänzen wir uns optimal.
Ownership - See the bigger picture and mission: Verantwortung für das eigene Handeln, das Wohl des Teams und des Unternehmens zu übernehmen ist uns wichtig. Probleme sehen wir als Chancen zur Lösung.
Stay Hungry - Take continuous change as a business driver: Stetige Weiterentwicklung und Offenheit für Veränderungen sind unsere Treiber. Kreativer Hunger nach neuen Impulsen ermöglicht uns kontinuierliches Wachstum.
Respekt - Spread positivity - not politics: Offenheit, Positivität und Wertschätzung prägen unsere Interaktionen. Vielfalt in Meinungen und Ideen bereichert unser Team.
Unser Bewerbungsprozess
1. Review: Wir prüfen deine Bewerbung und achten besonders auf deine Motivation.
2. Kennenlernen: In zwanglosen Gesprächen – online und vor Ort.
3. Angebot: Bei beidseitigem Interesse freuen wir uns dich bald in unserem Team begrüßen zu dürfen!
Starte jetzt deine Karriere bei CUREosity und verändere mit uns die Gesundheitsbranche!",,"Dein Profil
Allgemeine Hochschulreife oder gute mittlere Reife
Affinität für IT und digitale Innovationen
Großes Interesse und erste Erfahrungen in IT-Themen wünschenswert
Du bist offen, kommunikativ und arbeitest gerne im Team
Fließende Deutsch- und gute Englischkenntnisse",Ausbildung | Fachinformatiker*in für Systemintegration (m/w/d) in Düsseldorf,si,,"Wir bieten
Was uns ausmacht
Sinnstiftende Arbeit: Wir entwickeln innovative Therapien, die Menschen wirklich helfen
Innovative Technologie: Wir setzen auf VR für bessere Therapieergebnisse
Teamgeist und Vielfalt: Mitarbeiter*innen aus sieben Nationen und 50% weibliche Führungskräfte
Start-Up Atmosphäre: Flache Hierarchien, kurze Kommunikationswege und viel Gestaltungsspielraum
Bist du bereit, mit uns die Zukunft der Rehabilitation zu gestalten?
Unsere Benefits
Flexible Arbeitszeiten: Gestalte deine Arbeit so, dass sie zu deinem Leben passt
Tierfreundliches Büro: Hunde sind bei uns herzlich willkommen.
Regelmäßige Team-Events: Stärke den Teamgeist und genieße gemeinsame Aktivitäten
Frisches Obst, Kaffee und leckere Kaltgetränke: Gesund und gestärkt durch den Arbeitstag
Modernes Büro in Düsseldorf : Arbeite in einer inspirierenden Umgebung mit guten Parkmöglichkeiten
Unsere Werte
Win as a team – Be brave & collaborate: Erfolgreich sind wir nur im Team. Jede*r bringt einzigartige Fähigkeiten mit, und in einer ergebnisorientierten, offenen und kreativen Zusammenarbeit ergänzen wir uns optimal.
Ownership - See the bigger picture and mission: Verantwortung für das eigene Handeln, das Wohl des Teams und des Unternehmens zu übernehmen ist uns wichtig. Probleme sehen wir als Chancen zur Lösung.
Stay Hungry - Take continuous change as a business driver: Stetige Weiterentwicklung und Offenheit für Veränderungen sind unsere Treiber. Kreativer Hunger nach neuen Impulsen ermöglicht uns kontinuierliches Wachstum.
Respekt - Spread positivity - not politics: Offenheit, Positivität und Wertschätzung prägen unsere Interaktionen. Vielfalt in Meinungen und Ideen bereichert unser Team.
Unser Bewerbungsprozess
1. Review: Wir prüfen deine Bewerbung und achten besonders auf deine Motivation.
2. Kennenlernen: In zwanglosen Gesprächen – online und vor Ort.
3. Angebot: Bei beidseitigem Interesse freuen wir uns dich bald in unserem Team begrüßen zu dürfen!
Starte jetzt deine Karriere bei CUREosity und verändere mit uns die Gesundheitsbranche!",,,empty,,https://twitter.com/stepstone_de,https://twitter.com/stepstone_de,https://twitter.com/stepstone_de,externe,"Du bist Ansprechpartner*in der Mitarbeitenden rund um das Thema IT und installierst relevante IT-Systeme (inkl. mobiler Hardware) für neue Arbeitsplätze
Du bietest eine umfassende und lösungsorientierte IT-Anwenderunterstützung im Hardware- und Softwareumfeld (z.B. Einrichtung von VPN-Zugängen, Verwaltung von Mailaccounts)
Du identifizierst eigeninitiativ weitere Optimierungspotentiale und treibst eigene Projekte proaktiv an",,,stepstone_de,https://www.stepstone.de/stellenangebote--Ausbildung-Fachinformatikerin-fuer-Systemintegration-m-w-d-in-Duesseldorf-Duesseldorf-CUREosity-GmbH--12292565-inline.html,False,,60,,,,2026-06-12T21:24:06.005888+00:00
STEP-14122889,stepstone_de_dpa,Ranger International & B2B,"51.26669,6.8188596",Düsseldorf,Wahlerstraße 21 40472 Düsseldorf,"Auszubildender (m/w/d) zum IT-Fachinformatiker (Systemintegration)

Du begeisterst Dich für IT-Themen und hast in dem Bereich schon erste Erfahrungen Du arbeitest selbstständig und kannst Dich und Deine Aufgaben bereits gut organisieren Du möchtest Deine konzeptionellen und technischen Fähigkeiten in der Praxis anwenden Du hast einen mittleren (Realschulabschluss) oder höheren Schulabschluss mit guten Leistungen absolviert
Zusätzliche Informationen
UNTERNEHMENSKULTUR: Bei uns findest du echte Wertschätzung und ein fantastisches Arbeitsklima. Spaß an und bei der Arbeit sind bei uns nicht nur Worte auf dem Papier, sondern gelebte Führungskultur. Deswegen arbeiten wir jeden Tag daran, unseren Mitarbeiter:innen nicht nur einen „Arbeitsplatz“ zu bieten, sondern einen Ort, an dem sie gerne Teile ihres Lebens verbringen. LEARN & GROW: Bei uns stehen Dir hervorragende Entwicklungsperspektiven und ein 24/7 Zugang zu unserer Learning-Plattform zur Verfügung. ON TOP : Es erwarten dich ein umfassendes Onboarding (inkl. eines Newcomer:innen Events), Essenszuschüsse, du kannst wählen zwischen einem kostenlosen Abo für den öffentlichen Nahverkehr oder einem kostenlosen Parkplatz, ein 2021 erbautes Office Gebäude mit ergonomischer Büroausstattung, eigenes Fitnessstudio im Headoffice, bezuschusste Entspannungsmassagen im Headoffice, kostenloser Kaffee und Obst, Zuschüsse zur Altersvorsorge, viele Firmenevents (Sommerfest, Weihnachtsfeier, Kirmes Besuch, Adventsverlosungen), ein Funroom, sowie exklusive Rabatte in vielen Shops u. v. m.",,,Ausbildung | Auszubildender (m/w/d) zum IT-Fachinformatiker (Systemintegration),si,,,,,empty,,https://smrtr.io/xxfg2,https://smrtr.io/xxfg2,https://smrtr.io/xxfg2,externe,"Du steigst in die IT-Infrastruktur ein und arbeitest hautnah und remote an allen IT-Systemen in den Rechenzentren und den internationalen Filialen. Gleichzeitig unterstützt Du das Team im operativen Tagesgeschäft. Als Teil des zentralen Infrastrukturteams kommst Du mit allen Fachbereichen des Unternehmens in Berührung und hilfst bei der Digitalisierung ihrer Prozesse. Nicht nur die Theorie und die fachliche Vorbereitung auf deine Prüfung gemäß des IHK Rahmenplans ist uns dabei wichtig, sondern auch Dein Einsatz und Deine Mitarbeit. Du bist ein wichtiger Part in unserem Unternehmen – schon in der Ausbildung. Spätestens nach Abschluss Deiner Ausbildung bist Du der/die richtige Ansprechpartner:in für die Planung und Konfiguration von IT-Systemen
Qualifikationen","Wenn Du bereit bist, Teil unseres Teams zu werden, freuen wir uns darauf Dich kennen zu lernen! Bewerbe Dich mit Deinen vollständigen Bewerbungsunterlagen (Anschreiben, Lebenslauf und Schulzeugnisse) direkt über unser Portal oder über den Link: https://smrtr.io/xxfg2
Ranger International
Frau Sabine Kanzok
Wahlerstraße 21
40472 Düsseldorf",,stepstone_de,https://www.stepstone.de/stellenangebote--Auszubildender-m-w-d-zum-IT-Fachinformatiker-Systemintegration-Duesseldorf-Ranger-International-B2B--14122889-inline.html,False,,60,,,,2026-06-12T21:42:55.427272+00:00
STEP-13739995,stepstone_de_dpa,Elfio GmbH,,Krefeld,Krefeld Krefeld,"Ausbildung zum/zur Fachinformatiker/in (m/w/d) – Systemintegration

Möglichkeit eines Praktikums vor Ausbildungsbeginn, um uns und deine künftigen Aufgaben kennenzulernen
Interessiert?

Das bringst du mit
Mindestens Fachoberschulreife oder einen vergleichbaren Schulabschluss
Interesse an IT und Technik – du willst verstehen, wie Systeme funktionieren
Technisches Verständnis und Freude am analytischen Denken
Begeisterung für die digitale Welt und das Internet
Sehr gute Deutschkenntnisse in Wort und Schrift
Gute Englischkenntnisse und Spaß an internationaler Kommunikation
Kommunikationsstärke, Teamgeist und eine freundliche, hilfsbereite Art
Motivation, Eigeninitiative und den Wunsch, immer dazuzulernen

Wir bieten dir
Eine abwechslungsreiche und praxisnahe Ausbildung mit echter Perspektive
Ein angenehmes Arbeitsklima in einem motivierten, kollegialen Team
Schulungen und Weiterbildungen, um dein Wissen kontinuierlich auszubauen
Flexible Arbeitszeiten, damit Ausbildung und Freizeit gut zusammenpassen
Kostenlose Lademöglichkeit für dein Elektrofahrzeug auf dem Firmengelände
Die Aussicht auf eine Übernahme in ein festes Arbeitsverhältnis nach erfolgreichem Abschluss",,"Das bringst du mit
Mindestens Fachoberschulreife oder einen vergleichbaren Schulabschluss
Interesse an IT und Technik – du willst verstehen, wie Systeme funktionieren
Technisches Verständnis und Freude am analytischen Denken
Begeisterung für die digitale Welt und das Internet
Sehr gute Deutschkenntnisse in Wort und Schrift
Gute Englischkenntnisse und Spaß an internationaler Kommunikation
Kommunikationsstärke, Teamgeist und eine freundliche, hilfsbereite Art
Motivation, Eigeninitiative und den Wunsch, immer dazuzulernen",Ausbildung | zum/zur Fachinformatiker/in (m/w/d) – Systemintegration,si,,"Wir bieten dir
Eine abwechslungsreiche und praxisnahe Ausbildung mit echter Perspektive
Ein angenehmes Arbeitsklima in einem motivierten, kollegialen Team
Schulungen und Weiterbildungen, um dein Wissen kontinuierlich auszubauen
Flexible Arbeitszeiten, damit Ausbildung und Freizeit gut zusammenpassen
Kostenlose Lademöglichkeit für dein Elektrofahrzeug auf dem Firmengelände
Die Aussicht auf eine Übernahme in ein festes Arbeitsverhältnis nach erfolgreichem Abschluss",,,empty,,https://twitter.com/stepstone_de,https://twitter.com/stepstone_de,https://twitter.com/stepstone_de,externe,,"Dann freuen wir uns auf deine Bewerbung! Sende deine Unterlagen (Anschreiben, Lebenslauf, Zeugnisse) gerne per Mail an:
info@elfio.de
Elfio GmbH
Designstraße 2, 47807 Krefeld
+49 2157 70990-50
Wir freuen uns darauf, dich kennenzulernen!",,stepstone_de,https://www.stepstone.de/stellenangebote--Ausbildung-zum-zur-Fachinformatiker-in-m-w-d-Systemintegration-Krefeld-Elfio-GmbH--13739995-inline.html,False,,60,,,,2026-06-12T21:41:31.763100+00:00
STEP-13918115,stepstone_de_dpa,C.Ed. Schulte Gesellschaft mit beschränkter Haftung Zylinderschlossfabrik,,Velbert - Friedrichstraße,Velbert - Friedrichstraße Velbert - Friedrichstraße,"Ausbildung Fachinformatiker (w/m/d) für Systemintegration

Ihre Aufgaben
Du interessierst dich für Computer und Software? Dann ist der Beruf des Fachinformatikers für Systemintegration etwas für Dich. Deine Aufgaben umfassen die Planung, die Installation, das Betreiben und Verwalten sowie den Support von IT-Systemen.
Du besuchst eine Berufsschule im Blockformat und den Rest der Zeit verbringst Du im Unternehmen.
Konzipieren und Realisieren komplexer Systeme der IT durch Integration von Softwarekomponenten
Installieren und Konfigurieren vernetzter IT-Systeme
Inbetriebnahme von IT-Systemen
Einsatz von Methoden der Projektplanung
Behebung von Störungen durch den Einsatz von Experten- und Diagnosesystemen
Administration von IT-Systemen
Arbeiten mit Helpdeskumgebungen
Präsentation von Systemlösungen
Beratung und Schulung von Anwendern
Ihr Profil
Wir sprechen ganz Besonders die jüngere Generation an, die ein Abitur oder eine Fachoberschulreife mit gutem Abschluss vorweisen können, dazu eine Zuverlässige, Kommunikationsfähige und eine Teamfähige Persönlichkeit.

Das bieten wir unseren Mitarbeitenden
Azubi-Kennenlern-Treffen",,,Ausbildung | Fachinformatiker (w/m/d) für Systemintegration,si,,"Das bieten wir unseren Mitarbeitenden
Azubi-Kennenlern-Treffen",,,empty,,https://twitter.com/stepstone_de,https://twitter.com/stepstone_de,https://twitter.com/stepstone_de,externe,"Engen Kontakt zwischen Lehrerpersonal, Ausbildenden und Auszubildenden
Fachliche Unterstützung während der Ausbildung
Bei erfolgreichem Abschluss bieten wir die Chance auf einen sicheren Arbeitsplatz und unterstützen Dich in Deiner weiteren beruflichen Entwicklung.","Prämienzahlung für gute Prüfungsleistungen und Zeugnis
Einbindung in aktuelle Projekte
Ausbildungsplan nach IHK-Richtlinien
Aktuelle Werkzeuge für die Entwicklung
Regelmäßige Treffen mit den Ausbildenden und dadurch kontinuierliche Betreuung",,stepstone_de,https://www.stepstone.de/stellenangebote--Ausbildung-Fachinformatiker-w-m-d-fuer-Systemintegration-Velbert-Friedrichstrasse-C-Ed-Schulte-Gesellschaft-mit-beschraenkter-Haftung-Zylinderschlossfabrik--13918115-inline.html,False,,60,,,,2026-06-12T21:23:32.593668+00:00
STEP-14073792,stepstone_de_dpa,ewimed Inh. Egon Wiest,,72379 Hechingen,72379 Hechingen 72379 Hechingen,"Ausbildung Fachinformatiker, Fachrichtung ­Systemintegration (m/w/d)

Ihre Aufgaben
Als Kaufmann für Büromanagement bist du aus keinem Büro mehr wegzudenken. Du zeichnest dich durch Vielseitigkeit und Flexibilität aus und kennst die betriebliche Organisation wie keine anderer. Bei ewimed kannst du dich selbst zwische Sekretariats- und Assistenztätigkeiten n ode Aufgaben in der Sachbearbeitung r entscheiden. Dabei zählen da Erstellen von Texten und Tabellen, Verfassen von E-Mails, das Planen von Terminen und die Organisation von unterschiedlichen Arbeitsabläufen s zu deinen Kernkompetenzen. Als wahrer Allrounder kannst du dein Talent in den Bereiche Logistik, Vertriebs­innendienst / Auftragsabwicklung, Einkauf, Finanz- und Rechnungswesen, Marketing und Vertrieb n unter Beweis stellen . An der Berufsschule werden dir berufsfachliche Kompetenzen wie BWL und Textverarbeitung vermittelt. Zusätzlich zum Schwerpunkt Sekretariat und Assistenz legst du gemeinsam mit dem Ausbilder eine Wahlqualifikation nach betrieblichem und persönlichem Interesse
Ihr Profil
.
Das bringst du :
Gute Schulnoten in den Fächern Mathematik, Deutsch und Englisch
Organisationsgeschick, Teamspirit und Spaß an eigenständiger Arbeit

Wir bieten
Ausbildung zum
FACTS
Ausbildungsdauer:
Bildungspartner:
Beginn:
Allrounder im Büro – ohne dich geht‘s einfach nicht.",,,"Ausbildung | Fachinformatiker, Fachrichtung ­Systemintegration (m/w/d)",si,,"Wir bieten
Ausbildung zum
FACTS
Ausbildungsdauer:
Bildungspartner:
Beginn:
Allrounder im Büro – ohne dich geht‘s einfach nicht.",,,empty,,https://twitter.com/stepstone_de,https://twitter.com/stepstone_de,https://twitter.com/stepstone_de,externe,"Kontakt und Kommunikationsfähigkeit sowie eine sichere Ausdrucksweise in Wort und Schrift
Interesse und Spaß an Computerarbeit
Eigeninitiative Einsatzfreude
:
Realschulabschluss, ­Fachhochschul- oder allg. ­Hochschulreife
Nach erfolgreichem Abschluss deiner Ausbildung kannst du...
…dich auf eine Übernahme bei ewimed freuen! …! als Sachbearbeiter im Innendienst, in der Telefonzentrale, als ­Assistenz im Vertrieb oder der Geschäftsleitung arbeiten …n. eine Weiterbildung machen zum Fachwirt, Betriebswirt oder ­sämtliche ­IHK-Zusatzqualifikationen erlangen.
Schon gewusst? Nach deiner Erstausbildung hast du auch die Möglichkeit berufs­begleitende Studien­gänge zu absolvieren, entweder mit Präsenzvorlesungen oder auch über ein
Kontakt
.
Doch nicht das richtige für dich?
Schau dir auch unsere anderen Ausbildungsberufe an, da ist sicher auch was für dich",,,stepstone_de,https://www.stepstone.de/stellenangebote--Ausbildung-Fachinformatiker-Fachrichtung-Systemintegration-m-w-d-72379-Hechingen-ewimed-Inh-Egon-Wiest--14073792-inline.html,False,,53,,,,2026-06-12T21:16:22.809054+00:00
STEP-14084739,stepstone_de_dpa,Netzint GmbH,,78 Gütenbach,78 Gütenbach 78 Gütenbach,"Ausbildung Fachinformatiker/in für Systemintegration (m/w/d)

Wir bieten
Die praktische Ausbildung erfolgt hauptsächlich im Unternehmen, während die theoretischen Kenntnisse in der Berufsschule vermittelt werden.
Zeitrahmen
Die Ausbildung dauert 3 Jahre und beginnt jeweils am 1. September.",,,Ausbildung | Fachinformatiker/in für Systemintegration (m/w/d),si,,"Wir bieten
Die praktische Ausbildung erfolgt hauptsächlich im Unternehmen, während die theoretischen Kenntnisse in der Berufsschule vermittelt werden.
Zeitrahmen
Die Ausbildung dauert 3 Jahre und beginnt jeweils am 1. September.",,,empty,,https://twitter.com/stepstone_de,https://twitter.com/stepstone_de,https://twitter.com/stepstone_de,externe,"Kontakt
Wir freuen uns darauf dich kennen zu lernen!
Für uns sind deine Persönlichkeit und dein Können wichtiger als Zertifikate. Daher bewerbe dich einfach direkt hier und wir vereinbaren ein Kennenlern-Gespräch.",,,stepstone_de,https://www.stepstone.de/stellenangebote--Ausbildung-Fachinformatiker-in-fuer-Systemintegration-m-w-d-78-Guetenbach-Netzint-GmbH--14084739-inline.html,False,,53,,,,2026-06-12T21:21:48.538533+00:00
STEP-14074508,stepstone_de_dpa,ComConsult GmbH,,Aachen,Aachen Aachen,"Ausbildung Fachinformatiker für Systemintegration (w/m/d) (Aachen) › ComConsult GmbH

Ihre Aufgaben
First- und Second-Level-Support, sowohl hausintern als auch, in bestimmten Fällen, extern bei der Unterstützung der ComConsult Akademie,
Unterstützung der Consultants im Projektgeschäft,
Ermittlung und Prüfung neuer Technologien.
Ihr Profil
Interesse an Technik im breitesten Sinne

Wir bieten
Weitere Informationen
Die Ausbildungszeit beginnt zwischen August und Oktober und dauert zwei bis drei Jahre. Sie schließt mit einer Prüfung bei der zuständigen IHK ab. Neben der schulischen und der betrieblichen Ausbildung wird auch die Bereitschaft zu internen Schulungen gefordert.
Der schulische Teil der Ausbildung findet beim Berufskolleg für Gestaltung und Technik (Neuköllner Straße 25, 52068 Aachen) statt.
Unsere Benefits
Weiterbildungsakademie
Flexible Arbeitszeiten
Home Office
Urban Sports Club-Mitgliedschaft
Kostenlose Parkplätze
E-Mobilität
Eine überdurchschnittliche Ausbildungsvergütung
Hinter unserem Erfolg stehen Menschen wie Sie, die gemeinsam mit uns bereits heute die Lösungen für die Herausforderungen von morgen finden. Hört sich gut an? Werden Sie Teil von unserem Team!
Neue Umgebung - neue Möglichkeiten - neue Atmosphäre
Wir freuen uns auf unser neues Büro. Die Umbauten sind in vollem Gang. Es erwarten uns rund 2500qm neue energieeffiziente und moderne Räumlichkeiten, die viel Spielraum zur Entfaltung lassen.",,,Ausbildung | Fachinformatiker für Systemintegration (w/m/d) (Aachen) › ComConsult GmbH,si,,"Wir bieten
Weitere Informationen
Die Ausbildungszeit beginnt zwischen August und Oktober und dauert zwei bis drei Jahre. Sie schließt mit einer Prüfung bei der zuständigen IHK ab. Neben der schulischen und der betrieblichen Ausbildung wird auch die Bereitschaft zu internen Schulungen gefordert.
Der schulische Teil der Ausbildung findet beim Berufskolleg für Gestaltung und Technik (Neuköllner Straße 25, 52068 Aachen) statt.
Unsere Benefits
Weiterbildungsakademie
Flexible Arbeitszeiten
Home Office
Urban Sports Club-Mitgliedschaft
Kostenlose Parkplätze
E-Mobilität
Eine überdurchschnittliche Ausbildungsvergütung
Hinter unserem Erfolg stehen Menschen wie Sie, die gemeinsam mit uns bereits heute die Lösungen für die Herausforderungen von morgen finden. Hört sich gut an? Werden Sie Teil von unserem Team!
Neue Umgebung - neue Möglichkeiten - neue Atmosphäre
Wir freuen uns auf unser neues Büro. Die Umbauten sind in vollem Gang. Es erwarten uns rund 2500qm neue energieeffiziente und moderne Räumlichkeiten, die viel Spielraum zur Entfaltung lassen.",,,empty,,https://twitter.com/stepstone_de,https://twitter.com/stepstone_de,https://twitter.com/stepstone_de,externe,"Kontaktfreudigkeit
Genauigkeit
Aufgeschlossenheit
Sicheres Auftreten
(Fach-)Abitur",,,stepstone_de,https://www.stepstone.de/stellenangebote--Ausbildung-Fachinformatiker-fuer-Systemintegration-w-m-d-Aachen-ComConsult-GmbH-Aachen-ComConsult-GmbH--14074508-inline.html,False,,53,,,,2026-06-12T21:20:04.116116+00:00
STEP-14069689,stepstone_de_dpa,aptaro GmbH,,Berlin,Berlin Berlin,"Ausbildung Fachinformatiker für Systemintegration (m/w/d)

Als Systemintegrator bilden wir dich zum Experten (m/w/d) für die technische Umsetzung von IT-Lösungen aus. Du bist dafür zuständig, dass die IT-Systeme unserer Kunden besser funktionieren, damit diese ihrer Arbeit besser nachkommen können. Diese Aufgaben dürfen nur echte IT-Profis übernehmen. Wir machen Dich zu einem.
Das erwartet Dich bei uns:
Du installierst neue IT-Infrastruktur (Server, PCs, Notebooks, Netzwerke, WLAN, Router, Datensicherungssysteme usw.), konfigurierst sie und vernetzt sie miteinander, sodass unsere Kunden optimal arbeiten können
Du bietest unseren Kunden Support und Unterstützung (vor Ort, telefonisch oder per Fernwartung) bei technischen Problemen oder wenn diese besondere Wünsche an ihre IT haben
Du nutzt modernste Monitoring-Software, um den Gesundheitszustand der IT unserer Kunden zu überwachen und lernst selbständig Maßnahmen zu ergreifen, wenn es zu Störungen kommt
Du berätst unsere Kunden vorausschauend, insbesondere bei defekten IT-Systemen oder wenn der Kunde durch eine bessere technische Lösung effektiver arbeiten könnte.
Du erkennst im Gespräch den Bedarf unserer Kunden und bietest ihnen maßgeschneiderte Lösungen an.
Wir bilden Dich laufend fort, und du wirst durch uns zum Experten für moderne, zukunftsorientierte IT-Systeme
Abwechslungsreiche Aufgaben und Projekte, die Theorie und Praxis verbinden
Einblick in die Teams und Bereiche unseres Unternehmens
aktives Mitgestalten von Arbeitsprozessen
eigenverantwortliches Arbeiten
ein aufgeschlossenes, hilfsbereites und fachlich breit gefächertes Team
regelmäßige Team-Events
Bewerbung:
Wenn dies Deinem Profil entspricht, freuen wir uns auf Deine Bewerbung.

Dein Profil:
Interesse an zukunftsweisender Technologie
Begeisterung für IT-Technik
abgeschlossenen mittlerer Schulabschluss (MSA) oder (Fach-)Abitur
gute Deutschkenntnisse in Wort und Schrift
Kommunikationstalent: Freundliches und höfliches Auftreten ist für dich selbstverständlich
Sorgfältiges Arbeiten und Teamfähigkeit
Selbständigkeit sowie Lern- und Leistungsbereitschaft
Lust auf ""Verantwortung von Anfang an""
Prozess- und Problemlösungsorientierung

Das bieten wir dir:
von Anfang an „mittendrin statt nur dabei""
eine qualitativ hochwertige Ausbildung
Wir nehmen unsere Auszubildenden sehr ernst und behandeln Sie respektvoll und auf Augenhöhe
Wir unterstützen dich dabei, deine persönlichen und beruflichen Ziele zu erreichen
Möglichkeit der Teilnahme an ergänzenden Fortbildungen",,"Dein Profil:
Interesse an zukunftsweisender Technologie
Begeisterung für IT-Technik
abgeschlossenen mittlerer Schulabschluss (MSA) oder (Fach-)Abitur
gute Deutschkenntnisse in Wort und Schrift
Kommunikationstalent: Freundliches und höfliches Auftreten ist für dich selbstverständlich
Sorgfältiges Arbeiten und Teamfähigkeit
Selbständigkeit sowie Lern- und Leistungsbereitschaft
Lust auf ""Verantwortung von Anfang an""
Prozess- und Problemlösungsorientierung",Ausbildung | Fachinformatiker für Systemintegration (m/w/d),si,,"Das bieten wir dir:
von Anfang an „mittendrin statt nur dabei""
eine qualitativ hochwertige Ausbildung
Wir nehmen unsere Auszubildenden sehr ernst und behandeln Sie respektvoll und auf Augenhöhe
Wir unterstützen dich dabei, deine persönlichen und beruflichen Ziele zu erreichen
Möglichkeit der Teilnahme an ergänzenden Fortbildungen",,,empty,,https://twitter.com/stepstone_de,https://twitter.com/stepstone_de,https://twitter.com/stepstone_de,externe,,,,stepstone_de,https://www.stepstone.de/stellenangebote--Ausbildung-Fachinformatiker-fuer-Systemintegration-m-w-d-Berlin-aptaro-GmbH--14069689-inline.html,False,,53,,,,2026-06-12T21:19:19.248426+00:00
STEP-13837775,stepstone_de_dpa,Avendis GmbH,,Berlin,"Berlin, Bremen, Cottbus, Düsseldorf, Greven, Westerstede Berlin","Ausbildung zum Fachinformatiker (w/m/d) Systemintegration 2026

Deine Aufgaben
Installation und Konfiguration vernetzter IT-Systeme
Service, Beratung und Betreuung, Fehleranalyse und Störungsbeseitigung für unsere User
Realisierung komplexer IT-Systeme durch Integration von Soft- und Hardwarekomponenten

Dein Profil
Mindestens mittlere Reife und gute Schulnoten in Deutsch und Mathematik
Gute Englisch- und PC-Kenntnisse
Technisches und mathematisches Verständnis sowie Kommunikations- und Teamfähigkeit
Zuverlässigkeit, Lernbereitschaft und eine motivierte Grundeinstellung
Ein Führerschein ist wünschenswert

Wir bieten
Eine praxisorientierte und abwechslungsreiche Ausbildung in einem kompetenten und motivierten Team
Hilfe bei der Vorbereitung auf die Abschlussprüfung
Aussicht auf Übernahme nach erfolgreich abgeschlossener Ausbildung
Benefits, wie bspw. unser Firmenfitnessprogramm über Hansefit
Weitere Informationen
AVENDIS GmbH
Besselstraße 12
68219 Mannheim
Recruiting Team
Tel: 0251 7604 642",,"Dein Profil
Mindestens mittlere Reife und gute Schulnoten in Deutsch und Mathematik
Gute Englisch- und PC-Kenntnisse
Technisches und mathematisches Verständnis sowie Kommunikations- und Teamfähigkeit
Zuverlässigkeit, Lernbereitschaft und eine motivierte Grundeinstellung
Ein Führerschein ist wünschenswert",Ausbildung | zum Fachinformatiker (w/m/d) Systemintegration 2026,si,,"Wir bieten
Eine praxisorientierte und abwechslungsreiche Ausbildung in einem kompetenten und motivierten Team
Hilfe bei der Vorbereitung auf die Abschlussprüfung
Aussicht auf Übernahme nach erfolgreich abgeschlossener Ausbildung
Benefits, wie bspw. unser Firmenfitnessprogramm über Hansefit
Weitere Informationen
AVENDIS GmbH
Besselstraße 12
68219 Mannheim
Recruiting Team
Tel: 0251 7604 642",,,empty,,https://twitter.com/stepstone_de,https://twitter.com/stepstone_de,https://twitter.com/stepstone_de,externe,,,,stepstone_de,https://www.stepstone.de/stellenangebote--Ausbildung-zum-Fachinformatiker-w-m-d-Systemintegration-2026-Berlin-Bremen-Cottbus-Duesseldorf-Greven-Westerstede-Avendis-GmbH--13837775-inline.html,False,,53,,,,2026-06-12T21:39:44.965366+00:00
STEP-13920644,stepstone_de_dpa,Medialine Euro Trade AG,,Berlin,Berlin Berlin,"Ausbildung zum Fachinformatiker für Systemintegration (m/w/d)

Aufgaben
Im Rahmen Deiner Ausbildung ( ab August 2026 ) arbeitest Du in einem engagierten Team und lernst die verschiedenen Funktionsbereiche eines Systemhauses kennen. Später arbeitest Du aktiv in Teilprojekten mit und gestaltest unseren gemeinsamen Erfolg. Während Deiner dreijährigen Ausbildung rüsten wir Dich, damit Du zukünftig eigenständig Kundenbedürfnisse analysieren sowie informations- und telekommunikationstechnische Lösungen erarbeiten kannst.
Qualifikation
Du hast Dein (Fach)-abitur oder eine Ausbildung erfolgreich abgeschlossen
Du arbeitest gerne mit dem Computer und hast schon erste Erfahrungen mit Netzwerken gesammelt
das Internet und gängige Office-Programme sind aus Deinem Alltag nicht wegzudenken, da Du Freude an neuen Technologien hast
Du verfügst über gute Deutschkenntnisse in Wort und Schrift

Benefits
Mitarbeiterevents
Weiterbildung
Möglichkeit zum mobilen Arbeiten
Mentorenprogramm
Warm- und Kaltgetränke
Obstkorb
Mitarbeiterrabatte
Fahrtkostenerstattung
flexible Arbeitszeit
betriebliche Altersvorsorge
Notebook und Smartphone
Teilnahme an hochwertigen Events",,,Ausbildung | zum Fachinformatiker für Systemintegration (m/w/d),si,,"Benefits
Mitarbeiterevents
Weiterbildung
Möglichkeit zum mobilen Arbeiten
Mentorenprogramm
Warm- und Kaltgetränke
Obstkorb
Mitarbeiterrabatte
Fahrtkostenerstattung
flexible Arbeitszeit
betriebliche Altersvorsorge
Notebook und Smartphone
Teilnahme an hochwertigen Events",,,empty,,https://twitter.com/stepstone_de,https://twitter.com/stepstone_de,https://twitter.com/stepstone_de,externe,"Du trittst sicher auf und hast keine Angst vor Kundenkontakt – persönlich sowie am Telefon oder im Schriftverkehr
Du bist so wie wir – teamfähig, arbeitest aber auch gerne eigenverantwortlich
Du bist belastbar und gut organisiert
auch in stressigen Situationen behältst Du stets einen klaren Kopf
Deinen Führerschein hast du schon oder bist gerade dabei ihn zu bestehen
Kontakt
In unserer Bewerberansprache setzen wir auf das 'Du'. Solltest Du eine andere Ansprache bevorzugen, lass es uns einfach wissen und wir passen uns Deinen Präferenzen an.",,,stepstone_de,https://www.stepstone.de/stellenangebote--Ausbildung-zum-Fachinformatiker-fuer-Systemintegration-m-w-d-Berlin-Medialine-Euro-Trade-AG--13920644-inline.html,False,,53,2026,8,,2026-06-12T21:33:48.410080+00:00
STEP-13666762,stepstone_de_dpa,YOC AG,,Berlin,Berlin Berlin,"Ausbildung zum/zur Fachinformatiker/in für Systemintegration (m/w/d)

Ihre Aufgaben
Als Auszubildender zum/zur Fachinformatiker/in für Systemintegration[m/w/x) bist Du Teil unseres IT Operations Teams, das sich ganzheitlich um alle IT‑Systeme, Geräte, Netzwerke und Mitarbeiteranfragen im Unternehmen kümmert. Im Wesentlichen besteht die Ausbildung zum/zur Fachinformatiker/in für Systemintegration aus den folgenden Themenbereichen:
• Konzeption und Realisierung komplexer IT-Systeme durch Integration von Hardware- und Softwarekomponenten
• Installation, Konfiguration und Administration von IT-Systemen
• Behebung von Störungen durch den Einsatz von Experten- und Diagnosesystemen
• Anwenderbetreuung im Umgang mit den IT-Systemen
• Beobachtung des Marktes für IT-Technologien und -Systeme, Hard- und Softwareprodukte
YOUR PROFILE
Du passt hervorragend zu uns, wenn Du Begeisterung für Digitalisierung und Technik mitbringst, sowie Deine berufliche Zukunft im IT Umfeld siehst. Wenn Du Dich außerdem in den folgenden Punkten wiedererkennst, sollten wir keine Zeit verlieren und uns unbedingt kennenlernen:
• Mindestens eine gute mittlere Reife bzw. Fachabitur mit guten Noten in den Kernfächern Deutsch, Mathematik und Englisch
• Allgemeines Verständnis für Technik, sowie eine ausgeprägte IT-Begeisterung
• Bereits vorhandene Erfahrungen mit Computer-Technologien sehen wir gerne
• Logisches und analytisches Denkvermögen
• Gutes Ausdrucksvermögen in Deutsch und Englisch
• Engagement, Zuverlässigkeit und Teamfähigkeit
• Durchhaltevermögen, Sorgfalt und Zielstrebigkeit
• Eine hohe Lernbereitschaft und Eigeninitiative
• Handwerkliches Geschick

Wir bieten
Wir bieten Dir eine intensive, praxisorientierte Ausbildung in einem europaweit tätigen Unternehmen an. Auf Dich warten abwechslungsreiche und interessante Einsatzbereiche, die Dir die Möglichkeit zur selbstständigen und eigenverantwortlichen Mitarbeit bieten. Eine umfangreiche Betreuung während der Ausbildung wird durch ausgewählte Ansprechpartner gewährleistet. Bei YOC lernst Du ein modernes Arbeitsumfeld kennen, in das Du Dein persönliches Engagement und Deine Motivation einbringen kannst.",,,Ausbildung | zum/zur Fachinformatiker/in für Systemintegration (m/w/d),si,,"Wir bieten
Wir bieten Dir eine intensive, praxisorientierte Ausbildung in einem europaweit tätigen Unternehmen an. Auf Dich warten abwechslungsreiche und interessante Einsatzbereiche, die Dir die Möglichkeit zur selbstständigen und eigenverantwortlichen Mitarbeit bieten. Eine umfangreiche Betreuung während der Ausbildung wird durch ausgewählte Ansprechpartner gewährleistet. Bei YOC lernst Du ein modernes Arbeitsumfeld kennen, in das Du Dein persönliches Engagement und Deine Motivation einbringen kannst.",,,empty,,https://twitter.com/stepstone_de,https://twitter.com/stepstone_de,https://twitter.com/stepstone_de,externe,"Wir bieten Dir eine intensive, praxisorientierte Ausbildung in einem europaweit tätigen Unternehmen an. Auf Dich warten abwechslungsreiche und interessante Einsatzbereiche, die Dir die Möglichkeit zur selbstständigen und eigenverantwortlichen Mitarbeit bieten. Eine umfangreiche Betreuung während der Ausbildung wird durch ausgewählte Ansprechpartner gewährleistet. Bei YOC lernst Du ein modernes Arbeitsumfeld kennen, in das Du Dein persönliches Engagement und Deine Motivation einbringen kannst.",,,stepstone_de,https://www.stepstone.de/stellenangebote--Ausbildung-zum-zur-Fachinformatiker-in-fuer-Systemintegration-m-w-d-Berlin-YOC-AG--13666762-inline.html,False,,53,,,,2026-06-12T21:41:22.462208+00:00
STEP-13924950,stepstone_de_dpa,Hype Holding GmbH,,Bonn,Bonn Bonn,"Ausbildung zum Fachinformatiker für Systemintegration (m/w/d)

Deine Aufgaben
Hard- und Software Support Deiner Kollegen im Alltag
Optimieren unserer Virtualisierungsumgebung mit VMware
Betreuen unserer Microsoft365 Umgebung
Netzwerkumgebungen planen und implementieren
Optimierungsmöglichkeiten ausarbeiten und die Netzwerkstruktur verbessern
Mitwirkung in unserem Cybersecurity Konzept
Systeme testen und überwachen sowie Störungen beheben
Gut gestartet: Mit intensiver Einarbeitung durch Dein Team kannst Du schnell Verantwortung übernehmen und spannende Aufgaben in einer teamorientieren Atmosphäre bearbeiten
Lernkurve: Regelmäßige Weiterbildungs- und Entwicklungsmöglichkeiten – sowohl fachlich als auch persönlich
Teamspirit: Bei uns steht Teamgeist an erster Stelle – wir leben ihn jeden Tag durch engen und regelmäßigen Austausch
Kultur: HYPE ist divers und integrativ. Wir leben in einer Kultur der offenen Türen und legen Wert darauf, dass unsere Kollegen ihre Stärken entsprechend einsetzen und weiterentwickeln können
Unsere Branche: Wir helfen Organisationen weltweit, ihr Innovationsmanagement zu perfektionieren und eine bessere Zukunft zu schaffen – das ist genauso spannend, wie es klingt!

Dein Profil
Du hast ein erfolgreich abgeschlossenes (Fach-)Abitur, einen guten Realschulabschluss oder bist mit Deinem Studium unzufrieden?
Du hast die Fähigkeit Probleme zu erkennen und zu lösen und arbeitest auch gerne eigenständig.
Erste praktische Erfahrung z. B. in Form von Praktika, Hobbies oder als Familien/Freunde-PC-Support.
Du möchtest gerne Verantwortung übernehmen und innovative Lösungen entwickeln.
Du beherrschst die deutsche Sprache sowie die englische Sprache in Wort und Schrift.
Du bist von Deinem Können überzeugt und erklärst gerne, weshalb Dir diese Ausbildung wichtig ist.
Du hast einen Blick fürs Wesentliche und eine „Hands on Mentalität“.
Du bist bereit Dich in unserem vorhandenen Team einzubringen.
Was wir dir bieten
Wandel mitgestalten: Arbeite an der vordersten Front der digitalen Transformation und unterstütze unsere Kunden, die Schlüsselakteure in dieser schnelllebigen globalen Transformation sind",,"Dein Profil
Du hast ein erfolgreich abgeschlossenes (Fach-)Abitur, einen guten Realschulabschluss oder bist mit Deinem Studium unzufrieden?
Du hast die Fähigkeit Probleme zu erkennen und zu lösen und arbeitest auch gerne eigenständig.
Erste praktische Erfahrung z. B. in Form von Praktika, Hobbies oder als Familien/Freunde-PC-Support.
Du möchtest gerne Verantwortung übernehmen und innovative Lösungen entwickeln.
Du beherrschst die deutsche Sprache sowie die englische Sprache in Wort und Schrift.
Du bist von Deinem Können überzeugt und erklärst gerne, weshalb Dir diese Ausbildung wichtig ist.
Du hast einen Blick fürs Wesentliche und eine „Hands on Mentalität“.
Du bist bereit Dich in unserem vorhandenen Team einzubringen.
Was wir dir bieten
Wandel mitgestalten: Arbeite an der vordersten Front der digitalen Transformation und unterstütze unsere Kunden, die Schlüsselakteure in dieser schnelllebigen globalen Transformation sind",Ausbildung | zum Fachinformatiker für Systemintegration (m/w/d),si,,,,,empty,,https://twitter.com/stepstone_de,https://twitter.com/stepstone_de,https://twitter.com/stepstone_de,externe,Deine Kontaktpersonen,,,stepstone_de,https://www.stepstone.de/stellenangebote--Ausbildung-zum-Fachinformatiker-fuer-Systemintegration-m-w-d-Bonn-Hype-Holding-GmbH--13924950-inline.html,False,,53,,,,2026-06-12T21:33:57.637391+00:00
STEP-13918520,stepstone_de_dpa,Normbau GmbH,,Renchen,"Renchen, Germany Renchen","Ausbildung zum Fachinformatiker für Systemintegration (m/w/d) 2026

Das lernst du bei uns:
Planung, Installation und Konfiguration von IT-Systemen und Netzwerken
Regelmäßige Systempflege und Wartung
Anwender-Support bei Fragen rund um die IT
Erstellung von Systemdokumentationen
Umsetzung von eigenen Projekten
Ihr Profil

Das zeichnet dich aus:
Strukturierte und sorgfältige Arbeitweise
Hohe Konzentrationsfähigkeit
Eigenständiges Ausarbeiten von Lösungsansätzen
Analytische Denkweise
Teamfähigkeit
Voraussetzungen:
Mittlere Reife mit Interesse an den Fächern Mathematik, Deutsch, Englisch und ggf. Informatik
Ausbildungsart:
Duale Ausbildung (geregelt durch Ausbildungsverordnung)
Ausbildungsdauer:
3 Jahre
Leistungen:
Lernorte:
Ausbildungsbetrieb und Berufsschule (1,5 Tage pro Woche)
Betriebliche Altersvorsorge
Betriebliche Weiterbildung
Betriebsarzt
Betriebsfeiern
Flexible Arbeitszeiten
Gleitzeit
Kostenlose Getränke
Kostenloser Parkplatz
Vergünstigtes Essen in einer Kantine (auch vegetarisch und vegan)
Mitarbeiter-Rabatt
Preisnachlässe auf Produkte/Dienstleistungen des Unternehmens
Übernahmechancen nach der Ausbildung
Attraktive Ausbildungsvergütung
Fahrkostenerstattung für Ausbildungszwecke
Vielseitige Ausbildung: Einblicke in ganz unterschiedliche Abteilungs- und Unternehmensbereiche
Projektarbeiten: Einbindung in verschiedene Projekte (z. B. Sozialprojekte, Umweltprojekte, betriebliche Projekte)
Arbeitskleidung wird zur Verfügung gestellt
Regelmäßige Termine zum Besprechen von allem, was besprochen werden soll (Regelkommunikation)
Sehr gute Verkehrsanbindung mit Bahnhof und Bushaltestelle
Sonderzahlungen:
Urlaubsgeld
Weihnachtsgeld",,"Das zeichnet dich aus:
Strukturierte und sorgfältige Arbeitweise
Hohe Konzentrationsfähigkeit
Eigenständiges Ausarbeiten von Lösungsansätzen
Analytische Denkweise
Teamfähigkeit
Voraussetzungen:
Mittlere Reife mit Interesse an den Fächern Mathematik, Deutsch, Englisch und ggf. Informatik
Ausbildungsart:
Duale Ausbildung (geregelt durch Ausbildungsverordnung)
Ausbildungsdauer:
3 Jahre
Leistungen:
Lernorte:
Ausbildungsbetrieb und Berufsschule (1,5 Tage pro Woche)
Betriebliche Altersvorsorge
Betriebliche Weiterbildung
Betriebsarzt
Betriebsfeiern
Flexible Arbeitszeiten
Gleitzeit
Kostenlose Getränke
Kostenloser Parkplatz
Vergünstigtes Essen in einer Kantine (auch vegetarisch und vegan)
Mitarbeiter-Rabatt
Preisnachlässe auf Produkte/Dienstleistungen des Unternehmens
Übernahmechancen nach der Ausbildung
Attraktive Ausbildungsvergütung
Fahrkostenerstattung für Ausbildungszwecke
Vielseitige Ausbildung: Einblicke in ganz unterschiedliche Abteilungs- und Unternehmensbereiche
Projektarbeiten: Einbindung in verschiedene Projekte (z. B. Sozialprojekte, Umweltprojekte, betriebliche Projekte)
Arbeitskleidung wird zur Verfügung gestellt
Regelmäßige Termine zum Besprechen von allem, was besprochen werden soll (Regelkommunikation)
Sehr gute Verkehrsanbindung mit Bahnhof und Bushaltestelle
Sonderzahlungen:
Urlaubsgeld
Weihnachtsgeld",Ausbildung | zum Fachinformatiker für Systemintegration (m/w/d) 2026,si,,,,,empty,,https://twitter.com/stepstone_de,https://twitter.com/stepstone_de,https://twitter.com/stepstone_de,externe,,"NORMBAU sieht sein Leitbild ""Passion for Care"" als Selbstverständlichkeit an, die NORMBAU GmbH ist stolzer Teil der internationalen Allegion Group. Allegion setzt sich für ein vielfältiges und integratives Arbeitsumfeld ein. Wir begegnen den Unterschieden und Gemeinsamkeiten sowohl im Berufsalltag als auch in der Zusammenarbeit mit Kunden, Lieferanten und unserem sozialen Umfeld mit Offenheit. Bewerbende und Mitarbeitende haben jederzeit die Möglichkeit, sich mit ihren Bewerbungsunterlagen unabhängig von ihrem kulturellen Hintergrund, ihrer Erfahrung, ihrer Rasse, Hautfarbe, nationalen Herkunft, Religion, ihrem Alter, ihrem Geschlecht, ihrer Geschlechtsidentität, einer Behinderung, ihrer sexuellen Orientierung oder anderen gesetzlich geschützten Merkmalen an uns zu wenden. Wir sind auch bestrebt, alle Hindernisse für Menschen mit Behinderungen zu beseitigen. Wenn Sie sich aus irgendeinem Grund nicht über unsere Karriereseite bewerben können und Unterstützung benötigen, wenden Sie sich bitte an unsere Personalabteilung. NORMBAU und Allegion sind Arbeitgeber, die Chancengleichheit konkret umsetzen. © Allegion plc, 2014 | Block D, Iveagh Court, Harcourt Road, Dublin 2, Co.Dublin, Ireland REGISTERED IN IRELAND WITH LIMITED LIABILITY, REGISTER NUMBER 527370.",,stepstone_de,https://www.stepstone.de/stellenangebote--Ausbildung-zum-Fachinformatiker-fuer-Systemintegration-m-w-d-2026-Renchen-Germany-Normbau-GmbH--13918520-inline.html,False,,53,,,,2026-06-12T21:33:27.948023+00:00
STEP-14002408,stepstone_de_dpa,"stadtraum Gesellschaft für Raumplanung, Städtebau und Verkehrstechnik mbH",,Wickede (Ruhr),Wickede (Ruhr) Wickede (Ruhr),"Ausbildung zum Fachinformatiker für Systemintegration (m/w/d)

Ihre Aufgaben
Konfigurieren von Hard- und Softwarekomponenten
Überwachen und Instandhaltung von Serverumgebungen
Erstellen von Dokumentationen (Benutzerprofile, Systembeschreibungen, Netzwerkpläne, …)
Notfallmanagement (Backups, Security, Störungsbeseitigung)
Cloud Computing (IaaS, SaaS, FwaaS, Microsoft365, CloudPBX, …)
Solltest du eine körperliche Einschränkung haben, prüfen wir gemeinsam, wie wir die Ausbildung passend gestalten können.
Ihr Profil
Interesse und Grundkenntnisse in Mathematik
Interesse an IT-Zusammenhängen
Neugierde & Lernbereitschaft
Sorgfalt & Genauigkeit & Geduld
Fähigkeit, Verantwortung zu übernehmen
Sicherer Umgang mit gängigen MS-Office-Programmen (Outlook, Word, Excel, …)

Ihre Benefits
Eine umfassende Ausbildung mit Einblick in alle Abteilungen
Vertiefung der praktischen Einblicke durch die theoretischen Grundlagen, die du an der Berufsschule erlernst
Innovative Arbeitsabläufe
Fort- und Weiterbildungsmöglichkeiten
Eine attraktive Ausbildungsvergütung
Urlaubs- und Weihnachtsgeld
Unternehmensevents
Übernahme in ein unbefristetes Arbeitsverhältnis bei guter Leistung
Beginn: 01.08.2026
Umfang: 40 Stunden pro Woche (Vollzeit)
Arbeitsort: Wickede (Ruhr)
Wir begrüßen Bewerbungen unabhängig von Geschlecht, Alter, Herkunft, Religion, sexueller Identität oder einer Behinderung.
Art der Stelle: Berufsausbildung
Arbeitszeiten: Montag bis Freitag
Arbeitsort: Vor Ort",,,Ausbildung | zum Fachinformatiker für Systemintegration (m/w/d),si,,"Ihre Benefits
Eine umfassende Ausbildung mit Einblick in alle Abteilungen
Vertiefung der praktischen Einblicke durch die theoretischen Grundlagen, die du an der Berufsschule erlernst
Innovative Arbeitsabläufe
Fort- und Weiterbildungsmöglichkeiten
Eine attraktive Ausbildungsvergütung
Urlaubs- und Weihnachtsgeld
Unternehmensevents
Übernahme in ein unbefristetes Arbeitsverhältnis bei guter Leistung
Beginn: 01.08.2026
Umfang: 40 Stunden pro Woche (Vollzeit)
Arbeitsort: Wickede (Ruhr)
Wir begrüßen Bewerbungen unabhängig von Geschlecht, Alter, Herkunft, Religion, sexueller Identität oder einer Behinderung.
Art der Stelle: Berufsausbildung
Arbeitszeiten: Montag bis Freitag
Arbeitsort: Vor Ort",,,empty,,https://twitter.com/stepstone_de,https://twitter.com/stepstone_de,https://twitter.com/stepstone_de,externe,"Kontakt
Wir freuen uns auf Deine Bewerbung!
PRS Parkraumservice GmbH
Personalabteilung
Kirchplatz 7
58739 Wickede (Ruhr)
E-Mail: Bewerbung@Parkraumservice.de
Telefon: 02377/78777-362",,,stepstone_de,https://www.stepstone.de/stellenangebote--Ausbildung-zum-Fachinformatiker-fuer-Systemintegration-m-w-d-Wickede-Ruhr-stadtraum-Gesellschaft-fuer-Raumplanung-Staedtebau-und-Verkehrstechnik-mbH--14002408-inline.html,False,,53,2026,8,2026-08-01,2026-06-12T21:35:19.048928+00:00
STEP-13971891,stepstone_de_dpa,steep GmbH Zentrale,,Bonn,"Bonn, Dransdorf Bonn","Ausbildung Fachinformatiker/in - Systemintegration (m/w/d) in Bonn 2026

Das lernst du bei uns:
Du planst, konfigurierst und richtest Systeme der Informations- und Telekommunikationstechnik ein
Du berätst Anwender:innen bei der Auswahl und Nutzung von Geräten und Systemen
Du betreibst, verwaltest und wartest IT-Systeme
Du analysierst und löst Anwendungs- und Systemprobleme
Du erstellst Systemdokumentationen
Du führst Schulungen durch
Du findest dich hier wieder?
Du hast einen guten Realschulabschluss, eine Fach-/Hochschulreife, eine vergleichbare Ausbildung oder ein (IT-)Studium abgeschlossen / abgebrochen
Du besitzt gute mathematische Fähigkeiten und ein ausgeprägtes logisches Denken
Du verfügst über gute Deutsch- und Englischkenntnisse
Du hast idealerweise bereits erste praktische Erfahrungen oder Grundkenntnisse im IT-Bereich
Du bist lernfreudig, selbstständig und bringst ein hohes Engagement mit
Freu dich auf:
Faire Ausbildungsvergütung + Urlaubs- & Weihnachtsgeld
30 Urlaubstage + extra freie Tage (Betriebsschließung)
Gleitzeit = mehr Freiheit und Flexibilität für dich
Sehr gute Übernahmemöglichkeiten und einen langfristig sicheren Arbeitsplatz
Zuschuss zum Deutschlandticket
Rabattierte Preise in unserer Kantine
Fahrradleasing
Urban Sports Club – Fitness, Yoga & Co. zum Spartarif",,,Ausbildung | Fachinformatiker/in - Systemintegration (m/w/d) in Bonn 2026,si,,,,,empty,,https://twitter.com/stepstone_de,https://twitter.com/stepstone_de,https://twitter.com/stepstone_de,externe,"Kontakt
Wir unterstützen dich, wenn du deine Ausbildung verkürzen möchtest
Klingt spannend? Dann schick uns gerne deine Bewerbung, wenn wir dein Interesse geweckt haben!
Bewerbung direkt hier oder über www.steep.de/karriere",,,stepstone_de,https://www.stepstone.de/stellenangebote--Ausbildung-Fachinformatiker-in-Systemintegration-m-w-d-in-Bonn-2026-Bonn-Dransdorf-steep-GmbH-Zentrale--13971891-inline.html,False,,47,,,,2026-06-12T21:21:19.032966+00:00
STEP-13917306,stepstone_de_dpa,Korsch AG,,Breitenbachstraße 1,"Breitenbachstraße 1, 13509 Berlin, Deutschland Breitenbachstraße 1",Ausbildung zum Fachinformatiker - Systemintegration (m/w/d),,,Ausbildung | zum Fachinformatiker - Systemintegration (m/w/d),si,,,,,empty,,https://twitter.com/stepstone_de,https://twitter.com/stepstone_de,https://twitter.com/stepstone_de,externe,"Kontaktdaten
Wo findet das Ganze statt?
KORSCH AG, Breitenbachstr. 1, 13509 Berlin – Reinickendorf
OSZ IMT, Haarlemer Straße 23–27, 12359 Berlin – Neukölln
Dorian Messelhäuser | Personalabteilung | personal(at)korsch.de",,,stepstone_de,https://www.stepstone.de/stellenangebote--Ausbildung-zum-Fachinformatiker-Systemintegration-m-w-d-Breitenbachstrasse-1-13509-Berlin-Deutschland-Korsch-AG--13917306-inline.html,False,,47,,,,2026-06-12T21:28:24.101686+00:00
STEP-13883586,stepstone_de_dpa,"BPG Beratungs- und Prüfungsges. mbH, Wirtschaftsprüfungsges., Steuerberatungsgese",,Düsseldorf,Düsseldorf Düsseldorf,Ausbildung als Fachinformatiker:in für Systemintegration (m/w/d),,,Ausbildung | als Fachinformatiker:in für Systemintegration (m/w/d),si,,,,,empty,,https://twitter.com/stepstone_de,https://twitter.com/stepstone_de,https://twitter.com/stepstone_de,externe,"Kontakt
Du möchtest uns kennenlernen?
Deine Ansprechpartner
Personalabteilung
Maren Clemens
Fachabteilung
Christian Maruhn (Geschäftsführer, Partner)
BPG Beratungs- und Prüfungsgesellschaft mbH
Herma-Körding-Str. 5
40468 Düsseldorf
karriere@crowe-bpg.de
+49 (0)211 73068 0",,,stepstone_de,https://www.stepstone.de/stellenangebote--Ausbildung-als-Fachinformatiker-in-fuer-Systemintegration-m-w-d-Duesseldorf-BPG-Beratungs-und-Pruefungsges-mbH-Wirtschaftspruefungsges-Steuerberatungsgese--13883586-inline.html,False,,47,,,,2026-06-12T21:25:28.112407+00:00
STEP-14108731,stepstone_de_dpa,Joh. Wachenfeld GmbH & Co. KG,,Korbach,Korbach Korbach,"Ausbildung Fachinformatiker/-in (m/w/d)

Zuständigkeiten / Hauptaufgaben
Systemintegration planen, installieren und verwalten IT-Systeme.
Als Fachinformatiker kümmerst du dich um die Vernetzung und Wartung der IT-Infrastruktur. Du richtest Netzwerke ein, sorgst dafür, dass die verschiedenen Systeme reibungslos zusammenarbeiten, und behebst auftretende Probleme. Dabei arbeitest du eng mit den Anwendern zusammen, um sicherzustellen, dass sie die Systeme effizient nutzen können. Du bist zudem für die Dokumentation deiner Arbeit und das Schulen der Anwender verantwortlich.
Tätigkeiten als Fachinformatiker/-in
Einrichtung der Netzwerke
IT-Support und Wartung
Problemanalyse
Ermitteln von Bedarf an IT-Systemen
Beschaffung und Einführung von benötigter Hard- und Software
Schulung von Anwendern

Qualifikationen / Anforderungen
Abgeschlossene Hochschulreife oder Realschulabschluss
Teamfähigkeit, Zuverlässigkeit und Engagement
Leistungen der Anstellung
Spannende, anspruchsvolle und selbständige Tätigkeit
Leistungsgerechte Vergütung
Weiterbildungs- und Karrieremöglichkeiten",,"Qualifikationen / Anforderungen
Abgeschlossene Hochschulreife oder Realschulabschluss
Teamfähigkeit, Zuverlässigkeit und Engagement
Leistungen der Anstellung
Spannende, anspruchsvolle und selbständige Tätigkeit
Leistungsgerechte Vergütung
Weiterbildungs- und Karrieremöglichkeiten",Ausbildung | Fachinformatiker/-in (m/w/d),si,,,,,empty,,https://twitter.com/stepstone_de,https://twitter.com/stepstone_de,https://twitter.com/stepstone_de,externe,,,,stepstone_de,https://www.stepstone.de/stellenangebote--Ausbildung-Fachinformatiker-in-m-w-d-Korbach-Joh-Wachenfeld-GmbH-Co-KG--14108731-inline.html,False,,47,,,,2026-06-12T21:21:57.041925+00:00
STEP-13918361,stepstone_de_dpa,M.S.E. Microcomputer Systeme Equipment GmbH,,Unna | Verwaltung,Unna | Verwaltung Unna | Verwaltung,"Ausbildung zum Fachinformatiker der Fachrichtung Systemintegration (m/w/d)

Ihre Aufgaben
Deine Aufgaben
Was wirst Du bei uns lernen? Du arbeitest mit den anderen aus Deinem Team an einem der besten Produkte zur Digitalisierung von Geschäfts- und Dokumentenprozessen und erhältst ein besonderes Knowhow durch verschiedene Bereiche:
Konzeption, Realisierung, Konfiguration und Installation von Systemen der Informations- und Telekommunikationstechnik durch Integration von Hard- und Softwarekomponenten
Projektplanung, Durchführung und Kontrolle
Fehlererkennung und -behebung mithilfe von Experten-, und Diagnosesystemen
Administration von IT-Systemen
Schulung und Beratung unserer Kunden
Ihr Profil

Dein Profil
Du begeisterst Dich für neue IT-Technologien und möchtest deswegen gerne im Bereich des Softwaresupportes arbeiten? Denn dafür brauchen wir Dich! Was wir gut finden würden?
Du hast Freude an Informationstechnik
Du besitzt gute Deutsch- und Englischkenntnisse in Wort und Schrift
Der Umgang mit Kunden macht Dir Spaß und Du hast Lust diese im technischen Support zu unterstützen
Du besitzt eine gute Auffassungsgabe
Du bringst strukturiertes Denken, Genauigkeit und eine große Portion Motivation mit
Warum wir?
Wir setzen auf die gemeinsame, dynamische Weiterentwicklung unserer innovativen Produkte und glauben an Lösungen und Chancen, nicht an Probleme. Wir sind überzeugt, dass wir uns mit den geballten Kräften unseres Teams, mit Transparenz und viel Spaß an der Arbeit gegenseitig motivieren, herausfordern und täglich zu neuen Höchstleistungen pushen. Werde Teil unseres großartigen Teams, bewirb Dich auf unserer Website und starte im Herbst 2026 Deine Ausbildung bei uns!",,"Dein Profil
Du begeisterst Dich für neue IT-Technologien und möchtest deswegen gerne im Bereich des Softwaresupportes arbeiten? Denn dafür brauchen wir Dich! Was wir gut finden würden?
Du hast Freude an Informationstechnik
Du besitzt gute Deutsch- und Englischkenntnisse in Wort und Schrift
Der Umgang mit Kunden macht Dir Spaß und Du hast Lust diese im technischen Support zu unterstützen
Du besitzt eine gute Auffassungsgabe
Du bringst strukturiertes Denken, Genauigkeit und eine große Portion Motivation mit
Warum wir?
Wir setzen auf die gemeinsame, dynamische Weiterentwicklung unserer innovativen Produkte und glauben an Lösungen und Chancen, nicht an Probleme. Wir sind überzeugt, dass wir uns mit den geballten Kräften unseres Teams, mit Transparenz und viel Spaß an der Arbeit gegenseitig motivieren, herausfordern und täglich zu neuen Höchstleistungen pushen. Werde Teil unseres großartigen Teams, bewirb Dich auf unserer Website und starte im Herbst 2026 Deine Ausbildung bei uns!",Ausbildung | zum Fachinformatiker der Fachrichtung Systemintegration (m/w/d),si,,,,,empty,,https://twitter.com/stepstone_de,https://twitter.com/stepstone_de,https://twitter.com/stepstone_de,externe,,,,stepstone_de,https://www.stepstone.de/stellenangebote--Ausbildung-zum-Fachinformatiker-der-Fachrichtung-Systemintegration-m-w-d-Unna-Verwaltung-M-S-E-Microcomputer-Systeme-Equipment-GmbH--13918361-inline.html,False,,47,,,,2026-06-12T21:29:47.096529+00:00
STEP-14098455,stepstone_de_dpa,Mercedes-Benz AG,"51.2465,6.7855",Düsseldorf,Rather Str. 51 40476 Düsseldorf,"Ausbildung zum Fachinformatiker Fachrichtung Digitale Vernetzung (w/m/d), Mercedes-Benz AG, Werk Düsseldorf, Ausbildungsbeginn 01.09.2027

Bewerben Sie sich bei Mercedes-Benz und finden Sie den Aufgabenbereich, in dem Sie Ihre Talente individuell entfalten können. Dabei werden Sie von visionären Kolleginnen und Kollegen unterstützt, die Ihren Pioniergeist teilen. Bei uns einzusteigen bedeutet, Teil eines globalen Teams zu werden, dessen Ziel es ist, die begehrenswertesten Automobile der Welt zu bauen. Together for excellence.
Stellennummer: MER00042ZF
Aufgaben
Programmiere deine Zukunft auf Vernetzung
Du denkst nicht nur vernetzt und digital, sondern willst damit auch deine und unsere Zukunft gestalten? Dann lernst du in dieser Ausbildung, wie digitale Vernetzung rund um unsere faszinierenden Autos und Mobilitätsthemen in der Praxis funktioniert.
Deine Aufgabe
Analysieren und Planen von Systemen zur Vernetzung von Prozessen und Produkten
Errichten, Ändern und Prüfen von vernetzten Systemen
Automatisieren von Prozessen, Produkten, Maschinen und Anlagen
Betreiben von vernetzten Systemen und Sicherstellung der Systemverfügbarkeit
Qualifikationen
Gute Computerkenntnisse
Solide Kenntnisse in Mathematik
Gute deutsche und englische Sprachkenntnisse
Kaufmännisches Grundverständnis
Verantwortungsbewusstsein und Sorgfältigkeit
Zusätzliche Informationen:
Für deine Bewerbung solltest du mindestens einen guten Realschulabschluss mitbringen. Wenn du bei uns durchstartest, erwartet dich eine attraktive Vergütung von 1.242 Euro im ersten Ausbildungsjahr bis zu 1.586 Euro im letzten Jahr (je nach Standort). Schließt du deine Ausbildung erfolgreich ab, hast du bei uns beste Übernahmechancen.
Wir freuen uns insbesondere über Bewerbungen von Menschen mit Behinderung. Unter sbv-duesseldorf@mercedes-benz.com kannst du dich zudem an die Schwerbehindertenvertretung des Standorts wenden, die dich gerne im weiteren Bewerbungsprozess unterstützt.
#Fachinformatiker

Benefits
Essens­zulagen
Mit­arbeiter­handy möglich
Mit­arbeiter­rabatte möglich
Mit­arbeiter­beteili­gung möglich
Mit­arbeiter Events
Coaching
Flexible Arbeits­zeit möglich
Hybrides Arbeiten möglich
Gesund­heits­maß­nahmen
Betrieb­liche Alters­ver­sorgung
Mobilitäts­angebote
Kantine, Café
Betriebs­arzt
Barriere­frei­heit
Gute An­bindung
Park­platz",,,"Ausbildung | zum Fachinformatiker Fachrichtung Digitale Vernetzung (w/m/d), Mercedes-Benz AG, Werk Düsseldorf, Ausbildungsbeginn 01.09.2027",dv,,"Benefits
Essens­zulagen
Mit­arbeiter­handy möglich
Mit­arbeiter­rabatte möglich
Mit­arbeiter­beteili­gung möglich
Mit­arbeiter Events
Coaching
Flexible Arbeits­zeit möglich
Hybrides Arbeiten möglich
Gesund­heits­maß­nahmen
Betrieb­liche Alters­ver­sorgung
Mobilitäts­angebote
Kantine, Café
Betriebs­arzt
Barriere­frei­heit
Gute An­bindung
Park­platz",,,empty,sbv-duesseldorf@mercedes-benz.com,mailto:sbv-duesseldorf@mercedes-benz.com,mailto:sbv-duesseldorf@mercedes-benz.com,mailto:sbv-duesseldorf@mercedes-benz.com,externe,"Kontakt
Jennifer Simons
Email: jennifer.simons@mercedes-benz.com
Mercedes-Benz Plant Düsseldorf, Düsseldorf
Rather Str. 51
40476 Düsseldorf",,,stepstone_de,https://www.stepstone.de/stellenangebote--Ausbildung-zum-Fachinformatiker-Fachrichtung-Digitale-Vernetzung-w-m-d-Mercedes-Benz-AG-Werk-Duesseldorf-Ausbildungsbeginn-01-09-2027-Duesseldorf-Mercedes-Benz-AG--14098455-inline.html,False,,67,2027,9,2027-09-01,2026-06-12T21:27:18.478282+00:00
STEP-14080262,stepstone_de_dpa,Arvato SE,"51.907314,8.42058",Gütersloh,33333 Gütersloh,"IT Trainee - Data Analytics & Application Management (m/w/x)

Aufgaben

Analyse : Daten, Prozesse und Abläufe werden untersucht und nachvollziehbar aufbereitet, um Fragestellungen zu beantworten und fundierte Entscheidungen zu unterstützen Consulting : In Zusammenarbeit mit Fachbereichen, IT und Stakeholdern entstehen datenbasierte Lösungsansätze, die fachliche Anforderungen mit technischen Möglichkeiten verbinden Application : Arbeitsabläufe und Systeme werden begleitet, weiterentwickelt und optimiert mit dem Ziel, effiziente, verständliche und reibungslose Prozesse sicherzustellen Products : Moderne Reports, Dashboards und weitere datengetriebene Lösungen werden konzipiert, strukturiert und für unterschiedliche Nutzergruppen bereitgestellt Innovation : Einblicke in Data und AI Methoden fördern das Verständnis für neue Technologien und ermöglichen die Mitarbeit an zukunftsorientierten Themen Ownership : Methoden aus Produkt- und Projektmanagement kommen zum Einsatz, um Anforderungen zu priorisieren, Entwicklungen zu begleiten und Produkte weiterzuentwickeln
Profil
Qualifikation : Ein abgeschlossenes oder kurz vor dem Abschluss stehendes Studium in Informatik, Mathematik, Naturwissenschaften oder einem vergleichbaren Bereich; alternativ ein wirtschaftliches Studium mit erkennbarer technischer Ausrichtung Praxis : Erste Erfahrungen im Data oder IT Umfeld durch Werkstudium, Praktika oder Projekte schaffen eine solide Grundlage für den Einstieg Know How : Sicherer Umgang mit SQL sowie Erfahrung mit Power BI sind erforderlich; weitere Tools oder Programmiersprachen sind ein Plus Stärke : Ein gutes Verständnis für Prozesse, Zusammenhänge und Datenlogiken ermöglicht es dir, Fragestellungen zu durchdringen und Lösungsansätze abzuleiten Arbeitsweise : Eine analytische, strukturierte und eigenständige Herangehensweise kombiniert mit Teamorientierung und der Fähigkeit, sich in komplexen Strukturen sicher zu bewegen Kommunikation : Sehr gute Deutsch- und Englischkenntnisse für den Austausch mit verschiedenen Stakeholdern

Wir bieten
Arbeitsatmosphäre : Eine moderne, offene und lösungsorientierte Unternehmenskultur mit Raum für eigene Ideen und Gestaltungsmöglichkeiten Sicherheit : Ein unbefristeter Arbeitsvertrag ab dem ersten Tag sorgt für langfristige Perspektiven und Planbarkeit Networking : Vielfältige Austauschformate, Trainee Events und Einblicke in unterschiedliche Bereiche der Arvato Welt stärken dein Netzwerk Internationalität : Mitarbeit an globalen Projekten und die Möglichkeit, internationale Erfahrungen in einem dynamischen Umfeld zu sammeln Weiterentwicklung : Ein umfassendes Weiterbildungsangebot - von Welcome Days über E Learnings bis hin zu fachlichen Trainings - unterstützt deine persönliche und fachliche Entwicklung Benefits : Hybrides Arbeiten, moderne IT Ausstattung, betriebliche Krankenzusatzversicherung, Altersvorsorge, vergünstigte Jobtickets, Fahrrad Leasing, Firmensportkurse und Bertelsmann Mitarbeiterrabatte",,"Analyse : Daten, Prozesse und Abläufe werden untersucht und nachvollziehbar aufbereitet, um Fragestellungen zu beantworten und fundierte Entscheidungen zu unterstützen Consulting : In Zusammenarbeit mit Fachbereichen, IT und Stakeholdern entstehen datenbasierte Lösungsansätze, die fachliche Anforderungen mit technischen Möglichkeiten verbinden Application : Arbeitsabläufe und Systeme werden begleitet, weiterentwickelt und optimiert mit dem Ziel, effiziente, verständliche und reibungslose Prozesse sicherzustellen Products : Moderne Reports, Dashboards und weitere datengetriebene Lösungen werden konzipiert, strukturiert und für unterschiedliche Nutzergruppen bereitgestellt Innovation : Einblicke in Data und AI Methoden fördern das Verständnis für neue Technologien und ermöglichen die Mitarbeit an zukunftsorientierten Themen Ownership : Methoden aus Produkt- und Projektmanagement kommen zum Einsatz, um Anforderungen zu priorisieren, Entwicklungen zu begleiten und Produkte weiterzuentwickeln
Profil
Qualifikation : Ein abgeschlossenes oder kurz vor dem Abschluss stehendes Studium in Informatik, Mathematik, Naturwissenschaften oder einem vergleichbaren Bereich; alternativ ein wirtschaftliches Studium mit erkennbarer technischer Ausrichtung Praxis : Erste Erfahrungen im Data oder IT Umfeld durch Werkstudium, Praktika oder Projekte schaffen eine solide Grundlage für den Einstieg Know How : Sicherer Umgang mit SQL sowie Erfahrung mit Power BI sind erforderlich; weitere Tools oder Programmiersprachen sind ein Plus Stärke : Ein gutes Verständnis für Prozesse, Zusammenhänge und Datenlogiken ermöglicht es dir, Fragestellungen zu durchdringen und Lösungsansätze abzuleiten Arbeitsweise : Eine analytische, strukturierte und eigenständige Herangehensweise kombiniert mit Teamorientierung und der Fähigkeit, sich in komplexen Strukturen sicher zu bewegen Kommunikation : Sehr gute Deutsch- und Englischkenntnisse für den Austausch mit verschiedenen Stakeholdern",Ausbildung | IT Trainee - Data Analytics & Application Management (m/w/x),non_fi,,"Wir bieten
Arbeitsatmosphäre : Eine moderne, offene und lösungsorientierte Unternehmenskultur mit Raum für eigene Ideen und Gestaltungsmöglichkeiten Sicherheit : Ein unbefristeter Arbeitsvertrag ab dem ersten Tag sorgt für langfristige Perspektiven und Planbarkeit Networking : Vielfältige Austauschformate, Trainee Events und Einblicke in unterschiedliche Bereiche der Arvato Welt stärken dein Netzwerk Internationalität : Mitarbeit an globalen Projekten und die Möglichkeit, internationale Erfahrungen in einem dynamischen Umfeld zu sammeln Weiterentwicklung : Ein umfassendes Weiterbildungsangebot - von Welcome Days über E Learnings bis hin zu fachlichen Trainings - unterstützt deine persönliche und fachliche Entwicklung Benefits : Hybrides Arbeiten, moderne IT Ausstattung, betriebliche Krankenzusatzversicherung, Altersvorsorge, vergünstigte Jobtickets, Fahrrad Leasing, Firmensportkurse und Bertelsmann Mitarbeiterrabatte",,,empty,,https://youtube.com/embed/NQOqgriU6qI?rel=0&showinfo,https://youtube.com/embed/NQOqgriU6qI?rel=0&showinfo,https://youtube.com/embed/NQOqgriU6qI?rel=0&showinfo,externe,"Kontakt
Wir freuen uns über Bewerbungen von Menschen, die zur Vielfalt unseres Unternehmens beitragen. Vielfalt beziehen wir insbesondere auf die Dimensionen kulturelle oder soziale Herkunft, Religion, Alter, Behinderung, Geschlecht und sexuelle Identität.","​Wir möchten den Bewerbungsprozess so einfach wie möglich für dich halten: Fokussiere dich auf einen aussagekräftigen Lebenslauf, ein aufwendiges Anschreiben benötigen wir nicht. Wir bitten um Verständnis, dass wir deine Bewerbung ausschließlich über unser Online-Bewerbungsportal annehmen können.
Hast du noch Fragen? Dann melde dich gerne bei uns!
Ellen Tim | Recruiting | E-Mail: ellen.tim@arvato.com
​Weitere Informationen auf unserer Webseite: www.arvato.com ﻿",,stepstone_de,https://www.stepstone.de/stellenangebote--IT-Trainee-Data-Analytics-Application-Management-m-w-x-Guetersloh-Arvato-SE--14080262-inline.html,False,,73,,,,2026-06-12T21:46:33.000172+00:00
STEP-14030919,stepstone_de_dpa,Mercedes-Benz AG,"48.7094,8.9988",Sindelfingen,Bela-Barenyi-Str Tor 14 71063 Sindelfingen,"Praktikant*in Softwareentwicklung Elektroantriebe

Bewerben Sie sich bei Mercedes-Benz und finden Sie den Aufgabenbereich, in dem Sie Ihre Talente individuell entfalten können. Dabei werden Sie von visionären Kolleginnen und Kollegen unterstützt, die Ihren Pioniergeist teilen. Bei uns einzusteigen bedeutet, Teil eines globalen Teams zu werden, dessen Ziel es ist, die begehrenswertesten Automobile der Welt zu bauen. Together for excellence.
Stellennummer: MER00042Z1
Aufgaben
Die Mercedes-Benz Group AG ist eines der erfolgreichsten Automobilunternehmen der Welt. Mit der Mercedes-Benz AG und den Geschäftsfeldern Mercedes-Benz Cars und Mercedes-Benz Vans zählt der Fahrzeughersteller zu den größten und erfolgreichsten Anbietern von Premium- und Luxusfahrzeugen.
Das Engagement für Gesellschaft und Umwelt bestimmt unser tägliches Geschäft. Unser Anspruch ist es, die Welt durch unser Handeln sauberer, sicherer, effizienter und komfortabler zu machen. Wir glauben fest an die Bedeutung hochinnovativer Technologie und sind uns bei der Entwicklung unserer Produkte stets unserer gesellschaftlichen Verantwortung bewusst.
Unsere Abteilung RD/ETS (Softwareentwicklung für Triebstrang und Elektroantriebe) hat in diesem Zusammenhang die Verantwortung für die Entwicklung der Basis- und Applikationssoftware von Inverter-Steuergeräten für elektrische Antriebssysteme.
Wir konzentrieren uns dabei unter anderem auf die Auswertung, Aufbereitung & Analyse von Messdaten, um das maximale Potential des elektrischen Antriebsstrangs auszuschöpfen.
Diese Herausforderungen kommen u. a. auf Sie zu:
Erstellung eines Evaluationsprozesses für Messdaten der elektrischen Maschine sowie der Leistungselektronik
Big Data: Systematische Auswertung von Messdaten
Unterstützung bei der Messdatenaufzeichnung an Prüfständen und in Entwicklungsfahrzeugen
Entwicklung und Implementierung von Auswertefunktionen in MATLAB/Simulink
Messdatenanalyse verschiedener Baureihen im kundennahen Fahrbetrieb
Dokumentation der Ergebnisse
Zusammenarbeit mit dem Team im operativen Tagesgeschäft
Die Tätigkeit kann ab Juli 2026 beginnen.
Qualifikationen
Studiengang im Bereich der Elektro-/Informationstechnik, Fahrzeugtechnik oder einen vergleichbaren Studiengang
Fundierte Kenntnisse und systemisches Gesamtverständnis zu elektrischen Antriebskomponenten
Kenntnisse in den Bereichen Leistungselektronik und elektrischen Maschinen
Fundierte Programmierkenntnisse in MATLAB/Simulink
Sicherer Umgang mit MS-Office
Sichere Deutsch- und Englischkenntnisse in Wort und Schrift
Kommunikations- und Teamfähigkeit
Zusätzliche Informationen:

Benefits
Essens­zulagen
Mit­arbeiter­handy möglich
Mit­arbeiter­rabatte möglich
Mit­arbeiter­beteili­gung möglich
Mit­arbeiter Events
Coaching
Flexible Arbeits­zeit möglich
Hybrides Arbeiten möglich
Gesund­heits­maß­nahmen
Betrieb­liche Alters­ver­sorgung
Mobilitäts­angebote
Kantine, Café
Betriebs­arzt
Kinder­betreuung
Park­platz
Gute An­bindung
Barriere­frei­heit",,,Ausbildung | Praktikant*in Softwareentwicklung Elektroantriebe,non_fi,,"Benefits
Essens­zulagen
Mit­arbeiter­handy möglich
Mit­arbeiter­rabatte möglich
Mit­arbeiter­beteili­gung möglich
Mit­arbeiter Events
Coaching
Flexible Arbeits­zeit möglich
Hybrides Arbeiten möglich
Gesund­heits­maß­nahmen
Betrieb­liche Alters­ver­sorgung
Mobilitäts­angebote
Kantine, Café
Betriebs­arzt
Kinder­betreuung
Park­platz
Gute An­bindung
Barriere­frei­heit",,,empty,sbv-sindelfingen@mercedes-benz.com,https://group.mercedes-benz.com/karriere/studenten/praktikum/,https://group.mercedes-benz.com/karriere/studenten/praktikum/,https://group.mercedes-benz.com/karriere/studenten/praktikum/,externe,"Kontakt
Tjark Kiefer
Email: tjark.kiefer@mercedes-benz.com
Mercedes-Benz Plant Sindelfingen, Sindelfingen
Bela-Barenyi-Str Tor 14
71063 Sindelfingen","Wir freuen uns auf Ihre Online-Bewerbung mit Lebenslauf, Anschreiben, Zeugnissen, aktueller Immatrikulationsbescheinigung mit Angabe des Fachsemesters, ggf. Pflichtpraktikumsnachweis und Nachweis über die Regelstudienzeit. Bitte vergessen Sie nicht im Online-Formular Ihre Dokumente als ""relevant für diese Bewerbung"" zu markieren und beachten Sie die maximale Dateigröße von 5 MB.
Weiterführende Informationen zu den Einstellkriterien finden Sie hier .
Schwerbehinderte und gleichgestellte Bewerbende sind herzlich willkommen! Die Schwerbehindertenvertretung ( sbv-sindelfingen@mercedes-benz.com ) unterstützt Sie gerne im Bewerbungsprozess.
HR Services hilft Ihnen bei Fragen zum Bewerbungsprozess gerne weiter. Sie erreichen uns per E-Mail über myhrservice@mercedes-benz.com oder telefonisch unter 0711/17-99000 (Mo-Fr 10-12 Uhr & 13-15 Uhr).",,stepstone_de,https://www.stepstone.de/stellenangebote--Praktikantin-Softwareentwicklung-Elektroantriebe-Sindelfingen-Mercedes-Benz-AG--14030919-inline.html,False,,73,2026,7,,2026-06-12T21:50:57.660961+00:00
STEP-14049912,stepstone_de_dpa,SVA System Vertrieb Alexander GmbH,,Berlin,"Berlin, Dresden, Schwerte, Würzburg Berlin","Ausbildung Kaufmann / Kauffrau für IT-System-Management (m/w/d)

Das erwartet Dich
Hands-on Experience: Bei uns bist Du von Anfang an mittendrin statt nur dabei. Fehler sind menschlich: Bei uns lernst Du durch Praxis – Fehler sind Teil des Erfolgs! Teamwork is Dreamwork: Arbeite eigenverantwortlich, aber nie allein. Vielfalt der IT erleben: Du erhältst viele Einblicke in verschiedene Bereiche. Dein Aufgabenbereich: Kundenanfragen verstehen und bearbeiten Angebote schreiben und Preise einholen Skill-Anfragen steuern und passende Ressourcen finden Projekte planen, begleiten und abrechnen Zusammenarbeit mit Vertrieb, Projektteams und Herstellern
Das macht Dich aus
Du hast ein (Fach-)Abitur oder einen sehr guten Realschulabschluss: Bei Realschulabschluss ist ein vorangegangenes Praktikum im IT-Bereich erforderlich. Begeisterung für IT: Du interessierst Dich für Technik und lernst gerne Neues. Teamgeist & Eigenverantwortung: Du bist zuverlässig, hilfsbereit und lösungsorientiert. Sprachkenntnisse: Du bist sicher in Deutsch (C1) und Englisch (B2).

technische Anforderungen entstehen, wie Angebote für komplexe Lösungen
kalkuliert werden und wie verschiedene Teams – von Vertrieb bis Technik –
zusammenarbeiten.
SVA gehört zu den führenden IT-Dienstleistern
in Deutschland und wir wachsen weiter. Bei uns kannst Du erste
praktische Erfahrungen sammeln, Deine Stärken gezielt weiterentwickeln
und gemeinsam mit uns an spannenden IT-Projekten arbeiten – in einem
zukunftssicheren Berufsfeld mit echten Perspektiven.
Zum 01.08.2026 bieten wir Dir an den Standorten Berlin, Dresden, Schwerte und Würzburg eine Ausbildung zum Kaufmann / zur Kauffrau für IT-System-Management (m/w/d).

Deine Vorteile auf einen Blick
30 Urlaubstage: Work-Life-Balance ist uns wichtig! Hightech-Equipment: Laptop und Handy inklusive. Schulungsangebot: Wir investieren in Deine Entwicklung, mit regelmäßigen Trainings und Workshops. Azubi-Community: Austausch und Support garantiert. Karrierechancen: Sehr hohe Übernahmequote nach Deiner Ausbildung. Mobilität: Du erhältst ein Ticket für Deine täglichen Wege zur Berufsschule und zur Arbeit.
Du bringst Dich ein. Wir bringen Dich weiter.
Bereit für Deinen nächsten Schritt? Dann",,"technische Anforderungen entstehen, wie Angebote für komplexe Lösungen
kalkuliert werden und wie verschiedene Teams – von Vertrieb bis Technik –
zusammenarbeiten.
SVA gehört zu den führenden IT-Dienstleistern
in Deutschland und wir wachsen weiter. Bei uns kannst Du erste
praktische Erfahrungen sammeln, Deine Stärken gezielt weiterentwickeln
und gemeinsam mit uns an spannenden IT-Projekten arbeiten – in einem
zukunftssicheren Berufsfeld mit echten Perspektiven.
Zum 01.08.2026 bieten wir Dir an den Standorten Berlin, Dresden, Schwerte und Würzburg eine Ausbildung zum Kaufmann / zur Kauffrau für IT-System-Management (m/w/d).",Ausbildung | Kaufmann / Kauffrau für IT-System-Management (m/w/d),non_fi,,"Deine Vorteile auf einen Blick
30 Urlaubstage: Work-Life-Balance ist uns wichtig! Hightech-Equipment: Laptop und Handy inklusive. Schulungsangebot: Wir investieren in Deine Entwicklung, mit regelmäßigen Trainings und Workshops. Azubi-Community: Austausch und Support garantiert. Karrierechancen: Sehr hohe Übernahmequote nach Deiner Ausbildung. Mobilität: Du erhältst ein Ticket für Deine täglichen Wege zur Berufsschule und zur Arbeit.
Du bringst Dich ein. Wir bringen Dich weiter.
Bereit für Deinen nächsten Schritt? Dann",,,empty,,https://twitter.com/stepstone_de,https://twitter.com/stepstone_de,https://twitter.com/stepstone_de,externe,"Kontakt:
Team Talententwicklung
Borsigstraße 26
65205 Wiesbaden
Homepage: www.sva.de","klicke jetzt auf „Jetzt bewerben“ , lade Deine Unterlagen (Anschreiben, Lebenslauf, Schulzeugnisse) hoch und werde Teil unseres Teams!
Hier bewerben
Wir freuen uns auf Dich!
SVA System Vertrieb Alexander GmbH",,stepstone_de,https://www.stepstone.de/stellenangebote--Ausbildung-Kaufmann-Kauffrau-fuer-IT-System-Management-m-w-d-Berlin-Dresden-Schwerte-Wuerzburg-SVA-System-Vertrieb-Alexander-GmbH--14049912-inline.html,False,,67,2026,8,2026-08-01,2026-06-12T21:24:34.190920+00:00
STEP-13910494,stepstone_de_dpa,Diehl Stiftung & Co. KG,,bundesweit,bundesweit bundesweit,"Trainee (m/w/d) IT-Management und Digitalisierung

Digitale Trans­formation. Nach­haltig­keit. Friedens­sicherung. Spannende Aufgaben, an denen auch wir bei Diehl in unseren fünf Teil­konzernen Metall, Controls, Defence, Aviation und Metering und unsere über 16.000 Mit­arbeiter­innen und Mit­arbeiter mit Hochdruck arbeiten. Entdecke faszinierende Techno­logien und bewirb dich. In einem von Vertrauen und Mut geprägten Familien­unter­nehmen, das beständig und stabil ist – aus Tradition.
Für unseren Standort Diehl Stiftung & Co. KG suchen wir deutschlandweit einen:
Trainee (m/w/d) IT-Management und Digitalisierung
Das sind deine Aufgaben:
In deinem 18-monatigen Traineeprogramm durch­läufst du 4 bis 5 Stationen in unseren Teil­konzernen, bei deren Auswahl du individuell inhalt­lich und örtlich mit­bestimmen kannst.
Du übernimmst Verant­wortung in IT-Projekten, Digitalisierungs­projekten sowie im operativen IT-Tagesgeschäft und hast die Mög­lich­keit, eigene Ideen umzusetzen.
Du hast Freude an der Optimierung und Weiter­ent­wicklung von IT-Prozessen, auch in Bezug auf die Digitalisierung von Geschäfts­prozessen (Better Business).
Du lernst viele Aspekte im IT-Management, z. B. IT-Projekt­management, IT-Strategie­entwicklung, den Um­gang mit KI-basierten Anwendungen oder IT-Security in einem inter­nationalen Familien­unter­nehmen, kennen.

Das bringst du mit:
Überdurchschnittlich abge­schlossenes Master­studium im Bereich Wirt­schafts­informatik, Wirt­schafts­wissen­schaften oder einer vergleich­baren Fach­richtung mit Schwer­punkt IT
Flexibilität und Mobilität hinsicht­lich der Stationen sowie des Einsatz­ortes der Ziel­position
Erste praktische Erfahrung in der IT
Begeisterung für Menschen, Prozesse, Daten und Technik sowie Lust auf persönliche Weiter­ent­wicklung mit uns
Sicheres Auftreten, hohes Engagement, Kommunikations­stärke, Begeisterungs­fähigkeit und Durch­setzungs­vermögen
Fließende Englisch­kenntnisse
Das sind deine möglichen Vorteile:
Berufliche & persönliche Weiter­entwicklung
Tarifliche Vergütung
Flexible Arbeits­zeiten
Home­office
Du bekommst Unter­stützung von einem erfahrenen Trainee im Zuge des Patenschafts­programms. Außer­dem hast du die Möglich­keit, ein gruppen­weites Netzwerk aufzubauen. Im Laufe des Trainee­programms finden wir eine passende Ziel­position für dich im IT-Bereich der Diehl-Gruppe.
Mach bei Diehl, was dir wichtig ist.
Online-Bewerbung
Diehl Stiftung & Co. KG
Miriam Händel
Stephanstraße 49, 90478 Nürnberg
Tel.: +49 911 947-2786
miriam.haendel@diehl.com",,"Das bringst du mit:
Überdurchschnittlich abge­schlossenes Master­studium im Bereich Wirt­schafts­informatik, Wirt­schafts­wissen­schaften oder einer vergleich­baren Fach­richtung mit Schwer­punkt IT
Flexibilität und Mobilität hinsicht­lich der Stationen sowie des Einsatz­ortes der Ziel­position
Erste praktische Erfahrung in der IT
Begeisterung für Menschen, Prozesse, Daten und Technik sowie Lust auf persönliche Weiter­ent­wicklung mit uns
Sicheres Auftreten, hohes Engagement, Kommunikations­stärke, Begeisterungs­fähigkeit und Durch­setzungs­vermögen
Fließende Englisch­kenntnisse
Das sind deine möglichen Vorteile:
Berufliche & persönliche Weiter­entwicklung
Tarifliche Vergütung
Flexible Arbeits­zeiten
Home­office
Du bekommst Unter­stützung von einem erfahrenen Trainee im Zuge des Patenschafts­programms. Außer­dem hast du die Möglich­keit, ein gruppen­weites Netzwerk aufzubauen. Im Laufe des Trainee­programms finden wir eine passende Ziel­position für dich im IT-Bereich der Diehl-Gruppe.
Mach bei Diehl, was dir wichtig ist.
Online-Bewerbung
Diehl Stiftung & Co. KG
Miriam Händel
Stephanstraße 49, 90478 Nürnberg
Tel.: +49 911 947-2786
miriam.haendel@diehl.com",Ausbildung | Trainee (m/w/d) IT-Management und Digitalisierung,non_fi,,,,,empty,miriam.haendel@diehl.com,https://twitter.com/stepstone_de,https://twitter.com/stepstone_de,https://twitter.com/stepstone_de,externe,,,,stepstone_de,https://www.stepstone.de/stellenangebote--Trainee-m-w-d-IT-Management-und-Digitalisierung-bundesweit-Diehl-Stiftung-Co-KG--13910494-inline.html,False,,53,,,,2026-06-12T21:55:45.677713+00:00
STEP-14032074,stepstone_de_dpa,parcIT GmbH,"50.946213,6.942637",Köln,Erftstraße 15 50672 Köln,"Dualer Student angewandte Informatik – Software-Entwicklung und -Management (w/m/d) Start zum 01.10.2026

ein spannendes sowie fachlich anspruchsvolles Aufgabenumfeld , mit agilen Methoden und interdisziplinärer Zusammenarbeit ein internes Onboarding-Konzept sowie ein fester Ausbildungsplan individuell maßgeschneiderte Möglichkeiten zur fachlichen und persönlichen Weiterentwicklung sowie eigenverantwortliches Lernen via LinkedIn-Learning-Plattform ein vertrauensvolles und aktives Miteinander , das wir auch abseits des Schreibtischs pflegen Eigenverantwortung sowie themen- und bereichsübergreifendes Arbeiten bei flexiblen Arbeitszeiten , im Rahmen des feststehenden Ausbildungsplanes mit der Wahlmöglichkeit von max. 80 % mobiles Arbeiten , damit Arbeit und Freizeit leicht miteinander vereinbar sind ein moderner Arbeitsplatz im Zentrum Kölns mit eigenem Fitnessbereich und Eltern-Kind-Büro attraktive Zusatzleistungen wie u. a. Deutschlandticket als JobTicket , Bikeleasing , Zuschüsse zur Kinderbetreuung und betriebliche Altersvorsorge sowie die Nutzung unseres Urban Sports Club Firmenfitness-Angebotes weitere Benefits findest Du auf unserer Homepage und natürlich unseren Podcast „Live bei parcIT“ | parcIT GmbH
Wenn Du Dich bewerben möchtest: Hier geht es zu unserem Kooperationspartner…
Bewerbung – Fachhochschule der Wirtschaft
oder aber direkt zu uns über den Button unten.
Sabine Loevenich
Telefon +49 221 58475-237
parcIT GmbH | Erftstraße 15 | 50672 Köln | www.parcIT.de",,,Ausbildung | Dualer Student angewandte Informatik – Software-Entwicklung und -Management (w/m/d) Start zum 01.10.2026,non_fi,,,,,empty,,https://twitter.com/stepstone_de,https://twitter.com/stepstone_de,https://twitter.com/stepstone_de,externe,"abwechselnd eine theoretische Ausbildung an der FHDW in Bergisch Gladbach sowie Praxiseinheiten in der Softwareentwicklung der parcIT anhand eines feststehenden Ausbildungsplans die Analyse, Planung und Entwicklung von Softwarelösungen sowie das Erlernen von Programmiersprachen (JAVA) das Entwerfen und Umsetzen von benutzerfreundlichen Oberflächen und mathematischen Algorithmen Test und Qualitätssicherung von Software sowie Support feste Ansprechpartner*innen zur Betreuung während des Studiums und Einbindung in ein festes Team der Softwareentwicklung
Was Dich auszeichnet? Begeisterung für Informatik sowie ...
einen Abschluss der Fachhochschulreife oder allgemeine Hochschulreife als Voraussetzung für das duale Studium gute Kenntnisse in Mathematik (idealerweise Leistungskurs) und ein ausgeprägtes Interesse an Informatik , ggf. schon verbunden mit ersten Gehversuchen in der Programmierung Eigeninitiative, Gestaltungswille sowie Spaß an der Entwicklung zukunftsfähiger Lösungen Offenheit für neue Themengebiete sowie der Wille, sich weiterzuentwickeln Kommunikationsstärke sowie Freude an der Arbeit im Team
Was Dich bei uns erwartet: Ein buntes Team aus rund 500 engagierten Kolleg*innen und …",,,stepstone_de,https://www.stepstone.de/stellenangebote--Dualer-Student-angewandte-Informatik-Software-Entwicklung-und-Management-w-m-d-Start-zum-01-10-2026-Koeln-parcIT-GmbH--14032074-inline.html,False,,53,2026,10,2026-10-01,2026-06-12T21:43:45.706817+00:00
STEP-13947743,stepstone_de_dpa,Ecclesia Holding GmbH,"51.9509,8.8658",Detmold,Ecclesiastraße 1-4 32758 Detmold,"Praktikum im Bereich IT

Was wir bieten
Die Ecclesia Gruppe bildet mit mehr als 3.000 Beschäftigten und einem platzierten Prämienvolumen von rund 3 Milliarden Euro p. a. den größten deutschen Versicherungsmakler für Unternehmen und Institutionen. Zur Gruppe gehören unter anderem führende Makler für Industrie und Gewerbe, Logistik, Kreditversicherung/Finanzierung, Gesundheitswesen, Sozialwirtschaft, Kirche sowie Assekuradeure und ein Rückversicherungsmakler. Die Bandbreite der Kundenbeziehungen reicht vom börsennotierten Großkonzern über den Mittelstand bis zu Großkliniken und kirchlichen Institutionen. Darüber hinaus verfügt die Ecclesia Gruppe über eigene Unternehmen in fünf weiteren europäischen Staaten und agiert über das Ecclesia Global Network in mehr als 170 Ländern weltweit.
Du möchtest erste Einblicke in die vielfältige und spannende Berufswelt bei der Ecclesia Gruppe gewinnen und hierfür den Bereich IT genauer kennenlernen ?
Schau hinter die Kulissen! Wir bieten dir die Möglichkeit, ein Schülerpraktikum oder auch ein freiwilliges Praktikum bei der Ecclesia Gruppe zu absolvieren.
Dabei kannst du den Alltag unserer Azubis in den folgenden Berufen kennenlernen:
• Fachinformatiker/-in für Anwendungsentwicklung, Systemintegration oder Daten- und Prozessanalyse
• Bachelor of Science im praxisintegrierten Studiengang Wirtschafsinformatik
Bereit für neue Herausforderungen? Starte durch bei der Ecclesia Gruppe.
Wir freuen uns auf deine Bewerbung!",,,Ausbildung | Praktikum im Bereich IT,skip,,"Was wir bieten
Die Ecclesia Gruppe bildet mit mehr als 3.000 Beschäftigten und einem platzierten Prämienvolumen von rund 3 Milliarden Euro p. a. den größten deutschen Versicherungsmakler für Unternehmen und Institutionen. Zur Gruppe gehören unter anderem führende Makler für Industrie und Gewerbe, Logistik, Kreditversicherung/Finanzierung, Gesundheitswesen, Sozialwirtschaft, Kirche sowie Assekuradeure und ein Rückversicherungsmakler. Die Bandbreite der Kundenbeziehungen reicht vom börsennotierten Großkonzern über den Mittelstand bis zu Großkliniken und kirchlichen Institutionen. Darüber hinaus verfügt die Ecclesia Gruppe über eigene Unternehmen in fünf weiteren europäischen Staaten und agiert über das Ecclesia Global Network in mehr als 170 Ländern weltweit.
Du möchtest erste Einblicke in die vielfältige und spannende Berufswelt bei der Ecclesia Gruppe gewinnen und hierfür den Bereich IT genauer kennenlernen ?
Schau hinter die Kulissen! Wir bieten dir die Möglichkeit, ein Schülerpraktikum oder auch ein freiwilliges Praktikum bei der Ecclesia Gruppe zu absolvieren.
Dabei kannst du den Alltag unserer Azubis in den folgenden Berufen kennenlernen:
• Fachinformatiker/-in für Anwendungsentwicklung, Systemintegration oder Daten- und Prozessanalyse
• Bachelor of Science im praxisintegrierten Studiengang Wirtschafsinformatik
Bereit für neue Herausforderungen? Starte durch bei der Ecclesia Gruppe.
Wir freuen uns auf deine Bewerbung!",,,empty,,https://youtube.com/embed/KjYJg3jpfAg?rel=0&showinfo,https://youtube.com/embed/KjYJg3jpfAg?rel=0&showinfo,https://youtube.com/embed/KjYJg3jpfAg?rel=0&showinfo,externe,,,,stepstone_de,https://www.stepstone.de/stellenangebote--Praktikum-im-Bereich-IT-Detmold-Ecclesia-Holding-GmbH--13947743-inline.html,False,,53,,,,2026-06-12T21:53:17.772002+00:00
