referenznummer,category_id,nama_perusahaan,titik_data_di_peta,posisi_kota,alamat_detail,detail_deskripsi,gaji,persyaratan,jenis_ausbildung,beruf_typ,deskripsi_perusahaan,apa_yang_ditawarkan,link_website_perusahaan,link_website_perusahaan_resmi,website_type,alamat_email_bewerbung,link_bewerbung,link_bewerbung_externe,link_bewerbung_efektif,bewerbung_sumber,kontak_penanggung_jawab,dokumen_yang_harus_dipenuhi,ba_job_url,sumber_data,ausbildung_de_url,is_duplicate_of_arbeitsagentur,duplicate_of_refnr,kelengkapan_score,tahun_mulai,bulan_mulai,tanggal_mulai,scraped_at
WSB-6474176,wir_sind_bund_fi,Bundesamt für Verfassungsschutz,,E-Mail,86911 E-Mail,"Sie interessieren sich für IT und sind auf der Suche nach einer spannenden Berufsausbildung und einem besonderen Arbeitgeber? Dann bringen Sie Ihr Engagement beim BfV im Rahmen einer dreijährigen dualen und staatlich anerkannten Ausbildung zum/zur Fachinformatiker/-in Fachrichtung Systemintegration ein!

Arbeitgeber: Bundesamt für Verfassungsschutz
Tätigkeitsprofil:
Sie interessieren sich für IT und sind auf der Suche nach einer spannenden Berufsausbildung und einem besonderen Arbeitgeber? Dann bringen Sie Ihr Engagement beim BfV im Rahmen einer dreijährigen dualen und staatlich anerkannten Ausbildung zum/zur Fachinformatiker/-in Fachrichtung Systemintegration ein!
An der Berufsschule erlernen Sie die theoretischen Grundlagen, u.a. in den Bereichen der Informations- und Telekommunikationssysteme, dem IT-Recht, der Anwendungsentwicklung sowie in Wirtschafts- und Sozialwissenschaften.
Ihre theoretischen Kenntnisse setzen Sie während der Praxisphasen im BfV am Standort Berlin u.a. in der Hard-/Software, Netzwerktechnik, Elektro-/Sondertechnik, Programmierung und im Projektmanagement ein.
Anforderungsprofil:
Sie besitzen die deutsche Staatsangehörigkeit und verfügen über:
einen Realschulabschluss mit mindestens der Note befriedigend in den Fächern Mathematik und Deutsch
oder
ein Fachabitur / die Allgemeine Hochschulreife
oder
einen Hauptschulabschluss sowie eine abgeschlossene Ausbildung
Ebenfalls können Sie sich bewerben, sofern Sie einen der vorgenannten Abschlüsse bis zum 01. August 2027 erlangen.
Darüber hinaus erwarten wir:
Grundkenntnisse im Umgang mit moderner IT
die Bereitschaft zur flexiblen Arbeitszeitgestaltung (u.a. Dienstreisen, Rufbereitschaft etc. – soweit erforderlich)",,,Ausbildung | Sie interessieren sich für IT und sind auf der Suche nach einer spannenden Berufsausbildung und einem besonderen Arbeitgeber? Dann bringen Sie Ihr Engagement beim BfV im Rahmen einer dreijährigen dualen und staatlich anerkannten Ausbildung zum/zur Fachinformatiker/-in Fachrichtung Systemintegration ein!,ae,,,,,empty,personalgewinnung-awv@bva.bund.de,,,,none,"Unter ""Weitere Informationen"" gelangen Sie über den Button ""Stellenangebot (PDF-Dokument)"" zum vollständigen, barrierefreien Stellenangebot. Über den Button ""Stellenangebot (HTML-Seite)"" gelangen Sie zum Online-Bewerbungssystem.
Weitere Informationen
Stellenangebot als PDF zum Herunterladen
Stellenangebot auf externer Website ansehen
Kurzinfo
Berufsgruppe: IT und Telekommunikation
Ort: Berlin
Arbeitszeit: Vollzeit
Bewerbungsfrist: 17.08.2026
Laufbahn: Ausbildung
Kontakt: Servicezentrum Personalgewinnung
Telefon: 022899 / 358 86911
E-Mail: Nachricht schreiben
Berufsbeschreibung
Zum Berufsglossar
BERUFENET
Finde weitere Stellen
Dua­les Stu­di­um als Ver­wal­tungs­in­for­ma­ti­k­an­wär­ter/in (m/w/d)
Arbeitgeber
Regierung von Niederbayern
Arbeitsort
Landshut
Bewerbungsfrist
17.03.2027
Ex­per­tin / Ex­per­te für In­for­ma­ti­ons­ana­ly­se und mi­li­tä­ri­sche Si­cher­heit (m/w/d)
Arbeitgeber
Bundesamt für das Personalmanagement der Bundeswehr
Arbeitsort
Köln
Bewerbungsfrist
31.12.2026
Ex­per­tin / Ex­per­te In­for­ma­ti­ons­tech­nik (m/w/d)
Arbeitgeber
Bundesamt für das Personalmanagement der Bundeswehr
Arbeitsort
Köln
Bewerbungsfrist
31.12.2026
Weitere Stellen
Kooperation:
Wir haben für Dich auf dieser Seite Informationen unter anderem von www.service.bund.de zusammengestellt.
Seitenfunktionen und -informationen
Diese Seite
Seite drucken
Unternavigation aller Website-Bereiche
Service
Unsere Stellen
Azu­bi A-B-C
Häu­fi­ge Fra­gen
Finde Deinen Beruf
Be­rei­te Dich vor
Das sind wir
So bil­den wir aus
Diese Berufe gibt es
So geht's
Rich­tig be­wer­ben
Be­wer­ben oh­ne deut­schen Pass
Be­wer­ben oh­ne deut­schen Schul­ab­schluss
Be­rufs­ein­stieg
Wenn's schief geht
Seiteninformationen
© 2026 Bundesamt für Migration und Flüchtlinge
Im­pres­s­um
Da­ten­schutz
Bar­rie­re­frei­heit",,,wir_sind_bund_de,https://www.wir-sind-bund.de/ExternalContent/service-bund-de-WSB/cache/BUNDDE/IMPORTE/Stellenangebote/editor/BVA-BFV/2026/04/6474176.html,False,,47,,,,2026-06-13T14:44:28.065683+00:00
WSB-1427803,wir_sind_bund_fi,Deutsches Patent- und Markenamt,,München,80331 München,"Arbeitgeber: Deutsches Patent- und Markenamt
Das Deutsche Patent- und Markenamt bietet zum 1. September 2027 am Dienstort München mehrere Ausbildungsplätze in folgendem staatlich anerkannten Ausbildungsberuf an:
Fachinformatikerin/Fachinformatiker (w/m/div)
Fachrichtung Anwendungsentwicklung
Fachinformatikerinnen und Fachinformatiker der Fachrichtung Anwendungsentwicklung entwickeln und programmieren spezifische Software. Sie testen bestehende Anwendungen, passen sie an und entwickeln anwen­dungsgerechte Bedienoberflächen. Darüber hinaus beheben sie Fehler, beraten und schulen die Anwenderinnen und Anwender. Während ihrer Arbeit setzen sie die Methoden des Software-Engineerings sowie moderne Software ein und nutzen die gesamte Breite der aktuellen Informations- und Telekommu­nikationstechnologien bis hin zu Multimediaanwendungen.
Während der dreijährigen dualen Berufsausbildung lernen Sie die verschiedenen Referate unserer IT-Abteilung und deren vielfältige Aufgaben kennen. Zusätzlich setzen Sie sich mit den verschiedenen gewerblichen Schutzrechten auseinander und nehmen an vertiefenden IT-Schulungen teil. Ergänzt wird Ihre praktische Ausbildung im Deutschen Patent- und Markenamt in München durch den Besuch der ortsansässigen Städtischen Berufsschule für Informationstechnik bzw. Städtischen Berufsschule für Fachinformatik Systemintegration.
Es handelt sich um einen Beruf, der sowohl im öffentlichen Dienst als auch in der privaten Wirtschaft ausgeübt werden kann.
Sie bringen mit:
mindestens mittlerer Bildungsabschluss
sehr gute Kenntnisse der Amtssprache Deutsch, die mindestens der Niveaustufe C 1 des Gemeinsamen Europäischen Referenzrahmens für Sprachen (GER) entsprechen
grundlegende Kenntnisse in den Office-Anwendungen
Motivation und Verantwortungsbewusstsein
Kommunikations- und Teamfähigkeit
selbstständige und gewissenhafte Arbeitsweise

Wir bieten Ihnen:
eine zukunftsorientierte Ausbildung mit abwechslungsreichen Tätigkeiten
eine teamorientierte Arbeitsatmosphäre und qualifizierte Begleitung
flexible Arbeitszeiten und eine gute Vereinbarkeit von Ausbildung und Privatleben
eine gute Erreichbarkeit mit öffentlichen Verkehrsmitteln
die Perspektive einer Weiterbeschäftigung nach erfolgreicher Ausbildung sowie gute Entwicklungs- und Aufstiegsmöglichkeiten
eine gute Ausbildungsvergütung nach dem Tarifvertrag für Auszubildende des öffentlichen Dienstes (TVAöD)
Praktika in Deutschland und Europa
einen Fahrtkostenzuschuss sowie eine Prämie bei erfolgreichem Ausbildungsabschluss
eine moderne Ausstattung
betriebliches Gesundheitsmanagement mit vielfältigen Angeboten
Im Anschluss an die Ausbildung und nach einer vierjährigen Berufserfahrung können sich besonders qualifizierte und leistungsstarke Beschäftigte um die Teilnahme an dem Vollzeitstudiengang Informatik (B. Sc.) an der Universität der Bundeswehr München bewerben. Nach erfolgreichem Abschluss des Studiums und anschließender 1,5-jähriger Beschäftigung in einer entsprechenden Tätigkeit im vergleichbar gehobenen Dienst kann die Laufbahnbefähigung für den gehobenen technischen Verwaltungsdienst in der Bundesverwaltung erlangt werden.
Wir verstehen uns als familienfreundlicher Arbeitgeber und begrüßen daher auch Bewerbungen von Menschen mit Familienpflichten. Wir gewährleisten die berufliche Gleichstellung und freuen uns über Bewerbungen von Menschen jeglichen Geschlechts. Zur Förderung der Gleichberechtigung im Beruf wünschen wir uns insbesondere Bewerbungen von Frauen. Bei gleicher Eignung berücksichtigen wir Bewerbungen schwerbehinderter Menschen bevorzugt.
Bei Interesse senden Sie bitte Ihre vollständigen Bewerbungsunterlagen (Anschreiben, Lebenslauf und die letzten drei Zeugnisse u.a.) bis spätestens
9. August 2026
bevorzugt elektronisch an:
Azubibewerbungen@dpma.de (mailto:Azubibewerbungen@dpma.de)
oder an
Deutsches Patent- und Markenamt
Sachgebiet 4.1.1.c/d
Zweibrückenstraße 12
80331 München
Personenbezogene Daten, die wir im Rahmen des Bewerbungsverfahrens von Ihnen erhalten, verarbeiten wir im Einklang mit den Bestimmungen der Datenschutz-Grundverordnung und dem Bundesdatenschutzgesetz zum Zweck der Durchführung des Bewerbungsverfahrens. Nähere Informationen hierzu erhalten Sie unter https://www.dpma.de/dpma/recht_und_gesetz/datenschutzerklaerung/index.html (https://www.dpma.de/dpma/recht_und_gesetz/datenschutzerklaerung/index.html)",,,,ae,,"Wir bieten Ihnen:
eine zukunftsorientierte Ausbildung mit abwechslungsreichen Tätigkeiten
eine teamorientierte Arbeitsatmosphäre und qualifizierte Begleitung
flexible Arbeitszeiten und eine gute Vereinbarkeit von Ausbildung und Privatleben
eine gute Erreichbarkeit mit öffentlichen Verkehrsmitteln
die Perspektive einer Weiterbeschäftigung nach erfolgreicher Ausbildung sowie gute Entwicklungs- und Aufstiegsmöglichkeiten
eine gute Ausbildungsvergütung nach dem Tarifvertrag für Auszubildende des öffentlichen Dienstes (TVAöD)
Praktika in Deutschland und Europa
einen Fahrtkostenzuschuss sowie eine Prämie bei erfolgreichem Ausbildungsabschluss
eine moderne Ausstattung
betriebliches Gesundheitsmanagement mit vielfältigen Angeboten
Im Anschluss an die Ausbildung und nach einer vierjährigen Berufserfahrung können sich besonders qualifizierte und leistungsstarke Beschäftigte um die Teilnahme an dem Vollzeitstudiengang Informatik (B. Sc.) an der Universität der Bundeswehr München bewerben. Nach erfolgreichem Abschluss des Studiums und anschließender 1,5-jähriger Beschäftigung in einer entsprechenden Tätigkeit im vergleichbar gehobenen Dienst kann die Laufbahnbefähigung für den gehobenen technischen Verwaltungsdienst in der Bundesverwaltung erlangt werden.
Wir verstehen uns als familienfreundlicher Arbeitgeber und begrüßen daher auch Bewerbungen von Menschen mit Familienpflichten. Wir gewährleisten die berufliche Gleichstellung und freuen uns über Bewerbungen von Menschen jeglichen Geschlechts. Zur Förderung der Gleichberechtigung im Beruf wünschen wir uns insbesondere Bewerbungen von Frauen. Bei gleicher Eignung berücksichtigen wir Bewerbungen schwerbehinderter Menschen bevorzugt.
Bei Interesse senden Sie bitte Ihre vollständigen Bewerbungsunterlagen (Anschreiben, Lebenslauf und die letzten drei Zeugnisse u.a.) bis spätestens
9. August 2026
bevorzugt elektronisch an:
Azubibewerbungen@dpma.de (mailto:Azubibewerbungen@dpma.de)
oder an
Deutsches Patent- und Markenamt
Sachgebiet 4.1.1.c/d
Zweibrückenstraße 12
80331 München
Personenbezogene Daten, die wir im Rahmen des Bewerbungsverfahrens von Ihnen erhalten, verarbeiten wir im Einklang mit den Bestimmungen der Datenschutz-Grundverordnung und dem Bundesdatenschutzgesetz zum Zweck der Durchführung des Bewerbungsverfahrens. Nähere Informationen hierzu erhalten Sie unter https://www.dpma.de/dpma/recht_und_gesetz/datenschutzerklaerung/index.html (https://www.dpma.de/dpma/recht_und_gesetz/datenschutzerklaerung/index.html)",,,empty,Azubibewerbungen@dpma.de,,,,none,"Weitere Informationen
Stellenangebot auf externer Website ansehen
Kurzinfo
Berufsgruppe: IT und Telekommunikation
Ort: München
Arbeitszeit: Vollzeit
Bewerbungsfrist: 09.08.2026
Laufbahn: Ausbildung
Kontakt: Tanja Mahl
Berufsbeschreibung
Zum Berufsglossar
BERUFENET
Finde weitere Stellen
Dua­les Stu­di­um als Ver­wal­tungs­in­for­ma­ti­k­an­wär­ter/in (m/w/d)
Arbeitgeber
Regierung von Niederbayern
Arbeitsort
Landshut
Bewerbungsfrist
17.03.2027
Ex­per­tin / Ex­per­te für In­for­ma­ti­ons­ana­ly­se und mi­li­tä­ri­sche Si­cher­heit (m/w/d)
Arbeitgeber
Bundesamt für das Personalmanagement der Bundeswehr
Arbeitsort
Köln
Bewerbungsfrist
31.12.2026
Ex­per­tin / Ex­per­te In­for­ma­ti­ons­tech­nik (m/w/d)
Arbeitgeber
Bundesamt für das Personalmanagement der Bundeswehr
Arbeitsort
Köln
Bewerbungsfrist
31.12.2026
Weitere Stellen
Kooperation:
Wir haben für Dich auf dieser Seite Informationen unter anderem von www.service.bund.de zusammengestellt.
Seitenfunktionen und -informationen
Diese Seite
Seite drucken
Unternavigation aller Website-Bereiche
Service
Unsere Stellen
Azu­bi A-B-C
Häu­fi­ge Fra­gen
Finde Deinen Beruf
Be­rei­te Dich vor
Das sind wir
So bil­den wir aus
Diese Berufe gibt es
So geht's
Rich­tig be­wer­ben
Be­wer­ben oh­ne deut­schen Pass
Be­wer­ben oh­ne deut­schen Schul­ab­schluss
Be­rufs­ein­stieg
Wenn's schief geht
Seiteninformationen
© 2026 Bundesamt für Migration und Flüchtlinge
Im­pres­s­um
Da­ten­schutz
Bar­rie­re­frei­heit",,,wir_sind_bund_de,https://www.wir-sind-bund.de/ExternalContent/service-bund-de-WSB/cache/BUNDDE/IMPORTE/Stellenangebote/interamt/2026/03/1427803.html,False,,47,,,,2026-06-13T14:44:56.160492+00:00
WSB-6531682,wir_sind_bund_fi,Landesdirektion Sachsen,,,,"Ausbildungsplatz für die Ausbildung zum Fachinformatiker/ zur Fachinformatikerin in der Fachrichtung Anwendungsentwicklung (m/w/d)

Arbeitgeber: Landesdirektion Sachsen
Tätigkeitsprofil:
An der Dienststelle Chemnitz (vorzugsweise, auch in Dresden oder Leipzig möglich) der Landesdirektion Sachsen ist zum 1. August 2027 ein Ausbildungsplatz für die Ausbildungzum Fachinformatiker/ zur Fachinformatikerin (m/w/d) in der Fachrichtung Anwendungsentwicklung zu besetzen.
Sie suchen eine abwechslungsreiche und praxisnahe Ausbildung mit langfristiger Perspektive? Sie interessieren sich für moderne Informationstechnologien, Softwareentwicklung und digitale Verwaltungsprozesse? Sie möchten Verantwortung übernehmen, innovative IT-Lösungen entwickeln und die digitale Zukunft des Freistaates Sachsen aktiv mitgestalten? Dann starten Sie mit uns in eine vielseitige und sichere berufliche Zukunft im öffentlichen Dienst.
Ihre Ausbildung bei der Landesdirektion Sachsen
Fachinformatiker in der Fachrichtung Anwendungsentwicklung entwickeln, testen und betreuen Softwarelösungen für die öffentliche Verwaltung. Sie leisten einen wichtigen Beitrag zur Digitalisierung von Verwaltungsprozessen und unterstützen die Fachbereiche durch moderne IT-Anwendungen.
Zu den Tätigkeiten gehören unter anderem:
Entwicklung und Anpassung von Softwareanwendungen
Analyse fachlicher Anforderungen und Erarbeitung technischer Lösungskonzepte
Programmierung und Weiterentwicklung bestehender Anwendungen
Planung, Durchführung und Dokumentation von Softwareprojekten
Durchführung von Softwaretests sowie Fehleranalyse und Fehlerbehebung
Betreuung und Optimierung bestehender IT-Verfahren
Mitarbeit bei der Digitalisierung von Verwaltungsprozessen
Die dreijährige duale Ausbildung verbindet theoretische Lerninhalte mit praxisnahen Ausbildungsabschnitten innerhalb der Landesdirektion Sachsen. Durch den regelmäßigen Wechsel zwischen Theorie und Praxis können die erworbenen Kenntnisse unmittelbar angewendet und vertieft werden.
Als Mittelbehörde zwischen der Sächsischen Staatsregierung und den Kommunen übernimmt die Landesdirektion Sachsen zahlreiche anspruchsvolle Aufgaben. Unsere Auszubildenden erhalten dabei spannende Einblicke in unterschiedlichste Fachbereiche und wirken an der Entwicklung digitaler Lösungen für vielfältige Verwaltungsaufgaben mit.
So erwerben Sie nicht nur fundierte Kenntnisse in der Softwareentwicklung und Informationstechnik, sondern sammeln zugleich wertvolle praktische Erfahrungen für Ihren erfolgreichen Berufseinstieg.
Anforderungsprofil:
Das bringen Sie mit
Voraussetzung für die Teilnahme am Auswahlverfahren sind:
ein erfolgreicher Realschulabschluss bis zum Ausbildungsbeginn,
gute Leistungen insbesondere in den Fächern Informatik, Mathematik, Deutsch und Englisch,
Interesse an Informationstechnologie, Softwareentwicklung und digitalen Zusammenhängen,
analytisches Denkvermögen sowie eine strukturierte Arbeitsweise,
Teamfähigkeit, Kommunikationsstärke und Zuverlässigkeit,
eine hohe Lern- und Leistungsbereitschaft.
Von Vorteil sind außerdem:
erste Erfahrungen im Bereich Programmierung oder Softwareentwicklung,
absolvierte Schülerpraktika im IT-Bereich,
gute Kenntnisse im Umgang mit gängiger Hard- und Software,
Interesse an aktuellen technologischen Entwicklungen.
Ablauf der Ausbildung
Während Ihrer Ausbildung werden Sie durch erfahrene Ausbilder sowie IT-Fachkräfte begleitet und unterstützt. Die praktische Ausbildung findet überwiegend in den IT-Bereichen der Landesdirektion Sachsen statt. Dort lernen Sie unterschiedliche Aufgabenfelder kennen und arbeiten frühzeitig an Projekten mit. Die theoretische Ausbildung erfolgt am beruflichen Schulzentrum für Technik I, Industrieschule Chemnitz. Ergänzend werden durch den Ausbildungsverbund für Fachinformatiker in der sächsischen Landesverwaltung weitere fachliche Kompetenzen durch berufspraktische Unterweisungen und fachtheoretische Lehrgänge vermittelt.
Die abgeschlossene Berufsausbildung qualifiziert Sie für Tätigkeiten im Bereich der Softwareentwicklung und Anwendungsbetreuung innerhalb der öffentlichen Verwaltung.
Für das Ausbildungsverhältnis gelten die Bestimmungen des Tarifvertrages für Auszubildende der Länder (TVA-L BBiG).

Vergütung und Leistungen
Die Ausbildungsvergütung beträgt derzeit monatlich:
im 1. Ausbildungsjahr: 1.236,82 Euro
im 2. Ausbildungsjahr: 1.290,96 Euro
im 3. Ausbildungsjahr: 1.340,61 Euro
Darüber hinaus erhalten Sie:
Jahressonderzahlungen,
gegebenenfalls vermögenswirksame Leistungen in Höhe von 6,65 Euro monatlich,
eine Abschlussprämie in Höhe von 400,00 Euro bei erfolgreichem Bestehen der Abschlussprüfung,
30 Tage Urlaub pro Kalenderjahr,
eine qualifizierte Betreuung während der gesamten Ausbildungszeit,
gute Perspektiven für eine anschließende Beschäftigung im öffentlichen Dienst.
Bewerbung und Auswahlverfahren
Haben wir Ihr Interesse geweckt? Dann freuen wir uns auf Ihre Bewerbung.
Bitte senden Sie folgende Unterlagen:
Anschreiben
tabellarischer Lebenslauf
Kopie des letzten Schulzeugnisses
gegebenenfalls Praktikumszeugnisse
unter Angabe der Kennziffer Azubi-FI-2027 ausschließlich im PDF-Format per E-Mail an: bewerbungausbildung@lds.sachsen.de.
Bewerbungsschluss für den Ausbildungsbeginn am 1. August 2027 ist der 25. Oktober 2026. Das Auswahlverfahren besteht aus einem elektronischen Eignungstest sowie einem anschließenden Auswahlgespräch. Die erfolgreiche Teilnahme am Eignungstest ist Voraussetzung für die Einladung zum Auswahlgespräch.
Weiterführende Informationen zur Ausbildung finden Sie auf den entsprechenden Informationsseiten der Landesdirektion Sachsen.
Kontakt
Für Fragen steht Ihnen gern zur Verfügung:
Frau Relius
Telefon: 0341 / 977 1333
E-Mail: ausbildung@lds.sachsen.de
Wir sind bestrebt, schwerbehinderte Menschen oder ihnen Gleichgestellte besonders zu fördern, achten im Bewerbungsverfahren bei gleicher Eignung auf ihre bevorzugte Berücksichtigung und bitten daher um entsprechende Hinweise in Ihrer Bewerbung.
Bewerber nach dem Soldatenversorgungsgesetz (SVG) weisen wir an dieser Stelle auf die Anforderungen der Vormerkstelle des Freistaates Sachsen (www.lds.sachsen.de/soziales ) hin",,,Ausbildungsplatz für die Ausbildung zum Fachinformatiker/ zur Fachinformatikerin in der Fachrichtung Anwendungsentwicklung (m/w/d),ae,,"Vergütung und Leistungen
Die Ausbildungsvergütung beträgt derzeit monatlich:
im 1. Ausbildungsjahr: 1.236,82 Euro
im 2. Ausbildungsjahr: 1.290,96 Euro
im 3. Ausbildungsjahr: 1.340,61 Euro
Darüber hinaus erhalten Sie:
Jahressonderzahlungen,
gegebenenfalls vermögenswirksame Leistungen in Höhe von 6,65 Euro monatlich,
eine Abschlussprämie in Höhe von 400,00 Euro bei erfolgreichem Bestehen der Abschlussprüfung,
30 Tage Urlaub pro Kalenderjahr,
eine qualifizierte Betreuung während der gesamten Ausbildungszeit,
gute Perspektiven für eine anschließende Beschäftigung im öffentlichen Dienst.
Bewerbung und Auswahlverfahren
Haben wir Ihr Interesse geweckt? Dann freuen wir uns auf Ihre Bewerbung.
Bitte senden Sie folgende Unterlagen:
Anschreiben
tabellarischer Lebenslauf
Kopie des letzten Schulzeugnisses
gegebenenfalls Praktikumszeugnisse
unter Angabe der Kennziffer Azubi-FI-2027 ausschließlich im PDF-Format per E-Mail an: bewerbungausbildung@lds.sachsen.de.
Bewerbungsschluss für den Ausbildungsbeginn am 1. August 2027 ist der 25. Oktober 2026. Das Auswahlverfahren besteht aus einem elektronischen Eignungstest sowie einem anschließenden Auswahlgespräch. Die erfolgreiche Teilnahme am Eignungstest ist Voraussetzung für die Einladung zum Auswahlgespräch.
Weiterführende Informationen zur Ausbildung finden Sie auf den entsprechenden Informationsseiten der Landesdirektion Sachsen.
Kontakt
Für Fragen steht Ihnen gern zur Verfügung:
Frau Relius
Telefon: 0341 / 977 1333
E-Mail: ausbildung@lds.sachsen.de
Wir sind bestrebt, schwerbehinderte Menschen oder ihnen Gleichgestellte besonders zu fördern, achten im Bewerbungsverfahren bei gleicher Eignung auf ihre bevorzugte Berücksichtigung und bitten daher um entsprechende Hinweise in Ihrer Bewerbung.
Bewerber nach dem Soldatenversorgungsgesetz (SVG) weisen wir an dieser Stelle auf die Anforderungen der Vormerkstelle des Freistaates Sachsen (www.lds.sachsen.de/soziales ) hin",,,empty,ausbildung@lds.sachsen.de,,,,none,"Weitere Informationen
Stellenangebot als PDF zum Herunterladen
Kurzinfo
Berufsgruppe: IT und Telekommunikation
Ort: Chemnitz
Arbeitszeit: Vollzeit
Bewerbungsfrist: 25.10.2026
Laufbahn: Ausbildung
Kontakt: Frau Relius
Telefon: 0341 977 1333
E-Mail: Nachricht schreiben
Berufsbeschreibung
Zum Berufsglossar
BERUFENET
Finde weitere Stellen
Dua­les Stu­di­um als Ver­wal­tungs­in­for­ma­ti­k­an­wär­ter/in (m/w/d)
Arbeitgeber
Regierung von Niederbayern
Arbeitsort
Landshut
Bewerbungsfrist
17.03.2027
Ex­per­tin / Ex­per­te für In­for­ma­ti­ons­ana­ly­se und mi­li­tä­ri­sche Si­cher­heit (m/w/d)
Arbeitgeber
Bundesamt für das Personalmanagement der Bundeswehr
Arbeitsort
Köln
Bewerbungsfrist
31.12.2026
Ex­per­tin / Ex­per­te In­for­ma­ti­ons­tech­nik (m/w/d)
Arbeitgeber
Bundesamt für das Personalmanagement der Bundeswehr
Arbeitsort
Köln
Bewerbungsfrist
31.12.2026
Weitere Stellen
Kooperation:
Wir haben für Dich auf dieser Seite Informationen unter anderem von www.service.bund.de zusammengestellt.
Seitenfunktionen und -informationen
Diese Seite
Seite drucken
Unternavigation aller Website-Bereiche
Service
Unsere Stellen
Azu­bi A-B-C
Häu­fi­ge Fra­gen
Finde Deinen Beruf
Be­rei­te Dich vor
Das sind wir
So bil­den wir aus
Diese Berufe gibt es
So geht's
Rich­tig be­wer­ben
Be­wer­ben oh­ne deut­schen Pass
Be­wer­ben oh­ne deut­schen Schul­ab­schluss
Be­rufs­ein­stieg
Wenn's schief geht
Seiteninformationen
© 2026 Bundesamt für Migration und Flüchtlinge
Im­pres­s­um
Da­ten­schutz
Bar­rie­re­frei­heit",,,wir_sind_bund_de,https://www.wir-sind-bund.de/ExternalContent/service-bund-de-WSB/cache/BUNDDE/IMPORTE/Stellenangebote/editor/Landesdirektion-Sachsen/2026/06/6531682.html,False,,40,,,,2026-06-13T14:44:38.658619+00:00
WSB-6531729,wir_sind_bund_fi,Landesdirektion Sachsen,,,,"Ausbildungsplatz für die Ausbildung zum Fachinformatiker/ zur Fachinformatikerin in der Fachrichtung Anwendungsentwicklung (m/w/d)

Arbeitgeber: Landesdirektion Sachsen
Tätigkeitsprofil:
An der Dienststelle Chemnitz (vorzugsweise, auch in Dresden oder Leipzig möglich) der Landesdirektion Sachsen ist zum 1. August 2027 ein Ausbildungsplatz für die Ausbildungzum Fachinformatiker/ zur Fachinformatikerin (m/w/d) in der Fachrichtung Anwendungsentwicklung zu besetzen.
Sie suchen eine abwechslungsreiche und praxisnahe Ausbildung mit langfristiger Perspektive? Sie interessieren sich für moderne Informationstechnologien, Softwareentwicklung und digitale Verwaltungsprozesse? Sie möchten Verantwortung übernehmen, innovative IT-Lösungen entwickeln und die digitale Zukunft des Freistaates Sachsen aktiv mitgestalten? Dann starten Sie mit uns in eine vielseitige und sichere berufliche Zukunft im öffentlichen Dienst.
Ihre Ausbildung bei der Landesdirektion Sachsen
Fachinformatiker in der Fachrichtung Anwendungsentwicklung entwickeln, testen und betreuen Softwarelösungen für die öffentliche Verwaltung. Sie leisten einen wichtigen Beitrag zur Digitalisierung von Verwaltungsprozessen und unterstützen die Fachbereiche durch moderne IT-Anwendungen.
Zu den Tätigkeiten gehören unter anderem:
Entwicklung und Anpassung von Softwareanwendungen
Analyse fachlicher Anforderungen und Erarbeitung technischer Lösungskonzepte
Programmierung und Weiterentwicklung bestehender Anwendungen
Planung, Durchführung und Dokumentation von Softwareprojekten
Durchführung von Softwaretests sowie Fehleranalyse und Fehlerbehebung
Betreuung und Optimierung bestehender IT-Verfahren
Mitarbeit bei der Digitalisierung von Verwaltungsprozessen
Die dreijährige duale Ausbildung verbindet theoretische Lerninhalte mit praxisnahen Ausbildungsabschnitten innerhalb der Landesdirektion Sachsen. Durch den regelmäßigen Wechsel zwischen Theorie und Praxis können die erworbenen Kenntnisse unmittelbar angewendet und vertieft werden.
Als Mittelbehörde zwischen der Sächsischen Staatsregierung und den Kommunen übernimmt die Landesdirektion Sachsen zahlreiche anspruchsvolle Aufgaben. Unsere Auszubildenden erhalten dabei spannende Einblicke in unterschiedlichste Fachbereiche und wirken an der Entwicklung digitaler Lösungen für vielfältige Verwaltungsaufgaben mit.
So erwerben Sie nicht nur fundierte Kenntnisse in der Softwareentwicklung und Informationstechnik, sondern sammeln zugleich wertvolle praktische Erfahrungen für Ihren erfolgreichen Berufseinstieg.
Anforderungsprofil:
Das bringen Sie mit
Voraussetzung für die Teilnahme am Auswahlverfahren sind:
ein erfolgreicher Realschulabschluss bis zum Ausbildungsbeginn,
gute Leistungen insbesondere in den Fächern Informatik, Mathematik, Deutsch und Englisch,
Interesse an Informationstechnologie, Softwareentwicklung und digitalen Zusammenhängen,
analytisches Denkvermögen sowie eine strukturierte Arbeitsweise,
Teamfähigkeit, Kommunikationsstärke und Zuverlässigkeit,
eine hohe Lern- und Leistungsbereitschaft.
Von Vorteil sind außerdem:
erste Erfahrungen im Bereich Programmierung oder Softwareentwicklung,
absolvierte Schülerpraktika im IT-Bereich,
gute Kenntnisse im Umgang mit gängiger Hard- und Software,
Interesse an aktuellen technologischen Entwicklungen.
Ablauf der Ausbildung
Während Ihrer Ausbildung werden Sie durch erfahrene Ausbilder sowie IT-Fachkräfte begleitet und unterstützt. Die praktische Ausbildung findet überwiegend in den IT-Bereichen der Landesdirektion Sachsen statt. Dort lernen Sie unterschiedliche Aufgabenfelder kennen und arbeiten frühzeitig an Projekten mit. Die theoretische Ausbildung erfolgt am beruflichen Schulzentrum für Technik I, Industrieschule Chemnitz. Ergänzend werden durch den Ausbildungsverbund für Fachinformatiker in der sächsischen Landesverwaltung weitere fachliche Kompetenzen durch berufspraktische Unterweisungen und fachtheoretische Lehrgänge vermittelt.
Die abgeschlossene Berufsausbildung qualifiziert Sie für Tätigkeiten im Bereich der Softwareentwicklung und Anwendungsbetreuung innerhalb der öffentlichen Verwaltung.
Für das Ausbildungsverhältnis gelten die Bestimmungen des Tarifvertrages für Auszubildende der Länder (TVA-L BBiG).

Vergütung und Leistungen
Die Ausbildungsvergütung beträgt derzeit monatlich:
im 1. Ausbildungsjahr: 1.236,82 Euro
im 2. Ausbildungsjahr: 1.290,96 Euro
im 3. Ausbildungsjahr: 1.340,61 Euro
Darüber hinaus erhalten Sie:
Jahressonderzahlungen,
gegebenenfalls vermögenswirksame Leistungen in Höhe von 6,65 Euro monatlich,
eine Abschlussprämie in Höhe von 400,00 Euro bei erfolgreichem Bestehen der Abschlussprüfung,
30 Tage Urlaub pro Kalenderjahr,
eine qualifizierte Betreuung während der gesamten Ausbildungszeit,
gute Perspektiven für eine anschließende Beschäftigung im öffentlichen Dienst.
Bewerbung und Auswahlverfahren
Haben wir Ihr Interesse geweckt? Dann freuen wir uns auf Ihre Bewerbung.
Bitte senden Sie folgende Unterlagen:
Anschreiben
tabellarischer Lebenslauf
Kopie des letzten Schulzeugnisses
gegebenenfalls Praktikumszeugnisse
unter Angabe der Kennziffer Azubi-FI-2027 ausschließlich im PDF-Format per E-Mail an: bewerbungausbildung@lds.sachsen.de.
Bewerbungsschluss für den Ausbildungsbeginn am 1. August 2027 ist der 25. Oktober 2026. Das Auswahlverfahren besteht aus einem elektronischen Eignungstest sowie einem anschließenden Auswahlgespräch. Die erfolgreiche Teilnahme am Eignungstest ist Voraussetzung für die Einladung zum Auswahlgespräch.
Weiterführende Informationen zur Ausbildung finden Sie auf den entsprechenden Informationsseiten der Landesdirektion Sachsen.
Kontakt
Für Fragen steht Ihnen gern zur Verfügung:
Frau Relius
Telefon: 0341 / 977 1333
E-Mail: ausbildung@lds.sachsen.de
Wir sind bestrebt, schwerbehinderte Menschen oder ihnen Gleichgestellte besonders zu fördern, achten im Bewerbungsverfahren bei gleicher Eignung auf ihre bevorzugte Berücksichtigung und bitten daher um entsprechende Hinweise in Ihrer Bewerbung.
Bewerber nach dem Soldatenversorgungsgesetz (SVG) weisen wir an dieser Stelle auf die Anforderungen der Vormerkstelle des Freistaates Sachsen (www.lds.sachsen.de/soziales ) hin",,,Ausbildungsplatz für die Ausbildung zum Fachinformatiker/ zur Fachinformatikerin in der Fachrichtung Anwendungsentwicklung (m/w/d),ae,,"Vergütung und Leistungen
Die Ausbildungsvergütung beträgt derzeit monatlich:
im 1. Ausbildungsjahr: 1.236,82 Euro
im 2. Ausbildungsjahr: 1.290,96 Euro
im 3. Ausbildungsjahr: 1.340,61 Euro
Darüber hinaus erhalten Sie:
Jahressonderzahlungen,
gegebenenfalls vermögenswirksame Leistungen in Höhe von 6,65 Euro monatlich,
eine Abschlussprämie in Höhe von 400,00 Euro bei erfolgreichem Bestehen der Abschlussprüfung,
30 Tage Urlaub pro Kalenderjahr,
eine qualifizierte Betreuung während der gesamten Ausbildungszeit,
gute Perspektiven für eine anschließende Beschäftigung im öffentlichen Dienst.
Bewerbung und Auswahlverfahren
Haben wir Ihr Interesse geweckt? Dann freuen wir uns auf Ihre Bewerbung.
Bitte senden Sie folgende Unterlagen:
Anschreiben
tabellarischer Lebenslauf
Kopie des letzten Schulzeugnisses
gegebenenfalls Praktikumszeugnisse
unter Angabe der Kennziffer Azubi-FI-2027 ausschließlich im PDF-Format per E-Mail an: bewerbungausbildung@lds.sachsen.de.
Bewerbungsschluss für den Ausbildungsbeginn am 1. August 2027 ist der 25. Oktober 2026. Das Auswahlverfahren besteht aus einem elektronischen Eignungstest sowie einem anschließenden Auswahlgespräch. Die erfolgreiche Teilnahme am Eignungstest ist Voraussetzung für die Einladung zum Auswahlgespräch.
Weiterführende Informationen zur Ausbildung finden Sie auf den entsprechenden Informationsseiten der Landesdirektion Sachsen.
Kontakt
Für Fragen steht Ihnen gern zur Verfügung:
Frau Relius
Telefon: 0341 / 977 1333
E-Mail: ausbildung@lds.sachsen.de
Wir sind bestrebt, schwerbehinderte Menschen oder ihnen Gleichgestellte besonders zu fördern, achten im Bewerbungsverfahren bei gleicher Eignung auf ihre bevorzugte Berücksichtigung und bitten daher um entsprechende Hinweise in Ihrer Bewerbung.
Bewerber nach dem Soldatenversorgungsgesetz (SVG) weisen wir an dieser Stelle auf die Anforderungen der Vormerkstelle des Freistaates Sachsen (www.lds.sachsen.de/soziales ) hin",,,empty,ausbildung@lds.sachsen.de,,,,none,"Weitere Informationen
Stellenangebot als PDF zum Herunterladen
Kurzinfo
Berufsgruppe: IT und Telekommunikation
Ort: Dresden
Arbeitszeit: Vollzeit
Bewerbungsfrist: 25.10.2026
Laufbahn: Ausbildung
Kontakt: Frau Relius
Telefon: 0341 977 1333
E-Mail: Nachricht schreiben
Berufsbeschreibung
Zum Berufsglossar
BERUFENET
Finde weitere Stellen
Dua­les Stu­di­um als Ver­wal­tungs­in­for­ma­ti­k­an­wär­ter/in (m/w/d)
Arbeitgeber
Regierung von Niederbayern
Arbeitsort
Landshut
Bewerbungsfrist
17.03.2027
Ex­per­tin / Ex­per­te für In­for­ma­ti­ons­ana­ly­se und mi­li­tä­ri­sche Si­cher­heit (m/w/d)
Arbeitgeber
Bundesamt für das Personalmanagement der Bundeswehr
Arbeitsort
Köln
Bewerbungsfrist
31.12.2026
Ex­per­tin / Ex­per­te In­for­ma­ti­ons­tech­nik (m/w/d)
Arbeitgeber
Bundesamt für das Personalmanagement der Bundeswehr
Arbeitsort
Köln
Bewerbungsfrist
31.12.2026
Weitere Stellen
Kooperation:
Wir haben für Dich auf dieser Seite Informationen unter anderem von www.service.bund.de zusammengestellt.
Seitenfunktionen und -informationen
Diese Seite
Seite drucken
Unternavigation aller Website-Bereiche
Service
Unsere Stellen
Azu­bi A-B-C
Häu­fi­ge Fra­gen
Finde Deinen Beruf
Be­rei­te Dich vor
Das sind wir
So bil­den wir aus
Diese Berufe gibt es
So geht's
Rich­tig be­wer­ben
Be­wer­ben oh­ne deut­schen Pass
Be­wer­ben oh­ne deut­schen Schul­ab­schluss
Be­rufs­ein­stieg
Wenn's schief geht
Seiteninformationen
© 2026 Bundesamt für Migration und Flüchtlinge
Im­pres­s­um
Da­ten­schutz
Bar­rie­re­frei­heit",,,wir_sind_bund_de,https://www.wir-sind-bund.de/ExternalContent/service-bund-de-WSB/cache/BUNDDE/IMPORTE/Stellenangebote/editor/Landesdirektion-Sachsen/2026/06/6531729.html,False,,40,,,,2026-06-13T14:44:41.946574+00:00
WSB-6531739,wir_sind_bund_fi,Landesdirektion Sachsen,,,,"Ausbildungsplatz für die Ausbildung zum Fachinformatiker/ zur Fachinformatikerin in der Fachrichtung Anwendungsentwicklung (m/w/d)

Arbeitgeber: Landesdirektion Sachsen
Tätigkeitsprofil:
An der Dienststelle Chemnitz (vorzugsweise, auch in Dresden oder Leipzig möglich) der Landesdirektion Sachsen ist zum 1. August 2027 ein Ausbildungsplatz für die Ausbildungzum Fachinformatiker/ zur Fachinformatikerin (m/w/d) in der Fachrichtung Anwendungsentwicklung zu besetzen.
Sie suchen eine abwechslungsreiche und praxisnahe Ausbildung mit langfristiger Perspektive? Sie interessieren sich für moderne Informationstechnologien, Softwareentwicklung und digitale Verwaltungsprozesse? Sie möchten Verantwortung übernehmen, innovative IT-Lösungen entwickeln und die digitale Zukunft des Freistaates Sachsen aktiv mitgestalten? Dann starten Sie mit uns in eine vielseitige und sichere berufliche Zukunft im öffentlichen Dienst.
Ihre Ausbildung bei der Landesdirektion Sachsen
Fachinformatiker in der Fachrichtung Anwendungsentwicklung entwickeln, testen und betreuen Softwarelösungen für die öffentliche Verwaltung. Sie leisten einen wichtigen Beitrag zur Digitalisierung von Verwaltungsprozessen und unterstützen die Fachbereiche durch moderne IT-Anwendungen.
Zu den Tätigkeiten gehören unter anderem:
Entwicklung und Anpassung von Softwareanwendungen
Analyse fachlicher Anforderungen und Erarbeitung technischer Lösungskonzepte
Programmierung und Weiterentwicklung bestehender Anwendungen
Planung, Durchführung und Dokumentation von Softwareprojekten
Durchführung von Softwaretests sowie Fehleranalyse und Fehlerbehebung
Betreuung und Optimierung bestehender IT-Verfahren
Mitarbeit bei der Digitalisierung von Verwaltungsprozessen
Die dreijährige duale Ausbildung verbindet theoretische Lerninhalte mit praxisnahen Ausbildungsabschnitten innerhalb der Landesdirektion Sachsen. Durch den regelmäßigen Wechsel zwischen Theorie und Praxis können die erworbenen Kenntnisse unmittelbar angewendet und vertieft werden.
Als Mittelbehörde zwischen der Sächsischen Staatsregierung und den Kommunen übernimmt die Landesdirektion Sachsen zahlreiche anspruchsvolle Aufgaben. Unsere Auszubildenden erhalten dabei spannende Einblicke in unterschiedlichste Fachbereiche und wirken an der Entwicklung digitaler Lösungen für vielfältige Verwaltungsaufgaben mit.
So erwerben Sie nicht nur fundierte Kenntnisse in der Softwareentwicklung und Informationstechnik, sondern sammeln zugleich wertvolle praktische Erfahrungen für Ihren erfolgreichen Berufseinstieg.
Anforderungsprofil:
Das bringen Sie mit
Voraussetzung für die Teilnahme am Auswahlverfahren sind:
ein erfolgreicher Realschulabschluss bis zum Ausbildungsbeginn,
gute Leistungen insbesondere in den Fächern Informatik, Mathematik, Deutsch und Englisch,
Interesse an Informationstechnologie, Softwareentwicklung und digitalen Zusammenhängen,
analytisches Denkvermögen sowie eine strukturierte Arbeitsweise,
Teamfähigkeit, Kommunikationsstärke und Zuverlässigkeit,
eine hohe Lern- und Leistungsbereitschaft.
Von Vorteil sind außerdem:
erste Erfahrungen im Bereich Programmierung oder Softwareentwicklung,
absolvierte Schülerpraktika im IT-Bereich,
gute Kenntnisse im Umgang mit gängiger Hard- und Software,
Interesse an aktuellen technologischen Entwicklungen.
Ablauf der Ausbildung
Während Ihrer Ausbildung werden Sie durch erfahrene Ausbilder sowie IT-Fachkräfte begleitet und unterstützt. Die praktische Ausbildung findet überwiegend in den IT-Bereichen der Landesdirektion Sachsen statt. Dort lernen Sie unterschiedliche Aufgabenfelder kennen und arbeiten frühzeitig an Projekten mit. Die theoretische Ausbildung erfolgt am beruflichen Schulzentrum für Technik I, Industrieschule Chemnitz. Ergänzend werden durch den Ausbildungsverbund für Fachinformatiker in der sächsischen Landesverwaltung weitere fachliche Kompetenzen durch berufspraktische Unterweisungen und fachtheoretische Lehrgänge vermittelt.
Die abgeschlossene Berufsausbildung qualifiziert Sie für Tätigkeiten im Bereich der Softwareentwicklung und Anwendungsbetreuung innerhalb der öffentlichen Verwaltung.
Für das Ausbildungsverhältnis gelten die Bestimmungen des Tarifvertrages für Auszubildende der Länder (TVA-L BBiG).

Vergütung und Leistungen
Die Ausbildungsvergütung beträgt derzeit monatlich:
im 1. Ausbildungsjahr: 1.236,82 Euro
im 2. Ausbildungsjahr: 1.290,96 Euro
im 3. Ausbildungsjahr: 1.340,61 Euro
Darüber hinaus erhalten Sie:
Jahressonderzahlungen,
gegebenenfalls vermögenswirksame Leistungen in Höhe von 6,65 Euro monatlich,
eine Abschlussprämie in Höhe von 400,00 Euro bei erfolgreichem Bestehen der Abschlussprüfung,
30 Tage Urlaub pro Kalenderjahr,
eine qualifizierte Betreuung während der gesamten Ausbildungszeit,
gute Perspektiven für eine anschließende Beschäftigung im öffentlichen Dienst.
Bewerbung und Auswahlverfahren
Haben wir Ihr Interesse geweckt? Dann freuen wir uns auf Ihre Bewerbung.
Bitte senden Sie folgende Unterlagen:
Anschreiben
tabellarischer Lebenslauf
Kopie des letzten Schulzeugnisses
gegebenenfalls Praktikumszeugnisse
unter Angabe der Kennziffer Azubi-FI-2027 ausschließlich im PDF-Format per E-Mail an: bewerbungausbildung@lds.sachsen.de.
Bewerbungsschluss für den Ausbildungsbeginn am 1. August 2027 ist der 25. Oktober 2026. Das Auswahlverfahren besteht aus einem elektronischen Eignungstest sowie einem anschließenden Auswahlgespräch. Die erfolgreiche Teilnahme am Eignungstest ist Voraussetzung für die Einladung zum Auswahlgespräch.
Weiterführende Informationen zur Ausbildung finden Sie auf den entsprechenden Informationsseiten der Landesdirektion Sachsen.
Kontakt
Für Fragen steht Ihnen gern zur Verfügung:
Frau Relius
Telefon: 0341 / 977 1333
E-Mail: ausbildung@lds.sachsen.de
Wir sind bestrebt, schwerbehinderte Menschen oder ihnen Gleichgestellte besonders zu fördern, achten im Bewerbungsverfahren bei gleicher Eignung auf ihre bevorzugte Berücksichtigung und bitten daher um entsprechende Hinweise in Ihrer Bewerbung.
Bewerber nach dem Soldatenversorgungsgesetz (SVG) weisen wir an dieser Stelle auf die Anforderungen der Vormerkstelle des Freistaates Sachsen (www.lds.sachsen.de/soziales ) hin
Kurzinfo
Berufsgruppe: IT und Telekommunikation
Ort: Leipzig
Arbeitszeit: Vollzeit
Bewerbungsfrist: 25.10.2026
Laufbahn: Ausbildung
Kontakt: Frau Relius
Telefon: 0341 977 1333
E-Mail: Nachricht schreiben
Berufsbeschreibung
Zum Berufsglossar
BERUFENET
Finde weitere Stellen
Dua­les Stu­di­um als Ver­wal­tungs­in­for­ma­ti­k­an­wär­ter/in (m/w/d)
Arbeitgeber
Regierung von Niederbayern
Arbeitsort
Landshut
Bewerbungsfrist
17.03.2027
Ex­per­tin / Ex­per­te für In­for­ma­ti­ons­ana­ly­se und mi­li­tä­ri­sche Si­cher­heit (m/w/d)
Arbeitgeber
Bundesamt für das Personalmanagement der Bundeswehr
Arbeitsort
Köln
Bewerbungsfrist
31.12.2026
Ex­per­tin / Ex­per­te In­for­ma­ti­ons­tech­nik (m/w/d)
Arbeitgeber
Bundesamt für das Personalmanagement der Bundeswehr
Arbeitsort
Köln
Bewerbungsfrist
31.12.2026
Weitere Stellen
Kooperation:
Wir haben für Dich auf dieser Seite Informationen unter anderem von www.service.bund.de zusammengestellt.
Seitenfunktionen und -informationen
Diese Seite
Seite drucken
Unternavigation aller Website-Bereiche
Service
Unsere Stellen
Azu­bi A-B-C
Häu­fi­ge Fra­gen
Finde Deinen Beruf
Be­rei­te Dich vor
Das sind wir
So bil­den wir aus
Diese Berufe gibt es
So geht's
Rich­tig be­wer­ben
Be­wer­ben oh­ne deut­schen Pass
Be­wer­ben oh­ne deut­schen Schul­ab­schluss
Be­rufs­ein­stieg
Wenn's schief geht
Seiteninformationen
© 2026 Bundesamt für Migration und Flüchtlinge
Im­pres­s­um
Da­ten­schutz
Bar­rie­re­frei­heit",,,Ausbildungsplatz für die Ausbildung zum Fachinformatiker/ zur Fachinformatikerin in der Fachrichtung Anwendungsentwicklung (m/w/d),ae,,"Vergütung und Leistungen
Die Ausbildungsvergütung beträgt derzeit monatlich:
im 1. Ausbildungsjahr: 1.236,82 Euro
im 2. Ausbildungsjahr: 1.290,96 Euro
im 3. Ausbildungsjahr: 1.340,61 Euro
Darüber hinaus erhalten Sie:
Jahressonderzahlungen,
gegebenenfalls vermögenswirksame Leistungen in Höhe von 6,65 Euro monatlich,
eine Abschlussprämie in Höhe von 400,00 Euro bei erfolgreichem Bestehen der Abschlussprüfung,
30 Tage Urlaub pro Kalenderjahr,
eine qualifizierte Betreuung während der gesamten Ausbildungszeit,
gute Perspektiven für eine anschließende Beschäftigung im öffentlichen Dienst.
Bewerbung und Auswahlverfahren
Haben wir Ihr Interesse geweckt? Dann freuen wir uns auf Ihre Bewerbung.
Bitte senden Sie folgende Unterlagen:
Anschreiben
tabellarischer Lebenslauf
Kopie des letzten Schulzeugnisses
gegebenenfalls Praktikumszeugnisse
unter Angabe der Kennziffer Azubi-FI-2027 ausschließlich im PDF-Format per E-Mail an: bewerbungausbildung@lds.sachsen.de.
Bewerbungsschluss für den Ausbildungsbeginn am 1. August 2027 ist der 25. Oktober 2026. Das Auswahlverfahren besteht aus einem elektronischen Eignungstest sowie einem anschließenden Auswahlgespräch. Die erfolgreiche Teilnahme am Eignungstest ist Voraussetzung für die Einladung zum Auswahlgespräch.
Weiterführende Informationen zur Ausbildung finden Sie auf den entsprechenden Informationsseiten der Landesdirektion Sachsen.
Kontakt
Für Fragen steht Ihnen gern zur Verfügung:
Frau Relius
Telefon: 0341 / 977 1333
E-Mail: ausbildung@lds.sachsen.de
Wir sind bestrebt, schwerbehinderte Menschen oder ihnen Gleichgestellte besonders zu fördern, achten im Bewerbungsverfahren bei gleicher Eignung auf ihre bevorzugte Berücksichtigung und bitten daher um entsprechende Hinweise in Ihrer Bewerbung.
Bewerber nach dem Soldatenversorgungsgesetz (SVG) weisen wir an dieser Stelle auf die Anforderungen der Vormerkstelle des Freistaates Sachsen (www.lds.sachsen.de/soziales ) hin
Kurzinfo
Berufsgruppe: IT und Telekommunikation
Ort: Leipzig
Arbeitszeit: Vollzeit
Bewerbungsfrist: 25.10.2026
Laufbahn: Ausbildung
Kontakt: Frau Relius
Telefon: 0341 977 1333
E-Mail: Nachricht schreiben
Berufsbeschreibung
Zum Berufsglossar
BERUFENET
Finde weitere Stellen
Dua­les Stu­di­um als Ver­wal­tungs­in­for­ma­ti­k­an­wär­ter/in (m/w/d)
Arbeitgeber
Regierung von Niederbayern
Arbeitsort
Landshut
Bewerbungsfrist
17.03.2027
Ex­per­tin / Ex­per­te für In­for­ma­ti­ons­ana­ly­se und mi­li­tä­ri­sche Si­cher­heit (m/w/d)
Arbeitgeber
Bundesamt für das Personalmanagement der Bundeswehr
Arbeitsort
Köln
Bewerbungsfrist
31.12.2026
Ex­per­tin / Ex­per­te In­for­ma­ti­ons­tech­nik (m/w/d)
Arbeitgeber
Bundesamt für das Personalmanagement der Bundeswehr
Arbeitsort
Köln
Bewerbungsfrist
31.12.2026
Weitere Stellen
Kooperation:
Wir haben für Dich auf dieser Seite Informationen unter anderem von www.service.bund.de zusammengestellt.
Seitenfunktionen und -informationen
Diese Seite
Seite drucken
Unternavigation aller Website-Bereiche
Service
Unsere Stellen
Azu­bi A-B-C
Häu­fi­ge Fra­gen
Finde Deinen Beruf
Be­rei­te Dich vor
Das sind wir
So bil­den wir aus
Diese Berufe gibt es
So geht's
Rich­tig be­wer­ben
Be­wer­ben oh­ne deut­schen Pass
Be­wer­ben oh­ne deut­schen Schul­ab­schluss
Be­rufs­ein­stieg
Wenn's schief geht
Seiteninformationen
© 2026 Bundesamt für Migration und Flüchtlinge
Im­pres­s­um
Da­ten­schutz
Bar­rie­re­frei­heit",,,empty,ausbildung@lds.sachsen.de,,,,none,,,,wir_sind_bund_de,https://www.wir-sind-bund.de/ExternalContent/service-bund-de-WSB/cache/BUNDDE/IMPORTE/Stellenangebote/editor/Landesdirektion-Sachsen/2026/06/6531739.html,False,,33,,,,2026-06-13T14:44:45.453271+00:00
WSB-1431776,wir_sind_bund_fi,Landesamt für Besoldung Versorgung NRW,,,,"Ausbildung zum Fachinformatiker (m/w/d) - Fachrichtung Systemintegration

Arbeitgeber: Landesamt für Besoldung Versorgung NRW
Ausbildung zum Fachinformatiker (m/w/d) - Fachrichtung Systemintegration
Das Bewerbungsportal für das Einstellungsjahr 2027 ist geöffnet. Wir freuen uns auf Ihre Bewerbung.
Bereit, die eigene Zukunft in die Hand zu nehmen?
Das Landesamt für Besoldung und Versorgung Nordrhein-Westfalen (LBV NRW) zahlt unter anderem Gehälter an die aktiven und pensionierten Beschäftigten des Landes. Auchdie Abrechnung von Krankheitsaufwendungen gehört zu unseren Aufgaben.
Einen typischen Behördenalltag gibt es bei uns nicht, sondern digitale Prozesse, moderneTechnologien und jede Menge Abwechslung.
Der Mensch steht im Mittelpunkt – ob als Teil des Teams oder unsere Kundschaft.
Mit uns die Zukunft des öffentlichen Dienstes gestalten – gemeinsam, sicher, flexibel.
Die Ausbildung im Überblick
Ausbildung zum Fachinformatiker (m/w/d) - Fachrichtung Systemintegration
Dauer der Ausbildung
Drei Jahre
Ausbildungsstart
01.08.2027
Standort
Düsseldorf (Praxis)
Hilden Theorie
Gehalt
1. Ausbildungsjahr
1.296,82 EUR brutto
2. Ausbildungsjahr
1.350,96 EUR brutto
3. Ausbildungsjahr
1.400,61 EUR brutto
Bewerbungsfrist
30.09.2026
Direkt die Bewerbung starten (https://bewerbung.nrw/BVPlus/?stellenID=100535369)
Was erwartet Sie in der Ausbildung?
Dreijährige Ausbildung im Angestelltenverhältnis
Theorie am Berufskolleg Hilden (https://berufskolleg.de/) (zwei Tage pro Woche)
Sie erwerben fundierte Kenntnisse in den folgenden Schwerpunkten der theoretischen Ausbildung: Gestaltung von IT-Dienstleistungen, Entwicklung vernetzter Prozesse sowie Softwaretechnologie und Datenmanagement
Praxis im LBV NRW (https://www.finanzverwaltung.nrw.de/dienststellen/landesamt-fur-besoldung-und-versorgung-nrw/infos-ueber-das-lbv-nrw) in Düsseldorf (drei Tage pro Woche)
Sie arbeiten mit moderner IT-Infrastruktur und lernen unter anderem in den Schwerpunktbereichen der fachpraktischen Ausbildung: Planung und Konfiguration von IT-Infrastrukturen (insbesondere Netzwerke und Vernetzung von Hard- und Software), Grundlagen des 1st Level Supports, Ermittlung und Behebung von Störungen und Fehlern sowie vielfältige weitere IT-Aufgaben
Was bringen Sie mit?
Fachoberschulreife oder einen vergleichbaren Abschluss
Gesundheitliche Eignung
Gute kommunikative Fähigkeiten
Begeisterung für Computer, Technik und digitale Lösungen
Was erwartet Sie nach der Ausbildung und der erfolgreichen Einarbeitung?
Nach erfolgreichem Abschluss und Einarbeitung übernehmen Sie verantwortungsvolle Aufgaben in der IT des LBV NRW:
Sie unterstützen die Mitarbeitenden im 1st Level Support rund um Hard- und Software.
Sie sorgen für eine stabile und moderne IT-Infrastruktur.
Sie arbeiten im Team an vielfältigen IT-Projekten und IT-Aufgaben sowie an technischen Weiterentwicklungen.
_________________________________________________________________________________________________
Sie profitieren von einem breiten Tätigkeitsfeld, modernen Arbeitsplätzen und einem weitgehend selbstständig zu erledigenden Arbeitsbereich in unserer Abteilung Informations- und Kommunikationstechnik (https://www.finanzverwaltung.nrw.de/dienststellen/landesamt-fur-besoldung-und-versorgung-nrw/abteilung-informations-und-kommunikationstechnologie) .
Was bieten wir darüber hinaus?
Für Ihr Selbststudium stellen wir Ihnen ein iPad zur Verfügung. Doch das ist nur der Anfang. Bei uns haben Sie echte Chancen, sich weiterzuentwickeln, Verantwortung zu übernehmen und langfristig Ihren eigenen Weg zu gehen.
️ Bei uns haben Sie den Zugang zu einer modernen Kantine mit täglich wechselndem Speisenangebot.
Dank der sehr guten Verkehrsanbindung erreichen Sie Ihren Arbeitsplatz bequem und stressfrei.
️ Zusätzlich stehen Ihnen bei uns hauseigene Parkmöglichkeiten zur Verfügung.
_______________________________________________________________________________________________________
Hier finden Sie all unsere Benefits (https://www.finanzverwaltung.nrw.de/dienststellen/landesamt-fur-besoldung-und-versorgung-nrw/dasbietenwir) , die Ihren Einstieg erleichtern, Ihren Arbeitsalltag angenehmer gestalten und Ihre Zukunft stärken.",,,Ausbildung zum Fachinformatiker (m/w/d) - Fachrichtung Systemintegration,dpa,,,,,empty,ausbildung@lbv.nrw.de,https://bewerbung.nrw/BVPlus/?stellenID=100535369,https://bewerbung.nrw/BVPlus/?stellenID=100535369,https://bewerbung.nrw/BVPlus/?stellenID=100535369,externe,"Weitere Informationen
Stellenangebot auf externer Website ansehen
Kurzinfo
Berufsgruppe: Umwelt und Verwaltung
Ort: Düsseldorf
Arbeitszeit: Vollzeit
Bewerbungsfrist: 30.09.2026
Laufbahn: Ausbildung
Kontakt: Ausbildungsteam LBV NRW
Telefon: +49 211 6023 3535
E-Mail: Nachricht schreiben
Berufsbeschreibung
Zum Berufsglossar
BERUFENET
Finde weitere Stellen
Ba­che­lor of Laws (m/w/d) - Dua­les Stu­di­um
Arbeitgeber
Landesamt für Besoldung Versorgung NRW
Arbeitsort
Düsseldorf
Bewerbungsfrist
28.02.2027
Aus­bil­dung zum Ver­wal­tungs­wirt (m/w/d)
Arbeitgeber
Landesamt für Besoldung Versorgung NRW
Arbeitsort
Düsseldorf
Bewerbungsfrist
28.02.2027
Aus­bil­dung als Um­welt­tech­no­lo­gin und Um­welt­tech­no­lo­ge für Kreis­lauf- und Ab­fall­wirt­schaft (m/w/d)
Arbeitgeber
Landkreis Esslingen
Arbeitsort
Esslingen am Neckar
Bewerbungsfrist
01.10.2026
Weitere Stellen
Kooperation:
Wir haben für Dich auf dieser Seite Informationen unter anderem von www.service.bund.de zusammengestellt.
Seitenfunktionen und -informationen
Diese Seite
Seite drucken
Unternavigation aller Website-Bereiche
Service
Unsere Stellen
Azu­bi A-B-C
Häu­fi­ge Fra­gen
Finde Deinen Beruf
Be­rei­te Dich vor
Das sind wir
So bil­den wir aus
Diese Berufe gibt es
So geht's
Rich­tig be­wer­ben
Be­wer­ben oh­ne deut­schen Pass
Be­wer­ben oh­ne deut­schen Schul­ab­schluss
Be­rufs­ein­stieg
Wenn's schief geht
Seiteninformationen
© 2026 Bundesamt für Migration und Flüchtlinge
Im­pres­s­um
Da­ten­schutz
Bar­rie­re­frei­heit",,,wir_sind_bund_de,https://www.wir-sind-bund.de/ExternalContent/service-bund-de-WSB/cache/BUNDDE/IMPORTE/Stellenangebote/interamt/2026/04/1431776.html,False,,40,2027,8,2027-08-01,2026-06-13T14:44:59.676096+00:00
WSB-1441033,wir_sind_bund_fi,Stadt Rheine,,Rheine,48431 Rheine,"Ausbildung zum/zur Fachinformatiker/-in (m/w/d) Systemintegration (2027)

Arbeitgeber: Stadt Rheine
Starte deine Zukunft bei der Stadt Rheine!
Ausbildung zum/zur Fachinformatiker/-in Systemintegration (m/w/d)
Beginn: 01.08.2027
Du interessierst dich für IT-Systeme und möchtest verstehen, wie digitale Infrastruktur im Hintergrund funktioniert? Dann starte deine Ausbildung bei der Stadtverwaltung Rheine.
Als Fachinformatiker/-in für Systemintegration sorgst du dafür, dass die IT in der Verwaltung zuverlässig funktioniert. Du richtest Systeme ein, betreust die IT-Infrastruktur und unterstützt dabei, Anwendungen im Arbeitsalltag sinnvoll einzusetzen. Außerdem hilfst du Kolleginnen und Kollegen bei technischen Fragen und sorgst dafür, dass sie sicher und effizient mit den Systemen arbeiten können.

Das erwartet dich in der Ausbildung:
eine dreijährige Ausbildung mit Fachpraxis in der EDV-Abteilung der Stadtverwaltung Rheine und Berufsschulunterricht an den kaufmännischen Schulen Tecklenburger Land in Ibbenbüren
Berufsschulunterricht in den ersten beiden Ausbildungsjahren an zwei Tagen in der Woche, im dritten Jahr einmal wöchentlich

Das solltest du mitbringen:
Fachoberschulreife (bei Ausbildungsbeginn)
Du arbeitest gerne im Team, bist zuverlässig und gehst Aufgaben strukturiert und gewissenhaft an.
Du hast Interesse an IT und digitalen Prozessen in der öffentlichen Verwaltung.
Du analysierst gerne Probleme, denkst dich in komplexe Zusammenhänge ein und triffst überlegte Entscheidungen.
Du hast Interesse daran, digitale Abläufe in der Verwaltung aktiv mitzugestalten.
Klingt nach dir? Dann bewirb dich!
Ende der Bewerbungsfrist: 31. Juli 2026

Warum wir - und warum du bei uns gut aufgehoben bist:
Mit rund 80.000 Einwohnerinnen und Einwohnern ist Rheine eine lebendige Stadt im Städtedreieck Münster–Osnabrück–Enschede. Mehr als 850 Mitarbeitende sowie rund 30 Auszubildende und dual Studierende sorgen täglich dafür, dass unsere Stadt funktioniert und sich weiterentwickelt.
Bei uns arbeitest du von Anfang an im Team mit und übernimmst schnell eigene Aufgaben – immer mit Unterstützung erfahrener Kolleginnen und Kollegen. Du bekommst Einblicke in verschiedene IT-Bereiche und arbeitest an Aufgaben, die direkt den Arbeitsalltag der Verwaltung betreffen. Außerdem gibt es regelmäßig Projekte und Veranstaltungen, bei denen du dich mit anderen Auszubildenden vernetzen kannst.
monatliche Vergütung (brutto) im ersten Ausbildungsjahr 1.368,26 € , im zweiten Ausbildungsjahr 1.418,20 € und im dritten
Ausbildungsjahr 1.464,02 € (Stand: 01.05.2026)
vermögenswirksame Leistungen auf Antrag sowie das Deutschlandticket
Jahressonderzahlung und eine Prämie bei erfolgreicher Abschlussprüfung","6 €, 0 €, 2 €","Das solltest du mitbringen:
Fachoberschulreife (bei Ausbildungsbeginn)
Du arbeitest gerne im Team, bist zuverlässig und gehst Aufgaben strukturiert und gewissenhaft an.
Du hast Interesse an IT und digitalen Prozessen in der öffentlichen Verwaltung.
Du analysierst gerne Probleme, denkst dich in komplexe Zusammenhänge ein und triffst überlegte Entscheidungen.
Du hast Interesse daran, digitale Abläufe in der Verwaltung aktiv mitzugestalten.
Klingt nach dir? Dann bewirb dich!
Ende der Bewerbungsfrist: 31. Juli 2026",Ausbildung zum/zur Fachinformatiker/-in (m/w/d) Systemintegration (2027),si,,"Warum wir - und warum du bei uns gut aufgehoben bist:
Mit rund 80.000 Einwohnerinnen und Einwohnern ist Rheine eine lebendige Stadt im Städtedreieck Münster–Osnabrück–Enschede. Mehr als 850 Mitarbeitende sowie rund 30 Auszubildende und dual Studierende sorgen täglich dafür, dass unsere Stadt funktioniert und sich weiterentwickelt.
Bei uns arbeitest du von Anfang an im Team mit und übernimmst schnell eigene Aufgaben – immer mit Unterstützung erfahrener Kolleginnen und Kollegen. Du bekommst Einblicke in verschiedene IT-Bereiche und arbeitest an Aufgaben, die direkt den Arbeitsalltag der Verwaltung betreffen. Außerdem gibt es regelmäßig Projekte und Veranstaltungen, bei denen du dich mit anderen Auszubildenden vernetzen kannst.
monatliche Vergütung (brutto) im ersten Ausbildungsjahr 1.368,26 € , im zweiten Ausbildungsjahr 1.418,20 € und im dritten
Ausbildungsjahr 1.464,02 € (Stand: 01.05.2026)
vermögenswirksame Leistungen auf Antrag sowie das Deutschlandticket
Jahressonderzahlung und eine Prämie bei erfolgreicher Abschlussprüfung",,,empty,m.miethe@rheine.de,https://karriere.rheine.de/v8n1o,https://karriere.rheine.de/v8n1o,https://karriere.rheine.de/v8n1o,externe,"Am einfachsten geht es über das Online-Bewerbungsportal über den Link https://karriere.rheine.de/v8n1o (https://karriere.rheine.de/v8n1o) . Weitere Informationen findest du unter https://www.rheine.de/ausbildung (https://www.rheine.de/ausbildung) . Bewerbungen schwerbehinderter Menschen sind ausdrücklich willkommen.
Wenn du Fragen hast, hilft dir gerne Herr Michael Staggenborg, Telefon 05971 939-234 oder die Ausbildungsleiterin Frau Miethe, Telefon 05971 939271.
Stadt Rheine
Der Bürgermeister
Fachbereich Interner Service
Klosterstraße 14
48431 Rheine
Weitere Informationen
Stellenangebot auf externer Website ansehen
Kurzinfo
Berufsgruppe: IT und Telekommunikation
Ort: Rheine
Arbeitszeit: Vollzeit
Bewerbungsfrist: 31.07.2026
Laufbahn: Ausbildung
Kontakt: Frau Melina Miethe
Telefon: +49 5971 939271
E-Mail: Nachricht schreiben
Berufsbeschreibung
Zum Berufsglossar
BERUFENET
Finde weitere Stellen
Dua­les Stu­di­um als Ver­wal­tungs­in­for­ma­ti­k­an­wär­ter/in (m/w/d)
Arbeitgeber
Regierung von Niederbayern
Arbeitsort
Landshut
Bewerbungsfrist
17.03.2027
Ex­per­tin / Ex­per­te für In­for­ma­ti­ons­ana­ly­se und mi­li­tä­ri­sche Si­cher­heit (m/w/d)
Arbeitgeber
Bundesamt für das Personalmanagement der Bundeswehr
Arbeitsort
Köln
Bewerbungsfrist
31.12.2026
Ex­per­tin / Ex­per­te In­for­ma­ti­ons­tech­nik (m/w/d)
Arbeitgeber
Bundesamt für das Personalmanagement der Bundeswehr
Arbeitsort
Köln
Bewerbungsfrist
31.12.2026
Weitere Stellen
Kooperation:
Wir haben für Dich auf dieser Seite Informationen unter anderem von www.service.bund.de zusammengestellt.
Seitenfunktionen und -informationen
Diese Seite
Seite drucken
Unternavigation aller Website-Bereiche
Service
Unsere Stellen
Azu­bi A-B-C
Häu­fi­ge Fra­gen
Finde Deinen Beruf
Be­rei­te Dich vor
Das sind wir
So bil­den wir aus
Diese Berufe gibt es
So geht's
Rich­tig be­wer­ben
Be­wer­ben oh­ne deut­schen Pass
Be­wer­ben oh­ne deut­schen Schul­ab­schluss
Be­rufs­ein­stieg
Wenn's schief geht
Seiteninformationen
© 2026 Bundesamt für Migration und Flüchtlinge
Im­pres­s­um
Da­ten­schutz
Bar­rie­re­frei­heit",,,wir_sind_bund_de,https://www.wir-sind-bund.de/ExternalContent/service-bund-de-WSB/cache/BUNDDE/IMPORTE/Stellenangebote/interamt/2026/05/1441033.html,False,,73,2027,8,2027-08-01,2026-06-13T14:45:06.734321+00:00
WSB-1451727,wir_sind_bund_fi,Stadt Rheine,,Rheine,48431 Rheine,"Ausbildung zum/zur Fachinformatiker/-in (m/w/d) Systemintegration zum 01.08.2026

Arbeitgeber: Stadt Rheine
Starte deine Zukunft bei der Stadt Rheine!
Ausbildung zum/zur Fachinformatiker/-in Systemintegration (m/w/d)
Beginn: 1. August 2026
Du interessierst dich für IT-Systeme und möchtest verstehen, wie digitale Infrastruktur im Hintergrund funktioniert? Dann starte deine Ausbildung bei der Stadtverwaltung Rheine.
Als Fachinformatiker/-in für Systemintegration sorgst du dafür, dass die IT in der Verwaltung zuverlässig funktioniert. Du richtest Systeme ein, betreust die IT-Infrastruktur und unterstützt dabei, Anwendungen im Arbeitsalltag sinnvoll einzusetzen. Außerdem hilfst du Kolleginnen und Kollegen bei technischen Fragen und sorgst dafür, dass sie sicher und effizient mit den Systemen arbeiten können.

Das erwartet dich in der Ausbildung:
eine dreijährige Ausbildung mit Fachpraxis in der EDV-Abteilung der Stadtverwaltung Rheine und Berufsschulunterricht an den kaufmännischen Schulen Tecklenburger Land in Ibbenbüren
Berufsschulunterricht in den ersten beiden Ausbildungsjahren an zwei Tagen in der Woche, im dritten Jahr einmal wöchentlich

Das solltest du mitbringen:
Fachoberschulreife (bei Ausbildungsbeginn)
Du arbeitest gerne im Team, bist zuverlässig und gehst Aufgaben strukturiert und gewissenhaft an.
Du hast Interesse an IT und digitalen Prozessen in der öffentlichen Verwaltung.
Du analysierst gerne Probleme, denkst dich in komplexe Zusammenhänge ein und triffst überlegte Entscheidungen.
Du hast Interesse daran, digitale Abläufe in der Verwaltung aktiv mitzugestalten.
Klingt nach dir? Dann bewirb dich!
Ende der Bewerbungsfrist: 14. Juni 2026

Warum wir - und warum du bei uns gut aufgehoben bist:
Mit rund 80.000 Einwohnerinnen und Einwohnern ist Rheine eine lebendige Stadt im Städtedreieck Münster–Osnabrück–Enschede. Mehr als 850 Mitarbeitende sowie rund 30 Auszubildende und dual Studierende sorgen täglich dafür, dass unsere Stadt funktioniert und sich weiterentwickelt.
Bei uns arbeitest du von Anfang an im Team mit und übernimmst schnell eigene Aufgaben – immer mit Unterstützung erfahrener Kolleginnen und Kollegen. Du bekommst Einblicke in verschiedene IT-Bereiche und arbeitest an Aufgaben, die direkt den Arbeitsalltag der Verwaltung betreffen. Außerdem gibt es regelmäßig Projekte und Veranstaltungen, bei denen du dich mit anderen Auszubildenden vernetzen kannst.
monatliche Vergütung (brutto) im ersten Ausbildungsjahr 1.368,26 € , im zweiten Ausbildungsjahr 1.418,20 € und im dritten
Ausbildungsjahr 1.464,02 € (Stand: 01.05.2026)
vermögenswirksame Leistungen auf Antrag sowie das Deutschlandticket
Jahressonderzahlung und eine Prämie bei erfolgreicher Abschlussprüfung","6 €, 0 €, 2 €","Das solltest du mitbringen:
Fachoberschulreife (bei Ausbildungsbeginn)
Du arbeitest gerne im Team, bist zuverlässig und gehst Aufgaben strukturiert und gewissenhaft an.
Du hast Interesse an IT und digitalen Prozessen in der öffentlichen Verwaltung.
Du analysierst gerne Probleme, denkst dich in komplexe Zusammenhänge ein und triffst überlegte Entscheidungen.
Du hast Interesse daran, digitale Abläufe in der Verwaltung aktiv mitzugestalten.
Klingt nach dir? Dann bewirb dich!
Ende der Bewerbungsfrist: 14. Juni 2026",Ausbildung zum/zur Fachinformatiker/-in (m/w/d) Systemintegration zum 01.08.2026,si,,"Warum wir - und warum du bei uns gut aufgehoben bist:
Mit rund 80.000 Einwohnerinnen und Einwohnern ist Rheine eine lebendige Stadt im Städtedreieck Münster–Osnabrück–Enschede. Mehr als 850 Mitarbeitende sowie rund 30 Auszubildende und dual Studierende sorgen täglich dafür, dass unsere Stadt funktioniert und sich weiterentwickelt.
Bei uns arbeitest du von Anfang an im Team mit und übernimmst schnell eigene Aufgaben – immer mit Unterstützung erfahrener Kolleginnen und Kollegen. Du bekommst Einblicke in verschiedene IT-Bereiche und arbeitest an Aufgaben, die direkt den Arbeitsalltag der Verwaltung betreffen. Außerdem gibt es regelmäßig Projekte und Veranstaltungen, bei denen du dich mit anderen Auszubildenden vernetzen kannst.
monatliche Vergütung (brutto) im ersten Ausbildungsjahr 1.368,26 € , im zweiten Ausbildungsjahr 1.418,20 € und im dritten
Ausbildungsjahr 1.464,02 € (Stand: 01.05.2026)
vermögenswirksame Leistungen auf Antrag sowie das Deutschlandticket
Jahressonderzahlung und eine Prämie bei erfolgreicher Abschlussprüfung",,,empty,sabine.ricken@rheine.de,https://karriere.rheine.de/r2nxz,https://karriere.rheine.de/r2nxz,https://karriere.rheine.de/r2nxz,externe,"Am einfachsten geht es über das Online-Bewerbungsportal über den Link https://karriere.rheine.de/r2nxz (https://karriere.rheine.de/r2nxz) . Weitere Informationen findest du unter https://www.rheine.de/ausbildung (https://www.rheine.de/ausbildung) . Bewerbungen schwerbehinderter Menschen sind ausdrücklich willkommen.
Wenn du Fragen hast, hilft dir gerne Herr Michael Staggenborg, Telefon 05971 939-234.
Stadt Rheine
Der Bürgermeister
Fachbereich Interner Service
Klosterstraße 14
48431 Rheine
Weitere Informationen
Stellenangebot auf externer Website ansehen
Kurzinfo
Berufsgruppe: IT und Telekommunikation
Ort: Rheine
Arbeitszeit: Vollzeit
Bewerbungsfrist: 14.06.2026
Laufbahn: Ausbildung
Kontakt: Frau Sabine Ricken
Telefon: +49 5971 939339
E-Mail: Nachricht schreiben
Berufsbeschreibung
Zum Berufsglossar
BERUFENET
Finde weitere Stellen
Dua­les Stu­di­um als Ver­wal­tungs­in­for­ma­ti­k­an­wär­ter/in (m/w/d)
Arbeitgeber
Regierung von Niederbayern
Arbeitsort
Landshut
Bewerbungsfrist
17.03.2027
Ex­per­tin / Ex­per­te für In­for­ma­ti­ons­ana­ly­se und mi­li­tä­ri­sche Si­cher­heit (m/w/d)
Arbeitgeber
Bundesamt für das Personalmanagement der Bundeswehr
Arbeitsort
Köln
Bewerbungsfrist
31.12.2026
Ex­per­tin / Ex­per­te In­for­ma­ti­ons­tech­nik (m/w/d)
Arbeitgeber
Bundesamt für das Personalmanagement der Bundeswehr
Arbeitsort
Köln
Bewerbungsfrist
31.12.2026
Weitere Stellen
Kooperation:
Wir haben für Dich auf dieser Seite Informationen unter anderem von www.service.bund.de zusammengestellt.
Seitenfunktionen und -informationen
Diese Seite
Seite drucken
Unternavigation aller Website-Bereiche
Service
Unsere Stellen
Azu­bi A-B-C
Häu­fi­ge Fra­gen
Finde Deinen Beruf
Be­rei­te Dich vor
Das sind wir
So bil­den wir aus
Diese Berufe gibt es
So geht's
Rich­tig be­wer­ben
Be­wer­ben oh­ne deut­schen Pass
Be­wer­ben oh­ne deut­schen Schul­ab­schluss
Be­rufs­ein­stieg
Wenn's schief geht
Seiteninformationen
© 2026 Bundesamt für Migration und Flüchtlinge
Im­pres­s­um
Da­ten­schutz
Bar­rie­re­frei­heit",,,wir_sind_bund_de,https://www.wir-sind-bund.de/ExternalContent/service-bund-de-WSB/cache/BUNDDE/IMPORTE/Stellenangebote/interamt/2026/05/1451727.html,False,,73,2026,8,2026-08-01,2026-06-13T14:45:13.858332+00:00
WSB-B7506216Y-2025-00009465-,wir_sind_bund_fi,Ausbildungswerkstatt Weener,,Leer,26789 Leer,"Ausbildung zur/ zum Fachinformatikerin / Fachinformatiker für Systemintegration (m/w/d) 2027

Arbeitgeber: Ausbildungswerkstatt Weener
Stelleninformationen
Unternehmen
Die Bundeswehr garantiert Sicherheit, Souveränität und außenpolitische Handlungsfähigkeit der Bundesrepublik Deutschland. Darüber hinaus schützt sie die Bürgerinnen und Bürger, unterstützt Verbündete und leistet Amtshilfe bei Naturkatastrophen und schweren Unglücksfällen im Inland. Hierbei unterliegt sie den Entscheidungen des Bundestages, dem deutschen Grundgesetz und dem Völkerrecht.
Stellenbeschreibung
Fachinformatikerinnen und Fachinformatiker (m/w/d) der Fachrichtung Systemintegration planen und konfigurieren IT-Systeme. Als Dienstleisterin und Dienstleister richten sie diese Systeme entsprechend den Kundenanforderungen ein und betreiben bzw. verwalten sie. Dazu gehört auch, dass sie bei auftretenden Störungen die Fehler systematisch und unter Einsatz von Experten- und Diagnosesystemen eingrenzen und beheben. Sie beraten bei Auswahl und Einsatz der Geräte, lösen Anwendungs- und Systemprobleme und erstellen Systemdokumentationen.
Qualifikationserfordernisse
Wir erwarten von Ihnen mindestens einen qualifizierten Abschluss der Haupt- oder Realschule (oder einen vergleichbaren Abschluss). Besonders wird der Fokus auf die Leistungen der Hauptfächer Deutsch und Mathematik sowie je nach Ausbildungsberuf auch in den naturwissenschaftlichen Fächern (z.B. Physik, Chemie und Biologie) bzw. in der ersten Fremdsprache gelegt.
sonstige Informationen
Bei der Bewerberauswahl wird Wert auf die fachliche, persönliche und charakterliche Eignung gelegt. Neben Interesse und Eignung für den gewählten Beruf sollten Sie Lernbereitschaft, Engagement und Konzentrationsfähigkeit mitbringen. Ebenso sind Teamgeist, Zuverlässigkeit und Verantwortungsbewusstsein Voraussetzung für eine vertrauensvolle Zusammenarbeit.
Bewerbungen von Frauen sind ausdrücklich erwünscht. Frauen werden bei gleicher Eignung, Befähigung und fachlicher Leistung in Bereichen, in denen sie unterrepräsentiert sind, bevorzugt berücksichtigt, sofern nicht in der Person eines Mitbewerbers liegende Gründe überwiegen.
Die Bewerbung behinderter Menschen ist ausdrücklich erwünscht. Schwerbehinderte Menschen und ihnen Gleichgestellte werden bei gleicher Eignung bevorzugt berücksichtigt. Von ihnen wird nur ein Mindestmaß an körperlicher Eignung verlangt. Individuelle behinderungsspezifische Einschränkungen verhindern eine bevorzugte Berücksichtigung nur bei zwingend nötigen Fähigkeitsmustern für den zu besetzenden Dienstposten.
Die Berufsausbildung ist grundsätzlich auch in Teilzeit möglich.
Im Anschluss an die Berufsausbildung wird bei entsprechender Leistung die Übernahme in ein Arbeitsverhältnis, Beamten- oder Soldatenverhältnis angestrebt.
Verdienst
Das Ausbildungsentgelt richtet sich nach dem Tarifvertrag für Auszubildende des öffentlichen
Dienstes (TVAöD) in der jeweils gültigen Fassung.
Das Ausbildungsentgelt beträgt nach derzeitigem Stand:
1. Ausbildungsjahr 1.218,26 €
2. Ausbildungsjahr 1.268,20 €
3. Ausbildungsjahr 1.314,02 €
Bewerbungsinformationen
Sie interessieren sich für eine Ausbildung bei uns? Dann bewerben Sie sich bitte nach einer einmaligen Registrierung online auf unserer Bewerbungsplattform.
Für eine vollständige Bewerbung benötigen wir folgende Unterlagen als Upload im Kandidatenprofil:
ein formloses Bewerbungsschreiben
einen tabellarischen Lebenslauf
eine Kopie des letzten Schulzeugnisses
eine Einverständniserklärung des Sorgeberechtigten, falls Sie noch nicht volljährig sind
und sofern vorhanden:
Kopien von Praktikumszeugnissen
Kopien weiterer Zeugnisse über Tätigkeiten seit der Schulentlassung
eine Kopie des Schwerbehindertenausweises oder des Bescheides über die Gleichstellung als schwerbehinderter Mensch ( per Post oder per Mail an BwDLZLeerAusbildung@Bundeswehr.org)
Ergänzende Informationen
BwDLZ Leer
Osseweg 31
26789 Leer (Ostfriesland)
Frau Meyer oder Frau Thieke
Tel: 0491 9195 5208 oder 5201","6 €, 0 €, 2 €",,Ausbildung zur/ zum Fachinformatikerin / Fachinformatiker für Systemintegration (m/w/d) 2027,si,,,,,empty,BwDLZLeerAusbildung@Bundeswehr.org,https://bewerbung.bundeswehr-karriere.de/erece/portal/index.html#/JobDetail/none/ThreeColumnsEndExpanded/FA163EC863931FE0B6E86F7D11590C6A/,https://bewerbung.bundeswehr-karriere.de/erece/portal/index.html#/JobDetail/none/ThreeColumnsEndExpanded/FA163EC863931FE0B6E86F7D11590C6A/,https://bewerbung.bundeswehr-karriere.de/erece/portal/index.html#/JobDetail/none/ThreeColumnsEndExpanded/FA163EC863931FE0B6E86F7D11590C6A/,externe,"Weitere Informationen
Stellenangebot auf externer Website ansehen
Kurzinfo
Berufsgruppe: Sonstige Bereiche
Ort: Weener
Arbeitszeit: Vollzeit
Bewerbungsfrist: 30.09.2026
Laufbahn: Ausbildung
Kontakt: Frau Christina Thieke
Berufsbeschreibung
Zum Berufsglossar
BERUFENET
Finde weitere Stellen
Aus­bil­dung zur/ zum Pfle­ge­fach­frau / Pfle­ge­fach­mann (m/w/d) 2027
Arbeitgeber
Bundeswehrkrankenhaus Westerstede
Arbeitsort
Westerstede
Bewerbungsfrist
31.01.2027
Aus­bil­dung zur/ zum Zahn­me­di­zi­ni­schen Fachan­ge­stell­ten (m/w/d) 2027
Arbeitgeber
Sanitätsversorgungszentrum Koblenz - Zahnarztgruppe Ast Rhein-Kaserne
Arbeitsort
Koblenz
Bewerbungsfrist
31.01.2027
Aus­bil­dung zur/ zum Me­di­zi­ni­schen Fachan­ge­stell­ten (m/w/d) 2027
Arbeitgeber
Sanitätsversorgungszentrum Rennerod
Arbeitsort
Rennerod
Bewerbungsfrist
31.01.2027
Weitere Stellen
Kooperation:
Wir haben für Dich auf dieser Seite Informationen unter anderem von www.service.bund.de zusammengestellt.
Seitenfunktionen und -informationen
Diese Seite
Seite drucken
Unternavigation aller Website-Bereiche
Service
Unsere Stellen
Azu­bi A-B-C
Häu­fi­ge Fra­gen
Finde Deinen Beruf
Be­rei­te Dich vor
Das sind wir
So bil­den wir aus
Diese Berufe gibt es
So geht's
Rich­tig be­wer­ben
Be­wer­ben oh­ne deut­schen Pass
Be­wer­ben oh­ne deut­schen Schul­ab­schluss
Be­rufs­ein­stieg
Wenn's schief geht
Seiteninformationen
© 2026 Bundesamt für Migration und Flüchtlinge
Im­pres­s­um
Da­ten­schutz
Bar­rie­re­frei­heit",,,wir_sind_bund_de,https://www.wir-sind-bund.de/ExternalContent/service-bund-de-WSB/cache/BUNDDE/IMPORTE/Stellenangebote/bundeswehr/2025/12/B7506216Y-2025-00009465-B.html,False,,60,,,,2026-06-13T14:44:07.213799+00:00
WSB-c054b4bb-70b,wir_sind_bund_fi,Stadt Rheine,,,,"Ausbildung zum/zur Fachinformatiker/-in (m/w/d) für Systemintegration (2027)

Arbeitgeber: Stadt Rheine
Starte deine Zukunft bei der Stadt Rheine!
Ausbildung zum/zur Fachinformatiker/-in Systemintegration (m/w/d)
Beginn: 01.08.2027
Du interessierst dich für IT-Systeme und möchtest verstehen, wie digitale Infrastruktur im Hintergrund funktioniert? Dann starte deine Ausbildung bei der Stadtverwaltung Rheine.
Als Fachinformatiker/-in für Systemintegration sorgst du dafür, dass die IT in der Verwaltung zuverlässig funktioniert. Du richtest Systeme ein, betreust die IT-Infrastruktur und unterstützt dabei, Anwendungen im Arbeitsalltag sinnvoll einzusetzen. Außerdem hilfst du Kolleginnen und Kollegen bei technischen Fragen und sorgst dafür, dass sie sicher und effizient mit den Systemen arbeiten können.

Das erwartet dich in der Ausbildung:
eine dreijährige Ausbildung mit Fachpraxis in der EDV-Abteilung der Stadtverwaltung Rheine und Berufsschulunterricht an den kaufmännischen Schulen Tecklenburger Land in Ibbenbüren
Berufsschulunterricht in den ersten beiden Ausbildungsjahren an zwei Tagen in der Woche, im dritten Jahr einmal wöchentlich

Das solltest du mitbringen:
Fachoberschulreife (bei Ausbildungsbeginn)
Du arbeitest gerne im Team, bist zuverlässig und gehst Aufgaben strukturiert und gewissenhaft an.
Du hast Interesse an IT und digitalen Prozessen in der öffentlichen Verwaltung.
Du analysierst gerne Probleme, denkst dich in komplexe Zusammenhänge ein und triffst überlegte Entscheidungen.
Du hast Interesse daran, digitale Abläufe in der Verwaltung aktiv mitzugestalten.
Klingt nach dir? Dann bewirb dich!
Ende der Bewerbungsfrist: 31. Juli 2026

Warum wir - und warum du bei uns gut aufgehoben bist:
Mit rund 80.000 Einwohnerinnen und Einwohnern ist Rheine eine lebendige Stadt im Städtedreieck Münster–Osnabrück–Enschede. Mehr als 850 Mitarbeitende sowie rund 30 Auszubildende und dual Studierende sorgen täglich dafür, dass unsere Stadt funktioniert und sich weiterentwickelt.
Bei uns arbeitest du von Anfang an im Team mit und übernimmst schnell eigene Aufgaben – immer mit Unterstützung erfahrener Kolleginnen und Kollegen. Du bekommst Einblicke in verschiedene IT-Bereiche und arbeitest an Aufgaben, die direkt den Arbeitsalltag der Verwaltung betreffen. Außerdem gibt es regelmäßig Projekte und Veranstaltungen, bei denen du dich mit anderen Auszubildenden vernetzen kannst.
monatliche Vergütung (brutto) im ersten Ausbildungsjahr 1.368,26 €, im zweiten Ausbildungsjahr 1.418,20 € und im dritten Ausbildungsjahr 1.464,02 € (Stand: 01.05.2026)
vermögenswirksame Leistungen auf Antrag sowie das Deutschlandticket
Jahressonderzahlung und eine Prämie bei erfolgreicher Abschlussprüfung","6 €, 0 €, 2 €","Das solltest du mitbringen:
Fachoberschulreife (bei Ausbildungsbeginn)
Du arbeitest gerne im Team, bist zuverlässig und gehst Aufgaben strukturiert und gewissenhaft an.
Du hast Interesse an IT und digitalen Prozessen in der öffentlichen Verwaltung.
Du analysierst gerne Probleme, denkst dich in komplexe Zusammenhänge ein und triffst überlegte Entscheidungen.
Du hast Interesse daran, digitale Abläufe in der Verwaltung aktiv mitzugestalten.
Klingt nach dir? Dann bewirb dich!
Ende der Bewerbungsfrist: 31. Juli 2026",Ausbildung zum/zur Fachinformatiker/-in (m/w/d) für Systemintegration (2027),si,,"Warum wir - und warum du bei uns gut aufgehoben bist:
Mit rund 80.000 Einwohnerinnen und Einwohnern ist Rheine eine lebendige Stadt im Städtedreieck Münster–Osnabrück–Enschede. Mehr als 850 Mitarbeitende sowie rund 30 Auszubildende und dual Studierende sorgen täglich dafür, dass unsere Stadt funktioniert und sich weiterentwickelt.
Bei uns arbeitest du von Anfang an im Team mit und übernimmst schnell eigene Aufgaben – immer mit Unterstützung erfahrener Kolleginnen und Kollegen. Du bekommst Einblicke in verschiedene IT-Bereiche und arbeitest an Aufgaben, die direkt den Arbeitsalltag der Verwaltung betreffen. Außerdem gibt es regelmäßig Projekte und Veranstaltungen, bei denen du dich mit anderen Auszubildenden vernetzen kannst.
monatliche Vergütung (brutto) im ersten Ausbildungsjahr 1.368,26 €, im zweiten Ausbildungsjahr 1.418,20 € und im dritten Ausbildungsjahr 1.464,02 € (Stand: 01.05.2026)
vermögenswirksame Leistungen auf Antrag sowie das Deutschlandticket
Jahressonderzahlung und eine Prämie bei erfolgreicher Abschlussprüfung",,,empty,,https://karriere.rheine.de/v8n1o,https://karriere.rheine.de/v8n1o,https://karriere.rheine.de/v8n1o,externe,"Am einfachsten geht es über das Online-Bewerbungsportal über den Link https://karriere.rheine.de/v8n1o. Weitere Informationen findest du unter https://www.rheine.de/ausbildung. Bewerbungen schwerbehinderter Menschen sind ausdrücklich willkommen.
Stadt RheineDer BürgermeisterFachbereich Interner ServiceKlosterstraße 1448431 Rheine
Weitere Informationen
Stellenangebot auf externer Website ansehen
Kurzinfo
Berufsgruppe: IT und Telekommunikation
Ort: Rheine
Arbeitszeit: Vollzeit
Bewerbungsfrist: 31.07.2026
Laufbahn: Ausbildung
Kontakt: Frau Miethe
Telefon: 05971939271
Berufsbeschreibung
Zum Berufsglossar
BERUFENET
Finde weitere Stellen
Dua­les Stu­di­um als Ver­wal­tungs­in­for­ma­ti­k­an­wär­ter/in (m/w/d)
Arbeitgeber
Regierung von Niederbayern
Arbeitsort
Landshut
Bewerbungsfrist
17.03.2027
Ex­per­tin / Ex­per­te für In­for­ma­ti­ons­ana­ly­se und mi­li­tä­ri­sche Si­cher­heit (m/w/d)
Arbeitgeber
Bundesamt für das Personalmanagement der Bundeswehr
Arbeitsort
Köln
Bewerbungsfrist
31.12.2026
Ex­per­tin / Ex­per­te In­for­ma­ti­ons­tech­nik (m/w/d)
Arbeitgeber
Bundesamt für das Personalmanagement der Bundeswehr
Arbeitsort
Köln
Bewerbungsfrist
31.12.2026
Weitere Stellen
Kooperation:
Wir haben für Dich auf dieser Seite Informationen unter anderem von www.service.bund.de zusammengestellt.
Seitenfunktionen und -informationen
Diese Seite
Seite drucken
Unternavigation aller Website-Bereiche
Service
Unsere Stellen
Azu­bi A-B-C
Häu­fi­ge Fra­gen
Finde Deinen Beruf
Be­rei­te Dich vor
Das sind wir
So bil­den wir aus
Diese Berufe gibt es
So geht's
Rich­tig be­wer­ben
Be­wer­ben oh­ne deut­schen Pass
Be­wer­ben oh­ne deut­schen Schul­ab­schluss
Be­rufs­ein­stieg
Wenn's schief geht
Seiteninformationen
© 2026 Bundesamt für Migration und Flüchtlinge
Im­pres­s­um
Da­ten­schutz
Bar­rie­re­frei­heit",,,wir_sind_bund_de,https://www.wir-sind-bund.de/ExternalContent/service-bund-de-WSB/cache/BUNDDE/IMPORTE/Stellenangebote/stellenmarkt_nrw/2026/05/c054b4bb-70b2-4f53-95a4-3d854bdf5c6f.html,False,,53,2027,8,2027-08-01,2026-06-13T14:45:27.889107+00:00
WSB-de1060c1-408,wir_sind_bund_fi,Stadt Rheine,,,,"Ausbildung zum/zur Fachinformatiker/-in (m/w/d) für Systemintegration, Beginn: 01.08.2026

Arbeitgeber: Stadt Rheine
Starte deine Zukunft bei der Stadt Rheine!
Ausbildung zum/zur Fachinformatiker/-in Systemintegration (m/w/d)
Beginn: 1. August 2026
Du interessierst dich für IT-Systeme und möchtest verstehen, wie digitale Infrastruktur im Hintergrund funktioniert? Dann starte deine Ausbildung bei der Stadtverwaltung Rheine.
Als Fachinformatiker/-in für Systemintegration sorgst du dafür, dass die IT in der Verwaltung zuverlässig funktioniert. Du richtest Systeme ein, betreust die IT-Infrastruktur und unterstützt dabei, Anwendungen im Arbeitsalltag sinnvoll einzusetzen. Außerdem hilfst du Kolleginnen und Kollegen bei technischen Fragen und sorgst dafür, dass sie sicher und effizient mit den Systemen arbeiten können.

Das erwartet dich in der Ausbildung:
eine dreijährige Ausbildung mit Fachpraxis in der EDV-Abteilung der Stadtverwaltung Rheine und Berufsschulunterricht an den kaufmännischen Schulen Tecklenburger Land in Ibbenbüren
Berufsschulunterricht in den ersten beiden Ausbildungsjahren an zwei Tagen in der Woche, im dritten Jahr einmal wöchentlich

Das solltest du mitbringen:
Fachoberschulreife (bei Ausbildungsbeginn)
Du arbeitest gerne im Team, bist zuverlässig und gehst Aufgaben strukturiert und gewissenhaft an.
Du hast Interesse an IT und digitalen Prozessen in der öffentlichen Verwaltung.
Du analysierst gerne Probleme, denkst dich in komplexe Zusammenhänge ein und triffst überlegte Entscheidungen.
Du hast Interesse daran, digitale Abläufe in der Verwaltung aktiv mitzugestalten.
Klingt nach dir? Dann bewirb dich!
Ende der Bewerbungsfrist: 14. Juni 2026

Warum wir - und warum du bei uns gut aufgehoben bist:
Mit rund 80.000 Einwohnerinnen und Einwohnern ist Rheine eine lebendige Stadt im Städtedreieck Münster–Osnabrück–Enschede. Mehr als 850 Mitarbeitende sowie rund 30 Auszubildende und dual Studierende sorgen täglich dafür, dass unsere Stadt funktioniert und sich weiterentwickelt.
Bei uns arbeitest du von Anfang an im Team mit und übernimmst schnell eigene Aufgaben – immer mit Unterstützung erfahrener Kolleginnen und Kollegen. Du bekommst Einblicke in verschiedene IT-Bereiche und arbeitest an Aufgaben, die direkt den Arbeitsalltag der Verwaltung betreffen. Außerdem gibt es regelmäßig Projekte und Veranstaltungen, bei denen du dich mit anderen Auszubildenden vernetzen kannst.
monatliche Vergütung (brutto) im ersten Ausbildungsjahr 1.368,26 €, im zweiten Ausbildungsjahr 1.418,20 € und im dritten Ausbildungsjahr 1.464,02 € (Stand: 01.05.2026)
vermögenswirksame Leistungen auf Antrag sowie das Deutschlandticket
Jahressonderzahlung und eine Prämie bei erfolgreicher Abschlussprüfung","6 €, 0 €, 2 €","Das solltest du mitbringen:
Fachoberschulreife (bei Ausbildungsbeginn)
Du arbeitest gerne im Team, bist zuverlässig und gehst Aufgaben strukturiert und gewissenhaft an.
Du hast Interesse an IT und digitalen Prozessen in der öffentlichen Verwaltung.
Du analysierst gerne Probleme, denkst dich in komplexe Zusammenhänge ein und triffst überlegte Entscheidungen.
Du hast Interesse daran, digitale Abläufe in der Verwaltung aktiv mitzugestalten.
Klingt nach dir? Dann bewirb dich!
Ende der Bewerbungsfrist: 14. Juni 2026","Ausbildung zum/zur Fachinformatiker/-in (m/w/d) für Systemintegration, Beginn: 01.08.2026",si,,"Warum wir - und warum du bei uns gut aufgehoben bist:
Mit rund 80.000 Einwohnerinnen und Einwohnern ist Rheine eine lebendige Stadt im Städtedreieck Münster–Osnabrück–Enschede. Mehr als 850 Mitarbeitende sowie rund 30 Auszubildende und dual Studierende sorgen täglich dafür, dass unsere Stadt funktioniert und sich weiterentwickelt.
Bei uns arbeitest du von Anfang an im Team mit und übernimmst schnell eigene Aufgaben – immer mit Unterstützung erfahrener Kolleginnen und Kollegen. Du bekommst Einblicke in verschiedene IT-Bereiche und arbeitest an Aufgaben, die direkt den Arbeitsalltag der Verwaltung betreffen. Außerdem gibt es regelmäßig Projekte und Veranstaltungen, bei denen du dich mit anderen Auszubildenden vernetzen kannst.
monatliche Vergütung (brutto) im ersten Ausbildungsjahr 1.368,26 €, im zweiten Ausbildungsjahr 1.418,20 € und im dritten Ausbildungsjahr 1.464,02 € (Stand: 01.05.2026)
vermögenswirksame Leistungen auf Antrag sowie das Deutschlandticket
Jahressonderzahlung und eine Prämie bei erfolgreicher Abschlussprüfung",,,empty,,https://karriere.rheine.de/r2nxz,https://karriere.rheine.de/r2nxz,https://karriere.rheine.de/r2nxz,externe,"Am einfachsten geht es über das Online-Bewerbungsportal über den Link https://karriere.rheine.de/r2nxz. Weitere Informationen findest du unter https://www.rheine.de/ausbildung. Bewerbungen schwerbehinderter Menschen sind ausdrücklich willkommen.
Stadt RheineDer BürgermeisterFachbereich Interner ServiceKlosterstraße 1448431 Rheine
Weitere Informationen
Stellenangebot auf externer Website ansehen
Kurzinfo
Berufsgruppe: IT und Telekommunikation
Ort: Rheine
Arbeitszeit: Vollzeit
Bewerbungsfrist: 14.06.2026
Laufbahn: Ausbildung
Kontakt: Frau Ricken
Telefon: 05971939339
Berufsbeschreibung
Zum Berufsglossar
BERUFENET
Finde weitere Stellen
Dua­les Stu­di­um als Ver­wal­tungs­in­for­ma­ti­k­an­wär­ter/in (m/w/d)
Arbeitgeber
Regierung von Niederbayern
Arbeitsort
Landshut
Bewerbungsfrist
17.03.2027
Ex­per­tin / Ex­per­te für In­for­ma­ti­ons­ana­ly­se und mi­li­tä­ri­sche Si­cher­heit (m/w/d)
Arbeitgeber
Bundesamt für das Personalmanagement der Bundeswehr
Arbeitsort
Köln
Bewerbungsfrist
31.12.2026
Ex­per­tin / Ex­per­te In­for­ma­ti­ons­tech­nik (m/w/d)
Arbeitgeber
Bundesamt für das Personalmanagement der Bundeswehr
Arbeitsort
Köln
Bewerbungsfrist
31.12.2026
Weitere Stellen
Kooperation:
Wir haben für Dich auf dieser Seite Informationen unter anderem von www.service.bund.de zusammengestellt.
Seitenfunktionen und -informationen
Diese Seite
Seite drucken
Unternavigation aller Website-Bereiche
Service
Unsere Stellen
Azu­bi A-B-C
Häu­fi­ge Fra­gen
Finde Deinen Beruf
Be­rei­te Dich vor
Das sind wir
So bil­den wir aus
Diese Berufe gibt es
So geht's
Rich­tig be­wer­ben
Be­wer­ben oh­ne deut­schen Pass
Be­wer­ben oh­ne deut­schen Schul­ab­schluss
Be­rufs­ein­stieg
Wenn's schief geht
Seiteninformationen
© 2026 Bundesamt für Migration und Flüchtlinge
Im­pres­s­um
Da­ten­schutz
Bar­rie­re­frei­heit",,,wir_sind_bund_de,https://www.wir-sind-bund.de/ExternalContent/service-bund-de-WSB/cache/BUNDDE/IMPORTE/Stellenangebote/stellenmarkt_nrw/2026/05/de1060c1-4087-435c-9ff0-990253645f43.html,False,,53,2026,8,2026-08-01,2026-06-13T14:45:31.356351+00:00
WSB-2192850,wir_sind_bund_fi,WSA-Elbe-Nordsee,,Aurich,26603 Aurich,"Ausbildungsort ist Hamburg.

Arbeitgeber: WSA-Elbe-Nordsee
Einleitung
Die Wasserstraßen- und Schifffahrtsverwaltung des Bundes ist die größte Arbeitgeberin im Geschäftsbereich des Bundesministeriums für Verkehr (BMV).
In unseren Behörden arbeiten deutschlandweit engagierte Menschen für lebendige Wasserstraßen.
Wir verknüpfen Verkehrsmanagement, Ökologie und Ökonomie mit moderner Technik, um die vielfältigen Funktionen von Wasserstraßen und Schifffahrt für die Daseinsvorsorge und zur Stärkung des Wirtschaftsstandorts Deutschland im Einklang mit den natürlichen Lebensgrundlagen zu erhalten und nachhaltig zu verbessern. Kommen Sie zu uns! Gestalten Sie unsere Aufgaben und Ziele aktiv mit!
Stellenangebot_DALText_WSAElbeNordsee ist Teil eines 357.582 km² großen Karrierenetzwerks bestehend aus über 40 Behörden mit rund 24.000 Beschäftigten. Mehr unter www.damit-alles-läuft.de.
Kurztext
Das Wasserstraßen- und Schifffahrtsamt Elbe-Nordsee sucht zum 01.08.2026 eine/einen
Auszubildende zur Fachinformatikerin / Auszubildenden zum Fachinformatiker (m/w/d) Fachrichtung Systemintegration
Ausbildungsort ist Hamburg.
Referenzcode der Ausschreibung 20260893_0002
Dafür brauchen wir Sie
Fachinformatiker/innen der Fachrichtung Systemintegration planen und realisieren Informations- und Kommunikationslösungen. Sie vernetzen Hard- und Software zu komplexen Systemen, sowie beraten und schulen die Nutzer von Computern.
Ausbildungsschwerpunkte:
Integration von Hard- und Softwarekomponenten
Installieren, Konfigurieren und Administrieren vernetzter Systeme der Informations- und Telekommunikationstechnik
Entwickeln, Erstellen und Betreuen von IT-Lösungen
Informieren und beraten von Benutzerinnen und Benutzern
Planen, Vorbereiten und Durchführen von Arbeitsaufgaben in Abstimmung mit den kundenspezifischen Geschäfts- und Leistungsprozessen
Durchführen und Dokumentieren von qualitätssichernden Maßnahmen
Auswahl und Beschaffung geeigneter Hard- und Software
Anforderungsprofil
Das sollten Sie unbedingt mitbringen:
Guter MSA (Mittlerer Schulabschluss)
Gutes mündliches und schriftliches Ausdrucksvermögen in Deutsch (B2)
Das zeichnet Sie aus:
Gute Noten in den Fächern Deutsch, Englisch, Mathematik
Gute Auffassungsgabe und hohes Maß an Eigeninitiative
Zuverlässigkeit, Sorgfalt und Genauigkeit
Gutes schriftliches und mündliches Ausdrucksvermögen
Teamfähigkeit und Flexibilität
Das bieten wir Ihnen

Eine attraktive Ausbildungsvergütung sowie zusätzliche finanzielle Leistungen:
1. Ausbildungsjahr: 1.368,26 €
2. Ausbildungsjahr: 1.418,20 €
3. Ausbildungsjahr: 1.464,02 €
Lernmittelzuschuss in Höhe von z. Zt. 50,00 €/Ausbildungsjahr
Zahlung eines Zuschusses zum Job-/Deutschlandticket von derzeit 23,28 Euro monatlich
Vermögenswirksame Leistung unterstützt der Arbeitgeber mit derzeit 13,29 €/Monat
Jahressonderzahlung (umgangssprachlich Weihnachtsgeld) in Höhe von 90 % des Ausbildungsentgeltes im November
Ein erfolgreicher Abschluss der Berufsausbildung bei der ersten Prüfung wird mit einer Prämie (z.Zt. 400,00 €) belohnt
Für die Beschaffung eines Tablets wird ein Zuschuss von bis zu 500€ gewährt
Geregelte Arbeitszeiten (derzeit 39 Std. wöchentlich)
30 Tage Erholungsurlaub im Kalenderjahr
Eine qualitativ sehr hochwertige Ausbildung bei sehr engagierten Ausbildern
Besondere Hinweise
Der Berufsschulunterricht findet in Hamburg statt.
Grundsätzlich besteht die Möglichkeit, die Ausbildung in Teilzeit durchzuführen.
Bewerbungen von Frauen sind ausdrücklich erwünscht. Bei gleicher Qualifikation werden Frauen nach Maßgabe des § 8 BGleiG bevorzugt berücksichtigt.
Schwerbehinderte Menschen werden bei gleicher fachlicher Eignung bevorzugt eingestellt.
Es wird nur ein Mindestmaß an körperlicher Eignung verlangt.
Wir begrüßen die Bewerbung von Menschen aller Nationalitäten.
Die Auswahl erfolgt durch eine Kommission.
Fühlen Sie sich angesprochen?
Dann bewerben Sie sich bitte bis zum 23.06.2026 über das Elektronische Bewerbungsverfahren (EBV) auf der Einstiegsseite: http://www.bav.bund.de/Einstieg-EBV
Wählen Sie dort „Bewerbung mittels Referenzcode“ aus und geben Sie bitte im Verlauf Ihrer Bewerbung den Referenzcode 20260893_0002 ein. Die Benutzerdokumentation finden Sie über den o. g. Link.
Bitte laden Sie im weiteren Verlauf Ihre vollständigen Bewerbungsunterlagen (Lebenslauf, Schulabschlusszeugnis- sofern vorhanden bzw. letztes Schulzeugnis und soweit vorhanden Praktikumsbescheinigungen) als Anlage in Ihr Kandidatenprofil hoch.","6 €, 0 €, 2 €",,Ausbildungsort ist Hamburg.,si,,"Eine attraktive Ausbildungsvergütung sowie zusätzliche finanzielle Leistungen:
1. Ausbildungsjahr: 1.368,26 €
2. Ausbildungsjahr: 1.418,20 €
3. Ausbildungsjahr: 1.464,02 €
Lernmittelzuschuss in Höhe von z. Zt. 50,00 €/Ausbildungsjahr
Zahlung eines Zuschusses zum Job-/Deutschlandticket von derzeit 23,28 Euro monatlich
Vermögenswirksame Leistung unterstützt der Arbeitgeber mit derzeit 13,29 €/Monat
Jahressonderzahlung (umgangssprachlich Weihnachtsgeld) in Höhe von 90 % des Ausbildungsentgeltes im November
Ein erfolgreicher Abschluss der Berufsausbildung bei der ersten Prüfung wird mit einer Prämie (z.Zt. 400,00 €) belohnt
Für die Beschaffung eines Tablets wird ein Zuschuss von bis zu 500€ gewährt
Geregelte Arbeitszeiten (derzeit 39 Std. wöchentlich)
30 Tage Erholungsurlaub im Kalenderjahr
Eine qualitativ sehr hochwertige Ausbildung bei sehr engagierten Ausbildern
Besondere Hinweise
Der Berufsschulunterricht findet in Hamburg statt.
Grundsätzlich besteht die Möglichkeit, die Ausbildung in Teilzeit durchzuführen.
Bewerbungen von Frauen sind ausdrücklich erwünscht. Bei gleicher Qualifikation werden Frauen nach Maßgabe des § 8 BGleiG bevorzugt berücksichtigt.
Schwerbehinderte Menschen werden bei gleicher fachlicher Eignung bevorzugt eingestellt.
Es wird nur ein Mindestmaß an körperlicher Eignung verlangt.
Wir begrüßen die Bewerbung von Menschen aller Nationalitäten.
Die Auswahl erfolgt durch eine Kommission.
Fühlen Sie sich angesprochen?
Dann bewerben Sie sich bitte bis zum 23.06.2026 über das Elektronische Bewerbungsverfahren (EBV) auf der Einstiegsseite: http://www.bav.bund.de/Einstieg-EBV
Wählen Sie dort „Bewerbung mittels Referenzcode“ aus und geben Sie bitte im Verlauf Ihrer Bewerbung den Referenzcode 20260893_0002 ein. Die Benutzerdokumentation finden Sie über den o. g. Link.
Bitte laden Sie im weiteren Verlauf Ihre vollständigen Bewerbungsunterlagen (Lebenslauf, Schulabschlusszeugnis- sofern vorhanden bzw. letztes Schulzeugnis und soweit vorhanden Praktikumsbescheinigungen) als Anlage in Ihr Kandidatenprofil hoch.",,,empty,,,,,none,"Bei ausländischen Bildungsabschlüssen bitten wir um Übersendung entsprechender Nachweise über die Gleichwertigkeit mit einem deutschen Abschluss. Weitere Informationen entnehmen Sie bitte der Internetseite der Zentrale für ausländisches Bildungswesen (ZAB) unter http://www.kmk.org/zab
Für Fragen im Zusammenhang mit dem Elektronischen Bewerbungsverfahren steht Ihnen die Bundesanstalt für Verwaltungsdienstleistungen unter der Rufnummer 04941 602-240 zur Verfügung.
Sie können sich auch per Post unter „Bundesanstalt für Verwaltungsdienstleistungen, Schloßplatz 9, 26603 Aurich“ bewerben.
(DO:8031) (BG:2)
Weitere Informationen
Stellenangebot auf externer Website ansehen
Kurzinfo
Berufsgruppe: Technische Verwaltung
Ort: Hamburg
Arbeitszeit: Vollzeit
Bewerbungsfrist: 23.06.2026
Laufbahn: Ausbildung
Kontakt: Für weitere fachliche Auskünfte zum Ausbildungsangebot steht Ihnen beim Wasserstraßen- und Schifffahrtsamt Elbe-Nordsee Frau Klassen (Tel. 0228 70-913156) und für tarifliche Fragen Frau Böhm (0228 70-913113) zur Verfügung.
Berufsbeschreibung
Zum Berufsglossar
BERUFENET
Finde weitere Stellen
Dua­les Stu­di­um Ver­wal­tungs­in­for­ma­tik zum Be­am­ten (w/m/d)
Arbeitgeber
Landesamt für Digitalisierung, Breitband und Vermessung (LDBV)
Arbeitsort
München
Bewerbungsfrist
30.04.2027
Aus­bil­dung Stadt­bad | Fachan­ge­stell­te für Bä­der­be­trie­be (m/w/d) | ab Sep­tem­ber 2027
Arbeitgeber
Stadt Hilpoltstein
Arbeitsort
Hilpoltstein
Bewerbungsfrist
18.03.2027
Aus­bil­dung als Stra­ßen­wär­te­rin
Arbeitgeber
Landkreis Esslingen
Arbeitsort
Esslingen am Neckar
Bewerbungsfrist
30.11.2026
Weitere Stellen
Kooperation:
Wir haben für Dich auf dieser Seite Informationen unter anderem von www.service.bund.de zusammengestellt.
Seitenfunktionen und -informationen
Diese Seite
Seite drucken
Unternavigation aller Website-Bereiche
Service
Unsere Stellen
Azu­bi A-B-C
Häu­fi­ge Fra­gen
Finde Deinen Beruf
Be­rei­te Dich vor
Das sind wir
So bil­den wir aus
Diese Berufe gibt es
So geht's
Rich­tig be­wer­ben
Be­wer­ben oh­ne deut­schen Pass
Be­wer­ben oh­ne deut­schen Schul­ab­schluss
Be­rufs­ein­stieg
Wenn's schief geht
Seiteninformationen
© 2026 Bundesamt für Migration und Flüchtlinge
Im­pres­s­um
Da­ten­schutz
Bar­rie­re­frei­heit",,,wir_sind_bund_de,https://www.wir-sind-bund.de/ExternalContent/service-bund-de-WSB/cache/BUNDDE/IMPORTE/Stellenangebote/dwd/2026/05/2192850.html,False,,53,2026,8,2026-08-01,2026-06-13T14:44:24.834362+00:00
WSB-1440211,wir_sind_bund_fi,Stadt Koblenz,,Koblenz,56015 Koblenz,"Ausbildung 2027 zum Fachinformatiker (w/m/d) Systemintegration

Arbeitgeber: Stadt Koblenz

Deine Aufgaben
Anwendung von Programmierlogik und Programmiermethoden
Installation von PCs
Kundenberatung
Fehler analysieren und beheben
Unterscheidung von Betriebssystemen und Anwendungsbereichen
Erstellung von Testkonzepten und Testplänen
Entwerfen von Datenmodellen
Anwendung von geeigneten Programmiersprachen
Auswahl und Beschaffung von Soft- und Hardware
Das bringst Du mit
Lust das Team #Großstädtchenliebe mit neuen Ideen zu bereichern und deine Ausbildung #Unvergesslich zu machen
Interesse an Computersystemen
Spaß an Kommunikation: Du kannst dich super mündlich sowie schriftlich ausdrücken
Serviceorientierung: Dienstleistung liegt dir im Blut
Hohe Leistungsfähigkeit, Teamfähigkeit und Flexibilität
PC-Kenntnisse
Logisches Denkvermögen
Deutschkenntnisse auf dem Niveau C1

Wir bieten eine
Ausbildung 2027 zum Fachinformatiker (w/m/d) Systemintegration
Vergütung
1. Ausbildungsjahr 1.368,26 €
2. Ausbildungsjahr 1.418,20 €
3. Ausbildungsjahr 1.464,02 €
Einsatzbereich
Eigenbetrieb Kommunales Gebietsrechenzentrum
Beschäftigungsumfang
Vollzeit
Befristung
befristet
Einstellung zum
01.08.2027
Bewerbungsfrist
31.08.2026
Qualifikation
Sekundarabschluss I
Wir bieten Dir
Flexible Arbeitszeiten
31 Tage Jahresurlaub (5-Tage Woche)
Abwechslung während der Ausbildung: Einblicke in unsere vielfältigen Ämter und Aufgaben
Während deiner Ausbildungszeit hast du immer eine Ansprechperson an deiner Seite
Workshops und individuelle Möglichkeiten zur Weiterentwicklung
Überdurchschnittliche Vergütung nach dem TVAöD
Lernmittelzuschuss i.H.v. 50 € für jedes Ausbildungsjahr nach dem TVAöD
400 € Abschlussprämie nach dem TVAöD
Jahressonderzahlung nach dem TVAöD
Vermögenswirksame Leistungen nach dem TVAöD
Aktive Gesundheitsförderung durch unser modernes Gesundheitsmanagement
Bezuschusstes (Deutschland) Jobticket sowie steuerfreier Fahrtkostenzuschuss für den ÖPNV - 10 € Eigenanteil im Monat
Corporate Benefits (Vorteilsportal bei vielen attraktiven Anbietern)
Rabatte bei verschiedenen Koblenzer Fittnessstudios
Mitarbeiterevents: Betriebsfest, Betriebsausflug und weitere #Unvergessliche Veranstaltungen wie den B2Run-Lauf
Stadteigenes KiTa-Plätze-Kontingent und Kinderferienbetreuung
Die Ausbildung dauert 3 Jahre und wird im Rahmen einer dualen Ausbildung durchgeführt. Die theoretische Ausbildung findet an der Berufsbildenden Schule Technik - Carl-Benz-Schule in Koblenz statt.
--> Weitere detaillierte Informationen zur Ausbildung findest du unter www.ausbildung.koblenz.de.
Wir freuen uns über Bewerbungen aller qualifizierten Personen, unabhängig von Geschlecht, Herkunft, Alter, Behinderung oder sexueller Orientierung. Bewerbungen von schwerbehinderten Menschen sind ausdrücklich erwünscht.
Stadtverwaltung Koblenz
Amt für Personal und Organisation
Postfach 20 15 51, 56015 Koblenz","6 €, 0 €, 2 €",,Ausbildung 2027 zum Fachinformatiker (w/m/d) Systemintegration,si,,"Wir bieten eine
Ausbildung 2027 zum Fachinformatiker (w/m/d) Systemintegration
Vergütung
1. Ausbildungsjahr 1.368,26 €
2. Ausbildungsjahr 1.418,20 €
3. Ausbildungsjahr 1.464,02 €
Einsatzbereich
Eigenbetrieb Kommunales Gebietsrechenzentrum
Beschäftigungsumfang
Vollzeit
Befristung
befristet
Einstellung zum
01.08.2027
Bewerbungsfrist
31.08.2026
Qualifikation
Sekundarabschluss I
Wir bieten Dir
Flexible Arbeitszeiten
31 Tage Jahresurlaub (5-Tage Woche)
Abwechslung während der Ausbildung: Einblicke in unsere vielfältigen Ämter und Aufgaben
Während deiner Ausbildungszeit hast du immer eine Ansprechperson an deiner Seite
Workshops und individuelle Möglichkeiten zur Weiterentwicklung
Überdurchschnittliche Vergütung nach dem TVAöD
Lernmittelzuschuss i.H.v. 50 € für jedes Ausbildungsjahr nach dem TVAöD
400 € Abschlussprämie nach dem TVAöD
Jahressonderzahlung nach dem TVAöD
Vermögenswirksame Leistungen nach dem TVAöD
Aktive Gesundheitsförderung durch unser modernes Gesundheitsmanagement
Bezuschusstes (Deutschland) Jobticket sowie steuerfreier Fahrtkostenzuschuss für den ÖPNV - 10 € Eigenanteil im Monat
Corporate Benefits (Vorteilsportal bei vielen attraktiven Anbietern)
Rabatte bei verschiedenen Koblenzer Fittnessstudios
Mitarbeiterevents: Betriebsfest, Betriebsausflug und weitere #Unvergessliche Veranstaltungen wie den B2Run-Lauf
Stadteigenes KiTa-Plätze-Kontingent und Kinderferienbetreuung
Die Ausbildung dauert 3 Jahre und wird im Rahmen einer dualen Ausbildung durchgeführt. Die theoretische Ausbildung findet an der Berufsbildenden Schule Technik - Carl-Benz-Schule in Koblenz statt.
--> Weitere detaillierte Informationen zur Ausbildung findest du unter www.ausbildung.koblenz.de.
Wir freuen uns über Bewerbungen aller qualifizierten Personen, unabhängig von Geschlecht, Herkunft, Alter, Behinderung oder sexueller Orientierung. Bewerbungen von schwerbehinderten Menschen sind ausdrücklich erwünscht.
Stadtverwaltung Koblenz
Amt für Personal und Organisation
Postfach 20 15 51, 56015 Koblenz",,,empty,,,,,none,"Weitere Informationen
Stellenangebot auf externer Website ansehen
Kurzinfo
Berufsgruppe: IT und Telekommunikation
Ort: Koblenz
Arbeitszeit: Vollzeit
Bewerbungsfrist: 31.08.2026
Laufbahn: Ausbildung
Kontakt: Frau Nicole Neubusch
Berufsbeschreibung
Zum Berufsglossar
BERUFENET
Finde weitere Stellen
Dua­les Stu­di­um als Ver­wal­tungs­in­for­ma­ti­k­an­wär­ter/in (m/w/d)
Arbeitgeber
Regierung von Niederbayern
Arbeitsort
Landshut
Bewerbungsfrist
17.03.2027
Ex­per­tin / Ex­per­te für In­for­ma­ti­ons­ana­ly­se und mi­li­tä­ri­sche Si­cher­heit (m/w/d)
Arbeitgeber
Bundesamt für das Personalmanagement der Bundeswehr
Arbeitsort
Köln
Bewerbungsfrist
31.12.2026
Ex­per­tin / Ex­per­te In­for­ma­ti­ons­tech­nik (m/w/d)
Arbeitgeber
Bundesamt für das Personalmanagement der Bundeswehr
Arbeitsort
Köln
Bewerbungsfrist
31.12.2026
Weitere Stellen
Kooperation:
Wir haben für Dich auf dieser Seite Informationen unter anderem von www.service.bund.de zusammengestellt.
Seitenfunktionen und -informationen
Diese Seite
Seite drucken
Unternavigation aller Website-Bereiche
Service
Unsere Stellen
Azu­bi A-B-C
Häu­fi­ge Fra­gen
Finde Deinen Beruf
Be­rei­te Dich vor
Das sind wir
So bil­den wir aus
Diese Berufe gibt es
So geht's
Rich­tig be­wer­ben
Be­wer­ben oh­ne deut­schen Pass
Be­wer­ben oh­ne deut­schen Schul­ab­schluss
Be­rufs­ein­stieg
Wenn's schief geht
Seiteninformationen
© 2026 Bundesamt für Migration und Flüchtlinge
Im­pres­s­um
Da­ten­schutz
Bar­rie­re­frei­heit",,,wir_sind_bund_de,https://www.wir-sind-bund.de/ExternalContent/service-bund-de-WSB/cache/BUNDDE/IMPORTE/Stellenangebote/interamt/2026/04/1440211.html,False,,53,2027,8,2027-08-01,2026-06-13T14:45:02.988407+00:00
WSB-823371d2-240,wir_sind_bund_fi,Bezirksregierung Düsseldorf,,,,"Wenn Sie technikbegeistert sind, gerne am Computer arbeiten und Spaß an herausfordernden Aufgaben haben, dann ist eine Ausbildung als Fachinformatiker/-in für Systemintegration (m/w/d) bei uns genau das Richtige für Sie.

Arbeitgeber: Bezirksregierung Düsseldorf
zum 01.09.2027
Auszubildende als Fachinformatikerin / Fachinformatiker für Systemintegration (m/w/d)
Wenn Sie technikbegeistert sind, gerne am Computer arbeiten und Spaß an herausfordernden Aufgaben haben, dann ist eine Ausbildung als Fachinformatiker/-in für Systemintegration (m/w/d) bei uns genau das Richtige für Sie.
Wir sind eine moderne Behörde, in der Digitalisierung kein Fremdwort ist. Wir betreiben eine komplexe IT-Infrastruktur, die Ihnen viele Möglichkeiten bietet, Ihr IT-Wissen praktisch zu erweitern.
Als Fachinformatiker/-in für Systemintegration (m/w/d) sorgen Sie dafür, dass technisch alles reibungslos läuft. Sie sind Spezialist/-in für komplexe IT-Systeme, denn Sie können sie einrichten und wissen, wie sie laufen müssen. Dazu gehört auch das Programmieren, Konzipieren, Realisieren, Betreiben und Administrieren von IT-Systemen, Netzwerken und Speicherlösungen. Natürlich lernen Sie auch das Installieren und Konfigurieren von Netzwerken.
Mit dem Abschluss der Ausbildung, die zu einem Teil in der Berufsschule Neuss und zum anderen Teil in den verschiedenen Außenstellen der Bezirksregierung Düsseldorf stattfindet, erwerben Sie einen anerkannten Ausbildungsabschluss nach dem Berufsbildungsgesetz. Nach erfolgreichem Abschluss Ihrer Ausbildung können Sie Ihre erlernten Kenntnisse und Fähigkeiten bei allen Landesbehörden und Unternehmen in der freien Wirtschaft anwenden.

WIR BIETEN
ein abwechslungsreiches Tätigkeitsfeld in der Systemtechnik in einer modernen Landesbehörde
verschiedene Aufgaben wie Installieren und Inbetriebnahme von IT-Systemen, Administration, Service und Support, Instandhaltung und Projektmanagement
ein attraktives Ausbildungsgehalt
Work-Life-Balance durch flexible Arbeitszeitmodelle, u. a. eine großzügige Gleitzeitregelung und unterschiedliche Modelle zum mobilen Arbeiten
ein umfangreiches Weiterbildungsangebot, sowohl fachlich als auch persönlich
Angebote im Rahmen des Betrieblichen Gesundheitsmanagements
und vieles mehr!
IHRE AUSBILDUNG
Ausbildungsbeginn ist der 01.09.2027
Dauer: 3 Jahre (verkürzbar auf 2,5 Jahre)
attraktives Ausbildungsgehalt von derzeit ca. 1.236,82 EUR brutto (1. Ausbildungsjahr)
Gliederung in eine theoretische Ausbildung am Berufskolleg für Technik und Informatik in Neuss und fachpraktische Ausbildungsabschnitte in verschiedenen Teilbereichen der IT-Abteilung
IHR PROFIL
Fachoberschulreife oder gleichwertiger Abschluss
Begeisterung für Computertechnik, Programmieren und mathematisch-technische Aufgaben
Sie haben Interesse an digitalen Medien und Sie geben Ihr Wissen gerne weiter
Sie haben Spaß am Lernen und das Ziel immer fest im Blick
Sie arbeiten gerne im Team und an gemeinsamen Zielen
Neuen Aufgaben stellen Sie sich motiviert und interessiert
Anderen Menschen zu helfen und Ihre Unterstützung anzubieten, bereitet Ihnen Freude
Sehr gute Deutschkenntnisse in Wort und Schrift
BEWERBEN SIE SICH UNTER
https://www.ausbildung-bezirksregierungen-nrw.de/BVPlus/
Der Bewerbung ist beizufügen:
ein Bewerbungsschreiben,
ein aktueller Lebenslauf,
eine Kopie des letzten Schulzeugnisses,
ggf. Praktikumsbescheinigungen und Zertifikate.
Bewerbungsschluss ist der 31.10.2026
Die fachliche Eignung wird im Rahmen eines Einstellungstests festgestellt.
Wir weisen Sie vorsorglich daraufhin, dass die Stellenausschreibung aktuell dem Haushaltsvorbehalt unterliegt.
DAS IST UNS WICHTIG:
Die Bezirksregierung Düsseldorf tritt für ein wertschätzendes und vorurteilsfreies Arbeitsumfeld ein, das Talente auf Grund ihrer Leistungen schätzt - unabhängig von Alter, ethnischer Herkunft und Nationalität, Geschlecht und geschlechtlicher Identität, körperlichen und geistigen Fähigkeiten, Religion und Weltanschauung, sexueller Orientierung und sozialer Herkunft.
Wir haben deshalb die www.charta-der-vielfalt.de.
Wir verfolgen offensiv das Ziel zur beruflichen Gleichstellung von Frauen und Männern. Als moderne Landesbehörde setzen wir auf qualifizierte Bewerberinnen und Bewerber, um gegenwärtig und in Zukunft einen ausgewogenen Anteil von Frauen und Männern in unserer Verwaltung sicherzustellen. Wir wollen weibliche und männliche Fachkräfte gleichermaßen ansprechen und ermutigen, sich zu bewerben.
Bewerbungen geeigneter schwerbehinderter und ihnen gleichgestellter behinderter Menschen sind erwünscht. Zur Berücksichtigung einer Schwerbehinderung oder Gleichstellung weisen Sie diese bitte durch geeignete Unterlagen nach.
Die Bewerbungen von Personen mit Internationaler Familiengeschichte sind ausdrücklich erwünscht.
Nähere Informationen zur Ausbildung erhalten Sie auf der Homepage der Bezirksregierung Düsseldorf ( www.brd.nrw.de/ausbildung) oder durch das Ausbildungsbüro, Herr Murata Tel.: 0211 475-2209, E-Mail: ausbildung@brd.nrw.de.
Wir freuen uns auf Ihre Bewerbung!",,,"Ausbildung | Wenn Sie technikbegeistert sind, gerne am Computer arbeiten und Spaß an herausfordernden Aufgaben haben, dann ist eine Ausbildung als Fachinformatiker/-in für Systemintegration (m/w/d) bei uns genau das Richtige für Sie.",si,,"WIR BIETEN
ein abwechslungsreiches Tätigkeitsfeld in der Systemtechnik in einer modernen Landesbehörde
verschiedene Aufgaben wie Installieren und Inbetriebnahme von IT-Systemen, Administration, Service und Support, Instandhaltung und Projektmanagement
ein attraktives Ausbildungsgehalt
Work-Life-Balance durch flexible Arbeitszeitmodelle, u. a. eine großzügige Gleitzeitregelung und unterschiedliche Modelle zum mobilen Arbeiten
ein umfangreiches Weiterbildungsangebot, sowohl fachlich als auch persönlich
Angebote im Rahmen des Betrieblichen Gesundheitsmanagements
und vieles mehr!
IHRE AUSBILDUNG
Ausbildungsbeginn ist der 01.09.2027
Dauer: 3 Jahre (verkürzbar auf 2,5 Jahre)
attraktives Ausbildungsgehalt von derzeit ca. 1.236,82 EUR brutto (1. Ausbildungsjahr)
Gliederung in eine theoretische Ausbildung am Berufskolleg für Technik und Informatik in Neuss und fachpraktische Ausbildungsabschnitte in verschiedenen Teilbereichen der IT-Abteilung
IHR PROFIL
Fachoberschulreife oder gleichwertiger Abschluss
Begeisterung für Computertechnik, Programmieren und mathematisch-technische Aufgaben
Sie haben Interesse an digitalen Medien und Sie geben Ihr Wissen gerne weiter
Sie haben Spaß am Lernen und das Ziel immer fest im Blick
Sie arbeiten gerne im Team und an gemeinsamen Zielen
Neuen Aufgaben stellen Sie sich motiviert und interessiert
Anderen Menschen zu helfen und Ihre Unterstützung anzubieten, bereitet Ihnen Freude
Sehr gute Deutschkenntnisse in Wort und Schrift
BEWERBEN SIE SICH UNTER
https://www.ausbildung-bezirksregierungen-nrw.de/BVPlus/
Der Bewerbung ist beizufügen:
ein Bewerbungsschreiben,
ein aktueller Lebenslauf,
eine Kopie des letzten Schulzeugnisses,
ggf. Praktikumsbescheinigungen und Zertifikate.
Bewerbungsschluss ist der 31.10.2026
Die fachliche Eignung wird im Rahmen eines Einstellungstests festgestellt.
Wir weisen Sie vorsorglich daraufhin, dass die Stellenausschreibung aktuell dem Haushaltsvorbehalt unterliegt.
DAS IST UNS WICHTIG:
Die Bezirksregierung Düsseldorf tritt für ein wertschätzendes und vorurteilsfreies Arbeitsumfeld ein, das Talente auf Grund ihrer Leistungen schätzt - unabhängig von Alter, ethnischer Herkunft und Nationalität, Geschlecht und geschlechtlicher Identität, körperlichen und geistigen Fähigkeiten, Religion und Weltanschauung, sexueller Orientierung und sozialer Herkunft.
Wir haben deshalb die www.charta-der-vielfalt.de.
Wir verfolgen offensiv das Ziel zur beruflichen Gleichstellung von Frauen und Männern. Als moderne Landesbehörde setzen wir auf qualifizierte Bewerberinnen und Bewerber, um gegenwärtig und in Zukunft einen ausgewogenen Anteil von Frauen und Männern in unserer Verwaltung sicherzustellen. Wir wollen weibliche und männliche Fachkräfte gleichermaßen ansprechen und ermutigen, sich zu bewerben.
Bewerbungen geeigneter schwerbehinderter und ihnen gleichgestellter behinderter Menschen sind erwünscht. Zur Berücksichtigung einer Schwerbehinderung oder Gleichstellung weisen Sie diese bitte durch geeignete Unterlagen nach.
Die Bewerbungen von Personen mit Internationaler Familiengeschichte sind ausdrücklich erwünscht.
Nähere Informationen zur Ausbildung erhalten Sie auf der Homepage der Bezirksregierung Düsseldorf ( www.brd.nrw.de/ausbildung) oder durch das Ausbildungsbüro, Herr Murata Tel.: 0211 475-2209, E-Mail: ausbildung@brd.nrw.de.
Wir freuen uns auf Ihre Bewerbung!",,,empty,ausbildung@brd.nrw.de,https://karriere.nrw/stellenausschreibung/823371d2-240e-4759-80ab-20d55fb7b93d,https://karriere.nrw/stellenausschreibung/823371d2-240e-4759-80ab-20d55fb7b93d,https://karriere.nrw/stellenausschreibung/823371d2-240e-4759-80ab-20d55fb7b93d,externe,"Weitere Informationen
Stellenangebot auf externer Website ansehen
Kurzinfo
Berufsgruppe: IT und Telekommunikation
Ort: Düsseldorf
Arbeitszeit: Vollzeit
Bewerbungsfrist: 31.10.2026
Laufbahn: Ausbildung
Kontakt: Leo Murata
Telefon: 0211 475-2209
Berufsbeschreibung
Zum Berufsglossar
BERUFENET
Finde weitere Stellen
Dua­les Stu­di­um als Ver­wal­tungs­in­for­ma­ti­k­an­wär­ter/in (m/w/d)
Arbeitgeber
Regierung von Niederbayern
Arbeitsort
Landshut
Bewerbungsfrist
17.03.2027
Ex­per­tin / Ex­per­te für In­for­ma­ti­ons­ana­ly­se und mi­li­tä­ri­sche Si­cher­heit (m/w/d)
Arbeitgeber
Bundesamt für das Personalmanagement der Bundeswehr
Arbeitsort
Köln
Bewerbungsfrist
31.12.2026
Ex­per­tin / Ex­per­te In­for­ma­ti­ons­tech­nik (m/w/d)
Arbeitgeber
Bundesamt für das Personalmanagement der Bundeswehr
Arbeitsort
Köln
Bewerbungsfrist
31.12.2026
Weitere Stellen
Kooperation:
Wir haben für Dich auf dieser Seite Informationen unter anderem von www.service.bund.de zusammengestellt.
Seitenfunktionen und -informationen
Diese Seite
Seite drucken
Unternavigation aller Website-Bereiche
Service
Unsere Stellen
Azu­bi A-B-C
Häu­fi­ge Fra­gen
Finde Deinen Beruf
Be­rei­te Dich vor
Das sind wir
So bil­den wir aus
Diese Berufe gibt es
So geht's
Rich­tig be­wer­ben
Be­wer­ben oh­ne deut­schen Pass
Be­wer­ben oh­ne deut­schen Schul­ab­schluss
Be­rufs­ein­stieg
Wenn's schief geht
Seiteninformationen
© 2026 Bundesamt für Migration und Flüchtlinge
Im­pres­s­um
Da­ten­schutz
Bar­rie­re­frei­heit",,,wir_sind_bund_de,https://www.wir-sind-bund.de/ExternalContent/service-bund-de-WSB/cache/BUNDDE/IMPORTE/Stellenangebote/stellenmarkt_nrw/2026/05/823371d2-240e-4759-80ab-20d55fb7b93d.html,False,,47,2027,9,2027-09-01,2026-06-13T14:45:24.533241+00:00
WSB-111V_0427_ITE-B,wir_sind_bund_fi,Bundesamt für das Personalmanagement der Bundeswehr,,,,"Ausbildungsorte

Arbeitgeber: Bundesamt für das Personalmanagement der Bundeswehr
Stelleninformationen
Unternehmen
Bundeswehr – Mach, was wirklich zählt!
Beschäftigungsorte
Deutschlandweit
Ausbildungsorte
Die theoretische Ausbildung findet an den Lehrbereichen des Bildungszentrums der Bundeswehr in Mannheim, anteilig Berlin oder Oberammergau, statt.
Die Praktika absolvieren Sie in verschiedenen Dienststellen der Bundeswehr.
Stellenbeschreibung
Die Einstellung erfolgt am 01.04.2027
Einstellung in das Beamtenverhältnis auf Widerruf
Laufbahnbefähigung für den mittleren technischen Verwaltungsdienst im Verwendungsbereich Wehrtechnik
Ausbildungsdauer in der Regel 12 Monate (Vorbereitungsdienst)
Vorgesehene Übernahme nach erfolgreichem Abschluss der Laufbahnausbildung
Spannende und vielfältige Aufgaben, z. B.:
Als Beamtin oder Beamter werden Sie größtenteils im Bundesamt für Ausrüstung, Informationstechnik und Nutzung der Bundeswehr sowie dessen nachgeordneten Dienststellen eingesetzt. Es sind aber z. B. auch Verwendungen im Bereich des Kommandos Cyber- und Informationsraum und je nach Bedarf in anderen Dienststellen der Bundeswehr mit technischen Aufgabenbereichen möglich.
Sie sind im Bereich der Beschaffung von Wehrmaterial (darunter fallen u.a. auch Softwareprodukte und sonstige IT-Ausstattung) mit technischen Erprobungen, Güteprüfung/Qualitätsmanagement oder der entwicklungstechnischen Betreuung tätig. Dabei leisten Sie etwa Zuarbeit bei der Erstellung technischer Forderungen und des Leistungsumfangs der zu beschaffenden Ausrüstung.
Sie unterstützen die Entwicklung bei der Industrie, die Erprobung/Begutachtung von Prototypen sowie die Realisierung bis hin zur Abnahme des fertigen Produkts.
Sie wirken bei der Beobachtung/Kontrolle der Vorbereitung der Produktion, der laufenden Serienfertigung sowie des fertigen Materials in der Güteprüfung mit.
Sie begleiten die Nutzung des Wehrmaterials im Rahmen der Nutzungsbetreuung.
Bei entsprechender Vorbildung ist eine Verwendung als Ausbilderin bzw. Ausbilder bei Ausbildungswerkstätten der Bundeswehr oder als technische Fachkraft in anderen Dienststellen möglich.
Einblick in den Dienst als Technikerin oder Techniker:
https://www.bundeswehrkarriere.de/sites/default/files/media/11_technik_tim_regierungshauptsekretaer_compr.mp4
Es werden folgende wehrtechnische Fachgebiete angeboten, wobei die Zuordnung aufgrund Ihrer beruflichen Qualifikation erfolgt:
Informationstechnik und Elektronik (ITE)
Elektrotechnik und Elektroenergiewesen (EE)
WAS FÜR SIE ZÄHLT
Einstellung als Beamtin oder Beamter
Gesicherter Arbeitsplatz und ein familienfreundlicher Arbeitgeber
Gesicherte Altersvorsorge
Jahresurlaub von 30 Tagen
Attraktives Gehalt, monatlich ca. 2.290 € netto während der Ausbildung; Bezügebeispiele unter:
https://www.bundeswehrkarriere.de/downloads/mittlerer-technischer-dienst-wehrtechnik/944
Gewährung von Beihilfe
Familien- und Kinderzuschlag
Zuschuss zum Jobticket für den ÖPNV
Überwiegend kostenlose Parkplätze
Vergünstigte Angebote für Bundeswehrangehörige, z. B. Corporate Benefits
Bei Übernahme kann ggf. eine Personalgewinnungsprämie gewährt werden
Flexible Arbeitszeiten, Homeoffice und Teilzeit nach erfolgreichem Abschluss
Vielfältige Aufstiegs- und Weiterentwicklungsmöglichkeiten nach erfolgreichem Abschluss
Sportkurse während der Dienstzeit
Qualifikationserfordernisse
WAS FÜR UNS ZÄHLT
Hauptschulabschluss und einen Berufsabschluss* als Facharbeiterin bzw. Facharbeiter, Gesellin bzw. Geselle, Meisterin bzw. Meister oder staatlich geprüfte Technikerin bzw. staatlich geprüfter Techniker, der einem wehrtechnischen Fachgebiet zugeordnet werden kann
Deutsche Staatsangehörigkeit
Eintreten für die freiheitlich demokratische Grundordnung
Zustimmung zur gesundheitlichen Eignungsfeststellung und erweiterten Sicherheitsüberprüfung
Bei Einstellung das 50. Lebensjahr noch nicht vollendet
* insbesondere als:
Elektroniker /-in verschiedenen Fachrichtungen
Fachinformatiker /-in verschiedenen Fachrichtungen
Mathematisch-technischer Softwareentwickler /-in
Radio- und Fernsehtechniker /-in
Systemelektroniker /-in
Systeminformatiker /-in
Mechatroniker /-in
Elektriker /-in
Bewerberinnen und Bewerber mit anderen beruflichen Ausbildungen bewerben sich bitte bei der nachstehenden Ausschreibung:
https://bewerbung.bundeswehr-karriere.de/erece/portal/index.html#/JobDetail/none/ThreeColumnsEndExpanded/FA163EC863931FD198FDBA389BDE1F43/?json=%257B%2522Keywords%2522:%2522111V_%2522%257D
sonstige Informationen
Wir suchen Verstärkung unabhängig von Alter, Religion, Geschlecht, sexueller Orientierung und Herkunft. Für die gezielte Gleichstellung begrüßen wir Bewerbungen von Frauen besonders. Bewerbungen geeigneter schwerbehinderter Menschen sind ausdrücklich erwünscht.
Ergänzende Informationen
BEWERBUNG & KONTAKT
Bitte laden Sie die unten aufgeführten Bewerbungsunterlagen als PDF im Bewerbungsportal unter https://bewerbung.bundeswehr-karriere.de hoch.
Ihre Bewerbung umfasst:
Lebenslauf (tabellarisch)
Bewerbungsformular einschließlich Anlagen (in den ANLAGEN zur Ausschreibung hinterlegt)
Schulisches Abschlusszeugnis (Haupt- oder Realschule, ggf. 10. Klasse / Gymnasium)
Nachweis über den Berufsschulabschluss der Berufsausbildung und Prüfungszeugnis mit Noten (ggf. Nachweis über das Ergebnis der Zwischenprüfung sowie des letzten Berufsschulzeugnisses)
und sofern vorhanden:
Meisterbrief / Technikerzeugnis
Schwerbehindertenausweis oder Bescheid über die Gleichstellung als schwerbehinderter Mensch
Sie befinden sich noch in der Berufsausbildung? Dann bewerben Sie sich mit Ihren letzten Zeugnissen. Ihr Prüfungszeugnis können Sie nachreichen.
Bei fremdsprachigen Bewerbungsunterlagen muss eine beglaubigte deutsche Übersetzung beigefügt werden.
Bei ausländischen Bildungsabschlüssen ist ein Nachweis der Anerkennung in Deutschland beizufügen.",2.290 €,,Ausbildungsorte,si,,,,,empty,BewerbungenMainz@bundeswehr.org,https://bewerbung.bundeswehr-karriere.de/erece/portal/index.html#/JobDetail/none/ThreeColumnsEndExpanded/FA163EC863931FD198FD91AE41F65FA0/,https://bewerbung.bundeswehr-karriere.de/erece/portal/index.html#/JobDetail/none/ThreeColumnsEndExpanded/FA163EC863931FD198FD91AE41F65FA0/,https://bewerbung.bundeswehr-karriere.de/erece/portal/index.html#/JobDetail/none/ThreeColumnsEndExpanded/FA163EC863931FD198FD91AE41F65FA0/,externe,"Für weitere Informationen wenden Sie sich bitte an das:
Karrierecenter der Bundeswehr Mainz
Personalauswahl zivil
E-Mail: BewerbungenMainz@bundeswehr.org
Tel.: 06131 27750 3833 (Herr Fleckney)
Weitere Informationen
Stellenangebot auf externer Website ansehen
Kurzinfo
Berufsgruppe: Wissenschaft und Technik
Ort: Köln
Arbeitszeit: Vollzeit
Bewerbungsfrist: 30.06.2026
Laufbahn: Ausbildung
Kontakt: Herr Mario Fleckney
Berufsbeschreibung
Zum Berufsglossar
BERUFENET
Finde weitere Stellen
Elek­tro­tech­ni­ke­rin / Elek­tro­tech­ni­ker Ma­ri­ne (m/w/d)
Arbeitgeber
Bundesamt für das Personalmanagement der Bundeswehr
Arbeitsort
Köln
Bewerbungsfrist
31.12.2026
Elek­tro­ni­ke­rin / Elek­tro­ni­ker Ge­rä­te und Sys­te­me Funk­tech­nik (m/w/d)
Arbeitgeber
Bundesamt für das Personalmanagement der Bundeswehr
Arbeitsort
Köln
Bewerbungsfrist
31.12.2026
Flug­ge­rät­elek­tro­ni­ke­rin / Flug­ge­rät­elek­tro­ni­ker Luft­waf­fe (m/w/d)
Arbeitgeber
Bundesamt für das Personalmanagement der Bundeswehr
Arbeitsort
Köln
Bewerbungsfrist
31.12.2026
Weitere Stellen
Kooperation:
Wir haben für Dich auf dieser Seite Informationen unter anderem von www.service.bund.de zusammengestellt.
Seitenfunktionen und -informationen
Diese Seite
Seite drucken
Unternavigation aller Website-Bereiche
Service
Unsere Stellen
Azu­bi A-B-C
Häu­fi­ge Fra­gen
Finde Deinen Beruf
Be­rei­te Dich vor
Das sind wir
So bil­den wir aus
Diese Berufe gibt es
So geht's
Rich­tig be­wer­ben
Be­wer­ben oh­ne deut­schen Pass
Be­wer­ben oh­ne deut­schen Schul­ab­schluss
Be­rufs­ein­stieg
Wenn's schief geht
Seiteninformationen
© 2026 Bundesamt für Migration und Flüchtlinge
Im­pres­s­um
Da­ten­schutz
Bar­rie­re­frei­heit",,,wir_sind_bund_de,https://www.wir-sind-bund.de/ExternalContent/service-bund-de-WSB/cache/BUNDDE/IMPORTE/Stellenangebote/bundeswehr/2026/06/111V_0427_ITE-B.html,False,,47,2027,4,2027-04-01,2026-06-13T14:44:17.971542+00:00
WSB-6517510,wir_sind_bund_fi,Handwerkskammer Berlin,,,,"Ausbildungsjahr Grundvergütung * Fester Zuschlag Gesamtbruttovergütung pro Monat

Arbeitgeber: Handwerkskammer Berlin
Tätigkeitsprofil:
Hinter starken Strukturen steht ein starkes Team. Werden Sie Teil unserer internen IT bei der Handwerkskammer Berlin! Mit einer fundierten Ausbildung bei uns legen Sie den perfekten Grundstein für eine spannende berufliche Zukunft.
Wir suchen zum 01.09.2026 wieder eine*n Auszubildende*n für den Beruf
Fachinformatiker*in (m/w/d) für Systemintegration
(Stellenausschreibungsnummer: 2026-21)
Als Handwerkskammer Berlin sind wir Dienstleisterin für unsere Mitgliedsunternehmen, Selbstverwaltungseinrichtung und Interessenvertreterin gegenüber Politik und Gesellschaft. Unser Leistungsportfolio umfasst die Betreuung und Unterstützung von über 30.000 Handwerksbetrieben im Land Berlin. In der Summe bieten unsere Mitgliedsunternehmen 180.000 Erwerbstätigen einen Arbeitsplatz und mehr als 9.000 Auszubildenden eine berufliche Perspektive. Nähere Informationen hierzu:www.hwk-berlin.de
Darauf dürfen Sie sich freuen:
Planung und Umsetzung von Projekten zur Konzeption und Installation
Erweiterung und Betreuung von Rechnersystemen oder Netzwerken
Vorstellen von Lösungen sowie Einweisung der Nutzer*innen und vieles mehr
Fehleranalyse sowie Behebung von technischen Störungen
Fachlicher Support und Betreuung der Mitarbeiter*innen
Mobile Device Management
Durchführen und Überwachen von Backupstrategien
Anforderungsprofil:
Sie haben einen mittleren Bildungsabschluss, gerne auch die allgemeine - oder fachgebundene Hochschulreife
Sie zeigen großes Interesse an der IT, insbesondere an Computern und moderner IT-Infrastruktur
Sie können technisches Verständnis und handwerkliche Fähigkeiten vorweisen
Sie haben eine gute Auffassungsgabe, Aufgeschlossenheit und Neugierde
Sie besitzen Teamgeist, Zuverlässigkeit, Flexibilität und Verantwortungsbewusstsein
Sie können gute Deutsch- und Englischkenntnisse in Wort und Schrift vorweisen
Das bieten wir – Ein Arbeitsplatz mit Perspektive:
Eine intensive Betreuung und gute Vorbereitung auf die Abschlussprüfung

Eine attraktive Ausbildungsvergütung, angelehnt an den TVA-L BBiG, plus einen festen monatlichen Zuschlag von 100,00 € für die gesamte Ausbildungszeit.
Die monatliche Bruttovergütung im Überblick:
Ausbildungsjahr Grundvergütung * Fester Zuschlag Gesamtbruttovergütung pro Monat
1. Jahr 1.296,82 € 100,00 € 1.396,82 €
2. Jahr 1.350,96 € 100,00 € 1.450,96 €
3. Jahr 1.400,61 € 100,00 € 1.500,61 €
(* Tarifliche Anpassungen vorbehalten)
Außerdem haben wir noch weitere Zusatzleistungen:
Hauptstadtzulage in Höhe von 50,00 € pro Monat (beinhaltet Azubiticket)
Jahressonderzahlung in Höhe von 95 v. H. Ihres monatlichen Ausbildungsentgelts, das Ihnen im November zusteht
Finanzielle Unterstützung der gesundheitlichen Prävention (machtfit und wellhub)
Anspruch auf 30 Tage Urlaub
Betriebliche Altersvorsorge (VBL)
Zuschuss zu vermögenswirksamen Leistungen in Höhe von 13,29 € pro Monat (Tarifgebiet West)
Gleichstellung und Inklusion:
Chancengleichheit: Die Bewerbung von Frauen ist ausdrücklich erwünscht.
Inklusion:Schwerbehinderte werden bei gleicher Eignung bevorzugt berücksichtigt.
Haben Sie Interesse? Dann werden Sie jetzt Teil unseres Teams und lernen unsere verschiedenen, abwechslungsreichen Bereiche und praxisorientierte Ausbildung kennen.
Wir freuen uns auf Ihre Bewerbung (Anschreiben, Lebenslauf und alle relevanten Zeugnisse, ggfs. auch Praktikumszeugnisse) unter Angabe der Ausschreibungs-Nr.: 2026-21.Bitte bewerben Sie sich bis zum 17.06.2026über den unten angezeigten Button „Jetzt online bewerben“.
Ist aktuell nicht die passende Position für Sie dabei? Entdecken Sie hier weitere Karrieremöglichkeiten:www.hwk-berlin.de/karriere","100,00 €, 1.296,82 €, 1.396,82 €, 1.350,96 €, 1.450,96 €, 1.400,61 €",,Ausbildungsjahr Grundvergütung * Fester Zuschlag Gesamtbruttovergütung pro Monat,si,,"Eine attraktive Ausbildungsvergütung, angelehnt an den TVA-L BBiG, plus einen festen monatlichen Zuschlag von 100,00 € für die gesamte Ausbildungszeit.
Die monatliche Bruttovergütung im Überblick:
Ausbildungsjahr Grundvergütung * Fester Zuschlag Gesamtbruttovergütung pro Monat
1. Jahr 1.296,82 € 100,00 € 1.396,82 €
2. Jahr 1.350,96 € 100,00 € 1.450,96 €
3. Jahr 1.400,61 € 100,00 € 1.500,61 €
(* Tarifliche Anpassungen vorbehalten)
Außerdem haben wir noch weitere Zusatzleistungen:
Hauptstadtzulage in Höhe von 50,00 € pro Monat (beinhaltet Azubiticket)
Jahressonderzahlung in Höhe von 95 v. H. Ihres monatlichen Ausbildungsentgelts, das Ihnen im November zusteht
Finanzielle Unterstützung der gesundheitlichen Prävention (machtfit und wellhub)
Anspruch auf 30 Tage Urlaub
Betriebliche Altersvorsorge (VBL)
Zuschuss zu vermögenswirksamen Leistungen in Höhe von 13,29 € pro Monat (Tarifgebiet West)
Gleichstellung und Inklusion:
Chancengleichheit: Die Bewerbung von Frauen ist ausdrücklich erwünscht.
Inklusion:Schwerbehinderte werden bei gleicher Eignung bevorzugt berücksichtigt.
Haben Sie Interesse? Dann werden Sie jetzt Teil unseres Teams und lernen unsere verschiedenen, abwechslungsreichen Bereiche und praxisorientierte Ausbildung kennen.
Wir freuen uns auf Ihre Bewerbung (Anschreiben, Lebenslauf und alle relevanten Zeugnisse, ggfs. auch Praktikumszeugnisse) unter Angabe der Ausschreibungs-Nr.: 2026-21.Bitte bewerben Sie sich bis zum 17.06.2026über den unten angezeigten Button „Jetzt online bewerben“.
Ist aktuell nicht die passende Position für Sie dabei? Entdecken Sie hier weitere Karrieremöglichkeiten:www.hwk-berlin.de/karriere",,,empty,bewerbung@hwk-berlin.de,,,,none,"Weitere Informationen
Kurzinfo
Berufsgruppe: Verwaltung und Büro
Ort: Berlin
Arbeitszeit: Vollzeit
Bewerbungsfrist: 17.06.2026
Laufbahn: Ausbildung
Kontakt: Herr Erdem
E-Mail: Nachricht schreiben
Berufsbeschreibung
Zum Berufsglossar
BERUFENET
Finde weitere Stellen
Aus­bil­dung zur/zum Jus­tiz­fachan­ge­stell­ten (w/m/d)
Arbeitgeber
Amtsgericht Siegburg
Arbeitsort
Siegburg
Bewerbungsfrist
31.03.2027
Aus­bil­dung Ver­wal­tung | Ver­wal­tungs­fachan­ge­stell­te (m/w/d) | ab Sep­tem­ber 2027
Arbeitgeber
Stadt Hilpoltstein
Arbeitsort
Hilpoltstein
Bewerbungsfrist
18.03.2027
Dua­les Stu­di­um - Di­plom-Ver­wal­tungs­wirt/in - All­ge­mei­ner Fi­nanz­ver­wal­tungs­dienst (m/w/div)
Arbeitgeber
Thüringer Landesamt für Finanzen
Arbeitsort
Erfurt
Bewerbungsfrist
31.01.2027
Weitere Stellen
Kooperation:
Wir haben für Dich auf dieser Seite Informationen unter anderem von www.service.bund.de zusammengestellt.
Seitenfunktionen und -informationen
Diese Seite
Seite drucken
Unternavigation aller Website-Bereiche
Service
Unsere Stellen
Azu­bi A-B-C
Häu­fi­ge Fra­gen
Finde Deinen Beruf
Be­rei­te Dich vor
Das sind wir
So bil­den wir aus
Diese Berufe gibt es
So geht's
Rich­tig be­wer­ben
Be­wer­ben oh­ne deut­schen Pass
Be­wer­ben oh­ne deut­schen Schul­ab­schluss
Be­rufs­ein­stieg
Wenn's schief geht
Seiteninformationen
© 2026 Bundesamt für Migration und Flüchtlinge
Im­pres­s­um
Da­ten­schutz
Bar­rie­re­frei­heit",,,wir_sind_bund_de,https://www.wir-sind-bund.de/ExternalContent/service-bund-de-WSB/cache/BUNDDE/IMPORTE/Stellenangebote/editor/Handwerkskammer-Berlin/2026/05/6517510.html,False,,47,2026,9,2026-09-01,2026-06-13T14:44:35.338042+00:00
WSB-1452078,wir_sind_bund_fi,Kreis Gütersloh,,,,"Ausbildung zum/zur Fachinformatiker/in - Fachrichtung Systemintegration

Arbeitgeber: Kreis Gütersloh
​
Wenn du dich für eine Ausbildung beim Kreis Gütersloh entscheidest, entscheidest du dich für mehr als nur einen Beruf. Du entscheidest dich für Verantwortung, für Gemeinschaft – und für ein echtes wir. Aus Liebe zum Kreis gestalten wir tagtäglich das Leben der Menschen hier – mit Verstand und mit Gefühl.
Dafür braucht es Fachwissen, Teamgeist und eben auch: Herz, deins.
Deine Traumausbildung ist spannend, sicher und macht Sinn?
Dann starte mit uns durch – mit einer Ausbildung als
Fachinformatiker/in - Fachrichtung Systemintegration
Art: Duale Ausbildung
Beginn: 01.09.2027
Dauer: 3 Jahre
Bezahlung: schon ab ca. 1.370€ brutto monatlich
Du lernst mit dieser Ausbildung, worauf es in unserer Gemeinschaft ankommt:
• Du durchläufst verschiedene Bereiche am unserem Standort in Gütersloh und lernst dabei u.a. Netzwerke, Internettechnologien und grafische DV-Systeme kennen.
• Du besuchst zwei Mal pro Woche das Carl-Severing-Berufskolleg in Bielefeld für den theortischen Teil der Ausbildung
• Du setzt fachspezifische Anfordeurngen in komplexe Hard- und Softwaresysteme um und führst neue oder veränderte Systeme der Informations- und Telekommunikationstechnik ein.
• Du arbeitest an der Schnittstelle zwischen Fachbereichen und IT, um bedarfsgerechte IT-Lösungen zu realisieren.
• Du trainierst wichtige Skills wie Projekt- und Servicemanagement, Kommunikations- und Schulungstechniken.
• Nach drei Jahren legst du deine Abschlussprüfung vor der Industrie- und Handelskammer ab.
Aus Liebe zum Kreis – und zu deiner Zukunft. Wir begleiten dich dabei von Anfang an, damit du beruflich und persönlich weiterkommst: mit einer fundierten Ausbildung, individueller Unterstützung und echten Perspektiven. Für diese Ausbildung bist du bestens geeignet, wenn du Herz mitbringst und
• die Fachoberschulreife (z.B. Hauptschulabschluss Typ B, Realschuhlabschluss) oder einen vergleichbaren Schulabschluss vorweist,
• Du dich für Informations- und Telekommunikationstechnik interessierst,
• Du einfühlsam mit Menschen umgehst - respektvoll und auf Augenhöhe, engagiert bist und gerne im Team arbeitest,
• Du selsbtbewusst auftrittst, flexibel denkst und dich durchsetzen kannst,
• Du gerne lernst, dran bleibst und dir neue Inhalte eigenständig aneignest.

Der Kreis Gütersloh ist mehr als nur ein Arbeitgeber im öffentlichen Dienst – und deine Ausbildung mehr als nur der Start ins Berufsleben. Es ist der Anfang für eine Zukunft mit Sinn, mit Sicherheit – und mit Menschen, auf die du dich verlassen kannst. Du profitierst von echtem Miteinander, vielfältigen Weiterbildungsoptionen, flexiblen Arbeitszeiten, fairer Vergütung und einem starken Fundament für deine Zukunft.
Der Kreis Gütersloh fördert die Gleichstellung von Frauen und Männern. Bewerbungen von Frauen sind daher ausdrücklich erwünscht. Bewerbungen von Menschen mit einer Schwerbehinderung werden bei gleicher Eignung und Befähigung besonders berücksichtigt.
Aktuelle Hinweise zum Datenschutz findest du hier: www.kreis-guetersloh.de/dsgvo (http://www.kreis-guetersloh.de/dsgvo)",1.370€,,Ausbildung zum/zur Fachinformatiker/in - Fachrichtung Systemintegration,si,,"Der Kreis Gütersloh ist mehr als nur ein Arbeitgeber im öffentlichen Dienst – und deine Ausbildung mehr als nur der Start ins Berufsleben. Es ist der Anfang für eine Zukunft mit Sinn, mit Sicherheit – und mit Menschen, auf die du dich verlassen kannst. Du profitierst von echtem Miteinander, vielfältigen Weiterbildungsoptionen, flexiblen Arbeitszeiten, fairer Vergütung und einem starken Fundament für deine Zukunft.
Der Kreis Gütersloh fördert die Gleichstellung von Frauen und Männern. Bewerbungen von Frauen sind daher ausdrücklich erwünscht. Bewerbungen von Menschen mit einer Schwerbehinderung werden bei gleicher Eignung und Befähigung besonders berücksichtigt.
Aktuelle Hinweise zum Datenschutz findest du hier: www.kreis-guetersloh.de/dsgvo (http://www.kreis-guetersloh.de/dsgvo)",,,empty,S.Hahne@kreis-guetersloh.de,,,,none,"Weitere Informationen
Stellenangebot auf externer Website ansehen
Kurzinfo
Berufsgruppe: Verwaltung und Büro
Ort: Gütersloh
Arbeitszeit: Vollzeit
Bewerbungsfrist: 17.08.2026
Laufbahn: Ausbildung
Kontakt: Frau Sarah Hahne
Telefon: +49 5241 851127
E-Mail: Nachricht schreiben
Berufsbeschreibung
Zum Berufsglossar
BERUFENET
Finde weitere Stellen
Aus­bil­dung zur/zum Jus­tiz­fachan­ge­stell­ten (w/m/d)
Arbeitgeber
Amtsgericht Siegburg
Arbeitsort
Siegburg
Bewerbungsfrist
31.03.2027
Aus­bil­dung Ver­wal­tung | Ver­wal­tungs­fachan­ge­stell­te (m/w/d) | ab Sep­tem­ber 2027
Arbeitgeber
Stadt Hilpoltstein
Arbeitsort
Hilpoltstein
Bewerbungsfrist
18.03.2027
Dua­les Stu­di­um - Di­plom-Ver­wal­tungs­wirt/in - All­ge­mei­ner Fi­nanz­ver­wal­tungs­dienst (m/w/div)
Arbeitgeber
Thüringer Landesamt für Finanzen
Arbeitsort
Erfurt
Bewerbungsfrist
31.01.2027
Weitere Stellen
Kooperation:
Wir haben für Dich auf dieser Seite Informationen unter anderem von www.service.bund.de zusammengestellt.
Seitenfunktionen und -informationen
Diese Seite
Seite drucken
Unternavigation aller Website-Bereiche
Service
Unsere Stellen
Azu­bi A-B-C
Häu­fi­ge Fra­gen
Finde Deinen Beruf
Be­rei­te Dich vor
Das sind wir
So bil­den wir aus
Diese Berufe gibt es
So geht's
Rich­tig be­wer­ben
Be­wer­ben oh­ne deut­schen Pass
Be­wer­ben oh­ne deut­schen Schul­ab­schluss
Be­rufs­ein­stieg
Wenn's schief geht
Seiteninformationen
© 2026 Bundesamt für Migration und Flüchtlinge
Im­pres­s­um
Da­ten­schutz
Bar­rie­re­frei­heit",,,wir_sind_bund_de,https://www.wir-sind-bund.de/ExternalContent/service-bund-de-WSB/cache/BUNDDE/IMPORTE/Stellenangebote/interamt/2026/05/1452078.html,False,,47,2027,9,2027-09-01,2026-06-13T14:45:17.256232+00:00
WSB-1427802,wir_sind_bund_fi,Deutsches Patent- und Markenamt,,München,80331 München,"Arbeitgeber: Deutsches Patent- und Markenamt
Das Deutsche Patent- und Markenamt bietet zum 1. September 2027 am Dienstort München mehrere Ausbildungsplätze in folgendem staatlich anerkannten Ausbildungsberuf an:
Fachinformatikerin/Fachinformatiker (w/m/div)
Fachrichtung Systemintegration
Fachinformatikerinnen und Fachinformatiker der Fachrichtung Systemintegration planen, installieren und konfigu­rieren komplexe Systeme der Informations- und Kommunikationstechnik. Sie sind auch in der Lage, vernetzte Systeme einschließlich aller Hard- und Softwarekomponenten zu instal­lieren und in Betrieb zu nehmen. Bei auftretenden Störungen ist es ihre Aufgabe, diese sys­tematisch und unter Einsatz moderner Experten- und Diagnosesysteme einzugrenzen und zu beheben.
Während der dreijährigen dualen Berufsausbildung lernen Sie die verschiedenen Referate unserer IT-Abteilung und deren vielfältige Aufgaben kennen. Zusätzlich setzen Sie sich mit den verschiedenen gewerblichen Schutzrechten auseinander und nehmen an vertiefenden IT-Schulungen teil. Ergänzt wird Ihre praktische Ausbildung im Deutschen Patent- und Markenamt in München durch den Besuch der ortsansässigen Städtischen Berufsschule für Informationstechnik bzw. Städtischen Berufsschule für Fachinformatik Systemintegration.
Es handelt sich um einen Beruf, der sowohl im öffentlichen Dienst als auch in der privaten Wirtschaft ausgeübt werden kann.
Sie bringen mit:
mindestens mittlerer Bildungsabschluss
sehr gute Kenntnisse der Amtssprache Deutsch, die mindestens der Niveaustufe C 1 des Gemeinsamen Europäischen Referenzrahmens für Sprachen (GER) entsprechen
grundlegende Kenntnisse in den Office-Anwendungen
Motivation und Verantwortungsbewusstsein
Kommunikations- und Teamfähigkeit
selbstständige und gewissenhafte Arbeitsweise

Wir bieten Ihnen:
eine zukunftsorientierte Ausbildung mit abwechslungsreichen Tätigkeiten
eine teamorientierte Arbeitsatmosphäre und qualifizierte Begleitung
flexible Arbeitszeiten und eine gute Vereinbarkeit von Ausbildung und Privatleben
eine gute Erreichbarkeit mit öffentlichen Verkehrsmitteln
die Perspektive einer Weiterbeschäftigung nach erfolgreicher Ausbildung sowie gute Entwicklungs- und Aufstiegsmöglichkeiten
eine gute Ausbildungsvergütung nach dem Tarifvertrag für Auszubildende des öffentlichen Dienstes (TVAöD)
Praktika in Deutschland und Europa
einen Fahrtkostenzuschuss sowie eine Prämie bei erfolgreichem Ausbildungsabschluss
eine moderne Ausstattung
betriebliches Gesundheitsmanagement mit vielfältigen Angeboten
Im Anschluss an die Ausbildung und nach einer vierjährigen Berufserfahrung können sich besonders qualifizierte und leistungsstarke Beschäftigte um die Teilnahme an dem Vollzeitstudiengang Informatik (B. Sc.) an der Universität der Bundeswehr München bewerben. Nach erfolgreichem Abschluss des Studiums und anschließender 1,5-jähriger Beschäftigung in einer entsprechenden Tätigkeit im vergleichbar gehobenen Dienst kann die Laufbahnbefähigung für den gehobenen technischen Verwaltungsdienst in der Bundesverwaltung erlangt werden.
Wir verstehen uns als familienfreundlicher Arbeitgeber und begrüßen daher auch Bewerbungen von Menschen mit Familienpflichten. Wir gewährleisten die berufliche Gleichstellung und freuen uns über Bewerbungen von Menschen jeglichen Geschlechts. Zur Förderung der Gleichberechtigung im Beruf wünschen wir uns insbesondere Bewerbungen von Frauen. Bei gleicher Eignung berücksichtigen wir Bewerbungen schwerbehinderter Menschen bevorzugt.
Bei Interesse senden Sie bitte Ihre vollständigen Bewerbungsunterlagen (Anschreiben, Lebenslauf und die letzten drei Zeugnisse u.a.) bis spätestens
9. August 2026
bevorzugt elektronisch an:
Azubibewerbungen@dpma.de (mailto:Azubibewerbungen@dpma.de)
oder an
Deutsches Patent- und Markenamt
Sachgebiet 4.1.1.c/d
Zweibrückenstraße 12
80331 München
Personenbezogene Daten, die wir im Rahmen des Bewerbungsverfahrens von Ihnen erhalten, verarbeiten wir im Einklang mit den Bestimmungen der Datenschutz-Grundverordnung und dem Bundesdatenschutzgesetz zum Zweck der Durchführung des Bewerbungsverfahrens. Nähere Informationen hierzu erhalten Sie unter https://www.dpma.de/dpma/recht_und_gesetz/datenschutzerklaerung/index.html (https://www.dpma.de/dpma/recht_und_gesetz/datenschutzerklaerung/index.html)",,,,si,,"Wir bieten Ihnen:
eine zukunftsorientierte Ausbildung mit abwechslungsreichen Tätigkeiten
eine teamorientierte Arbeitsatmosphäre und qualifizierte Begleitung
flexible Arbeitszeiten und eine gute Vereinbarkeit von Ausbildung und Privatleben
eine gute Erreichbarkeit mit öffentlichen Verkehrsmitteln
die Perspektive einer Weiterbeschäftigung nach erfolgreicher Ausbildung sowie gute Entwicklungs- und Aufstiegsmöglichkeiten
eine gute Ausbildungsvergütung nach dem Tarifvertrag für Auszubildende des öffentlichen Dienstes (TVAöD)
Praktika in Deutschland und Europa
einen Fahrtkostenzuschuss sowie eine Prämie bei erfolgreichem Ausbildungsabschluss
eine moderne Ausstattung
betriebliches Gesundheitsmanagement mit vielfältigen Angeboten
Im Anschluss an die Ausbildung und nach einer vierjährigen Berufserfahrung können sich besonders qualifizierte und leistungsstarke Beschäftigte um die Teilnahme an dem Vollzeitstudiengang Informatik (B. Sc.) an der Universität der Bundeswehr München bewerben. Nach erfolgreichem Abschluss des Studiums und anschließender 1,5-jähriger Beschäftigung in einer entsprechenden Tätigkeit im vergleichbar gehobenen Dienst kann die Laufbahnbefähigung für den gehobenen technischen Verwaltungsdienst in der Bundesverwaltung erlangt werden.
Wir verstehen uns als familienfreundlicher Arbeitgeber und begrüßen daher auch Bewerbungen von Menschen mit Familienpflichten. Wir gewährleisten die berufliche Gleichstellung und freuen uns über Bewerbungen von Menschen jeglichen Geschlechts. Zur Förderung der Gleichberechtigung im Beruf wünschen wir uns insbesondere Bewerbungen von Frauen. Bei gleicher Eignung berücksichtigen wir Bewerbungen schwerbehinderter Menschen bevorzugt.
Bei Interesse senden Sie bitte Ihre vollständigen Bewerbungsunterlagen (Anschreiben, Lebenslauf und die letzten drei Zeugnisse u.a.) bis spätestens
9. August 2026
bevorzugt elektronisch an:
Azubibewerbungen@dpma.de (mailto:Azubibewerbungen@dpma.de)
oder an
Deutsches Patent- und Markenamt
Sachgebiet 4.1.1.c/d
Zweibrückenstraße 12
80331 München
Personenbezogene Daten, die wir im Rahmen des Bewerbungsverfahrens von Ihnen erhalten, verarbeiten wir im Einklang mit den Bestimmungen der Datenschutz-Grundverordnung und dem Bundesdatenschutzgesetz zum Zweck der Durchführung des Bewerbungsverfahrens. Nähere Informationen hierzu erhalten Sie unter https://www.dpma.de/dpma/recht_und_gesetz/datenschutzerklaerung/index.html (https://www.dpma.de/dpma/recht_und_gesetz/datenschutzerklaerung/index.html)",,,empty,Azubibewerbungen@dpma.de,,,,none,"Weitere Informationen
Stellenangebot auf externer Website ansehen
Kurzinfo
Berufsgruppe: IT und Telekommunikation
Ort: München
Arbeitszeit: Vollzeit
Bewerbungsfrist: 09.08.2026
Laufbahn: Ausbildung
Kontakt: Tanja Mahl
Berufsbeschreibung
Zum Berufsglossar
BERUFENET
Finde weitere Stellen
Dua­les Stu­di­um als Ver­wal­tungs­in­for­ma­ti­k­an­wär­ter/in (m/w/d)
Arbeitgeber
Regierung von Niederbayern
Arbeitsort
Landshut
Bewerbungsfrist
17.03.2027
Ex­per­tin / Ex­per­te für In­for­ma­ti­ons­ana­ly­se und mi­li­tä­ri­sche Si­cher­heit (m/w/d)
Arbeitgeber
Bundesamt für das Personalmanagement der Bundeswehr
Arbeitsort
Köln
Bewerbungsfrist
31.12.2026
Ex­per­tin / Ex­per­te In­for­ma­ti­ons­tech­nik (m/w/d)
Arbeitgeber
Bundesamt für das Personalmanagement der Bundeswehr
Arbeitsort
Köln
Bewerbungsfrist
31.12.2026
Weitere Stellen
Kooperation:
Wir haben für Dich auf dieser Seite Informationen unter anderem von www.service.bund.de zusammengestellt.
Seitenfunktionen und -informationen
Diese Seite
Seite drucken
Unternavigation aller Website-Bereiche
Service
Unsere Stellen
Azu­bi A-B-C
Häu­fi­ge Fra­gen
Finde Deinen Beruf
Be­rei­te Dich vor
Das sind wir
So bil­den wir aus
Diese Berufe gibt es
So geht's
Rich­tig be­wer­ben
Be­wer­ben oh­ne deut­schen Pass
Be­wer­ben oh­ne deut­schen Schul­ab­schluss
Be­rufs­ein­stieg
Wenn's schief geht
Seiteninformationen
© 2026 Bundesamt für Migration und Flüchtlinge
Im­pres­s­um
Da­ten­schutz
Bar­rie­re­frei­heit",,,wir_sind_bund_de,https://www.wir-sind-bund.de/ExternalContent/service-bund-de-WSB/cache/BUNDDE/IMPORTE/Stellenangebote/interamt/2026/03/1427802.html,False,,47,,,,2026-06-13T14:44:52.567013+00:00
WSB-1445154,wir_sind_bund_fi,Oberbergischer Kreis,,,,"Ausbildungsplatz zum Fachinformatiker bzw. zur Fachinformatikerin Fachrichtung Systemintegration (m/w/d)

Arbeitgeber: Oberbergischer Kreis
Der Oberbergische Kreis bietet zum 01.08.2027 einen:
Ausbildungsplatz zum Fachinformatiker bzw. zur Fachinformatikerin Fachrichtung Systemintegration (m/w/d)
Als Kreisverwaltung sorgen wir dafür, dass es im Oberbergischen Kreis rund läuft. Auch als Arbeitgeber begleiten wir Sie durch Ihre Ausbildung. Ob bei der Unterstützung beim IT-Support oder der Bereitstellung von Fachanwendungen - bei uns im IT-Bereich sind Sie mit einer Ausbildung immer mittendrin.
Das macht das Arbeiten bei uns rund
Wir sind für Sie ein verlässlicher Arbeitgeber im öffentlichen Dienst.
Bei uns haben Sie die Möglichkeit, eigenverantwortlich einer interessanten und abwechslungsreichen Tätigkeit nachzugehen.
Sie erwartet eine 3-jährige Ausbildung in der Abteilung ""Informations- und Kommunikationstechnologie"" des Hauptamtes des Oberbergischen Kreises.

Sie erhalten eine Ausbildungsvergütung in Höhe von monatlich zurzeit 1.218,26 € (brutto) im 1. Ausbildungsjahr.
Ihre theoretische Ausbildung absolvieren Sie am Berufskolleg Oberberg in Wipperfürth.
Sie erhalten während Ihrer praktischen Ausbildung spannende Einblicke in die Aufgaben eines Fachinformatikers bzw. einer Fachinformatikerin mit der Fachrichtung Systemintegration.
Das können Sie bei uns bewegen
Als Teil unseres Teams unterstützen Sie dabei, dass alle IT-Services ebenso verlässlich wie effektiv zur Verfügung gestellt und etabliert werden.
Sie lösen Fachaufgaben im Bereich der Systementwicklung und lernen die kaufmännische Steuerung von IT-Services kennen.
Es erwartet Sie ein vielseitiges Aufgabengebiet, in welchem sich für Sie gute Weiterentwicklungsmöglichkeiten ergeben können.
Das bringen Sie mit
Sie haben mindestens die Fachoberschulreife.
Sie haben gute Noten, insbesondere in den Fächern Englisch und Mathematik.
Sie haben Interesse an einer vielseitigen und abwechslungsreichen Ausbildung.
Sie haben Interesse an Datenverarbeitung und technisches Verständnis sowie analytisches Denkvermögen.
Sie haben Interesse an der Einführung und AdministrationIT-technischer Systeme und Betreuung und Schulung von Mitarbeitenden.
Sie sind motiviert, zuverlässig und engagiert
Sie sind freundlich und aufgeschlossen.
Sie sind teamfähig und lernbereit.
Gut zu wissen: Wir fördern aktiv die Gleichstellung von Frauen und Männern sowie die Vielfalt aller Menschen in der Verwaltung. Daher haben alle Menschen bei uns die gleichen Chancen auf einen Job, unabhängig von Geschlecht, Alter, Herkunft, Religion oder Behinderung.
Klingt das nach einer runden Sache für Sie?
Dann freuen wir uns auf Ihre Unterlagen über unser Bewerbungsportal bis zum 31.07.2026","1.218,26 €",,Ausbildungsplatz zum Fachinformatiker bzw. zur Fachinformatikerin Fachrichtung Systemintegration (m/w/d),si,,"Sie erhalten eine Ausbildungsvergütung in Höhe von monatlich zurzeit 1.218,26 € (brutto) im 1. Ausbildungsjahr.
Ihre theoretische Ausbildung absolvieren Sie am Berufskolleg Oberberg in Wipperfürth.
Sie erhalten während Ihrer praktischen Ausbildung spannende Einblicke in die Aufgaben eines Fachinformatikers bzw. einer Fachinformatikerin mit der Fachrichtung Systemintegration.
Das können Sie bei uns bewegen
Als Teil unseres Teams unterstützen Sie dabei, dass alle IT-Services ebenso verlässlich wie effektiv zur Verfügung gestellt und etabliert werden.
Sie lösen Fachaufgaben im Bereich der Systementwicklung und lernen die kaufmännische Steuerung von IT-Services kennen.
Es erwartet Sie ein vielseitiges Aufgabengebiet, in welchem sich für Sie gute Weiterentwicklungsmöglichkeiten ergeben können.
Das bringen Sie mit
Sie haben mindestens die Fachoberschulreife.
Sie haben gute Noten, insbesondere in den Fächern Englisch und Mathematik.
Sie haben Interesse an einer vielseitigen und abwechslungsreichen Ausbildung.
Sie haben Interesse an Datenverarbeitung und technisches Verständnis sowie analytisches Denkvermögen.
Sie haben Interesse an der Einführung und AdministrationIT-technischer Systeme und Betreuung und Schulung von Mitarbeitenden.
Sie sind motiviert, zuverlässig und engagiert
Sie sind freundlich und aufgeschlossen.
Sie sind teamfähig und lernbereit.
Gut zu wissen: Wir fördern aktiv die Gleichstellung von Frauen und Männern sowie die Vielfalt aller Menschen in der Verwaltung. Daher haben alle Menschen bei uns die gleichen Chancen auf einen Job, unabhängig von Geschlecht, Alter, Herkunft, Religion oder Behinderung.
Klingt das nach einer runden Sache für Sie?
Dann freuen wir uns auf Ihre Unterlagen über unser Bewerbungsportal bis zum 31.07.2026",,,empty,,,,,none,"Weitere Informationen
Stellenangebot auf externer Website ansehen
Kurzinfo
Berufsgruppe: IT und Telekommunikation
Ort: Gummersbach
Arbeitszeit: Vollzeit
Bewerbungsfrist: 31.07.2026
Laufbahn: Ausbildung
Kontakt: Frau Bianca Krams
Berufsbeschreibung
Zum Berufsglossar
BERUFENET
Finde weitere Stellen
Dua­les Stu­di­um als Ver­wal­tungs­in­for­ma­ti­k­an­wär­ter/in (m/w/d)
Arbeitgeber
Regierung von Niederbayern
Arbeitsort
Landshut
Bewerbungsfrist
17.03.2027
Ex­per­tin / Ex­per­te für In­for­ma­ti­ons­ana­ly­se und mi­li­tä­ri­sche Si­cher­heit (m/w/d)
Arbeitgeber
Bundesamt für das Personalmanagement der Bundeswehr
Arbeitsort
Köln
Bewerbungsfrist
31.12.2026
Ex­per­tin / Ex­per­te In­for­ma­ti­ons­tech­nik (m/w/d)
Arbeitgeber
Bundesamt für das Personalmanagement der Bundeswehr
Arbeitsort
Köln
Bewerbungsfrist
31.12.2026
Weitere Stellen
Kooperation:
Wir haben für Dich auf dieser Seite Informationen unter anderem von www.service.bund.de zusammengestellt.
Seitenfunktionen und -informationen
Diese Seite
Seite drucken
Unternavigation aller Website-Bereiche
Service
Unsere Stellen
Azu­bi A-B-C
Häu­fi­ge Fra­gen
Finde Deinen Beruf
Be­rei­te Dich vor
Das sind wir
So bil­den wir aus
Diese Berufe gibt es
So geht's
Rich­tig be­wer­ben
Be­wer­ben oh­ne deut­schen Pass
Be­wer­ben oh­ne deut­schen Schul­ab­schluss
Be­rufs­ein­stieg
Wenn's schief geht
Seiteninformationen
© 2026 Bundesamt für Migration und Flüchtlinge
Im­pres­s­um
Da­ten­schutz
Bar­rie­re­frei­heit",,,wir_sind_bund_de,https://www.wir-sind-bund.de/ExternalContent/service-bund-de-WSB/cache/BUNDDE/IMPORTE/Stellenangebote/interamt/2026/05/1445154.html,False,,40,2027,8,2027-08-01,2026-06-13T14:45:10.151525+00:00
WSB-1454496,wir_sind_bund_fi,Saarpfalz-Kreis,,,,"Arbeitgeber: Saarpfalz-Kreis
Mit rund 760 Beschäftigten und vielen abwechslungsreichen Aufgaben versteht sich der Saarpfalz-Kreis in Homburg als modernes Dienstleistungsunternehmen mit einem breiten Leistungsspektrum. Kompetenz, Bürgernähe und Vielfalt spielen in unserem Arbeitsalltag eine große Rolle.
Zur Gestaltung der Zukunft des Saarpfalz-Kreises suchen wir aufgeschlossene und engagierte Persönlichkeiten, die das Team der Kreisverwaltung unterstützen möchten.
Zum 01.08.2027 stellen wir
eine*n Auszubildende*n (w/m/d) für den Beruf<br/>Fachinformatiker*in (w/m/d) Fachrichtung Systemintegration
ein.
Allgemeine Ausbildungsinformationen:
Standort: Homburg und Außenstellen im Saarpfalz-Kreis
Arbeitszeitumfang: duale Ausbildung mit praktischen Ausbildungsabschnitten im Fachbereich IT der Kreisverwaltung sowie eine Woche Blockunterricht/Monat an der Berufsschule (TGBBZ Saarbrücken)

Diese Qualifikation (Mindestanforderung) bzw. persönlichen Voraussetzungen bringen Sie mit:
mittlerer Bildungsabschluss oder ein als gleichwertig anerkannter Bildungsstand
eine sehr gute Allgemeinbildung, Zuverlässigkeit und sorgfältiges Arbeiten
Grundkenntnisse in den gängigen PC-Programmen
analytisches und logisches Denken
großes Interesse an Informationstechnologien und technischen Zusammenhängen
Teamgeist, Kommunikationsfähigkeit und Zielstrebigkeit
Wir haben Ihr Interesse geweckt? So geht es weiter:
Bewerbungen sind ausschließlich online über das Stellenportal Interamt möglich.
Ihre Bewerbung mit den üblichen aussagefähigen Unterlagen wie
Anschreiben
Lebenslauf
Schul-/Abschlusszeugnissen
ggf. Arbeits-/Praktikumszeugnissen
können Sie direkt über dieses Stellenportal einreichen.
Sollte die geforderte schulische Qualifikation erst in 2027 abgeschlossen werden, wird zunächst das letzte vorliegende (Halb-)Jahreszeugnis benötigt.
Bei einem ausländischen Abschluss sind eine amtlich beglaubigte Übersetzung des Zeugnisses und die Vorlage des Anerkennungsbescheids über die Gleichstellung des Abschlusses erforderlich.
Die Bewerberinnen und Bewerber (w/m/d) müssen sich einem Eignungstest unterziehen, dessen Bestehen Voraussetzung für die Teilnahme am weiteren Auswahlverfahren ist. Die Zulassung zum Eignungstest richtet sich nach der Zeugnislage.
Weiteres:
Der Saarpfalz-Kreis verfügt über einen Frauenförderplan und ist an Bewerbungen von Frauen besonders interessiert. Schwerbehinderte Bewerberinnen und Bewerber (w/m/d) und ihnen Gleichgestellte werden im Rahmen der gesetzlichen Bestimmungen berücksichtigt. Bitte fügen Sie Ihrer Bewerbung dazu einen Nachweis bei, sofern im Einstellungsverfahren eine Schwerbehinderung oder Gleichstellung nach dem SGB IX berücksichtigt werden soll.
Mit Ihrer Bewerbung stimmen Sie der weiteren internen Verarbeitung Ihrer Daten zu dienstlichen Zwecken gemäß der Europäischen Datenschutz-Grundverordnung (DS-GVO) zu.
Die im Zusammenhang mit der Bewerbung oder einem späteren Vorstellungsgespräch entstehenden Kosten können nicht erstattet werden.
Haben Sie weitergehende Fragen?
Melden Sie sich gerne bei:
Herrn Petry , verantwortlicher Ausbilder, Fachbereich IT, 06841/104-8449.

Vergütung : 1368,26 € - 1464,02 € brutto (1.-3. Lehrjahr)
Bewerbungsfrist : 18.10.2026
Ausführliche Informationen zum Ausbildungsverlauf und den Lerninhalten sind im Internet unter https://www.saarpfalz-kreis.de/karriere (https://www.saarpfalz-kreis.de/karriere?view=article&id=2719:nachwuchskraefte&catid=268:karriere) zu finden.
Darauf können Sie sich freuen:
Neben einer abwechslungsreichen und praxisnahen Ausbildung mit vielfältigen Weiterbildungsperspektiven bieten wir eine qualifizierte, engagierte Betreuung , eine zuverlässige und attraktive monatliche V ergütung für die Dauer der Ausbildung und eine Abschlussprämie nach dem Tarifvertrag für Auszubildende im öffentlichen Dienst (TVAöD) sowie Dienst-Tablet oder -laptop , Zuschüsse zu Lernmitteln und zur Nutzung öffentlicher Verkehrsmittel ( „Jobticket“ bzw. „Junge-Leute-Ticket“ ).","1368,26 €, 1464,02 €","Diese Qualifikation (Mindestanforderung) bzw. persönlichen Voraussetzungen bringen Sie mit:
mittlerer Bildungsabschluss oder ein als gleichwertig anerkannter Bildungsstand
eine sehr gute Allgemeinbildung, Zuverlässigkeit und sorgfältiges Arbeiten
Grundkenntnisse in den gängigen PC-Programmen
analytisches und logisches Denken
großes Interesse an Informationstechnologien und technischen Zusammenhängen
Teamgeist, Kommunikationsfähigkeit und Zielstrebigkeit
Wir haben Ihr Interesse geweckt? So geht es weiter:
Bewerbungen sind ausschließlich online über das Stellenportal Interamt möglich.
Ihre Bewerbung mit den üblichen aussagefähigen Unterlagen wie
Anschreiben
Lebenslauf
Schul-/Abschlusszeugnissen
ggf. Arbeits-/Praktikumszeugnissen
können Sie direkt über dieses Stellenportal einreichen.
Sollte die geforderte schulische Qualifikation erst in 2027 abgeschlossen werden, wird zunächst das letzte vorliegende (Halb-)Jahreszeugnis benötigt.
Bei einem ausländischen Abschluss sind eine amtlich beglaubigte Übersetzung des Zeugnisses und die Vorlage des Anerkennungsbescheids über die Gleichstellung des Abschlusses erforderlich.
Die Bewerberinnen und Bewerber (w/m/d) müssen sich einem Eignungstest unterziehen, dessen Bestehen Voraussetzung für die Teilnahme am weiteren Auswahlverfahren ist. Die Zulassung zum Eignungstest richtet sich nach der Zeugnislage.
Weiteres:
Der Saarpfalz-Kreis verfügt über einen Frauenförderplan und ist an Bewerbungen von Frauen besonders interessiert. Schwerbehinderte Bewerberinnen und Bewerber (w/m/d) und ihnen Gleichgestellte werden im Rahmen der gesetzlichen Bestimmungen berücksichtigt. Bitte fügen Sie Ihrer Bewerbung dazu einen Nachweis bei, sofern im Einstellungsverfahren eine Schwerbehinderung oder Gleichstellung nach dem SGB IX berücksichtigt werden soll.
Mit Ihrer Bewerbung stimmen Sie der weiteren internen Verarbeitung Ihrer Daten zu dienstlichen Zwecken gemäß der Europäischen Datenschutz-Grundverordnung (DS-GVO) zu.
Die im Zusammenhang mit der Bewerbung oder einem späteren Vorstellungsgespräch entstehenden Kosten können nicht erstattet werden.
Haben Sie weitergehende Fragen?
Melden Sie sich gerne bei:
Herrn Petry , verantwortlicher Ausbilder, Fachbereich IT, 06841/104-8449.",,si,,"Vergütung : 1368,26 € - 1464,02 € brutto (1.-3. Lehrjahr)
Bewerbungsfrist : 18.10.2026
Ausführliche Informationen zum Ausbildungsverlauf und den Lerninhalten sind im Internet unter https://www.saarpfalz-kreis.de/karriere (https://www.saarpfalz-kreis.de/karriere?view=article&id=2719:nachwuchskraefte&catid=268:karriere) zu finden.
Darauf können Sie sich freuen:
Neben einer abwechslungsreichen und praxisnahen Ausbildung mit vielfältigen Weiterbildungsperspektiven bieten wir eine qualifizierte, engagierte Betreuung , eine zuverlässige und attraktive monatliche V ergütung für die Dauer der Ausbildung und eine Abschlussprämie nach dem Tarifvertrag für Auszubildende im öffentlichen Dienst (TVAöD) sowie Dienst-Tablet oder -laptop , Zuschüsse zu Lernmitteln und zur Nutzung öffentlicher Verkehrsmittel ( „Jobticket“ bzw. „Junge-Leute-Ticket“ ).",,,empty,,,,,none,"Weitere Informationen
Stellenangebot auf externer Website ansehen
Kurzinfo
Berufsgruppe: IT und Telekommunikation
Ort: Homburg
Arbeitszeit: Vollzeit
Bewerbungsfrist: 18.10.2026
Laufbahn: Ausbildung
Kontakt: Frau Maren Kanzlirsch
Telefon: +49 6841 104 8291
Berufsbeschreibung
Zum Berufsglossar
BERUFENET
Finde weitere Stellen
Dua­les Stu­di­um als Ver­wal­tungs­in­for­ma­ti­k­an­wär­ter/in (m/w/d)
Arbeitgeber
Regierung von Niederbayern
Arbeitsort
Landshut
Bewerbungsfrist
17.03.2027
Ex­per­tin / Ex­per­te für In­for­ma­ti­ons­ana­ly­se und mi­li­tä­ri­sche Si­cher­heit (m/w/d)
Arbeitgeber
Bundesamt für das Personalmanagement der Bundeswehr
Arbeitsort
Köln
Bewerbungsfrist
31.12.2026
Ex­per­tin / Ex­per­te In­for­ma­ti­ons­tech­nik (m/w/d)
Arbeitgeber
Bundesamt für das Personalmanagement der Bundeswehr
Arbeitsort
Köln
Bewerbungsfrist
31.12.2026
Weitere Stellen
Kooperation:
Wir haben für Dich auf dieser Seite Informationen unter anderem von www.service.bund.de zusammengestellt.
Seitenfunktionen und -informationen
Diese Seite
Seite drucken
Unternavigation aller Website-Bereiche
Service
Unsere Stellen
Azu­bi A-B-C
Häu­fi­ge Fra­gen
Finde Deinen Beruf
Be­rei­te Dich vor
Das sind wir
So bil­den wir aus
Diese Berufe gibt es
So geht's
Rich­tig be­wer­ben
Be­wer­ben oh­ne deut­schen Pass
Be­wer­ben oh­ne deut­schen Schul­ab­schluss
Be­rufs­ein­stieg
Wenn's schief geht
Seiteninformationen
© 2026 Bundesamt für Migration und Flüchtlinge
Im­pres­s­um
Da­ten­schutz
Bar­rie­re­frei­heit",,,wir_sind_bund_de,https://www.wir-sind-bund.de/ExternalContent/service-bund-de-WSB/cache/BUNDDE/IMPORTE/Stellenangebote/interamt/2026/06/1454496.html,False,,40,2027,8,2027-08-01,2026-06-13T14:45:21.014450+00:00
WSB-1337139,wir_sind_bund_fi,Technische Universität Clausthal,,,,"Ausbildung zur:zum Fachinformatiker:in Systemintegration (w/m/d)

Arbeitgeber: Technische Universität Clausthal
Die Technische Universität Clausthal ist eine forschungsstarke Universität mit hoher nationaler und internationaler Vernetzung. Die rund 80 Professor:innen, 1.100 Beschäftigten sowie 3.000 Studierenden genießen kurze Wege, einen persönlichen Umgang und die faszinierende Landschaft inmitten des UNESCO-Welterbes Harz. Die TU Clausthal ist als größte Arbeitgeberin der Region der wichtigste Wirtschaftsfaktor und bietet kulturelle Vielfalt und Internationalität. Die TU Clausthal hat sich gesamtuniversitär dem Leitthema der „Circular Economy“ verpflichtet und verfolgt das Ziel, in Forschung, Lehre und Verwaltung am Aufbau einer nachhaltigen Gesellschaft im digitalen Zeitalter mitzuwirken.
Du arbeitest gerne mit Menschen und Technik? Bist teamfähig, engagiert und verantwortungsbewusst? Dann suchen wir dich zum 01.08.2026 für die
Ausbildung zur:zum Fachinformatiker:in Systemintegration (w/m/d)
(Ausbildungsdauer grundsätzlich 3 Jahre)
Du bringst mit:
mindestens Realschulabschluss
mindestens befriedigende Noten in den Schulfächern Englisch, Mathematik und Informatik
logisches Denken
technisches Verständnis
Sprachlevel Deutsch mindestens C1 (Nachweis bitte der Bewerbung beifügen, sofern ein ausländischer Schulabschluss vorliegt)
Dich erwartet:
vielfältige und praxisorientierte Ausbildung an einer zukunftsorientierten Universität
krisensicherer Arbeitsplatz mit allen Vorteilen des öffentlichen Dienstes (Entgelt nach TVA-L, 30 Tage Urlaub, flexible Arbeitszeit, jährliche Sonderzahlung, Abschlussprämie, vermögenswirksame Leistungen)
Übernahme der Reisekosten zur Berufsschule und zu Lehrgängen
abwechslungsreiches Freizeitangebot und geringe Lebenshaltungskosten in Clausthal-Zellerfeld
Deine Bewerbung:
Bewirb dich schnell und einfach auf unserer Homepage über den Button ""Online-Bewerbung"".
Hier direkt bewerben! (https://karriere-ausbildung.tu-clausthal.de/jobposting/ecf7349e29c577ac58044baa426951a4263ebf410)
Wir freuen uns auf dich!
Gleichstellung mit ihren Facetten Chancengerechtigkeit, Diversität und Familienfreundlichkeit ist der TUClausthal ein wichtiges Anliegen. Menschen mit Schwerbehinderung werden bei entsprechender Eignung mit Vorrang berücksichtigt. Die Bewerbungen von Menschen aller Nationalitäten sind willkommen.
Bewerbungskosten können leider nicht erstattet werden. Die Bewerbungsunterlagen werden nach Abschluss des Auswahlverfahrens unter Einhaltung der gesetzlichen Bestimmungen vernichtet. Bitte beachte unsere Hinweise zum Datenschutz im Bewerbungsverfahren unter https://www.tu-clausthal.de/universitaet/karriere-ausbildung/stellenangebote/hinweise-zum-datenschutz-im-bewerbungsverfahren (https://www.tu-clausthal.de/universitaet/karriere-ausbildung/stellenangebote/hinweise-zum-datenschutz-im-bewerbungsverfahren)
Kontakt:
Für Fragen:
Technische Universität Clausthal
Personaldezernat
Frau Kröher, 05323/72-2396",,,Ausbildung zur:zum Fachinformatiker:in Systemintegration (w/m/d),si,,,,,empty,,https://www.tu-clausthal.de/universitaet/karriere-ausbildung/stellenangebote/hinweise-zum-datenschutz-im-bewerbungsverfahren,https://www.tu-clausthal.de/universitaet/karriere-ausbildung/stellenangebote/hinweise-zum-datenschutz-im-bewerbungsverfahren,https://www.tu-clausthal.de/universitaet/karriere-ausbildung/stellenangebote/hinweise-zum-datenschutz-im-bewerbungsverfahren,externe,"Weitere Informationen
Stellenangebot auf externer Website ansehen
Kurzinfo
Berufsgruppe: IT und Telekommunikation
Ort: Clausthal-Zellerfeld
Arbeitszeit: Vollzeit
Bewerbungsfrist: 25.06.2026
Laufbahn: Ausbildung
Kontakt: Frau Kröher
Telefon: +49 5323 72-2396
Berufsbeschreibung
Zum Berufsglossar
BERUFENET
Finde weitere Stellen
Dua­les Stu­di­um als Ver­wal­tungs­in­for­ma­ti­k­an­wär­ter/in (m/w/d)
Arbeitgeber
Regierung von Niederbayern
Arbeitsort
Landshut
Bewerbungsfrist
17.03.2027
Ex­per­tin / Ex­per­te für In­for­ma­ti­ons­ana­ly­se und mi­li­tä­ri­sche Si­cher­heit (m/w/d)
Arbeitgeber
Bundesamt für das Personalmanagement der Bundeswehr
Arbeitsort
Köln
Bewerbungsfrist
31.12.2026
Ex­per­tin / Ex­per­te In­for­ma­ti­ons­tech­nik (m/w/d)
Arbeitgeber
Bundesamt für das Personalmanagement der Bundeswehr
Arbeitsort
Köln
Bewerbungsfrist
31.12.2026
Weitere Stellen
Kooperation:
Wir haben für Dich auf dieser Seite Informationen unter anderem von www.service.bund.de zusammengestellt.
Seitenfunktionen und -informationen
Diese Seite
Seite drucken
Unternavigation aller Website-Bereiche
Service
Unsere Stellen
Azu­bi A-B-C
Häu­fi­ge Fra­gen
Finde Deinen Beruf
Be­rei­te Dich vor
Das sind wir
So bil­den wir aus
Diese Berufe gibt es
So geht's
Rich­tig be­wer­ben
Be­wer­ben oh­ne deut­schen Pass
Be­wer­ben oh­ne deut­schen Schul­ab­schluss
Be­rufs­ein­stieg
Wenn's schief geht
Seiteninformationen
© 2026 Bundesamt für Migration und Flüchtlinge
Im­pres­s­um
Da­ten­schutz
Bar­rie­re­frei­heit",,,wir_sind_bund_de,https://www.wir-sind-bund.de/ExternalContent/service-bund-de-WSB/cache/BUNDDE/IMPORTE/Stellenangebote/interamt/2025/07/1337139.html,False,,33,2026,8,2026-08-01,2026-06-13T14:44:49.071626+00:00
WSB-B7506600Y-2026-00004307-,wir_sind_bund_fi,Wehrwissenschaftliches Institut für Werk- und Betriebsstoffe,,,,"Ausbildung zur/zum Fachinformatikerin / Fachinformatiker für Systemintegration (m/w/d) 2027

Arbeitgeber: Wehrwissenschaftliches Institut für Werk- und Betriebsstoffe
Stelleninformationen
Unternehmen
Die Bundeswehr garantiert Sicherheit, Souveränität und außenpolitische Handlungsfähigkeit der Bundesrepublik Deutschland. Darüber hinaus schützt sie die Bürgerinnen und Bürger, unterstützt Verbündete und leistet Amtshilfe bei Naturkatastrophen und schweren Unglücksfällen im Inland. Hierbei unterliegt sie den Entscheidungen des Bundestages, dem deutschen Grundgesetz und dem Völkerrecht.
Stellenbeschreibung
Fachinformatikerinnen und Fachinformatiker (m/w/d) der Fachrichtung Systemintegration planen und konfigurieren IT-Systeme. Als Dienstleisterin und Dienstleister richten sie diese Systeme entsprechend den Kundenanforderungen ein und betreiben bzw. verwalten sie. Dazu gehört auch, dass sie bei auftretenden Störungen die Fehler systematisch und unter Einsatz von Experten- und Diagnosesystemen eingrenzen und beheben. Sie beraten bei Auswahl und Einsatz der Geräte, lösen Anwendungs- und Systemprobleme und erstellen Systemdokumentationen.
Qualifikationserfordernisse
Wir erwarten von Ihnen mindestens einen qualifizierten Abschluss der Haupt- oder Realschule (oder einen vergleichbaren Abschluss). Besonders wird der Fokus auf die Leistungen der Hauptfächer Deutsch und Mathematik sowie je nach Ausbildungsberuf auch in den naturwissenschaftlichen Fächern (z.B. Physik, Chemie und Biologie) bzw. in der ersten Fremdsprache gelegt.
sonstige Informationen
Bei der Bewerberauswahl wird Wert auf die fachliche, persönliche und charakterliche Eignung gelegt. Neben Interesse und Eignung für den gewählten Beruf sollten Sie Lernbereitschaft, Engagement und Konzentrationsfähigkeit mitbringen. Ebenso sind Teamgeist, Zuverlässigkeit und Verantwortungsbewusstsein Voraussetzung für eine vertrauensvolle Zusammenarbeit.
Bewerbungen von Frauen sind ausdrücklich erwünscht. Frauen werden bei gleicher Eignung, Befähigung und fachlicher Leistung in Bereichen, in denen sie unterrepräsentiert sind, bevorzugt berücksichtigt, sofern nicht in der Person eines Mitbewerbers liegende Gründe überwiegen.
Die Bewerbung behinderter Menschen ist ausdrücklich erwünscht. Schwerbehinderte Menschen und ihnen Gleichgestellte werden bei gleicher Eignung bevorzugt berücksichtigt. Von ihnen wird nur ein Mindestmaß an körperlicher Eignung verlangt. Individuelle behinderungsspezifische Einschränkungen verhindern eine bevorzugte Berücksichtigung nur bei zwingend nötigen Fähigkeitsmustern für den zu besetzenden Dienstposten.
Die Berufsausbildung ist grundsätzlich auch in Teilzeit möglich.
Im Anschluss an die Berufsausbildung wird bei entsprechender Leistung die Übernahme in ein Arbeitsverhältnis, Beamten- oder Soldatenverhältnis angestrebt.
Verdienst
Das Ausbildungsentgelt richtet sich nach dem Tarifvertrag für Auszubildende des öffentlichen
Dienstes (TVAöD) in der jeweils gültigen Fassung.
Ihr monatliches Ausbildungsentgelt erhöht sich über alle drei Ausbildungsjahre. Im ersten Jahr beträgt es ca. 1.368 Euro und steigt auf ca. 1.464 Euro brutto im dritten Jahr.
Bewerbungsinformationen
Sie interessieren sich für eine Ausbildung bei uns? Dann bewerben Sie sich bitte nach einer einmaligen Registrierung online auf unserer Bewerbungsplattform.
Für eine vollständige Bewerbung benötigen wir folgende Unterlagen als Upload im Kandidatenprofil:
ein formloses Bewerbungsschreiben
einen tabellarischen Lebenslauf
eine Kopie des letzten Schulzeugnisses
eine Einverständniserklärung des Sorgeberechtigten, falls Sie noch nicht volljährig sind
und sofern vorhanden:
Kopien von Praktikumszeugnissen
Kopien weiterer Zeugnisse über Tätigkeiten seit der Schulentlassung
eine Kopie des Schwerbehindertenausweises oder des Bescheides über die Gleichstellung als schwerbehinderter Mensch ( per Post)
Ergänzende Informationen
Bundeswehr-Dienstleistungszentrum München
089/1249-3024 (Herr Maier) oder 089/1249-3025 (Frau Eckl)",,,Ausbildung zur/zum Fachinformatikerin / Fachinformatiker für Systemintegration (m/w/d) 2027,si,,,,,empty,,https://bewerbung.bundeswehr-karriere.de/erece/portal/index.html#/JobDetail/none/ThreeColumnsEndExpanded/FA163EC863931FD197AFC8A1B3D856B3/,https://bewerbung.bundeswehr-karriere.de/erece/portal/index.html#/JobDetail/none/ThreeColumnsEndExpanded/FA163EC863931FD197AFC8A1B3D856B3/,https://bewerbung.bundeswehr-karriere.de/erece/portal/index.html#/JobDetail/none/ThreeColumnsEndExpanded/FA163EC863931FD197AFC8A1B3D856B3/,externe,"Weitere Informationen
Stellenangebot auf externer Website ansehen
Kurzinfo
Berufsgruppe: IT und Telekommunikation
Ort: Erding
Arbeitszeit: Vollzeit
Bewerbungsfrist: 30.09.2026
Laufbahn: Ausbildung
Kontakt: Marcel Maier
Berufsbeschreibung
Zum Berufsglossar
BERUFENET
Finde weitere Stellen
Dua­les Stu­di­um als Ver­wal­tungs­in­for­ma­ti­k­an­wär­ter/in (m/w/d)
Arbeitgeber
Regierung von Niederbayern
Arbeitsort
Landshut
Bewerbungsfrist
17.03.2027
Ex­per­tin / Ex­per­te für In­for­ma­ti­ons­ana­ly­se und mi­li­tä­ri­sche Si­cher­heit (m/w/d)
Arbeitgeber
Bundesamt für das Personalmanagement der Bundeswehr
Arbeitsort
Köln
Bewerbungsfrist
31.12.2026
Ex­per­tin / Ex­per­te In­for­ma­ti­ons­tech­nik (m/w/d)
Arbeitgeber
Bundesamt für das Personalmanagement der Bundeswehr
Arbeitsort
Köln
Bewerbungsfrist
31.12.2026
Weitere Stellen
Kooperation:
Wir haben für Dich auf dieser Seite Informationen unter anderem von www.service.bund.de zusammengestellt.
Seitenfunktionen und -informationen
Diese Seite
Seite drucken
Unternavigation aller Website-Bereiche
Service
Unsere Stellen
Azu­bi A-B-C
Häu­fi­ge Fra­gen
Finde Deinen Beruf
Be­rei­te Dich vor
Das sind wir
So bil­den wir aus
Diese Berufe gibt es
So geht's
Rich­tig be­wer­ben
Be­wer­ben oh­ne deut­schen Pass
Be­wer­ben oh­ne deut­schen Schul­ab­schluss
Be­rufs­ein­stieg
Wenn's schief geht
Seiteninformationen
© 2026 Bundesamt für Migration und Flüchtlinge
Im­pres­s­um
Da­ten­schutz
Bar­rie­re­frei­heit",,,wir_sind_bund_de,https://www.wir-sind-bund.de/ExternalContent/service-bund-de-WSB/cache/BUNDDE/IMPORTE/Stellenangebote/bundeswehr/2026/06/B7506600Y-2026-00004307-B.html,False,,33,,,,2026-06-13T14:44:21.368091+00:00
WSB-2026-CIR-FUffz-ELOKA-Fac,wir_sind_bund_fi,Bundesamt für das Personalmanagement der Bundeswehr,,,,"Arbeitgeber: Bundesamt für das Personalmanagement der Bundeswehr
Stelleninformationen
Unternehmen
Bundeswehr - Mach, was wirklich zählt.
Orte: Daun, Leck, Stadum
Bewerbung und Einstellung jederzeit möglich.
Stellenbeschreibung
Soldatin bzw. Soldat auf Zeit als Fachunteroffizier/in für 3 bis 12 Jahre
Elektronische Empfangs- und Analysegeräte bedienen - stationärer und mobiler Einsatz in entsprechend ausgerüsteten Fahrzeugen oder auf Booten und Schiffen der Marine
Morse-, Sprach- und technische Signale suchen und auswerten zur Abwehr von Bedrohungen
Elektromagnetische Ausstrahlungen suchen, vermessen, klassifizieren und identifizieren
Ergebnisse dokumentieren und melden zur Erstellung eines Lagebildes
Funksignale ohne Nachrichteninhalt suchen, aufnehmen und auswerten, z.B. Ortungs-, Leit- und Lenksysteme und Radarstationen
Einblick unter https://www.youtube.com/watch?v=TKYy0hrg2IA
BENEFITS
Geld & Finanzen
Attraktives Gehalt, monatlich zwischen 2.321 € und 2.781 € netto. Bezügebeispiele unter https://www.bundeswehrkarriere.de/downloads/fachunteroffizierinnen-und-fachunteroffiziere/917
Zusätzliche, monatliche Zulage von 141 € je nach Tätigkeit möglich
Familien-/Kinderzuschläge sowie Zuschläge bei Auslandseinsätzen
Höheres Einstiegsgehalt bei abgeschlossener Berufsausbildung möglich
Regelmäßige Beförderungen und damit steigendes Gehalt
Kostenfreies Bahnfahren in Uniform für private Fahrten
Karriere & Freizeit
Bewerbung für höhere Arbeitsebene und als Berufssoldat/in möglich
Gesicherter & familienfreundlicher Arbeitgeber
30 Tage Urlaub im Jahr, grundsätzlich 24. und 31.12. dienstfrei
Ausgleich von evtl. anfallenden Überstunden in Freizeit
Teilzeit nach Abschluss der Ausbildung möglich
Sport & Gesundheit
Kostenfreie medizinische Versorgung (kein Krankenkassenbeitrag)
Sport in der Dienstzeit
Qualifikationserfordernisse
Mindestalter 18 Jahre (17 Jahre mit Einverständnis gesetzlicher Vertretung)
Deutsche Staatsangehörigkeit
Hauptschulabschluss
Deutschlandweit versetzbar
Teilnahme an Auslandseinsätzen
Für Menschenwürde, Demokratie und Rechtsstaatlichkeit eintreten
Teilnahme an einer gesundheitlichen Untersuchung
sonstige Informationen
Wir suchen Verstärkung frei von Religion, Geschlecht, sexueller Orientierung und Herkunft. Für die gezielte Gleichstellung begrüßen wir Bewerbungen von Frauen besonders.
Ergänzende Informationen","2.321 €, 2.781 €, 141 €",,,non_fi,,,,,empty,,https://bewerbung.bundeswehr-karriere.de/erece/portal/index.html#/JobDetail/none/ThreeColumnsEndExpanded/FA163EC863931FD0B08EB84728169C9B/,https://bewerbung.bundeswehr-karriere.de/erece/portal/index.html#/JobDetail/none/ThreeColumnsEndExpanded/FA163EC863931FD0B08EB84728169C9B/,https://bewerbung.bundeswehr-karriere.de/erece/portal/index.html#/JobDetail/none/ThreeColumnsEndExpanded/FA163EC863931FD0B08EB84728169C9B/,externe,"Vollständige Stellenausschreibung am Ende dieser Seite unter ""Weitere Informationen - Stellenangebote"" bzw. ""Interesse geweckt"".
Bewerbungen bevorzugt online über das Bewerbungsportal der Bundeswehr unter https://bewerbung.bundeswehr-karriere.de
Weitere Informationen
Stellenangebot auf externer Website ansehen
Kurzinfo
Berufsgruppe: IT und Telekommunikation
Ort: Köln
Arbeitszeit: Vollzeit
Bewerbungsfrist: 31.12.2026
Laufbahn: Ausbildung
Kontakt: Frau Janine Dreger
Berufsbeschreibung
Zum Berufsglossar
BERUFENET
Finde weitere Stellen
Dua­les Stu­di­um als Ver­wal­tungs­in­for­ma­ti­k­an­wär­ter/in (m/w/d)
Arbeitgeber
Regierung von Niederbayern
Arbeitsort
Landshut
Bewerbungsfrist
17.03.2027
Ex­per­tin / Ex­per­te für In­for­ma­ti­ons­ana­ly­se und mi­li­tä­ri­sche Si­cher­heit (m/w/d)
Arbeitgeber
Bundesamt für das Personalmanagement der Bundeswehr
Arbeitsort
Köln
Bewerbungsfrist
31.12.2026
Ex­per­tin / Ex­per­te In­for­ma­ti­ons­tech­nik (m/w/d)
Arbeitgeber
Bundesamt für das Personalmanagement der Bundeswehr
Arbeitsort
Köln
Bewerbungsfrist
31.12.2026
Weitere Stellen
Kooperation:
Wir haben für Dich auf dieser Seite Informationen unter anderem von www.service.bund.de zusammengestellt.
Seitenfunktionen und -informationen
Diese Seite
Seite drucken
Unternavigation aller Website-Bereiche
Service
Unsere Stellen
Azu­bi A-B-C
Häu­fi­ge Fra­gen
Finde Deinen Beruf
Be­rei­te Dich vor
Das sind wir
So bil­den wir aus
Diese Berufe gibt es
So geht's
Rich­tig be­wer­ben
Be­wer­ben oh­ne deut­schen Pass
Be­wer­ben oh­ne deut­schen Schul­ab­schluss
Be­rufs­ein­stieg
Wenn's schief geht
Seiteninformationen
© 2026 Bundesamt für Migration und Flüchtlinge
Im­pres­s­um
Da­ten­schutz
Bar­rie­re­frei­heit",,,wir_sind_bund_de,https://www.wir-sind-bund.de/ExternalContent/service-bund-de-WSB/cache/BUNDDE/IMPORTE/Stellenangebote/bundeswehr/2026/01/2026-CIR-FUffz-ELOKA-Fachinform-B.html,False,,33,,,,2026-06-13T14:44:10.734732+00:00
WSB-2026-CIR-FUffz-IT-Fachin,wir_sind_bund_fi,Bundesamt für das Personalmanagement der Bundeswehr,,,,"Arbeitgeber: Bundesamt für das Personalmanagement der Bundeswehr
Stelleninformationen
Unternehmen
Bundeswehr – Mach, was wirklich zählt.
Orte: Husum, Köln, Murnau am Staffelsee, Panker
Bewerbung und Einstellung jederzeit möglich.
Stellenbeschreibung
Ob bei Heer, Luftwaffe, Marine oder im Cyber-/Informationsraum – Informationstechnik wird überall in der Bundeswehr eingesetzt. Als Soldatin bzw. Soldat auf Zeit für 3 bis 12 Jahre gibt es diese Aufgaben:
IT-Systeme sowie Netzwerken der Bundeswehr aufbauen, installieren, konfigurieren und warten
Geräte zur Datenverschlüsselung betreiben, Systemleistung überwachen, technische Probleme beheben und Sicherheitsmaßnahmen implementieren
Sicherheitsbedrohungen überwachen, auf Sicherheitsvorfälle in IT-Systemen und Netzwerken der Bundeswehr reagieren
Kommunikationsverbindungen (z.B. Satellit oder Funk) In- im Ausland einrichten und betreiben
Technische Unterstützung und Hilfe für Endbenutzer leisten, Probleme lösen und bei Verwendung von Hardware und Software unterstützen
Einblicke in den Dienst der Marine: https://www.youtube.com/watch?v=f2kmZJPu5zY
BENEFITS
Geld & Finanzen
Attraktives Gehalt, monatlich zwischen 2.321 € und 2.781 € netto. Bezügebeispiele unter https://www.bundeswehrkarriere.de/downloads/fachunteroffizierinnen-und-fachunteroffiziere/917
Familien-/Kinderzuschläge sowie Zuschläge bei Auslandseinsätzen
Höheres Einstiegsgehalt bei abgeschlossener Berufsausbildung möglich
Regelmäßige Beförderungen und damit steigendes Gehalt
Kostenfreies Bahnfahren in Uniform für private Fahrten
Karriere & Freizeit
Bewerbung für höhere Arbeitsebene und als Berufssoldat/in möglich
Gesicherter & familienfreundlicher Arbeitgeber
30 Tage Urlaub im Jahr, grundsätzlich 24. und 31.12. dienstfrei
Ausgleich von evtl. anfallenden Überstunden in Freizeit
Teilzeit nach Abschluss der Ausbildung möglich
Sport & Gesundheit
Kostenfreie medizinische Versorgung (kein Krankenkassenbeitrag)
Sport in der Dienstzeit
Qualifikationserfordernisse
Mindestalter 18 Jahre (17 Jahre mit Einverständnis gesetzlicher Vertretung)
Deutsche Staatsangehörigkeit
Hauptschulabschluss
Deutschlandweit versetzbar
Teilnahme an Auslandseinsätzen
Für Menschenwürde, Demokratie und Rechtsstaatlichkeit eintreten
Teilnahme an einer gesundheitlichen Untersuchung und Sicherheitsüberprüfung
sonstige Informationen
Wir suchen Verstärkung frei von Religion, Geschlecht, sexueller Orientierung und Herkunft. Für die gezielte Gleichstellung begrüßen wir Bewerbungen von Frauen besonders.
Ergänzende Informationen","2.321 €, 2.781 €",,,non_fi,,,,,empty,,https://bewerbung.bundeswehr-karriere.de/erece/portal/index.html#/JobDetail/none/ThreeColumnsEndExpanded/FA163EC863931FD0B08EC5FFC6CE5A35/,https://bewerbung.bundeswehr-karriere.de/erece/portal/index.html#/JobDetail/none/ThreeColumnsEndExpanded/FA163EC863931FD0B08EC5FFC6CE5A35/,https://bewerbung.bundeswehr-karriere.de/erece/portal/index.html#/JobDetail/none/ThreeColumnsEndExpanded/FA163EC863931FD0B08EC5FFC6CE5A35/,externe,"Vollständige Stellenausschreibung am Ende dieser Seite unter ""Weitere Informationen - Stellenangebote"" bzw. ""Interesse geweckt"".
Bewerbungen bevorzugt online über das Bewerbungsportal der Bundeswehr unter https://bewerbung.bundeswehr-karriere.de
Weitere Informationen
Stellenangebot auf externer Website ansehen
Kurzinfo
Berufsgruppe: IT und Telekommunikation
Ort: Köln
Arbeitszeit: Vollzeit
Bewerbungsfrist: 31.12.2026
Laufbahn: Ausbildung
Kontakt: Frau Janine Dreger
Berufsbeschreibung
Zum Berufsglossar
BERUFENET
Finde weitere Stellen
Dua­les Stu­di­um als Ver­wal­tungs­in­for­ma­ti­k­an­wär­ter/in (m/w/d)
Arbeitgeber
Regierung von Niederbayern
Arbeitsort
Landshut
Bewerbungsfrist
17.03.2027
Ex­per­tin / Ex­per­te für In­for­ma­ti­ons­ana­ly­se und mi­li­tä­ri­sche Si­cher­heit (m/w/d)
Arbeitgeber
Bundesamt für das Personalmanagement der Bundeswehr
Arbeitsort
Köln
Bewerbungsfrist
31.12.2026
Ex­per­tin / Ex­per­te In­for­ma­ti­ons­tech­nik (m/w/d)
Arbeitgeber
Bundesamt für das Personalmanagement der Bundeswehr
Arbeitsort
Köln
Bewerbungsfrist
31.12.2026
Weitere Stellen
Kooperation:
Wir haben für Dich auf dieser Seite Informationen unter anderem von www.service.bund.de zusammengestellt.
Seitenfunktionen und -informationen
Diese Seite
Seite drucken
Unternavigation aller Website-Bereiche
Service
Unsere Stellen
Azu­bi A-B-C
Häu­fi­ge Fra­gen
Finde Deinen Beruf
Be­rei­te Dich vor
Das sind wir
So bil­den wir aus
Diese Berufe gibt es
So geht's
Rich­tig be­wer­ben
Be­wer­ben oh­ne deut­schen Pass
Be­wer­ben oh­ne deut­schen Schul­ab­schluss
Be­rufs­ein­stieg
Wenn's schief geht
Seiteninformationen
© 2026 Bundesamt für Migration und Flüchtlinge
Im­pres­s­um
Da­ten­schutz
Bar­rie­re­frei­heit",,,wir_sind_bund_de,https://www.wir-sind-bund.de/ExternalContent/service-bund-de-WSB/cache/BUNDDE/IMPORTE/Stellenangebote/bundeswehr/2026/01/2026-CIR-FUffz-IT-Fachinform-B.html,False,,33,,,,2026-06-13T14:44:14.161496+00:00
