id_referensi,kategori,nama_perusahaan,kota,alamat,jenis_ausbildung,spesialisasi,tahun_mulai,bulan_mulai,gaji,skor_kelengkapan,tipe_website,email_bewerbung,link_bewerbung,cara_apply,kontak_hr,link_arbeitsagentur,ringkasan,butuh_manual,status_lamaran,prioritas,deskripsi,persyaratan,tanggal_scrape
13647-2026445591-S,fachinformatiker_ae,applord GmbH,Aachen,"Dresdener Straße 1, 52068 Aachen",Ausbildung | Fachinformatiker/in - Anwendungsentwicklung,ae,,,1250 € brutto,93,partner_portal,ausbildung@applord.de,https://www.aubi-plus.de/ausbildung/applord-gmbh-fachinformatiker-aachen-445591/?mtm_campaign=jobboard&mtm_source=Arbeitsagentur,email,"Dein Ansprechpartner: Sven Lühmann
Bitte sende uns deine Bewerbung an: ausbildung@applord.de",https://www.arbeitsagentur.de/jobsuche/jobdetail/13647-2026445591-S,applord GmbH | Ausbildung | Fachinformatiker/in - Anwendungsentwicklung | Aachen,tidak,belum,tinggi,"Ausbildung zum Fachinformatiker für Anwendungsentwicklung oder Systemintegration 2026&nbsp;(m/w/d)
Bei der applord GmbH bieten wir mehr als nur eine Ausbildung: Wir bieten dir die Chance, Teil eines engagierten Teams zu werden, das großen Wert auf Innovation und Zusammenarbeit legt. Als europaweit agierendes IT-Unternehmen mit Kernkompetenzen in Softwareentwicklung, Outsourcing und Support bieten wir dir die Möglichkeit, von Anfang an aktiv in unsere Projektarbeit einzusteigen, wertvolle Erfahrungen zu sammeln und schnell eigenständige Aufgaben zu übernehmen.
Unser Erfolgsprodukt, das moderne Dokumentenmanagementsystem ecoDMS, ist nur ein Beispiel dafür, wie Innovation bei uns gelebt wird. Wir schätzen kreative Köpfe, die mit uns gemeinsam wachsen wollen.
Wir bieten dir:

Ein dynamisches Arbeitsumfeld: Du bist von Tag 1 an in echte Projekte eingebunden und kannst eigenständig Lösungen entwickeln.
Starke Teams: Unsere qualifizierten Ausbilder und sympathischen Kollegen sind immer an deiner Seite, um dir zu helfen und deine Fähigkeiten zu perfektionieren.
Kreativität und Eigeninitiative: Bei uns zählt jede Stimme – bringe deine Ideen ein und gestalte die Zukunft der IT mit.
Eine faire Ausbildungsvergütung:

1250 € brutto im ersten Ausbildungsjahr
1300 € brutto im zweiten Ausbildungsjahr
1350 € brutto im dritten Ausbildungsjahr


Die Kostenübernahme eines Deutschland-Tickets.
Die Kostenübernahme eines Prüfungsvorbereitungskurses.
Modernes Equipment&nbsp;– Ein aktuelles Notebook und ein iPad sind bei uns für alle Azubis Standard!
Eine hohe Übernahmequote.

Wir suchen dich, wenn du:

Begeisterung für Computertechnik und Technologien mitbringst.
Ein Teamplayer bist, der gerne Initiative zeigt und zuverlässig ist.
Sehr gute Deutsch- und gute Englischkenntnisse besitzt.

Bereit für den nächsten Schritt?
Dann freuen wir uns auf deine Bewerbung!
Dein Ansprechpartner: Sven Lühmann
Bitte sende uns deine Bewerbung an: ausbildung@applord.de
",,2026-06-11T09:11:28.837542+00:00
10001-1002466278-S,fachinformatiker_ae_2026,Generali Deutschland AG,Aachen,"Anton-Kurze-Allee 16, 52064 Aachen",Ausbildung | Fachinformatiker/in - Anwendungsentwicklung,ae,2026,,Jahr 1: 1455 EUR/Monat | Jahr 2: 1532 EUR/Monat | Jahr 3: 1620 EUR/Monat,87,ba_portal,,https://www.arbeitsagentur.de/jobsuche/jobdetail/10001-1002466278-S,ba_portal,,https://www.arbeitsagentur.de/jobsuche/jobdetail/10001-1002466278-S,Generali Deutschland AG | Ausbildung | Fachinformatiker/in - Anwendungsentwicklung | Aachen,ya,belum,rendah,"### Überblick

Die Generali ist eine der führenden Erstversicherungsgruppen im deutschen Markt. Als Teil der internationalen Generali Group ist die Generali in Deutschland mit den Marken Generali, CosmosDirekt und Dialog in den Segmenten Leben, Kranken und Schaden/Unfall tätig. Die Produkte der Generali Deutschland Versicherungen sind exklusiv bei der Deutschen Vermögensberatung Unternehmensgruppe erhältlich.

### Das ist der Job

- eine fundierte Grundqualifizierung, anschließend durchläufst Du verschiedene Abteilungen und lernst so das breite Spektrum unserer IT-Dienstleistungen mit dem Schwerpunkt Programmierung kennen
- spannende Projekte, bei denen Du aktiv mitgestalten und Dein Wissen in die Praxis umsetzen kannst
- ein Netzwerk von Young und Senior LIONS, die Dich in Präsenz oder mobil unterstützen und motivieren
- eine optimale Vorbereitung auf Deine Prüfungen durch praxisnahe Schulungen
- ein tarifliches Ausbildungsgehalt, technische Ausstattung mit Laptop, 30 Urlaubstage im Jahr und viele weitere Benefits (z.B. Gesundheits- und Fitnessangebote, diverse Rabatte)
- gute Übernahmechancen nach der Ausbildung bei entsprechender Leistung und hervorragende Weiterbildungsmöglichkeiten

### Das wünschen wir uns

- Du hast das Fachabitur oder Abitur (beinahe) in der Tasche, bist hochmotiviert und kannst es kaum erwarten, in die Praxis zu starten?
- Du verfügst über gute Englisch- und Mathekenntnisse, begeisterst Dich für Informatik und hast vielleicht schon erste Erfahrungen mit einer Programmiersprache?
- Du bist digital unterwegs und möchtest unseren Kunden den bestmöglichen Service bieten?
- Du hast eine fixe Auffassungsgabe und stellst Dich schnell auf neue Situationen und Menschen ein?
- Du kannst selbstständig arbeiten und auch als Teamplayer Deine Kollegen unterstützen?

Wir freuen uns auf Deine Bewerbungsunterlagen mit Lebenslauf und Zeugnissen.","- Du verfügst über gute Englisch- und Mathekenntnisse, begeisterst Dich für Informatik und hast vielleicht schon erste Erfahrungen mit einer Programmiersprache?
- Du bist digital unterwegs und möchtest unseren Kunden den bestmöglichen Service bieten?
- Du hast eine fixe Auffassungsgabe und stellst Dich schnell auf neue Situationen und Menschen ein?
- Du kannst selbstständig arbeiten und auch als Teamplayer Deine Kollegen unterstützen?",2026-06-11T08:13:30.187049+00:00
10000-1202964676-S,fachinformatiker_ae_2026,gypsilon software GmbH,Aachen,"Pascalstr. 71, 52076 Aachen",Ausbildung | Fachinformatiker/in - Anwendungsentwicklung,ae,2026,,,87,ba_portal,info@gypsilon.de,https://www.arbeitsagentur.de/jobsuche/jobdetail/10000-1202964676-S,email,,https://www.arbeitsagentur.de/jobsuche/jobdetail/10000-1202964676-S,gypsilon software GmbH | Ausbildung | Fachinformatiker/in - Anwendungsentwicklung | Aachen,tidak,belum,tinggi,"**Du suchst einen Ausbildungsplatz als Fachinformatiker/in - Anwendungsentwicklung?** 

Dann bist Du bei der gypsilon Software GmbH in Aachen genau richtig! Unser Unternehmen, gegründet 1967, ist das älteste

Softwarehaus in Aachen und beschäftigt etwa 50 Mitarbeiter aus verschiedenen Bereichen. Unsere Kunden profitieren von unseren intelligenten

Softwarelösungen – der Immobilienverwaltungssoftware K-ZWO, dem gypsilon Rechnungswesen und dem gypsilon Rechnungsworkflow.

# **Wir suchen einen motivierten Auszubildenden (m/w/d) wie Dich!**

**Das lernst Du bei uns/Deine Aufgabenschwerpunkte**

Damit Du so viel wie möglich lernst und herausfinden kannst, in welchem Bereich Du Dich nach Deiner

Ausbildung spezialisieren möchtest, durchläufst Du verschiedene Abteilungen in Deiner Ausbildung.

▪ Frontend: Entwicklung und Gestaltung benutzerfreundlicher Oberflächen, Einsatz moderner Technologien

wie HTML, CSS und TypeScript.

▪ Backend: Programmierung serverseitiger Anwendungen, Datenbankmanagement und Implementierung

von REST-APIs.

▪ UI/UX: Gestaltung intuitiver und ansprechender Benutzeroberflächen, Analyse und Verbesserung der User

Experience.

▪ DevOps:Automatisierung von Entwicklungs- und Deployment-Prozessen, Monitoring und Wartung unserer

IT-Infrastruktur.

▪ Mitarbeit an unseren spannenden Softwarelösungen.

▪ Unterstützung bei der Entwicklung und Optimierung von Anwendungen.

▪ Umsetzung von neuen Features und Bugfixes.

▪ Testing und Qualitätssicherung.

**Das bringst Du mit**

▪ Interesse und Begeisterung für Softwareentwicklung und IT.

▪ Erste Erfahrungen mit Programmiersprachen wie TypeScript, Java, HTML und CSS von Vorteil.

▪ Kreativität und analytisches Denkvermögen.

▪ Teamfähigkeit und Lernbereitschaft.

**Dein Profil**

▪ mindestens einen guten Abschluss der mittleren Reife, im Idealfall das Abitur oder die Fachhochschulreife.

▪ Gute Noten in den Fächern Informatik und Mathematik.

▪ Freude an Herausforderungen und Problemlösungen.

▪ Engagement und Eigeninitiative.

**Deine Benefits**

▪ Leckeres Frühstück: Ja, Du hast richtig gelesen! Du hast täglich die Möglichkeit mit Deinen Kollegen ausgiebig zu frühstücken.

▪ Betriebliche Altersvorsorge: Sprich uns gerne an, wenn Dir das Thema betriebliche Altersvorsorge wichtig ist.

▪ Lust auf Firmenevents? Bei uns gibt es regelmäßig Teamevents, ein jährliches Sommerfest, sowie eine Weihnachtsfeier.

▪ Kaffee- & Getränkeflat: Lass´ Deine Getränke zuhause und zieh Dir so viel Kaffee, wie Du willst.

▪ Kostenfreie Parkplätze: Mach Dir keine Gedanken um Parkgebühren. Auf unserem Gelände gibt es genügend Parkplätze, die Du kostenfrei nutzen kannst.

▪ Fahrtkosten: Du erhältst von uns neben einer attraktiven Ausbildungsvergütung einen Fahrtkostenzuschuss.

**Darum lohnt sich die Ausbildung für Dich bei uns**

▪ Wir bieten Dir eine fundierte Ausbildung in einem innovativen Unternehmen.

▪ Du erhältst einen Einblick in verschiedene Abteilungen zur Förderung Deiner individuellen Stärken.

▪ Du profitierst von einem modernen Arbeitsumfeld und den neuesten Technologien.

▪ Dich erwarteten ein engagiertes Team und ein angenehmes Arbeitsklima.

▪ Wir bilden aus, um langfristige Teams aufzubauen. Die Chance auf einen unbefristeten Arbeitsvertrag nach

der Ausbildung ist sehr hoch. In den letzten Jahren haben wir erfolgreich Auszubildende ausgebildet,

von denen viele inzwischen in unbefristeten Festanstellungen bei uns tätig sind.

**Bewirb Dich mit 1-2 Sätzen zu Deiner Motivation, Deinem Lebenslauf und Deinem letzten Zeugnis**

**per E-Mail an info@gypsilon.de**

Wir freuen uns auf Deine Bewerbung!","**Das bringst Du mit**
▪ Interesse und Begeisterung für Softwareentwicklung und IT.
Mittlere Reife / Realschulabschluss",2026-06-11T08:14:09.617828+00:00
ASD-998030004068033066,ausbildungsstellen_si,Azubiyo,Aachen,Anton-Kurze-Allee 16 52064 Aachen Nordrhein-Westfalen,Ausbildung zum Fachinformatiker (m/w/d) für Anwendungsentwicklung in Aachen,ae,,,"1.355,00 €, 1.455,00 €, 1.532,00 €, 1.620,00 €, 1.355 €, 1.455 €",80,company,,https://www.azubiyo.de/bewerbung/,portal,"Gerne beantworten wir alle Fragen rund um Karriere im persönlichen Kontakt:
+49 (0)221/1636 56650 (Mo bis Do 8-18 Uhr, Fr 8-17 Uhr)
Standort: Anton-Kurze-Allee 16, 52064 Aachen und mobil | Art der Stelle: Ausbildung | Startdatum: 11.08.2026 | Gehalt: Im ersten Monat liegt das Gehalt bei 1.355 €. Durch Tarifverhandlungen steigt das Gehalt nun je nach Ausbildungsjahr auf 1.455 - 1.620 Euro. | Veröffentlichungsdatum: 21.01.2026 | Gültig bis: 31.07.2026
Noch mehr Infos findest du unter www.generali.de.",,Azubiyo | Ausbildung zum Fachinformatiker (m/w/d) für Anwendungsentwicklung in Aachen | Aachen,tidak,belum,sedang,"Ausbildung zum Fachinformatiker (m/w/d) für Anwendungsentwicklung in Aachen

Das erwartet dich
- Praxisphasen: Nach einer fundierten Grundausbildung durchläufst du verschiedene Abteilungen und lernst das breite Spektrum unserer IT-Dienstleistungen mit dem Schwerpunkt Programmierung kennen.
- Agiles Arbeiten: Du lernst die Arbeit in agilen (Forschungs-)Teams unserer IT-Abteilung kennen.
- Betreuung: Durch die Begleitung und das Coaching durch unser Ausbildungsteam sowie anderer Young LIONs wirst du ideal auf deine Prüfung sowie den späteren Berufsalltag vorbereitet.
- Ausbildungsweg: Nach ca. einem Jahr stellst du dein Wissen im Rahmen des ersten Teils der gestreckten Abschlussprüfung unter Beweis. Am Ende deiner Ausbildung erhältst du nach erfolgreicher Prüfung deinen Abschluss als „Fachinformatiker/-in (m/w/d) für Anwendungsentwicklung“.
- Ausbildungsdauer: 3 Jahre

- Karrierechancen: Bei entsprechender Leistung hast du sehr gute Übernahmemöglichkeiten. Nach der Ausbildung kannst du dich mit Hilfe unserer Talentprogramme weiterentwickeln. Das bringst du mit
- Schulabschluss: Du hast das Fachabitur oder das Abitur (beinahe) in der Tasche.
- Kompetenzen: Du verfügst über gute Englisch- und Mathekenntnisse, begeisterst dich für Informatik und hast vielleicht schon erste Erfahrungen mit einer Programmiersprache.
- Arbeitsweise: Du arbeitest selbstständig und unterstützt dein Team. Dabei kannst du dich schnell auf neue Situationen und Menschen einstellen. Das kannst du erwarten
- Gehalt: Zuerst gibt es monatlich 1.355,00 €. Ab dem 1. September steigt das Gehalt im 1. Lehrjahr auf 1.455,00 €, im 2. Lehrjahr auf 1.532,00 € und im 3. Lehrjahr auf 1.620,00 €, plus Bonus, Urlaubs- und Weihnachtsgeld, betriebliche Altersvorsorge und viele Vergünstigungen
- Work-Life-Balance: 30 Urlaubstage, flexible Arbeitszeiten sowie zusätzliche Lerntage. Du hast die Möglichkeit im Rahmen unserer Smart-Working-Vereinbarung auch mobil zu arbeiten.
- Weiterentwicklung: Vielfältige Trainings- und digitale Lernangebote.
- Gesundheit und Fitness: Umfangreiche Sport-, Vorsorge- und Versicherungsangebote.
- Gemeinschaft: After-Work-Events, Betriebssport und viele Vernetzungsmöglichkeiten.
- Rabatte: Zahlreiche Rabattmöglichkeiten und Zuschüsse, z. B. Corporate Benefits, Zuschuss zum Jobticket.
So bewirbst du dich","- Karrierechancen: Bei entsprechender Leistung hast du sehr gute Übernahmemöglichkeiten. Nach der Ausbildung kannst du dich mit Hilfe unserer Talentprogramme weiterentwickeln. Das bringst du mit
- Schulabschluss: Du hast das Fachabitur oder das Abitur (beinahe) in der Tasche.
- Kompetenzen: Du verfügst über gute Englisch- und Mathekenntnisse, begeisterst dich für Informatik und hast vielleicht schon erste Erfahrungen mit einer Programmiersprache.
- Arbeitsweise: Du arbeitest selbstständig und unterstützt dein Team. Dabei kannst du dich schnell auf neue Situationen und Menschen einstellen. Das kannst du erwarten
- Gehalt: Zuerst gibt es monatlich 1.355,00 €. Ab dem 1. September steigt das Gehalt im 1. Lehrjahr auf 1.455,00 €, im 2. Lehrjahr auf 1.532,00 € und im 3. Lehrjahr auf 1.620,00 €, plus Bonus, Urlaubs- und Weihnachtsgeld, betriebliche Altersvorsorge und viele Vergünstigungen
- Work-Life-Balance: 30 Urlaubstage, flexible Arbeitszeiten sowie zusätzliche Lerntage. Du hast die Möglichkeit im Rahmen unserer Smart-Working-Vereinbarung auch mobil zu arbeiten.
- Weiterentwicklung: Vielfältige Trainings- und digitale Lernangebote.
- Gesundheit und Fitness: Umfangreiche Sport-, Vorsorge- und Versicherungsangebote.
- Gemeinschaft: After-Work-Events, Betriebssport und viele Vernetzungsmöglichkeiten.
- Rabatte: Zahlreiche Rabattmöglichkeiten und Zuschüsse, z. B. Corporate Benefits, Zuschuss zum Jobticket.
So bewirbst du dich",2026-06-13T13:00:55.212582+00:00
10000-1205429337-S,fachinformatiker_ae_2026,Bauer & Kirch GmbH,Aachen,"Pascalstr. 57, 52076 Aachen",Ausbildung | Fachinformatiker/in - Anwendungsentwicklung,ae,2026,,,80,ba_portal,,https://www.arbeitsagentur.de/jobsuche/jobdetail/10000-1205429337-S,ba_portal,,https://www.arbeitsagentur.de/jobsuche/jobdetail/10000-1205429337-S,Bauer & Kirch GmbH | Ausbildung | Fachinformatiker/in - Anwendungsentwicklung | Aachen,ya,belum,rendah,"## Azubi (für 2026) Fachinformatiker:in für Anwendungsentwicklung (m/w/d)

###### Ausbildung/Trainee, Vollzeit · Aachen

##### Du. Wir. Passt!

Seit fast 35 Jahren entwickeln wir bei Bauer + Kirch maßgeschneiderte und branchenübergreifende Softwarelösungen für mittelständische Unternehmen, Konzerne und Institutionen.

An unserem Hauptsitz in Aachen bieten wir zum Ausbildungsstart 1. August 2026 einen Top-Ausbildungsplatz zur/zum Fachinformatiker:in für Anwendungsentwicklung (m/w/d) an.

Du bist genauso technologiebegeistert wie wir und arbeitest gerne in agilen Teams? Dann freuen wir uns, auf deine Bewerbung inklusive einer kurzen Beschreibung deiner bisherigen IT-Projekte (egal, ob in der Schule, im Praktikum oder in der Freizeit).

##### Bei diesen Aufgaben unterstützt du uns und trägst zum gemeinsamen Erfolg bei

- Du entwickelst spannende Software-, App-, und Web-Produkte für unsere namhaften Kunden.
- Du kümmerst dich um die Lösung von programmiertechnischen Problemen bis zur funktionierenden Anwendung
- Du erlernst die Konzeption, Umsetzung, Qualitätssicherung und den Betrieb von Anwendungen.
- Du erlernst unterschiedliche Programmiersprachen.
- Du hast große Begeisterung und Engagement für die Softwareentwicklung.

##### Deine Begeisterung und deine Skills sollten sich mit diesen Anforderungen decken

- Du hast ein abgeschlossenes Fach-/Abitur.
- Du bist interessiert an einer fundierten und fordernden Ausbildung.
- Du bist motiviert, theoretisch erlerntes Wissen in die Praxis umzusetzen.
- Du hast gute Englischkenntnisse, um Fachliteratur für Anwendungsentwicklung zu lesen und zu verstehen.

##### Das bieten wir dir

- **Top Ausbildung**. Unser Ziel ist es, dich nach deiner Ausbildung als hervorragende Fachkraft im Team zu behalten. Deshalb bieten wir dir von Anfang an exzellente Entwicklungschancen, ein attraktives Gehalt und unterstützen dich, wo wir nur können. Bei uns wirst du mit modernster Ausstattung, hervorragenden Arbeitsbedingungen und durch ein großartiges Team ausgebildet.
- **Spannende Projekte mit** **Cutting-Edge Technologien.&#160;**Mit Begeisterung entwickeln wir moderne, maßgeschneiderte und technologisch anspruchsvolle Softwarelösungen.
- **Flexibilität durch freie Arbeitszeiten und Homeoffice-Möglichkeiten**. Bei uns teilst du dir deine Wochenarbeitszeit frei ein. Als familienfreundliches Unternehmen legen wir großen Wert auf die Vereinbarkeit von Familie, Beruf und auf deine persönlichen Work-Life-Balance. Überstunden kannst du zudem für zusätzliche Urlaubstage ansammeln oder dir auszahlen lassen.
- **Flache Hierarchien und aktive Mitgestaltung**. Wir wachsen gemeinsam. Durch kurze Entscheidungswege bleibst Du bei deinen Projekten immer auf dem neuesten Stand und kannst die Arbeitsabläufe aktiv mitgestalten.
- **Gemeinsame Sport- und Freizeitaktivitäten**. Neben unseren wöchentlichen Lauf- und Fahrradgruppen veranstalten wir gemeinsame Team-Events, Grill-Abende, Firmenfeiern und Update-Frühstücke. Hier ist für jeden etwas dabei.

##### Infos über die Ausbildung

Dein Ausbildungsbeginn ist der **1. August 2026**.

Du wirst zwei Tage in der Woche das Berufskolleg Wirtschaft und Verwaltung in Aachen besuchen.

##### Über uns

Wir gestalten die digitale Zukunft mit. Angetreten vor drei Jahrzehnten als Software-Entwickler, stehen wir heute unseren Kunden bei zahlreichen Themen der Prozessoptimierung und der digitalen Transformation zur Seite. Dies beginnt bei der Projektplanung, geht über Software-Lösungen und deren Integration, beinhaltet aber auch Beratung und die Sicherstellung des Betriebs. So unterstützen wir namhafte Unternehmen und Institutionen dabei, ihre Ziele effizienter, schneller und bequemer zu erreichen.

Einen Investor müssen wir nicht fragen, wenn wir etwas entscheiden möchten. Unsere Unternehmen ist eigenständig. Die beiden Gründer Bauer + Kirch sind nach wie vor an Bord. Du wirst sie bereits im Bewerbungsprozess kennenlernen.

**Wir machen Software. Einfach.**

Herzliche Grüße, wir freuen uns auf dich.","##### Deine Begeisterung und deine Skills sollten sich mit diesen Anforderungen decken
- Du hast ein abgeschlossenes Fach-/Abitur.
- Du bist interessiert an einer fundierten und fordernden Ausbildung.
- Du bist motiviert, theoretisch erlerntes Wissen in die Praxis umzusetzen.
- Du hast gute Englischkenntnisse, um Fachliteratur für Anwendungsentwicklung zu lesen und zu verstehen.",2026-06-11T08:12:54.676852+00:00
10000-1204149909-S,fachinformatiker_ae_2026,Continue Software GmbH,Aachen,"Grüner Weg 19 b, 52070 Aachen",Ausbildung | Fachinformatiker/in - Anwendungsentwicklung,ae,2026,,,80,ba_portal,,https://www.arbeitsagentur.de/jobsuche/jobdetail/10000-1204149909-S,ba_portal,,https://www.arbeitsagentur.de/jobsuche/jobdetail/10000-1204149909-S,Continue Software GmbH | Ausbildung | Fachinformatiker/in - Anwendungsentwicklung | Aachen,ya,belum,rendah,"**Bist Du fasziniert von Apps, Programmen und Codes?**

Hast Du Lust, bestehende Softwarelösungen weiter zu entwickeln und an spannenden Projekten mitzuarbeiten? Dann starte Deine Ausbildung als Fachinformatiker/in für Anwendungsentwicklung bei uns und tauche in die Welt der IT ein!

**Deine Aufgaben:**

- Entwicklung, Test und Wartung von Softwareanwendungen
- Entwicklung der Warenwirtschaftssoftware mittels C++ weiter
- Entwickle unsere Online-Shopsysteme und diversen Schnittstelle weiter
- Mitwirkung an spannenden IT-Projekten, von der Konzeption bis zur Umsetzung
- Erstellung von Datenbanken und Schnittstellen zwischen verschiedenen Systemen
- Testen und Optimieren von bestehenden Anwendungen
- Dokumentation der Entwicklungsprozesse und Softwarelösungen

**Das solltest Du mitbringen:**

- Interesse an Programmierung und Softwareentwicklung
- Logisches Denkvermögen und Begeisterung für Problemlösungen
- Spaß an der Arbeit im Team und eigenverantwortlichen Aufgaben
- Gute Deutsch- und Englischkenntnisse in Wort und Schrift
- (Fach-)Abitur oder einen guten mittleren Bildungsabschluss
- Erste Erfahrungen mit Programmiersprachen (z. B. durch Schulprojekte, Praktika oder Hobbys) sind von Vorteil

**Das bieten wir Dir:**

- Gute Übernahmechancen und langfristige Entwicklungsmöglichkeiten nach der Ausbildung
- Attraktive Ausbildungsvergütung mit Weihnachts-/ und Urlaubsgeld
- 30 Tage Urlaub und zusätzliche 10 Lerntage zur freien Zeiteinteilung
- Eine praxisorientierte und abwechslungsreiche Ausbildung in einem innovativen Umfeld
- Unterstützung durch erfahrene Softwareentwickler/innen
- Arbeit mit modernen Technologien und Tools
- Spannende Projekte und die Möglichkeit, eigene Ideen einzubringen
- Verschiedene Spezialisierungsbereiche und ein offenes Betriebsklima

# Jetzt für 2026 bewerben!

Du bringst viel Leidenschaft für Programmierung und Freude am Beruf mit?
Bist voller Tatendrang, Kreativität und auf der Suche nach neuen Herausforderungen?

### Wir freuen uns auf Deine Bewerbung!

Du kannst Dich hier direkt online bewerben!

[https://](https://www.continue.de/bewerbung.php)[www.continue.de/bewerbung.php](https://www.continue.de/bewerbung.php)","Du bringst viel Leidenschaft für Programmierung und Freude am Beruf mit?
Bist voller Tatendrang, Kreativität und auf der Suche nach neuen Herausforderungen?",2026-06-11T08:12:43.857570+00:00
10000-1205903518-S,fachinformatiker_ae_2026,GRÜN Software Group GmbH,Aachen,"Pascalstr. 6, 52076 Aachen",Ausbildung | Fachinformatiker/in - Anwendungsentwicklung,ae,2026,8,,80,ba_portal,,https://www.arbeitsagentur.de/jobsuche/jobdetail/10000-1205903518-S,ba_portal,"- Du bekommst Einblicke in den direkten Kundenkontakt und unterstützt bei Kundenprojekten.
- Du lernst verschiedene Projekte und Abläufe im Tagesgeschäft kennen.",https://www.arbeitsagentur.de/jobsuche/jobdetail/10000-1205903518-S,GRÜN Software Group GmbH | Ausbildung | Fachinformatiker/in - Anwendungsentwicklung | Aachen,ya,belum,rendah,"# Ausbildung zum Fachinformatiker – Fachrichtung Anwendungsentwicklung (m/w/d) zum 01.08.2026

Die [GRÜN Software Group](https://www.gruen.net/) entwickelt seit Jahrzehnten Unternehmens-Branchensoftware für Institutionen sowie Unternehmen aus den Bereichen Handel, Medien und Industrie. Nach der Leitlinie „Branchen brauchen Spezialisten“ entstehen unsere Lösungen in spezialisierten Tochtergesellschaften, jeweils fokussiert auf eine klar definierte Branche oder Teilbranche. So entwickeln wir hochfunktionale Software für geschäftskritische Prozesse mit langfristigen Kundenbeziehungen. Das Portfolio der [GRÜN Software Group](https://www.gruen.net/) gliedert sich in vier Plattformen für die genannten Zielgruppen: Institutionen, Medien, Handel und Industrie.

Die [GRÜN Software Group](https://www.gruen.net/) ist ein innovatives, marktführendes Software- und IT-Serviceunternehmen mit rund 350 Mitarbeitenden. Seit über **25 Jahren** bilden wir erfolgreich Nachwuchstalente aus und begleiten sie auf ihrem Weg in eine erfolgreiche Karriere. Mit unseren Lösungen unterstützen wir unsere Kunden aus den Bereichen Institutionen, Medien, Handel und Industrie.

**PHP** und das **Internet** sind deine Leidenschaft? Du willst Sinn stiften und gemeinsam mit uns die Welt ein Stück besser machen? Dann bist Du bei uns genau richtig.

Zur Verstärkung unseres Teams suchen wir Dich an unserem Standort in Aachen zum 01.08.2026 als **Auszubildenden zum Fachinformatiker in der Fachrichtung Anwendungsentwicklung (m/w/d)**.

## Das erwartet Dich bei uns:

- Du lernst die Entwicklung und Anpassung von Anwendungen mit HTML, PHP und MySQL-Datenbanken.
- Du arbeitest an der Pflege und Weiterentwicklung bestehender Anwendungen.
- Du arbeitest in ASP-Terminalserver-Umgebungen.
- Du wirkst an der Umsetzung individueller Geschäftsprozesse unserer Kunden mit.
- Du bekommst Einblicke in den direkten Kundenkontakt und unterstützt bei Kundenprojekten.
- Du lernst verschiedene Projekte und Abläufe im Tagesgeschäft kennen.

**Starte stark mit unserer Academy!**
Wir begleiten Dich von Anfang an. In unserer Academy lernst Du in den ersten Monaten Deiner Ausbildung alles, was du für Deine Aufgaben brauchst. Praxisnah, strukturiert und Schritt für Schritt. So kannst du selbstbewusst durchstarten und deine Fähigkeiten gezielt ausbauen.

## Das bringst Du mit:

- Du hast mindestens einen Realabschluss, gerne auch Studienabbrecher.
- Du hast gute Noten in Mathematik und Informatik.
- Vorkenntnisse in einer höheren Programmiersprache, HTML und Datenbanken sind von Vorteil.
- Du hast Freude daran, im Team kreative Lösungen zu entwickeln und begeisterst Dich dafür, gemeinsam an neuen Ideen zu feilen und diese in die Praxis umzusetzen.
- Deutschniveau mindestens C1.

## Bei uns stehst Du im Mittelpunkt - das bieten wir Dir:

Wir wissen, dass großartige Arbeit nur in einem inspirierenden Umfeld entstehen kann. Deshalb bieten wir Dir mehr als „nur“ einen Arbeitsplatz. Wir bieten Dir nicht nur eine gute Verkehrsanbindung, kostenfreie Parkplätze, tägliches frisches Obst und so viel Wasser, Kaffee und Tee, wie Du trinken kannst. Für uns stehst Du im Mittelpunkt und das wollen wir Dir auch zeigen:

- **Work-Life-Balance:** Flexible Arbeitszeiten geben Dir mehr Flexibilität zur Vereinbarkeit Deines Arbeits- und Privatlebens.
- **Flache Hierarchien:** Wir duzen uns vom CEO bis zum Praktikanten und schätzen alle gleichermaßen wert. Bei uns kannst Du Dich frei entfalten und Dich und Deine Meinung einbringen.
- **Weiterentwicklung:** Wir legen großen Wert auf langfristige Zusammenarbeit und sind stolz auf unsere niedrige Mitarbeiterfluktuation. Deshalb bieten wir Dir individuelle Weiterbildungsmöglichkeiten und gute Aufstiegschancen.
- **Familiäres Betriebsklima:** Uns ist sehr wichtig, dass Du Dich bei uns wohlfühlst. Deswegen bieten wir Dir u.a. Kicker und Tischtennisplatte und viele Social Events (Pizza-Day, AfterWork-Meetings, verschiedene Betriebsfeste u.v.m.).
- **Gesundheit & Fitness**: Ob Virtual Reality Fitness, gemeinsame Betriebssportaktivitäten oder Urban Sports Mitgliedschaft. Deine Gesundheit liegt uns am Herzen, deshalb unterstützen wir Dich in Deinen Fitnessbemühungen.
- **Vereinbarkeit von Familie und Beruf:** Wir sind als [""Familienfreundliches Unternehmen""](https://regionaachen.de/cooperation/gruen-software-group/) ausgezeichnet durch das Kompetenzzentrum Frau und Beruf der Region Aachen.
- **Nachhaltigkeit**: Bei uns ist der Name auch Programm. Wir entlasten die Umwelt nicht bloß durch Digitalisierung, wir betreiben auch GRÜNe IT durch Maßnahmen von Jobbike über Ladestationen für Elektroautos bis hin zum Betrieb unseres Rechenzentrums durch Sonnenenergie. Darüber hinaus bieten wir ein Jobticket für den öffentlichen Nahverkehr an und betreiben sogar einen eigenen Bienenstock auf dem Dach unseres Firmengebäudes, um zur Artenvielfalt beizutragen.
- **Zusatzleistungen & Corporate Benefits:** Bonusprogramm, betriebliche Altersvorsorge, Vermögenswirksame Leistungen und exklusive Mitarbeiterangebote runden unser Angebot ab.

## Kontakt

**GRÜN Software Group GmbH**
Bewerbungsmanagement
Herrn Pascal Vallet
Pascalstraße 6
52076 Aachen","## Das bringst Du mit:
- Du hast mindestens einen Realabschluss, gerne auch Studienabbrecher.
- Du hast gute Noten in Mathematik und Informatik.
- Vorkenntnisse in einer höheren Programmiersprache, HTML und Datenbanken sind von Vorteil.
- Du hast Freude daran, im Team kreative Lösungen zu entwickeln und begeisterst Dich dafür, gemeinsam an neuen Ideen zu feilen und diese in die Praxis umzusetzen.
- Deutschniveau mindestens C1.
Mittlere Reife / Realschulabschluss",2026-06-11T08:13:50.777781+00:00
10001-1002814610-S,fachinformatiker_ae_2026,Neuman & Esser GmbH & Co. KG,Aachen,"Am Kraftversorgungsturm 5, 52070 Aachen",Ausbildung | Fachinformatiker/in - Anwendungsentwicklung,ae,2026,,,80,ba_portal,ausbildung@neuman-esser.de,https://www.arbeitsagentur.de/jobsuche/jobdetail/10001-1002814610-S,email,,https://www.arbeitsagentur.de/jobsuche/jobdetail/10001-1002814610-S,Neuman & Esser GmbH & Co. KG | Ausbildung | Fachinformatiker/in - Anwendungsentwicklung | Aachen,tidak,belum,tinggi,"# **Noch kein IT-Girl/Boy?**

**Dann mach doch eine Ausbildung bei NEUMAN & ESSER!**

### Dein Aus­bil­dungs­be­ruf:

Fach­in­for­ma­ti­ker (m/w/d) sind Ex­per­ten für die Kon­zep­tion und Re­a­li­sie­rung kom­ple­xer EDV-Sys­te­me, die ge­nau an die spe­zi­fi­schen An­for­de­run­gen des Kun­den an­ge­passt wer­den müs­sen. Sie ent­wi­ckeln und pro­gram­mie­ren kun­den­spe­zi­fi­sche Soft­ware oder pas­sen die­se an­wen­der­be­zo­gen an. Da­rü­ber hi­naus be­he­ben sie Feh­ler, be­ra­ten und schu­len die An­wen­der. Wäh­rend ih­rer Ar­beit set­zen sie die Me­tho­den des Soft­ware-En­gi­nee­rings so­wie mo­der­ne Soft­ware ein und nut­zen die ge­sam­te Brei­te der ak­tu­el­len In­for­ma­tions- und Te­le­kom­mu­ni­ka­tions­tech­no­lo­gien bis hin zu Mul­ti­me­dia­an­wen­dun­gen.

**Wenn du:**
die Fachhochschulreife oder Vergleichbares mit guten Noten in Informatik, Mathe und Deutsch hast
dich gut schriftlich und mündlich ausdrücken kannst
gut logisch denken kannst sowie sorgfältig und genau arbeitest
teamfähig, zuverlässig und überhaupt sehr nett und cool bist
Interesse an Hardware, Software & Co. hast

**Dann bieten wir dir:**
eine 3-jährige Ausbildung (Verkürzung möglich!) in einem tollen Team mit insgesamt gut 75 Azubis an allen deutschen Standorten
Konfiguration von IT-Systemen, Hard- und Software-Komponenten, Betriebssystemen und Netzwerken
hohe Vergütung und Sonderzahlungen wie Prüfungs- und Zeugnisgeld
einen einheitlichen Manteltarifvertrag der IG Metall

### Sons­ti­ge Vor­tei­le:

- ho­he Aus­bil­dungs­ver­gü­tung
- Ur­laubs-, Weih­nachts- und Prü­fungs­geld
- 30 Ur­laubs­ta­ge im Jahr
- E­vents wie A­zu­bi­fahr­ten, Weih­nachts­fei­ern und Grill­fes­te, Sport- und Ge­sund­heits­ta­ge
- Sport­an­ge­bo­te und Mit­ar­bei­ter­ver­güns­ti­gun­gen (wie z.B. Es­cape Room)
- ho­he Ü­ber­nah­me­quo­te

### Noch et­was un­klar?

Kein Pro­blem, wir be­ant­wor­ten al­le Fra­gen ger­ne te­le­fo­nisch oder per E-Mail.

Falls du dich noch wei­ter in­for­mie­ren willst, be­su­che doch un­se­re Web­site: [**ne­azu­bi.de**](https://neazubi.de/)

Dei­ne Be­wer­bung kannst du ger­ne [**On­line**](https://neazubi.de/onlinebewerbung/) auf un­se­rer Web­site, per [**E-Mail**](https://mailto:ausbildung@neuman-esser.de) oder per Post an uns sen­den.

**Wir freu­en uns auf dich!**",,2026-06-11T08:12:28.804725+00:00
STEP-13967346,stepstone_de_ae,Generali Deutschland AG,Aachen,Aachen Aachen,Ausbildung | zum Fachinformatiker (m/w/d) für Anwendungsentwicklung in Aachen,ae,2026,8,"1.355 €, 1.355,00 €, 1.455,00 €, 1.532,00 €, 1.620,00 €",73,empty,,https://www.generali.de/,portal,"Kontakt
So bewirbst du dich
Gerne beantworten wir alle Fragen rund um Karriere im persönlichen Kontakt:
+49 (0)221/1636 56650 (Mo bis Do 8-18 Uhr, Fr 8-17 Uhr)",,Generali Deutschland AG | Ausbildung | zum Fachinformatiker (m/w/d) für Anwendungsentwicklung in Aachen | Aachen,tidak,belum,sedang,"Ausbildung zum Fachinformatiker (m/w/d) für Anwendungsentwicklung in Aachen

Das erwartet dich
In deiner Ausbildung lernst du verschiedene IT-Abteilungen kennen und vertiefst dein Wissen in der Programmierung in praxisrelevanten Projekten.
Praxisphasen: Nach einer fundierten Grundausbildung durchläufst du verschiedene Abteilungen und lernst das breite Spektrum unserer IT-Dienstleistungen mit dem Schwerpunkt Programmierung kennen.
Agiles Arbeiten: Du lernst die Arbeit in agilen (Forschungs-)Teams unserer IT-Abteilung kennen.
Betreuung: Durch die Begleitung und das Coaching durch unser Ausbildungsteam sowie anderer Young LIONs wirst du ideal auf deine Prüfung sowie den späteren Berufsalltag vorbereitet.
Ihr Profil

Das bringst du mit
Schulabschluss: Du hast das Fachabitur oder das Abitur (beinahe) in der Tasche.
Kompetenzen: Du verfügst über gute Englisch- und Mathekenntnisse, begeisterst dich für Informatik und hast vielleicht schon erste Erfahrungen mit einer Programmiersprache.
Arbeitsweise: Du arbeitest selbstständig und unterstützt dein Team. Dabei kannst du dich schnell auf neue Situationen und Menschen einstellen.
Das kannst du erwarten
Starte deine Ausbildung 2026 bei Generali:
Ausbildungsweg: Nach ca. einem Jahr stellst du dein Wissen im Rahmen des ersten Teils der gestreckten Abschlussprüfung unter Beweis. Am Ende deiner Ausbildung erhältst du nach erfolgreicher Prüfung deinen Abschluss als „Fachinformatiker/-in (m/w/d) für Anwendungsentwicklung“.
Ausbildungsdauer: 3 Jahre
Karrierechancen: Bei entsprechender Leistung hast du sehr gute Übernahmemöglichkeiten. Nach der Ausbildung kannst du dich mit Hilfe unserer Talentprogramme weiterentwickeln.
Gehalt: Zuerst gibt es monatlich 1.355,00 €. Ab dem 1. September steigt das Gehalt im 1. Lehrjahr auf 1.455,00 €, im 2. Lehrjahr auf 1.532,00 € und im 3. Lehrjahr auf 1.620,00 €, plus Bonus, Urlaubs- und Weihnachtsgeld, betriebliche Altersvorsorge und viele Vergünstigungen
Work-Life-Balance: 30 Urlaubstage, flexible Arbeitszeiten sowie zusätzliche Lerntage. Du hast die Möglichkeit im Rahmen unserer Smart-Working-Vereinbarung auch mobil zu arbeiten.
Weiterentwicklung: Vielfältige Trainings- und digitale Lernangebote.
Gesundheit und Fitness: Umfangreiche Sport-, Vorsorge- und Versicherungsangebote.
Gemeinschaft: After-Work-Events, Betriebssport und viele Vernetzungsmöglichkeiten.

Rabatte: Zahlreiche Rabattmöglichkeiten und Zuschüsse, z. B. Corporate Benefits, Zuschuss zum Jobticket.
Standort: Anton-Kurze-Allee 16, 52064 Aachen und mobil | Art der Stelle: Ausbildung | Startdatum: 11.08.2026 | Gehalt: Im ersten Monat liegt das Gehalt bei 1.355 €. Durch Tarifverhandlungen steigt das Gehalt nun je nach Ausbildungsjahr auf 1.455 - 1.620 Euro. | Veröffentlichungsdatum: 21.01.2026 | Gültig bis: 31.07.2026
Noch mehr Infos findest du unter www.generali.de .","Das bringst du mit
Schulabschluss: Du hast das Fachabitur oder das Abitur (beinahe) in der Tasche.
Kompetenzen: Du verfügst über gute Englisch- und Mathekenntnisse, begeisterst dich für Informatik und hast vielleicht schon erste Erfahrungen mit einer Programmiersprache.
Arbeitsweise: Du arbeitest selbstständig und unterstützt dein Team. Dabei kannst du dich schnell auf neue Situationen und Menschen einstellen.
Das kannst du erwarten
Starte deine Ausbildung 2026 bei Generali:
Ausbildungsweg: Nach ca. einem Jahr stellst du dein Wissen im Rahmen des ersten Teils der gestreckten Abschlussprüfung unter Beweis. Am Ende deiner Ausbildung erhältst du nach erfolgreicher Prüfung deinen Abschluss als „Fachinformatiker/-in (m/w/d) für Anwendungsentwicklung“.
Ausbildungsdauer: 3 Jahre
Karrierechancen: Bei entsprechender Leistung hast du sehr gute Übernahmemöglichkeiten. Nach der Ausbildung kannst du dich mit Hilfe unserer Talentprogramme weiterentwickeln.
Gehalt: Zuerst gibt es monatlich 1.355,00 €. Ab dem 1. September steigt das Gehalt im 1. Lehrjahr auf 1.455,00 €, im 2. Lehrjahr auf 1.532,00 € und im 3. Lehrjahr auf 1.620,00 €, plus Bonus, Urlaubs- und Weihnachtsgeld, betriebliche Altersvorsorge und viele Vergünstigungen
Work-Life-Balance: 30 Urlaubstage, flexible Arbeitszeiten sowie zusätzliche Lerntage. Du hast die Möglichkeit im Rahmen unserer Smart-Working-Vereinbarung auch mobil zu arbeiten.
Weiterentwicklung: Vielfältige Trainings- und digitale Lernangebote.
Gesundheit und Fitness: Umfangreiche Sport-, Vorsorge- und Versicherungsangebote.
Gemeinschaft: After-Work-Events, Betriebssport und viele Vernetzungsmöglichkeiten.",2026-06-12T20:31:08.434640+00:00
10001-1002113809-S,fachinformatiker_ae,Minebea Intec Aachen GmbH & Co. KG,Aachen,"Am Gut Wolf 11, 52070 Aachen",Ausbildung | Fachinformatiker/in - Anwendungsentwicklung,ae,,,,73,ba_portal,,https://www.arbeitsagentur.de/jobsuche/jobdetail/10001-1002113809-S,ba_portal,,https://www.arbeitsagentur.de/jobsuche/jobdetail/10001-1002113809-S,Minebea Intec Aachen GmbH & Co. KG | Ausbildung | Fachinformatiker/in - Anwendungsentwicklung | Aachen,ya,belum,rendah,"## Darauf kannst Du Dich freuen:

- Du entwickelst und programmierst spannende Softwarelösungen sowie anwendungsgerechte Bedienoberflächen für unsere Produkte und Geräte
- Dein Einsatz trägt dazu bei, dass unsere Produkte noch intuitiver zu bedienen sind
- Du nimmst Softwareanwendungen in Betrieb und kümmerst dich um die Installation auf verschiedenen Systemen
- Zu deinem Aufgabengebiet gehören auch die regelmäßige Aktualisierung und Wartung unserer Softwareprodukte
- Du erhältst umfangreiche Einblicke in verschiedene Bereiche der Softwareentwicklung und unterschiedliche Technologien
- Wir binden dich in spannende Projekte ein, für die optimale Verzahnung von Theorie und Praxis
- Du übernimmst eigenverantwortliche betriebsinterne Projekte gemeinsam mit anderen Auszubildenden

## Das bringst Du mit:

- Einen sehr guten Realschulabschluss oder Abitur mit guten Noten in Mathematik, Informatik und Englisch
- Idealerweise konntest du erste Erfahrungen mit Programmiersprachen wie Python, C#, C++ oder Java sammeln
- Teamgeist, analytisches Denken, Flexibilität und Neugierde
- Du arbeitest sorgfältig und Qualität ist für dich kein Fremdwort
- Die Fähigkeit, eigenständig, strukturiert und präzise zu arbeiten sowie eigene Ideen einzubringen
 

## Das bringen wir mit:

- Eine fundierte, praxisorientierte Ausbildung mit persönlicher, intensiver Betreuung
- Ein tolles, familiäres Team
- Vielfältige Entwicklungsmöglichkeiten und die Chance, eigene Ideen einzubringen und umzusetzen
- Einsätze an unseren Standorten in Hamburg und Bovenden sind möglich
- Ein familienfreundliches Unternehmen mit einem flexiblen Arbeitszeitsystem und 30 Urlaubstagen
- Eine attraktive Ausbildungsvergütung nach Metalltarifvertrag","## Das bringst Du mit:
- Einen sehr guten Realschulabschluss oder Abitur mit guten Noten in Mathematik, Informatik und Englisch
- Idealerweise konntest du erste Erfahrungen mit Programmiersprachen wie Python, C#, C++ oder Java sammeln
- Teamgeist, analytisches Denken, Flexibilität und Neugierde
- Du arbeitest sorgfältig und Qualität ist für dich kein Fremdwort
- Die Fähigkeit, eigenständig, strukturiert und präzise zu arbeiten sowie eigene Ideen einzubringen
Mittlere Reife / Realschulabschluss",2026-06-11T09:11:28.326176+00:00
NRW-5229-11389,ausbildung_nrw_ae,Minebea Intec Aachen GmbH & Co. KG,Aachen,Am Gut Wolf 11 52070 Aachen,Ausbildung | Fachinformatiker/in - Anwendungsentwicklung (2026),ae,,,,73,company,stephanie.born@minebea-intec.com,https://jobs.minebea-intec.com/job/Ausbildung-zum-Fachinformatiker-f%C3%BCr-Anwendungsentwicklung-%28mwd%29-in-Aachen/1260327501/,email,"Kontakt
04067960124
stephanie.born@minebea-intec.com
https://www.minebea-intec.com
Am Gut Wolf 11
52070 Aachen
S
Stephanie Born
Human Resources Management
04067960124
stephanie.born@minebea-intec.com
Standort
+
–
⤢
info@ausbildung.nrw
Kontakt
Datenschutz
Impressum
Ausbildung.NRW ist ein Kooperationsprojekt der Industrie- und Handelskammern in Nordrhein-Westfalen.
umgesetzt von der www.spieker.agency",,Minebea Intec Aachen GmbH & Co. KG | Ausbildung | Fachinformatiker/in - Anwendungsentwicklung (2026) | Aachen,tidak,belum,tinggi,"Fachinformatiker/in - Anwendungsentwicklung (2026)

Fachinformatiker/in - Anwendungsentwicklung in Aachen (2026)",,2026-06-12T09:57:19.196361+00:00
NRW-1786-13652,ausbildung_nrw_ae,nesseler bau gmbh,Aachen,Indeweg 80 52076 Aachen,Ausbildung | Fachinformatiker/in - Anwendungsentwicklung (2027),ae,,,,73,company,foryou@nesseler.de,https://karriere.nesseler.de/jobs/?id=69aa90404bf9f401fc36b95b,email,"Kontakt
02415298104
foryou@nesseler.de
https://www.nesseler.de
Indeweg 80
52076 Aachen
S
Silke Amft
Personalreferentin
02415298104
foryou@nesseler.de
Standort
+
–
⤢
Standorte
Zum Engelshof 7
50996 Köln
Eisenbahnstr. 5
06132 Halle
info@ausbildung.nrw
Kontakt
Datenschutz
Impressum
Ausbildung.NRW ist ein Kooperationsprojekt der Industrie- und Handelskammern in Nordrhein-Westfalen.
umgesetzt von der www.spieker.agency",,nesseler bau gmbh | Ausbildung | Fachinformatiker/in - Anwendungsentwicklung (2027) | Aachen,tidak,belum,tinggi,"Fachinformatiker/in - Anwendungsentwicklung (2027)

Fachinformatiker/in - Anwendungsentwicklung in Aachen (2027)
Mehr Informationen",,2026-06-12T09:57:27.622822+00:00
10001-1001858980-S,fachinformatiker_ae_2026,onOffice GmbH,Aachen,"Charlottenburger Allee 5, 52068 Aachen",Ausbildung | Fachinformatiker/in - Anwendungsentwicklung,ae,2026,,"1. Jahr), 1.100 €",73,ba_portal,,https://www.arbeitsagentur.de/jobsuche/jobdetail/10001-1001858980-S,ba_portal,,https://www.arbeitsagentur.de/jobsuche/jobdetail/10001-1001858980-S,onOffice GmbH | Ausbildung | Fachinformatiker/in - Anwendungsentwicklung | Aachen,ya,belum,rendah,"# Technik, Programmierung und Projekte – bei onOffice erwarten dich über 350 Kolleg:innen in vielfältigen Bereichen, davon rund 85 in der Softwareentwicklung und in Data Migration.

Ausbildung | Aachen | [Software Development & Operations](https://onoffice.com/ueber-uns/team-software-development-operation/) und [Data Migration](https://onoffice.com/ueber-uns/team-data-migration/)

## Willkommen bei onOffice

- **Start:** 1. August 2026, Dauer: 3 Jahre
- **Praxis & Schule:** 3-4 Tage Praxis bei uns in Aachen, 1-2 Tage Berufsschule
- **Ziel:** Wir möchten dich nach der Ausbildung gerne übernehmen

## So sieht deine Ausbildung aus

- **Softwareentwicklung:** Entwickle eigene Programme, Apps und Features für unsere CRM-Software.
- **Data Migration:** Programmiere Lösungen für den Datenimport aus verschiedenen Quellen und die Integration ins CRM.
- **Projektmanagement:** Plane kleine Projekte, setze Aufgaben um und begleite Software-Lösungen von der Idee bis zum Einsatz.
- **Präsentation:** Stelle deine Projekte im Team vor oder direkt bei Kund\*innen online oder vor Ort.
- **Teamarbeit:** Arbeite eng mit Entwickler\*innen, Support und Product Management zusammen, um Projekte erfolgreich umzusetzen.
- **Techstack:** Lerne und arbeite mit PHP, JavaScript, JSON, GraphQL, Vue.js, HTML, CSS sowie MariaDB für Datenbanken und Git für Versionskontrolle.

## Das ist uns wichtig

- Ein sehr guter Realschulabschluss oder (Fach-)Abitur.
- Interesse an Mathe und erste Erfahrungen im Programmieren.
- Begeisterung für Webseiten, Software und IT-Themen.
- Sehr gute Deutschkenntnisse und gutes Englisch (Fachliteratur und Programmbeschreibungen sind oft in englischer Sprache verfasst).

## Deine Vorteile

- **Gutes Geld** – Dein eigenes Einkommen: 1.000 € (1. Jahr), 1.100 € (2. Jahr), 1.200 € (3. Jahr) – plus vergünstigtes Deutschland-Ticket.
- **Ausbildungsqualität** –Echte Kundenprojekte von Anfang an, ein strukturierter Ausbildungsplan und persönliche Ausbilder an deiner Seite.
- **Perspektiven** – Wir bilden in Berufen mit guten Zukunftsaussichten aus, weil wir engagierte Azubis gern ins Team übernehmen.
- **Zusammenarbeit** – Teamleiter sind selbst erfahrene Entwickler und unser gesamtes Team steht offen und konstruktiv füreinander ein.
- **Teamkultur** – Freu dich auf viele Erlebnisse: Teamevents, unsere Teamfahrt oder gemeinsame Zeit nach Feierabend.
- **Extras&#32;**– Für deine Zukunft vorsorgen, sparen und fit bleiben – mit Rabatten, Altersvorsorge, Sportevents, Firmenfitness und Urban Sports Club.

### onOffice – always on your side

In den Entwicklungsteams arbeitest du direkt an unseren Softwareprojekten mit und lernst, wie digitale Lösungen in der Praxis funktionieren. Du verbindest technisches Know-how mit kreativen Projekten und echten Kundenanforderungen – vom ersten Code bis zur fertigen Software.","In den Entwicklungsteams arbeitest du direkt an unseren Softwareprojekten mit und lernst, wie digitale Lösungen in der Praxis funktionieren. Du verbindest technisches Know-how mit kreativen Projekten und echten Kundenanforderungen – vom ersten Code bis zur fertigen Software.
Mittlere Reife / Realschulabschluss",2026-06-11T08:13:23.185459+00:00
10001-1001777624-S,fachinformatiker_ae_2026,topsystem GmbH,Aachen,"Krefelder Str. 201, 52070 Aachen",Ausbildung | Fachinformatiker/in - Anwendungsentwicklung,ae,2026,8,,73,ba_portal,,https://www.arbeitsagentur.de/jobsuche/jobdetail/10001-1001777624-S,ba_portal,,https://www.arbeitsagentur.de/jobsuche/jobdetail/10001-1001777624-S,topsystem GmbH | Ausbildung | Fachinformatiker/in - Anwendungsentwicklung | Aachen,ya,belum,rendah,"### Vielfältige Aufgaben erwarten Dich:

Du wirst Teil der topsystem GmbH und damit Teil der EPG. In der Ausbildung zum Fachinformatiker (w/m/d) mit Schwerpunkt Anwendungsentwicklung lernst Du die digitale und smarte Logistik von morgen kennen. Und natürlich wirst Du diese als vollwertiges Team-Mitglied auch aktiv mitgestalten! Zusammen mit uns wirst Du in die Welt der Anwendungsentwicklung und der Software-Tests eintauchen. Du erlernst die Grundlagen der Programmierung und findest Lösungen für Anwendungs- und Systemprobleme.

Deine Ausbildung findet in einem dynamischen, innovativen und internationalen Umfeld statt. Du hast eigene Ideen? Setz sie um! Du bekommst neustes IT-Equipment und darfst Deinen Laptop natürlich auch in der Berufsschule nutzen. Sport machst Du entweder entspannt am Kickertisch oder mit Vollgas im WOF (zu einem stark vergünstigten Preis!). Dein Ausbilder und die Azubis aus höheren Ausbildungsjahren unterstützen Dich gerne bei aufkommenden Fragen und neuen Themenstellungen und es gibt noch einiges mehr für Dich! Aber am wichtigsten: Wir bilden Dich aus, weil wir Dich übernehmen wollen. Und “danach” bauen wir weiter auf eine starke Personalentwicklung, um Dein Potenzial gemeinsam mit Dir zu entdecken und zu nutzen. Klingt gut? Dann schick’ heute noch Deine Bewerbung los – dann lernen wir uns vielleicht schon sehr bald kennen! Übrigens: Die Ausbildung startet bei uns zum 01.08.2026.

### Im Detail bieten wir Dir Folgendes:

- Gemeinsam mit Deinem Team arbeitest Du an weltweiten Kundenprojekten im Bereich der Einzelhandel-, Automobil- und Flughafenlogistik.
- Du findest die besten Lösungen für Anwendungs- und Systemprobleme.
- Auch an der Entwicklung von internen Arbeitstools bist Du beteiligt.
- Unterstützt durch dein Team erlernst Du die Grundlagen der Programmierung und der Programmiermethodik.
- Du konzipierst und realisierst kundenspezifisch Softwareanwendungen, testest diese und passt neue und bereits bestehende Anwendungen an.
- Du unterstützt uns bei der Verwaltung interner Anwendungen und Server-Umgebungen.
- Du baust Dir Wissen hinsichtlich unterschiedlicher Einsatzkontexte unserer Lösungen bei Kunden auf.
- Zusätzlich machen wir Dich fit für die IHK-Prüfungen und bereiten Dich umfangreich vor.

###  Für einen guten Start bei topsystem bringst Du Folgendes mit: 

- Du hast Dein (Fach-)Abitur bereits in der Tasche oder wirst in naher Zukunft so weit sein.
- Alternativ hast Du ein Studium begonnen und gemerkt, dass eine praktische Ausbildung Dir wesentlich mehr liegt.
- Du bringst Leidenschaft und Neugier für das Thema IT sowie ein gutes technisches Grundverständnis mit.
- Du weißt, wie wichtig zielorientiertes Lernen und Arbeiten ist - und vor allem willst Du das gleiche wie wir: Dinge nach vorne bringen und mit voller Energie an der Logistik der Zukunft arbeiten (übrigens ein Themenfeld, das nicht nur zukunftssicher ist, sondern z. B. auch Dich bereits heute schon täglich begleitet)!
- Dein Profil rundest Du mit guten Deutsch- und Englischkenntnissen ab.

[Ausbildung - Fachinformatiker (m/w/d) Anwendungsentwicklung | Ehrhardt + Partner Group (EPG) | 82](https://jobs-ads.epg.com/jobposting/14615985e88d091069bea787b18e3cf3a73d85320)","- Du bringst Leidenschaft und Neugier für das Thema IT sowie ein gutes technisches Grundverständnis mit.
- Du weißt, wie wichtig zielorientiertes Lernen und Arbeiten ist - und vor allem willst Du das gleiche wie wir: Dinge nach vorne bringen und mit voller Energie an der Logistik der Zukunft arbeiten (übrigens ein Themenfeld, das nicht nur zukunftssicher ist, sondern z. B. auch Dich bereits heute schon täglich begleitet)!
- Dein Profil rundest Du mit guten Deutsch- und Englischkenntnissen ab.",2026-06-11T08:12:27.457426+00:00
AUBI-445591,aubi_plus_fi,applord GmbH,Aachen,52068 Aachen,Ausbildung | Fachinformatiker für Anwendungsentwicklung oder Systemintegration (m/w/d),ae,,,"1250 €, 1300 €, 1350 €",67,empty,ausbildung@applord.de,https://www.aubi-plus.de/bewerbung/,email,"Dein Ansprechpartner: Sven Lühmann
Bitte sende uns deine Bewerbung an: ausbildung@applord.de
Stellendetails
Beruf:
Fachinformatiker / Fachinformatikerin
Bewerbungsfrist:
Offen
Mindestabschluss:
Mittlerer Schulabschluss (Realschulabschluss)
Gute mittlere Reife, Fachhochschulreife oder Abitur
Freie Ausbildungsplätze:
Freie Plätze vorhanden
Dauer:
3 Jahre
Referenz-Nr:
AUBI-445591
(Bitte in der Bewerbung angeben)
Kopieren
Dein persönlicher Matching-Score
Du willst wissen, wie gut diese Stelle zu dir passt? Dann registriere dich und mach das Matching. Mehr erfahren
Kontakt
Herr Sven Lühmann
Bewerbungsunterlagen
vollständige Bewerbungsunterlagen
Anschreiben
Lebenslauf
Tipp: Beziehe dich in deiner Bewerbung auf AUBI-plus!
Mit bewerbung2go kannst du deine Bewerbungsunterlagen erstellen.
Deine AUBI-plus Jobmail
Lass deinen Bot für dich suchen! Lege deine Suchkriterien fest und lehn dich zurück. Du bekommst aktuelle Stellen für deinen Traumberuf direkt per Mail zugeschickt.
SUCHBOT ERSTELLEN
Ähnliche Suchanfragen:
AUSBILDUNG AACHEN 2026
AUSBILDUNG IN NORDRHEIN-WESTFALEN
AUSBILDUNG 2026
AUSBILDUNG ALS FACHINFORMATIKER (M/W/D) IN AACHEN
AUBI-plus
Über uns
Karriere
Partner
FAQ
News & Events
Presse
Blog
Messen & Aktionstage
DEUTSCHES AUSBILDUNGSFORUM
Produkte & Dienstleistungen
Für Ausbildungsbetriebe
Für Hochschulen
Für Schulen
Für Eltern
Besuch uns auch auf:
Region ändern:
AUBI-plus Österreich (deutsch)
AUBI-plus Schweiz (deutsch)
AUBI-plus Italien (deutsch)
AUBI-plus
Impressum
AGB
Datenschutz
Bildrechte
Kontakt",,applord GmbH | Ausbildung | Fachinformatiker für Anwendungsentwicklung oder Systemintegration (m/w/d) | Aachen,tidak,belum,tinggi,"Fachinformatiker für Anwendungsentwicklung oder Systemintegration (m/w/d)

Attraktive Vergütung
Regelmäßiges Feedback
JETZT BEWERBEN
Ausbildung zum Fachinformatiker für Anwendungsentwicklung oder Systemintegration 2026 (m/w/d)
Bei der applord GmbH bieten wir mehr als nur eine Ausbildung: Wir bieten dir die Chance, Teil eines engagierten Teams zu werden, das großen Wert auf Innovation und Zusammenarbeit legt. Als europaweit agierendes IT-Unternehmen mit Kernkompetenzen in Softwareentwicklung, Outsourcing und Support bieten wir dir die Möglichkeit, von Anfang an aktiv in unsere Projektarbeit einzusteigen, wertvolle Erfahrungen zu sammeln und schnell eigenständige Aufgaben zu übernehmen.
Unser Erfolgsprodukt, das moderne Dokumentenmanagementsystem ecoDMS, ist nur ein Beispiel dafür, wie Innovation bei uns gelebt wird. Wir schätzen kreative Köpfe, die mit uns gemeinsam wachsen wollen.
Wir bieten dir:
Ein dynamisches Arbeitsumfeld: Du bist von Tag 1 an in echte Projekte eingebunden und kannst eigenständig Lösungen entwickeln.
Starke Teams: Unsere qualifizierten Ausbilder und sympathischen Kollegen sind immer an deiner Seite, um dir zu helfen und deine Fähigkeiten zu perfektionieren.
Kreativität und Eigeninitiative: Bei uns zählt jede Stimme – bringe deine Ideen ein und gestalte die Zukunft der IT mit.
Eine faire Ausbildungsvergütung:
1250 € brutto im ersten Ausbildungsjahr
1300 € brutto im zweiten Ausbildungsjahr
1350 € brutto im dritten Ausbildungsjahr
Die Kostenübernahme eines Deutschland-Tickets.
Die Kostenübernahme eines Prüfungsvorbereitungskurses.
Modernes Equipment – Ein aktuelles Notebook und ein iPad sind bei uns für alle Azubis Standard!
Eine hohe Übernahmequote.
Wir suchen dich, wenn du:
Begeisterung für Computertechnik und Technologien mitbringst.
Ein Teamplayer bist, der gerne Initiative zeigt und zuverlässig ist.
Sehr gute Deutsch- und gute Englischkenntnisse besitzt.
Bereit für den nächsten Schritt?
Dann freuen wir uns auf deine Bewerbung!",,2026-06-13T14:44:45.400769+00:00
ASD-998030002420661232,ausbildungsstellen_si,Azubiyo,Aachen,Gut-D&#228;mme-Stra&#223;e 4 52070 Aachen Nordrhein-Westfalen,Ausbildung zum Fachinformatiker für Anwendungsentwicklung (m/w/d),ae,,,"950 €, 1.050 €, 1.170 €",67,company,,https://www.azubiyo.de/bewerbung/,portal,,,Azubiyo | Ausbildung zum Fachinformatiker für Anwendungsentwicklung (m/w/d) | Aachen,tidak,belum,sedang,"Ausbildung zum Fachinformatiker für Anwendungsentwicklung (m/w/d)

- Mehr als nur Arbeit: Spaß ist bei uns angesagt! Ob Sport oder gemeinsame Freizeitaktivitäten – hier wird es nie langweilig.In deiner 3-jährigen Ausbildung tauchst du tief in die spannende Welt unserer IT ein. Du wirst verschiedene Bereiche kennenlernen, von der Entwicklung von Anwendungen bis zum allgemeinen Programmieren. Deine Aufgaben umfassen auch die Arbeit mit SAP, was dir jede Menge Möglichkeiten eröffnet. Unser IT-Team bringt dir nicht nur Fachwissen bei, sondern hilft dir auch dabei, selbst die kniffligsten Software- und Hardware-Probleme zu lösen. Hier geht's nicht nur um Arbeit, sondern um richtiges IT-Abenteuer!

Fachabitur",Fachabitur,2026-06-13T12:54:24.811294+00:00
INDEED-853bcbe3bb86b62d,indeed_de_ae,GRÜN Software Group,Aachen,Aachen NW,Ausbildung | zum Fachinformatiker – Fachrichtung Anwendungsentwicklung (m/w/d) zum 01.08.2026,ae,2026,8,Vollzeit,67,empty,,https://www.hiringlab.org/de/,portal,"Du bekommst Einblicke in den direkten Kundenkontakt und unterstützt bei Kundenprojekten.
Du lernst verschiedene Projekte und Abläufe im Tagesgeschäft kennen.
Starte stark mit unserer Academy!
Kontakt
GRÜN Software Group GmbH
Bewerbungsmanagement
Herrn Pascal Vallet
Pascalstraße 6
52076 Aachen",,GRÜN Software Group | Ausbildung | zum Fachinformatiker – Fachrichtung Anwendungsentwicklung (m/w/d) zum 01.08.2026 | Aachen,tidak,belum,sedang,"Ausbildung zum Fachinformatiker – Fachrichtung Anwendungsentwicklung (m/w/d) zum 01.08.2026

Das erwartet Dich bei uns:
Du lernst die Entwicklung und Anpassung von Anwendungen mit HTML, PHP und MySQL-Datenbanken.
Du arbeitest an der Pflege und Weiterentwicklung bestehender Anwendungen.
Du arbeitest in ASP-Terminalserver-Umgebungen.
Du wirkst an der Umsetzung individueller Geschäftsprozesse unserer Kunden mit .
Wir begleiten Dich von Anfang an. In unserer Academy lernst Du in den ersten Monaten Deiner Ausbildung alles, was du für Deine Aufgaben brauchst. Praxisnah, strukturiert und Schritt für Schritt. So kannst du selbstbewusst durchstarten und deine Fähigkeiten gezielt ausbauen.

Das bringst Du mit:
Du hast mindestens einen Realabschluss, gerne auch Studienabbrecher.
Du hast gute Noten in Mathematik und Informatik.
Vorkenntnisse in einer höheren Programmiersprache, HTML und Datenbanken sind von Vorteil.
Du hast Freude daran, im Team kreative Lösungen zu entwickeln und begeisterst Dich dafür, gemeinsam an neuen Ideen zu feilen und diese in die Praxis umzusetzen.
Deutschniveau mindestens C1.

Bei uns stehst Du im Mittelpunkt - das bieten wir Dir:
Wir wissen, dass großartige Arbeit nur in einem inspirierenden Umfeld entstehen kann. Deshalb bieten wir Dir mehr als „nur“ einen Arbeitsplatz. Wir bieten Dir nicht nur eine gute Verkehrsanbindung, kostenfreie Parkplätze, tägliches frisches Obst und so viel Wasser, Kaffee und Tee, wie Du trinken kannst. Für uns stehst Du im Mittelpunkt und das wollen wir Dir auch zeigen:
Work-Life-Balance: Flexible Arbeitszeiten geben Dir mehr Flexibilität zur Vereinbarkeit Deines Arbeits- und Privatlebens.
Flache Hierarchien: Wir duzen uns vom CEO bis zum Praktikanten und schätzen alle gleichermaßen wert. Bei uns kannst Du Dich frei entfalten und Dich und Deine Meinung einbringen.
Weiterentwicklung: Wir legen großen Wert auf langfristige Zusammenarbeit und sind stolz auf unsere niedrige Mitarbeiterfluktuation. Deshalb bieten wir Dir individuelle Weiterbildungsmöglichkeiten und gute Aufstiegschancen.
Familiäres Betriebsklima: Uns ist sehr wichtig, dass Du Dich bei uns wohlfühlst. Deswegen bieten wir Dir u.a. Kicker und Tischtennisplatte und viele Social Events (Pizza-Day, AfterWork-Meetings, verschiedene Betriebsfeste u.v.m.).
Gesundheit & Fitness : Ob Virtual Reality Fitness, gemeinsame Betriebssportaktivitäten oder Urban Sports Mitgliedschaft. Deine Gesundheit liegt uns am Herzen, deshalb unterstützen wir Dich in Deinen Fitnessbemühungen.
Vereinbarkeit von Familie und Beruf: Wir sind als ""Familienfreundliches Unternehmen"" ausgezeichnet durch das Kompetenzzentrum Frau und Beruf der Region Aachen.
Nachhaltigkeit : Bei uns ist der Name auch Programm. Wir entlasten die Umwelt nicht bloß durch Digitalisierung, wir betreiben auch GRÜNe IT durch Maßnahmen von Jobbike über Ladestationen für Elektroautos bis hin zum Betrieb unseres Rechenzentrums durch Sonnenenergie. Darüber hinaus bieten wir ein Jobticket für den öffentlichen Nahverkehr an und betreiben sogar einen eigenen Bienenstock auf dem Dach unseres Firmengebäudes, um zur Artenvielfalt beizutragen.
Zusatzleistungen & Corporate Benefits: Bonusprogramm, betriebliche Altersvorsorge, Vermögenswirksame Leistungen und exklusive Mitarbeiterangebote runden unser Angebot ab.","Das bringst Du mit:
Du hast mindestens einen Realabschluss, gerne auch Studienabbrecher.
Du hast gute Noten in Mathematik und Informatik.
Vorkenntnisse in einer höheren Programmiersprache, HTML und Datenbanken sind von Vorteil.
Du hast Freude daran, im Team kreative Lösungen zu entwickeln und begeisterst Dich dafür, gemeinsam an neuen Ideen zu feilen und diese in die Praxis umzusetzen.
Deutschniveau mindestens C1.",2026-06-13T11:36:07.410995+00:00
ASD-995510004245921316,ausbildungsstellen_si,IAL® Institut für angewandte Logistik GmbH,Aachen,Metzgerstraße 63 52070 Aachen Nordrhein-Westfalen,Ausbildung | Vorbereitung auf die Externprüfung Fachinformatiker/in für Anwendungsentwicklung,ae,,,,67,empty,bloehdorn@ial.de,https://www.karriere-suedwestfalen.de/registrieren/bewerber,email,Hier finden Sie alle Kontaktinformationen: https://www.ial.de/kontakt/,,IAL® Institut für angewandte Logistik GmbH | Ausbildung | Vorbereitung auf die Externprüfung Fachinformatiker/in für Anwendungsentwicklung | Aachen,tidak,belum,tinggi,"Vorbereitung auf die Externprüfung Fachinformatiker/in für Anwendungsentwicklung

Bei Vorliegen entsprechender persönlicher Voraussetzungen ist eine Förderung durch die Agentur für Arbeit, die Jobcenter und andere Kostenträger möglich.","Bei Vorliegen entsprechender persönlicher Voraussetzungen ist eine Förderung durch die Agentur für Arbeit, die Jobcenter und andere Kostenträger möglich.",2026-06-13T12:40:19.616311+00:00
AZDE-12047497,azubi_de_fi,VYGON Germany GmbH,Aachen,52070 Aachen DE,Ausbildung | zum Fachinformatiker (m/w/d) – Fachrichtung Anwendungsentwicklung,ae,,,"Vygon Germany GmbH
Personal- und Sozialwesen
Prager Ring 100
52070 Aachen",67,empty,karriere@vygon.com,https://www.azubi.de/ausbildungsplatz/12047497-b-ausbildung-zum-fachinformatiker-m-w-d-fachrichtung-anwendungsentwicklung/apply,email,,,VYGON Germany GmbH | Ausbildung | zum Fachinformatiker (m/w/d) – Fachrichtung Anwendungsentwicklung | Aachen,tidak,belum,tinggi,"Ausbildung zum Fachinformatiker (m/w/d) – Fachrichtung Anwendungsentwicklung

Das erwartet dich:
Während deiner Ausbildung zum Fachinformatiker (m/w/d) – Fachrichtung Anwendungsentwicklung
- betreust und berätst du unsere Anwender und übernimmst Hardwarekonfigurationen
- wirst du Spezialist in der Anwendung von Standardprogrammen (MS Office, Internetapplikationen)
- führst du Prozessanalysen durch und entwickelst spezifische Anwendungssoftware auf diversen Plattformen

Einleitung
Ausbildung zum Fachinformatiker (m/w/d) – Fachrichtung Anwendungsentwicklung
Zum 1. August 2025 suchen wir dich für die 3-jährige Ausbildung zum
Fachinformatiker (m/w/d) – Fachrichtung Anwendungsentwicklung
Dein Profil:
- du hast bereits oder wirst bald das Abitur oder die Fachhochschulreife erfolgreich erwerben
- du verfügst über eine schnelle Auffassungsgabe
- du beschäftigst dich gerne mit dem PC und hast Spaß am Programmieren sowie am Tüfteln an Lösungen
- du hast Interesse an kaufmännischen Zusammenhängen
- du arbeitest genau, zuverlässig und verantwortungsbewusst
- du bist ein Teamplayer
Unser Angebot:

- je nach Ausbildungsjahr eine monatliche Ausbildungsvergütung zwischen EUR 1.148,- und EUR 1.325,
- Urlaubs- und Weihnachtsgeld
- ein Beschäftigungsverhältnis nach Tarifvertrag der chemischen Industrie Nordrhein mit zahlreichen attraktiven Sozialleistungen
- ein Austausch mit anderen Azubis am monatlichen Azubistammtisch
- verkehrsgünstig gelegenes Firmengelände in der Nähe des Aachener Tivolis
Wenn du Interesse an dieser Ausbildungsstelle hast, sende bitte deine Online-Bewerbung an:
Vygon Germany GmbH
Personal- und Sozialwesen
Prager Ring 100
52070 Aachen
Tel.: 0241-9130-163
E-Mail: karriere@vygon.com
Aufgaben","Einleitung
Ausbildung zum Fachinformatiker (m/w/d) – Fachrichtung Anwendungsentwicklung
Zum 1. August 2025 suchen wir dich für die 3-jährige Ausbildung zum
Fachinformatiker (m/w/d) – Fachrichtung Anwendungsentwicklung
Dein Profil:
- du hast bereits oder wirst bald das Abitur oder die Fachhochschulreife erfolgreich erwerben
- du verfügst über eine schnelle Auffassungsgabe
- du beschäftigst dich gerne mit dem PC und hast Spaß am Programmieren sowie am Tüfteln an Lösungen
- du hast Interesse an kaufmännischen Zusammenhängen
- du arbeitest genau, zuverlässig und verantwortungsbewusst
- du bist ein Teamplayer
Unser Angebot:",2026-06-13T10:38:56.825696+00:00
AUBI-312997,aubi_plus_fi,Generali Deutschland AG,Aachen,52064 Aachen,Ausbildung zum Fachinformatiker (m/w/d) für Anwendungsentwicklung,ae,,,"1.355,00 €, 1.455,00 €, 1.532,00 €, 1.620,00 €, 1.355 €",60,empty,,https://www.aubi-plus.de/bewerbung/,portal,"Gerne beantworten wir alle Fragen rund um Karriere im persönlichen Kontakt:
+49 (0)221/1636 56650 (Mo bis Do 8-18 Uhr, Fr 8-17 Uhr)
Standort: Anton-Kurze-Allee 16, 52064 Aachen und mobil | Art der Stelle: Ausbildung | Startdatum: 11.08.2026 | Gehalt: Im ersten Monat liegt das Gehalt bei 1.355 €. Durch Tarifverhandlungen steigt das Gehalt nun je nach Ausbildungsjahr auf 1.455 - 1.620 Euro. | Veröffentlichungsdatum: 17.02.2026 | Gültig bis: 31.07.2026
Noch mehr Infos findest du unter www.generali.de.
Perspektiven, bereichern unsere Zusammenarbeit.
Stellendetails
Beruf:
Fachinformatiker / Fachinformatikerin Fachrichtung Anwendungsentwicklung
Bewerbungsfrist:
Offen
Mindestabschluss:
Fachhochschulreife
oder Abitur
Freie Ausbildungsplätze:
Freie Plätze vorhanden
Dauer:
3 Jahre
Referenz-Nr:
AUBI-312997
(Bitte in der Bewerbung angeben)
Kopieren
Dein persönlicher Matching-Score
Du willst wissen, wie gut diese Stelle zu dir passt? Dann registriere dich und mach das Matching. Mehr erfahren
Bewerbungsunterlagen
vollständige Bewerbungsunterlagen
Lebenslauf
die letzten 2 Schulzeugnisse
Tipp: Beziehe Dich in Deiner Bewerbung auf AUBI-plus!
Mit bewerbung2go kannst du deine Bewerbungsunterlagen erstellen.
Deine AUBI-plus Jobmail
Lass deinen Bot für dich suchen! Lege deine Suchkriterien fest und lehn dich zurück. Du bekommst aktuelle Stellen für deinen Traumberuf direkt per Mail zugeschickt.
SUCHBOT ERSTELLEN
Ähnliche Suchanfragen:
AUSBILDUNG AACHEN 2026
AUSBILDUNG IN NORDRHEIN-WESTFALEN
AUSBILDUNG 2026
AUSBILDUNG ALS FACHINFORMATIKER FACHRICHTUNG ANWENDUNGSENTWICKLUNG (M/W/D) IN AACHEN
3 weitere Stellen im Unternehmen
Ausbildungsintegriertes Studium Angewandte Mathematik und Informatik (B.Sc.) (MATSE) (m/w/d)
Generali Deutschland AG
52064 Aachen
10.08.2026
Ausbildung zum Kaufmann (m/w/d) für Büromanagement (Cash Services)
Generali Deutschland AG
52064 Aachen
01.08.2026
Duales Studium Betriebswirtschaft (m/w/d)
Generali Deutschland AG
52064 Aachen
01.08.2026
AUBI-plus
Über uns
Karriere
Partner
FAQ
News & Events
Presse
Blog
Messen & Aktionstage
DEUTSCHES AUSBILDUNGSFORUM
Produkte & Dienstleistungen
Für Ausbildungsbetriebe
Für Hochschulen
Für Schulen
Für Eltern
Besuch uns auch auf:
Region ändern:
AUBI-plus Österreich (deutsch)
AUBI-plus Schweiz (deutsch)
AUBI-plus Italien (deutsch)
AUBI-plus
Impressum
AGB
Datenschutz
Bildrechte
Kontakt",,Generali Deutschland AG | Ausbildung zum Fachinformatiker (m/w/d) für Anwendungsentwicklung | Aachen,tidak,belum,sedang,"Ausbildung zum Fachinformatiker (m/w/d) für Anwendungsentwicklung

Das erwartet dich
Praxisphasen: Nach einer fundierten Grundausbildung durchläufst du verschiedene Abteilungen und lernst das breite Spektrum unserer IT-Dienstleistungen mit dem Schwerpunkt Programmierung kennen.
Agiles Arbeiten: Du lernst die Arbeit in agilen (Forschungs-)Teams unserer IT-Abteilung kennen.
Betreuung: Durch die Begleitung und das Coaching durch unser Ausbildungsteam sowie anderer Young LIONs wirst du ideal auf deine Prüfung sowie den späteren Berufsalltag vorbereitet.
Ausbildungsweg: Nach ca. einem Jahr stellst du dein Wissen im Rahmen des ersten Teils der gestreckten Abschlussprüfung unter Beweis. Am Ende deiner Ausbildung erhältst du nach erfolgreicher Prüfung deinen Abschluss als „Fachinformatiker/-in (m/w/d) für Anwendungsentwicklung“.
Ausbildungsdauer: 3 Jahre
Karrierechancen: Bei entsprechender Leistung hast du sehr gute Übernahmemöglichkeiten. Nach der Ausbildung kannst du dich mit Hilfe unserer Talentprogramme weiterentwickeln.

Das bringst du mit
Schulabschluss: Du hast das Fachabitur oder das Abitur (beinahe) in der Tasche.
Kompetenzen: Du verfügst über gute Englisch- und Mathekenntnisse, begeisterst dich für Informatik und hast vielleicht schon erste Erfahrungen mit einer Programmiersprache.
Arbeitsweise: Du arbeitest selbstständig und unterstützt dein Team. Dabei kannst du dich schnell auf neue Situationen und Menschen einstellen.
Das kannst du erwarten
Gehalt: Zuerst gibt es monatlich 1.355,00 €. Ab dem 1. September steigt das Gehalt im 1. Lehrjahr auf 1.455,00 €, im 2. Lehrjahr auf 1.532,00 € und im 3. Lehrjahr auf 1.620,00 €, plus Bonus, Urlaubs- und Weihnachtsgeld, betriebliche Altersvorsorge und viele Vergünstigungen
Work-Life-Balance: 30 Urlaubstage, flexible Arbeitszeiten sowie zusätzliche Lerntage. Du hast die Möglichkeit im Rahmen unserer Smart-Working-Vereinbarung auch mobil zu arbeiten.
Weiterentwicklung: Vielfältige Trainings- und digitale Lernangebote.
Gesundheit und Fitness: Umfangreiche Sport-, Vorsorge- und Versicherungsangebote.
Gemeinschaft: After-Work-Events, Betriebssport und viele Vernetzungsmöglichkeiten.
Rabatte: Zahlreiche Rabattmöglichkeiten und Zuschüsse, z. B. Corporate Benefits, Zuschuss zum Jobticket.
So bewirbst du dich
Bewirb dich jetzt Online mit deinem Lebenslauf und deinen letzten beiden Zeugnissen.
Dein zukünftiger Arbeitgeber
Die Generali ist eine der führenden Erstversicherungsgruppen im deutschen Markt. Als Teil der internationalen Generali Group ist die Generali in Deutschland mit den Marken Generali, CosmosDirekt und Dialog in den Segmenten Leben, Kranken und Schaden/Unfall tätig. Die Produkte der Generali Deutschland Versicherungen sind exklusiv bei der Deutschen Vermögensberatung Unternehmensgruppe erhältlich.
Noch Fragen?","Das bringst du mit
Schulabschluss: Du hast das Fachabitur oder das Abitur (beinahe) in der Tasche.
Kompetenzen: Du verfügst über gute Englisch- und Mathekenntnisse, begeisterst dich für Informatik und hast vielleicht schon erste Erfahrungen mit einer Programmiersprache.
Arbeitsweise: Du arbeitest selbstständig und unterstützt dein Team. Dabei kannst du dich schnell auf neue Situationen und Menschen einstellen.
Das kannst du erwarten
Gehalt: Zuerst gibt es monatlich 1.355,00 €. Ab dem 1. September steigt das Gehalt im 1. Lehrjahr auf 1.455,00 €, im 2. Lehrjahr auf 1.532,00 € und im 3. Lehrjahr auf 1.620,00 €, plus Bonus, Urlaubs- und Weihnachtsgeld, betriebliche Altersvorsorge und viele Vergünstigungen
Work-Life-Balance: 30 Urlaubstage, flexible Arbeitszeiten sowie zusätzliche Lerntage. Du hast die Möglichkeit im Rahmen unserer Smart-Working-Vereinbarung auch mobil zu arbeiten.
Weiterentwicklung: Vielfältige Trainings- und digitale Lernangebote.
Gesundheit und Fitness: Umfangreiche Sport-, Vorsorge- und Versicherungsangebote.
Gemeinschaft: After-Work-Events, Betriebssport und viele Vernetzungsmöglichkeiten.
Rabatte: Zahlreiche Rabattmöglichkeiten und Zuschüsse, z. B. Corporate Benefits, Zuschuss zum Jobticket.
So bewirbst du dich
Bewirb dich jetzt Online mit deinem Lebenslauf und deinen letzten beiden Zeugnissen.
Dein zukünftiger Arbeitgeber
Die Generali ist eine der führenden Erstversicherungsgruppen im deutschen Markt. Als Teil der internationalen Generali Group ist die Generali in Deutschland mit den Marken Generali, CosmosDirekt und Dialog in den Segmenten Leben, Kranken und Schaden/Unfall tätig. Die Produkte der Generali Deutschland Versicherungen sind exklusiv bei der Deutschen Vermögensberatung Unternehmensgruppe erhältlich.
Noch Fragen?",2026-06-13T14:48:54.056572+00:00
AZDE-11349860,azubi_de_fi,Generali Deutschland AG,Aachen,Anton-Kurze-Allee 16 52064 Aachen,Ausbildung | zum Fachinformatiker (m/w/d) für Anwendungsentwicklung in Aachen,ae,,,,60,empty,,https://www.azubi.de/ausbildungsplatz/11349860-s-ausbildung-zum-fachinformatiker-m-w-d-fuer-anwendungsentwicklung-in-aachen/apply,portal,"Gerne beantworten wir alle Fragen rund um Karriere im persönlichen Kontakt:
+49 (0)221/1636 56650 (Mo bis Do 8-18 Uhr, Fr 8-17 Uhr)
Standort: Anton-Kurze-Allee 16, 52064 Aachen und mobil | Art der Stelle: Ausbildung | Startdatum: 11.08.2026 | Gehalt: Im ersten Monat liegt das Gehalt bei 1.355 €. Durch Tarifverhandlungen steigt das Gehalt nun je nach Ausbildungsjahr auf 1.455 - 1.620 Euro. | Veröffentlichungsdatum: 21.01.2026 | Gültig bis: 31.07.2026
Noch mehr Infos findest du unter www.generali.de.
Aufgaben",,Generali Deutschland AG | Ausbildung | zum Fachinformatiker (m/w/d) für Anwendungsentwicklung in Aachen | Aachen,tidak,belum,sedang,"Ausbildung zum Fachinformatiker (m/w/d) für Anwendungsentwicklung in Aachen

Das erwartet dich
- Praxisphasen: Nach einer fundierten Grundausbildung durchläufst du verschiedene Abteilungen und lernst das breite Spektrum unserer IT-Dienstleistungen mit dem Schwerpunkt Programmierung kennen.
- Agiles Arbeiten: Du lernst die Arbeit in agilen (Forschungs-)Teams unserer IT-Abteilung kennen.
- Betreuung: Durch die Begleitung und das Coaching durch unser Ausbildungsteam sowie anderer Young LIONs wirst du ideal auf deine Prüfung sowie den späteren Berufsalltag vorbereitet.
- Ausbildungsweg: Nach ca. einem Jahr stellst du dein Wissen im Rahmen des ersten Teils der gestreckten Abschlussprüfung unter Beweis. Am Ende deiner Ausbildung erhältst du nach erfolgreicher Prüfung deinen Abschluss als „Fachinformatiker/-in (m/w/d) für Anwendungsentwicklung“.
- Ausbildungsdauer: 3 Jahre

Einleitung
Starte deine Ausbildung 2026 bei Generali:
In deiner Ausbildung lernst du verschiedene IT-Abteilungen kennen und vertiefst dein Wissen in der Programmierung in praxisrelevanten Projekten.
- Karrierechancen: Bei entsprechender Leistung hast du sehr gute Übernahmemöglichkeiten. Nach der Ausbildung kannst du dich mit Hilfe unserer Talentprogramme weiterentwickeln. Das bringst du mit
- Schulabschluss: Du hast das Fachabitur oder das Abitur (beinahe) in der Tasche.
- Kompetenzen: Du verfügst über gute Englisch- und Mathekenntnisse, begeisterst dich für Informatik und hast vielleicht schon erste Erfahrungen mit einer Programmiersprache.
- Arbeitsweise: Du arbeitest selbstständig und unterstützt dein Team. Dabei kannst du dich schnell auf neue Situationen und Menschen einstellen. Das kannst du erwarten
- Gehalt: Zuerst gibt es monatlich 1.355,00 €. Ab dem 1. September steigt das Gehalt im 1. Lehrjahr auf 1.455,00 €, im 2. Lehrjahr auf 1.532,00 € und im 3. Lehrjahr auf 1.620,00 €, plus Bonus, Urlaubs- und Weihnachtsgeld, betriebliche Altersvorsorge und viele Vergünstigungen
- Work-Life-Balance: 30 Urlaubstage, flexible Arbeitszeiten sowie zusätzliche Lerntage. Du hast die Möglichkeit im Rahmen unserer Smart-Working-Vereinbarung auch mobil zu arbeiten.
- Weiterentwicklung: Vielfältige Trainings- und digitale Lernangebote.
- Gesundheit und Fitness: Umfangreiche Sport-, Vorsorge- und Versicherungsangebote.
- Gemeinschaft: After-Work-Events, Betriebssport und viele Vernetzungsmöglichkeiten.
- Rabatte: Zahlreiche Rabattmöglichkeiten und Zuschüsse, z. B. Corporate Benefits, Zuschuss zum Jobticket.
So bewirbst du dich","Einleitung
Starte deine Ausbildung 2026 bei Generali:
In deiner Ausbildung lernst du verschiedene IT-Abteilungen kennen und vertiefst dein Wissen in der Programmierung in praxisrelevanten Projekten.
- Karrierechancen: Bei entsprechender Leistung hast du sehr gute Übernahmemöglichkeiten. Nach der Ausbildung kannst du dich mit Hilfe unserer Talentprogramme weiterentwickeln. Das bringst du mit
- Schulabschluss: Du hast das Fachabitur oder das Abitur (beinahe) in der Tasche.
- Kompetenzen: Du verfügst über gute Englisch- und Mathekenntnisse, begeisterst dich für Informatik und hast vielleicht schon erste Erfahrungen mit einer Programmiersprache.
- Arbeitsweise: Du arbeitest selbstständig und unterstützt dein Team. Dabei kannst du dich schnell auf neue Situationen und Menschen einstellen. Das kannst du erwarten
- Gehalt: Zuerst gibt es monatlich 1.355,00 €. Ab dem 1. September steigt das Gehalt im 1. Lehrjahr auf 1.455,00 €, im 2. Lehrjahr auf 1.532,00 € und im 3. Lehrjahr auf 1.620,00 €, plus Bonus, Urlaubs- und Weihnachtsgeld, betriebliche Altersvorsorge und viele Vergünstigungen
- Work-Life-Balance: 30 Urlaubstage, flexible Arbeitszeiten sowie zusätzliche Lerntage. Du hast die Möglichkeit im Rahmen unserer Smart-Working-Vereinbarung auch mobil zu arbeiten.
- Weiterentwicklung: Vielfältige Trainings- und digitale Lernangebote.
- Gesundheit und Fitness: Umfangreiche Sport-, Vorsorge- und Versicherungsangebote.
- Gemeinschaft: After-Work-Events, Betriebssport und viele Vernetzungsmöglichkeiten.
- Rabatte: Zahlreiche Rabattmöglichkeiten und Zuschüsse, z. B. Corporate Benefits, Zuschuss zum Jobticket.
So bewirbst du dich",2026-06-13T10:36:40.510095+00:00
ASD-995510004219237044,ausbildungsstellen_si,IAL® Institut für angewandte Logistik GmbH,Aachen,Metzgerstraße 63 52070 Aachen Nordrhein-Westfalen,Ausbildung | Umschulung Fachinformatiker/in der Fachrichtung Anwendungsentwicklung,ae,,,,60,empty,bloehdorn@ial.de,https://www.karriere-suedwestfalen.de/registrieren/bewerber,email,Hier finden Sie alle Kontaktinformationen: https://www.ial.de/kontakt/,,IAL® Institut für angewandte Logistik GmbH | Ausbildung | Umschulung Fachinformatiker/in der Fachrichtung Anwendungsentwicklung | Aachen,tidak,belum,tinggi,"Umschulung Fachinformatiker/in der Fachrichtung Anwendungsentwicklung

Bei Vorliegen entsprechender persönlicher Voraussetzungen ist eine Förderung durch die Agentur für Arbeit, die Jobcenter und andere Kostenträger möglich.","Bei Vorliegen entsprechender persönlicher Voraussetzungen ist eine Förderung durch die Agentur für Arbeit, die Jobcenter und andere Kostenträger möglich.",2026-06-13T12:40:10.196497+00:00
KSW-705602,karriere_sw_ae,IAL® Institut für angewandte Logistik GmbH,Aachen,Metzgerstraße 63 52070 Aachen,Ausbildung | Umschulung Fachinformatiker/in der Fachrichtung Anwendungsentwicklung,ae,,,,60,empty,bloehdorn@ial.de,https://www.ial.de/kontakt/,email,Hier finden Sie alle Kontaktinformationen: https://www.ial.de/kontakt/,,IAL® Institut für angewandte Logistik GmbH | Ausbildung | Umschulung Fachinformatiker/in der Fachrichtung Anwendungsentwicklung | Aachen,tidak,belum,tinggi,"Umschulung Fachinformatiker/in der Fachrichtung Anwendungsentwicklung

Bei Vorliegen entsprechender persönlicher Voraussetzungen ist eine Förderung durch die Agentur für Arbeit, die Jobcenter und andere Kostenträger möglich.","Bei Vorliegen entsprechender persönlicher Voraussetzungen ist eine Förderung durch die Agentur für Arbeit, die Jobcenter und andere Kostenträger möglich.",2026-06-13T14:44:42.251762+00:00
KSW-705685,karriere_sw_ae,IAL® Institut für angewandte Logistik GmbH,Aachen,Metzgerstraße 63 52070 Aachen,Ausbildung | Vorbereitung auf die Externprüfung Fachinformatiker/in für Anwendungsentwicklung,ae,,,,60,empty,bloehdorn@ial.de,https://www.ial.de/kontakt/,email,Hier finden Sie alle Kontaktinformationen: https://www.ial.de/kontakt/,,IAL® Institut für angewandte Logistik GmbH | Ausbildung | Vorbereitung auf die Externprüfung Fachinformatiker/in für Anwendungsentwicklung | Aachen,tidak,belum,tinggi,"Vorbereitung auf die Externprüfung Fachinformatiker/in für Anwendungsentwicklung

Bei Vorliegen entsprechender persönlicher Voraussetzungen ist eine Förderung durch die Agentur für Arbeit, die Jobcenter und andere Kostenträger möglich.","Bei Vorliegen entsprechender persönlicher Voraussetzungen ist eine Förderung durch die Agentur für Arbeit, die Jobcenter und andere Kostenträger möglich.",2026-06-13T14:44:48.230145+00:00
INDEED-fde43434f0c44353,indeed_de_ae,MINEBEAMITSUMI Technology Center Europe GmbH,Aachen,Aachen NW,Ausbildung | zum Fachinformatiker für Anwendungsentwicklung (m/w/d) in Aachen,ae,,,Berufsausbildung,60,empty,,https://www.hiringlab.org/de/,portal,,,MINEBEAMITSUMI Technology Center Europe GmbH | Ausbildung | zum Fachinformatiker für Anwendungsentwicklung (m/w/d) in Aachen | Aachen,tidak,belum,sedang,"Ausbildung zum Fachinformatiker für Anwendungsentwicklung (m/w/d) in Aachen

Zu deinem Aufgabengebiet gehören auch die regelmäßige Aktualisierung und Wartung unserer Softwareprodukte
Du erhältst umfangreiche Einblicke in verschiedene Bereiche der Softwareentwicklung und unterschiedliche Technologien
Wir binden dich in spannende Projekte ein, für die optimale Verzahnung von Theorie und Praxis
Du übernimmst eigenverantwortliche betriebsinterne Projekte gemeinsam mit anderen Auszubildenden

Das bringst Du mit:
Einen sehr guten Realschulabschluss oder Abitur mit guten Noten in Mathematik, Informatik und Englisch
Idealerweise konntest du erste Erfahrungen mit Programmiersprachen wie Python, C#, C++ oder Java sammeln
Teamgeist, analytisches Denken, Flexibilität und Neugierde
Du arbeitest sorgfältig und Qualität ist für dich kein Fremdwort
Die Fähigkeit, eigenständig, strukturiert und präzise zu arbeiten sowie eigene Ideen einzubringen
Das bringen wir mit:
Eine fundierte, praxisorientierte Ausbildung mit persönlicher, intensiver Betreuung
Ein tolles, familiäres Team
Vielfältige Entwicklungsmöglichkeiten und die Chance, eigene Ideen einzubringen und umzusetzen
Einsätze an unseren Standorten in Hamburg und Bovenden sind möglich
Ein familienfreundliches Unternehmen mit einem flexiblen Arbeitszeitsystem und 30 Urlaubstagen
Eine attraktive Ausbildungsvergütung nach Metalltarifvertrag
Minebea Intec gehört zu den weltweit führenden Herstellern von Wäge- und Inspektionstechnologien. Als Teil der MinebeaMitsumi Gruppe vereinen wir den familiären Charakter unserer regional verankerten Unternehmenskultur mit den wachsenden globalen Anforderungen einer internationalen Gruppe. Getreu unserem Markenversprechen „the true measure“ schaffen wir innovative Lösungen für effiziente, präzise und sichere Wäge- und Produktionsprozesse in u.a. der Lebensmittel-, Pharma-, oder Chemieindustrie.
Mehr als 1.000 Kolleginnen und Kollegen an 18 Standorten stehen dafür ein. Bist du auch dabei?
Hast Du Interesse?
Erfahre mehr über die Vorzüge von Minebea Intec als Arbeitgeber und bewirb Dich über unser Jobportal.
www.minebea-intec.com/de/karriere

Darauf kannst Du Dich freuen:
Du entwickelst und programmierst spannende Softwarelösungen sowie anwendungsgerechte Bedienoberflächen für unsere Produkte und Geräte
Dein Einsatz trägt dazu bei, dass unsere Produkte noch intuitiver zu bedienen sind
Du nimmst Softwareanwendungen in Betrieb und kümmerst dich um die Installation auf verschiedenen Systemen","Das bringst Du mit:
Einen sehr guten Realschulabschluss oder Abitur mit guten Noten in Mathematik, Informatik und Englisch
Idealerweise konntest du erste Erfahrungen mit Programmiersprachen wie Python, C#, C++ oder Java sammeln
Teamgeist, analytisches Denken, Flexibilität und Neugierde
Du arbeitest sorgfältig und Qualität ist für dich kein Fremdwort
Die Fähigkeit, eigenständig, strukturiert und präzise zu arbeiten sowie eigene Ideen einzubringen
Das bringen wir mit:
Eine fundierte, praxisorientierte Ausbildung mit persönlicher, intensiver Betreuung
Ein tolles, familiäres Team
Vielfältige Entwicklungsmöglichkeiten und die Chance, eigene Ideen einzubringen und umzusetzen
Einsätze an unseren Standorten in Hamburg und Bovenden sind möglich
Ein familienfreundliches Unternehmen mit einem flexiblen Arbeitszeitsystem und 30 Urlaubstagen
Eine attraktive Ausbildungsvergütung nach Metalltarifvertrag
Minebea Intec gehört zu den weltweit führenden Herstellern von Wäge- und Inspektionstechnologien. Als Teil der MinebeaMitsumi Gruppe vereinen wir den familiären Charakter unserer regional verankerten Unternehmenskultur mit den wachsenden globalen Anforderungen einer internationalen Gruppe. Getreu unserem Markenversprechen „the true measure“ schaffen wir innovative Lösungen für effiziente, präzise und sichere Wäge- und Produktionsprozesse in u.a. der Lebensmittel-, Pharma-, oder Chemieindustrie.
Mehr als 1.000 Kolleginnen und Kollegen an 18 Standorten stehen dafür ein. Bist du auch dabei?
Hast Du Interesse?
Erfahre mehr über die Vorzüge von Minebea Intec als Arbeitgeber und bewirb Dich über unser Jobportal.
www.minebea-intec.com/de/karriere",2026-06-13T11:35:04.232578+00:00
STEP-13217253,stepstone_de_ae,Continue Software GmbH,Aachen,Aachen Aachen,Ausbildung | PHP Web-Entwickler/in,ae,,,,53,empty,,https://twitter.com/stepstone_de,portal,,,Continue Software GmbH | Ausbildung | PHP Web-Entwickler/in | Aachen,tidak,belum,sedang,"PHP Web-Entwickler/in

Deine Aufgaben:
- Entwicklung, Test und Wartung von komplexen Webanwendungen
- Implementierung von Frontend- und Backend-Funktionen unter Verwendung von PHP, MySQL, JavaScript und Linux
- Mitwirkung an spannenden IT-Projekten, von der Konzeption bis zur Umsetzung
- Entwicklung und Optimierung von Onlineshops, um deren Funktionalität und Benutzerfreundlichkeit zu verbessern
Ihr Profil
- Spaß an der Arbeit im Team und eigenverantwortlichen Aufgaben
- Eine abgeschlossene Ausbildung als Fachinformatiker für Anwendungsentwicklung oder als mathematisch-technischer Softwareentwickler, alternativ Quereinsteiger mit min. 3-4 Jahren Berufserfahrung
- Eigeninitiative und Einsatzbereitschaft

Dein Profil:- fließende Deutschkenntnisse in Wort und Schrift (Sprachniveau C1)
- Know-how: PHP, MySQL, Javascript und Linux
- Optional: Webbasierte Frameworks, Linux, Serveradministration
- Teamfähigkeit, Kreativität und eine eigenständige ArbeitsweiseAnforderungen an den Bewerber: Grundkenntnisse: Web-Applikationen (Entwicklung, Programmierung)
Erweiterte Kenntnisse: Programmiersprache PHP

Wir bieten Dir:
- Arbeitszeitkonto
- Jobrad
- Regelmäßige Teamevents
- Kostenlose Parkmöglichkeiten
- Natürlich wird für Getränke, Snacks und Obst gesorgt","Dein Profil:- fließende Deutschkenntnisse in Wort und Schrift (Sprachniveau C1)
- Know-how: PHP, MySQL, Javascript und Linux
- Optional: Webbasierte Frameworks, Linux, Serveradministration
- Teamfähigkeit, Kreativität und eine eigenständige ArbeitsweiseAnforderungen an den Bewerber: Grundkenntnisse: Web-Applikationen (Entwicklung, Programmierung)
Erweiterte Kenntnisse: Programmiersprache PHP",2026-06-12T20:52:27.301009+00:00
STEP-13840885,stepstone_de_dpa,Ehrhardt + Partner Group,Aachen,Aachen Aachen,Ausbildung | Auszubildende Fachinformatiker Anwendungsentwicklung (m/w/d),ae,,,,53,empty,,https://twitter.com/stepstone_de,portal,,,Ehrhardt + Partner Group | Ausbildung | Auszubildende Fachinformatiker Anwendungsentwicklung (m/w/d) | Aachen,tidak,belum,sedang,"Auszubildende Fachinformatiker Anwendungsentwicklung (m/w/d)

DIE AUFGABEN - Damit bewirkst Du
Gemeinsam mit Deinem Team arbeitest Du an weltweiten Kundenprojekten im Bereich der Einzelhandel-, Automobil- und Flughafenlogistik.
Du findest die besten Lösungen für Anwendungs- und Systemprobleme.
Auch an der Entwicklung von internen Arbeitstools bist Du beteiligt.
Unterstützt durch dein Team erlernst Du die Grundlagen der Programmierung und der Programmiermethodik.
Du konzipierst und realisierst kundenspezifisch Softwareanwendungen, testest diese und passt neue und bereits bestehende Anwendungen an.
Du unterstützt uns bei der Verwaltung interner Anwendungen und Server-Umgebungen.
Du baust Dir Wissen hinsichtlich unterschiedlicher Einsatzkontexte unserer Lösungen bei Kunden auf.
Zusätzlich machen wir Dich fit für die IHK-Prüfungen und bereiten Dich umfangreich vor.
Aufgaben zum Weiterkommen. Dinge bewegen, ab Tag 1. Das heißt bei uns: Verantwortung geben und bekommen. Ideen nicht nur äußern können, sondern umsetzen dürfen. Und ein Personalentwicklungskonzept, das individuell passt - egal, ob Richtung Führungskraft oder Fachexperte.
Arbeitszeit und -ort? Flexibel. Unser Gleitzeitmodell bietet die Flexibilität, die zu Deiner Arbeit und Deinem Leben passt. Dazu gehört natürlich auch die Möglichkeit, aus dem Homeoffice heraus zu arbeiten.
Miteinander und Kultur? Auf Augenhöhe. Offenes Feedback. Regelmäßige Updates durch unsere Geschäftsführung. Lösungsorientiertes An-einem-Strang-Ziehen. Und natürlich auch Get-together-Events wie das Kartfahren, die EPG-Weihnachtsfeier oder unsere LAN-Party - um uns und unsere Erfolge zu feiern.
Jetzt. Für später. Die betriebliche Altersvorsorge (bAV) bietet eine gute Möglichkeit, für das Alter vorzusorgen. Dafür gibt es von uns im Heute einen starken Arbeitgeberzuschuss, damit Dein Morgen so entspannt wie möglich wird.
Bewegung. Um lange bewegen zu können. Jeder hat die Möglichkeit in unserem Sportraum zu trainieren. Lieber was im Team? Dann bietet sich der Firmenlauf oder ein Nachmittag im Kletterwald an.
Branche der Gegenwart. Und Zukunft. Die Welt der Logistik begleitet nicht nur unser aller Alltag. Sie ist auch essenziell für eine nachhaltige, lebenswerte Zukunft. Was das bedeutet? Viel, was wir gemeinsam bewegen können. Die Möglichkeit, Dinge besser zu machen. Und einen sicheren, auch für die Zukunft relevanten, Arbeitsplatz.
Und klar, Obstkorb und Getränke haben wir natürlich auch.
Haben wir Dein Interesse geweckt?
Bewerben Sie sich gerne über Stepstone One-Click oder über unser Online-Bewerbungsformular !
EPG – Ehrhardt Partner Group
topsystem GmbH
Krefelder Straße 201, 52070 Aachen
Tel.: (+49) 241 568 262-0
www.epg-jobs.com

DIE ANFORDERUNGEN - Das macht Dich erfolgreich
Du hast Dein (Fach-)Abitur bereits in der Tasche oder wirst in naher Zukunft so weit sein.
Alternativ hast Du ein Studium begonnen und gemerkt, dass eine praktische Ausbildung Dir wesentlich mehr liegt.
Du bringst Leidenschaft und Neugier für das Thema IT sowie ein gutes technisches Grundverständnis mit.
Du weißt, wie wichtig zielorientiertes Lernen und Arbeiten ist - und vor allem willst Du das gleiche wie wir: Dinge nach vorne bringen und mit voller Energie an der Logistik der Zukunft arbeiten (übrigens ein Themenfeld, das nicht nur zukunftssicher ist, sondern z. B. auch Dich bereits heute schon täglich begleitet)!
Dein Profil rundest Du mit guten Deutsch- und Englischkenntnissen ab.

DIE BENEFITS - Das gibt es mit dazu
Wir glauben daran, dass Arbeit Spaß machen und zum Leben passen darf. Und deshalb gibt es, neben unserem bunten und talentierten Team, den besten Kunden und den unterschiedlichsten Projekten und Produkten noch folgendes dazu:
Onboarding zum Ankommen. Onboardingplan vorab, damit Du weißt, was auf Dich zukommt. Onboardingtag, um uns besser kennenzulernen. Und die Onboardingphase im Fachbereich; so gestaltet, dass Du bestmöglich ankommst, verstehst und loslegen kannst.","DIE ANFORDERUNGEN - Das macht Dich erfolgreich
Du hast Dein (Fach-)Abitur bereits in der Tasche oder wirst in naher Zukunft so weit sein.
Alternativ hast Du ein Studium begonnen und gemerkt, dass eine praktische Ausbildung Dir wesentlich mehr liegt.
Du bringst Leidenschaft und Neugier für das Thema IT sowie ein gutes technisches Grundverständnis mit.
Du weißt, wie wichtig zielorientiertes Lernen und Arbeiten ist - und vor allem willst Du das gleiche wie wir: Dinge nach vorne bringen und mit voller Energie an der Logistik der Zukunft arbeiten (übrigens ein Themenfeld, das nicht nur zukunftssicher ist, sondern z. B. auch Dich bereits heute schon täglich begleitet)!
Dein Profil rundest Du mit guten Deutsch- und Englischkenntnissen ab.",2026-06-12T21:42:22.518822+00:00
STEP-13918083,stepstone_de_dpa,m3connect GmbH,Aachen,Aachen Aachen,Ausbildung | Ausbildung: Fachinformatiker (m/w/d) für Anwendungsentwicklung,ae,,,"1.070 €, 1.120 €, 1.200 €",53,empty,,https://twitter.com/stepstone_de,portal,,,m3connect GmbH | Ausbildung | Ausbildung: Fachinformatiker (m/w/d) für Anwendungsentwicklung | Aachen,tidak,belum,sedang,"Ausbildung: Fachinformatiker (m/w/d) für Anwendungsentwicklung

Ihre Aufgaben
Dein Spielfeld: Code, Kreativität und innovative Softwarelösungen
Deine Aufgaben auf einen Blick:
Echte Projekte statt Theorie – Arbeite von Anfang an an spannenden Softwarelösungen und unterstütze unser Entwicklerteam bei realen Kundenprojekten

Von der Idee zum Code – Analysiere Anforderungen und entwickle daraus kreative und funktionierende Anwendungen
Qualität zählt – Teste, optimiere und verbessere Software, damit sie zuverlässig und benutzerfreundlich läuft
Moderne Technologien – Lerne verschiedene Programmiersprachen, Tools und Frameworks kennen und erweitere kontinuierlich Dein Know-how
Gemeinsam zum Ziel – Setze gemeinsam mit Deinem Team Projekte um und arbeite nach agilen Prinzipien wie Scrum
Dein Profil – Das bringst du mit:
Schulabschluss – Du hast eine abgeschlossene Schulausbildung mit guten Leistungen in Mathematik und Informatik
Interesse an IT – Du hast großes Interesse an Informationstechnologie, dem täglichen Umgang mit Hardware, und konntest bereits erste Einblicke gewinnen
Arbeitsweise – Du arbeitest verantwortungsbewusst, selbstständig und bist teamfähig
Sprachkenntnisse – Du hast sehr gute Deutsch- und Englischkenntnisse, die Dir die interne sowie externe Kommunikation erleichtern
Werde Teil unseres Teams und starte Deine Ausbildung zum Fachinformatiker (m/w/d) für Anwendungsentwicklung!
Wieso m3connect?
Attraktive Vergütung – Weil Deine Leistung zählt !
1. Jahr: 1.070 €, 2. Jahr: 1.120 €, 3. Jahr: 1.200 € monatliche Ausbildungsvergütung
Flexibilität – Freie Zeiteinteilung ohne Kernarbeitszeiten
Modernes Equipment – MacBook oder Dell? Du entscheidest! Ein iPad ist bei uns für alle Azubis Standard
Sicherheit & Perspektive – Die umfassende Ausbildung bereitet Dich bestens auf Deine berufliche Zukunft vor, daher erwarten Dich hervorragende Übernahmechancen
Events – Wir arbeiten gerne als starkes Team und feiern gemeinsam unsere Erfolge
Teamgeist – Flache Hierarchien, offene Türen, Duz-Kultur & ein kollegiales Miteinander
Zusätzliche Leistungen – Übernahme des ÖPNV-Tickets, Zuschuss zum JobRad & vermögenswirksame Leistungen
Wohlfühl-Extras – Vielfältige Getränkebar, Fitnessraum, Billard & mehr
Urlaub & Work-Life-Balance – 30 Tage, zusätzlicher Sonderurlaub zur Prüfungsvorbereitung & ein Gleitzeitkonto inkl. Überstundenausgleich
Innovationskraft – Deine Ideen zählen, wir setzen auf Fortschritt!
Deine Bewerbung?
Ganz einfach online – Wir freuen uns, von Dir zu hören!
Du hast Dein Studium abgebrochen? Wir nehmen am SWITCH-Programm teil!","Von der Idee zum Code – Analysiere Anforderungen und entwickle daraus kreative und funktionierende Anwendungen
Qualität zählt – Teste, optimiere und verbessere Software, damit sie zuverlässig und benutzerfreundlich läuft
Moderne Technologien – Lerne verschiedene Programmiersprachen, Tools und Frameworks kennen und erweitere kontinuierlich Dein Know-how
Gemeinsam zum Ziel – Setze gemeinsam mit Deinem Team Projekte um und arbeite nach agilen Prinzipien wie Scrum
Dein Profil – Das bringst du mit:
Schulabschluss – Du hast eine abgeschlossene Schulausbildung mit guten Leistungen in Mathematik und Informatik
Interesse an IT – Du hast großes Interesse an Informationstechnologie, dem täglichen Umgang mit Hardware, und konntest bereits erste Einblicke gewinnen
Arbeitsweise – Du arbeitest verantwortungsbewusst, selbstständig und bist teamfähig
Sprachkenntnisse – Du hast sehr gute Deutsch- und Englischkenntnisse, die Dir die interne sowie externe Kommunikation erleichtern
Werde Teil unseres Teams und starte Deine Ausbildung zum Fachinformatiker (m/w/d) für Anwendungsentwicklung!
Wieso m3connect?
Attraktive Vergütung – Weil Deine Leistung zählt !
1. Jahr: 1.070 €, 2. Jahr: 1.120 €, 3. Jahr: 1.200 € monatliche Ausbildungsvergütung
Flexibilität – Freie Zeiteinteilung ohne Kernarbeitszeiten
Modernes Equipment – MacBook oder Dell? Du entscheidest! Ein iPad ist bei uns für alle Azubis Standard
Sicherheit & Perspektive – Die umfassende Ausbildung bereitet Dich bestens auf Deine berufliche Zukunft vor, daher erwarten Dich hervorragende Übernahmechancen
Events – Wir arbeiten gerne als starkes Team und feiern gemeinsam unsere Erfolge
Teamgeist – Flache Hierarchien, offene Türen, Duz-Kultur & ein kollegiales Miteinander
Zusätzliche Leistungen – Übernahme des ÖPNV-Tickets, Zuschuss zum JobRad & vermögenswirksame Leistungen
Wohlfühl-Extras – Vielfältige Getränkebar, Fitnessraum, Billard & mehr
Urlaub & Work-Life-Balance – 30 Tage, zusätzlicher Sonderurlaub zur Prüfungsvorbereitung & ein Gleitzeitkonto inkl. Überstundenausgleich
Innovationskraft – Deine Ideen zählen, wir setzen auf Fortschritt!
Deine Bewerbung?
Ganz einfach online – Wir freuen uns, von Dir zu hören!
Du hast Dein Studium abgebrochen? Wir nehmen am SWITCH-Programm teil!",2026-06-12T21:22:57.393822+00:00
AZDE-10575699,azubi_de_fi,onOffice GmbH,Aachen,52068 Aachen DE,Ausbildung | Fachinformatiker Anwendungsentwicklung (m/w/d),ae,,,,53,empty,,https://www.azubi.de/ausbildungsplatz/10575699-b-ausbildung-fachinformatiker-anwendungsentwicklung-m-w-d/apply,portal,,,onOffice GmbH | Ausbildung | Fachinformatiker Anwendungsentwicklung (m/w/d) | Aachen,tidak,belum,sedang,"Ausbildung Fachinformatiker Anwendungsentwicklung (m/w/d)

Einleitung
Technik, Programmierung und Projekte – bei onOffice erwarten dich über 350 Kolleg:innen in vielfältigen Bereichen, davon rund 85 in der Softwareentwicklung und in Data Migration.
Ausbildung | Aachen | Software Development & Operations (https://onoffice.com/ueber-uns/team-software-development-operation/) und Data Migration (https://onoffice.com/ueber-uns/team-data-migration/)
Willkommen bei onOffice
- Start: 1. August 2026, Dauer: 3 Jahre
- Praxis & Schule: 3-4 Tage Praxis bei uns in Aachen, 1-2 Tage Berufsschule
- Ziel: Wir möchten dich nach der Ausbildung gerne übernehmen
So sieht deine Ausbildung aus
- Softwareentwicklung: Entwickle eigene Programme, Apps und Features für unsere CRM-Software.
- Data Migration: Programmiere Lösungen für den Datenimport aus verschiedenen Quellen und die Integration ins CRM.
- Projektmanagement: Plane kleine Projekte, setze Aufgaben um und begleite Software-Lösungen von der Idee bis zum Einsatz.
- Präsentation: Stelle deine Projekte im Team vor oder direkt bei Kund*innen online oder vor Ort.
- Teamarbeit: Arbeite eng mit Entwickler*innen, Support und Product Management zusammen, um Projekte erfolgreich umzusetzen.
- Techstack: Lerne und arbeite mit PHP, JavaScript, JSON, GraphQL, Vue.js, HTML, CSS sowie MariaDB für Datenbanken und Git für Versionskontrolle.
Das ist uns wichtig
- Ein sehr guter Realschulabschluss oder (Fach-)Abitur.
- Interesse an Mathe und erste Erfahrungen im Programmieren.
- Begeisterung für Webseiten, Software und IT-Themen.
- Sehr gute Deutschkenntnisse und gutes Englisch (Fachliteratur und Programmbeschreibungen sind oft in englischer Sprache verfasst).

Deine Vorteile
- Gutes Geld – Dein eigenes Einkommen: 1.000 € (1. Jahr), 1.100 € (2. Jahr), 1.200 € (3. Jahr) – plus vergünstigtes Deutschland-Ticket.
- Ausbildungsqualität –Echte Kundenprojekte von Anfang an, ein strukturierter Ausbildungsplan und persönliche Ausbilder an deiner Seite.
- Perspektiven – Wir bilden in Berufen mit guten Zukunftsaussichten aus, weil wir engagierte Azubis gern ins Team übernehmen.
- Zusammenarbeit – Teamleiter sind selbst erfahrene Entwickler und unser gesamtes Team steht offen und konstruktiv füreinander ein.
- Teamkultur – Freu dich auf viele Erlebnisse: Teamevents, unsere Teamfahrt oder gemeinsame Zeit nach Feierabend.
- Extras – Für deine Zukunft vorsorgen, sparen und fit bleiben – mit Rabatten, Altersvorsorge, Sportevents, Firmenfitness und Urban Sports Club.
onOffice – always on your side
In den Entwicklungsteams arbeitest du direkt an unseren Softwareprojekten mit und lernst, wie digitale Lösungen in der Praxis funktionieren. Du verbindest technisches Know-how mit kreativen Projekten und echten Kundenanforderungen – vom ersten Code bis zur fertigen Software.
Aufgaben","Einleitung
Technik, Programmierung und Projekte – bei onOffice erwarten dich über 350 Kolleg:innen in vielfältigen Bereichen, davon rund 85 in der Softwareentwicklung und in Data Migration.
Ausbildung | Aachen | Software Development & Operations (https://onoffice.com/ueber-uns/team-software-development-operation/) und Data Migration (https://onoffice.com/ueber-uns/team-data-migration/)
Willkommen bei onOffice
- Start: 1. August 2026, Dauer: 3 Jahre
- Praxis & Schule: 3-4 Tage Praxis bei uns in Aachen, 1-2 Tage Berufsschule
- Ziel: Wir möchten dich nach der Ausbildung gerne übernehmen
So sieht deine Ausbildung aus
- Softwareentwicklung: Entwickle eigene Programme, Apps und Features für unsere CRM-Software.
- Data Migration: Programmiere Lösungen für den Datenimport aus verschiedenen Quellen und die Integration ins CRM.
- Projektmanagement: Plane kleine Projekte, setze Aufgaben um und begleite Software-Lösungen von der Idee bis zum Einsatz.
- Präsentation: Stelle deine Projekte im Team vor oder direkt bei Kund*innen online oder vor Ort.
- Teamarbeit: Arbeite eng mit Entwickler*innen, Support und Product Management zusammen, um Projekte erfolgreich umzusetzen.
- Techstack: Lerne und arbeite mit PHP, JavaScript, JSON, GraphQL, Vue.js, HTML, CSS sowie MariaDB für Datenbanken und Git für Versionskontrolle.
Das ist uns wichtig
- Ein sehr guter Realschulabschluss oder (Fach-)Abitur.
- Interesse an Mathe und erste Erfahrungen im Programmieren.
- Begeisterung für Webseiten, Software und IT-Themen.
- Sehr gute Deutschkenntnisse und gutes Englisch (Fachliteratur und Programmbeschreibungen sind oft in englischer Sprache verfasst).",2026-06-13T10:34:30.981393+00:00
AZDE-11117515,azubi_de_fi,Junghans Wollversand GmbH & Co. KG,Aachen,Gut-Dämme-Straße 4 52070 Aachen,Ausbildung | zum Fachinformatiker für Anwendungsentwicklung (m/w/d),ae,,,,47,empty,,https://www.azubi.de/ausbildungsplatz/11117515-s-ausbildung-zum-fachinformatiker-fuer-anwendungsentwicklung-m-w-d/apply,portal,,,Junghans Wollversand GmbH & Co. KG | Ausbildung | zum Fachinformatiker für Anwendungsentwicklung (m/w/d) | Aachen,ya,belum,rendah,"Ausbildung zum Fachinformatiker für Anwendungsentwicklung (m/w/d)

- Mehr als nur Arbeit: Spaß ist bei uns angesagt! Ob Sport oder gemeinsame Freizeitaktivitäten – hier wird es nie langweilig.In deiner 3-jährigen Ausbildung tauchst du tief in die spannende Welt unserer IT ein. Du wirst verschiedene Bereiche kennenlernen, von der Entwicklung von Anwendungen bis zum allgemeinen Programmieren. Deine Aufgaben umfassen auch die Arbeit mit SAP, was dir jede Menge Möglichkeiten eröffnet. Unser IT-Team bringt dir nicht nur Fachwissen bei, sondern hilft dir auch dabei, selbst die kniffligsten Software- und Hardware-Probleme zu lösen. Hier geht's nicht nur um Arbeit, sondern um richtiges IT-Abenteuer!
Aufgaben

Einleitung
Das begeistert Dich:
- Technik, Zahlen und Computer sind genau Dein Gebiet?
- Computerprobleme oder knifflige Updates fordern Dich heraus?
- Du suchst einen Traumjob mit optimalen Zukunftsaussichten?Unser unschlagbares Angebot für Dich:
- Werde zum Profi mit uns: Hier lernst du nicht nur – unsere Experten machen dich selbst zu einem!
- Dein Team zählt auf dich: Schon ab dem ersten Tag bist du super wichtig. Alle schätzen, was du machst!
- Wir planen für deine Zukunft: Nicht nur Ausbildung, sondern auch danach. Gestalte mit uns deine Karriere!","Einleitung
Das begeistert Dich:
- Technik, Zahlen und Computer sind genau Dein Gebiet?
- Computerprobleme oder knifflige Updates fordern Dich heraus?
- Du suchst einen Traumjob mit optimalen Zukunftsaussichten?Unser unschlagbares Angebot für Dich:
- Werde zum Profi mit uns: Hier lernst du nicht nur – unsere Experten machen dich selbst zu einem!
- Dein Team zählt auf dich: Schon ab dem ersten Tag bist du super wichtig. Alle schätzen, was du machst!
- Wir planen für deine Zukunft: Nicht nur Ausbildung, sondern auch danach. Gestalte mit uns deine Karriere!",2026-06-13T10:36:14.334772+00:00
MAD-2452327744,meine_ausbildung_ae,nesseler grünzig bau GmbH,Aachen,,Fachinformatiker/in - Anwendungsentwicklung,ae,,,,40,company,,https://suche.ausbildung.nrw/unternehmen/nesseler-bau-gmbh/1786?utm_source=meine-ausbildung-in-deutschland,portal,,,nesseler grünzig bau GmbH | Fachinformatiker/in - Anwendungsentwicklung | Aachen,ya,belum,rendah,Fachinformatiker/in - Anwendungsentwicklung,,2026-06-11T11:35:56.917547+00:00
MAD-2440499303,meine_ausbildung_ae,regio iT GmbH,Aachen,,Fachinformatiker/in - Anwendungsentwicklung,ae,,,,40,company,,https://suche.ausbildung.nrw/unternehmen/regio-it-gesellschaft-fuer-informationstechnologie-mbh/195?utm_source=meine-ausbildung-in-deutschland,portal,,,regio iT GmbH | Fachinformatiker/in - Anwendungsentwicklung | Aachen,ya,belum,rendah,Fachinformatiker/in - Anwendungsentwicklung,,2026-06-11T11:44:29.848620+00:00
MAD-2440500766,meine_ausbildung_ae,VYGON GmbH & Co. KG,Aachen,,Fachinformatiker/in - Anwendungsentwicklung,ae,,,,40,company,,https://suche.ausbildung.nrw/unternehmen/vygon-germany-gmbh/2629?utm_source=meine-ausbildung-in-deutschland,portal,,,VYGON GmbH & Co. KG | Fachinformatiker/in - Anwendungsentwicklung | Aachen,ya,belum,rendah,Fachinformatiker/in - Anwendungsentwicklung,,2026-06-11T11:44:41.053313+00:00
12511-2026X0000050023-S,fachinformatiker_ae,Übach-Palenberg,Aachen,52070 Aachen,Ausbildung | Fachinformatiker/in - Anwendungsentwicklung,dpa,,,,93,partner_portal,lars.damerius@neuman-esser.com,https://deinjob.de/jobmanager-arbeitsagentur/28014859?utm_source=arbeitsagentur&utm_medium=arbeitsagentur,email,02451481251,https://www.arbeitsagentur.de/jobsuche/jobdetail/12511-2026X0000050023-S,Übach-Palenberg | Ausbildung | Fachinformatiker/in - Anwendungsentwicklung | Aachen,tidak,belum,tinggi,"NEA X  -  Partner für digitales Business:
Die Welt wird immer komplexer. Daher stehen bei NEA X Datenstrategie, integrierte digitale Prozesse und vor allem die Unterstützung der Anwender durch digitale Intelligenz im Fokus.

Seit der ersten Stunde der Cloud-Zeitrechnung bieten wir als Microsoft-Partner praxiserprobte digitale Lösungen an - basierend auf Online-Diensten für Unternehmen mit ausgeprägter Fortschrittskultur.

Bewirb dich jetzt für eine

Ausbildung zum Fachinformatiker  für Anwendungsentwicklung (m/w/d)

Dein Ausbildungsberuf::
Fachinformatiker (m/w/d) sind Experten für die Konzeption und Realisierung komplexer EDV-Systeme, die genau an die spezifischen Anforderungen des Kunden angepasst werden müssen. Sie entwickeln und programmieren kundenspezifische Software oder passen diese anwenderbezogen an. Darüber hinaus beheben sie Fehler, beraten und schulen die Anwender. Während ihrer Arbeit setzen sie die Methoden des Software-Engineerings sowie moderne Software ein und nutzen die gesamte Breite der aktuellen Informations- und Telekommunikationstechnologien bis hin zu Multimediaanwendungen.
Deine Aufgaben::
 
- Programmerstellung und Dokumentation 
- Erlernen von Programmiersprachen
- Systemarchitektur, Hardware und Betriebssysteme
- Erstellung einsatzspezifischer Systemlösungen 

Dein Profil:
 Du besitzt die Fachhochschulreife oder Vergleichbares mit guten Noten in Informatik, Mathe und Englisch hastDu arbeitest sorgfältig und schnellDu besitzt ein ausgeprägtes, analytisches DenkvermögenDu bist teamfähig, zuverlässig und überhaupt sehr nett und coolDu hast Interesse an Prozessen und komplexen DatenstrukturenDu möchtest den Überblick in ineinander vernetzten Systemen behalten

Unser Angebot::
 
- 3-jährige Ausbildung (Verkürzung möglich!) in einem tollen Team mit insgesamt ca. 75 Azubis aus den unterschiedlichen Berufsbildern an allen NEA-Standorten in Deutschland 
- viel Abwechslung beim Erlernen verschiedener Programmiersprachen und der Projektplanung sowie -durchführung
- Lösungswege beim Anpassen diverser Softwareprogramme
- hohe Vergütung und Sonderzahlungen
Sonstige Vorteile::

- Hohe Ausbildungsvergütung
- Urlaubs-, Weihnachts- und Prüfungsgeld
- 30 Urlaubstage im Jahr
- Events wie Azubifahrten, Weihnachtsfeiern und Grillfeste, Sport- und Gesundheitstage
- Sportangebote und Mitarbeitervergünstigungen (wie z.B. Escape Room)
- Hohe Übernahmequote

Noch etwas unklar? 
Kein Problem, wir beantworten alle Fragen gerne telefonisch oder per E-Mail.

Falls du dich noch weiter informieren willst, besuche doch unsere Website: neazubi.de

Deine Bewerbung kannst du gerne Online auf unserer Website, per E-Mail oder per Post an uns senden.

Wir freuen uns auf dich!

Übach-Palenberg
Herr Lars Damerius
Werkstraße o. Nr.
Übach-Palenberg
lars.damerius@neuman-esser.com
02451481251","Fachinformatiker (m/w/d) sind Experten für die Konzeption und Realisierung komplexer EDV-Systeme, die genau an die spezifischen Anforderungen des Kunden angepasst werden müssen. Sie entwickeln und programmieren kundenspezifische Software oder passen diese anwenderbezogen an. Darüber hinaus beheben sie Fehler, beraten und schulen die Anwender. Während ihrer Arbeit setzen sie die Methoden des Software-Engineerings sowie moderne Software ein und nutzen die gesamte Breite der aktuellen Informations- und Telekommunikationstechnologien bis hin zu Multimediaanwendungen.
Deine Aufgaben::",2026-06-11T09:11:25.279610+00:00
10000-1205980272-S,fachinformatiker_ae_2026,m3connect GmbH,Aachen,"Pascalstr. 18, 52076 Aachen",Ausbildung | Fachinformatiker/in - Digitale Vernetzung,si,2026,,1. Jahr: 1.070 €,87,ba_portal,,https://www.arbeitsagentur.de/jobsuche/jobdetail/10000-1205980272-S,ba_portal,,https://www.arbeitsagentur.de/jobsuche/jobdetail/10000-1205980272-S,m3connect GmbH | Ausbildung | Fachinformatiker/in - Digitale Vernetzung | Aachen,ya,belum,rendah,"### 🚀 Deine Mission: Mit einer Karriere in der IT durchstarten

Wir bieten spannende Ausbildungsplätze zum **Fachinformatiker (m/w/d) für digitale Vernetzung** an. Bei uns erhältst Du die Chance, praxisnahe Erfahrungen zu sammeln und Deine Fähigkeiten in einem innovativen und dynamischen Umfeld zu entwickeln.

#### 🌍 **Dein Spielfeld: Die komplexe Welt der Netzwerke**

### 📌 Deine Aufgaben auf einen Blick:

✔ **Netzwerktechnologien** – Tauche tief in die Welt der Netzwerkinfrastruktur ein und verstehe, wie verschiedene Systeme miteinander kommunizieren.
✔ **IT-Architekturen** – Erhalte tiefgehende Einblicke in die IT-Architekturen und lerne, wie Du stabile und skalierbare Infrastrukturen aufbaust.
✔ **Systemintegration** – Arbeite an der Integration und Optimierung von IT-Systemen, um nahtlose Datenflüsse und hohe Verfügbarkeit zu gewährleisten.
✔ **Sicherheitskonzepte umsetzen** – Lerne, wie Du IT-Systeme gegen Bedrohungen absicherst und robuste Sicherheitsstrategien entwickelst.
✔ **Vielseitige Einblicke** – Im Rahmen Deiner Ausbildung erhältst Du Einblicke in die verschiedenen IT-Abteilungen von m3connect – So lernst Du, worauf es beim Betrieb von IT-Systemen wirklich ankommt.

### Wieso m3connect?

#### **⭐ Deine Benefits – Weil Arbeit Spaß machen soll!**

- **Attraktive Vergütung** – Weil Deine Leistung zählt !
1. Jahr: 1.070 €, 2. Jahr: 1.120 €, 3. Jahr: 1.200 € monatliche Ausbildungsvergütung
- **Flexibilität** – Freie Zeiteinteilung ohne Kernarbeitszeiten
- **Modernes Equipment** – MacBook oder Dell? Du entscheidest! Ein iPad ist bei uns für alle Azubis Standard.
- **Sicherheit & Perspektive** – Die umfassende Ausbildung bereitet Dich bestens auf Deine berufliche Zukunft vor, daher erwarten Dich hervorragende Übernahmechancen.
- **Events** – Wir arbeiten gerne als starkes Team und feiern gemeinsam unsere Erfolge.
- **Teamgeist** – Flache Hierarchien, offene Türen, Duz-Kultur & ein kollegiales Miteinander
- **Zusätzliche Leistungen** – Übernahme des ÖPNV-Tickets, Zuschuss zum JobRad & vermögenswirksame Leistungen
- **Wohlfühl-Extras** – Vielfältige Getränkebar, Fitnessraum, Billard & mehr
- **Urlaub & Work-Life-Balance** – 30 Tage, zusätzlicher Sonderurlaub zur Prüfungsvorbereitung & ein Gleitzeitkonto inkl. Überstundenausgleich
- **Innovationskraft** – Deine Ideen zählen, wir setzen auf Fortschritt!

### 🎯 Dein Profil – Das bringst du mit:

- **Schulabschluss** – Du hast eine abgeschlossene Schulausbildung mit guten Leistungen in Mathematik und Informatik.
- **Interesse an IT –&#160;**Du hast großes Interesse an Informationstechnologie, dem täglichen Umgang mit Hardware, und konntest bereits erste Einblicke gewinnen.
- **Arbeitsweise –** Du arbeitest verantwortungsbewusst, selbstständig und bist teamfähig.
- **Sprachkenntnisse –** Du hast sehr gute Deutsch- und Englischkenntnisse, die Dir die interne sowie externe Kommunikation erleichtern.

**🤝 Werde Teil unseres Teams und starte Deine Ausbildung zum Fachinformatiker (m/w/d) für digitale Vernetzung!**

Deine Bewerbung? Ganz einfach [online](https://m3connect.jobs.personio.de/job/2261894?language=de&display=de#apply) – Wir freuen uns, von Dir zu hören! 😊

##### **Du hast Dein Studium abgebrochen? Wir nehmen am SWITCH-Programm teil!**","### 🎯 Dein Profil – Das bringst du mit:
- **Schulabschluss** – Du hast eine abgeschlossene Schulausbildung mit guten Leistungen in Mathematik und Informatik.
- **Interesse an IT –&#160;**Du hast großes Interesse an Informationstechnologie, dem täglichen Umgang mit Hardware, und konntest bereits erste Einblicke gewinnen.
- **Arbeitsweise –** Du arbeitest verantwortungsbewusst, selbstständig und bist teamfähig.
- **Sprachkenntnisse –** Du hast sehr gute Deutsch- und Englischkenntnisse, die Dir die interne sowie externe Kommunikation erleichtern.
Mittlere Reife / Realschulabschluss",2026-06-11T08:15:15.307024+00:00
10000-1204127834-S,fachinformatiker_ae_2026,RWTH Aachen,Aachen,"Templergraben 55, 52062 Aachen",Ausbildung | Fachinformatiker/in - Systemintegration,si,2026,,,80,ba_portal,,https://www.arbeitsagentur.de/jobsuche/jobdetail/10000-1204127834-S,ba_portal,,https://www.arbeitsagentur.de/jobsuche/jobdetail/10000-1204127834-S,RWTH Aachen | Ausbildung | Fachinformatiker/in - Systemintegration | Aachen,ya,belum,rendah,"# Fachinformatikerinnen und ‑informatiker (w/m/d)

## Fachrichtung Systemintegration

## Kurzinfo

- **Schulabschluss:** Fachoberschulreife
- **Auswahlverfahren:** Bewerbungsunterlagen, Testverfahren und Vorstellungsgespräche
- **Persönliche Voraussetzung:** Interesse an Datenverarbeitung, Freude an neuer Technik, analytisches und logisches Denkvermögen
- **Eignungstest:** Nein.
- **Ausbildungsdauer:** drei Jahre
- **Kammer:** Industrie- und Handelskammer Aachen
- **Prüfung:** Gestreckte Abschlussprüfung (Teil 1 im Ausbildungsverlauf, Teil 2 am Ende der Ausbildung)
- **Doppelqualifizierung:&#160;**Bei guten Leistungen können Sie parallel zur Ausbildung die Fachhochschulreife am Berufskolleg erwerben.

Berufsbeschreibung

Die RWTH Aachen bildet Fachinformatikerinnen und ‑informatiker in der Fachrichtung Systemintegration, kurz SI, aus. Sie konzipieren und realisieren komplexe Systeme der Informations- und Telekommunikationstechnik, kurz IuK-Systeme, durch Integration von Hard- und Softwarekomponenten. Sie installieren und konfigurieren vernetzte luK-Systeme und nehmen diese in Betrieb. Sie sind in der Lage, Störungen in luK-Systemen zu beheben. Neben der Verwaltung von IT-Umgebungen nehmen sie auch Aufgaben in der Präsentation von Systemlösungen, der Beratung und bei der Schulung der Anwender wahr. Typische Einsatzgebiete sind zum Beispiel Netzwerke, Client- und Server-Systeme oder Funknetze.

### Fortbildungen

Aufstiegsfortbildungen mit staatlich anerkanntem Abschluss nach der

[IT-Fortbildungsverordnung](https://www.rwth-aachen.de/global/show_document.asp?id=aaaaaaaaaaapiep):

- IT-Entwicklerinnen und ‑entwickler
- IT-Projektleiterin und ‑leiter
- IT-Beraterin und ‑Berater
- IT-Ökonomin und -Ökonom
- Technische Betriebswirtin und Technischer Betriebswirt
- Wirtschafts-Informatikerin und ‑Informatiker
- Studium an einer Fachhochschule oder einer wissenschaftlichen Hochschule bei entsprechender schulischer Voraussetzung

### Betriebliche Ausbildung

Die Ausbildung findet in den dafür ausgestatteten Hochschuleinrichtungen statt. Ergänzt wird sie durch [Kurse und Seminare](https://www.rwth-aachen.de/global/show_document.asp?id=aaaaaaaaaaczqjm), die zentral im [Berufsausbildungszentrum](https://www.rwth-aachen.de/go/id/bahl) der RWTH Aachen durchgeführt werden. Im dritten Ausbildungsjahr nehmen die Auszubildenden an einem so genannten Betriebspraktikum außerhalb der Hochschule teil.

### Schulische Ausbildung

Der Berufsschulunterricht findet an zwei Tagen in der Woche an dem [Berufskolleg für Gestaltung und Technik](https://www.bkgut.de/) der Stadt Aachen, Neuköllner Straße 15, 52068 Aachen statt.

## Vergütung, Jobticket und Urlaub während der Ausbildung

VERGÜTUNG, JOBTICKET UND URLAUB WÄHREND DER AUSBILDUNG

Ausbildungsvergütung 

1. Ausbildungsjahr: 1.296,82 Euro

2. Ausbildungsjahr: 1.350,96 Euro

3. Ausbildungsjahr: 1.400,61 Euro

(bei Ausbildungsberufen bei denen ein 4. Ausbildungsjahr gelistet ist: 4. Ausbildungsjahr 1.469,51 Euro)

vermögenswirksame Leistungen: 13,29 Euro

Jobticket als Deutschlandticket: 37,50 Euro pro Monat

Weihnachtsgeld: 95 Prozent des Novemberentgelts

Urlaubstage: 30 Tage pro Jahr

Informationen zur Erhebung personenbezogener Daten nach Artikeln 13 und 14 Datenschutz-Grundverordnung (DS-GVO) finden Sie unter: http://www.rwth-aachen.de/dsgvo-information-bewerbung

Im Sinne der Gleichbehandlung bitten wir Sie, auf ein Bewerbungsfoto zu verzichten.

Unsere Stellenausschreibungen für Ausbildungsplätze richten sich an alle Geschlechter.","- **Persönliche Voraussetzung:** Interesse an Datenverarbeitung, Freude an neuer Technik, analytisches und logisches Denkvermögen
- **Eignungstest:** Nein.
- **Ausbildungsdauer:** drei Jahre
- **Kammer:** Industrie- und Handelskammer Aachen
- **Prüfung:** Gestreckte Abschlussprüfung (Teil 1 im Ausbildungsverlauf, Teil 2 am Ende der Ausbildung)
- **Doppelqualifizierung:&#160;**Bei guten Leistungen können Sie parallel zur Ausbildung die Fachhochschulreife am Berufskolleg erwerben.",2026-06-11T08:14:11.577426+00:00
ASD-990570000011900524,ausbildungsstellen_si,nesseler bau gmbh,Aachen,Aachen Nordrhein-Westfalen,Ausbildung Fachinformatiker/in für Systemintegration (m/w/d),si,,,,73,company,bewerbung@nesseler.de,https://www.ausbildung.de/ratgeber/bewerbung/,email,"- Support & Service: Direkter Ansprechpartner für 500 Anwender - du löst echte Probleme, keine Übungsaufgaben
- Projekte: Du wirst in Automatisierungs- und Digitalisierungsprojekte eingebunden und übernimmst mit der Zeit eigene Aufgabenpakete
- Infrastruktur & Systeme: Administration von Windows-Servern, virtuellen Umgebungen (Citrix, HyperV) und Netzwerktechnik",,nesseler bau gmbh | Ausbildung Fachinformatiker/in für Systemintegration (m/w/d) | Aachen,tidak,belum,tinggi,"Ausbildung Fachinformatiker/in für Systemintegration (m/w/d)

Dein Profil
Du musst keiner perfekte Schulkarriere vorweisen. Wichtiger ist uns:
- Fachhochschulreife oder Abitur - oder du hast ein Informatikstudium begonnen und merkst, dass dir das Umsetzen mehr liegt als das Studieren
- Du denkst mit, wenn etwas nicht funktioniert - und hörst erst auf, wenn das Problem gelöst ist
- Du bist zuverlässig und kommunizierst klar, wenn du etwas nicht weißt oder Unterstützung brauchst
- Interesse an Technik und Lust, dich in neue Themen einzuarbeiten
Dich erwarten
- Eine sorgfältige Einarbeitung durch unsere erfahrenen Kollegen* und eine praxisnahe Ausbildung
- Arbeit mit moderner Software an spannenden Projekten in einem zukunftsorientierten Unternehmen
- Eine interdisziplinäre Zusammenarbeit und kurze Abstimmungswege
- 30 Tage Urlaub
- Eine Mitgliedschaft bei Urban Sports Club (kostenloser Besuch von Fitnessstudios, Schwimmbädern, Badminton- und Kletterhallen u.v.m.)
- Corporate Benefits, gemeinsame Ausflüge und Events
* Unsere Stellenausschreibung und Ansprache richtet sich an alle Menschen unabhängig von ihrem Geschlecht.","Dein Profil
Du musst keiner perfekte Schulkarriere vorweisen. Wichtiger ist uns:
- Fachhochschulreife oder Abitur - oder du hast ein Informatikstudium begonnen und merkst, dass dir das Umsetzen mehr liegt als das Studieren
- Du denkst mit, wenn etwas nicht funktioniert - und hörst erst auf, wenn das Problem gelöst ist
- Du bist zuverlässig und kommunizierst klar, wenn du etwas nicht weißt oder Unterstützung brauchst
- Interesse an Technik und Lust, dich in neue Themen einzuarbeiten
Dich erwarten
- Eine sorgfältige Einarbeitung durch unsere erfahrenen Kollegen* und eine praxisnahe Ausbildung
- Arbeit mit moderner Software an spannenden Projekten in einem zukunftsorientierten Unternehmen
- Eine interdisziplinäre Zusammenarbeit und kurze Abstimmungswege
- 30 Tage Urlaub
- Eine Mitgliedschaft bei Urban Sports Club (kostenloser Besuch von Fitnessstudios, Schwimmbädern, Badminton- und Kletterhallen u.v.m.)
- Corporate Benefits, gemeinsame Ausflüge und Events
* Unsere Stellenausschreibung und Ansprache richtet sich an alle Menschen unabhängig von ihrem Geschlecht.",2026-06-13T12:13:16.931255+00:00
ASD-998030003649354516,ausbildungsstellen_si,Azubiyo,Aachen,Gut-D&#228;mme-Stra&#223;e 4 52070 Aachen Nordrhein-Westfalen,Ausbildung zum Fachinformatiker für Systemintegration (m/w/d),si,,,"950 €, 1.050 €, 1.170 €",67,company,,https://www.azubiyo.de/bewerbung/,portal,,,Azubiyo | Ausbildung zum Fachinformatiker für Systemintegration (m/w/d) | Aachen,tidak,belum,sedang,"Ausbildung zum Fachinformatiker für Systemintegration (m/w/d)

Fachabitur",Fachabitur,2026-06-13T12:59:06.051114+00:00
ASD-995510004291666541,ausbildungsstellen_si,IAL® Institut für angewandte Logistik GmbH,Aachen,Metzgerstraße 63 52070 Aachen Nordrhein-Westfalen,Ausbildung | Vorbereitung auf die Externprüfung Fachinformatiker/in für Systemintegration,si,,,,67,empty,bloehdorn@ial.de,https://www.karriere-suedwestfalen.de/registrieren/bewerber,email,Hier finden Sie alle Kontaktinformationen: https://www.ial.de/kontakt/,,IAL® Institut für angewandte Logistik GmbH | Ausbildung | Vorbereitung auf die Externprüfung Fachinformatiker/in für Systemintegration | Aachen,tidak,belum,tinggi,"Vorbereitung auf die Externprüfung Fachinformatiker/in für Systemintegration

Bei Vorliegen entsprechender persönlicher Voraussetzungen ist eine Förderung durch die Agentur für Arbeit, die Jobcenter und andere Kostenträger möglich.","Bei Vorliegen entsprechender persönlicher Voraussetzungen ist eine Förderung durch die Agentur für Arbeit, die Jobcenter und andere Kostenträger möglich.",2026-06-13T12:40:22.843752+00:00
AZDE-11616808,azubi_de_fi,Jacobs Automobile GmbH,Aachen,52078 Aachen DE,Ausbildung | Fachinformatiker/Fachinformatikerin Fachrichtung Systemintegration,si,2026,8,"Während Deiner Ausbildung hast Du die Gelegenheit, die verschiedenen Aufgaben unserer IT-Abteilung kennenzulernen. Dabei lernst Du vor allem die folgenden Tätigkeiten kennen:
- Technische Planung von Systemen
- Installation von Systemen
- Durchführung von Service/Support",67,empty,,https://www.azubi.de/ausbildungsplatz/11616808-b-fachinformatiker-fachinformatikerin-fachrichtung-systemintegration/apply,portal,,,Jacobs Automobile GmbH | Ausbildung | Fachinformatiker/Fachinformatikerin Fachrichtung Systemintegration | Aachen,tidak,belum,sedang,"Fachinformatiker/Fachinformatikerin Fachrichtung Systemintegration

Das erwartet Dich bei uns:
Während Deiner Ausbildung hast Du die Gelegenheit, die verschiedenen Aufgaben unserer IT-Abteilung kennenzulernen. Dabei lernst Du vor allem die folgenden Tätigkeiten kennen:
- Technische Planung von Systemen
- Installation von Systemen
- Durchführung von Service/Support
- Optimierung, Pflege und Vernetzung von Hard- und Softwarekomponenten
Und danach?
Unser Ziel ist es, Dich nach erfolgreichem Abschluss Deiner Ausbildung zu übernehmen und in Deiner Position weiter zu fördern. Bei guter Leistung und Engagement wirst Du daher auch nach der Ausbildung vielfältige Weiterentwicklungsmöglichkeiten nutzen können, um Deine Karriere bei uns optimal fortzuführen. Mit einer Ausbildung bei der Jacobs Gruppe stehen Dir viele Wege offen. Wir fördern Deine Stärken und bieten Dir langfristige Perspektiven.
Bewirb Dich online!

Einleitung
Für die IT-Zentrale der Jacobs Gruppe in Aachen suchen wir zum 01.08.2026 Auszubildende im Beruf Fachinformatiker (m/w/d) mit der Fachrichtung Systemintegration. In der zentralen IT-Abteilung der Jacobs Gruppe bist Du für alle unsere Autohäuser in den Regionen Aachen, Düren, Heinsberg, Mönchengladbach und dem Rhein-Erft-Kreis tätig. Nach der Ausbildung bieten wir sehr gute Übernahmechancen. Dich erwartet eine spannende Ausbildung mit vielfältigen Weiterbildungs- und Karrierechancen.
Beginn: August 2026
Ausbildungsdauer: 3 Jahre
Das bringst Du mit:
- Fach-/ oder Abitur oder sehr guter Realschulabschluss
- großes technisches Interesse
- Gespür für Mathematik und Logik
- Spaß an Programmierung und Interesse an der Konfiguration und Computersystemen
- gute Englischkenntnisse
- eigenverantwortliches und zielorientiertes Arbeiten
- Führerschein Klasse B wünschenswert
- Optimale technische Voraussetzungen

Wir bieten Dir:
- Ein sehr angenehmes Arbeitsumfeld in einem motivierten Team
- Einen modernen Arbeitsplatz
- Praxisorientierte Weiterbildungsmöglichkeiten
- Karrieremöglichkeiten in einer der größten Autohandelsgruppen
- 30 Tage Urlaub
- Eine leistungsgerechte Vergütung
- Betriebliche Altersvorsorge
- Vermögenswirksame Leistungen
- Umfangreiche Mitarbeiterbenefits
- Mitarbeiterrabatte","Einleitung
Für die IT-Zentrale der Jacobs Gruppe in Aachen suchen wir zum 01.08.2026 Auszubildende im Beruf Fachinformatiker (m/w/d) mit der Fachrichtung Systemintegration. In der zentralen IT-Abteilung der Jacobs Gruppe bist Du für alle unsere Autohäuser in den Regionen Aachen, Düren, Heinsberg, Mönchengladbach und dem Rhein-Erft-Kreis tätig. Nach der Ausbildung bieten wir sehr gute Übernahmechancen. Dich erwartet eine spannende Ausbildung mit vielfältigen Weiterbildungs- und Karrierechancen.
Beginn: August 2026
Ausbildungsdauer: 3 Jahre
Das bringst Du mit:
- Fach-/ oder Abitur oder sehr guter Realschulabschluss
- großes technisches Interesse
- Gespür für Mathematik und Logik
- Spaß an Programmierung und Interesse an der Konfiguration und Computersystemen
- gute Englischkenntnisse
- eigenverantwortliches und zielorientiertes Arbeiten
- Führerschein Klasse B wünschenswert
- Optimale technische Voraussetzungen",2026-06-13T10:37:21.411257+00:00
ASD-995510004213792190,ausbildungsstellen_si,IAL® Institut für angewandte Logistik GmbH,Aachen,Metzgerstraße 63 52070 Aachen Nordrhein-Westfalen,Ausbildung | Umschulung Fachinformatiker/in der Fachrichtung Systemintegration,si,,,,60,empty,bloehdorn@ial.de,https://www.karriere-suedwestfalen.de/registrieren/bewerber,email,Hier finden Sie alle Kontaktinformationen: https://www.ial.de/kontakt/,,IAL® Institut für angewandte Logistik GmbH | Ausbildung | Umschulung Fachinformatiker/in der Fachrichtung Systemintegration | Aachen,tidak,belum,tinggi,"Umschulung Fachinformatiker/in der Fachrichtung Systemintegration

Bei Vorliegen entsprechender persönlicher Voraussetzungen ist eine Förderung durch die Agentur für Arbeit, die Jobcenter und andere Kostenträger möglich.","Bei Vorliegen entsprechender persönlicher Voraussetzungen ist eine Förderung durch die Agentur für Arbeit, die Jobcenter und andere Kostenträger möglich.",2026-06-13T12:40:07.040922+00:00
KSW-705603,karriere_sw_ae,IAL® Institut für angewandte Logistik GmbH,Aachen,Metzgerstraße 63 52070 Aachen,Ausbildung | Umschulung Fachinformatiker/in der Fachrichtung Systemintegration,si,,,,60,empty,bloehdorn@ial.de,https://www.ial.de/kontakt/,email,Hier finden Sie alle Kontaktinformationen: https://www.ial.de/kontakt/,,IAL® Institut für angewandte Logistik GmbH | Ausbildung | Umschulung Fachinformatiker/in der Fachrichtung Systemintegration | Aachen,tidak,belum,tinggi,"Umschulung Fachinformatiker/in der Fachrichtung Systemintegration

Bei Vorliegen entsprechender persönlicher Voraussetzungen ist eine Förderung durch die Agentur für Arbeit, die Jobcenter und andere Kostenträger möglich.","Bei Vorliegen entsprechender persönlicher Voraussetzungen ist eine Förderung durch die Agentur für Arbeit, die Jobcenter und andere Kostenträger möglich.",2026-06-13T14:44:45.234422+00:00
KSW-705686,karriere_sw_ae,IAL® Institut für angewandte Logistik GmbH,Aachen,Metzgerstraße 63 52070 Aachen,Ausbildung | Vorbereitung auf die Externprüfung Fachinformatiker/in für Systemintegration,si,,,,60,empty,bloehdorn@ial.de,https://www.ial.de/kontakt/,email,Hier finden Sie alle Kontaktinformationen: https://www.ial.de/kontakt/,,IAL® Institut für angewandte Logistik GmbH | Ausbildung | Vorbereitung auf die Externprüfung Fachinformatiker/in für Systemintegration | Aachen,tidak,belum,tinggi,"Vorbereitung auf die Externprüfung Fachinformatiker/in für Systemintegration

Bei Vorliegen entsprechender persönlicher Voraussetzungen ist eine Förderung durch die Agentur für Arbeit, die Jobcenter und andere Kostenträger möglich.","Bei Vorliegen entsprechender persönlicher Voraussetzungen ist eine Förderung durch die Agentur für Arbeit, die Jobcenter und andere Kostenträger möglich.",2026-06-13T14:44:50.981539+00:00
STEP-13918114,stepstone_de_dpa,m3connect GmbH,Aachen,Aachen Aachen,Ausbildung | Ausbildung: Fachinformatiker (m/w/d) für digitale Vernetzung,si,,,"1.070 €, 1.120 €, 1.200 €",60,empty,,https://twitter.com/stepstone_de,portal,,,m3connect GmbH | Ausbildung | Ausbildung: Fachinformatiker (m/w/d) für digitale Vernetzung | Aachen,tidak,belum,sedang,"Ausbildung: Fachinformatiker (m/w/d) für digitale Vernetzung

Ihre Aufgaben
Dein Spielfeld: Die komplexe Welt der Netzwerke
Deine Aufgaben auf einen Blick:
Netzwerktechnologien – Tauche tief in die Welt der Netzwerkinfrastruktur ein und verstehe, wie verschiedene Systeme miteinander kommunizieren.
IT-Architekturen – Erhalte tiefgehende Einblicke in die IT-Architekturen und lerne, wie Du stabile und skalierbare Infrastrukturen aufbaust.
Systemintegration – Arbeite an der Integration und Optimierung von IT-Systemen, um nahtlose Datenflüsse und hohe Verfügbarkeit zu gewährleisten.
Sicherheitskonzepte umsetzen – Lerne, wie Du IT-Systeme gegen Bedrohungen absicherst und robuste Sicherheitsstrategien entwickelst.
Vielseitige Einblicke – Im Rahmen Deiner Ausbildung erhältst Du Einblicke in die verschiedenen IT-Abteilungen von m3connect – So lernst Du, worauf es beim Betrieb von IT-Systemen wirklich ankommt.

Dein Profil – Das bringst du mit:
Schulabschluss – Du hast eine abgeschlossene Schulausbildung mit guten Leistungen in Mathematik und Informatik.
Interesse an IT – Du hast großes Interesse an Informationstechnologie, dem täglichen Umgang mit Hardware, und konntest bereits erste Einblicke gewinnen.
Arbeitsweise – Du arbeitest verantwortungsbewusst, selbstständig und bist teamfähig.
Sprachkenntnisse – Du hast sehr gute Deutsch- und Englischkenntnisse, die Dir die interne sowie externe Kommunikation erleichtern.
Werde Teil unseres Teams und starte Deine Ausbildung zum Fachinformatiker (m/w/d) für digitale Vernetzung!
Wieso m3connect?
Attraktive Vergütung – Weil Deine Leistung zählt !
1. Jahr: 1.070 €, 2. Jahr: 1.120 €, 3. Jahr: 1.200 € monatliche Ausbildungsvergütung
Flexibilität – Freie Zeiteinteilung ohne Kernarbeitszeiten
Modernes Equipment – MacBook oder Dell? Du entscheidest! Ein iPad ist bei uns für alle Azubis Standard.
Sicherheit & Perspektive – Die umfassende Ausbildung bereitet Dich bestens auf Deine berufliche Zukunft vor, daher erwarten Dich hervorragende Übernahmechancen.
Events – Wir arbeiten gerne als starkes Team und feiern gemeinsam unsere Erfolge.
Teamgeist – Flache Hierarchien, offene Türen, Duz-Kultur & ein kollegiales Miteinander
Zusätzliche Leistungen – Übernahme des ÖPNV-Tickets, Zuschuss zum JobRad & vermögenswirksame Leistungen
Wohlfühl-Extras – Vielfältige Getränkebar, Fitnessraum, Billard & mehr
Urlaub & Work-Life-Balance – 30 Tage, zusätzlicher Sonderurlaub zur Prüfungsvorbereitung & ein Gleitzeitkonto inkl. Überstundenausgleich
Innovationskraft – Deine Ideen zählen, wir setzen auf Fortschritt!
Deine Bewerbung?
Ganz einfach online – Wir freuen uns, von Dir zu hören!

Wir bieten spannende Ausbildungsplätze zum Fachinformatiker (m/w/d) für digitale Vernetzung an. Bei uns erhältst Du die Chance, praxisnahe Erfahrungen zu sammeln und Deine Fähigkeiten in einem innovativen und dynamischen Umfeld zu entwickeln.","Dein Profil – Das bringst du mit:
Schulabschluss – Du hast eine abgeschlossene Schulausbildung mit guten Leistungen in Mathematik und Informatik.
Interesse an IT – Du hast großes Interesse an Informationstechnologie, dem täglichen Umgang mit Hardware, und konntest bereits erste Einblicke gewinnen.
Arbeitsweise – Du arbeitest verantwortungsbewusst, selbstständig und bist teamfähig.
Sprachkenntnisse – Du hast sehr gute Deutsch- und Englischkenntnisse, die Dir die interne sowie externe Kommunikation erleichtern.
Werde Teil unseres Teams und starte Deine Ausbildung zum Fachinformatiker (m/w/d) für digitale Vernetzung!
Wieso m3connect?
Attraktive Vergütung – Weil Deine Leistung zählt !
1. Jahr: 1.070 €, 2. Jahr: 1.120 €, 3. Jahr: 1.200 € monatliche Ausbildungsvergütung
Flexibilität – Freie Zeiteinteilung ohne Kernarbeitszeiten
Modernes Equipment – MacBook oder Dell? Du entscheidest! Ein iPad ist bei uns für alle Azubis Standard.
Sicherheit & Perspektive – Die umfassende Ausbildung bereitet Dich bestens auf Deine berufliche Zukunft vor, daher erwarten Dich hervorragende Übernahmechancen.
Events – Wir arbeiten gerne als starkes Team und feiern gemeinsam unsere Erfolge.
Teamgeist – Flache Hierarchien, offene Türen, Duz-Kultur & ein kollegiales Miteinander
Zusätzliche Leistungen – Übernahme des ÖPNV-Tickets, Zuschuss zum JobRad & vermögenswirksame Leistungen
Wohlfühl-Extras – Vielfältige Getränkebar, Fitnessraum, Billard & mehr
Urlaub & Work-Life-Balance – 30 Tage, zusätzlicher Sonderurlaub zur Prüfungsvorbereitung & ein Gleitzeitkonto inkl. Überstundenausgleich
Innovationskraft – Deine Ideen zählen, wir setzen auf Fortschritt!
Deine Bewerbung?
Ganz einfach online – Wir freuen uns, von Dir zu hören!",2026-06-12T21:23:15.250412+00:00
STEP-12226728,stepstone_de_ae,X.CILIO Systemhaus GmbH,Aachen,Aachen Aachen,Ausbildung | Fachinformatiker Systemintegration (m/w/d),si,,,,60,empty,,https://twitter.com/stepstone_de,portal,Kontakt,,X.CILIO Systemhaus GmbH | Ausbildung | Fachinformatiker Systemintegration (m/w/d) | Aachen,tidak,belum,sedang,"Ausbildung Fachinformatiker Systemintegration (m/w/d)

Aufgaben
Unterstützung bei der Planung und Implementierung von IT-Systemen und Netzwerken.
Fehleranalyse und Störungsbeseitigung in bestehenden Systemen.
Mitarbeit bei der Einrichtung und Konfiguration von Hardware- und Softwarekomponenten.
Beratung und Support für Kunden bei technischen Anfragen.
Dokumentation von IT-Prozessen und technischen Lösungen.
Qualifikation
Begeisterung für IT und Technik
Spaß am Lösen technischer Probleme
Motivation, Neues zu lernen und auszuprobieren
Teamgeist und Kommunikationsfähigkeit

Benefits
Standort: Aachen, Pascalstraße | Ausbildungsstart: August 2025
Lernen durch Machen – Du setzt Server auf, richtest virtuelle Umgebungen ein und programmierst Netzwerk-Komponenten.
Moderne Technik & Tools – Du erhältst deinen eigenen Laptop und das nötige Werkzeug.
Teamgeist & Unterstützung – Du arbeitest mit erfahrenen Kolleg:innen zusammen, die dich fördern und unterstützen.
Eigenverantwortung – Wir schätzen selbstständiges Arbeiten und geben dir den Raum, eigene Lösungswege zu finden.
Work & Fun – Kostenlose Getränke, Fachzeitschriften, gemeinsames Grillen oder Dart spielen warten auf dich.
Weiterbildung – Wir unterstützen dich mit Schulungen, Workshops und Weiterbildungen.",,2026-06-12T20:01:24.118504+00:00
STEP-14074508,stepstone_de_dpa,ComConsult GmbH,Aachen,Aachen Aachen,Ausbildung | Fachinformatiker für Systemintegration (w/m/d) (Aachen) › ComConsult GmbH,si,,,,53,empty,,https://twitter.com/stepstone_de,portal,"Kontaktfreudigkeit
Genauigkeit
Aufgeschlossenheit
Sicheres Auftreten
(Fach-)Abitur",,ComConsult GmbH | Ausbildung | Fachinformatiker für Systemintegration (w/m/d) (Aachen) › ComConsult GmbH | Aachen,tidak,belum,sedang,"Ausbildung Fachinformatiker für Systemintegration (w/m/d) (Aachen) › ComConsult GmbH

Ihre Aufgaben
First- und Second-Level-Support, sowohl hausintern als auch, in bestimmten Fällen, extern bei der Unterstützung der ComConsult Akademie,
Unterstützung der Consultants im Projektgeschäft,
Ermittlung und Prüfung neuer Technologien.
Ihr Profil
Interesse an Technik im breitesten Sinne

Wir bieten
Weitere Informationen
Die Ausbildungszeit beginnt zwischen August und Oktober und dauert zwei bis drei Jahre. Sie schließt mit einer Prüfung bei der zuständigen IHK ab. Neben der schulischen und der betrieblichen Ausbildung wird auch die Bereitschaft zu internen Schulungen gefordert.
Der schulische Teil der Ausbildung findet beim Berufskolleg für Gestaltung und Technik (Neuköllner Straße 25, 52068 Aachen) statt.
Unsere Benefits
Weiterbildungsakademie
Flexible Arbeitszeiten
Home Office
Urban Sports Club-Mitgliedschaft
Kostenlose Parkplätze
E-Mobilität
Eine überdurchschnittliche Ausbildungsvergütung
Hinter unserem Erfolg stehen Menschen wie Sie, die gemeinsam mit uns bereits heute die Lösungen für die Herausforderungen von morgen finden. Hört sich gut an? Werden Sie Teil von unserem Team!
Neue Umgebung - neue Möglichkeiten - neue Atmosphäre
Wir freuen uns auf unser neues Büro. Die Umbauten sind in vollem Gang. Es erwarten uns rund 2500qm neue energieeffiziente und moderne Räumlichkeiten, die viel Spielraum zur Entfaltung lassen.",,2026-06-12T21:20:04.116116+00:00
AUBI-234268,aubi_plus_fi,ELARA Leitstellentechnik GmbH,Aachen,52072 Aachen,Ausbildung zum Fachinformatiker für Systemintegration (m/w/d),si,,,,53,empty,christina.kreus@frequentis.com,https://www.aubi-plus.de/bewerbung/,email,"Kontakt
Frau Christina Kreus
Bewerbungsunterlagen
vollständige Bewerbungsunterlagen
Anschreiben
Lebenslauf
Schulzeugnisse
Praktikumsnachweise
Tipp: Beziehe dich in deiner Bewerbung auf AUBI-plus!
Mit bewerbung2go kannst du deine Bewerbungsunterlagen erstellen.
Deine AUBI-plus Jobmail
Lass deinen Bot für dich suchen! Lege deine Suchkriterien fest und lehn dich zurück. Du bekommst aktuelle Stellen für deinen Traumberuf direkt per Mail zugeschickt.
SUCHBOT ERSTELLEN
Ähnliche Suchanfragen:
AUSBILDUNG AACHEN
AUSBILDUNG IN NORDRHEIN-WESTFALEN
AUSBILDUNG 2026
AUSBILDUNG ALS FACHINFORMATIKER FACHRICHTUNG SYSTEMINTEGRATION (M/W/D) IN AACHEN
Play
AUBI-plus
Über uns
Karriere
Partner
FAQ
News & Events
Presse
Blog
Messen & Aktionstage
DEUTSCHES AUSBILDUNGSFORUM
Produkte & Dienstleistungen
Für Ausbildungsbetriebe
Für Hochschulen
Für Schulen
Für Eltern
Besuch uns auch auf:
Region ändern:
AUBI-plus Österreich (deutsch)
AUBI-plus Schweiz (deutsch)
AUBI-plus Italien (deutsch)
AUBI-plus
Impressum
AGB
Datenschutz
Bildrechte
Kontakt",,ELARA Leitstellentechnik GmbH | Ausbildung zum Fachinformatiker für Systemintegration (m/w/d) | Aachen,tidak,belum,sedang,Ausbildung zum Fachinformatiker für Systemintegration (m/w/d),,2026-06-13T14:48:04.307805+00:00
AZDE-11117509,azubi_de_fi,Junghans Wollversand GmbH & Co. KG,Aachen,Gut-Dämme-Straße 4 52070 Aachen,Ausbildung | zum Fachinformatiker für Systemintegration (m/w/d),si,,,,47,empty,,https://www.azubi.de/ausbildungsplatz/11117509-s-ausbildung-zum-fachinformatiker-fuer-systemintegration-m-w-d/apply,portal,,,Junghans Wollversand GmbH & Co. KG | Ausbildung | zum Fachinformatiker für Systemintegration (m/w/d) | Aachen,ya,belum,rendah,"Ausbildung zum Fachinformatiker für Systemintegration (m/w/d)

Einleitung
Das begeistert Dich:
- Technik, Zahlen und Computer sind genau Dein Gebiet?
- Effiziente Lösungsfindungen sind Dein Antrieb?
- Du suchst einen Traumjob mit optimalen Zukunftsaussichten?Unser unschlagbares Angebot für Dich:
- Werde zum Profi mit uns: Hier lernst du nicht nur – unsere Experten machen dich selbst zu einem!
- Dein Team zählt auf dich: Schon ab dem ersten Tag bist du super wichtig. Alle schätzen, was du machst!
- Wir planen für deine Zukunft: Nicht nur Ausbildung, sondern auch danach. Gestalte mit uns deine Karriere!
- Mehr als nur Arbeit: Spaß ist bei uns angesagt! Ob Sport oder gemeinsame Freizeitaktivitäten – hier wird es nie langweilig.In deiner 3-jährigen Ausbildung durchläufst du alle IT-Bereiche. Du kümmerst dich um die Einrichtung, Verwaltung und Pflege von IT-Systemen für bis zu 300 User in unserem Unternehmen. Unser IT-Team bringt dir das nötige Fachwissen bei, um selbst die kniffligsten Soft- und Hardwareprobleme zu lösen. Hier geht's nicht nur um Arbeit, sondern um richtiges IT-Abenteuer! Wir machen dich zum Experten und formen mit dir zusammen deine individuelle Zukunft!
Aufgaben","Einleitung
Das begeistert Dich:
- Technik, Zahlen und Computer sind genau Dein Gebiet?
- Effiziente Lösungsfindungen sind Dein Antrieb?
- Du suchst einen Traumjob mit optimalen Zukunftsaussichten?Unser unschlagbares Angebot für Dich:
- Werde zum Profi mit uns: Hier lernst du nicht nur – unsere Experten machen dich selbst zu einem!
- Dein Team zählt auf dich: Schon ab dem ersten Tag bist du super wichtig. Alle schätzen, was du machst!
- Wir planen für deine Zukunft: Nicht nur Ausbildung, sondern auch danach. Gestalte mit uns deine Karriere!
- Mehr als nur Arbeit: Spaß ist bei uns angesagt! Ob Sport oder gemeinsame Freizeitaktivitäten – hier wird es nie langweilig.In deiner 3-jährigen Ausbildung durchläufst du alle IT-Bereiche. Du kümmerst dich um die Einrichtung, Verwaltung und Pflege von IT-Systemen für bis zu 300 User in unserem Unternehmen. Unser IT-Team bringt dir das nötige Fachwissen bei, um selbst die kniffligsten Soft- und Hardwareprobleme zu lösen. Hier geht's nicht nur um Arbeit, sondern um richtiges IT-Abenteuer! Wir machen dich zum Experten und formen mit dir zusammen deine individuelle Zukunft!
Aufgaben",2026-06-13T10:36:13.710083+00:00
STEP-13918111,stepstone_de_ae,m3connect GmbH,Aachen,Aachen Aachen,Ausbildung | Ausbildung: Kaufmann (m/w/d) für IT-System-Management,non_fi,,,"1.070 €, 1.120 €, 1.200 €",67,empty,,https://twitter.com/stepstone_de,portal,Kundenbetreuung – Sei zentraler Ansprechpartner für maßgeschneiderte IT-Lösungen bei unseren Kunden und sorge für eine professionelle Kundenkommunikation.,,m3connect GmbH | Ausbildung | Ausbildung: Kaufmann (m/w/d) für IT-System-Management | Aachen,tidak,belum,sedang,"Ausbildung: Kaufmann (m/w/d) für IT-System-Management

Ihre Aufgaben
Dein Spielfeld: Moderne IT-Lösungen für internationale Kunden
Deine Aufgaben auf einen Blick:

Bedarfsanalyse – Analysiere gemeinsam mit unseren Kunden ihre Anforderungen und entwickle passende IT-Konzepte
Angebots- und Vertragsmanagement – Unterstütze bei der Erstellung von Angeboten und begleite Vertragsabschlüsse.
Produkt- und Lösungsverständnis – Lerne unsere Produkte und Services kennen und setze Dein Wissen gezielt ein.
Vielseitige Einblicke – Während Deiner Ausbildung lernst Du unterschiedliche Teams bei m3connect kennen und erhältst einen umfassenden Überblick über unser Produktportfolio.
Dein Profil – Das bringst du mit:
Schulabschluss – Du hast eine abgeschlossene Schulausbildung mit guten Leistungen.
Kommunikationsgeschick – Du kommunizierst gerne mit Menschen und hast Spaß daran, Kunden zu beraten.
Interesse an IT – Du hast Interesse an Technik und digitalen Lösungen.
Arbeitsweise – Du arbeitest verantwortungsbewusst, selbstständig und bist teamfähig.
Sprachkenntnisse – Du hast sehr gute Deutsch- und Englischkenntnisse, die Dir die interne sowie externe Kommunikation erleichtern.
Werde Teil unseres Teams und starte Deine Ausbildung zum Kaufmann (m/w/d) für IT-System-Management!
Wieso m3connect?
Attraktive Vergütung – Weil Deine Leistung zählt !
1. Jahr: 1.070 €, 2. Jahr: 1.120 €, 3. Jahr: 1.200 € monatliche Ausbildungsvergütung
Flexibilität – Freie Zeiteinteilung ohne Kernarbeitszeiten
Modernes Equipment – MacBook oder Dell? Du entscheidest! Ein iPad ist bei uns für alle Azubis Standard.
Sicherheit & Perspektive – Die umfassende Ausbildung bereitet Dich bestens auf Deine berufliche Zukunft vor, daher erwarten Dich hervorragende Übernahmechancen.
Events – Wir arbeiten gerne als starkes Team und feiern gemeinsam unsere Erfolge.
Teamgeist – Flache Hierarchien, offene Türen, Duz-Kultur & ein kollegiales Miteinander
Zusätzliche Leistungen – Übernahme des ÖPNV-Tickets, Zuschuss zum JobRad & vermögenswirksame Leistungen
Wohlfühl-Extras – Vielfältige Getränkebar, Fitnessraum, Billard & mehr
Urlaub & Work-Life-Balance – 30 Tage, zusätzlicher Sonderurlaub zur Prüfungsvorbereitung & ein Gleitzeitkonto inkl. Überstundenausgleich
Innovationskraft – Deine Ideen zählen, wir setzen auf Fortschritt!
Deine Bewerbung?
Ganz einfach online – Wir freuen uns, von Dir zu hören!
Du hast Dein Studium abgebrochen? Wir nehmen am SWITCH-Programm teil!

Wir bieten einen spannenden Ausbildungsplatz zum Kaufmann (m/w/d) für IT-System-Management an. Bei uns erhältst Du die Chance, praxisnahe Erfahrungen zu sammeln und Deine Fähigkeiten in einem innovativen und dynamischen IT-Umfeld zu entwickeln.","Bedarfsanalyse – Analysiere gemeinsam mit unseren Kunden ihre Anforderungen und entwickle passende IT-Konzepte
Angebots- und Vertragsmanagement – Unterstütze bei der Erstellung von Angeboten und begleite Vertragsabschlüsse.
Produkt- und Lösungsverständnis – Lerne unsere Produkte und Services kennen und setze Dein Wissen gezielt ein.
Vielseitige Einblicke – Während Deiner Ausbildung lernst Du unterschiedliche Teams bei m3connect kennen und erhältst einen umfassenden Überblick über unser Produktportfolio.
Dein Profil – Das bringst du mit:
Schulabschluss – Du hast eine abgeschlossene Schulausbildung mit guten Leistungen.
Kommunikationsgeschick – Du kommunizierst gerne mit Menschen und hast Spaß daran, Kunden zu beraten.
Interesse an IT – Du hast Interesse an Technik und digitalen Lösungen.
Arbeitsweise – Du arbeitest verantwortungsbewusst, selbstständig und bist teamfähig.
Sprachkenntnisse – Du hast sehr gute Deutsch- und Englischkenntnisse, die Dir die interne sowie externe Kommunikation erleichtern.
Werde Teil unseres Teams und starte Deine Ausbildung zum Kaufmann (m/w/d) für IT-System-Management!
Wieso m3connect?
Attraktive Vergütung – Weil Deine Leistung zählt !
1. Jahr: 1.070 €, 2. Jahr: 1.120 €, 3. Jahr: 1.200 € monatliche Ausbildungsvergütung
Flexibilität – Freie Zeiteinteilung ohne Kernarbeitszeiten
Modernes Equipment – MacBook oder Dell? Du entscheidest! Ein iPad ist bei uns für alle Azubis Standard.
Sicherheit & Perspektive – Die umfassende Ausbildung bereitet Dich bestens auf Deine berufliche Zukunft vor, daher erwarten Dich hervorragende Übernahmechancen.
Events – Wir arbeiten gerne als starkes Team und feiern gemeinsam unsere Erfolge.
Teamgeist – Flache Hierarchien, offene Türen, Duz-Kultur & ein kollegiales Miteinander
Zusätzliche Leistungen – Übernahme des ÖPNV-Tickets, Zuschuss zum JobRad & vermögenswirksame Leistungen
Wohlfühl-Extras – Vielfältige Getränkebar, Fitnessraum, Billard & mehr
Urlaub & Work-Life-Balance – 30 Tage, zusätzlicher Sonderurlaub zur Prüfungsvorbereitung & ein Gleitzeitkonto inkl. Überstundenausgleich
Innovationskraft – Deine Ideen zählen, wir setzen auf Fortschritt!
Deine Bewerbung?
Ganz einfach online – Wir freuen uns, von Dir zu hören!
Du hast Dein Studium abgebrochen? Wir nehmen am SWITCH-Programm teil!",2026-06-12T20:12:59.366376+00:00
KSW-705628,karriere_sw_ae,IAL® Institut für angewandte Logistik GmbH,Aachen,Metzgerstraße 63 52070 Aachen,Ausbildung | SAP® Certified Development Associate ABAP,non_fi,,,,60,empty,bloehdorn@ial.de,https://www.ial.de/kontakt/,email,Hier finden Sie alle Kontaktinformationen: https://www.ial.de/kontakt/,,IAL® Institut für angewandte Logistik GmbH | Ausbildung | SAP® Certified Development Associate ABAP | Aachen,tidak,belum,tinggi,"SAP® Certified Development Associate ABAP

Bei Vorliegen entsprechender persönlicher Voraussetzungen ist eine Förderung durch die Agentur für Arbeit, die Jobcenter und andere Kostenträger möglich.","Bei Vorliegen entsprechender persönlicher Voraussetzungen ist eine Förderung durch die Agentur für Arbeit, die Jobcenter und andere Kostenträger möglich.",2026-06-13T14:44:39.492963+00:00
NRW-1654-9800,ausbildung_nrw_ae,onOffice GmbH,Aachen,Charlottenburger Allee 5 52068 Aachen,Ausbildung | Fachinformatiker/in - Anwendungsentwicklung (2026),dual,,,,80,company,d.joeris@onoffice.com,https://onoffice.com/jobs-und-bewerbung/ausbildung-fachinformatiker-in-anwendungsentwicklung-m-w-d/,email,"Kontakt
024144686174
d.joeris@onoffice.com
https://onoffice.com/karriere/
Charlottenburger Allee 5
52068 Aachen
Dirk Jöris
Senior Marketing Manager HR
024144686174
d.joeris@onoffice.com
Anika Hüdepohl
Human Resource Managerin
024144686138
Kontakt
Datenschutz
Impressum
Ausbildung.NRW ist ein Kooperationsprojekt der Industrie- und Handelskammern in Nordrhein-Westfalen.
umgesetzt von der www.spieker.agency",,onOffice GmbH | Ausbildung | Fachinformatiker/in - Anwendungsentwicklung (2026) | Aachen,tidak,belum,tinggi,"Fachinformatiker/in - Anwendungsentwicklung (2026)

Fachinformatiker/in - Anwendungsentwicklung in Aachen (2026)
Mehr Informationen
Duales Studium – Mathematisch-technische Softwareentwicklung – MATSE (Ausbildung + B.Sc.) in Aachen (2026)
Mehr Informationen
Stellenangebote
Angebote
Duales Studium
Duale Ausbildung (Vollzeit)

Schon gewusst?
Ausbildungsqualität: Echte Projekte von Anfang an
Echte Kundenprojekte, ein strukturierter Ausbildungsplan und persönliche Ausbilder begleiten dich jeden Tag. CBS-Studierende lernen durch Rotation mehrere Fachbereiche kennen.

So kannst du dich bewerben
Finde deine Ausbildung oder dein duales Studium! In jedem Angebot ist die passende Online-Bewerbung direkt enthalten: https://onoffice.com/karriere/ausbildung/
bewerbung@onoffice.com
Social Media
Standort
+
–
⤢
info@ausbildung.nrw",,2026-06-12T09:58:03.926501+00:00
NRW-195-246,ausbildung_nrw_ae,regio iT gesellschaft für informationstechnologie mbh,Aachen,Lombardenstraße 24 52070 Aachen,Ausbildung | Fachinformatiker/in - Anwendungsentwicklung (2026),dual,,,,80,company,ausbildung@regioit.de,https://,email,"Kontakt
0241 41359 0
ausbildung@regioit.de
https://www.regioit.de
Lombardenstraße 24
52070 Aachen
Stephan von Helden
Ausbildungsleiter
0241 41359 0
ausbildung@regioit.de
Kevin Schroeder
Ausbilder
0241 41359 0
ausbildung@regioit.de
Social Media
Standort
+
–
⤢
Standorte
Mühlenstraße 51
53721 Siegburg
Walter-Scheel-Platz 3
42651 Solingen
Langer Weg 7a
33332 Gütersloh
info@ausbildung.nrw
Kontakt
Datenschutz
Impressum
Ausbildung.NRW ist ein Kooperationsprojekt der Industrie- und Handelskammern in Nordrhein-Westfalen.
umgesetzt von der www.spieker.agency",,regio iT gesellschaft für informationstechnologie mbh | Ausbildung | Fachinformatiker/in - Anwendungsentwicklung (2026) | Aachen,tidak,belum,tinggi,"Fachinformatiker/in - Anwendungsentwicklung (2026)

Fachinformatiker/in - Anwendungsentwicklung in Aachen (2026)
Mehr Informationen
Kaufmann/frau - Digitalisierungsmanagement in Aachen / Siegburg (2026)
Mehr Informationen
Duales Studium Wirtschaftsinformatik in Aachen / Siegburg (2026)
Mehr Informationen
Duales Studium Betriebswirtschaftslehre in Aachen / Siegburg (2026)
Mehr Informationen
Mathematisch-technische/r Software- Entwickler/in in Aachen (2026)
Mehr Informationen
Industriekaufmann/frau in Aachen (2026)
Mehr Informationen
Angebote
Duales Studium
Berufsfelderkundungstag
Duale Ausbildung (Vollzeit)
Duale Ausbildung (Teilzeit)
Praktikum
Einstiegsqualifizierung (EQ)

Schon gewusst?
Das kannst Du von uns erwarten:
- flexible Arbeitszeit (ohne Kernarbeitszeit)
- Massagen, Sportangebote, Obst & Getränke
- Corporate Benefits & betriebliche Altersvorsorge
- faire Vergütung nach dem Tarifvertrag TVAöD

So kannst du dich bewerben
Unser Bewerbungsprozess läuft voll digital ab.
In 7 kleinen Schritten bist Du ganz schnell an Deinem Ziel: dem Start ins Berufsleben.
Bewirb Dich dazu gerne direkt über unser Karriereportal für eine Ausbildung, ein duales Studium oder auch für ein Praktikum/eine Berufsfelderkundung.
Mehr Informationen",,2026-06-12T09:58:20.001283+00:00
NRW-2629-5082,ausbildung_nrw_ae,VYGON Germany GmbH,Aachen,Prager Ring 100 52070 Aachen,Ausbildung | Fachinformatiker/in - Anwendungsentwicklung (2025),dual,,,,73,company,karriere@vygon.com,https://www.vygon.de/unternehmen/stellenanzeigen/ausbildung-zum-fachinformatiker-m-w-d-fachrichtung-anwendungsentwicklung-2/,email,"Kontakt
0241/9130-163
karriere@vygon.com
https://www.vygon.de
Prager Ring 100
52070 Aachen
M
Markus Patzelt
Gruppenleiter Personal- und Sozialwesen
0241/9130-163
karriere@vygon.com
Social Media
Standort
+
–
⤢
info@ausbildung.nrw
Kontakt
Datenschutz
Impressum
Ausbildung.NRW ist ein Kooperationsprojekt der Industrie- und Handelskammern in Nordrhein-Westfalen.
umgesetzt von der www.spieker.agency",,VYGON Germany GmbH | Ausbildung | Fachinformatiker/in - Anwendungsentwicklung (2025) | Aachen,tidak,belum,tinggi,"Fachinformatiker/in - Anwendungsentwicklung (2025)

Fachinformatiker/in - Anwendungsentwicklung in Aachen (2025)
Mehr Informationen
Stellenangebote
Angebote
Duales Studium
Berufsfelderkundungstag
Duale Ausbildung (Vollzeit)
Praktikum
Einstiegsqualifizierung (EQ)",,2026-06-12T09:59:39.721576+00:00
STEP-13758343,stepstone_de_ae,Ehrhardt + Partner Group,Aachen,Krefelder Straße 201 52070 Aachen,Ausbildung | Ausbildung/Duales Studium - Mathematisch-technischer Softwareentwickler (m/w/d),dual,,,,60,empty,,https://twitter.com/stepstone_de,portal,,,Ehrhardt + Partner Group | Ausbildung | Ausbildung/Duales Studium - Mathematisch-technischer Softwareentwickler (m/w/d) | Aachen,tidak,belum,sedang,"Ausbildung/Duales Studium - Mathematisch-technischer Softwareentwickler (m/w/d)

DIE AUFGABEN - Damit bewirkst Du
Gemeinsam mit Deinem Team arbeitest Du an weltweiten Kundenprojekten im Bereich der Intralogistik (z.B. für den Einzelhandel und die Automobilbranche).
Nach einer intensiven Einarbeitung in unsere IT-Lösungen bekommst Du einen umfangreichen Einblick in die Realisierung von Softwareprojekten in unserem Unternehmensbereich Voice Solutions.
Du unterstützt unsere Produktentwicklung und unser Projektgeschäft.
Du realisierst Sprachanwendungen, die den Alltag von Kommissionierern erleichtern.
Von verschiedenen Entwicklerteams erlernst Du die Softwareentwicklung und erhältst einen Einblick in unsere Qualitätssicherung.
Aktuelle Webtechnologien wie JavaScript, C++ und Python werden Dich im täglichen Arbeiten begleiten.
Du erhältst einen umfassenden Einblick in unsere Organisation und lernst weitere Abteilungen innerhalb des Unternehmens kennen.
Aufgaben zum Weiterkommen. Dinge bewegen, ab Tag 1. Das heißt bei uns: Verantwortung geben und bekommen. Ideen nicht nur äußern können, sondern umsetzen dürfen. Und ein Personalentwicklungskonzept, das individuell passt - egal, ob Richtung Führungskraft oder Fachexperte.
Arbeitszeit und -ort? Flexibel. Unser Gleitzeitmodell bietet die Flexibilität, die zu Deiner Arbeit und Deinem Leben passt. Dazu gehört natürlich auch die Möglichkeit, aus dem Homeoffice heraus zu arbeiten.
Miteinander und Kultur? Auf Augenhöhe. Offenes Feedback. Regelmäßige Updates durch unsere Geschäftsführung. Lösungsorientiertes An-einem-Strang-Ziehen. Und natürlich auch Get-together-Events wie das Kartfahren, die EPG-Weihnachtsfeier oder unsere LAN-Party - um uns und unsere Erfolge zu feiern.
Jetzt. Für später. Die betriebliche Altersvorsorge (bAV) bietet eine gute Möglichkeit, für das Alter vorzusorgen. Dafür gibt es von uns im Heute einen starken Arbeitgeberzuschuss, damit Dein Morgen so entspannt wie möglich wird.
Bewegung. Um lange bewegen zu können. Jeder hat die Möglichkeit in unserem Sportraum zu trainieren. Lieber was im Team? Dann bietet sich der Firmenlauf oder ein Nachmittag im Kletterwald an.
Branche der Gegenwart. Und Zukunft. Die Welt der Logistik begleitet nicht nur unser aller Alltag. Sie ist auch essenziell für eine nachhaltige, lebenswerte Zukunft. Was das bedeutet? Viel, was wir gemeinsam bewegen können. Die Möglichkeit, Dinge besser zu machen. Und einen sicheren, auch für die Zukunft relevanten, Arbeitsplatz.
Und klar, Obstkorb und Getränke haben wir natürlich auch.
Haben wir Dein Interesse geweckt?
Bewerben Sie sich gerne über Stepstone One-Click oder über unser Online-Bewerbungsformular !
EPG – Ehrhardt Partner Group
topsystem GmbH
Krefelder Straße 201, 52070 Aachen
Tel.: (+49) 241 568 262-0
www.epg-jobs.com

DIE ANFORDERUNGEN - Das macht Dich erfolgreich
Du hast Dein (Fach-)Abitur bereits in der Tasche oder wirst in naher Zukunft so weit sein.
Du hast den Eignungstest am IT-Center der RWTH Aachen erfolgreich bestanden.
Du bringst Leidenschaft und Neugier für die Themen IT und Mathematik sowie ein gutes technisches Grundverständnis mit.
Du weißt, wie wichtig zielorientiertes Lernen und Arbeiten ist - und vor allem willst Du das gleiche wie wir: Dinge nach vorne bringen und mit voller Energie an der Logistik der Zukunft arbeiten (übrigens ein Themenfeld, das nicht nur zukunftssicher ist, sondern z. B. auch Dich bereits heute schon täglich begleitet)!
Du bist belastbar und weißt mit den hohen Anforderungen im Rahmen eines dualen Studiums umzugehen.
Dein Profil rundest Du mit guten Deutsch- und Englischkenntnissen ab.

DIE BENEFITS - Das gibt es mit dazu
Wir glauben daran, dass Arbeit Spaß machen und zum Leben passen darf. Und deshalb gibt es, neben unserem bunten und talentierten Team, den besten Kunden und den unterschiedlichsten Projekten und Produkten noch folgendes dazu:
Onboarding zum Ankommen. Onboardingplan vorab, damit Du weißt, was auf Dich zukommt. Onboardingtag, um uns besser kennenzulernen. Und die Onboardingphase im Fachbereich; so gestaltet, dass Du bestmöglich ankommst, verstehst und loslegen kannst.","DIE ANFORDERUNGEN - Das macht Dich erfolgreich
Du hast Dein (Fach-)Abitur bereits in der Tasche oder wirst in naher Zukunft so weit sein.
Du hast den Eignungstest am IT-Center der RWTH Aachen erfolgreich bestanden.
Du bringst Leidenschaft und Neugier für die Themen IT und Mathematik sowie ein gutes technisches Grundverständnis mit.
Du weißt, wie wichtig zielorientiertes Lernen und Arbeiten ist - und vor allem willst Du das gleiche wie wir: Dinge nach vorne bringen und mit voller Energie an der Logistik der Zukunft arbeiten (übrigens ein Themenfeld, das nicht nur zukunftssicher ist, sondern z. B. auch Dich bereits heute schon täglich begleitet)!
Du bist belastbar und weißt mit den hohen Anforderungen im Rahmen eines dualen Studiums umzugehen.
Dein Profil rundest Du mit guten Deutsch- und Englischkenntnissen ab.",2026-06-12T19:59:06.614446+00:00
