id_referensi,kategori,nama_perusahaan,kota,alamat,jenis_ausbildung,spesialisasi,tahun_mulai,bulan_mulai,gaji,skor_kelengkapan,tipe_website,email_bewerbung,link_bewerbung,cara_apply,kontak_hr,link_arbeitsagentur,ringkasan,butuh_manual,status_lamaran,prioritas,deskripsi,persyaratan,tanggal_scrape
13635-a240c329_JB5163103-S,fachinformatiker_ae,QUIBIQ,Berlin,12489 Berlin,Ausbildung | Fachinformatiker/in - Anwendungsentwicklung,ae,,,gehalt in Höhe von 1.100 €,93,partner_portal,Kontaktberlin-jobs@quibiq.de,https://www.jobexport.de/job/5163103.html?exp=81&cid=a240c329-ef69-40eb-959d-4d615ec13f9b,email,"• Eine/n feste/n Ansprechpartner/in / Ausbildungsbetreuer/in
• Einen hohen Qualitätsanspruch vereint mit einer lockeren Arbeitsatmosphäre
• Geregelte Arbeitszeiten",https://www.arbeitsagentur.de/jobsuche/jobdetail/13635-a240c329_JB5163103-S,QUIBIQ | Ausbildung | Fachinformatiker/in - Anwendungsentwicklung | Berlin,tidak,belum,tinggi,"Was dich bei uns erwartetDu hast Spaß am Programmieren und an der neuesten Microsoft -Technologie? Bei uns kannst Du die Konzeption und Entwicklung von Softwareprojekten erlernen.
Im DetailDu absolvierst bei uns die 3-jährige Ausbildung zum/r Fachinformatiker/in Anwendungsentwicklung. Bei relevanten Vorkenntnissen kann die Dauer auf 2 Jahre verkürzt werden. Nach erfolgreichem Abschluss der Ausbildung kannst Du bei uns als Software-Entwickler/in einsteigen.

Dein ProfilWir erwarten von Dir:
 • Eine gute mittlere oder Hochschul-Reife
 • Freude am Programmieren
 • Lernbereitschaft, Zuverlässigkeit, Ehrlichkeit, Pünktlichkeit
 • Logisches Denkvermögen
 • Sehr gute Kenntnisse in Deutsch (mindestens C1-Level) und Englisch

Warum wir?Folgendes können wir Dir bieten:
 • Ein Team aus ca. 30 netten Kolleginnen und Kollegen, die Dich gern unterstützen und Fragen beantworten
 • Eine/n feste/n Ansprechpartner/in / Ausbildungsbetreuer/in
 • Einen hohen Qualitätsanspruch vereint mit einer lockeren Arbeitsatmosphäre
 • Geregelte Arbeitszeiten
 • Kostenlose Getränke und Obst
 • Ein Bruttogehalt in Höhe von 1.100 € / 1.200 € / 1.300 € pro Monat im 1./2./3. Lehrjahr
 • 50 € Sachzuwendung pro Monat in Form eines Wunschgutscheins
 • 25 Tage Urlaub
 • Fahrtkostenzuschuss

Kontaktberlin-jobs@quibiq.de

Über uns QUIBIQ ist der führende Dienstleister für digital vernetzte Lösungen im deutschsprachigen Raum.

Mit unseren Softwarelösungen auf Basis der führenden Integrationsplattformen von Microsoft (Azure, BizTalk und Power-Platform) und SAP (Cloud-Platform) überwinden wir für unsere Kunden die Grenzen der Digitalisierung heute und verbinden ihre Anwendungen, Prozesse, Schnittstellen, Geschäftspartner, IoT-Devices und KI zu smarten, flexiblen und robusten Komplettlösungen. So realisieren wir Ende-zu-Ende-Automatisierung über System- und Unternehmensgrenzen hinweg bei gleichzeitig flexibler Steuerung, nahtloser Überwachung und einer einheitlichen Datenbasis. Unsere Kunden machen wir dadurch schneller, effizienter, agiler und smarter: fit für den Wettbewerb in der API-Economy.

Weltweit agierende Marktführer setzen auf unsere anerkannte Kompetenzführerschaft in unserem Spezialbereich der nahtlosen Integration und der Entwicklung digital vernetzter Lösungen, die aus der Erfahrung aus über 500 Digitalisierungsprojekten und der engen Zusammenarbeit mit der Produktgruppe unseres Technologiepartners Microsoft stammt.

Für die strategische und konzeptionelle Beratung, Projektierung und Software-Entwicklung sowie den 24x7-Support Ihrer digitalen Plattformen sind wir der führende Full-Service-Dienstleister im deutschsprachigen Raum – verlässlich, innovativ und agil.

QUIBIQ: Connecting with Success","Dein ProfilWir erwarten von Dir:
• Eine gute mittlere oder Hochschul-Reife
• Freude am Programmieren
• Lernbereitschaft, Zuverlässigkeit, Ehrlichkeit, Pünktlichkeit
• Logisches Denkvermögen
• Sehr gute Kenntnisse in Deutsch (mindestens C1-Level) und Englisch",2026-06-11T09:10:34.453535+00:00
15184-0064370523-S,fachinformatiker_ae,Akademie Überlingen Holding GmbH & Co. KG,Berlin,10997 Berlin,Ausbildung | Kaufmann/-frau - Büromanagement,ae,,,,87,company,,https://www.arbeitsagentur.de/jobsuche/jobdetail/15184-0064370523-S,ba_portal,Bei Fragen zur Stelle wenden Sie sich gerne an Frau Fehlbaum (0151 28290738).,https://www.arbeitsagentur.de/jobsuche/jobdetail/15184-0064370523-S,Akademie Überlingen Holding GmbH & Co. KG | Ausbildung | Kaufmann/-frau - Büromanagement | Berlin,ya,belum,rendah,"**„Menschen zu bilden und weiterzubringen ist unsere Leidenschaft.""**_  
_- Norbert Glasmeyer, Unternehmensgründer

Jeder Mensch verdient eine echte Chance auf berufliche Perspektive und persönliche Entwicklung. Genau dafür stehen wir als Akademie Überlingen.  
  
Mit individuellen Bildungs- und Coachingangeboten begleiten wir Menschen dabei, neue Wege zu gehen und ihr Potenzial zu entfalten. Verantwortung, Wertschätzung und echtes Engagement prägen unser tägliches Handeln.  
  
An 110 Standorten deutschlandweit setzen sich rund 800 Mitarbeitende mit Herz und Kompetenz dafür ein, positive Veränderungen möglich zu machen.  
  
Werden Sie Teil unserer Mission.

In unserem **Marktbereich Digital** vergrößern wir unser internes Dozententeam und suchen motivierte und empathische Kolleg:innen als **Ausbilder/in** in Festanstellung (**deutschlandweit, remote, unbefristet**).

Wir suchen ab sofort neue Kolleginnen und Kollegen in präferiert Vollzeit als

**Ausbilder für Fachinformatiker Anwendungsentwicklung (gn)**

**Ihr Aufgabengebiet:**

* Sie unterrichten angehende Fachinformatiker:innen für Anwendungsentwicklung im virtuellen Klassenraum (Microsoft Teams)
* Sie vermitteln praxisnahes Wissen und unterstützen Ihre Teilnehmenden individuell beim Lernen
* Sie bereiten Teilnehmende auf IHK-Prüfungen, Projektarbeiten und Präsentationen vor
* Sie bringen Ihre Ideen in die Weiterentwicklung unserer Lerninhalte ein
* Sie unterstützen bei der Eignungsfeststellung von Teilnehmenden

**Unser**** ****Anforderungsprofil****:**

* Eine Ausbildung oder ein Studium im IT-Bereich sowie eine Ausbildereignung (AEVO)
* Praxiserfahrung in der Softwareentwicklung (z. B. Java, Python, Webentwicklung oder Datenbanken)
* Freude daran, Ihr Wissen verständlich weiterzugeben
* Idealerweise erste Erfahrung im Unterrichten, Coaching und der digitalen Lehre
* Hohe Methoden- und Sozialkompetenz, ausgeprägte Kommunikationsstärke und Empathie sowie Offenheit für Feedback und kontinuierliche Weiterentwicklung

**Wir bieten Ihnen:**

* Eine**wertschätzende Arbeitsumgebung auf Augenhöhe**in einem**familiengeführten**Unternehmen in der zweiten Generation
* Als**familienorientiertes**Unternehmen bieten wir unseren Kolleginnen und Kollegen neben 30 Tagen Urlaub im Jahr**zusätzliche Sonderurlaubstage** an (z.B. Geburtstag des Kindes, an Ihrem eigenen Geburtstag, Arbeitsjubiläum, u.ä.)
* Ein Führungsteam und Kollegium, das**stets ein offenes Ohr**für die Mitarbeiter*innen hat
* Wir verstehen uns nicht nur als Wissensvermittler*in, sondern auch als**Lern- und Wegbegleiter*in**für unsere Teilnehmenden
* **Individuelle Fort- und Weiterbildungsmöglichkeiten**nach Absprache
* **Remotearbeit**
* Weitere lukrative Zusatzleistungen: Fahrrad-Leasing, betriebliche Altersvorsorge, Zuschuss zu vermögenswirksamen Leistungen uvm.

Möchten Sie mit uns zusammen Menschen neue Chancen auf dem Arbeitsmarkt eröffnen?

Dann bewerben Sie sich über unser Online-Portal!

Bei uns finden Sie ein interessantes und abwechslungsreiches Aufgabenfeld, ein ausgesprochen motiviertes Team, das mit Leidenschaft Menschen bildet und weiterbringt, ein hohes Maß an Eigenverantwortung und die Möglichkeit, zusammen mit dem Unternehmen zu wachsen.

Wir freuen uns auf Ihre Bewerbung (mit einem Lebenslauf, den letzten Arbeitszeugnissen und Qualifikationsnachweisen und gerne einem Motivationsschreiben) und darauf, Sie bald in der Akademie Überlingen begrüßen zu dürfen.

Bei Fragen zur Stelle wenden Sie sich gerne an Frau Fehlbaum (0151 28290738).","**Unser**** ****Anforderungsprofil****:**
* Eine Ausbildung oder ein Studium im IT-Bereich sowie eine Ausbildereignung (AEVO)
* Praxiserfahrung in der Softwareentwicklung (z. B. Java, Python, Webentwicklung oder Datenbanken)
* Freude daran, Ihr Wissen verständlich weiterzugeben
* Idealerweise erste Erfahrung im Unterrichten, Coaching und der digitalen Lehre
* Hohe Methoden- und Sozialkompetenz, ausgeprägte Kommunikationsstärke und Empathie sowie Offenheit für Feedback und kontinuierliche Weiterentwicklung",2026-06-11T09:13:18.926004+00:00
AD-c2fbfe7f-1a05-4121-9aca-70a75259dfe8,ausbildung_de_ae,Bundeskriminalamt,Berlin,Am Treptower Park 11 12435 Berlin Berlin,Ausbildung | Auszubildende Fachinformatikerin/Fachinformatiker (w/m/d) für Anwendungsentwicklung im BKA Berlin,ae,,,"1.368,26 €, 400 €",87,company,bewerbung@bka.bund.de,https://bewerbung.bka.de/job-offer/view/872,email,,,Bundeskriminalamt | Ausbildung | Auszubildende Fachinformatikerin/Fachinformatiker (w/m/d) für Anwendungsentwicklung im BKA Berlin | Berlin,tidak,belum,tinggi,"Auszubildende Fachinformatikerin/Fachinformatiker (w/m/d) für Anwendungsentwicklung im BKA Berlin

Deine Aufgaben
- Planung und Entwicklung von Softwarelösungen
- Entwicklung von IT-Produkten und Erarbeitung von technischen Lösungen
- Erstellung kundenspezifischer Anwendungen
- Durchführung von Qualitätssicherungsmaßnahmen bei internen Projekten
- Erstellung/Anpassung von Dokumentationen
- Aufbau und Umsetzung von IT Systemen
Unsere Erwartungen (zwingend erforderlich)
- Mindestens mittlerer Schulabschluss (Mittlere Reife, Fachoberschulreife) oder einen gleichwertig anerkannten Schulabschluss bis zum Einstellungstermin.

Mittlere Reife

Das bieten wir – Benefits für Mitarbeitende
- Ein gutes Gefühl: sinnstiftender Job in einer oberen Bundesbehörde mit spannenden, vielseitigen und herausfordernden Aufgaben
- Work-Life-Balance: 30 Tage Urlaub, Überstundenausgleich, 24. und 31.12. arbeitsfrei, flexible Arbeitszeitgestaltung, die Möglichkeit zur Teilzeit im Rahmen der praktischen Ausbildungsphasen und die Möglichkeit zum mobilen Arbeiten
- Teamkultur: Offene Kommunikation, Arbeiten in interdisziplinären Teams, in denen Zusammenarbeit, Kreativität und gegenseitige Unterstützung im Fokus stehen
- Vergütung: Eine attraktive Ausbildungsvergütung nach dem TVAöD (Tarifvertrag für Auszubildende des öffentlichen Dienstes), derzeit 1.368,26 € Brutto im ersten Ausbildungsjahr
- Eine Abschlussprämie in Höhe von 400 € bei erfolgreichem Bestehen der Abschlussprüfung (gemäß TVAöD Besonderer Teil BBiG)
- Jobticket und kostenfreie Parkplätze während der Arbeitszeit
- Deine Übernahme wird nach erfolgreich abgeschlossener Ausbildung unter der Maßgabe fachlicher und persönlicher Eignung in Entgeltgruppe 9b TVEntgO Bund angestrebt
Bewerbung und Auswahlverfahren
Wir suchen Dich, bis die zur Verfügung stehenden Ausbildungsplätze besetzt sind. Deine Chance auf eine erfolgreiche Bewerbung ist am größten, wenn Du Deine Bewerbung so früh wie möglich online erfasst. Das Stellenangebot ist beendet, sobald die zur Verfügung stehenden Ausbildungsplätze besetzt sind.
Wir freuen uns auf Dein Online-Bewerbung
unter https://bewerbung.bka.de/job-offer/view/872 (Kennziffer A-2025-4).
Sollten Du wegen einer Schwerbehinderung diese Möglichkeit nicht nutzen können, sende uns Deine Bewerbung einfach an:
Bundeskriminalamt
ZV 23 - Azubigewinnung Postfach 44 06 60
65173 Wiesbaden
Das Auswahlverfahren besteht aus einem computergestützten Psychodiagnostischen Test sowie einem strukturierten Interview.",Mittlere Reife,2026-06-11T11:22:27.317835+00:00
10001-1002923333-S,fachinformatiker_ae_2026,Bundesverwaltungsamt,Berlin,"Am Treptower Park 5-8, 12435 Berlin",Ausbildung | Fachinformatiker/in - Systemintegration,ae,2026,,"1. Jahr und 1.464,02 €",87,ba_portal,,https://www.arbeitsagentur.de/jobsuche/jobdetail/10001-1002923333-S,ba_portal,022899/358-86911,https://www.arbeitsagentur.de/jobsuche/jobdetail/10001-1002923333-S,Bundesverwaltungsamt | Ausbildung | Fachinformatiker/in - Systemintegration | Berlin,ya,belum,rendah,"Das Bundesamt für Verfassungsschutz (BfV) leistet als Inlandsnachrichtendienst der Bundesrepublik Deutschland einen wesentlichen Beitrag für die Sicherheit der Bürgerinnen und Bürger.

### Wir suchen zum 01. September 2027 am Dienstort \*\*Berlin \*\*mehrere

# Auszubildende (m/w/d) zum/zur Fachinformatiker/-in (Fachrichtung Systemintegration)

### Ihre Aufgaben

Sie interessieren sich für IT und sind auf der Suche nach einer spannenden Berufsausbildung und einem besonderen Arbeitgeber? Dann bringen Sie Ihr Engagement beim BfV im Rahmen einer dreijährigen dualen und staatlich anerkannten Ausbildung zum/zur Fachinformatiker/-in Fachrichtung Systemintegration ein!

An der Berufsschule erlernen Sie die theoretischen Grundlagen, u.a. in den Bereichen der Informations- und Telekommunikationssysteme, dem IT-Recht, der Anwendungsentwicklung sowie in Wirtschafts- und Sozialwissenschaften.

Ihre theoretischen Kenntnisse setzen Sie während der Praxisphasen im BfV am Standort Berlin u.a. in der Hard-/Software, Netzwerktechnik, Elektro-/Sondertechnik, Programmierung und im Projektmanagement ein.

### Ihr Profil

Sie besitzen die deutsche Staatsangehörigkeit und verfügen über:

- einen Realschulabschluss mit mindestens der Note befriedigend in den Fächern Mathematik und Deutsch

oder

- ein Fachabitur / die Allgemeine Hochschulreife

oder

- einen Hauptschulabschluss sowie eine abgeschlossene Ausbildung

Ebenfalls können Sie sich bewerben, sofern Sie einen der vorgenannten Abschlüsse bis zum 01. August 2027 erlangen.

Darüber hinaus erwarten wir:

- Grundkenntnisse im Umgang mit moderner IT
- die Bereitschaft zur flexiblen Arbeitszeitgestaltung (u.a. Dienstreisen, Rufbereitschaft etc. – soweit erforderlich)

### Wir bieten

- Sinnhaftigkeit
    - spannende Tätigkeit mit gesellschaftlichem Mehrwert und aktuellem politischen Bezug
- Langfristige Zusammenarbeit
    - sicherer Arbeitsplatz, gute berufliche Entwicklungsmöglichkeiten durch Fortbildungen, vielfältige Einsatzbereiche
- Ausgeglichene Arbeits- und Freizeit
    - flexible Arbeitszeitregelung, individuelle Teilzeit, Überstundenausgleich durch Freizeit
- Starkes Team & inklusive Werte
    - guter Teamspirit, wertschätzende Arbeitsatmosphäre, Onboarding & Mentoring

### Gehalt und Perspektive

- Entgelt nach dem TVAöD i.H.v. 1.368,26 € ab dem 1. Jahr und 1.464,02 € im 3. Jahr
- ideale Übernahmeperspektive in ein unbefristetes Arbeitsverhältnis nach erfolgreichem Abschluss der Berufsausbildung
- Zahlung einer Abschlussprämie nach erfolgreichem Bestehen der IHK Abschlussprüfung in Höhe von 400,00 €

**Hinweis**: Sollten Sie sich bereits auf das Verfahren AWV-2026-016-K beworben haben, kann Ihre Bewerbung in diesem Verfahren nicht berücksichtig werden.

Wir fördern Vielfalt und Chancengleichheit. Frauen werden besonders zur Bewerbung aufgefordert.
Begrüßt werden zudem Bewerbungen von Menschen mit Migrationshintergrund – bitte beachten Sie das Erfordernis der deutschen Staatsangehörigkeit.
Schwerbehinderte Menschen werden bei gleicher Eignung bevorzugt berücksichtigt. Es wird lediglich ein Mindestmaß an körperlicher Eignung verlangt.

Arbeiten Sie gemeinsam mit uns **IM AUFTRAG DER DEMOKRATIE!**

**Bewerbungsfrist: 17.08.2026**

Bewerben Sie sich über das Online-Bewerbungsportal des Bundesverwaltungsamtes (BVA) unter der Verfahrensnummer AWV-2026-016-B auf [https://bewerbung.dienstleistungszentrum.de/frontend/AWV-2026-016-B/index.html](https://bewerbung.dienstleistungszentrum.de/frontend/AWV-2026-016-B/index.html ""Dieser Link führt zum Onlinebewerbungssystem"")

Das Bestehen von schriftlichen und mündlichen Eignungstests ist Voraussetzung für die weitere Bearbeitung Ihrer Bewerbung.

**Weiterführende Informationen**

\*\*Bewerbung: \*\*                             022899/358-86911 - BVA - Servicezentrum Personalgewinnung

\*\*Karriere im BfV: \*\*                       www.verfassungsschutz.de/karriere

\*\*Erfahrungsberichte:   \*\*               www.verfassungsschutz.de/karriere/erfahrungsberichte","### Ihr Profil
Sie besitzen die deutsche Staatsangehörigkeit und verfügen über:
Mittlere Reife / Realschulabschluss",2026-06-11T08:14:59.465908+00:00
10001-1003041980-S,fachinformatiker_ae,INWX GmbH,Berlin,"Prinzessinnenstr. 30, 10969 Berlin",Ausbildung | Fachinformatiker/in - Anwendungsentwicklung,ae,,,Jahr 1: 1173 EUR/Monat | Jahr 2: 1262 EUR/Monat | Jahr 3: 1361 EUR/Monat,87,ba_portal,ausbildung.dev@inwx.de,https://www.arbeitsagentur.de/jobsuche/jobdetail/10001-1003041980-S,email,,https://www.arbeitsagentur.de/jobsuche/jobdetail/10001-1003041980-S,INWX GmbH | Ausbildung | Fachinformatiker/in - Anwendungsentwicklung | Berlin,tidak,belum,tinggi,"**Starte deine Entwicklung dort, wo das Internet verwaltet wird.**

Du hast schon mal ein Script geschrieben, eine kleine Website gebaut oder dich einfach gefragt, wie eine App eigentlich funktioniert? Dann bist du bei INWX genau richtig.

Wir sind ein international tätiges Unternehmen aus Berlin und sorgen dafür, dass Domains registriert, verwaltet und weltweit erreichbar sind – ein technisch anspruchsvolles Umfeld, in dem du von Tag eins an echte Aufgaben übernimmst. Keine Kaffeerunden, kein Zuschauen: Wir suchen jemanden, der mitdenkt, mitgestaltet und Lust hat, sich Schritt für Schritt in echte Softwareentwicklung hineinzuarbeiten.

**Was dich bei uns erwartet**

Du wirst nicht ins kalte Wasser geworfen. Zu Beginn lernst du Schritt für Schritt die Tools, Prozesse und technischen Abläufe kennen – mit einer festen Ansprechperson, einem klaren Einarbeitungsplan und regelmäßigem Feedback. Wer sich reinhängt, bekommt früh die Chance, echte Verantwortung zu übernehmen.

Deine Ausbildungsinhalte:

- Programmierung mit PHP, JavaScript, SQL und XML
- Mitarbeit bei der Planung, Entwicklung und Dokumentation von Anwendungen und Microservices
- Einblicke in die Welt der Domains und Internetverwaltung – von der Registrierung bis zur technischen Infrastruktur
- Mitarbeit an Front-End- und Back-End-Aufgaben im echten Tagesgeschäft
- Kennenlernen moderner Arbeitsweisen, Frameworks und technischer Prozesse

**Was du mitbringen solltest**

Wichtig ist uns nicht der perfekte Lebenslauf. Wichtig ist uns, dass du wirklich Interesse an Softwareentwicklung mitbringst – und das am besten schon gezeigt hast: durch ein eigenes Projekt, eine selbst gebastelte Website, ein Schulprojekt oder einfach durch Ausprobieren in der Freizeit.

Das passt zu dir:

- Du hast erste praktische Berührungspunkte mit Programmierung – egal ob privat, in der Schule oder durch Eigeninitiative
- Du bringst Grundkenntnisse in PHP, JavaScript oder MySQL mit
- Du interessierst dich für Webtechnologien, Domains und technische Zusammenhänge
- Moderne Frameworks wie React machen dich neugierig
- Du hast zum Ausbildungsbeginn einen MSA oder das Abitur
- Du verfügst über sehr gute Deutschkenntnisse (bestenfalls C1/C2) und gute Englischkenntnisse in Wort und Schrift
- Du bist Kommunikationsstark
- Du arbeitest gern im Team, bist zuverlässig und möchtest dich aktiv einbringen

Was uns außerdem wichtig ist: Du bist offen, kommunizierst respektvoll und hast Lust, gemeinsam mit dem Team besser zu werden – nicht nur fachlich.

**Was wir dir bieten**

Bei INWX erwartet dich eine Ausbildung, in der Lernen, Mitdenken und persönliche Entwicklung wirklich gefördert werden – mit echter Perspektive.

Darauf kannst du dich freuen:

- Eine abwechslungsreiche Ausbildung mit guten Übernahmechancen
- Strukturierte Einarbeitung mit klarem Plan, fester Ansprechperson und regelmäßigem Feedback
- Ein modernes Arbeitsumfeld in einem zukunftsorientierten, technisch anspruchsvollen Bereich
- Flache Hierarchien und kurze Entscheidungswege
- Raum für eigene Ideen und Projekte – von Anfang an
- Sehr gute technische Ausstattung
- Zuschuss zum BVG-Ticket/Deutschlandticket
- Zuschuss zur Wellhub Mitgliedschaft
- Eine bezahlte INWX-Stunde pro Woche für private Angelegenheiten
- Ein kollegiales Team und gemeinsame Aktivitäten
- Obst, Wasser und Kaffee zur freien Verfügung
- Regelmäßiger Austausch mit anderen Auszubildenden
- Gleitzeit und Homeoffice-Möglichkeiten
- Unterstützung bei der Vorbereitung auf Zwischen- und Abschlussprüfung

**Warum INWX?**

Wir glauben daran, dass gute Zusammenarbeit auf fachlicher Stärke und menschlichem Miteinander beruht. Deshalb schauen wir beim Recruiting nicht nur auf Noten und Zeugnisse, sondern vor allem auf Motivation, Haltung und echtes technisches Interesse. Wenn du Lust hast, in einem gewachsenen technischen Umfeld mitzuarbeiten, dich weiterzuentwickeln und früh Verantwortung zu übernehmen – dann melde dich.

**Jetzt bewerben**

Du erkennst dich wieder? Dann freuen wir uns auf deine Bewerbung.

Schick uns deine vollständigen Unterlagen – Anschreiben, Lebenslauf und Schulzeugnisse – ausschließlich als ein zusammengefasstes PDF an: **ausbildung.dev@inwx.de**

Tipp: Wenn du eigene Projekte hast, die du zeigen möchtest – zum Beispiel auf GitHub oder als Link – füg sie gerne bei. Das gibt uns einen schnellen Eindruck von dem, was dich antreibt.

→ Aufgrund der Vielzahl an Bewerbungen können wir derzeit leider keine individuellen Rückmeldungen geben. Wir melden uns bei dir, sobald es eine positive Rückmeldung gibt. Vielen Dank für dein Verständnis!","- Du bringst Grundkenntnisse in PHP, JavaScript oder MySQL mit
- Du interessierst dich für Webtechnologien, Domains und technische Zusammenhänge
- Moderne Frameworks wie React machen dich neugierig
- Du hast zum Ausbildungsbeginn einen MSA oder das Abitur
- Du verfügst über sehr gute Deutschkenntnisse (bestenfalls C1/C2) und gute Englischkenntnisse in Wort und Schrift
- Du bist Kommunikationsstark
- Du arbeitest gern im Team, bist zuverlässig und möchtest dich aktiv einbringen
Mittlere Reife / Realschulabschluss",2026-06-11T09:11:20.923676+00:00
10000-1203777637-S,fachinformatiker_ae_2026,B.i.Team Ges.f.Softwareberatung mbH,Berlin,"Breitenbachstr. 10, 13509 Berlin",Ausbildung | Fachinformatiker/in - Anwendungsentwicklung,ae,2026,9,,80,ba_portal,,https://www.arbeitsagentur.de/jobsuche/jobdetail/10000-1203777637-S,ba_portal,"B.i.Team Gesellschaft für Softwareberatung mbH ist dein kompetenter Ansprechpartner für die Entwicklung, Beratung und Einführung von Software-Lösungen in mittelständischen Unternehmen. Unsere Fach-Expertise basiert auf Microsoft Dynamics 365 Business Central sowie der Branchenlösungen KatarGo und Freshfin.",https://www.arbeitsagentur.de/jobsuche/jobdetail/10000-1203777637-S,B.i.Team Ges.f.Softwareberatung mbH | Ausbildung | Fachinformatiker/in - Anwendungsentwicklung | Berlin,ya,belum,rendah,"B.i.Team Gesellschaft für Softwareberatung mbH ist dein kompetenter Ansprechpartner für die Entwicklung, Beratung und Einführung von Software-Lösungen in mittelständischen Unternehmen. Unsere Fach-Expertise basiert auf Microsoft Dynamics 365 Business Central sowie der Branchenlösungen KatarGo und Freshfin.

##### 3 Standorte, 1 Team – Gemeinsam erfolgreich

Für unseren Standort in Berlin sind wir auf der Suche nach Talenten, die in der Ausbildung Fachinformatik - Anwendungsentwicklung ihre Zukunft sehen. Komm in unser Team, in dem Work-Life-Balance nicht nur eine Floskel ist.

##### Als Teil unseres B.i.Teams

- startet deine Ausbildung im Bereich Fachinformatik Anwendungsentwicklung bereits am **01.09.2026**.
- lernst du uns, unsere Dienstleistungen und unsere Kunden kennen und arbeitest als festes Teammitglied an realen Projekten mit. Dabei probierst du dich Stück für Stück mit deinen neu erlernten Programmiersprachen und weiteren Skills aus der Ausbildung aus
- begleiten wir dich während deiner Ausbildung auf Augenhöhe mit regelmäßigem gegenseitigen Feedback. Deine Patin bzw. dein Pate ist als fachliche wie auch persönliche Ansprechperson jederzeit für dich da.

##### Bei uns bist du richtig, wenn

- du Spaß und Interesse an IT und digitalen Innovationen hast
- du Freude an Kommunikation mitbringst, im Team etwas bewegen möchtest und gerne Verantwortung übernimmst

##### Dich zeichnet aus, dass

- du ein gutes Abitur oder deine gute Fachhochschulreife in der Tasche hast bzw. du kurz davor stehst
- du jetzt praxisnah lernen möchtest
- naturwissenschaftliche Fächer wie Mathematik, Technik und Informatik sowie logisches Vorgehen dir Spaß machen
- gerne im Team arbeitest und Spaß an einem abwechslungsreichen Umfeld hast, in dem du die Möglichkeit hast, eigenständig Aufgaben zu übernehmen
- du dich schon einmal in der Programmierung ausprobiert hast. Das kann dir einen kleinen Vorsprung geben, ist aber kein Muss.

##### Warum B.i.Team? Bei uns erwarten dich

- ein hochmotiviertes Team, das dich professionell einarbeiten und bei deinen Fragestellungen unterstützen wird
- unser New Work Konzept – dazu gehören für uns: flexible Arbeitszeiten, die Möglichkeit zum Homeoffice und temporäres Arbeiten vom EU-Ausland
- die Möglichkeiten, mit den neuesten Technologien in einem modernen Arbeitsumfeld zu arbeiten
- Projekte und Aufgaben, die deinen Fähigkeiten und Interessen am meisten entsprechen und die dich begeistern
- zahlreiche Benefits; vermögenswirksame Leistungen, Zuschuss zur betrieblichen Altersvorsorge und exklusive Vergünstigungen bei attraktiven Partnern über unser Vorteilsprogramm corporate benefits
- ein modernes Arbeitsumfeld mit entsprechenden Arbeits- und Kommunikationsmitteln sowie ergonomischen und barrierefreien Arbeitsplätzen
- die Förderung von Gesundheit und Teamgeist, bspw. attraktive Gesundheitsmaßnahmen und -Angebote sowie zahlreiche gemeinsame Mitarbeiter*innen-Events
- ein langfristiger und sicherer Arbeitsplatz
- nach erfolgreichem Abschluss deiner Ausbildung ein Angebot für eine Übernahme, damit du deine Fertigkeiten kontinuierlich weiterentwickeln kannst

##### Interesse?

Dann klicke auf ""Jetzt bewerben"" unter [https://www.biteam.de/karriere/stellenangebote](https://www.biteam.de/karriere/stellenangebote) und sende uns deine Daten zu.
Wir freuen uns über deine Bewerbung.

#gerneperdu

Du steigerst deine Chancen, wenn du deiner Bewerbung ein Motivationsschreiben hinzufügst.",,2026-06-11T08:14:13.364260+00:00
10000-1205730363-S,fachinformatiker_ae,SIRUP GmbH,Berlin,"Brunnenstr. 181, 10119 Berlin",Ausbildung | Fachinformatiker/in - Anwendungsentwicklung,ae,,,,80,ba_portal,,https://www.arbeitsagentur.de/jobsuche/jobdetail/10000-1205730363-S,ba_portal,,https://www.arbeitsagentur.de/jobsuche/jobdetail/10000-1205730363-S,SIRUP GmbH | Ausbildung | Fachinformatiker/in - Anwendungsentwicklung | Berlin,ya,belum,rendah,"### Ausbildung Fachinformatik für Anwendungsentwicklung w/m/d

PHP · Symfony · React · Drupal · Magento · TYPO3 ·

**In Deiner Ausbildung bei uns lernst Du:**
Planung von Systemarchitekturen für komplexe Web-Portale, Online-Services und Apps
Entwicklung von Backend-Anwendungen (PHP, MySQL)
Entwicklung, Implementierung und Customizing von Drupal-, TYPO3-, Symfony- und Magento-Systemen
Detailgenaue Umsetzung von responsiven und performanten Frontends (HTML, CSS, JavaScript, React)
Agile Methoden für Softwareentwicklung in größeren, multidisziplinären Teams
Development Operations von Online-Anwendungen unserer Bestandskunden
Systemadministration

**Wir bieten Dir:**
Agiles Arbeiten, inspirierendes Arbeitsumfeld, abwechslungsreiche Projekte, spannende Kunden
Qualifizierte und fundierte Ausbildung im Rotationsprinzip durch alle Bereiche unserer Entwicklung
Mentoring durch erfahrene Entwickler-Kolleg:innen
Nach Ausbildungsabschluss Option zur Übernahme als Junior-Entwickler:in
Harmonisches und multidisziplinäres Team aus motivierten Leuten, die sich gegenseitig unterstützen und ergänzen
Flexible (remote) Arbeitszeiten, Raum für neue Ideen, ein offenes Umfeld mit flachen Hierarchien und Entwicklungsmöglichkeiten
Nachhaltigkeit in allen Aspekten unserer Zusammenarbeit
Teamevents, Bio-Snacks und Drinks, Geburtstagskuchen, moderner Arbeitsplatz in schönem Loft in Berlin Mitte
Übrigens: SIRUP ist eine „Top Company” und „Top Arbeitgeber Mittelstand”. Mehr dazu auf unserem kununu-Profil.

**Was Du mitbringen solltest:**

- Einen guten Schulabschluss (mindestens Fachhochschulreife), Fokus auf MINT-Fächer oder auch ein abgebrochenes Studium ist willkommen
- Idealerweise erste Erfahrungen in der IT durch Praktika oder Nebenjobs bzw. erste Kenntnisse in einer Programmiersprache
- Begeisterung und Neugier für innovative Ideen, Methoden, Technologien und Lust, dein Wissen darüber auszubauen
- Gute Deutschkenntnisse, idealerweise C1

**Attitude before skills!**
Wir wissen, dass niemand perfekt ist. Uns geht es nicht darum, dass Du hiervon wirklich schon alles erfüllst. Aber wenn Du Dich in dieser Beschreibung generell wiederfindest, sende uns gerne Deine Unterlagen. Wir freuen uns darauf, Dich kennen zu lernen!
Ja, ich will!
Wir sind eine inhabergeführte Agentur für Digitale Transformation, E-Business und Digital Branding. Erfolgreich seit 2002 in Berlin.
SIRUP sind rund 20 Kreative, Spezialisten, Enthusiasten und Nerds. Wir leben digitale Kultur aus Überzeugung. Wir sind neugierig, arbeiten interdisziplinär und für unsere Klienten sind wir eine agile Taskforce, die individuelle und rasante Lösungen ermöglicht. Den Alltag von Menschen zu bereichern ist unsere Mission. Unsere digitalen Lösungen vereinfachen Abläufe, transportieren Markenbotschaften und erzeugen (Nutzer-)Erlebnisse, die Spaß machen.
Mit dieser Inspiration und großer Erfahrung schaffen wir für unsere Kunden Relevanz und eine nachhaltige Wertschöpfung. Und mit den drei Units Beratung, Kreation und Development inhouse liefern wir ein Projekt komplett aus einer Hand. Große Dynamik ist der Vorteil: kurze Abstimmungswege, agile Produktionsprozesse, elanvolles Schaffen!

Haben wir Dein Interesse geweckt? Dann schicke uns Deine vollständigen Bewerbungsunterlagen als PDF über [unser Stellenangebot auf sirup.com](https://www.sirup.com/jobs-ausbildung-fachinformatik-fuer-anwendungsentwicklung-wmd).","Übrigens: SIRUP ist eine „Top Company” und „Top Arbeitgeber Mittelstand”. Mehr dazu auf unserem kununu-Profil.
**Was Du mitbringen solltest:**
Fachhochschulreife",2026-06-11T09:11:13.052392+00:00
10001-1002258825-S,fachinformatiker_ae_2026,Firstlead GmbH,Berlin,"Rosenfelder Str. 15, 10315 Berlin",Ausbildung | Fachinformatiker/in - Anwendungsentwicklung,ae,2026,,,73,ba_portal,,https://www.arbeitsagentur.de/jobsuche/jobdetail/10001-1002258825-S,ba_portal,,https://www.arbeitsagentur.de/jobsuche/jobdetail/10001-1002258825-S,Firstlead GmbH | Ausbildung | Fachinformatiker/in - Anwendungsentwicklung | Berlin,ya,belum,rendah,"# Über uns

Wir sind ADCELL – eines der schnellstwachsenden Affiliate-Marketing-Netzwerke im deutschsprachigen Raum! Seit unserer Gründung im Jahr 2003 setzen wir konsequent auf Technologie, Daten und Innovation, um maßgeschneiderte Lösungen zu entwickeln und Advertiser und Publisher erfolgreich miteinander zu verbinden. Unser inhabergeführtes Team besteht aus knapp 50 hochqualifizierten Mitarbeitenden, die täglich an spannenden Projekten im Bereich Online-Marketing arbeiten. In unserem modern ausgestatteten, knapp 1000 m² großen Büro in Berlin bieten wir nicht nur eine optimale Arbeitsumgebung, sondern auch regelmäßige Get2gethers mit Fun, Facts, Pizza und Drinks.

# Deine Rolle

Du suchst den Einstieg in die Berufswelt über eine **Ausbildung als Fachinformatiker (m/w/d) für Anwendungsentwicklung** inklusive eines tollen Teams und möchtest gern lernen, Web-Anwendungen professionell zu entwickeln? In unserem Unternehmen bekommst Du die Chance an der gemeinsamen Umsetzung von Projekten praxisnah Erfahrungen zu sammeln.

Du lernst

- wie man Software gemeinsam im Team plant und umsetzt.
- wie man moderne Web-Anwendungen in PHP, Javascript und weiteren Programmiersprachen konzipiert und realisiert.
- wie Daten effektiv verwaltet werden.
- wie Software professionell getestet und dokumentiert wird.
- wie Fehler in der Software durch den Einsatz von Experten- und Diagnosesystemen schnell gefunden und behoben werden können.

# Das solltest Du mitbringen

- Du bringst ein (Fach-)Abitur mit, das du erfolgreich abgeschlossen hast.
- Du hast Dein Studium abgebrochen und willst lieber in die Praxis einsteigen? Dann bist Du bei uns auch richtig!
- Du hast bereits erste Kenntnisse und Erfahrungen mit Programmiersprachen.
- Du verfügst über ein ausgeprägtes analytisches Denkvermögen und hast ein verstärktes Interesse am eigenständigen Umsetzen von aufregenden Projekten.
- Du lernst gern und bildest Dich auch gern selbständig weiter.
- Du verfügst über verhandlungssichere Deutschkenntnisse in Schrift und Wort.
- Du bist in Berlin ansässig.

## Das erwartet Dich bei uns

- Wir bilden langjährig erfolgreich im Bereich Fachinformatik aus, weshalb Du Dich bei uns in den besten Händen befindest.
- Du wirst gefördert und erhältst frühzeitig die Möglichkeit an Herausforderungen in der Berufspraxis zu wachsen.
- Du erhältst die Möglichkeit einer Übernahme nach erfolgreicher Ausbildung.
- Dein Arbeitsplatz ist modern und ergonomisch ausgestattet inkl. höhenverstellbaren Tischen und einem eigenen MacBook.
- Gerne unterstützen wir Deinen Weg zum Betrieb durch die Bezuschussung zum Deutschlandticket.
- Du profitierst von exklusiven Mitarbeiterrabatten bei zahlreichen bekannten Marken und Online-Shops.
- Dir stehen zwei Gemeinschaftsküchen zur Verfügung, die für Dein gesundes oder süßes Frühstück ausgestattet sind und genug Raum für gemeinsames Kochen mit den Kolleg\*innen bieten (Gratis True Fruits Smoothies, Obst, Eis, Cornflakes inklusive).
- Wir schenken Dir Zeit zum Feiern mit einem Sonderurlaubstag an Deinem Geburtstag!
- Gemeinsam feiern können wir selbstverständlich auch – bei Teamevents, Sommerfesten und Weihnachtsfeiern!

Du hast Lust auf eine neue Herausforderung und gemeinsam mit uns wachsen? Dann zeige uns, was in Dir steckt und werde zum wichtigen Bestandteil unseres Teams! Wir freuen uns auf Deine aussagekräftige Bewerbung!","- Du bringst ein (Fach-)Abitur mit, das du erfolgreich abgeschlossen hast.
- Du hast Dein Studium abgebrochen und willst lieber in die Praxis einsteigen? Dann bist Du bei uns auch richtig!
- Du hast bereits erste Kenntnisse und Erfahrungen mit Programmiersprachen.
- Du verfügst über ein ausgeprägtes analytisches Denkvermögen und hast ein verstärktes Interesse am eigenständigen Umsetzen von aufregenden Projekten.
- Du lernst gern und bildest Dich auch gern selbständig weiter.
- Du verfügst über verhandlungssichere Deutschkenntnisse in Schrift und Wort.
- Du bist in Berlin ansässig.",2026-06-11T08:13:33.345747+00:00
AD-bfb6950c-b73a-4c99-87e6-c567b2c7af9c,ausbildung_de_ae,Frachtwerk GmbH,Berlin,Große Präsidentenstraße 10 10178 Berlin Berlin,Ausbildung | Fachinformatiker/in für Anwendungsentwicklung (m/w/d),ae,,,"1. Jahr: 978,48 €
2. Jahr: 1087,20 €
3. Jahr: 1208,00 €",73,company,career@frachtwerk.de,https://frachtwerk.de/job/ausbildung-fachinformatikerin-fuer-anwendungsentwicklung/,email,,,Frachtwerk GmbH | Ausbildung | Fachinformatiker/in für Anwendungsentwicklung (m/w/d) | Berlin,tidak,belum,tinggi,"Ausbildung Fachinformatiker/in für Anwendungsentwicklung (m/w/d)

Mittlere Reife",Mittlere Reife,2026-06-11T11:19:11.647429+00:00
10000-1206430304-S,fachinformatiker_ae,imassense Deutschland GmbH,Berlin,"Buckower Chaussee 106-107, 12277 Berlin",Ausbildung | Fachinformatiker/in - Anwendungsentwicklung,ae,,,,73,ba_portal,,https://www.arbeitsagentur.de/jobsuche/jobdetail/10000-1206430304-S,ba_portal,,https://www.arbeitsagentur.de/jobsuche/jobdetail/10000-1206430304-S,imassense Deutschland GmbH | Ausbildung | Fachinformatiker/in - Anwendungsentwicklung | Berlin,ya,belum,rendah,"""imassense Deutschland GmbH"" verfügt über mehr als fünfzehn Jahre Erfahrung in der Medizininformatik. Ob Abteilungsinformation, Informationsmanagement oder DICOM Archiv - wir garantieren Qualität und Zukunftssicherheit.
Wir realisieren moderne medizinische Informations- und Archivsysteme. Spezialisiert auf wissenschaftlich fundierte Anwendungsentwicklung, liefern wir heute Software für Ansprüche der Zukunft.

Zur Verstärkung unseres Teams bieten wir ab sofort eine Ausbildung zum Fachinformatiker (m/w/d) für Anwendungsentwicklung an.

Als Fachinformatiker (m/w/d) für Anwendungsentwicklung bist Du an der Planung und Umsetzung von IT-Systemen beteiligt. Du lernst neue oder veränderte IT-Systeme einzuführen und den Prozess der Anwendungsentwicklung kennen. In der Berufsschule lernst Du u.a. Grundlagen der Hard- und Softwareprogrammierung, Testverfahren und Datenbanken kennen.

Dein Profil

- Erfolgreicher Abschluss der Fachhochschulreife oder einen vergleichbaren Abschluss
- Gute Leistungen in Mathematik und Informatik
- Technische Neugierde, hohe Motivation und Teamfähigkeit
- Eigeninitiative und selbstständige Arbeitsweise
- Spaß und Freude am Umgang mit Hard- und Software
- Grundlegende EDV-Kenntnisse und Interesse an Programmierung

Was wir Dir bieten

- Familiäres Betriebsklima
- Selbständiges Arbeiten
- Weiterentwicklungsmöglichkeiten 
- Fortbildungen 
- Vielseitiges Einsatzgebiet

Findest Du dich in der Stellenanzeige wieder? Dann freuen wir uns auf Deine Bewerbung!","Dein Profil
- Erfolgreicher Abschluss der Fachhochschulreife oder einen vergleichbaren Abschluss
- Gute Leistungen in Mathematik und Informatik
- Technische Neugierde, hohe Motivation und Teamfähigkeit
- Eigeninitiative und selbstständige Arbeitsweise
- Spaß und Freude am Umgang mit Hard- und Software
- Grundlegende EDV-Kenntnisse und Interesse an Programmierung
Fachhochschulreife",2026-06-11T09:11:37.327667+00:00
ASD-998030002514183259,ausbildungsstellen_si,Azubiyo,Berlin,Ringbahnstr. 96 12103 Berlin Berlin,Ausbildung | Fachinformatiker/in für Anwendungsentwicklung,ae,,,"1.293,26 €, 1.343,20 €, 1.389,02 €",67,company,,https://www.azubiyo.de/bewerbung/,portal,,,Azubiyo | Ausbildung | Fachinformatiker/in für Anwendungsentwicklung | Berlin,tidak,belum,sedang,"Fachinformatiker/in für Anwendungsentwicklung

Mittlere Reife",Mittlere Reife,2026-06-13T12:54:44.491276+00:00
AD-d55ba042-85c5-4ecb-a7af-624c26bc85eb,ausbildung_de_ae,Firstlead GmbH/ADCELL,Berlin,Rosenfelder Str. 15-16 10315 Berlin Berlin,Ausbildung | Fachinformatiker/in für Anwendungsentwicklung (m/w/d),ae,,,,67,company,jobs@adcell.de,https://businessangels.jobs.personio.de/job/604833?language=de&apply,email,,,Firstlead GmbH/ADCELL | Ausbildung | Fachinformatiker/in für Anwendungsentwicklung (m/w/d) | Berlin,tidak,belum,tinggi,"Ausbildung Fachinformatiker/in für Anwendungsentwicklung (m/w/d)

Das erwartet Dich bei uns
- Wir bilden langjährig erfolgreich im Bereich der Fachinformatik aus, weshalb Du bei uns in den besten Händen bist.
- Du wirst gefördert und erhältst frühzeitig die Möglichkeit, an Herausforderungen in der Berufspraxis zu wachsen.
- Du erhältst die Möglichkeit einer Übernahme nach erfolgreicher Ausbildung.
- Dein Arbeitsplatz ist modern und ergonomisch ausgestattet, inkl. eines höhenverstellbarer Tische und einen eigenen MacBook.
- Gerne unterstützen wir Deinen Weg zur Arbeit durch eine 50%ige Bezuschussung des Deutschlandtickets.
- Du profitierst von exklusiven Mitarbeiterrabatten bei zahlreichen bekannten Marken und Online-Shops.
- Dir stehen zwei Gemeinschaftsküchen zur Verfügung, die für Dein gesundes oder süßes Frühstück ausgestattet sind und genug Raum für gemeinsames Kochen mit den Kolleg*innen bieten (Gratis True Fruits Smoothies, Obst, Eis, Cornflakes inklusive).
- Wir schenken Dir Zeit zum Feiern mit einem Sonderurlaubstag an Deinem Geburtstag!
- Gemeinsam feiern können wir selbstverständlich auch bei Teamevents, Sommerfesten und Weihnachtsfeiern!
Du hast Lust auf eine neue Herausforderung und möchtest gemeinsam mit uns wachsen?
Dann zeige uns, was in Dir steckt und werde ein wichtiger Bestandteil unseres Teams! Wir freuen uns auf Deine aussagekräftige Bewerbung!

Das solltest Du mitbringen
- Du bringst ein (Fach-)Abitur mit, das Du erfolgreich abgeschlossen hast.
- Du hast Dein Studium abgebrochen und willst lieber in die Praxis einsteigen? Dann bist Du bei uns auch genau richtig!
- Du hast bereits erste Kenntnisse und Erfahrungen mit Programmiersprachen.
- Du verfügst über ein ausgeprägtes analytisches Denkvermögen und hast ein starkes Interesse am eigenständigen Umsetzen von aufregenden Projekten.
- Du lernst gern und bildest Dich auch gern selbstständig weiter.
- Du verfügst über verhandlungssichere Deutschkenntnisse in Wort und Schrift.
- Du bist in Berlin ansässig.","Das solltest Du mitbringen
- Du bringst ein (Fach-)Abitur mit, das Du erfolgreich abgeschlossen hast.
- Du hast Dein Studium abgebrochen und willst lieber in die Praxis einsteigen? Dann bist Du bei uns auch genau richtig!
- Du hast bereits erste Kenntnisse und Erfahrungen mit Programmiersprachen.
- Du verfügst über ein ausgeprägtes analytisches Denkvermögen und hast ein starkes Interesse am eigenständigen Umsetzen von aufregenden Projekten.
- Du lernst gern und bildest Dich auch gern selbstständig weiter.
- Du verfügst über verhandlungssichere Deutschkenntnisse in Wort und Schrift.
- Du bist in Berlin ansässig.",2026-06-11T11:19:08.830518+00:00
STEP-14107607,stepstone_de_ae,eLeDia GmbH,Berlin,Berlin Berlin,Ausbildung | Moodle Developer (m/w/d) im Team Operations,ae,,,,60,empty,,https://twitter.com/stepstone_de,portal,,,eLeDia GmbH | Ausbildung | Moodle Developer (m/w/d) im Team Operations | Berlin,tidak,belum,sedang,"Moodle Developer (m/w/d) im Team Operations

Aufgaben
Konzeption und Entwicklung neuer Moodle-Plugins
Kontinuierliche Weiterentwicklung und Optimierung bestehender Funktionen
Durchführung von Versionsmigrationen
Beantwortung technischer Kundenanfragen via Telefon, E-Mail und Online-Konferenz
Eigenständige Fehlersuche und Problemlösung im Team
Ihr Profil

Wir hosten das Lernmanagement-System Moodle auf über 4.000 Servern für unsere Kunden. Für unser Developer-Team suchen wir Unterstützung bei der Entwicklung von Plugins sowie bei individuellen Anpassungen der Moodle-Lernplattformen. Erfahrungen mit Moodle sind ein Vorteil; die weiteren technischen Anforderungen entnimmst du den Qualifikationen.
Dein Profil
Voraussetzungen:
Abgeschlossenes technisch orientiertes Studium, Ausbildung zum Fachinformatiker für Anwendungsentwicklung oder eine vergleichbare Qualifikation (Quereinstieg bei entsprechenden Kenntnissen möglich)
Fundierte Erfahrung mit:
Plattform Unix / Linux
PHP
HTML
CSS
JavaScript
Git
Sehr gute Deutschkenntnisse (mind. C1) und sicheres technisches Englisch
Von Vorteil:
React
LTI
H5P
Moodle
Docker
Datenbankmanagement (PostgreSQL, MariaDB/MySQL)
Behat-Tests und Unit-Tests
Idealerweise hast du öffentlich einsehbare Projekte (z. B. auf GitHub/GitLab), die du uns zeigen möchtest.

Was wir bieten
Vollzeit oder Teilzeit (30–40 h/Woche) zum nächstmöglichen Termin
Remote-Arbeit oder in unserem Berliner Büro (gelegentliche Präsenztermine in Berlin erforderlich)
Jobticket (BVG)
30 Tage Urlaub und flexible Arbeitszeiten
Ein engagiertes Team
50 Euro steuerfreier Sachbezug pro Monat
Du bist interessiert.","Wir hosten das Lernmanagement-System Moodle auf über 4.000 Servern für unsere Kunden. Für unser Developer-Team suchen wir Unterstützung bei der Entwicklung von Plugins sowie bei individuellen Anpassungen der Moodle-Lernplattformen. Erfahrungen mit Moodle sind ein Vorteil; die weiteren technischen Anforderungen entnimmst du den Qualifikationen.
Dein Profil
Voraussetzungen:
Abgeschlossenes technisch orientiertes Studium, Ausbildung zum Fachinformatiker für Anwendungsentwicklung oder eine vergleichbare Qualifikation (Quereinstieg bei entsprechenden Kenntnissen möglich)
Fundierte Erfahrung mit:
Plattform Unix / Linux
PHP
HTML
CSS
JavaScript
Git
Sehr gute Deutschkenntnisse (mind. C1) und sicheres technisches Englisch
Von Vorteil:
React
LTI
H5P
Moodle
Docker
Datenbankmanagement (PostgreSQL, MariaDB/MySQL)
Behat-Tests und Unit-Tests
Idealerweise hast du öffentlich einsehbare Projekte (z. B. auf GitHub/GitLab), die du uns zeigen möchtest.",2026-06-12T20:50:43.829275+00:00
STEP-14009522,stepstone_de_dpa,GEMA - Gesellschaft für musik. Aufführungs- und mechan. Vervielfältigungsrechte,Berlin,Keithstraße 7 10787 Berlin,Ausbildung | Auszubildender Fachinformatiker für Anwendungsentwicklung (m/w/d),ae,,,,60,empty,,https://twitter.com/stepstone_de,portal,,,GEMA - Gesellschaft für musik. Aufführungs- und mechan. Vervielfältigungsrechte | Ausbildung | Auszubildender Fachinformatiker für Anwendungsentwicklung (m/w/d) | Berlin,tidak,belum,sedang,"Auszubildender Fachinformatiker für Anwendungsentwicklung (m/w/d)

Grundlagenkenntnisse über die GEMA IT-Welt und Mitwirkung bei ihrer Weiterentwicklung Konzeption, Entwicklung und Realisierung von EDV-Systemen Planung und Programmierung von Software-Lösungen mit Java Anpassung von Systemen an die betrieblichen Anforderungen Beobachtung, Analyse und Anpassung der IT-Systeme an betriebliche Arbeitsabläufe Entwicklung und Anpassung von Bedienoberflächen Beratung und Schulung der Endanwender Testen bestehender Programme auf neue Anforderungen und gegebenenfalls Anpassung an diese
Stimmig – Deine Qualifikationen:
Mittlere Reife oder (Fach-) Abitur Interesse an Tech­nik und Com­pu­tern Gutes Verständnis für Mathematik und Sprachen, gute Leistungen in den entsprechenden Fächern Spaß am Lösen von Problemen Lernbereitschaft und eine gute Auffassungsgabe Verantwortungsbewusstsein, Zuverlässigkeit und eine offene Art

Klingt richtig gut – das bieten wir:
Für alle, die Musik lieben
Dein Job mit Impact mittendrin in der Branche! Zusammen mit Teams, die digital denken und Musik leben.
Zugabe
Subventioniertes Betriebsrestaurant, Barista-Bar und modernes Office in Top-Lage plus vermögenswirksame Leistungen, Rabatte und weitere Zuschüsse. Unser Extra‑Goodie-Set für dich.
Learn to Fly
E‑Learnings, Webinare und Workshops, die dich persönlich wachsen lassen und fachlich noch schlauer machen.
Gesundheit & Familie
Kinderbetreuungszuschuss, aktive Pause, pme‑Familienservice, Sonderurlaub und flexible Arbeitsmodelle, die deinen Alltag etwas geschmeidiger machen.
Ausgleich
30 Tage Urlaub, Gleitzeit, Homeoffice‑Regelung und Workation für deine stimmige Work‑Life‑Balance.
Musik erleben
GEMA Band, Firmenevents und gemeinsame Anlässe, um abzurocken, anzustoßen und dich zu vernetzen.","Grundlagenkenntnisse über die GEMA IT-Welt und Mitwirkung bei ihrer Weiterentwicklung Konzeption, Entwicklung und Realisierung von EDV-Systemen Planung und Programmierung von Software-Lösungen mit Java Anpassung von Systemen an die betrieblichen Anforderungen Beobachtung, Analyse und Anpassung der IT-Systeme an betriebliche Arbeitsabläufe Entwicklung und Anpassung von Bedienoberflächen Beratung und Schulung der Endanwender Testen bestehender Programme auf neue Anforderungen und gegebenenfalls Anpassung an diese
Stimmig – Deine Qualifikationen:
Mittlere Reife oder (Fach-) Abitur Interesse an Tech­nik und Com­pu­tern Gutes Verständnis für Mathematik und Sprachen, gute Leistungen in den entsprechenden Fächern Spaß am Lösen von Problemen Lernbereitschaft und eine gute Auffassungsgabe Verantwortungsbewusstsein, Zuverlässigkeit und eine offene Art",2026-06-12T21:42:46.087622+00:00
INDEED-2c82c52d33a51d51,indeed_de_ae,AZTEKA Consulting GmbH,Berlin,Berlin BE,Ausbildung | Fachinformatiker/in Fachrichtung Anwendungsentwicklung (m/w/d),ae,,,Vollzeit,53,empty,,https://hrtechprivacy.com/de/brands/about-indeed,portal,,,AZTEKA Consulting GmbH | Ausbildung | Fachinformatiker/in Fachrichtung Anwendungsentwicklung (m/w/d) | Berlin,tidak,belum,sedang,"Ausbildung Fachinformatiker/in Fachrichtung Anwendungsentwicklung (m/w/d)

Deine Aufgaben
Deine Ausbildungsinhalte:
Planen und Organisieren von Arbeitsabläufen in Kundenprojekten
Durchführen und Dokumentieren von Qualitätssicherungsmaßnahmen
Entwicklung von Erweiterungen und Anpassungen für ERP Systeme (Infor LN) und Infor Factory Track
Erstellung bedienfreundlicher Oberflächen für kundenspezifische Anwendungen
Präsentation deiner Arbeitsergebnisse
Beratung und Unterstützung der Anwender
Erkennen von Störungen in Prozessen und Erarbeiten von Lösungen
Was Du bei uns nicht lernst:
Keine Entwicklung von Standard-/ Standalone - Software-Lösungen
Keine Tätigkeit bei Infor selbst, wir sind ein Partner und Dienstleister
Stattdessen: praktische Lösungsentwicklung rund um das Produkt Infor LN und Factory Track
Diese Klarheit soll Missverständnisse verhindern und Dir helfen einzuschätzen, ob die Ausbildung bei uns wirklich zu dir passt.
Eigenverantwortliche Entwicklungsaufgaben schon früh in deiner Ausbildung
Einblicke in spannende Themen wie Warehouse Management, Logistikprozesse und ERP Workflows
Über uns
Digitale Transformation auf Basis von Infor CloudSuite Industrial Enterprise prägt unsere tägliche Arbeit. Wir gestalten, standardisieren, integrieren und optimieren ERP-IT-Prozesse und sorgen für deren stabilen Betrieb. Gemeinsam mit unseren Kunden entstehen standardnahe, individuelle Lösungen, die Effizienz steigern und echten Mehrwert für das Unternehmen schaffen.
Als langjähriger strategischer Partner von Infor zählt AZTEKA Consulting zu den führenden Infor Beratungshäusern im deutschsprachigen Raum. Wir begleiten Unternehmen partnerschaftlich durch ihre digitale Transformation.
Gemeinsam mit der FREICON-Gruppe bieten wir ganzheitliche IT-Lösungen aus Beratung, Software, Hardware sowie Cloud- und Rechenzentrumsservices. Mit Hauptsitz in Mannheim und Standorten in Berlin, Freiburg und Köln, sind wir Teil einer starken Unternehmensgruppe mit über 200 Mitarbeitenden.
Auf geht´s – werde Azteke! Wir freuen uns auf Deine Bewerbung!

Dein Profil
Was wir uns von Dir wünschen:
Fachgebundene Hochschulreife oder sehr guter Realschulabschluss
Interesse an IT, Softwareentwicklung und Geschäftsprozessen
Erste Erfahrungen mit Programmierung oder Datenbanken von Vorteil
Teamgeist, Lernbereitschaft und Freude am Umgang mit Kunden
Selbstständige und zuverlässige Arbeitsweise
Warum wir?
Was wir Dir bieten:
Ausbildung in einem überschaubaren Team, das dich aktiv unterstützt
Arbeit nah am Kunden und an realen Prozessen","Dein Profil
Was wir uns von Dir wünschen:
Fachgebundene Hochschulreife oder sehr guter Realschulabschluss
Interesse an IT, Softwareentwicklung und Geschäftsprozessen
Erste Erfahrungen mit Programmierung oder Datenbanken von Vorteil
Teamgeist, Lernbereitschaft und Freude am Umgang mit Kunden
Selbstständige und zuverlässige Arbeitsweise
Warum wir?
Was wir Dir bieten:
Ausbildung in einem überschaubaren Team, das dich aktiv unterstützt
Arbeit nah am Kunden und an realen Prozessen",2026-06-13T10:45:18.985750+00:00
INDEED-d21efd5165677669,indeed_de_ae,Berliner Stadtreinigungsbetriebe AöR,Berlin,Berlin BE,Ausbildung | Fachinformatiker:in Anwendungsentwicklung,ae,,,Berufsausbildung,53,empty,,https://www.hiringlab.org/de/,portal,,,Berliner Stadtreinigungsbetriebe AöR | Ausbildung | Fachinformatiker:in Anwendungsentwicklung | Berlin,tidak,belum,sedang,"Fachinformatiker:in Anwendungsentwicklung

Welche Aufgaben übernimmst du nach der Ausbildung?
Du entwickelst kundenspezifische Computerprogramme und Bedienoberflächen, erstellst dafür passgenaue Konzepte und Kostenvoranschläge und stellst sicher, dass die Anwendungen reibungslos laufen, auch mithilfe von Experten- oder Diagnosesystemen. Die Bedienung deiner Anwendungen dokumentierst du für die Nutzerinnen und Nutzer.
Jetzt bewerben!

Wir suchen Auszubildende, die gerne mit Computern arbeiten und Spaß am Programmieren haben. Teamarbeit liegt dir. Du bist zuverlässig, hilfsbereit und offen. Außerdem wünschen wir uns von dir mindestens einen mittleren Schulabschluss mit guten bis befriedigenden Leistungen in Deutsch, Englisch und Mathematik.
Wie lange dauert die Ausbildung?
3 Jahre (Verkürzung auf 2,5 Jahre möglich)",,2026-06-13T10:46:32.176559+00:00
STEP-13481777,stepstone_de_ae,SBE Network Solutions GmbH,Berlin,Möllendorffstraße 45 10367 Berlin,Ausbildung | Fachinformatiker/in IT Support (m/w/d),ae,,,,53,empty,,https://twitter.com/stepstone_de,portal,"Ansprechpartner:
Herrn Vagelis Gazis
Adresse
SBE network solutions GmbH
Möllendorffstraße 45
10367 Berlin
E-Mail: bewerbung@sbe.de
Web: www.sbe.de",,SBE Network Solutions GmbH | Ausbildung | Fachinformatiker/in IT Support (m/w/d) | Berlin,tidak,belum,sedang,"Fachinformatiker/in IT Support (m/w/d)

Zu Deinen Aufgaben zählen:
Betreuung unserer Schulkunden bei Aufträgen, Anfragen, Störungen und Problemen in Verbindung mit Hard- und Software vor Ort
Installation, Konfiguration und Wartung von Hard- und Software­komponenten im schulischen Netzwerk
Identifikation von Problemen, Durch­führung von Fehler­analysen sowie Entwicklung von Lösungen für unsere Schulkunden
Unterstützung und Einweisung der End­benutzer in der Bedienung der Systeme
Beratung und Umsetzung von IT-Konzepten
Dokumentation von Hard- und Software
Was Du mitbringen solltest:
Eine abgeschlossene Ausbildung zum/zur Fachinformatiker/in oder vergleich­bare Ausbildung, Quereinstieg ist ebenfalls möglich
Idealerweise erste Berufs­erfahrung im IT-Umfeld, Kenntnisse im Bereich IP und Netzwerktechnik
Erfahrungen im Windows-Umfeld sowie erste Erfahrungen in der direkten Betreuung von Endanwendern
Eine schnelle Auffassungsgabe sowie eine strukturierte und selbständige Arbeitsweise
Zuverlässigkeit, Eigeninitiative und Engagement
Gute Deutschkenntnisse in Wort und Schrift
Hilfsbereitschaft und Spaß am Vermitteln von neuen Inhalten
Was wir Dir bieten:
Innovatives und dynamisches Arbeits­umfeld, eine vertrauens­volle Unter­nehmenskultur, die sich durch ein offenes und konstruktives Miteinander auszeichnet
Attraktive Vergütung
Regelmäßige Fortbildungs­möglichkeiten
BVG Deutschlandticket Job
30 Tage Urlaub
Dienstbekleidung und Diensthandy
Betriebliche Altersvorsorge
Feste Arbeitszeiten Mo-Fr. von 08:00 – 16:30
Keine Arbeit an Wochenenden und Feiertagen
Fest zugeordneter Kundenstamm
Deine Bewerbung:
Wir freuen uns über Deine aus­sage­kräftigen Bewerbungs­unter­lagen im PDF-Format inklusive Gehaltsvor­stellung und dem frühest­möglichen Einstellungs­termin.
Die Stelle ist zunächst auf Jahr befristet, es wird eine Übernahme in ein unbe­fristetes Arbeits­verhältnis angestrebt.",,2026-06-12T20:45:54.134313+00:00
INDEED-6644866d03250d6d,indeed_de_ae,Stuttgarter Lebensversicherung a.G.,Berlin,Berlin BE,Ausbildung | - Fachinformatiker (m/w/d) - Anwendungsentwicklung 2026,ae,,,1.355 € – 1.520 € pro Monat - Berufsausbildung,53,empty,,https://www.hiringlab.org/de/,portal,,,Stuttgarter Lebensversicherung a.G. | Ausbildung | - Fachinformatiker (m/w/d) - Anwendungsentwicklung 2026 | Berlin,tidak,belum,sedang,"Ausbildung - Fachinformatiker (m/w/d) - Anwendungsentwicklung 2026

abwechslungsreiche Aufgaben mit vielen Einblicken in unterschiedlichen IT-Abteilungen
Mitarbeit in vielen Projekten
einen partnerschaftlichen Umgang auf Augenhöhe
flexible Arbeitszeiten
viele Weiterbildungsmöglichkeiten
eine faire Bezahlung
1. Lehrjahr 1.355 €
2. Lehrjahr 1.432 €
3. Lehrjahr 1.520 €
Fahrtkostenübernahme ÖPNV
Lösungswille und Durchhaltevermögen bei komplexen Aufgaben
Praktikum im IT-Umfeld ist von Vorteil
ein abgebrochenes Studium ist kein Hindernis, sondern meist der ideale Einstieg!

Das solltest Du mitbringen:
Begeisterung für Computertechnik und an der IT allgemein
Grundwissen über Hard- und Software
Selbständiges Arbeiten aber natürlich erst recht Spaß an Teamarbeit
Voraussetzungen:
Mittlere Reife/Fachhochschulreife/Abitur
deutsches Sprachniveau: C1
Ausbildungsbeginn: 1. September 2026
Ausbildungsdauer: 3 Jahre
Bereit für den nächsten Schritt?
Hast Du Fragen? Kein Problem! Sabine Leonhardt steht Dir gerne unter der Telefonnummer 0711 / 665 - 2028 zur Verfügung.
Du bist bereit, deinen Weg mit uns zu gehen?","Das solltest Du mitbringen:
Begeisterung für Computertechnik und an der IT allgemein
Grundwissen über Hard- und Software
Selbständiges Arbeiten aber natürlich erst recht Spaß an Teamarbeit
Voraussetzungen:
Mittlere Reife/Fachhochschulreife/Abitur
deutsches Sprachniveau: C1
Ausbildungsbeginn: 1. September 2026
Ausbildungsdauer: 3 Jahre
Bereit für den nächsten Schritt?
Hast Du Fragen? Kein Problem! Sabine Leonhardt steht Dir gerne unter der Telefonnummer 0711 / 665 - 2028 zur Verfügung.
Du bist bereit, deinen Weg mit uns zu gehen?",2026-06-13T10:44:51.737487+00:00
STEP-13182103,stepstone_de_ae,ALLINSIGHT IT-Services GmbH,Berlin,Berlin Berlin,Ausbildung | Full-Stack-Entwickler C#/.NET (m/w/d),ae,,,,47,empty,,https://twitter.com/stepstone_de,portal,,,ALLINSIGHT IT-Services GmbH | Ausbildung | Full-Stack-Entwickler C#/.NET (m/w/d) | Berlin,ya,belum,rendah,"Full-Stack-Entwickler C#/.NET (m/w/d)

Deine Aufgaben
Backendentwicklung mit C# / .Net Core
Oberflächenentwicklung mit Angular oder WPF
Planung und Umsetzen von Service basierten Architekturen
Design von Datenbankarchitekturen
Umsetzung von Build- und Deployment-Pipelines

Realisierung von kundenspezifischen Anforderungen
Immer Neues entdecken und erlernen, Spaß am Teilen
Dein Profil
Abgeschlossene Ausbildung als Fachinformatiker für Anwendungsentwicklung / vergleichbares Studium oder Quereinstieg bei entsprechender Berufserfahrung
Freude und Interesse am Einarbeiten in neue Technologien, sowie das Arbeiten an Kundenprojekten
Teamfähigkeit, eigenverantwortliches Arbeiten und Selbstorganisation
Erfahrung mit agilen Entwicklungsmethoden und Lust auf Neues
4-5 Jahre Erfahrung im Software-Entwicklungsumfeld sowie gute Kenntnisse C#
Sehr gute Deutsch- und / oder sehr gute Englischkenntnisse","Realisierung von kundenspezifischen Anforderungen
Immer Neues entdecken und erlernen, Spaß am Teilen
Dein Profil
Abgeschlossene Ausbildung als Fachinformatiker für Anwendungsentwicklung / vergleichbares Studium oder Quereinstieg bei entsprechender Berufserfahrung
Freude und Interesse am Einarbeiten in neue Technologien, sowie das Arbeiten an Kundenprojekten
Teamfähigkeit, eigenverantwortliches Arbeiten und Selbstorganisation
Erfahrung mit agilen Entwicklungsmethoden und Lust auf Neues
4-5 Jahre Erfahrung im Software-Entwicklungsumfeld sowie gute Kenntnisse C#
Sehr gute Deutsch- und / oder sehr gute Englischkenntnisse",2026-06-12T20:46:45.860829+00:00
AZUB-d1efg794,azubiyo_de_ae,Azubiyo,Berlin,Juliusstr. 2 12051 Berlin Berlin,Ausbildung | Fachinformatiker*in Anwendungsentwicklung,ae,,,,47,empty,,https://www.azubiyo.de/stellenanzeigen/D1EFG794/bewerben/,portal,,,Azubiyo | Ausbildung | Fachinformatiker*in Anwendungsentwicklung | Berlin,ya,belum,rendah,Fachinformatiker*in Anwendungsentwicklung,,2026-06-12T09:54:39.785651+00:00
AZDE-10929952,azubi_de_fi,Berliner Stadtreinigungsbetriebe AöR,Berlin,Ringbahnstr. 96 12103 Berlin,Ausbildung | Fachinformatiker/in für Anwendungsentwicklung,ae,,,,47,empty,,https://www.azubi.de/ausbildungsplatz/10929952-s-fachinformatiker-in-fuer-anwendungsentwicklung/apply,portal,,,Berliner Stadtreinigungsbetriebe AöR | Ausbildung | Fachinformatiker/in für Anwendungsentwicklung | Berlin,ya,belum,rendah,"Fachinformatiker/in für Anwendungsentwicklung

Einleitung
Was wünschen wir uns von dir?
Wir suchen Auszubildende, die gerne mit Computern arbeiten und Spaß am Programmieren haben. Teamarbeit liegt dir. Du bist zuverlässig, hilfsbereit und offen. Außerdem wünschen wir uns von dir mindestens einen mittleren Schulabschluss mit guten bis befriedigenden Leistungen in Deutsch, Englisch und Mathematik.
Was lernst du in deiner Ausbildung?
Wie du Software und digitale Anwendungen für unser Unternehmen und unsere Kunden entwickeln kannst. Wir machen dich fit in den wichtigsten Programmiersprachen und setzen dich in unseren Fachabteilungen ein, wo du beim Testen oder Anpassen digitaler Lösungen mithilfst, Marktentwicklungen recherchierst oder deine Kolleginnen und Kollegen berätst und schulst. Du lernst natürlich auch die Grundlagen der Vernetzung von IT-Systemen kennen.
Welche Aufgaben übernimmst du nach der Ausbildung?
Du entwickelst kundenspezifische Computerprogramme und Bedienoberflächen, erstellst dafür passgenaue Konzepte und Kostenvoranschläge und stellst sicher, dass die Anwendungen reibungslos laufen, auch mithilfe von Experten- oder Diagnosesystemen. Die Bedienung deiner Anwendungen dokumentierst du für die Nutzerinnen und Nutzer.
Aufgaben","Einleitung
Was wünschen wir uns von dir?
Wir suchen Auszubildende, die gerne mit Computern arbeiten und Spaß am Programmieren haben. Teamarbeit liegt dir. Du bist zuverlässig, hilfsbereit und offen. Außerdem wünschen wir uns von dir mindestens einen mittleren Schulabschluss mit guten bis befriedigenden Leistungen in Deutsch, Englisch und Mathematik.
Was lernst du in deiner Ausbildung?
Wie du Software und digitale Anwendungen für unser Unternehmen und unsere Kunden entwickeln kannst. Wir machen dich fit in den wichtigsten Programmiersprachen und setzen dich in unseren Fachabteilungen ein, wo du beim Testen oder Anpassen digitaler Lösungen mithilfst, Marktentwicklungen recherchierst oder deine Kolleginnen und Kollegen berätst und schulst. Du lernst natürlich auch die Grundlagen der Vernetzung von IT-Systemen kennen.
Welche Aufgaben übernimmst du nach der Ausbildung?
Du entwickelst kundenspezifische Computerprogramme und Bedienoberflächen, erstellst dafür passgenaue Konzepte und Kostenvoranschläge und stellst sicher, dass die Anwendungen reibungslos laufen, auch mithilfe von Experten- oder Diagnosesystemen. Die Bedienung deiner Anwendungen dokumentierst du für die Nutzerinnen und Nutzer.
Aufgaben",2026-06-13T10:35:51.569889+00:00
MAD-2361742182,meine_ausbildung_ae,Berliner Wasserbetriebe,Berlin,,Fachinformatiker für Anwendungsentwicklung (w/m/d),ae,,,,40,company,,http://ausbildung.bwb.de/Fachinformatiker-fur-Anwendungsentwicklung-w-m-d.html?utm_source=meine-ausbildung-in-deutschland,portal,,,Berliner Wasserbetriebe | Fachinformatiker für Anwendungsentwicklung (w/m/d) | Berlin,ya,belum,rendah,Fachinformatiker für Anwendungsentwicklung (w/m/d),,2026-06-11T12:04:59.553929+00:00
MAD-2444885911,meine_ausbildung_ae,Bürovollversorger GmbH,Berlin,,Fachinformatiker/in Anwendungsentwicklung,ae,,,,40,company,,https://www.royschulz.de/ausbildungsstellen/?utm_source=meine-ausbildung-in-deutschland,portal,,,Bürovollversorger GmbH | Fachinformatiker/in Anwendungsentwicklung | Berlin,ya,belum,rendah,Fachinformatiker/in Anwendungsentwicklung,,2026-06-11T11:37:56.027511+00:00
MAD-2431042234,meine_ausbildung_ae,Gesellschaft für Personalentwicklung und Bildung mbH,Berlin,,Fachinformatikerin / Fachinformatiker Anwendungsentwicklung Berlin,ae,,,,40,company,,https://www.gpb.de/ausbildung-berlin/fachinformatiker-anwendungsentwicklung?utm_source=meine-ausbildung-in-deutschland,portal,,,Gesellschaft für Personalentwicklung und Bildung mbH | Fachinformatikerin / Fachinformatiker Anwendungsentwicklung Berlin | Berlin,ya,belum,rendah,Fachinformatikerin / Fachinformatiker Anwendungsentwicklung Berlin,,2026-06-11T11:48:47.061559+00:00
MAD-2420480853,meine_ausbildung_ae,Interautomation Deutschland GmbH,Berlin,,Fachinformatiker/-in der Fachrichtung Anwendungsentwicklung,ae,,,,40,company,,https://www.interautomation.de/images/pdf/25_IA_Inserat_Ausbildung_Fachinformatiker.pdf?utm_source=meine-ausbildung-in-deutschland,portal,,,Interautomation Deutschland GmbH | Fachinformatiker/-in der Fachrichtung Anwendungsentwicklung | Berlin,ya,belum,rendah,Fachinformatiker/-in der Fachrichtung Anwendungsentwicklung,,2026-06-11T11:52:03.141727+00:00
MAD-2449095382,meine_ausbildung_ae,INWX GmbH & Co. KG,Berlin,,Ausbildung Fachinformatiker:in für Anwendungsentwicklung (m/w/d),ae,,,,40,company,,https://www.inwx.de/de/aboutus/jobs/69e9f7716dd9e41ee79d81c7?utm_source=meine-ausbildung-in-deutschland,portal,,,INWX GmbH & Co. KG | Ausbildung Fachinformatiker:in für Anwendungsentwicklung (m/w/d) | Berlin,ya,belum,rendah,Ausbildung Fachinformatiker:in für Anwendungsentwicklung (m/w/d),,2026-06-11T11:37:05.080008+00:00
MAD-2368811515,meine_ausbildung_ae,liquid pixels GmbH,Berlin,,Ausbildungsplatz: Fachinformatiker für Systemintegration / Anwendungsentwicklung (w / m / d),ae,,,,40,company,,https://www.liquidpixels.de/ausbildungsplatz-fachinformatiker-fuer-systemintegration-w-m-d/?utm_source=meine-ausbildung-in-deutschland,portal,,,liquid pixels GmbH | Ausbildungsplatz: Fachinformatiker für Systemintegration / Anwendungsentwicklung (w / m / d) | Berlin,ya,belum,rendah,Ausbildungsplatz: Fachinformatiker für Systemintegration / Anwendungsentwicklung (w / m / d),,2026-06-11T12:03:28.696483+00:00
MAD-2417923691,meine_ausbildung_ae,Neffe Consulting GmbH & Co. KG,Berlin,,Ausbildung zum Fachinformatiker Anwendungsentwicklung (w/m),ae,,,,40,company,,https://www.neffe-consulting.de/career/ausbildung-zum-fachinformatiker-w-m/?utm_source=meine-ausbildung-in-deutschland,portal,,,Neffe Consulting GmbH & Co. KG | Ausbildung zum Fachinformatiker Anwendungsentwicklung (w/m) | Berlin,ya,belum,rendah,Ausbildung zum Fachinformatiker Anwendungsentwicklung (w/m),,2026-06-11T11:52:37.730895+00:00
MAD-2361494773,meine_ausbildung_ae,NEXUS AG,Berlin,,Ausbildung zum Fachinformatiker für Anwendungsentwicklung (m/w/d),ae,,,,40,company,,https://careers.nexus-ag.de/job/Berlin-Ausbildung-zum-Fachinformatiker-%28mwd%29-f%C3%BCr-Anwendungsentwicklung-Berlin/850285401/?utm_source=meine-ausbildung-in-deutschland,portal,,,NEXUS AG | Ausbildung zum Fachinformatiker für Anwendungsentwicklung (m/w/d) | Berlin,ya,belum,rendah,Ausbildung zum Fachinformatiker für Anwendungsentwicklung (m/w/d),,2026-06-11T12:05:02.352229+00:00
13151-1581277-1-S,fachinformatiker_dpa,Mercedes-Benz Group AG,Berlin,12277 Berlin,Ausbildung | Fachinformatiker/in - Daten- und Prozessanalyse,dpa,2027,9,Vergütung von 1.272 Eur,100,company,info.ausbildung@mercedes-benz.com,https://www.arbeitsagentur.de/jobsuche/jobdetail/13151-1581277-1-S,email,Kontakt,https://www.arbeitsagentur.de/jobsuche/jobdetail/13151-1581277-1-S,Mercedes-Benz Group AG | Ausbildung | Fachinformatiker/in - Daten- und Prozessanalyse | Berlin,tidak,belum,tinggi,"Ausbildung zum Fachinformatiker Fachrichtung Daten- und Prozessanalyse (w/m/d), Gesellschaft XXX, Standort XXX, Ausbildungsbeginn XXX

Tätigkeitsbereich: Personal
Fachabteilung: Fachinformatik
Gesellschaft: Mercedes-Benz AG
Standort: Berlin
Startdatum: 01.09.2027
Veröffentlichungsdatum: 01.09.2027
Stellennummer: MER00042MO
Arbeitszeit: Vollzeit


Aufgaben

Verknüpfe Ideen mit Prozessen

Du bist von unseren Fahrzeugen ebenso begeistert, wie von den Daten und Prozessen? Dann lernst du in dieser Ausbildung viele neue, spannende IT-Challenges kennen.

Deine Aufgaben

- Analysieren von Arbeits- und Geschäftsprozessen
- Analysieren von Datenquellen und Bereitstellen von Daten
- Nutzen der Daten zur Optimierung von Produktions-, Arbeits- und Geschäftsprozessen sowie zur Anpassung digitaler Produktions- und Geschäftsmodelle
- Umsetzen der Datenschutz- sowie der Datensicherheitsvorschriften


Qualifikationen

- Gute Computerkenntnisse
- Solide Kenntnisse in Mathematik
- Gute deutsche und englische Sprachkenntnisse
- Kaufmännisches Grundverständnis
- Verantwortungsbewusstsein und Sorgfältigkeit


Zusätzliche Informationen:

Für deine Bewerbung solltest du mindestens einen guten MSA Abschluss mitbringen. Wenn du bei uns durchstartest, erwartet dich eine attraktive Vergütung von 1.272 Euro im ersten Ausbildungsjahr bis zu 1.402 Euro im letzten Jahr (je nach Standort). Schließt du deine Ausbildung erfolgreich ab, hast du bei uns beste Übernahmechancen.

Wir freuen uns insbesondere über Bewerbungen von Menschen mit Behinderung. Unter sbv--berlin-marienfelde@mercedes-benz.com kannst du dich zudem an die Schwerbehindertenvertretung des Standorts wenden, die dich gerne im weiteren Bewerbungsprozess unterstützt.


#Fachinformatiker


Benefits


- Barriere­frei­heit
- Kantine, Café
- Kinder­betreuung
- Coaching
- Betriebs­arzt
- Mobilitäts­angebote
- Mit­arbeiter Events
- Mit­arbeiter­rabatte möglich
- Mit­arbeiter­beteili­gung möglich
- Mit­arbeiter­handy möglich
- Essens­zulagen
- Gesund­heits­maß­nahmen
- Hybrides Arbeiten möglich
- Betrieb­liche Alters­ver­sorgung
- Park­platz
- Gute An­bindung
- Flexible Arbeits­zeit möglich


Kontakt

Petra Gross
Email: info.ausbildung@mercedes-benz.com
Daimlerstr. 143
12277 Berlin","Qualifikationen
- Gute Computerkenntnisse
- Solide Kenntnisse in Mathematik
- Gute deutsche und englische Sprachkenntnisse
- Kaufmännisches Grundverständnis
- Verantwortungsbewusstsein und Sorgfältigkeit
Hauptschulabschluss",2026-06-11T08:16:16.470460+00:00
STEP-14091091,stepstone_de_dpa,Mercedes-Benz AG,Berlin,Daimlerstr. 143 12277 Berlin,"Ausbildung | zum Fachinformatiker Fachrichtung Daten- und Prozessanalyse (w/m/d), Mercedes-Benz AG, Werk Berlin, Ausbildungsbeginn 01.09.2027",dpa,2027,9,,67,empty,sbv-berlin-marienfelde@mercedes-benz.com,mailto:sbv-berlin-marienfelde@mercedes-benz.com,email,"Kontakt
Petra Gross
Email: info.ausbildung@mercedes-benz.com
Mercedes-Benz Plant Berlin, Berlin
Daimlerstr. 143
12277 Berlin",,"Mercedes-Benz AG | Ausbildung | zum Fachinformatiker Fachrichtung Daten- und Prozessanalyse (w/m/d), Mercedes-Benz AG, Werk Berlin, Ausbildungsbeginn 01.09.2027 | Berlin",tidak,belum,tinggi,"Ausbildung zum Fachinformatiker Fachrichtung Daten- und Prozessanalyse (w/m/d), Mercedes-Benz AG, Werk Berlin, Ausbildungsbeginn 01.09.2027

Bewerben Sie sich bei Mercedes-Benz und finden Sie den Aufgabenbereich, in dem Sie Ihre Talente individuell entfalten können. Dabei werden Sie von visionären Kolleginnen und Kollegen unterstützt, die Ihren Pioniergeist teilen. Bei uns einzusteigen bedeutet, Teil eines globalen Teams zu werden, dessen Ziel es ist, die begehrenswertesten Automobile der Welt zu bauen. Together for excellence.
Stellennummer: MER00042MO
Aufgaben
Verknüpfe Ideen mit Prozessen
Du bist von unseren Fahrzeugen ebenso begeistert, wie von den Daten und Prozessen? Dann lernst du in dieser Ausbildung viele neue, spannende IT-Challenges kennen.
Deine Aufgaben
Analysieren von Arbeits- und Geschäftsprozessen
Analysieren von Datenquellen und Bereitstellen von Daten
Nutzen der Daten zur Optimierung von Produktions-, Arbeits- und Geschäftsprozessen sowie zur Anpassung digitaler Produktions- und Geschäftsmodelle
Umsetzen der Datenschutz- sowie der Datensicherheitsvorschriften
Qualifikationen
Gute Computerkenntnisse
Solide Kenntnisse in Mathematik
Gute deutsche und englische Sprachkenntnisse
Kaufmännisches Grundverständnis
Verantwortungsbewusstsein und Sorgfältigkeit
Zusätzliche Informationen:
Für deine Bewerbung solltest du mindestens einen guten MSA Abschluss mitbringen. Wenn du bei uns durchstartest, erwartet dich eine attraktive Vergütung von 1.272 Euro im ersten Ausbildungsjahr bis zu 1.402 Euro im letzten Jahr (je nach Standort). Schließt du deine Ausbildung erfolgreich ab, hast du bei uns beste Übernahmechancen.
Wir freuen uns insbesondere über Bewerbungen von Menschen mit Behinderung. Unter sbv-berlin-marienfelde@mercedes-benz.com kannst du dich zudem an die Schwerbehindertenvertretung des Standorts wenden, die dich gerne im weiteren Bewerbungsprozess unterstützt.
#Fachinformatiker

Benefits
Essens­zulagen
Mit­arbeiter­handy möglich
Mit­arbeiter­rabatte möglich
Mit­arbeiter­beteili­gung möglich
Mit­arbeiter Events
Coaching
Flexible Arbeits­zeit möglich
Hybrides Arbeiten möglich
Gesund­heits­maß­nahmen
Betrieb­liche Alters­ver­sorgung
Mobilitäts­angebote
Kinder­betreuung
Park­platz
Kantine, Café
Gute An­bindung
Betriebs­arzt
Barriere­frei­heit",,2026-06-12T21:27:01.438739+00:00
ASD-998030002643181633,ausbildungsstellen_si,Azubiyo,Berlin,Mariendorfer Damm 1 12099 Berlin Berlin,Ausbildung | Fachinformatiker/in Systemintegration w/m/d - 2026,si,,,"1.096 €, 1.169 €, 1.278 €",87,company,asmahan.abdellaoui@computacenter.com,https://www.azubiyo.de/bewerbung/,email,,,Azubiyo | Ausbildung | Fachinformatiker/in Systemintegration w/m/d - 2026 | Berlin,tidak,belum,tinggi,"Fachinformatiker/in Systemintegration w/m/d - Ausbildung 2026

Deine Aufgaben:
- Planung und Umsetzung komplexer IT-System-Lösungen und deren Dokumentation
- Beheben von Fehlern durch den Einsatz von Experten- und Diagnosesystemen
- Analyse und Entwicklung von Netzwerken unter Beachtung von IT-Sicherheitsaspekten
- Automatisierung der Systemverwaltung mit unterschiedlichen Skriptsprachen
- Fachliche Beratung, Betreuung und Schulung von Kunden und Nutzern

Dein Profil:
- Mittlere Reife, Abitur oder einen gleichwertigen Abschluss
- Mathematisch-technisches Verständnis
- Spaß an der Arbeit im Team, aber auch an selbstständigem Problemlösen
- Reisebereitschaft für den Einsatz bei unseren Kunden vor Ort
- Im Idealfall sogar schon erste praktische Erfahrungen, z.B. im Rahmen eines Schülerpraktikums

Wir bieten:
- Eigenes, aktuelles Notebook
- Regelmäßige Trainings, sowohl fachspezifisch als auch berufsübergreifend
- Sehr gute Übernahmechancen – durchschnittliche Übernahmequote: 84%
- Prämien bei guten und sehr guten IHK-Abschlüssen
Außerdem bieten wir Dir die Möglichkeit Deine Ausbildung von vorne herein auf zwei Jahre zu verkürzen. Dies ist möglich, wenn Du bereits Vorbildung beispielsweise in Form von einem Abitur, einem abgebrochenen Studium oder einer vorangegangenen Ausbildung hast. Solltest Du Interesse an einer verkürzten Ausbildung haben und die entsprechenden Rahmenbedingungen erfüllen, setze bitte bei Deiner Bewerbung das Häkchen bei der entsprechenden Stelle und gib an, um welche Art der Vorbildung es sich handelt, damit wir Dein Anliegen prüfen können.
Ausbildung bei Computacenter:
Mach IT auch zu Deiner Zukunft und starte Deine Ausbildung bei uns – Europas führendem herstellerübergreifenden IT-Dienstleister. Hier arbeiten rund 20.000 Menschen weltweit an großen Projekten für internationale Kunden. Dazu zählen unter anderem die Mehrheit der DAX-40-Unternehmen, aber auch öffentliche Auftraggeber auf Länder- und Bundesebene.
Weitere Informationen zur Ausbildung bei Computacenter findest Du hier.
Deine Bewerbung:
Wir freuen uns auf Deine Online-Bewerbung, unabhängig von Geschlecht, Alter, sexueller Orientierung, Nationalität, ethnischer und sozialer Herkunft sowie Religion. Bewerbungen von schwerbehinderten Menschen sind bei Computacenter willkommen und werden bei gleicher Eignung bevorzugt berücksichtigt.","Dein Profil:
- Mittlere Reife, Abitur oder einen gleichwertigen Abschluss
- Mathematisch-technisches Verständnis
- Spaß an der Arbeit im Team, aber auch an selbstständigem Problemlösen
- Reisebereitschaft für den Einsatz bei unseren Kunden vor Ort
- Im Idealfall sogar schon erste praktische Erfahrungen, z.B. im Rahmen eines Schülerpraktikums",2026-06-13T12:55:15.671650+00:00
ASD-998030004260086463,ausbildungsstellen_si,Azubiyo,Berlin,Finckensteinallee 123 12205 Berlin Berlin,Ausbildung zum Fachinformatiker/in für Systemintegration (m/w/d),si,2026,8,"1.250 €, 1.300 €, 1.400 €",87,company,karriere@jcc.johanniter.de,https://www.azubiyo.de/bewerbung/,email,,,Azubiyo | Ausbildung zum Fachinformatiker/in für Systemintegration (m/w/d) | Berlin,tidak,belum,tinggi,"Ausbildung zum Fachinformatiker/in für Systemintegration (m/w/d)

Das erwartet Dich:
- Eine fundierte und praxisnahe Ausbildung mit eigenverantwortlichen Aufgaben und Projekten, bei denen Du das Erlernte sofort anwenden und ausprobieren kannst
- Ein engagiertes Team, das Dir mit seinem Fachwissen bzw. langjähriger Erfahrung sowie Rat und Tat zur Seite steht
- Ein fairer und partnerschaftlicher Umgang, der von Respekt geprägt ist
- Ein moderner Arbeitsplatz mit zeitgemäßem technischen Equipment
- Betriebliche Altersvorsorge
- Eine BVG Azubi-Monatskarte

- Diverse Vergünstigungen bei namhaften Anbietern Das bringst Du mit:
- Abitur oder Fachhochschulreife
- Gute Noten in den Fächern Deutsch und Mathematik
- Erste Erfahrung im Umgang mit Computern und Software
- Technisches und kaufmännisches Interesse
- Analytisches und konzeptionelles Denken
- Eine sehr gute Auffassungsgabe, Verantwortungsbewusstsein, Kommunikations- und TeamfähigkeitDas zeichnet die Ausbildung bei uns aus:
Als Auszubildender im Bereich Fachinformatik für Systemintegration hast Du bei uns die Möglichkeit Dich in verschiedenen Kompetenzteams einzubringen und Deine eigenen Erfahrungen zu sammeln. Uns ist es wichtig, dass Du im ersten Ausbildungsjahr einen Gesamtüberblick der von uns abgedeckten IT-Dienstleistungen erlangst, den Du dann in den folgenden Jahren – möglichst unter Berücksichtigung Deiner persönlichen Präferenzen in Verbindung mit den betrieblichen Belangen/ Projekten – vertiefen kannst.
In der JoHS GmbH sind mehrere Ausbilder beschäftigt. Im Geschäftsbereich IT, genauer gesagt im technischen Management, haben die meisten Kollegen eine Ausbildung im IT Bereich oder ein Informatik- bzw. Wirtschaftsinformatikstudium absolviert. Die Kollegen arbeiten in einzelnen Kompetenzteams, die in jeweils einem bestimmten Themengebiet (bspw. der Virtualisierung von Servern oder Arbeitsplätzen) Ihre Spezialisierung aufweisen.
Bei uns kannst Du schnell Verantwortung übernehmen und profitierst so von langfristigen Perspektiven für die eigene Zukunft. Nutze die Chance und gestalte den Raum für Deine persönliche Entwicklung!

Wir bieten motivierten jungen Menschen zum 01.08.2026 (oder 01.09.2026) eine interessante und vielseitige Ausbildung zum
Fachinformatiker (m/w/d) für Systemintegration
in einem innovativem Unternehmen mit dem solidem Hintergrund der Johanniter am Standort Berlin.","- Diverse Vergünstigungen bei namhaften Anbietern Das bringst Du mit:
- Abitur oder Fachhochschulreife
- Gute Noten in den Fächern Deutsch und Mathematik
- Erste Erfahrung im Umgang mit Computern und Software
- Technisches und kaufmännisches Interesse
- Analytisches und konzeptionelles Denken
- Eine sehr gute Auffassungsgabe, Verantwortungsbewusstsein, Kommunikations- und TeamfähigkeitDas zeichnet die Ausbildung bei uns aus:
Als Auszubildender im Bereich Fachinformatik für Systemintegration hast Du bei uns die Möglichkeit Dich in verschiedenen Kompetenzteams einzubringen und Deine eigenen Erfahrungen zu sammeln. Uns ist es wichtig, dass Du im ersten Ausbildungsjahr einen Gesamtüberblick der von uns abgedeckten IT-Dienstleistungen erlangst, den Du dann in den folgenden Jahren – möglichst unter Berücksichtigung Deiner persönlichen Präferenzen in Verbindung mit den betrieblichen Belangen/ Projekten – vertiefen kannst.
In der JoHS GmbH sind mehrere Ausbilder beschäftigt. Im Geschäftsbereich IT, genauer gesagt im technischen Management, haben die meisten Kollegen eine Ausbildung im IT Bereich oder ein Informatik- bzw. Wirtschaftsinformatikstudium absolviert. Die Kollegen arbeiten in einzelnen Kompetenzteams, die in jeweils einem bestimmten Themengebiet (bspw. der Virtualisierung von Servern oder Arbeitsplätzen) Ihre Spezialisierung aufweisen.
Bei uns kannst Du schnell Verantwortung übernehmen und profitierst so von langfristigen Perspektiven für die eigene Zukunft. Nutze die Chance und gestalte den Raum für Deine persönliche Entwicklung!",2026-06-13T13:01:51.274367+00:00
14395-k24626.339-S,fachinformatiker_ae_2026,Handwerkskammer Berlin,Berlin,"Blücherstr. 68, 10961 Berlin",Ausbildung | Fachinformatiker/in - Systemintegration,si,2026,9,"50,00 € pro Monat",87,company,,https://www.arbeitsagentur.de/jobsuche/jobdetail/14395-k24626.339-S,ba_portal,,https://www.arbeitsagentur.de/jobsuche/jobdetail/14395-k24626.339-S,Handwerkskammer Berlin | Ausbildung | Fachinformatiker/in - Systemintegration | Berlin,ya,belum,rendah,"# Auszubildende\*r Fachinformatiker\*in (m/w/d) für Systemintegration in Berlin 

Hinter starken Strukturen steht ein starkes Team. Werden Sie Teil unserer internen IT bei der Handwerkskammer Berlin! Mit einer fundierten Ausbildung bei uns legen Sie den perfekten Grundstein für eine spannende berufliche Zukunft.

Wir suchen zum 01.09.2026 wieder eine\*n Auszubildende\*n für den Beruf

Fachinformatiker\*in (m/w/d) für Systemintegration

(Stellenausschreibungsnummer: 2026-21)

Als Handwerkskammer Berlin sind wir Dienstleisterin für unsere Mitgliedsunternehmen, Selbstverwaltungseinrichtung und Interessenvertreterin gegenüber Politik und Gesellschaft. Unser Leistungsportfolio umfasst die Betreuung und Unterstützung von über 30.000 Handwerksbetrieben im Land Berlin. In der Summe bieten unsere Mitgliedsunternehmen 180.000 Erwerbstätigen einen Arbeitsplatz und rund 8.500 Auszubildenden eine berufliche Perspektive. Nähere Informationen hierzu: www.hwk-berlin.de

Darauf dürfen Sie sich freuen:

- Planung und Umsetzung von Projekten zur Konzeption und Installation
- Erweiterung und Betreuung von Rechnersystemen oder Netzwerken
- Vorstellen von Lösungen sowie Einweisung der Nutzer\*innen und vieles mehr
- Fehleranalyse sowie Behebung von technischen Störungen
- Fachlicher Support und Betreuung der Mitarbeiter\*innen
- Mobile Device Management
- Durchführen und Überwachen von Backupstrategien

Das bringen Sie mit:

- Sie haben einen mittleren Bildungsabschluss, gerne auch die allgemeine - oder fachgebundene Hochschulreife
- Sie zeigen großes Interesse an der IT, insbesondere an Computern und moderner IT-Infrastruktur
- Sie können technisches Verständnis und handwerkliche Fähigkeiten vorweisen
- Sie haben eine gute Auffassungsgabe, Aufgeschlossenheit und Neugierde
- Sie besitzen Teamgeist, Zuverlässigkeit, Flexibilität und Verantwortungsbewusstsein
- Sie können gute Deutsch- und Englischkenntnisse in Wort und Schrift vorweisen

Das bieten wir – Ein Arbeitsplatz mit Perspektive:

- Eine intensive Betreuung und gute Vorbereitung auf die Abschlussprüfung
- Eine attraktive Ausbildungsvergütung, angelehnt an den TVA-L BBiG, plus einen festen monatlichen Zuschlag von 100,00 € für die gesamte Ausbildungszeit.

Die monatliche Bruttovergütung im Überblick:

Ausbildungsjahr Grundvergütung \* Fester Zuschlag Gesamtbruttovergütung pro Monat

1\. Jahr 1.296,82 € 100,00 € 1.396,82 €

2\. Jahr 1.350,96 € 100,00 € 1.450,96 €

3\. Jahr 1.400,61 € 100,00 € 1.500,61 €

(\* Tarifliche Anpassungen vorbehalten)

Außerdem haben wir noch weitere Zusatzleistungen:

- Hauptstadtzulage in Höhe von 50,00 € pro Monat (beinhaltet Azubiticket)
- Jahressonderzahlung in Höhe von 95 v. H. Ihres monatlichen Ausbildungsentgelts, das Ihnen im November zusteht
- Finanzielle Unterstützung der gesundheitlichen Prävention (machtfit und wellhub)
- Anspruch auf 30 Tage Urlaub
- Betriebliche Altersvorsorge (VBL)
- Zuschuss zu vermögenswirksamen Leistungen in Höhe von 13,29 € pro Monat (Tarifgebiet West)

Unser Highlight:

Sammeln Sie internationale Erfahrungen! Bei uns haben Sie die Möglichkeit, ein mehrwöchiges Auslandspraktikum in einem Betrieb zu absolvieren. Wir unterstützen Sie dabei sowohl organisatorisch als auch finanziell, indem wir die Kosten für Ihr Flugticket übernehmen. Zudem lassen sich weitere Kosten unkompliziert über das EU-Programm Erasmus+ finanzieren.

Gleichstellung und Inklusion:

Chancengleichheit: Die Bewerbung von Frauen ist ausdrücklich erwünscht.

Inklusion: Schwerbehinderte werden bei gleicher Eignung bevorzugt berücksichtigt.

Haben Sie Interesse? Dann werden Sie jetzt Teil unseres Teams und lernen unsere verschiedenen, abwechslungsreichen Bereiche und praxisorientierte Ausbildung kennen.

Wir freuen uns auf Ihre Bewerbung (Anschreiben, Lebenslauf und alle relevanten Zeugnisse, ggfs. auch Praktikumszeugnisse) unter Angabe der Ausschreibungs-Nr.: 2026-21.

Bitte bewerben Sie sich bis zum 17.06.2026 über den unten angezeigten Button „Jetzt online bewerben“.

Ist aktuell nicht die passende Position für Sie dabei? Entdecken Sie hier weitere Karrieremöglichkeiten:[ www.hwk-berlin.de/karriere](https://www.hwk-berlin.de/artikel/stellenausschreibungen-91,348,153.html)",Mittlere Reife / Realschulabschluss,2026-06-11T08:15:04.787936+00:00
AZDE-10527947,azubi_de_fi,Bundeskriminalamt,Berlin,"Am Treptower Park 5-8, 12435 Berlin",Ausbildung | Auszubildende Fachinformatikerin/Fachinformatiker für Systemintegration in Berlin (w/m/d),si,2026,8,"1.368,26 € Brutto im 1. Ausbildungsjahr
Bewerbungsfrist: Jederzeit
Arbeitsbeginn: 01.08.2026
Joblevel: Einsteigerin / Einsteiger",80,empty,bewerbung@bka.bund.de,https://www.azubi.de/ausbildungsplatz/10527947-s-auszubildende-fachinformatikerin-fachinformatiker-fuer-systemintegration-in-berlin-w-m-d/apply,email,"Kontakt
ZV 23 – Nachwuchsgewinnung Frau Andrea Streck
Telefon: +49 (0) 611 5516277
E-Mail: bewerbung@bka.bund.de
Aufgaben",,Bundeskriminalamt | Ausbildung | Auszubildende Fachinformatikerin/Fachinformatiker für Systemintegration in Berlin (w/m/d) | Berlin,tidak,belum,tinggi,"Auszubildende Fachinformatikerin/Fachinformatiker für Systemintegration in Berlin (w/m/d)

Deine Aufgaben
- Installation, Inbetriebnahme und Konfiguration von Systemkomponenten
- Administrative Änderungen in Soft- und Hardwarekomponenten und Durchführung von Back-ups
- Systeme beobachten und Maßnahmen zur Fehlerbeseitigung einleiten
- Auswertung von Protokolldateien
- Erstellung/Anpassung von Dokumentationen
Unsere Erwartungen (zwingend erforderlich)
- Mindestens mittlerer Schulabschluss (Mittlere Reife, Fachoberschulreife) oder einen gleichwertig anerkannten Schulabschluss bis zum Einstellungstermin.

Einleitung
Fachinformatikerin/Fachinformatiker (w/m/d) für Systemintegration im BKA Berlin
Arbeitsort: Berlin
Arbeitsumfang: Vollzeit/Teilzeit regulär 3 Jahre

Vergütung: 1.368,26 € Brutto im 1. Ausbildungsjahr
Bewerbungsfrist: Jederzeit
Arbeitsbeginn: 01.08.2026
Joblevel: Einsteigerin / Einsteiger
Berufsgruppe: Ausbildung und Studium
Berufsgruppe: IT und Technik
Kennziffer: A-2025-6
Informationstechnik ist heute mehr denn je eine unverzichtbare Grundlage einer erfolgreichen Polizeiarbeit, ihr Stellenwert wird auch in Zukunft weiter steigen. Unterstütze als Auszubildende Fachinformatikerin/Fachinformatiker für Systemintegration in unterschiedlichen IT-gestützten Einsatzbereichen des Bundeskriminalamtes unter Einsatz modernster Technologien bei kriminalpolizeilichen Zentralstellenaufgaben im nationalen und internationalen Kontext.
Es stehen mehrere Ausbildungsplätze zur Verfügung. Mach auch Du das Richtige und bewirb Dich jetzt!
Das bieten wir – Benefits für Mitarbeitende
- Ein gutes Gefühl: sinnstiftender Job in einer oberen Bundesbehörde mit spannenden, vielseitigen und herausfordernden Aufgaben
- Work-Life-Balance: 30 Tage Urlaub, Überstundenausgleich, 24. und 31.12. arbeitsfrei, flexible Arbeitszeitgestaltung, die Möglichkeit zur Teilzeit im Rahmen der praktischen Ausbildungsphasen und die Möglichkeit zum mobilen Arbeiten
- Teamkultur: Offene Kommunikation, Arbeiten in interdisziplinären Teams, in denen Zusammenarbeit, Kreativität und gegenseitige Unterstützung im Fokus stehen
- Vergütung: Eine attraktive Ausbildungsvergütung nach dem TVAöD (Tarifvertrag für Auszubildende des öffentlichen Dienstes), derzeit 1.368,26 € Brutto im ersten Ausbildungsjahr
- Eine Abschlussprämie in Höhe von 400 € bei erfolgreichem Bestehen der Abschlussprüfung (gemäß TVAöD Besonderer Teil BBiG)
- Jobticket und kostenfreie Parkplätze während der Arbeitszeit
- Deine Übernahme wird nach erfolgreich abgeschlossener Ausbildung unter der Maßgabe fachlicher und persönlicher Eignung in Entgeltgruppe 9b TVEntgO Bund angestrebt
Bewerbung und Auswahlverfahren
Wir suchen Dich bis die zur Verfügung stehenden Ausbildungsplätze besetzt sind. Deine Chance auf eine erfolgreiche Bewerbung ist am größten, wenn Du Deine Bewerbung so früh wie möglich online erfasst. Bewerbungen werden nach Eingangsdatum gesichtet und ausgewertet. Das Stellenangebot ist beendet, sobald die zur Verfügung stehenden Ausbildungsplätze besetzt sind.
Wir freuen uns auf Dein Online-Bewerbung
unter https://bewerbung.bka.de/job-offer/view/874 (Kennziffer A-2025-6).
Sollten Du wegen einer Schwerbehinderung diese Möglichkeit nicht nutzen können, sende uns Deine Bewerbung einfach an:
Bundeskriminalamt
ZV 23 - Azubigewinnung Postfach 44 06 60
65173 Wiesbaden
Das Auswahlverfahren besteht aus einem computergestützten Psychodiagnostischen Test sowie einem strukturierten Interview.","Einleitung
Fachinformatikerin/Fachinformatiker (w/m/d) für Systemintegration im BKA Berlin
Arbeitsort: Berlin
Arbeitsumfang: Vollzeit/Teilzeit regulär 3 Jahre",2026-06-13T10:34:18.562534+00:00
12444-1440493-2-S,fachinformatiker_ae_2026,Deutsche Telekom AG,Berlin,10781 Berlin,Ausbildung | Fachinformatiker/in - Systemintegration,si,2026,9,"1. Jahr 1.287,90 €",80,company,,https://www.arbeitsagentur.de/jobsuche/jobdetail/12444-1440493-2-S,ba_portal,,https://www.arbeitsagentur.de/jobsuche/jobdetail/12444-1440493-2-S,Deutsche Telekom AG | Ausbildung | Fachinformatiker/in - Systemintegration | Berlin,ya,belum,rendah,"Stellen-ID: 289408_TA

Einstiegsart: Ausbildung
Ausbildungsbeginn: 01.09.2026
Dauer: 3 Jahre
Vergütung: 1.287 bis 1.393 Euro
Standort: Berlin

Aufgabe

In unserer Ausbildung zum Fachinformatiker bzw. zur Fachinformatikerin der Fachrichtung Systemintegration wirst du im Umfeld eines modernes Technologiekonzerns zu einem technischen Profi, der dafür sorgt, dass Hard- und Software reibungslos funktionieren. Dabei planst und richtest du komplexe IT-Systeme ein und weißt, wie man sie am Laufen hält.

Diese Ausbildungsinhalte erwarten dich u.a.:
- Konzipieren, Realisieren, Betreiben und Administrieren von IT-Systemen, Netzwerk- und Speicherlösungen
- Konfigurieren, Administrieren und Überwachen von Hard- und Softwarekomponenten, für eine fehlerfreie und sichere Funktion sowie Datenübertragung
- Programmieren von Anweisungen oder Codes, die von einem Computer oder einer Software ausgeführt werden können
- Durchführen von Schulungen und oder auch Kundenberatung, etwa zu Fragen um den möglichen Einsatz von Hard- und Software.

Detailliertere Informationen über die gesamten Ausbildungsinhalte findest du hier [https://www.bibb.de/dienst/berufesuche/de/index_berufesuche.php/profile/apprenticeship/olkiu98].

Mögliche Einsatzbereiche während der Ausbildung können z.B. bei der Telekom IT oder T-Systems sein, wo du beispielsweise IT-Systeme und Endgeräte unserer Kund*innen aber auch unsere eigenen Netze konfigurierst.
Wenn du jetzt wissen willst, wie wir eine digitale Zukunft gestalten und woran wir arbeiten, dann schaue hier [https://www.telekom.com/de/karriere/woran-wir-arbeiten] in die Business Bereiche der Deutschen Telekom!

Nach dem Abschluss? Dir stehen viele Türen offen! Ob im Support Engineering oder Operations Support – bei uns hast du beste Chancen, deine Karriere in spannenden Bereichen zu starten. Und das ist erst der Anfang! Mit unseren vielfältigen Weiterbildungsmöglichkeiten wächst du stetig weiter. Mit unserem Programm Bologna@Telekom bieten wir dir die Möglichkeit, nach deinem Abschluss bei der Telekom berufsbegleitend zu studieren. Dazu arbeiten wir mit ausgewählten Hochschulen zusammen, die dir eine Vielzahl an Studiengängen anbieten.


Profil

Bei uns stehst du im Mittelpunkt! Wir gestalten gemeinsam deinen Karriereweg und arbeiten an Projekten, die echten Mehrwert für dich und die Gesellschaft bieten.

Um bei uns richtig durchzustarten, bringst du Folgendes mit:

- Haupt-/Realschulabschluss, Abitur oder einen vergleichbaren Schulabschluss
- Interesse an der Telekommunikationsbranche
- Die Arbeit im Team gefällt dir, du gehst aktiv auf andere Menschen zu und bietest deine Unterstützung an
- Technische Neuheiten & digitale Medien begeistern dich, du bist am Puls der Zeit und teilst gerne dein Wissen
- Begeisterung für Computertechnik, Programmieren und mathematisch-technische Aufgaben
- Englischkenntnisse
- Du hast Spaß am Lernen und hast das Ziel stets fest im Blick


Das bieten wir
Attraktive Vergütung
1. Jahr 1.287,90 €
2. Jahr 1.340,90 €
3. Jahr 1.393,90 €

Urlaubsgeld in Höhe von 255 € sowie ggf. Beteiligung an den Fahrkosten zwischen Wohnung und Ausbildungsstätte.

Mietkostenzuschuss: Wenn du wegen deiner Ausbildung umziehen musst, erhältst du ggf. eine monatliche Unterhaltsbeihilfe von bis zu 300 €.

Finanzielle Vorsorge: Bei uns bist du durch du eine betriebliche Altersvorsorge und vermögenswirksame Leistungen schon jetzt für später vorbereitet.

Work-Life-Balance: 30 Tage Urlaub im Jahr und Gesundheitsangebote, die dich fit halten.

Flexibilität: Flexible Arbeitszeiten sowie die Möglichkeit mobil zu arbeiten – damit du Beruf und Privatleben optimal unter einen Hut bekommst.

Moderne Ausstattung: Laptop und Smartphone sind bei uns selbstverständlich.

Abwechslungsreiche Einführungsphase: In deinen ersten Tagen erwarten dich spannende Themen, du erhältst die ersten Einblicke in die Telekomwelt und lernst deinen Mitauszubildenden kennen.

Mitgestaltung von sozialen und nachhaltigen Projekten: Du hast die Möglichkeit, aktiv an Projekten mitzuwirken, die einen positiven Einfluss auf die Gesellschaft haben und einen bleibenden, persönlichen Fußabdruck hinterlassen.

Persönliche Betreuung: Wir begleiten dich individuell durch deine Ausbildung und bieten maßgeschneiderte Lernangebote sowie moderne Lernplattformen.

Zukunftschancen: Nach erfolgreichem Abschluss hast du gute Chancen auf eine Übernahme. Du willst die Welt entdecken? Ein Auslandsaufenthalt ist ebenfalls möglich!

Exklusive Vergünstigungen: Zugang zu Telekomverträgen für Mitarbeitende und Angebote bei vielen Partnern sowie Kooperationen mit Fitnessstudios.


Bewerben war noch nie so einfach!
Egal ob du noch zur Schule gehst, die Schule bereits absolviert oder dein Studium abgebrochen hast – bei uns bist du willkommen! Wir heißen alle Menschen gleichermaßen willkommen.

Es gibt keine Bewerbungsfristen: Solange du diese Anzeige siehst, sind noch Plätze frei.

Du bist unentschlossen welche Ausbildung am besten zu dir passt? Wir unterstützen dich gerne mit einer individuellen Berufsorientierung und finden zusammen deinen idealen Berufseinstieg. Nähere Informationen findest du auf der Karriereseite im Bereich Best Fit [https://www.telekom.com/de/karriere/schueler/best-fit].","Detailliertere Informationen über die gesamten Ausbildungsinhalte findest du hier [https://www.bibb.de/dienst/berufesuche/de/index_berufesuche.php/profile/apprenticeship/olkiu98].
Mögliche Einsatzbereiche während der Ausbildung können z.B. bei der Telekom IT oder T-Systems sein, wo du beispielsweise IT-Systeme und Endgeräte unserer Kund*innen aber auch unsere eigenen Netze konfigurierst.
Wenn du jetzt wissen willst, wie wir eine digitale Zukunft gestalten und woran wir arbeiten, dann schaue hier [https://www.telekom.com/de/karriere/woran-wir-arbeiten] in die Business Bereiche der Deutschen Telekom!",2026-06-11T08:15:15.602205+00:00
10001-1003079767-S,fachinformatiker_ae_2026,Kassenärztliche Vereinigung Berlin Körperschaft des öffentlichen Rechts,Berlin,"Masurenallee 6a, 14057 Berlin",Ausbildung | Fachinformatiker/in - Systemintegration,si,2026,9,Jahr 1: 1296 EUR/Monat | Jahr 2: 1350 EUR/Monat | Jahr 3: 1400 EUR/Monat,80,ba_portal,,https://www.arbeitsagentur.de/jobsuche/jobdetail/10001-1003079767-S,ba_portal,,https://www.arbeitsagentur.de/jobsuche/jobdetail/10001-1003079767-S,Kassenärztliche Vereinigung Berlin Körperschaft des öffentlichen Rechts | Ausbildung | Fachinformatiker/in - Systemintegration | Berlin,ya,belum,rendah,"# Ausbildung: Fachinformatiker:in für Systemintegration

### 2026\_24

**Ausbildungsbeginn: 01.09.2026**

Du möchtest als Azubi ein wichtiger Teil der Digitalisierung im Gesundheitswesen werden? Als Fachinformatiker:in analysierst, planst und realisierst du Hard- und Softwaresysteme. Du stehst zukünftig zudem für die fachliche Beratung, Betreuung und Schulung deiner Kolleg:innen mit zur Verfügung. Dabei lernst du gerne Neues, bist technisch interessiert und informierst dich über die aktuellen IT-Trends. Du magst es, mit Menschen für Menschen zu arbeiten, Engagement zeichnet dich aus und eine wertschätzende Zusammenarbeit mit dem Team ist für dich selbstverständlich? Dann lass uns gemeinsam die medizinische Versorgung Berlins noch besser machen.

## Das erwartet dich

Wir bieten dir eine generalistische IT-Ausbildung, das heißt, du lernst in den vier Berufsbildern viele unterschiedliche IT-Systeme, Programmiersprachen, Betriebssysteme und Softwaretechniken kennen und kannst dadurch gleichzeitig herausfinden was deine fachlichen Stärken und Interessensgebiete sind.

## Dein Profil

- Erweiterter/Mittlerer Schulabschluss, Realschulabschluss, Abitur oder Fachabitur
- Deutschkenntnisse (mindestens C1)
- Gute Englischkenntnisse
- Gutes Mathematik- und Technikverständnis
- Interesse an der Entwicklung von IT-Systemen zur Lösung von Problemen, an Betriebssystemen, Programmierungen und Datensicherheit

## Wir bieten dir

- 30 Tage Urlaub und Jahressonderzahlung
- KV-Card (50 € monatlicher Sachbezug) zum Einkaufen in der Region
- Ausbildungsentgelt: im 1. Jahr 1.296 Euro, im 2. Jahr 1.350 Euro, im 3. Jahr 1.400 Euro (TVA-L BBiG)
- Zahlreiche Angebote zur Gesundheitsförderung, unternehmenseigene Fitnessräume und Kursangebote
- Sehr gute ÖPNV-Verkehrsanbindung, gesicherte Fahrradabstellplätze und kostenlose öffentliche Parkplätze
- Weitere attraktive Benefits und Informationen über die KV Berlin findest du [**hier**](https://www.kvberlin.de/karriere/ ""Link: KV-Karriere-Webseite"")

Die [**Kassenärztliche Vereinigung Berlin**](https://www.kvberlin.de/karriere/ ""Link: KV-Karriere-Webseite"") (Körperschaft des öffentlichen Rechts) steht für Chancengleichheit und fördert die beruﬂiche Gleichstellung der Geschlechter. Ebenso begrüßen wir auch die Bewerbung von Menschen mit Migrationshintergrund. Schwerbehinderte Bewerber:innen werden bei gleicher Eignung bevorzugt berücksichtigt.

Wir freuen uns auf deine vollständige Online-Bewerbung bis zum **12.06.2026** unter der Angabe der Kennziffer **2026\_24**.

Diskretion und die vertrauliche Behandlung deiner Bewerbung sind selbstverständlich. Hinweise zur Verarbeitung deiner Daten findest du in unseren [**Datenschutzhinweisen**](https://www.kvberlin.de/die-kv-berlin/jobs-datenschutzhinweise/ ""Link: Datenschutzhinweise für die Nutzung des Bewerbermanagementsystems der KV Berlin"").","## Dein Profil
- Erweiterter/Mittlerer Schulabschluss, Realschulabschluss, Abitur oder Fachabitur
- Deutschkenntnisse (mindestens C1)
- Gute Englischkenntnisse
- Gutes Mathematik- und Technikverständnis
- Interesse an der Entwicklung von IT-Systemen zur Lösung von Problemen, an Betriebssystemen, Programmierungen und Datensicherheit
Qualifizierender Erweiterter Hauptschulabschluss",2026-06-11T08:15:05.519548+00:00
ASD-998030001268833652,ausbildungsstellen_si,Azubiyo,Berlin,Brandenburgische Stra&#223;e 36 10707 Berlin Berlin,Ausbildung zum Fachinformatiker (m/w/d) für Systemintegration 2026,si,,,"1.353 €, 1.395 €, 1.437 €",73,company,bewerbung@lotto-berlin.de,https://www.azubiyo.de/bewerbung/,email,,,Azubiyo | Ausbildung zum Fachinformatiker (m/w/d) für Systemintegration 2026 | Berlin,tidak,belum,tinggi,"Ausbildung zum Fachinformatiker (m/w/d) für Systemintegration 2026

Von der Ziehung der Lottozahlen bis zum Casual MobileGaming: Lerne die spannende Welt des Glücksspiels hautnah kennen – und überlass deine Karriere nicht dem Zufall! Mit deiner Ausbildung bei uns erwarten dich gleich von Beginn an die besten Chancen: Wir sind stolz auf jeden übernommenen Azubi – und das sind seit 1979 schon einige! Wir stellen dir von Anfang an qualifizierte Ausbilder an die Seite, die dich intensiv auf deine Aufgaben vorbereiten. Dabei verdienst du gutes Geld: Wir garantieren eine überdurchschnittliche Azubi-Vergütung plus viele weitere Extras. Und das alles mit flexiblen Arbeitszeiten und netten Kolleginnen und Kollegen in unserem zentralen Büro am Ku’damm – willkommen im LOTTO-Team!
So knackst du den Jackpot
Nimm dein Glück in die Hand und bewirb dich jetzt! Sende uns deine schriftliche Bewerbung per Post oder E-Mail an: bewerbung@lotto-berlin.de. Wir freuen uns auf dich!

Abitur",Abitur,2026-06-13T12:49:04.157096+00:00
ASD-11277,ausbildungsstellen_si,"Fraunhofer-Institut für Nachrichtentechnik, Heinrich-Hertz-Institut HHI",Berlin,Einsteinufer 37 10587 Berlin Berlin,Ausbildung Fachinformatiker/in Systemintegration - Start 01.09.2026,si,2026,9,"1.350,00 €, 1.450,00 €, 1.550,00 €, 500€",73,empty,pieter.gross@hhi.fraunhofer.de,https://www.ausbildungsstellen.de/ki-bewerbungsgenerator.html,email,"Bewerbungsadresse
Bitte bewirb Dich per Internet
Jetzt Bewerben
Bitte beziehe Dich bei deiner Bewerbung",,"Fraunhofer-Institut für Nachrichtentechnik, Heinrich-Hertz-Institut HHI | Ausbildung Fachinformatiker/in Systemintegration - Start 01.09.2026 | Berlin",tidak,belum,tinggi,"Ausbildung Fachinformatiker/in Systemintegration - Start 01.09.2026

Hier sorgst Du für Veränderung
- Während Deiner 3-jährigen Ausbildung erlernst Du:
Einrichten und Betreuen von IT-Systemen und Netzwerken
- Unterstützen bei Installation und Wartung von Hard- und Software
- Analysieren und Lösen technischer Störungen
- Mitwirken an IT-Projekten
- Dokumentieren von Abläufen und Lösungen

- Die praktische Ausbildung wird durch den theoretischen Unterricht am OSZ IMT ergänztHiermit bringst Du Dich ein
- (Fach-)Abitur mit guten Noten in den Fächern Mathematik, Physik, Deutsch und Englisch
- Eine gute Allgemeinbildung
- Begeisterung für die Informationstechnologie
- Interesse an technischen Zusammenhängen
- Ein ausgeprägtes logisches Denkvermögen
- Planungs- und Organisationstalent
- Kommunikations- und Teamfähigkeit
- Eigenmotivation, Selbstständigkeit, Zuverlässigkeit und Belastbarkeit

- Deutschkenntnisse auf Muttersprachen Niveau sowie gute Englischkenntnisse in Wort und SchriftWas wir für Dich bereithalten
- Du wirst von Beginn an von erfahrenen Ausbilder*innen begleitet
- Dich erwartet ein kollegiales, aufgeschlossenes, dienstleistungsorientiertes Verwaltungsteam sowie interessante und abwechslungsreiche Aufgabengebiete
- Um Dich optimal auf Deine zukünftigen Tätigkeiten vorzubereiten, nimmst Du an Schulungen und Seminaren teil
- Attraktives Gehalt
- Moderner und exzellent ausgestatteter Arbeitsplatz in zentraler Lage
- Flexible ArbeitszeitenWir wertschätzen und fördern die Vielfalt der Kompetenzen unserer Mitarbeitenden und begrüßen daher alle Bewerbungen – unabhängig von Alter, Geschlecht, Nationalität, ethnischer und sozialer Herkunft, Religion, Weltanschauung, Behinderung sowie sexueller Orientierung und Identität. Schwerbehinderte Menschen werden bei gleicher Eignung bevorzugt eingestellt. Unsere Aufgaben sind vielfältig und anpassbar – für Bewerber*innen mit Behinderung finden wir gemeinsam Lösungen, die ihre Fähigkeiten optimal fördern.
Die wöchentliche Arbeitszeit beträgt 39 Stunden. Die Stelle kann auch in Teilzeit besetzt werden. Anstellung, Vergütung und Sozialleistungen richten sich nach dem Tarifvertrag für Auszubildende des öffentlichen Dienstes (TVAöD).
Mit ihrer Fokussierung auf zukunftsrelevante Schlüsseltechnologien sowie auf die Verwertung der Ergebnisse in Wirtschaft und Industrie spielt die Fraunhofer-Gesellschaft eine zentrale Rolle im Innovationsprozess. Als Wegweiser und Impulsgeber für innovative Entwicklungen und wissenschaftliche Exzellenz wirkt sie mit an der Gestaltung unserer Gesellschaft und unserer Zukunft.
Bereit für Veränderung? Dann bewirb Dich jetzt, und mach einen Unterschied! Nach Eingang Deiner Online-Bewerbung erhältst Du eine automatische Empfangsbestätigung. Dann melden wir uns schnellstmöglich und sagen Dir, wie es weitergeht.
Pieter Groß
pieter.gross@hhi.fraunhofer.de
Fraunhofer-Institut für Nachrichtentechnik, Heinrich-Hertz-Institut HHI
www.hhi.fraunhofer.de
Kennziffer: 82362","- Die praktische Ausbildung wird durch den theoretischen Unterricht am OSZ IMT ergänztHiermit bringst Du Dich ein
- (Fach-)Abitur mit guten Noten in den Fächern Mathematik, Physik, Deutsch und Englisch
- Eine gute Allgemeinbildung
- Begeisterung für die Informationstechnologie
- Interesse an technischen Zusammenhängen
- Ein ausgeprägtes logisches Denkvermögen
- Planungs- und Organisationstalent
- Kommunikations- und Teamfähigkeit
- Eigenmotivation, Selbstständigkeit, Zuverlässigkeit und Belastbarkeit",2026-06-13T12:11:45.647689+00:00
ASD-998030000066775320,ausbildungsstellen_si,Azubiyo,Berlin,Ringbahnstr. 96 12103 Berlin Berlin,Ausbildung | Fachinformatiker/in für Systemintegration,si,,,"1.293,26 €, 1.343,20 €, 1.389,02 €",67,company,,https://www.azubiyo.de/bewerbung/,portal,,,Azubiyo | Ausbildung | Fachinformatiker/in für Systemintegration | Berlin,tidak,belum,sedang,"Fachinformatiker/in für Systemintegration

Mittlere Reife",Mittlere Reife,2026-06-13T12:42:09.756726+00:00
STEP-14029719,stepstone_de_dpa,Kassenärztliche Vereinigung Berlin,Berlin,14057 Berlin,Ausbildung | zum:zur Fachinformatiker:in für Systemintegration,si,2026,6,50 €,67,empty,,https://www.kvberlin.de/fuer-patienten/aerztlicher-bereitschaftsdienst-116117,portal,,,Kassenärztliche Vereinigung Berlin | Ausbildung | zum:zur Fachinformatiker:in für Systemintegration | Berlin,tidak,belum,sedang,"Ausbildung zum:zur Fachinformatiker:in für Systemintegration

Das erwartet dich

Dein Profil
Erweiterter/Mittlerer Schulabschluss, Realschulabschluss, Abitur oder Fachabitur
Deutschkenntnisse (mindestens C1)
Gute Englischkenntnisse
Gutes Mathematik- und Technikverständnis
Interesse an der Entwicklung von IT-Systemen zur Lösung von Problemen, an Betriebssystemen, Programmierungen und Datensicherheit

Wir bieten dir eine generalistische IT-Ausbildung, das heißt, du lernst in den vier Berufsbildern viele unterschiedliche IT-Systeme, Programmiersprachen, Betriebssysteme und Softwaretechniken kennen und kannst dadurch gleichzeitig herausfinden, was deine fachlichen Stärken und Interessensgebiete sind.
Wir bieten dir
30 Tage Urlaub und Jahressonderzahlung
KV-Card (50 € monatlicher Sachbezug) zum Einkaufen in der Region
Ausbildungsentgelt: im 1. Jahr: 1.296 Euro, im 2. Jahr: 1.350 Euro, im 3. Jahr: 1.400 Euro (TVA-L BBiG)
Zahlreiche Angebote zur Gesundheitsförderung und unternehmenseigene Fitnessräume und Kursangebote
Sehr gute ÖPNV-Verkehrsanbindung, gesicherte Fahrradabstellplätze und kostenlose öffentliche Parkplätze
Weitere attraktive Benefits und Informationen über die KV Berlin findest du auf unserer Karriereseite
Die Kassenärztliche Vereinigung Berlin (Körperschaft des öffentlichen Rechts) steht für Chancengleichheit und fördert die beruﬂiche Gleichstellung der Geschlechter. Ebenso begrüßen wir auch die Bewerbung von Menschen mit Migrationshintergrund. Schwerbehinderte Bewerber:innen werden bei gleicher Eignung bevorzugt berücksichtigt.
Haben wir dein Interesse geweckt?
Wir freuen uns auf deine vollständige Online-Bewerbung bis zum 12.06.2026 unter Angabe der Kennziffer 2026_24 .
Diskretion und die vertrauliche Behandlung deiner Bewerbung sind selbstverständlich. Hinweise zur Verarbeitung deiner Daten findest du in unseren Datenschutzhinweisen .","Dein Profil
Erweiterter/Mittlerer Schulabschluss, Realschulabschluss, Abitur oder Fachabitur
Deutschkenntnisse (mindestens C1)
Gute Englischkenntnisse
Gutes Mathematik- und Technikverständnis
Interesse an der Entwicklung von IT-Systemen zur Lösung von Problemen, an Betriebssystemen, Programmierungen und Datensicherheit",2026-06-12T21:41:17.704829+00:00
STEP-14045723,stepstone_de_dpa,"Fraunhofer-Institut für Nachrichtentechnik, Heinrich-Hertz-Institut, HHI",Berlin,10587 Berlin,Ausbildung | Fachinformatiker Systemintegration (all genders) – Start 01.09.2026,si,2026,9,,60,empty,pieter.gross@hhi.fraunhofer.de,https://twitter.com/stepstone_de,email,,,"Fraunhofer-Institut für Nachrichtentechnik, Heinrich-Hertz-Institut, HHI | Ausbildung | Fachinformatiker Systemintegration (all genders) – Start 01.09.2026 | Berlin",tidak,belum,tinggi,"Ausbildung Fachinformatiker Systemintegration (all genders) – Start 01.09.2026

Aufgaben
Während Deiner 3-jährigen Ausbildung erlernst Du:
Einrichten und Betreuen von IT-Systemen und Netzwerken
Unterstützen bei Installation und Wartung von Hard- und Software
Analysieren und Lösen technischer Störungen
Mitwirken an IT-Projekten
Dokumentieren von Abläufen und Lösungen
Die praktische Ausbildung wird durch den theoretischen Unterricht am OSZ IMT ergänzt
Profil
(Fach-)Abitur mit guten Noten in den Fächern Mathematik, Physik, Deutsch und Englisch
Eine gute Allgemeinbildung
Begeisterung für die Informationstechnologie
Interesse an technischen Zusammenhängen
Ein ausgeprägtes logisches Denkvermögen
Planungs- und Organisationstalent
Kommunikations- und Teamfähigkeit
Eigenmotivation, Selbstständigkeit, Zuverlässigkeit und Belastbarkeit
Deutschkenntnisse auf Muttersprachen Niveau sowie gute Englischkenntnisse in Wort und Schrift
Dich erwartet ein kollegiales, aufgeschlossenes, dienstleistungsorientiertes Verwaltungsteam sowie interessante und abwechslungsreiche Aufgabengebiete
Um Dich optimal auf Deine zukünftigen Tätigkeiten vorzubereiten, nimmst Du an Schulungen und Seminaren teil
Attraktives Gehalt
Moderner und exzellent ausgestatteter Arbeitsplatz in zentraler Lage
Flexible Arbeitszeiten
Weitere Informationen
Bereit für Veränderung? Dann bewirb Dich jetzt, und mach einen Unterschied! Nach Eingang Deiner Online-Bewerbung erhältst Du eine automatische Empfangsbestätigung. Dann melden wir uns schnellstmöglich und sagen Dir, wie es weitergeht.
Pieter Groß
pieter.gross@hhi.fraunhofer.de
Fraunhofer-Institut für Nachrichtentechnik, Heinrich-Hertz-Institut HHI
www.hhi.fraunhofer.de
Kennziffer: 82362
Wir wertschätzen und fördern die Vielfalt der Kompetenzen unserer Mitarbeitenden und begrüßen daher alle Bewerbungen – unabhängig von Alter, Geschlecht, Nationalität, ethnischer und sozialer Herkunft, Religion, Weltanschauung, Behinderung sowie sexueller Orientierung und Identität. Schwerbehinderte Menschen werden bei gleicher Eignung bevorzugt eingestellt.
Die wöchentliche Arbeitszeit beträgt 39 Stunden. Anstellung, Vergütung und Sozialleistungen richten sich nach dem Tarifvertrag für Auszubildende des öffentlichen Dienstes (TVAöD).
Mit ihrer Fokussierung auf zukunftsrelevante Schlüsseltechnologien sowie auf die Verwertung der Ergebnisse in Wirtschaft und Industrie spielt die Fraunhofer-Gesellschaft eine zentrale Rolle im Innovationsprozess. Als Wegweiser und Impulsgeber für innovative Entwicklungen und wissenschaftliche Exzellenz wirkt sie mit an der Gestaltung unserer Gesellschaft und unserer Zukunft.

Wir bieten
Du wirst von Beginn an von erfahrenen Ausbilder*innen begleitet",,2026-06-12T21:16:42.938822+00:00
STEP-14007303,stepstone_de_dpa,LohnDialog Abrechnungsgesellschaft mbH,Berlin,Berlin Berlin,Ausbildung | zum Fachinformatiker (m/w/d) Systemintegration | 09/2026,si,,,,60,empty,,https://twitter.com/stepstone_de,portal,"Kontakt
Wir freuen uns auf deine Bewerbung!",,LohnDialog Abrechnungsgesellschaft mbH | Ausbildung | zum Fachinformatiker (m/w/d) Systemintegration | 09/2026 | Berlin,tidak,belum,sedang,"Ausbildung zum Fachinformatiker (m/w/d) Systemintegration | 09/2026

Deine Aufgaben
Du bist für die Planung und die Konfiguration von IT-Systemen verantwortlich. Dazu gehört das Installieren und Einrichten von Hard- und Softwarekomponenten und Betriebssystemen sowie die Verwaltung von Netzwerkkomponenten
Bei auftretenden Störungen stehst du mit modernen Diagnosesystemen zur Stelle und hilfst den Kunden und Kollegen bei Anwendungsproblemen
Beschaffen von Hard- und Software, inkl. Planen und Installieren von neuen Geräten, Wartung und Instandhaltung von Software
Es erwarten dich nicht nur abwechslungsreiche Aufgaben, sondern auch weitere Vorteile, die deine Ausbildung noch attraktiver machen:
Gute Übernahmeperspektive mit einem attraktiven Gehaltsmodell
Modernste technische Ausstattung in großen und hellen Büros
Raum für viel Eigeninitiative und Verantwortung
Vielseitige und abwechslungsreiche Aufgabenbereiche
Ein eingespieltes, fröhliches und freundliches Team, das Wert auf Respekt und Wertschätzung legt
Regelmäßige Teamevents, After-Work-Get-Together - wie Spieleabende (online und offline) und Teamfahrten
Kostenlose Getränke und frisches Obst haben wir natürlich auch

Du berätst und betreust Kunden bei der Auswahl und Implementierung von IT-Produkten, analysierst ihre Anforderungen, erstellst passende Angebote und bist bei Softwareproblemen als erster Ansprechpartner zur Stelle
Du entscheidest, wo du dich spezialisieren möchtest und bekommst spannende Einblicke in verschiedene IT-Projekte
Dein Profil
Abgeschlossenes Abitur, Fachhochschulreife oder mittlerer Schulabschluss mit mindestens der Note 2
Du hast eine Leidenschaft für moderne Technologien und ein gutes Verständnis für technische Zusammenhänge
Erste Kenntnisse über Programmiersprachen ist von Vorteil
Du hast eine schnelle Auffassungsgabe und ein hohes Maß an Lernbereitschaft und Zuverlässigkeit
Deine Deutschkenntnisse sind mindestens „gut“ (B2) in Wort und Schrift

Wir bieten
Bei uns arbeitest du in einem starken Team, das dich fördert und fordert und du hast die Chance, die IT-Welt von morgen aktiv mitzugestalten!","Du berätst und betreust Kunden bei der Auswahl und Implementierung von IT-Produkten, analysierst ihre Anforderungen, erstellst passende Angebote und bist bei Softwareproblemen als erster Ansprechpartner zur Stelle
Du entscheidest, wo du dich spezialisieren möchtest und bekommst spannende Einblicke in verschiedene IT-Projekte
Dein Profil
Abgeschlossenes Abitur, Fachhochschulreife oder mittlerer Schulabschluss mit mindestens der Note 2
Du hast eine Leidenschaft für moderne Technologien und ein gutes Verständnis für technische Zusammenhänge
Erste Kenntnisse über Programmiersprachen ist von Vorteil
Du hast eine schnelle Auffassungsgabe und ein hohes Maß an Lernbereitschaft und Zuverlässigkeit
Deine Deutschkenntnisse sind mindestens „gut“ (B2) in Wort und Schrift",2026-06-12T21:37:54.438911+00:00
AUBI-456758,aubi_plus_fi,,Berlin,14057 Berlin,Ausbildung zum:zur Fachinformatiker:in für Systemintegration (m/w/d),si,2026,6,"50 €, 1.296,00 €, 1.350,00 €, 1.400,00 €",53,empty,,https://www.aubi-plus.de/bewerbung/,portal,Kontakt,,Ausbildung zum:zur Fachinformatiker:in für Systemintegration (m/w/d) | Berlin,tidak,belum,sedang,"Ausbildung zum:zur Fachinformatiker:in für Systemintegration (m/w/d)

Das erwartet dich
Dein Profil
Erweiterter/Mittlerer Schulabschluss, Realschulabschluss, Abitur oder Fachabitur
Deutschkenntnisse (mindestens C1)
Gute Englischkenntnisse
Gutes Mathematik- und Technikverständnis
Interesse an der Entwicklung von IT-Systemen zur Lösung von Problemen, an Betriebssystemen, Programmierungen und Datensicherheit

Wir bieten dir eine generalistische IT-Ausbildung, das heißt, du lernst in den vier Berufsbildern viele unterschiedliche IT-Systeme, Programmiersprachen, Betriebssysteme und Softwaretechniken kennen und kannst dadurch gleichzeitig herausfinden, was deine fachlichen Stärken und Interessensgebiete sind.
Wir bieten dir
30 Tage Urlaub und Jahressonderzahlung
KV-Card (50 € monatlicher Sachbezug) zum Einkaufen in der Region
Ausbildungsentgelt: im 1. Jahr: 1.296 Euro, im 2. Jahr: 1.350 Euro, im 3. Jahr: 1.400 Euro (TVA-L BBiG)
Zahlreiche Angebote zur Gesundheitsförderung und unternehmenseigene Fitnessräume und Kursangebote
Sehr gute ÖPNV-Verkehrsanbindung, gesicherte Fahrradabstellplätze und kostenlose öffentliche Parkplätze
Weitere attraktive Benefits und Informationen über die KV Berlin findest du auf unserer Karriereseite
Die Kassenärztliche Vereinigung Berlin (Körperschaft des öffentlichen Rechts) steht für Chancengleichheit und fördert die beruﬂiche Gleichstellung der Geschlechter. Ebenso begrüßen wir auch die Bewerbung von Menschen mit Migrationshintergrund. Schwerbehinderte Bewerber:innen werden bei gleicher Eignung bevorzugt berücksichtigt.
Wir freuen uns auf deine vollständige Online-Bewerbung bis zum 12.06.2026 unter Angabe der Kennziffer 2026_24.
Diskretion und die vertrauliche Behandlung deiner Bewerbung sind selbstverständlich. Hinweise zur Verarbeitung deiner Daten findest du in unseren Datenschutzhinweisen.
Stellendetails
Beruf:
Fachinformatiker / Fachinformatikerin Fachrichtung Systemintegration
Bewerbungsfrist:
Abgelaufen
Mindestabschluss:
Realschulabschluss plus Q-Vermerk (erweiterter Sekundarabschluss I)
Abitur oder Fachabitur
Dauer:
3 Jahre
Referenz-Nr:
2026_24
(Bitte in der Bewerbung angeben)
Kopieren
Dein persönlicher Matching-Score
Du willst wissen, wie gut diese Stelle zu dir passt? Dann registriere dich und mach das Matching. Mehr erfahren
Ausbildungsvergütung
1. Ausbildungsjahr: 1.296,00 €
2. Ausbildungsjahr: 1.350,00 €
3. Ausbildungsjahr: 1.400,00 €
Bewerbungsunterlagen
vollständige Bewerbungsunterlagen
Anschreiben
Lebenslauf
die letzten 2 Schulzeugnisse
Tipp: Beziehe dich in deiner Bewerbung auf AUBI-plus!
Mit bewerbung2go kannst du deine Bewerbungsunterlagen erstellen.
Deine AUBI-plus Jobmail
Lass deinen Bot für dich suchen! Lege deine Suchkriterien fest und lehn dich zurück. Du bekommst aktuelle Stellen für deinen Traumberuf direkt per Mail zugeschickt.
SUCHBOT ERSTELLEN
Ähnliche Suchanfragen:
AUSBILDUNG BERLIN
AUSBILDUNG 2026
AUSBILDUNG ALS FACHINFORMATIKER FACHRICHTUNG SYSTEMINTEGRATION (M/W/D) IN BERLIN
29 weitere Stellen, die dich interessieren könnten
Duales Studium (Bachelor of Science) (m/w/d) Angewandte Informatik an der Hochschule Mainz
Deutsche Bundesbank Hauptverwaltung Berlin
10625 Berlin
01.09.2027
Duales Studium (Bachelor of Science) (m/w/d) Wirtschaftsinformatik in der Studienrichtung Application Management
Deutsche Bundesbank Hauptverwaltung Berlin
10625 Berlin
01.09.2027
Duales Studium (Bachelor of Arts) (m/w/d) Betriebswirtschaftslehre mit Schwerpunkt „Digital Business Management“
Deutsche Bundesbank Hauptverwaltung Berlin
10625 Berlin
01.09.2027
WEITERE STELLEN LADEN
AUBI-plus
Über uns
Karriere
Partner
FAQ
News & Events
Presse
Blog
Messen & Aktionstage
DEUTSCHES AUSBILDUNGSFORUM
Produkte & Dienstleistungen
Für Ausbildungsbetriebe
Für Hochschulen
Für Schulen
Für Eltern
Besuch uns auch auf:
Region ändern:
AUBI-plus Österreich (deutsch)
AUBI-plus Schweiz (deutsch)
AUBI-plus Italien (deutsch)
AUBI-plus
Impressum
AGB
Datenschutz",,2026-06-13T14:50:22.393647+00:00
STEP-14069689,stepstone_de_dpa,aptaro GmbH,Berlin,Berlin Berlin,Ausbildung | Fachinformatiker für Systemintegration (m/w/d),si,,,,53,empty,,https://twitter.com/stepstone_de,portal,,,aptaro GmbH | Ausbildung | Fachinformatiker für Systemintegration (m/w/d) | Berlin,tidak,belum,sedang,"Ausbildung Fachinformatiker für Systemintegration (m/w/d)

Als Systemintegrator bilden wir dich zum Experten (m/w/d) für die technische Umsetzung von IT-Lösungen aus. Du bist dafür zuständig, dass die IT-Systeme unserer Kunden besser funktionieren, damit diese ihrer Arbeit besser nachkommen können. Diese Aufgaben dürfen nur echte IT-Profis übernehmen. Wir machen Dich zu einem.
Das erwartet Dich bei uns:
Du installierst neue IT-Infrastruktur (Server, PCs, Notebooks, Netzwerke, WLAN, Router, Datensicherungssysteme usw.), konfigurierst sie und vernetzt sie miteinander, sodass unsere Kunden optimal arbeiten können
Du bietest unseren Kunden Support und Unterstützung (vor Ort, telefonisch oder per Fernwartung) bei technischen Problemen oder wenn diese besondere Wünsche an ihre IT haben
Du nutzt modernste Monitoring-Software, um den Gesundheitszustand der IT unserer Kunden zu überwachen und lernst selbständig Maßnahmen zu ergreifen, wenn es zu Störungen kommt
Du berätst unsere Kunden vorausschauend, insbesondere bei defekten IT-Systemen oder wenn der Kunde durch eine bessere technische Lösung effektiver arbeiten könnte.
Du erkennst im Gespräch den Bedarf unserer Kunden und bietest ihnen maßgeschneiderte Lösungen an.
Wir bilden Dich laufend fort, und du wirst durch uns zum Experten für moderne, zukunftsorientierte IT-Systeme
Abwechslungsreiche Aufgaben und Projekte, die Theorie und Praxis verbinden
Einblick in die Teams und Bereiche unseres Unternehmens
aktives Mitgestalten von Arbeitsprozessen
eigenverantwortliches Arbeiten
ein aufgeschlossenes, hilfsbereites und fachlich breit gefächertes Team
regelmäßige Team-Events
Bewerbung:
Wenn dies Deinem Profil entspricht, freuen wir uns auf Deine Bewerbung.

Dein Profil:
Interesse an zukunftsweisender Technologie
Begeisterung für IT-Technik
abgeschlossenen mittlerer Schulabschluss (MSA) oder (Fach-)Abitur
gute Deutschkenntnisse in Wort und Schrift
Kommunikationstalent: Freundliches und höfliches Auftreten ist für dich selbstverständlich
Sorgfältiges Arbeiten und Teamfähigkeit
Selbständigkeit sowie Lern- und Leistungsbereitschaft
Lust auf ""Verantwortung von Anfang an""
Prozess- und Problemlösungsorientierung

Das bieten wir dir:
von Anfang an „mittendrin statt nur dabei""
eine qualitativ hochwertige Ausbildung
Wir nehmen unsere Auszubildenden sehr ernst und behandeln Sie respektvoll und auf Augenhöhe
Wir unterstützen dich dabei, deine persönlichen und beruflichen Ziele zu erreichen
Möglichkeit der Teilnahme an ergänzenden Fortbildungen","Dein Profil:
Interesse an zukunftsweisender Technologie
Begeisterung für IT-Technik
abgeschlossenen mittlerer Schulabschluss (MSA) oder (Fach-)Abitur
gute Deutschkenntnisse in Wort und Schrift
Kommunikationstalent: Freundliches und höfliches Auftreten ist für dich selbstverständlich
Sorgfältiges Arbeiten und Teamfähigkeit
Selbständigkeit sowie Lern- und Leistungsbereitschaft
Lust auf ""Verantwortung von Anfang an""
Prozess- und Problemlösungsorientierung",2026-06-12T21:19:19.248426+00:00
STEP-13837775,stepstone_de_dpa,Avendis GmbH,Berlin,"Berlin, Bremen, Cottbus, Düsseldorf, Greven, Westerstede Berlin",Ausbildung | zum Fachinformatiker (w/m/d) Systemintegration 2026,si,,,,53,empty,,https://twitter.com/stepstone_de,portal,,,Avendis GmbH | Ausbildung | zum Fachinformatiker (w/m/d) Systemintegration 2026 | Berlin,tidak,belum,sedang,"Ausbildung zum Fachinformatiker (w/m/d) Systemintegration 2026

Deine Aufgaben
Installation und Konfiguration vernetzter IT-Systeme
Service, Beratung und Betreuung, Fehleranalyse und Störungsbeseitigung für unsere User
Realisierung komplexer IT-Systeme durch Integration von Soft- und Hardwarekomponenten

Dein Profil
Mindestens mittlere Reife und gute Schulnoten in Deutsch und Mathematik
Gute Englisch- und PC-Kenntnisse
Technisches und mathematisches Verständnis sowie Kommunikations- und Teamfähigkeit
Zuverlässigkeit, Lernbereitschaft und eine motivierte Grundeinstellung
Ein Führerschein ist wünschenswert

Wir bieten
Eine praxisorientierte und abwechslungsreiche Ausbildung in einem kompetenten und motivierten Team
Hilfe bei der Vorbereitung auf die Abschlussprüfung
Aussicht auf Übernahme nach erfolgreich abgeschlossener Ausbildung
Benefits, wie bspw. unser Firmenfitnessprogramm über Hansefit
Weitere Informationen
AVENDIS GmbH
Besselstraße 12
68219 Mannheim
Recruiting Team
Tel: 0251 7604 642","Dein Profil
Mindestens mittlere Reife und gute Schulnoten in Deutsch und Mathematik
Gute Englisch- und PC-Kenntnisse
Technisches und mathematisches Verständnis sowie Kommunikations- und Teamfähigkeit
Zuverlässigkeit, Lernbereitschaft und eine motivierte Grundeinstellung
Ein Führerschein ist wünschenswert",2026-06-12T21:39:44.965366+00:00
STEP-13920644,stepstone_de_dpa,Medialine Euro Trade AG,Berlin,Berlin Berlin,Ausbildung | zum Fachinformatiker für Systemintegration (m/w/d),si,2026,8,,53,empty,,https://twitter.com/stepstone_de,portal,"Du trittst sicher auf und hast keine Angst vor Kundenkontakt – persönlich sowie am Telefon oder im Schriftverkehr
Du bist so wie wir – teamfähig, arbeitest aber auch gerne eigenverantwortlich
Du bist belastbar und gut organisiert
auch in stressigen Situationen behältst Du stets einen klaren Kopf
Deinen Führerschein hast du schon oder bist gerade dabei ihn zu bestehen
Kontakt
In unserer Bewerberansprache setzen wir auf das 'Du'. Solltest Du eine andere Ansprache bevorzugen, lass es uns einfach wissen und wir passen uns Deinen Präferenzen an.",,Medialine Euro Trade AG | Ausbildung | zum Fachinformatiker für Systemintegration (m/w/d) | Berlin,tidak,belum,sedang,"Ausbildung zum Fachinformatiker für Systemintegration (m/w/d)

Aufgaben
Im Rahmen Deiner Ausbildung ( ab August 2026 ) arbeitest Du in einem engagierten Team und lernst die verschiedenen Funktionsbereiche eines Systemhauses kennen. Später arbeitest Du aktiv in Teilprojekten mit und gestaltest unseren gemeinsamen Erfolg. Während Deiner dreijährigen Ausbildung rüsten wir Dich, damit Du zukünftig eigenständig Kundenbedürfnisse analysieren sowie informations- und telekommunikationstechnische Lösungen erarbeiten kannst.
Qualifikation
Du hast Dein (Fach)-abitur oder eine Ausbildung erfolgreich abgeschlossen
Du arbeitest gerne mit dem Computer und hast schon erste Erfahrungen mit Netzwerken gesammelt
das Internet und gängige Office-Programme sind aus Deinem Alltag nicht wegzudenken, da Du Freude an neuen Technologien hast
Du verfügst über gute Deutschkenntnisse in Wort und Schrift

Benefits
Mitarbeiterevents
Weiterbildung
Möglichkeit zum mobilen Arbeiten
Mentorenprogramm
Warm- und Kaltgetränke
Obstkorb
Mitarbeiterrabatte
Fahrtkostenerstattung
flexible Arbeitszeit
betriebliche Altersvorsorge
Notebook und Smartphone
Teilnahme an hochwertigen Events",,2026-06-12T21:33:48.410080+00:00
STEP-13666762,stepstone_de_dpa,YOC AG,Berlin,Berlin Berlin,Ausbildung | zum/zur Fachinformatiker/in für Systemintegration (m/w/d),si,,,,53,empty,,https://twitter.com/stepstone_de,portal,"Wir bieten Dir eine intensive, praxisorientierte Ausbildung in einem europaweit tätigen Unternehmen an. Auf Dich warten abwechslungsreiche und interessante Einsatzbereiche, die Dir die Möglichkeit zur selbstständigen und eigenverantwortlichen Mitarbeit bieten. Eine umfangreiche Betreuung während der Ausbildung wird durch ausgewählte Ansprechpartner gewährleistet. Bei YOC lernst Du ein modernes Arbeitsumfeld kennen, in das Du Dein persönliches Engagement und Deine Motivation einbringen kannst.",,YOC AG | Ausbildung | zum/zur Fachinformatiker/in für Systemintegration (m/w/d) | Berlin,tidak,belum,sedang,"Ausbildung zum/zur Fachinformatiker/in für Systemintegration (m/w/d)

Ihre Aufgaben
Als Auszubildender zum/zur Fachinformatiker/in für Systemintegration[m/w/x) bist Du Teil unseres IT Operations Teams, das sich ganzheitlich um alle IT‑Systeme, Geräte, Netzwerke und Mitarbeiteranfragen im Unternehmen kümmert. Im Wesentlichen besteht die Ausbildung zum/zur Fachinformatiker/in für Systemintegration aus den folgenden Themenbereichen:
• Konzeption und Realisierung komplexer IT-Systeme durch Integration von Hardware- und Softwarekomponenten
• Installation, Konfiguration und Administration von IT-Systemen
• Behebung von Störungen durch den Einsatz von Experten- und Diagnosesystemen
• Anwenderbetreuung im Umgang mit den IT-Systemen
• Beobachtung des Marktes für IT-Technologien und -Systeme, Hard- und Softwareprodukte
YOUR PROFILE
Du passt hervorragend zu uns, wenn Du Begeisterung für Digitalisierung und Technik mitbringst, sowie Deine berufliche Zukunft im IT Umfeld siehst. Wenn Du Dich außerdem in den folgenden Punkten wiedererkennst, sollten wir keine Zeit verlieren und uns unbedingt kennenlernen:
• Mindestens eine gute mittlere Reife bzw. Fachabitur mit guten Noten in den Kernfächern Deutsch, Mathematik und Englisch
• Allgemeines Verständnis für Technik, sowie eine ausgeprägte IT-Begeisterung
• Bereits vorhandene Erfahrungen mit Computer-Technologien sehen wir gerne
• Logisches und analytisches Denkvermögen
• Gutes Ausdrucksvermögen in Deutsch und Englisch
• Engagement, Zuverlässigkeit und Teamfähigkeit
• Durchhaltevermögen, Sorgfalt und Zielstrebigkeit
• Eine hohe Lernbereitschaft und Eigeninitiative
• Handwerkliches Geschick

Wir bieten
Wir bieten Dir eine intensive, praxisorientierte Ausbildung in einem europaweit tätigen Unternehmen an. Auf Dich warten abwechslungsreiche und interessante Einsatzbereiche, die Dir die Möglichkeit zur selbstständigen und eigenverantwortlichen Mitarbeit bieten. Eine umfangreiche Betreuung während der Ausbildung wird durch ausgewählte Ansprechpartner gewährleistet. Bei YOC lernst Du ein modernes Arbeitsumfeld kennen, in das Du Dein persönliches Engagement und Deine Motivation einbringen kannst.",,2026-06-12T21:41:22.462208+00:00
AZDE-10929951,azubi_de_fi,Berliner Stadtreinigungsbetriebe AöR,Berlin,Ringbahnstr. 96 12103 Berlin,Ausbildung | Fachinformatiker/in für Systemintegration,si,,,,47,empty,,https://www.azubi.de/ausbildungsplatz/10929951-s-fachinformatiker-in-fuer-systemintegration/apply,portal,,,Berliner Stadtreinigungsbetriebe AöR | Ausbildung | Fachinformatiker/in für Systemintegration | Berlin,ya,belum,rendah,"Fachinformatiker/in für Systemintegration

Einleitung
Was wünschen wir uns von dir?
Wir suchen IT-begeisterte junge Menschen, die sich super mit Computern auskennen und in der digitalen Welt zuhause fuhlen. Du arbeitest systematisch und tuftelst gerne, bist ausdauernd und zuverlässig. Außerdem bringst du mindestens einen mittleren Schulabschluss mit guten bis befriedigenden Leistungen in Deutsch, Englisch und Mathematik mit.
Was lernst du in deiner Ausbildung?
Jede Menge Fachwissen zur Installation und Verwaltung komplexer IT-Systeme. Bei uns lernst du, wie man diese Systeme aufsetzt, miteinander vernetzt und störungsfrei am Laufen hält. In unseren Fachabteilungen machen wir dich dazu in verschiedenen Projekten unter anderem mit der Anwendung moderner Diagnosesysteme vertraut.
Welche Aufgaben übernimmst du nach der Ausbildung?
Du entwirfst und realisierst vernetzte IT-Systeme durch Einbindung verschiedener Softwarekomponenten, konfigurierst sie, nimmst sie in Betrieb und verwaltest sie. Zur Projektplanung, -durchführung und -kontrolle nutzt du bewährte Methoden. Deinen Kolleginnen und Kollegen stehst du gerne mit Beratungen und Schulungen zur Seite.
Aufgaben","Einleitung
Was wünschen wir uns von dir?
Wir suchen IT-begeisterte junge Menschen, die sich super mit Computern auskennen und in der digitalen Welt zuhause fuhlen. Du arbeitest systematisch und tuftelst gerne, bist ausdauernd und zuverlässig. Außerdem bringst du mindestens einen mittleren Schulabschluss mit guten bis befriedigenden Leistungen in Deutsch, Englisch und Mathematik mit.
Was lernst du in deiner Ausbildung?
Jede Menge Fachwissen zur Installation und Verwaltung komplexer IT-Systeme. Bei uns lernst du, wie man diese Systeme aufsetzt, miteinander vernetzt und störungsfrei am Laufen hält. In unseren Fachabteilungen machen wir dich dazu in verschiedenen Projekten unter anderem mit der Anwendung moderner Diagnosesysteme vertraut.
Welche Aufgaben übernimmst du nach der Ausbildung?
Du entwirfst und realisierst vernetzte IT-Systeme durch Einbindung verschiedener Softwarekomponenten, konfigurierst sie, nimmst sie in Betrieb und verwaltest sie. Zur Projektplanung, -durchführung und -kontrolle nutzt du bewährte Methoden. Deinen Kolleginnen und Kollegen stehst du gerne mit Beratungen und Schulungen zur Seite.
Aufgaben",2026-06-13T10:35:50.871799+00:00
AZDE-12006120,azubi_de_fi,Johannesstift Diakonie gAG,Berlin,10115 Berlin DE,Ausbildung | Fachinformatiker *in für Systemintegration,si,2026,9,,47,empty,,https://www.azubi.de/ausbildungsplatz/12006120-b-ausbildung-fachinformatiker-in-fuer-systemintegration/apply,portal,,,Johannesstift Diakonie gAG | Ausbildung | Fachinformatiker *in für Systemintegration | Berlin,ya,belum,rendah,"Ausbildung Fachinformatiker *in für Systemintegration

Einleitung
Sie begeistern sich für IT im Allgemeinen und sind an sozialen und medizinischen Anwendungen und Abläufen interessiert? Dann bewerben Sie sich bei uns für die Ausbildung zum Fachinformatiker*in für Systemintegration. Wir suchen zum 01.09.2026 neue Auszubildende für diesen spannenden Beruf.
Arbeitsfeld: Verwaltung/Leitung/IT
Stelle für: Auszubildende
Eintrittsdatum: 01.09.2026
Einrichtung: Conciliamus
Weitere Vorteile:
* Ein spannendes Arbeitsumfeld für die 3-jährige Ausbildung
* Eine Ausbildung an den Standorten im Johannesstift in Spandau und in der IT-Zentrale in Berlin-Mitte
* Eine fundierte und praxisnahe Ausbildung
* Die Mitarbeit in einem freundlichen und kompetenten Team
* Einen modernen und zukunftsfähigen Arbeitsplatz
Ihr neues Tätigkeitsumfeld:
Die Conciliamus ist der interne IT-Dienstleister der Johannesstift Diakonie. Insgesamt ist die Conciliamus für die IT von etwa 10.000 Mitarbeiter*innen mit ca. 5.000 IT Arbeitsplätzen verantwortlich. Schwerpunkt ist die Bereitstellung einer hochverfügbaren und funktionalen IT Umgebung in zwei gespiegelten Rechenzentren sowie die Unterstützung der Prozesse durch IT Lösungen. Die Conciliamus übernimmt den Betrieb, die Beratung und die Weiterentwicklung der IT für ihre Kunden.
Ihr Profil:
* Ein guter MSA oder Abitur, gern mit Informatik-Vertiefung
* Begeisterung für PC-Technik
* Gute bis sehr gute Deutsch- und Englischkenntnisse
* Aufgeschlossenes, freundliches und motiviertes Auftreten
* Gute mündliche und schriftliche Ausdrucksfähigkeit
Ihr neues Team:
Sie ergänzen ein heterogenes Team, das gemeinsam nah am Kunden die IT betreibt und weiterentwickelt. Die Zusammenarbeit im Team ist kollegial und konstruktiv. Aktuell werden in der Conciliamus fünf Auszubildende in derselben Fachrichtung ausgebildet. Sie werden im Rahmen der Ausbildung die verschiedenen Bereiche durchlaufen und erhalten somit einen umfangreichen Einblick in die komplexe IT-Landschaft und deren Prozesse.
Für Fragen:
Leiter IT Service Desk
Timo Sprotte
Conciliamus
030 33609-905
Wir freuen uns über Ihre Bewerbung, wenn Sie sich mit den diakonischen Werten unseres Unternehmens identifizieren können – unabhängig von Ihrer ethnischen und sozialen Herkunft, geschlechtlichen Identität, Religion, sexuellen Orientierung, Ihrem Alter oder einer Behinderung.
Aufgaben","Einleitung
Sie begeistern sich für IT im Allgemeinen und sind an sozialen und medizinischen Anwendungen und Abläufen interessiert? Dann bewerben Sie sich bei uns für die Ausbildung zum Fachinformatiker*in für Systemintegration. Wir suchen zum 01.09.2026 neue Auszubildende für diesen spannenden Beruf.
Arbeitsfeld: Verwaltung/Leitung/IT
Stelle für: Auszubildende
Eintrittsdatum: 01.09.2026
Einrichtung: Conciliamus
Weitere Vorteile:
* Ein spannendes Arbeitsumfeld für die 3-jährige Ausbildung
* Eine Ausbildung an den Standorten im Johannesstift in Spandau und in der IT-Zentrale in Berlin-Mitte
* Eine fundierte und praxisnahe Ausbildung
* Die Mitarbeit in einem freundlichen und kompetenten Team
* Einen modernen und zukunftsfähigen Arbeitsplatz
Ihr neues Tätigkeitsumfeld:
Die Conciliamus ist der interne IT-Dienstleister der Johannesstift Diakonie. Insgesamt ist die Conciliamus für die IT von etwa 10.000 Mitarbeiter*innen mit ca. 5.000 IT Arbeitsplätzen verantwortlich. Schwerpunkt ist die Bereitstellung einer hochverfügbaren und funktionalen IT Umgebung in zwei gespiegelten Rechenzentren sowie die Unterstützung der Prozesse durch IT Lösungen. Die Conciliamus übernimmt den Betrieb, die Beratung und die Weiterentwicklung der IT für ihre Kunden.
Ihr Profil:
* Ein guter MSA oder Abitur, gern mit Informatik-Vertiefung
* Begeisterung für PC-Technik
* Gute bis sehr gute Deutsch- und Englischkenntnisse
* Aufgeschlossenes, freundliches und motiviertes Auftreten
* Gute mündliche und schriftliche Ausdrucksfähigkeit
Ihr neues Team:
Sie ergänzen ein heterogenes Team, das gemeinsam nah am Kunden die IT betreibt und weiterentwickelt. Die Zusammenarbeit im Team ist kollegial und konstruktiv. Aktuell werden in der Conciliamus fünf Auszubildende in derselben Fachrichtung ausgebildet. Sie werden im Rahmen der Ausbildung die verschiedenen Bereiche durchlaufen und erhalten somit einen umfangreichen Einblick in die komplexe IT-Landschaft und deren Prozesse.
Für Fragen:
Leiter IT Service Desk
Timo Sprotte
Conciliamus
030 33609-905
Wir freuen uns über Ihre Bewerbung, wenn Sie sich mit den diakonischen Werten unseres Unternehmens identifizieren können – unabhängig von Ihrer ethnischen und sozialen Herkunft, geschlechtlichen Identität, Religion, sexuellen Orientierung, Ihrem Alter oder einer Behinderung.
Aufgaben",2026-06-13T10:38:45.746664+00:00
AZDE-12315396,azubi_de_fi,LTmemory GmbH,Berlin,12277 Berlin DE,Ausbildung | zum Fachinformatiker Systemintegration (m/w/d),si,,,,47,empty,,https://www.azubi.de/ausbildungsplatz/12315396-b-ausbildung-zum-fachinformatiker-systemintegration-m-w-d/apply,portal,,,LTmemory GmbH | Ausbildung | zum Fachinformatiker Systemintegration (m/w/d) | Berlin,ya,belum,rendah,"Ausbildung zum Fachinformatiker Systemintegration (m/w/d)

Einleitung
LTmemory ist ein Berliner Systemhaus mit langjähriger Erfahrung, dass sich dem persönlichen Anpassen von Lösungen im Hard- und Softwarebereich angenommen hat. Als engagiertes und wachsendes Unternehmen sind wir stets bemüht unseren Kunden ein ausgewogenes IT Konzept zu bieten und sie auf den Stand des 21. Jahrhunderts zu bringen. Wir verstehen uns als IT-Systemhaus und entwickeln für unsere Kunden passende IT-Lösungen, die den Informationsfluss im Betrieb sichern und ein effizientes Arbeiten ermöglichen.
Wir sind ein junges agiles Team und bewegen uns auf stetigem Wachtumskurs.
Neben den Vorzügen praktischer Teamarbeit bieten wir das perfekte „Start Up – Feeling“:
Inhalt Deiner Ausbildung
Während der dreijährigen Berufsausbildung zum Fachinformatiker Fachrichtung Systemintegration erhältst Du Einblick in die Systemadministration von Apple- und Windows-Servern und die Konfiguration und den Aufbau von Storage, Netzwerken und Netzwerkkomponenten. Du wirst im laufenden Betrieb unserer Projekte eingesetzt und kannst somit an der Durchführung und unserer Projekte mitwirken.
Bei guter Leistung kann die Berufsausbildung auf 2,5 Jahre und in Ausnahmefällen auch auf 2 Jahre, verkürzt werden.
Dann startest Du in unserem Team richtig durch…
Qualifikationen / Anforderungen
Du hast Dein Stu­dium ohne Abschluss been­det und möch­test nun direkt in die Pra­xis ein­stei­gen? Oder hast Du gerade die Schule erfolg­reich hin­ter dir gelas­sen und suchst einen spannenden Berufs­ein­stieg?
In jedem Fall soll­test Du eine gute All­ge­meine Hoch­schul­reife bzw. gute fach­be­zo­gene Fach­hoch­schul­reife vor­wei­sen kön­nen und eine Lei­den­schaft für Kommunikation, Inter­net und IT-Systeme mit­brin­gen.
Leistungen der Anstellung
Eine Berufs- Ausbildung bei LTmemory zeichnet sich insbesondere aus durch ein Arbeitsumfeld mit viel Raum für Eigeninitiative, in dem Du vom ersten Arbeitstag durch die Übernahme selbständiger Tätigkeiten in betriebliche Abläufe und herausfordernde Projekte eingebunden wirst und Verantwortung übernehmen darfst. Unterstützt wirst Du durch unsere erfahrenen Ausbilder und die Kollegen, die jederzeit gerne für Fragen zur Verfügung stehen.
- Gratis Heißgetränke (Kaffee / Tee)
- Kaltgetränke
- Frisches Obst
- Tischtennis & Kicker – Raum
- Attraktives Office Umfeld mit separater Kantine für den Mittagslunch
- Parkplatz
- Sehr gute Erreichbarkeit mit öffentlichen Verkehrsmitteln
- Spannende Teamveranstaltungen, auch nach der Arbeit
- Stetige Weiterbildungsmöglichkeiten oder Hospitationen
Neben der fachlichen Qualifikation legen wir viel Wert auf die sozialen Kompetenzen und den Teamgeist der Kollegen. Unser Erfolg basiert auf der Qualifikation und der Motivation der Menschen, die gerne für LTmemory arbeiten.
Aufgaben","Einleitung
LTmemory ist ein Berliner Systemhaus mit langjähriger Erfahrung, dass sich dem persönlichen Anpassen von Lösungen im Hard- und Softwarebereich angenommen hat. Als engagiertes und wachsendes Unternehmen sind wir stets bemüht unseren Kunden ein ausgewogenes IT Konzept zu bieten und sie auf den Stand des 21. Jahrhunderts zu bringen. Wir verstehen uns als IT-Systemhaus und entwickeln für unsere Kunden passende IT-Lösungen, die den Informationsfluss im Betrieb sichern und ein effizientes Arbeiten ermöglichen.
Wir sind ein junges agiles Team und bewegen uns auf stetigem Wachtumskurs.
Neben den Vorzügen praktischer Teamarbeit bieten wir das perfekte „Start Up – Feeling“:
Inhalt Deiner Ausbildung
Während der dreijährigen Berufsausbildung zum Fachinformatiker Fachrichtung Systemintegration erhältst Du Einblick in die Systemadministration von Apple- und Windows-Servern und die Konfiguration und den Aufbau von Storage, Netzwerken und Netzwerkkomponenten. Du wirst im laufenden Betrieb unserer Projekte eingesetzt und kannst somit an der Durchführung und unserer Projekte mitwirken.
Bei guter Leistung kann die Berufsausbildung auf 2,5 Jahre und in Ausnahmefällen auch auf 2 Jahre, verkürzt werden.
Dann startest Du in unserem Team richtig durch…
Qualifikationen / Anforderungen
Du hast Dein Stu­dium ohne Abschluss been­det und möch­test nun direkt in die Pra­xis ein­stei­gen? Oder hast Du gerade die Schule erfolg­reich hin­ter dir gelas­sen und suchst einen spannenden Berufs­ein­stieg?
In jedem Fall soll­test Du eine gute All­ge­meine Hoch­schul­reife bzw. gute fach­be­zo­gene Fach­hoch­schul­reife vor­wei­sen kön­nen und eine Lei­den­schaft für Kommunikation, Inter­net und IT-Systeme mit­brin­gen.
Leistungen der Anstellung
Eine Berufs- Ausbildung bei LTmemory zeichnet sich insbesondere aus durch ein Arbeitsumfeld mit viel Raum für Eigeninitiative, in dem Du vom ersten Arbeitstag durch die Übernahme selbständiger Tätigkeiten in betriebliche Abläufe und herausfordernde Projekte eingebunden wirst und Verantwortung übernehmen darfst. Unterstützt wirst Du durch unsere erfahrenen Ausbilder und die Kollegen, die jederzeit gerne für Fragen zur Verfügung stehen.
- Gratis Heißgetränke (Kaffee / Tee)
- Kaltgetränke
- Frisches Obst
- Tischtennis & Kicker – Raum
- Attraktives Office Umfeld mit separater Kantine für den Mittagslunch
- Parkplatz
- Sehr gute Erreichbarkeit mit öffentlichen Verkehrsmitteln
- Spannende Teamveranstaltungen, auch nach der Arbeit
- Stetige Weiterbildungsmöglichkeiten oder Hospitationen
Neben der fachlichen Qualifikation legen wir viel Wert auf die sozialen Kompetenzen und den Teamgeist der Kollegen. Unser Erfolg basiert auf der Qualifikation und der Motivation der Menschen, die gerne für LTmemory arbeiten.
Aufgaben",2026-06-13T10:39:48.314038+00:00
ASD-998030002660216290,ausbildungsstellen_si,Azubiyo,Berlin,Plauener Str. 163-165 13053 Berlin Berlin,Ausbildung | Auszubildenden zum Fachinformatiker für digitale Vernetzung (m/w/d) 2026,dv,,,"1.102 €, 1.169 €, 1.253 €",73,company,,https://www.azubiyo.de/bewerbung/,portal,,,Azubiyo | Ausbildung | Auszubildenden zum Fachinformatiker für digitale Vernetzung (m/w/d) 2026 | Berlin,tidak,belum,sedang,"Auszubildenden zum Fachinformatiker für digitale Vernetzung (m/w/d) 2026

Spannende Einblicke in unterschiedliche Abteilungen, vielseitige Aufgabenbereiche und spezielle Schulungen: Das erwartet Dich in Deiner qualifizierten und praxisorientierten Ausbildung bei uns! Die März Unternehmensgruppe steht ihren Kunden aus Industrie und Gesundheitswirtschaft als führender Anbieter individuell konfigurierbarer IT-Dienstleistungen und IT-Betreiberlösungen sowie Applikationen deutschlandweit zur Verfügung. Mit acht Niederlassungen und mehr als 230 Mitarbeitern bundesweit verfügen wir über ein flächendeckendes Service- und Vertriebsnetz.
Auszubildenden zum Fachinformatiker für digitale Vernetzung (m/w/d) 2026
Deine Aufgaben
- Unterstützung im IT-Support bei vielfältigen technischen Aufgaben (Netzwerk, Server, Betriebssysteme, Security)
- Planung und Umsetzung kundenspezifischer IT-Systemlösungen
- Betreuung unserer Kunden bei Fragen rund um Hard- und Software
- Wartung und Optimierung bestehender IT-Infrastrukturen
- Vernetzung und Absicherung von Systemen gegen unerlaubte Zugriffe
- Analysieren und Planen von Systemen zur Vernetzung von Prozessen und Produkten, Errichten, Ändern und Prüfen von vernetzten Systemen, Betreiben von vernetzten Systemen und Sicherstellen der Systemverfügbarkeit, Betreiben von IT-Systemen
- Mitarbeit in spannenden Projekten rund um Netzwerktechnik und Vernetzung digitaler Systeme
- Eigenständige Planung kleinerer Projekte – mit Unterstützung unserer erfahrenen IT-Spezialisten

Mittlere Reife

Das bieten wir Dir
Bei uns bekommst Du nicht einfach nur eine Ausbildung, sondern einen richtig guten Start in Deine berufliche Zukunft:
- Einblicke in moderne Technologien und echte Praxisprojekte
- Individuelle Förderung, Trainings und Schulungen
- Ein sympathisches, junges und dynamisches Team
- Moderne Arbeitsplätze, kurze Entscheidungswege und eine starke Unternehmenskultur
- Hohes Interesse, Dich nach Deiner Ausbildung zu übernehmen
- IHK-geprüfte Ausbildungsqualität an der Niederlassung in Berlin
- Attraktive Ausbildungsvergütung
Das solltest Du mibringen
Du musst noch kein Technikprofi sein – wir bringen Dir alles bei! Wichtig sind vor allem:
- Ein Schulabschluss (Realschule, Abitur oder gleichwertig)
- Interesse an IT, idealerweise erste Berührungspunkte (z. B. Schulprojekte, Praktika)
- Spaß daran, Neues zu lernen und Dich weiterzuentwickeln
- Freude daran, anderen Menschen zu helfen und Probleme zu lösen
- Gute Kommunikationsfähigkeit in Deutsch (und gerne auch Englisch)
- Mathematisches Grundverständnis
- Ein Führerschein Klasse B wäre super – ist aber kein Muss",Mittlere Reife,2026-06-13T12:55:27.316253+00:00
STEP-14049912,stepstone_de_dpa,SVA System Vertrieb Alexander GmbH,Berlin,"Berlin, Dresden, Schwerte, Würzburg Berlin",Ausbildung | Kaufmann / Kauffrau für IT-System-Management (m/w/d),non_fi,2026,8,,67,empty,,https://twitter.com/stepstone_de,portal,"Kontakt:
Team Talententwicklung
Borsigstraße 26
65205 Wiesbaden
Homepage: www.sva.de",,SVA System Vertrieb Alexander GmbH | Ausbildung | Kaufmann / Kauffrau für IT-System-Management (m/w/d) | Berlin,tidak,belum,sedang,"Ausbildung Kaufmann / Kauffrau für IT-System-Management (m/w/d)

Das erwartet Dich
Hands-on Experience: Bei uns bist Du von Anfang an mittendrin statt nur dabei. Fehler sind menschlich: Bei uns lernst Du durch Praxis – Fehler sind Teil des Erfolgs! Teamwork is Dreamwork: Arbeite eigenverantwortlich, aber nie allein. Vielfalt der IT erleben: Du erhältst viele Einblicke in verschiedene Bereiche. Dein Aufgabenbereich: Kundenanfragen verstehen und bearbeiten Angebote schreiben und Preise einholen Skill-Anfragen steuern und passende Ressourcen finden Projekte planen, begleiten und abrechnen Zusammenarbeit mit Vertrieb, Projektteams und Herstellern
Das macht Dich aus
Du hast ein (Fach-)Abitur oder einen sehr guten Realschulabschluss: Bei Realschulabschluss ist ein vorangegangenes Praktikum im IT-Bereich erforderlich. Begeisterung für IT: Du interessierst Dich für Technik und lernst gerne Neues. Teamgeist & Eigenverantwortung: Du bist zuverlässig, hilfsbereit und lösungsorientiert. Sprachkenntnisse: Du bist sicher in Deutsch (C1) und Englisch (B2).

technische Anforderungen entstehen, wie Angebote für komplexe Lösungen
kalkuliert werden und wie verschiedene Teams – von Vertrieb bis Technik –
zusammenarbeiten.
SVA gehört zu den führenden IT-Dienstleistern
in Deutschland und wir wachsen weiter. Bei uns kannst Du erste
praktische Erfahrungen sammeln, Deine Stärken gezielt weiterentwickeln
und gemeinsam mit uns an spannenden IT-Projekten arbeiten – in einem
zukunftssicheren Berufsfeld mit echten Perspektiven.
Zum 01.08.2026 bieten wir Dir an den Standorten Berlin, Dresden, Schwerte und Würzburg eine Ausbildung zum Kaufmann / zur Kauffrau für IT-System-Management (m/w/d).

Deine Vorteile auf einen Blick
30 Urlaubstage: Work-Life-Balance ist uns wichtig! Hightech-Equipment: Laptop und Handy inklusive. Schulungsangebot: Wir investieren in Deine Entwicklung, mit regelmäßigen Trainings und Workshops. Azubi-Community: Austausch und Support garantiert. Karrierechancen: Sehr hohe Übernahmequote nach Deiner Ausbildung. Mobilität: Du erhältst ein Ticket für Deine täglichen Wege zur Berufsschule und zur Arbeit.
Du bringst Dich ein. Wir bringen Dich weiter.
Bereit für Deinen nächsten Schritt? Dann","technische Anforderungen entstehen, wie Angebote für komplexe Lösungen
kalkuliert werden und wie verschiedene Teams – von Vertrieb bis Technik –
zusammenarbeiten.
SVA gehört zu den führenden IT-Dienstleistern
in Deutschland und wir wachsen weiter. Bei uns kannst Du erste
praktische Erfahrungen sammeln, Deine Stärken gezielt weiterentwickeln
und gemeinsam mit uns an spannenden IT-Projekten arbeiten – in einem
zukunftssicheren Berufsfeld mit echten Perspektiven.
Zum 01.08.2026 bieten wir Dir an den Standorten Berlin, Dresden, Schwerte und Würzburg eine Ausbildung zum Kaufmann / zur Kauffrau für IT-System-Management (m/w/d).",2026-06-12T21:24:34.190920+00:00
STEP-13949504,stepstone_de_ae,adesso SE,Berlin,"Berlin, Dortmund, Essen, Stralsund Berlin",Ausbildung | Praktikum Softwareentwicklung Java (all genders),non_fi,,,,53,empty,,https://youtube.com/embed/gPq5UQleI6U?rel=0&showinfo,portal,,,adesso SE | Ausbildung | Praktikum Softwareentwicklung Java (all genders) | Berlin,tidak,belum,sedang,"Praktikum Softwareentwicklung Java (all genders)

Ihre Aufgaben
DEINE ROLLE
Java-Projekte begleiten: Du unterstützt bei der Konzeption, dem Design und der Entwicklung moderner Softwarelösungen.
Eigenverantwortung übernehmen: Du übernimmst eigenständige Aufgaben, passend zu deinen Fähigkeiten und Interessen.
Praktische Erfahrung sammeln: Du wechselst vom Hörsaal in IT-Projektwelten unserer Kunden und bringst dich aktiv ein.
Erfahrungen sammeln: Du lernst von erfahrenen Teammitgliedern und erweiterst dein Wissen im Bereich Softwareentwicklung.
Eigenverantwortung übernehmen: Du übernimmst eigenständige Aufgaben, passend zu deinen Fähigkeiten und Interessen.
Projekteinblicke gewinnen: Du erlebst hautnah, wie IT-Lösungen in verschiedenen Branchen umgesetzt werden.
Ihr Profil

DEIN PROFIL
Studium: Du befindest dich mindestens im 4. Semester in einem (Wirtschafts-)Informatik-Studium oder einem vergleichbaren Studiengang.
Technologienbegeisterung: Du interessierst dich für moderne Tools und probierst Neues gerne aus.
Selbstständigkeit: Du arbeitest strukturiert und bringst dich aktiv in Projekte ein.
Teamfähigkeit: Du kommunizierst offen, arbeitest gerne mit anderen und bringst Ideen ein.
Lernbereitschaft: Du hast Freude daran, dein Wissen durch Praxiserfahrung zu vertiefen.
KI Kompetenz: Du bist neugierig auf Künstliche Intelligenz, setzt KI-gestützte Tools in deinem Arbeitsalltag ein und baust deine Kompetenzen dabei Schritt für Schritt aus.
Sprachkenntnisse: Deine sehr guten Deutsch- sowie guten Englischkenntnisse ermöglichen dir eine sichere Kommunikation.

DEINE BENEFITS
Bleib gesund und fit: Wir fördern die Gesundheit unserer adessi mit sportlichen Zuschüssen wie vergünstigten Fitnessmitgliedschaften, Übernahme Platzmiete für bspw. Badminton, Padel Tennis oder Fußball und regelmäßigen Vorsorgeuntersuchungen.
Finde deine Work-Life-Balance: Unser Auszeitprogramm und flexible Arbeitsmodelle helfen dir dabei, Beruf und Privatleben optimal in Einklang zu bringen.
Zeit für die Familie: Unser Ziel ist es, die beiden Welten – Familien- und Arbeitsleben – miteinander zu vereinen. Hierfür unterstützen wir unsere adessi bestmöglich mit zahlreichen Angeboten, wie z. B. Kinderferienbetreuung, Kita-Kooperationen, Eltern-Kind-Büros oder Events, bei denen die ganze Familie willkommen ist.
Lerne und wachse mit uns: Mit über 400 Trainingsangeboten und unserer digitalen Lernplattform unterstützen wir deine kontinuierliche Weiterentwicklung.
Erlebe echten Teamgeist: Gemeinsame Events, Welcome Days, Firmenläufe oder das Patensystem stärken unseren Zusammenhalt und lassen dich von Anfang an Teil des Teams sein.
Engagement, das belohnt wird: Dein Einsatz zahlt sich aus – mit Prämien für Empfehlungen, Vorträge, die Betreuung von Abschlussarbeiten sowie attraktiven Vergünstigungen über unser Corporate-Benefits-Portal.
Sei mobil und flexibel: JobRad-Angebote, Zuschüsse für das Deutschlandticket und die Möglichkeit, bis zu zwei Monate mobil aus dem EU-Ausland zu arbeiten, bieten dir maximale Flexibilität.
Sicher in deine Zukunft: Unser hauseigener, unabhängiger Versicherungsberater und -makler alleato hat für dich stets individuelle Lösungen für Altersvorsorge oder Krankenversicherung parat.
Weitere Informationen
Standort:
Berlin, Dortmund, Essen, Stralsund
Flexibilität:
Hybrid, Vollzeit
Reisetätigkeit:
0 - 25%
Karrierelevel:
Studierende
Berufsfeld:
Software Development","DEIN PROFIL
Studium: Du befindest dich mindestens im 4. Semester in einem (Wirtschafts-)Informatik-Studium oder einem vergleichbaren Studiengang.
Technologienbegeisterung: Du interessierst dich für moderne Tools und probierst Neues gerne aus.
Selbstständigkeit: Du arbeitest strukturiert und bringst dich aktiv in Projekte ein.
Teamfähigkeit: Du kommunizierst offen, arbeitest gerne mit anderen und bringst Ideen ein.
Lernbereitschaft: Du hast Freude daran, dein Wissen durch Praxiserfahrung zu vertiefen.
KI Kompetenz: Du bist neugierig auf Künstliche Intelligenz, setzt KI-gestützte Tools in deinem Arbeitsalltag ein und baust deine Kompetenzen dabei Schritt für Schritt aus.
Sprachkenntnisse: Deine sehr guten Deutsch- sowie guten Englischkenntnisse ermöglichen dir eine sichere Kommunikation.",2026-06-12T20:58:25.746393+00:00
STEP-14049188,stepstone_de_ae,Burmester Audiosysteme GmbH,Berlin,Berlin,Ausbildung | Software Tester (w/m/d),non_fi,,,,53,empty,,https://youtube.com/embed/KLcY9L9zLM8?rel=0&showinfo,portal,"Kontakt
Sandra Firlay
People & Culture
Sandra.firlay@burmester.de
+49 30 787968-45
www.burmester.de",,Burmester Audiosysteme GmbH | Ausbildung | Software Tester (w/m/d) | Berlin,tidak,belum,sedang,Software Tester (w/m/d),,2026-06-12T21:03:23.199289+00:00
10001-1001687606-S,fachinformatiker_ae,Computacenter AG & Co. oHG,Berlin,"Mariendorfer Damm 1, 12099 Berlin",Duales Studium | Fachinformatiker/in - Anwendungsentwicklung,dual,,,Jahr 1: 1146 EUR/Monat | Jahr 2: 1252 EUR/Monat | Jahr 3: 1388 EUR/Monat,87,ba_portal,,https://www.arbeitsagentur.de/jobsuche/jobdetail/10001-1001687606-S,ba_portal,"Solltest Du vorab noch Fragen haben, wende Dich gerne an unsere kostenlose Karriere-Hotline unter +49 800 4682326. Für weitere Informationen besuche uns gerne auf unserer Homepage.",https://www.arbeitsagentur.de/jobsuche/jobdetail/10001-1001687606-S,Computacenter AG & Co. oHG | Duales Studium | Fachinformatiker/in - Anwendungsentwicklung | Berlin,ya,belum,rendah,"**Deine Aufgaben**

In der Hochschule lernst Du die Basis, bei uns kannst Du das Gelernte sofort anwenden. Das macht das Lernen leichter und effizienter. Du bist vom ersten Tag des Studiums Teil unseres Consultancy Teams. Du kannst nicht nur hautnah erleben, wie wir digitale Lösungen für unsere unterschiedlichsten Kunden erstellen, sondern wirst von Anfang an beteiligt.

Als Student:in der Wirtschaftsinformatik wirst Du bei uns sowohl die organisatorische als auch die technologische Seite bei der Konzeption, Umsetzung und Einführung von digitalen Lösungen kennenlernen. Ob bei unseren internationalen Großkunden oder für eine moderne Öffentliche Verwaltung: reibungslose Abläufe, sichere Lösungsansätze und der Einsatz moderner Technologien sind Deine Welt.

Das Hochschulstudium Wirtschaftsinformatik absolvierst Du an der TH Brandenburg. Diese Theoriephasen wechseln sich blockweise mit Praxisphasen in unserer Berliner Geschäftsstelle ab.

**Dein Profil**

- [Fach-]Abitur
- Begeisterung für die Wirkung moderner IT-Lösungen
- Erste Erfahrungen im Programmieren wünschenswert
- im Idealfall sogar schon erste praktische Erfahrungen, z.B. im Rahmen eines Schülerpraktikums

Wir suchen kreative Menschen, die Lust haben, gemeinsam im Team digitale Lösungen zu entwickeln und zum Einsatz zu bringen. Es reizt Dich, Dein Organisationstalent und Deine technische Begabung einzusetzen und selbstständig Lösungen zu erarbeiten.

Wir bieten

eigenes Notebook
regelmäßige Trainings, sowohl fachspezifisch als auch berufsübergreifend
sehr gute Übernahmechancen – durchschnittliche Übernahmequote: 84%
Prämien bei guten und sehr guten Abschlüssen

Ausbildung bei Computacenter:

Mach IT auch zu Deiner Zukunft und starte Deine Ausbildung bei uns – Europas führendem herstellerübergreifenden IT-Dienstleister. Hier arbeiten rund 18.000 Menschen weltweit an großen Projekten für internationale Kunden. Dazu zählen unter anderem die Mehrheit der DAX-40-Unternehmen, aber auch öffentliche Auftraggeber auf Länder- und Bundesebene.

Deine Bewerbung:

Wir freuen uns auf Deine Online-Bewerbung, unabhängig von Geschlecht, Alter, sexueller Orientierung, Nationalität, ethnischer und sozialer Herkunft sowie Religion. Bewerbungen von schwerbehinderten Menschen sind bei Computacenter willkommen und werden bei gleicher Eignung bevorzugt berücksichtigt.

Bitte bewirb Dich ausschließlich für einen der Standorte, die in der Anzeige angegeben sind, da wir nur dort diesen Beruf ausbilden. Reiche dabei bitte Deine vollständigen Unterlagen ein (Anschreiben, Lebenslauf und mindestens Deine letzten beiden Schulzeugnisse und etwaige Praktikumsbescheinigungen).

Solltest Du vorab noch Fragen haben, wende Dich gerne an unsere kostenlose Karriere-Hotline unter +49 800 4682326. Für weitere Informationen besuche uns gerne auf unserer Homepage.","**Dein Profil**
- [Fach-]Abitur
- Begeisterung für die Wirkung moderner IT-Lösungen
- Erste Erfahrungen im Programmieren wünschenswert
- im Idealfall sogar schon erste praktische Erfahrungen, z.B. im Rahmen eines Schülerpraktikums
Fachhochschulreife",2026-06-11T09:15:01.112690+00:00
15740-1535-1728440-0-S,fachinformatiker_dpa,Kassenärztl. Bundesvereinigung,Berlin,"Herbert-Lewin-Platz 2, 10623 Berlin",Ausbildung | Fachinformatiker/in - Daten- und Prozessanalyse,dual,2026,10,,67,company,,https://www.arbeitsagentur.de/jobsuche/jobdetail/15740-1535-1728440-0-S,ba_portal,,https://www.arbeitsagentur.de/jobsuche/jobdetail/15740-1535-1728440-0-S,Kassenärztl. Bundesvereinigung | Ausbildung | Fachinformatiker/in - Daten- und Prozessanalyse | Berlin,ya,belum,rendah,"Wir suchen Sie für unser Dezernat Digitalisierung und IT, Abteilung Daten und Automatisierung, für das Duale Studium ""Bachelor of Science Informatik / Data Science"" im Zentrum Berlins für den Studienstart Oktober 2026. Als Teil unseres Teams lernen Sie in verschiedenen Abteilungen der IT in der KBV (z.B. Daten und Automatisierung, Entwicklung, IT in der Arztpraxis, Betrieb und Service, IT Sicherheit) neueste Technologien und echten Teamgeist kennen.
					

Duales Studium - Bachelor of Science Informatik / Data Science

		
Das Dezernat Digitalisierung und IT beschäftigt sich mit einer Vielzahl von spannenden Fragestellungen und Zukunftsthemen. In der Abteilung Daten und Automatisierung arbeiten Sie als Data Engineer, Data Scientist und Data Analyst an anspruchsvollen Projekten und Aufgaben. Wir unterstützen und beraten die Dezernate und Fachabteilungen der KBV zu folgenden Themen:
			

- Beratung zu den Themen Datenanalyse, Datenmanagement und Datennutzung
- Durchführung von komplexen Datenanalysen und Unterstützung der Fachbereiche
- Datenmanagement in Form der Integration von Daten
- Automatisierung von Datenverarbeitungsprozessen und Monitoring mittels Datenlieferungsverwaltung
- Datenaustausch zwischen den Stakeholdern im Gesundheitswesen
- Betreuung Data Warehouse (DWH) und Business Intelligence (BI)
- Einsatz von KI
		
	
- Allgemeine Hochschulreife (Abitur), Fachhochschulreife oder fachgebundene Hochschulreife
- Gute bis sehr gute Leistungen in den Leistungsfächern Mathematik und Informatik
- Ausgeprägte Fähigkeit zu analytischem, logischem und abstraktem Denken
- Lernbereitschaft, Selbstorganisation, strukturierte Arbeitsweise, Zielstrebigkeit sowie gute Kommunikationsfähigkeit in Wort und Schrift
- Abwechslung: Sie genießen die Vorteile eines öffentlichen Arbeitgebers und agieren zugleich in einem innovativen Umfeld
- Frühaufsteher oder Langschläfer? Ihre Arbeitszeit können Sie flexibel durch mobiles Arbeiten und unser Gleitzeitmodell gestalten
- Vergütung: Wir wertschätzen Ihre Arbeit mit einer attraktiven Bezahlung
- Berufliche Entwicklung: Bei uns können Sie wachsen: Wir fördern Sie durch verantwortungsvolle und praxisnahe Aufgaben
- Weitere Benefits: Kantine, Sportangebote sowie Zuschuss zum Firmenticket sind nur einige Beispiele

Die KBV gewährleistet die berufliche Gleichstellung von Frauen und Männern. Schwerbehinderte Menschen werden bei gleicher Eignung besonders berücksichtigt. Die Stelle ist für die Besetzung mit Teilzeitkräften grundsätzlich geeignet. Gerne können Sie auch die externe Bewerbungsfrist über den angegebenen Link nutzen.",,2026-06-11T08:16:23.459855+00:00
