id_referensi,kategori,nama_perusahaan,kota,alamat,jenis_ausbildung,spesialisasi,tahun_mulai,bulan_mulai,gaji,skor_kelengkapan,tipe_website,email_bewerbung,link_bewerbung,cara_apply,kontak_hr,link_arbeitsagentur,ringkasan,butuh_manual,status_lamaran,prioritas,deskripsi,persyaratan,tanggal_scrape
NRW-375-10790,ausbildung_nrw_ae,G DATA CyberDefense AG,Bochum,Königsallee 178 a 44799 Bochum,Ausbildung | Fachinformatiker/in - Anwendungsentwicklung (2026),ae,,,,93,company,personal@gdata.de,https://www.gdata.de/karriere/online-bewerbung/sejkjq68t0zr43lem1udqzvjyt6k80o?jh=sejkjq68t0zr43lem1udqzvjyt6k80o&sa=1,email,"Kontakt
0234 9762 265
personal@gdata.de
https://www.gdata.de
Königsallee 178 a
44799 Bochum
Lena Kurrat
Personalreferentin
0234 9762 265
personal@gdata.de
Social Media
Standort
+
–
⤢
info@ausbildung.nrw
Kontakt
Datenschutz
Impressum
Ausbildung.NRW ist ein Kooperationsprojekt der Industrie- und Handelskammern in Nordrhein-Westfalen.
umgesetzt von der www.spieker.agency",,G DATA CyberDefense AG | Ausbildung | Fachinformatiker/in - Anwendungsentwicklung (2026) | Bochum,tidak,belum,tinggi,"Fachinformatiker/in - Anwendungsentwicklung (2026)

Fachinformatiker/in - Anwendungsentwicklung in Bochum (2026)
Mehr Informationen
Angebote
Berufsfelderkundungstag
Duale Ausbildung (Vollzeit)
Praktikum

Dank der Rotation hast Du die Chance, verschiedene Teams und Abteilungen kennenzulernen. Diese Vielfalt ermöglichst es Dir, wertvolle Erfahrungen zu sammeln, Deine Stärken zu entdecken und diese gezielt weiterzuentwickeln. Dies schafft optimale Voraussetzungen, um Deine erworbenen Fähigkeiten in das Berufsleben einzubringen und von vielfältigen Entwicklungsperspektiven zu profitieren.

Schon gewusst?
Jedes Jahr zum ersten August starten neue Azubis ihre Ausbildung bei G DATA. Wir haben mal einen Blick hinter die Kulissen geworfen und in diesem Blogbeitrag weitere Infos für Dich zusammengestellt.

So kannst du dich bewerben
Bewirb Dich einfach online über unsere Karriereseite und lade dort Deine vollständigen Bewerbungsunterlagen hoch: https://www.gdata.de/jobs
Solltest Du zu den Ausbildungsberufen, dem Bewerbungsprozess oder anderem Fragen haben, dann melde Dich telefonisch unter folgender Nummer bei uns: 0234- 9762 265. Wir helfen Dir jederzeit weiter.
Mehr Informationen","Dank der Rotation hast Du die Chance, verschiedene Teams und Abteilungen kennenzulernen. Diese Vielfalt ermöglichst es Dir, wertvolle Erfahrungen zu sammeln, Deine Stärken zu entdecken und diese gezielt weiterzuentwickeln. Dies schafft optimale Voraussetzungen, um Deine erworbenen Fähigkeiten in das Berufsleben einzubringen und von vielfältigen Entwicklungsperspektiven zu profitieren.",2026-06-12T09:55:38.341181+00:00
10001-1003152636-S,fachinformatiker_ae_2026,Knappschaft-Bahn-See KdöR,Bochum,"Knappschaftstraße 1, 44799 Bochum",Ausbildung | Fachinformatiker/in - Anwendungsentwicklung,ae,2026,,,93,ba_portal,_recruiting@kbs.de,https://www.arbeitsagentur.de/jobsuche/jobdetail/10001-1003152636-S,email,"**Hast du noch Fragen? Dann melde dich bei uns.**
Alexander Behlau, Tel. 0234 304-53127 (Fragen zum Studium)",https://www.arbeitsagentur.de/jobsuche/jobdetail/10001-1003152636-S,Knappschaft-Bahn-See KdöR | Ausbildung | Fachinformatiker/in - Anwendungsentwicklung | Bochum,tidak,belum,tinggi,"Du möchtest in einem großen IT-Bereich einen zukunftsorientierten Beruf erlernen und dich zu einem IT-Spezialisten entwickeln? Dann bist du bei uns richtig.\*\* 

- **Zum 01. September 2027 bieten wir 3 Ausbildungsplätze für den Schwerpunkt Anwendungsentwicklung an**
- **Bewerbungsfrist bis 31.05.2027**
- **Dein Gehalt im 1. Jahr 1.368 EUR brutto monatlich**

**Du fragst dich, was uns besonders macht und weshalb du eine Ausbildung bei uns beginnen sollten?**

Mit rund 500 Auszubildenden in zwei Ausbildungsberufen und zwei dualen Studiengängen gehören wir als Deutsche Rentenversicherung Knappschaft-Bahn-See (Bundesbehörde) zu den großen Ausbildern deutschlandweit.

In unserem hauseigenen Rechenzentrum in Bochum mit IBM Power-, AIX-, Linux- und Windows-Systemen zur Versorgung von über 80 Dienststellen sowie einer an modernen Programmiertechniken ausgerichteten Anwendungsentwicklung eines großen Sozialversicherungsträgers bieten wir optimale Rahmenbedingungen für die Praxisausbildung unserer IT-Nachwuchskräfte.

**Was dich bei uns erwartet?**

- Du bist von Beginn an Teil eines innovativen Teams, das mit modernen Programmiertechniken und -methoden die Softwareanwendungen für sämtliche Bereiche unseres Verbundsystems weiterentwickelt.
- Im Team installierst und konfigurierst du vernetzte IT-Systeme und nimmst Systeme der IT-Technik in Betrieb.
- Du lernst Störungen durch den Einsatz von Experten- und Diagnosesysteme zu beheben.
- Während der Ausbildung erlernst du vielfältige Methoden der Projektplanung, -durchführung und -kontrolle und setzt diese entsprechend ein.

**Was wir dir bieten?**

Uns ist nicht nur die Zufriedenheit unserer Versicherten von großer Bedeutung, sondern als Arbeitgeber natürlich auch die Zufriedenheit unserer Mitarbeitenden und somit auch unserer Nachwuchskräfte.

**Wir bieten dir attraktive Rahmenbedingungen:**

- ein überdurchschnittliches Ausbildungsentgelt **ab 1.368 EUR (1. Jahr) bis 1.464 (3. Jahr) brutto**
- vermögenswirksame Leistungen
- eine Jahressonderzahlung (Weihnachtsgeld)
- gleitende Arbeitszeiten
- Urlaubsanspruch von 31 Arbeitstagen im Kalenderjahr
- persönliches Laptop und IPad während der Ausbildungszeit
- projektbezogenes Lernen und Arbeiten
- Lernmittelzuschuss (1 x jährlich): 50,00 EUR brutto
- zusätzliche Altersversorgung
- Abschlussprämie von 400,00 EUR bei dem erfolgreichen Abschluss der Ausbildung
- eine hohe Übernahmequote

**Was wir von dir erwarten?**

- Mit der vollen Fachhochschulreife (schulischer und praktischer Teil) oder dem Abitur kannst du mit der Ausbildung beginnen.
- Dein Interesse an Computern geht über den Spaß an „Spielen und Surfen“ hinaus.
- Es fällt dir leicht, mit mathematischen und logischen Zusammenhängen umzugehen.
- Du verfügst über einen sicheren Umgang mit der deutschen Sprache (Sprachniveau B 2)
- Du verfügst über gute Englischkenntnisse
- Du hast Spaß daran, in einem Team zu arbeiten und kannst dennoch eigenständig tätig sein.

**Haben wir dein Interesse geweckt?**

Mehr Informationen zu unserem Studienangebot gibt es auf unsere [**Homepage**](https://karriere.kbs.de/DE/Ausbildung/Fachinformatiker/node).

**Wir freuen uns auf deine Bewerbung** (persönliches Anschreiben, tabellarischer Lebenslauf, aktuelles Schulzeugnis) über unser [**Onlineportal**](https://bewerberportal.net/register/RUWKEDGR7JG4DDUYE8).

**Hast du noch Fragen? Dann melde dich bei uns.**
Alexander Behlau, Tel. 0234 304-53127 (Fragen zum Studium)
Annette Zielonka, Tel. 0234/304-53300 (Fragen zum Bewerbungsverfahren)
Mail: bildung\_recruiting@kbs.de

**Abschließende Infos:**

Für uns ist die Vereinbarkeit von Beruf und Familie bzw. Pflege eine Selbstverständlichkeit. Seit 2005 werden wir regelmäßig mit dem Zertifikat berufundfamilie ausgezeichnet.

 Wir gewährleisten die berufliche Gleichstellung von Frauen und Männern.

 Außerdem unterstützen wir die Ziele der UN-Behindertenrechtskonvention und setzen uns besonders für die Belange von Menschen mit Beeinträchtigungen ein. Nach Maßgabe des SGB IX und des Behindertengleichstellungsgesetzes begrüßen wir daher ausdrücklich Bewerbungen von schwerbehinderten Menschen; hinsichtlich der Erfüllung der Ausschreibungsvoraussetzungen erfolgt eine individuelle Betrachtung. Begrüßt werden Bewerbungen von Menschen aller Nationalitäten.

**Hinweis zum Datenschutz:**
Mit Ihrer Bewerbung erklären Sie sich einverstanden, dass Ihre personenbezogenen Daten erfasst und zur Abwicklung des Bewerbungs- und ggf. Einstellungsverfahrens gespeichert werden.
Wir behandeln diese Daten mit größter Sorgfalt nach den gesetzlichen Bestimmungen zum Datenschutz.","- Du verfügst über einen sicheren Umgang mit der deutschen Sprache (Sprachniveau B 2)
- Du verfügst über gute Englischkenntnisse
- Du hast Spaß daran, in einem Team zu arbeiten und kannst dennoch eigenständig tätig sein.",2026-06-11T08:14:09.908838+00:00
10001-1003152644-S,fachinformatiker_ae_2026,Knappschaft-Bahn-See KdöR,Bochum,"Knappschaftstraße 1, 44799 Bochum",Ausbildung | Fachinformatiker/in - Systemintegration,ae,2026,,,93,ba_portal,_recruiting@kbs.de,https://www.arbeitsagentur.de/jobsuche/jobdetail/10001-1003152644-S,email,"**Hast du noch Fragen? Dann melde dich bei uns.**
Alexander Behlau, Tel. 0234 304-53127 (Fragen zur Ausbildung)",https://www.arbeitsagentur.de/jobsuche/jobdetail/10001-1003152644-S,Knappschaft-Bahn-See KdöR | Ausbildung | Fachinformatiker/in - Systemintegration | Bochum,tidak,belum,tinggi,"**Du möchtest in einem großen IT-Bereich einen zukunftsorientierten Beruf erlernen und dich zu einem IT-Spezialisten entwickeln? Dann bist du bei uns richtig.**

- **Zum 01. September 2027 bieten wir 3 Ausbildungsplätze für den Schwerpunkt Systemintegration an**
- **Bewerbungsfrist bis 31.05.2027**
- **Dein Gehalt im 1. Jahr 1.368 EUR brutto monatlich.**

**Du fragst dich, was uns besonders macht und weshalb du eine Ausbildung bei uns beginnen sollten?**

Mit rund 500 Auszubildenden in zwei Ausbildungsberufen und zwei dualen Studiengängen gehören wir als Deutsche Rentenversicherung Knappschaft-Bahn-See (Bundesbehörde) zu den großen Ausbildern deutschlandweit.

In unserem hauseigenen Rechenzentrum in Bochum mit IBM Power-, AIX-, Linux- und Windows-Systemen zur Versorgung von über 80 Dienststellen sowie einer an modernen Programmiertechniken ausgerichteten Anwendungsentwicklung eines großen Sozialversicherungsträgers bieten wir optimale Rahmenbedingungen für die Praxisausbildung unserer IT-Nachwuchskräfte.

**Was dich bei uns erwartet?**

- Du bist von Beginn an Teil eines innovativen Teams, das mit modernen Programmiertechniken und -methoden die Softwareanwendungen für sämtliche Bereiche unseres Verbundsystems weiterentwickelt.
- Im Team installierst und konfigurierst du vernetzte IT-Systeme und nimmst Systeme der IT-Technik in Betrieb.
- Du lernst Störungen durch den Einsatz von Experten- und Diagnosesysteme zu beheben.
- Während der Ausbildung erlernst du vielfältige Methoden der Projektplanung, -durchführung und -kontrolle und setzt diese entsprechend ein.

**Was wir dir bieten?**

Uns ist nicht nur die Zufriedenheit unserer Versicherten von großer Bedeutung, sondern als Arbeitgeber natürlich auch die Zufriedenheit unserer Mitarbeitenden und somit auch unserer Nachwuchskräfte.

**Wir bieten dir attraktive Rahmenbedingungen:**

- ein überdurchschnittliches Ausbildungsentgelt **ab 1.368,26 EUR (1. Jahr) bis 1.464,02 (3. Jahr) brutto**
- vermögenswirksame Leistungen
- eine Jahressonderzahlung (Weihnachtsgeld)
- gleitende Arbeitszeiten
- Urlaubsanspruch von 31 Arbeitstagen im Kalenderjahr
- persönliches Laptop und IPad während der Ausbildungszeit
- projektbezogenes Lernen und Arbeiten
- Lernmittelzuschuss (1 x jährlich): 50,00 EUR brutto
- zusätzliche Altersversorgung
- Abschlussprämie von 400,00 EUR bei dem erfolgreichen Abschluss der Ausbildung
- eine hohe Übernahmequote

**Was wir von dir erwarten?**

- Mit der vollen Fachhochschulreife (schulischer und prakitscher Teil) oder dem Abitur kannst du mit der Ausbildung beginnen.
- Dein Interesse an Computern geht über den Spaß an „Spielen und Surfen“ hinaus.
- Es fällt dir leicht, mit mathematischen und logischen Zusammenhängen umzugehen.
- Du verfügst über einen sicheren Umgang mit der deutschen Sprache (Sprachniveau B 2)
- Du verfügst über gute Englischkenntnisse
- Du hast Spaß daran, in einem Team zu arbeiten und kannst dennoch eigenständig tätig sein.

**Haben wir dein Interesse geweckt?**

Mehr Informationen zu unserem Studienangebot gibt es auf unsere [**Homepage**](https://karriere.kbs.de/DE/Ausbildung/Fachinformatiker/node).

**Wir freuen uns auf deine Bewerbung** (persönliches Anschreiben, tabellarischer Lebenslauf, aktuelles Schulzeugnis) über unser [Onlineportal](https://bewerberportal.net/register/RUWKEDGR7FAF6MRXS3).

**Hast du noch Fragen? Dann melde dich bei uns.**
Alexander Behlau, Tel. 0234 304-53127 (Fragen zur Ausbildung)
Annette Zielonka, Tel. 0234/304-53300 (Fragen zum Bewerbungsverfahren)
Mail: bildung\_recruiting@kbs.de

**Abschließende Infos:**

Für uns ist die Vereinbarkeit von Beruf und Familie bzw. Pflege eine Selbstverständlichkeit. Seit 2005 werden wir regelmäßig mit dem Zertifikat berufundfamilie ausgezeichnet.

 Wir gewährleisten die berufliche Gleichstellung von Frauen und Männern.

 Außerdem unterstützen wir die Ziele der UN-Behindertenrechtskonvention und setzen uns besonders für die Belange von Menschen mit Beeinträchtigungen ein. Nach Maßgabe des SGB IX und des Behindertengleichstellungsgesetzes begrüßen wir daher ausdrücklich Bewerbungen von schwerbehinderten Menschen; hinsichtlich der Erfüllung der Ausschreibungsvoraussetzungen erfolgt eine individuelle Betrachtung. Begrüßt werden Bewerbungen von Menschen aller Nationalitäten.

**Hinweis zum Datenschutz:**
Mit Ihrer Bewerbung erklären Sie sich einverstanden, dass Ihre personenbezogenen Daten erfasst und zur Abwicklung des Bewerbungs- und ggf. Einstellungsverfahrens gespeichert werden.
Wir behandeln diese Daten mit größter Sorgfalt nach den gesetzlichen Bestimmungen zum Datenschutz.","- Du verfügst über einen sicheren Umgang mit der deutschen Sprache (Sprachniveau B 2)
- Du verfügst über gute Englischkenntnisse
- Du hast Spaß daran, in einem Team zu arbeiten und kannst dennoch eigenständig tätig sein.",2026-06-11T08:15:27.837719+00:00
10001-1002064384-S,fachinformatiker_ae_2026,CompuGroup Medical SE & Co. KGaA,Bochum,"Gesundheitscampus-Süd 17, 44801 Bochum",Ausbildung | Fachinformatiker/in - Anwendungsentwicklung,ae,2026,,,87,ba_portal,,https://www.arbeitsagentur.de/jobsuche/jobdetail/10001-1002064384-S,ba_portal,"Übrigens, wir möchten Dir sehr gerne schon jetzt das ""Du"" anbieten. Hab also keine Scheu auch uns zu Duzen, gerne auch in Deinem Bewerbungsanschreiben und bei jedem weiteren Kontakt.",https://www.arbeitsagentur.de/jobsuche/jobdetail/10001-1002064384-S,CompuGroup Medical SE & Co. KGaA | Ausbildung | Fachinformatiker/in - Anwendungsentwicklung | Bochum,ya,belum,rendah,"Unsere Vision: „Niemand soll leiden oder gar sterben, nur weil irgendwann, irgendwo wichtige Informationen fehlen“. Du interessierst Dich für Softwareentwicklung und möchtest eine zukunftssichere Ausbildung in einem innovativen Unternehmen absolvieren? Dann bist Du bei uns genau richtig!

Wir freuen uns darauf, Dich auf Deinem beruflichen Weg zu begleiten.

**Was erwartet Dich?** 

- Du erlernst die Entwicklung und Implementierung von medizinischen Softwarelösungen
- Du analysierst und optimierst bestehende Systeme
- Du arbeitest mit Teams aus verschiedenen Fachbereichen zusammen, um gemeinsam Lösungen zu finden
- Du dokumentierst und testest die entwickelten Anwendungen
- C#, C++, Java, JavaScript: Du beherrschst zum Ende Deiner Ausbildung Programmiersprachen, wie andere Fremdsprachen

**Was bieten wir Dir?**

- **Sichere Perspektive:** Beste Übernahmechancen nach erfolgreichem Abschluss
- **Vielseitigkeit:** Deine Ausbildung wird praxisorientiert und abwechslungsreich gestaltet
- **Reflexion:** Regelmäßige Beurteilungs- und Entwicklungsgespräche
- **Weiterentwicklung:** Regelmäßig stattfindende Workshops zur persönlichen und fachlichen Weiterbildung
- **Attraktive Vergütung:** Wir zahlen Dir eine faire Ausbildungsvergütung (zzgl. 13. Monatsgehalt und monatlichem Fahrtkostenzuschlag)
- **Kostenübernahme:** Wir übernehmen die Kosten der (IHK-)Vorbereitungskurse
- **Prämie:** Wir belohnen (sehr) gute Abschlussprüfungen in Form einer Prämie
- **Feel Good:** Unser digitales Feel Good Management hält zahlreiche Angebote bereit, die deine Gesundheit fördern.
- **Sinnstiftend:** Lernen in einem Umfeld, das aktiv zur Verbesserung der Gesundheitsversorgung weltweit beiträgt

**Für die Ausbildung Fachinformatik für Anwendungsentwicklung (m/w/d) solltest Du:**

- Ein großes Interesse an Informatik und Programmierung mitbringen
- Freude daran haben, komplexe Probleme zu erkennen und zu lösen
- Neugierig und motiviert sein, ständig neue Technologien zu lernen
- Gute Kenntnisse in Englisch und Mathematik haben (besonders in Logik)
- Gerne im Team arbeiten und gut kommunizieren können (Deutsch: C1 Niveau)

Wenn Du Dich in diesen Punkten wiedererkennst, dann bist Du bei uns genau richtig!

Übrigens, wir möchten Dir sehr gerne schon jetzt das ""Du"" anbieten. Hab also keine Scheu auch uns zu Duzen, gerne auch in Deinem Bewerbungsanschreiben und bei jedem weiteren Kontakt.

Wir freuen uns auf Deine aussagekräftige Bewerbung.",Mittlere Reife / Realschulabschluss,2026-06-11T08:14:21.715241+00:00
10001-1002187340-S,fachinformatiker_ae_2026,G DATA CyberDefense AG,Bochum,"Königsallee 178a, 44799 Bochum",Ausbildung | Fachinformatiker/in - Anwendungsentwicklung,ae,2026,,Jahr 1: 1000 EUR/Monat | Jahr 2: 1075 EUR/Monat | Jahr 3: 1150 EUR/Monat,87,ba_portal,,https://www.arbeitsagentur.de/jobsuche/jobdetail/10001-1002187340-S,ba_portal,,https://www.arbeitsagentur.de/jobsuche/jobdetail/10001-1002187340-S,G DATA CyberDefense AG | Ausbildung | Fachinformatiker/in - Anwendungsentwicklung | Bochum,ya,belum,rendah,"Dein Code. Deine Ideen. Deine Zukunft.

Stell Dir vor: Du sitzt nicht tatenlos vor dem Bildschirm, sondern baust Software, die täglich Menschen schützt. Du tüftelst an Lösungen, bringst eigene Ideen ein und siehst, wie aus Codezeilen echte Anwendungen werden. Genau so könnte Dein Alltag bei G DATA aussehen, wenn Du ab dem 1. August 2026 Deine Ausbildung bei uns startest.
Denn bei uns bist Du von Anfang an Teil des Teams. Du entdeckst unterschiedliche Technologien, lernst moderne Arbeitsweisen kennen und bekommst einen echten Einblick in die Welt der IT-Sicherheit. Egal, ob Du gerade erst startest oder schon Programmiererfahrung mitbringst – hier kannst Du Deine Skills ausbauen, Verantwortung übernehmen und an Projekten arbeiten, die wirklich zählen.

## Deine Aufgaben

- Du bist mittendrin: Entdecke verschiedene Bereiche in unserer Forschung und Entwicklung, in denen Du in die Welt der Cybersecurity eintauchst. Hier sammelst Du Wissen über moderne Softwareentwicklung und IT-Sicherheit, das direkt aus der Praxis stammt.
- Du wirst zum Entwickler: Während Deiner Ausbildung lernst Du verschiedene Programmier- und Skriptsprachen kennen wie z. B. Python, Java oder C# und arbeitest mit aktuellen Frameworks und Datenbanksystemen.
- Du gestaltest unsere Software mit: Unterstütze unsere Entwicklerteams bei der Programmierung unserer Software, teste sie auf Fehler und hilf anschließend dabei, diese zu beheben.
- Du übernimmst Verantwortung: Bei uns schaust Du den Kolleg\*innen nicht nur über die Schulter, sondern bist von Anfang an dabei. Das bedeutet, dass Du eigenverantwortlich an Projekten arbeitest und so nicht nur Neues dazu lernst, sondern mit Deinen eigenen Ideen auch Neues einbringst.
- Du vertiefst Dein Wissen: An ein bis zwei Tagen in der Woche tauchst Du in der Technischen Beruflichen Schule 1 tiefer in die Materie ein und kannst Dich mit den anderen Auszubildenden austauschen.

## Dein Profil

- Du hast die allgemeine oder fachgebundene Hochschulreife mit mindestens guten Noten in Mathematik, Deutsch und Englisch abgeschlossen oder erste Erfahrungen im IT-Bereich, beispielsweise durch ein abgebrochenes Studium, gesammelt
- Du konntest Dich bereits an kleineren Projekten ausprobieren, sei es durch ein Praktikum oder in Deiner Freizeit und so erste Programmiererfahrung sammeln
- Du bezeichnest Dich selbst als IT affin und bist von den technischen Zusammenhängen fasziniert, die die Welt der IT umgeben
- Du bist geschickt darin, Zusammenhänge zu finden und Herausforderungen zu meistern, denn für Dich ist kein Problem zu groß
- Du besitzt viel Eigeninitiative, findest es aber genauso gut, wenn man als Team zusammenhält und gemeinsam großartige Dinge erreicht

## Deine Vorteile bei G DATA

**Zukunftsperspektive**
Hohe Übernahmechancen bei guten Leistungen in einer wachstumsstarken Branche

**Prüfungsvorbereitung**
Unterstützung bei Berufsschule und Prüfungen - mit Lernzeit und Hilfe bei Schulaufgaben

**Mentorenprogramm und Onboarding**
Strukturierter Start, Unterstützung durch Dein Team und moderne Ausstattung - auch für die Berufsschule

**Bonus**
Zeugnisgeld für gute Noten sowie finanzielle Unterstützung bei Schulmaterialien und Büchern

**Bio-Speisen und Getränke**
Kostenlose Verpflegung im Bistro: frische, hochwertige Speisen, dazu Obst, Brot, Kaffee und weitere Getränke

**Perspektive&#160;**
Weiterbildungen und Sprachkurse für Deine Weiterentwicklung

**Campus-Feeling**
Für Austausch und Spaß stehen Café, Arcade Raum, Kicker- und Billardtisch zur Verfügung

**Gilden-Konzept**
Wissen teilen, Sport-Zuschuss und Freizeit-Communities

**Vergünstigungen**
Rabatte über „Corporate Benefits” und kostenlose Software-Lizenzen

**Events**
Ob Sommerfest, Weihnachtsfeier oder Teamevents – wir feiern und erleben gemeinsam

**Mobilität&#160;**
Eigener Parkplatz, E-Ladesäulen, Jobrad, Anbindung zum Radweg, Fahrradkeller und Duschen","## Dein Profil
- Du hast die allgemeine oder fachgebundene Hochschulreife mit mindestens guten Noten in Mathematik, Deutsch und Englisch abgeschlossen oder erste Erfahrungen im IT-Bereich, beispielsweise durch ein abgebrochenes Studium, gesammelt
- Du konntest Dich bereits an kleineren Projekten ausprobieren, sei es durch ein Praktikum oder in Deiner Freizeit und so erste Programmiererfahrung sammeln
- Du bezeichnest Dich selbst als IT affin und bist von den technischen Zusammenhängen fasziniert, die die Welt der IT umgeben
- Du bist geschickt darin, Zusammenhänge zu finden und Herausforderungen zu meistern, denn für Dich ist kein Problem zu groß
- Du besitzt viel Eigeninitiative, findest es aber genauso gut, wenn man als Team zusammenhält und gemeinsam großartige Dinge erreicht",2026-06-11T08:13:09.708469+00:00
10001-1002146396-S,fachinformatiker_ae,Pradtke GmbH,Bochum,"Kirchharpener Str. 46, 44805 Bochum",Ausbildung | Fachinformatiker/in - Anwendungsentwicklung,ae,,,,87,ba_portal,post@pradtke.de,https://www.arbeitsagentur.de/jobsuche/jobdetail/10001-1002146396-S,email,,https://www.arbeitsagentur.de/jobsuche/jobdetail/10001-1002146396-S,Pradtke GmbH | Ausbildung | Fachinformatiker/in - Anwendungsentwicklung | Bochum,tidak,belum,tinggi,"**Wir bei Pradtke sind Marktführer für Personaleinsatzsoftware in Krankenhäusern, Feuerwehren&#160;**

und anderen Einrichtungen der Daseinsfürsorge. Unsere App »TIMEOFFICE« sorgt mit kollaborativer Einsatzplanung, umfassenden Compliance-Checks, raschem Engpass-Management und präziser Lohnabrechnung dafür, dass unsere Kunden optimal arbeiten und Bestmögliches für uns alle leisten können.

Aktuell sind wir rund 60 Menschen, die selbstorganisiert und dezentral in zehn Teams arbeiten, die bei uns Zellen heißen. Wir wachsen stetig weiter – in Köpfen wie Könnerschaften. Deswegen suchen wir Dich.

**WAS DICH ERWARTET**

Jede unserer Business-Zellen betreut rund 30 Kundenorganisationen, die sich aus Krankenhäusern sowie Feuerwehren und Rettungsdiensten zusammensetzen.

Gemeinsam kümmern sich die Zell-Teams im engen Dialog mit ihren Kundinnen und Kunden um die technische und inhaltliche Einführung und Pflege des Systems, erarbeiten Konzepte, implementieren individuelle Anforderungen, qualifizieren Nutzende, beantworten Fragen und lösen technische Probleme. Ihr Ziel: TIMEOFFICE ist in jeder unserer Kundenorganisationen immer optimal aufgestellt. Außerdem kümmern sich Teams um die Sicherung und Steigerung der eigenen Profitabilität, arbeiten an ihrer Sichtbarkeit im Markt und gewinnen eigenverantwortlich neue Kunden hinzu. Kurzum: Eine Zelle funktioniert wie ein kleines Unternehmen, das sein Geschäft eigenverantwortlich und profitabel selbst organisiert muss.

Während deiner dreijährigen Ausbildung zum „Fachinformatiker für Anwendungsentwicklung (d/m/w) entwickelst und gestaltest du Software aus unserem Produktportfolio rund um TIMEOFFICE.

Bei uns erstellst du (Web-)Oberflächen, programmierst die Logik für unsere Anwendungen und planst, wie die benötigten Daten gespeichert werden können. Du wirst Teil des Teams Erfolgsgestalter, das aus Kolleginnen und Kollegen aus den Bereichen Softwareentwicklung, Beratung und Produktmanagement besteht. Du lernst unsere Weboberflächen mit HTML, CSS und dem JavaScript-Framework Vue.js zu gestalten und unsere Geschäftslogik in C# zu entwickeln.

Unsere Teams sind multiprofessionell zusammengestellt, deine Ausbildung endet daher nicht an den Grenzen der Entwicklung, sondern du erhältst Einblicke in alle Fachbereiche.

**WAS WIR UNS WÜNSCHEN**

- Die Schule schließt du mit einer guten Fachhochschulreife oder mit dem Abitur ab.
- Mathematik und Informatik zählen zu deinen Lieblingsfächern.
- Deutsch und Englisch stellen dich vor keine Herausforderung.
- Das Arbeiten am PC und die Projektarbeit in Teams machen dir Spaß.

**WAS WIR DIR BIETEN**

- Wir bieten eine moderne Arbeitswelt mit verantwortungsvollen und interessanten Aufgaben.
- Bei uns findest du eine Unternehmenskultur, in der deine Eigeninitiative und dein Engagement gefördert werden. Hierachien findest Du bei uns nicht.
- Um dich optimal auf Deinen späteren Berufseinstieg vorzubereiten, ergänzen wir deine Ausbildung durch zahlreiche unternehmensinterne Schulungen und Workshops.
- Bei uns wird Teamgeist groß geschrieben: Egal ob im Büro oder beim gemeinsamen Grillen.
- Bei uns gibt es betriebliche Zusatzleistungen wie beispielsweise eine betriebliche Krankenzusatzversicherung, vermögenswirksame Leistungen und Altersvorsorge natürlich auch für unsere Auszubildenden.
- Wir bieten weitere Benefits wie Dienstfahrradprogramm und Corporate Benefits

**Wat NU?**

Fühlst Du Dich angesprochen, bist Dir aber noch unsicher? Bewirb Dich auf jeden Fall und überzeuge uns davon, dass uns Deine Skills noch fehlen. Wir freuen uns schon auf Deinen Besuch. Schick Deine Bewerbung inklusive Motivationsschreiben und Lebenslauf als PDF an post@pradtke.de und vergiss nicht, uns Deinen frühestmöglichen Eintrittstermin sowie Deine Gehaltsvorstellung mitzuteilen.","Gemeinsam kümmern sich die Zell-Teams im engen Dialog mit ihren Kundinnen und Kunden um die technische und inhaltliche Einführung und Pflege des Systems, erarbeiten Konzepte, implementieren individuelle Anforderungen, qualifizieren Nutzende, beantworten Fragen und lösen technische Probleme. Ihr Ziel: TIMEOFFICE ist in jeder unserer Kundenorganisationen immer optimal aufgestellt. Außerdem kümmern sich Teams um die Sicherung und Steigerung der eigenen Profitabilität, arbeiten an ihrer Sichtbarkeit im Markt und gewinnen eigenverantwortlich neue Kunden hinzu. Kurzum: Eine Zelle funktioniert wie ein kleines Unternehmen, das sein Geschäft eigenverantwortlich und profitabel selbst organisiert muss.
Während deiner dreijährigen Ausbildung zum „Fachinformatiker für Anwendungsentwicklung (d/m/w) entwickelst und gestaltest du Software aus unserem Produktportfolio rund um TIMEOFFICE.
Fachgebundene Hochschulreife",2026-06-11T09:12:31.111127+00:00
ASD-998030001604220763,ausbildungsstellen_si,Azubiyo,Bochum,K&#246;nigsallee 178a 44799 Bochum Nordrhein-Westfalen,Ausbildung Fachinformatiker für Anwendungsentwicklung (m/w/d) 2026,ae,,,"1.000 €, 1.075 €, 1.150 €",80,company,,https://www.azubiyo.de/bewerbung/,portal,,,Azubiyo | Ausbildung Fachinformatiker für Anwendungsentwicklung (m/w/d) 2026 | Bochum,tidak,belum,sedang,"Ausbildung Fachinformatiker für Anwendungsentwicklung (m/w/d) 2026

Deine Aufgaben
- Du bist mittendrin: Entdecke verschiedene Bereiche in unserer Forschung und Entwicklung, in denen Du in die Welt der Cybersecurity eintauchst. Hier sammelst Du Wissen über moderne Softwareentwicklung und IT-Sicherheit, das direkt aus der Praxis stammt.
- Du wirst zum Entwickler: Während Deiner Ausbildung lernst Du verschiedene Programmier- und Skriptsprachen kennen wie z. B. Python, Java oder C# und arbeitest mit aktuellen Frameworks und Datenbanksystemen.
- Du gestaltest unsere Software mit: Unterstütze unsere Entwicklerteams bei der Programmierung unserer Software, teste sie auf Fehler und hilf anschließend dabei, diese zu beheben.
- Du übernimmst Verantwortung: Bei uns schaust Du den Kolleg*innen nicht nur über die Schulter, sondern bist von Anfang an dabei. Das bedeutet, dass Du eigenverantwortlich an Projekten arbeitest und so nicht nur Neues dazu lernst, sondern mit Deinen eigenen Ideen auch Neues einbringst.

- Du vertiefst Dein Wissen: An ein bis zwei Tagen in der Woche tauchst Du in der Technischen Beruflichen Schule 1 tiefer in die Materie ein und kannst Dich mit den anderen Auszubildenden austauschen.Dein Profil
- Du hast die allgemeine oder fachgebundene Hochschulreife mit mindestens guten Noten in Mathematik, Deutsch und Englisch abgeschlossen oder erste Erfahrungen im IT-Bereich, beispielsweise durch ein abgebrochenes Studium, gesammelt
- Du konntest Dich bereits an kleineren Projekten ausprobieren, sei es durch ein Praktikum oder in Deiner Freizeit und so erste Programmiererfahrung sammeln
- Du bezeichnest Dich selbst als IT affin und bist von den technischen Zusammenhängen fasziniert, die die Welt der IT umgeben
- Du bist geschickt darin, Zusammenhänge zu finden und Herausforderungen zu meistern, denn für Dich ist kein Problem zu groß

- Du besitzt viel Eigeninitiative, findest es aber genauso gut, wenn man als Team zusammenhält und gemeinsam großartige Dinge erreichtDeine Vorteile bei G DATA
Zukunftsperspektive
Hohe Übernahmechancen bei guten Leistungen in einer wachstumsstarken Branche
Prüfungsvorbereitung
Unterstützung bei Berufsschule und Prüfungen - mit Lernzeit und Hilfe bei Schulaufgaben
Mentorenprogramm und Onboarding
Strukturierter Start, Unterstützung durch Dein Team und moderne Ausstattung - auch für die Berufsschule
Bonus","- Du vertiefst Dein Wissen: An ein bis zwei Tagen in der Woche tauchst Du in der Technischen Beruflichen Schule 1 tiefer in die Materie ein und kannst Dich mit den anderen Auszubildenden austauschen.Dein Profil
- Du hast die allgemeine oder fachgebundene Hochschulreife mit mindestens guten Noten in Mathematik, Deutsch und Englisch abgeschlossen oder erste Erfahrungen im IT-Bereich, beispielsweise durch ein abgebrochenes Studium, gesammelt
- Du konntest Dich bereits an kleineren Projekten ausprobieren, sei es durch ein Praktikum oder in Deiner Freizeit und so erste Programmiererfahrung sammeln
- Du bezeichnest Dich selbst als IT affin und bist von den technischen Zusammenhängen fasziniert, die die Welt der IT umgeben
- Du bist geschickt darin, Zusammenhänge zu finden und Herausforderungen zu meistern, denn für Dich ist kein Problem zu groß",2026-06-13T12:50:39.181987+00:00
AZUB-2fg1483e,azubiyo_de_ae,Azubiyo,Bochum,Königsallee 178a 44799 Bochum Nordrhein-Westfalen,Ausbildung | Fachinformatiker für Anwendungsentwicklung (m/w/d) 2026,ae,,,"1.000 €, 1.075 €, 1.150 €",73,empty,,https://www.azubiyo.de/stellenanzeigen/2FG1483E/bewerben/,portal,,,Azubiyo | Ausbildung | Fachinformatiker für Anwendungsentwicklung (m/w/d) 2026 | Bochum,tidak,belum,sedang,"Ausbildung Fachinformatiker für Anwendungsentwicklung (m/w/d) 2026

Deine Aufgaben
- Du bist mittendrin: Entdecke verschiedene Bereiche in unserer Forschung und Entwicklung, in denen Du in die Welt der Cybersecurity eintauchst. Hier sammelst Du Wissen über moderne Softwareentwicklung und IT-Sicherheit, das direkt aus der Praxis stammt.
- Du wirst zum Entwickler: Während Deiner Ausbildung lernst Du verschiedene Programmier- und Skriptsprachen kennen wie z. B. Python, Java oder C# und arbeitest mit aktuellen Frameworks und Datenbanksystemen.
- Du gestaltest unsere Software mit: Unterstütze unsere Entwicklerteams bei der Programmierung unserer Software, teste sie auf Fehler und hilf anschließend dabei, diese zu beheben.
- Du übernimmst Verantwortung: Bei uns schaust Du den Kolleg*innen nicht nur über die Schulter, sondern bist von Anfang an dabei. Das bedeutet, dass Du eigenverantwortlich an Projekten arbeitest und so nicht nur Neues dazu lernst, sondern mit Deinen eigenen Ideen auch Neues einbringst.

- Du vertiefst Dein Wissen: An ein bis zwei Tagen in der Woche tauchst Du in der Technischen Beruflichen Schule 1 tiefer in die Materie ein und kannst Dich mit den anderen Auszubildenden austauschen.Dein Profil
- Du hast die allgemeine oder fachgebundene Hochschulreife mit mindestens guten Noten in Mathematik, Deutsch und Englisch abgeschlossen oder erste Erfahrungen im IT-Bereich, beispielsweise durch ein abgebrochenes Studium, gesammelt
- Du konntest Dich bereits an kleineren Projekten ausprobieren, sei es durch ein Praktikum oder in Deiner Freizeit und so erste Programmiererfahrung sammeln
- Du bezeichnest Dich selbst als IT affin und bist von den technischen Zusammenhängen fasziniert, die die Welt der IT umgeben
- Du bist geschickt darin, Zusammenhänge zu finden und Herausforderungen zu meistern, denn für Dich ist kein Problem zu groß

- Du besitzt viel Eigeninitiative, findest es aber genauso gut, wenn man als Team zusammenhält und gemeinsam großartige Dinge erreichtDeine Vorteile bei G DATA
Zukunftsperspektive
Hohe Übernahmechancen bei guten Leistungen in einer wachstumsstarken Branche
Prüfungsvorbereitung
Unterstützung bei Berufsschule und Prüfungen - mit Lernzeit und Hilfe bei Schulaufgaben
Mentorenprogramm und Onboarding
Strukturierter Start, Unterstützung durch Dein Team und moderne Ausstattung - auch für die Berufsschule
Bonus","- Du vertiefst Dein Wissen: An ein bis zwei Tagen in der Woche tauchst Du in der Technischen Beruflichen Schule 1 tiefer in die Materie ein und kannst Dich mit den anderen Auszubildenden austauschen.Dein Profil
- Du hast die allgemeine oder fachgebundene Hochschulreife mit mindestens guten Noten in Mathematik, Deutsch und Englisch abgeschlossen oder erste Erfahrungen im IT-Bereich, beispielsweise durch ein abgebrochenes Studium, gesammelt
- Du konntest Dich bereits an kleineren Projekten ausprobieren, sei es durch ein Praktikum oder in Deiner Freizeit und so erste Programmiererfahrung sammeln
- Du bezeichnest Dich selbst als IT affin und bist von den technischen Zusammenhängen fasziniert, die die Welt der IT umgeben
- Du bist geschickt darin, Zusammenhänge zu finden und Herausforderungen zu meistern, denn für Dich ist kein Problem zu groß",2026-06-12T09:49:51.405439+00:00
NRW-882-11946,ausbildung_nrw_ae,Friedrich Picard GmbH & Co. KG,Bochum,Dietrich-Benking-Straße 78 44805 Bochum,Ausbildung | Fachinformatiker/in - Anwendungsentwicklung (2026),ae,,,,73,company,wiam.larouiche@picard.de,https://picard.recruitee.com/o/ausbildung-fachinformatiker-mwd-anwendungsentwicklung-1,email,"Bei weiteren Rückfragen ist Wiam Larouiche deine Ansprechpartnerin.
wiam.larouiche@picard.de
fon +49 (0) 234 53993-264
Mehr Informationen
Bei uns erwartet Dich eine praxisnahe und abwechslungsreiche Ausbildung in einem internationalen Umfeld. Wir fördern Deine Stärken und geben Dir Raum für Entwicklung. Du übernimmst schnell Verantwortung für eigene Projekte und hast immer einen festen Ansprechpartner, der Dir zur Seite steht. Außerdem bieten wir Dir eine überdurchschnittliche Vergütung und eine vergünstigte Fitnessstudio-Mitgliedschaft.
Was sind Wälzlager und Lineartechnik?
Wälzlager, auch bekannt unter dem Unterbegriff »Kugellager«, bestehen aus einem Innenring, einem Außenring und Wälzkörpern (z.B. Kugeln). Sie sorgen dafür, dass sich Dinge wie ein Fidget Spinner oder auch ein Windrad, sich drehen.
Lineartechnik ist ein Teilbereich der Antriebstechnik und bezeichnet Systeme zur Ausführung von linearen Bewegungen.
Mehr Informationen
Kontakt
0234 53993 264
personal@picard.de
https://www.picard.de/
Dietrich-Benking-Straße 78
44805 Bochum
W
Wiam Larouiche
Personal
0234 53993 264
personal@picard.de
P
Patrizia Dürler
Personal
023453993224
patrizia.duerler@picard.de
Social Media
Standort
+
–
⤢
info@ausbildung.nrw
Kontakt
Datenschutz
Impressum
Ausbildung.NRW ist ein Kooperationsprojekt der Industrie- und Handelskammern in Nordrhein-Westfalen.
umgesetzt von der www.spieker.agency",,Friedrich Picard GmbH & Co. KG | Ausbildung | Fachinformatiker/in - Anwendungsentwicklung (2026) | Bochum,tidak,belum,tinggi,"Fachinformatiker/in - Anwendungsentwicklung (2026)

Fachinformatiker/in - Anwendungsentwicklung in Bochum (2026)
Mehr Informationen
Angebote
Duale Ausbildung (Vollzeit)

So kannst du dich bewerben
Bitte bewirb dich über unser Bewerberportal. Bewerbungen, die per Mail oder per Post eingehen, können wir aus datenschutzrechtlichen Gründen leider nicht berücksichtigen.",,2026-06-12T09:55:35.248118+00:00
NRW-2518-4766,ausbildung_nrw_ae,Gehax GmbH,Bochum,Hansastraße 49 44866 Bochum,Ausbildung | Fachinformatiker/in - Anwendungsentwicklung (2027),ae,,,,73,company,support@gestro.de,https://www.gestro.de/,email,"Kontakt
02327 5663050
support@gestro.de
https://www.gestro.de
Hansastraße 49
44866 Bochum
L
Larissa Rüdiger
Entwicklung, Support, Ausbildung
02327 5663050
support@gestro.de
Standort
+
–
⤢
info@ausbildung.nrw
Kontakt
Datenschutz
Impressum
Ausbildung.NRW ist ein Kooperationsprojekt der Industrie- und Handelskammern in Nordrhein-Westfalen.
umgesetzt von der www.spieker.agency",,Gehax GmbH | Ausbildung | Fachinformatiker/in - Anwendungsentwicklung (2027) | Bochum,tidak,belum,tinggi,"Fachinformatiker/in - Anwendungsentwicklung (2027)

Fachinformatiker/in - Anwendungsentwicklung in Bochum (2027)
Angebote
Sonstiges
Praktikum",,2026-06-12T09:55:42.609768+00:00
10000-1205850135-S,fachinformatiker_ae_2026,Keysight Technologies Deutschl and GmbH,Bochum,"Suttner-Nobel-Allee 21, 44803 Bochum",Ausbildung | Fachinformatiker/in - Anwendungsentwicklung,ae,2026,,,73,ba_portal,,https://www.arbeitsagentur.de/jobsuche/jobdetail/10000-1205850135-S,ba_portal,,https://www.arbeitsagentur.de/jobsuche/jobdetail/10000-1205850135-S,Keysight Technologies Deutschl and GmbH | Ausbildung | Fachinformatiker/in - Anwendungsentwicklung | Bochum,ya,belum,rendah,"**Ausbildung zum Fachinformatiker für Anwendungsentwicklung (m/w/d)**

**Deine Ausbildung bei uns**

Du wirst direkt in unser Team der Softwareentwicklung eingebunden. Dabei wirst du die wichtigsten Inhalte der Softwareentwicklung und Programmierung erlernen:

- Mitentwickeln von Anwendungen und Bedienoberflächen nach Kundenwunsch und Anpassen bestehender Softwareprodukte.
- Erarbeiten von Entwicklungskonzepten und Testen von Implementierungen.
- Anwenden moderner Programmiersprachen und Entwicklungswerkzeuge sowie Arbeiten mit verschiedenen Betriebssystemen.
- Aktive Mitarbeit mit deinen Kollegen sowie anderen Abteilungen unseres Unternehmens.
- Vermitteln deines Wissens an Anwender und Erstellen von Dokumentationen.

**Womit Du uns überzeugst**

- Deine Hochschulreife, Fachhochschulreife im technischen Bereich oder eine vergleichbare Qualifikation, z. B. eine Ausbildung zum Informationstechnischen Assistenten, hast du erfolgreich abgeschlossen.
- Du besitzt erste praktische Erfahrungen im Umgang mit EDV-Anwendungen.
- Du hast Freude an Informatik, bist technisch interessiert und motiviert, dich in komplexe Aufgabengebiete einzuarbeiten.
- Du erkennst schnell Zusammenhänge und hast Spaß daran, Lösungen zu entwickeln.
- Du kannst dich gut selbst organisieren und besitzt eine schnelle Auffassungsgabe.
- Gute Kenntnisse in der deutschen und englischen Sprache sowie ein gutes Ausdrucksvermögen setzen wir voraus.

**Unser i-Tüpfelchen für Dich**

- Aktive Mitgestaltung, Verantwortung und Wertschätzung.
- Individuelle Einarbeitung on the Job sowie zielgerichtete Weiterbildungsmöglichkeiten.
- Internationales Arbeitsumfeld in einem Team aus unterschiedlichsten Nationen.
- Flexibilität im Arbeitsalltag.
- Gemeinsame Firmenevents.","- Deine Hochschulreife, Fachhochschulreife im technischen Bereich oder eine vergleichbare Qualifikation, z. B. eine Ausbildung zum Informationstechnischen Assistenten, hast du erfolgreich abgeschlossen.
- Du besitzt erste praktische Erfahrungen im Umgang mit EDV-Anwendungen.
- Du hast Freude an Informatik, bist technisch interessiert und motiviert, dich in komplexe Aufgabengebiete einzuarbeiten.
- Du erkennst schnell Zusammenhänge und hast Spaß daran, Lösungen zu entwickeln.
- Du kannst dich gut selbst organisieren und besitzt eine schnelle Auffassungsgabe.
- Gute Kenntnisse in der deutschen und englischen Sprache sowie ein gutes Ausdrucksvermögen setzen wir voraus.",2026-06-11T08:12:47.693361+00:00
AUBI-224797,aubi_plus_fi,R.iT GmbH,Bochum,44801 Bochum,Ausbildung Fachinformatiker Fachrichtung Anwendungsentwicklung (m/w/d),ae,,,"1.250,00 €, 1.325,00 €, 1.375,00 €",73,empty,jobs@RiT.de,https://www.aubi-plus.de/bewerbung/,email,"Kontakt
Frau Elena Ndoye
HR Managerin
+49 2344 38800-0
E-Mail anzeigen
Bewerbungsunterlagen
vollständige Bewerbungsunterlagen
Anschreiben
Lebenslauf
die letzten 2 Schulzeugnisse
Tipp: Beziehe dich in deiner Bewerbung auf AUBI-plus!
Mit bewerbung2go kannst du deine Bewerbungsunterlagen erstellen.
Deine AUBI-plus Jobmail
Lass deinen Bot für dich suchen! Lege deine Suchkriterien fest und lehn dich zurück. Du bekommst aktuelle Stellen für deinen Traumberuf direkt per Mail zugeschickt.
SUCHBOT ERSTELLEN
Ähnliche Suchanfragen:
AUSBILDUNG BOCHUM 2026
AUSBILDUNG IN NORDRHEIN-WESTFALEN
AUSBILDUNG 2026
AUSBILDUNG ALS KAUFMANN FÜR IT-SYSTEM-MANAGEMENT (M/W/D) IN BOCHUM
3 weitere Stellen im Unternehmen
Ausbildung Fachinformatiker Fachrichtung Anwendungsentwicklung (m/w/d)
R.iT GmbH
44801 Bochum
01.08.2026
Ausbildung Fachinformatiker Fachrichtung Systemintegration (m/w/d)
R.iT GmbH
44801 Bochum
01.08.2026
Ausbildung Fachinformatiker Fachrichtung Daten- und Prozessanalyse
R.iT GmbH
44801 Bochum
01.08.2026
AUBI-plus
Über uns
Karriere
Partner
FAQ
News & Events
Presse
Blog
Messen & Aktionstage
DEUTSCHES AUSBILDUNGSFORUM
Produkte & Dienstleistungen
Für Ausbildungsbetriebe
Für Hochschulen
Für Schulen
Für Eltern
Besuch uns auch auf:
Region ändern:
AUBI-plus Österreich (deutsch)
AUBI-plus Schweiz (deutsch)
AUBI-plus Italien (deutsch)
AUBI-plus
Impressum
AGB
Datenschutz
Kontakt",,R.iT GmbH | Ausbildung Fachinformatiker Fachrichtung Anwendungsentwicklung (m/w/d) | Bochum,tidak,belum,tinggi,"Ausbildung Fachinformatiker Fachrichtung Anwendungsentwicklung (m/w/d)

Sie übersetzen Anforderungen in technische Spezifikationen, erarbeiten Konzepte für die Digitale Transformation, teilen ihr Wissen mit Key Usern u.v.m.
Durch unser breites Kundenportfolio arbeitest Du immer wieder an neuen, spannenden Projekten mit vielen Herausforderungen.
So macht iT echt Spaß!
Deine Rolle – das wartet hier auf Dich
Im Rahmen Deiner Ausbildung wirst du – je nach Ausbildungsstatus – folgende Tätigkeiten ausüben:
Kommunikation mit Kunden und Kolleg*innen zu technischen und organisatorischen Themen
Assistenz bei der Personaleinsatzplanung und Projektplanung sowie dem begleitenden Controlling
Assistenz bei der Ausarbeitung, Durchführung und Auswertung von Vertriebs- und Marketingaktivitäten
Mitarbeit bei der Angebots- und Rechnungserstellung
Assistenz, später Übernahme des Lizenzmanagements unserer Kunden (Angebote & Verwaltung)
Assistenz beim Monatsabschluss
Warenflusskontrolle (Bestellungen, Warenein- und -ausgang)
Deine Talente - das bringst Du mit
Du bist ein Organisations- und Koordinationstalent und behältst auch in komplexen Situationen den Überblick
Du überzeugst durch gute Kommunikations- und Präsentationsfähigkeiten und arbeitest gern mit Menschen
Du achtest auch auf Kleinigkeiten
Du arbeitest gern im Team an gemeinsamen Projekten, um zusammen bestmögliche Ergebnisse zu erzielen
Du hast ein ausgeprägtes Interesse an aktuellen iT-Themen und den Auswirkungen der Digitalisierung

Deine Benefits
von Beginn deiner Ausbildung an integrieren wir Dich in echte Projekte; dort übernimmst Du schrittweise Verantwortung und lernst, was in der Praxis wichtig ist
gemeinsam mit Dir werden wir unsere Vision realisieren: Digital Champions: Made in Germany!
wir arbeiten mit OKRs – dadurch hast Du einen sehr hohen Grad an Selbstbestimmung und kannst auch beeinflussen, welche Themen in Deinem Team und dem Unternehmen auf der Agenda stehen
in vierteljährlichen 1:1s und jährlichen Entwicklungsgesprächen erhältst Du regelmäßiges Feedback zu Deinem Fortschritt
Du profitierst von zahlreichen fachlichen und persönlichen Weiterentwicklungsmöglichkeiten
Du arbeitest im R.iT Club Office – einem offenen, agilen und hoch modernen Arbeitsumfeld
dich begleitet ein/e erfahrene*r Mitarbeiter*in als Pate sowohl fachlich als auch organisatorisch
gute ÖPNV-Anbindung
wir bilden Dich mit dem Ziel aus, Dich in ein festes Arbeitsverhältnis zu übernehmen!
unser SPIR.iT: familiäre Werte / vertrauensvoller Umgang
kostenlose Getränke, Frühstück, Obst
Individueller Benefit im Rahmen der individuellen Leistungspakete (Urban Sports Club, Tankgutschein, Jobticket oder private Krankenzusatzversicherung)
Unser Leitbild
Auf dem Weg zu einer der qualitativ führenden iT-Unternehmensberatungen für die Digitalisierung gestalten wir den digitalen Wandel im Mittelstand.
Unsere Leistungen sind jederzeit überdurchschnittlich. Und so sind auch die Menschen bei R.iT.
Bei uns arbeiten Menschen, die hohe Ziele als Motivation empfinden und auf dem gemeinsamen Weg zur besten Lösung in die Verantwortung gehen.
Unsere Zusammenarbeit ist geprägt von einem ehrlichen und offenen Umgang miteinander, in der jede Meinung gehört wird. Damit das Richtige, nicht das Mächtige entscheidet.
Wir zeigen hohen Einsatz. Wir geben all unsere Energie. Wir nennen die Dinge beim Namen. Damit die Menschen bei uns wachsen - für sich und fürs Unternehmen.
Zu uns passt, wer das erkennt und verantwortungsvoll zu nutzen weiß.
Bewirb dich gern!
Du möchtest ein*e R.iT-ler*in werden?
Dann bewirb Dich jetzt gern digital bei Elena Ndoye: jobs@RiT.de
Verkürzung der Ausbildungsdauer mgl., Duales Studium ebenfalls mgl.
Stellendetails
Beruf:
Kaufmann / Kauffrau für IT-System-Management
Bewerbungsfrist:
Offen
Mindestabschluss:
Fachhochschulreife
Schulnoten: Mathe: 3, Englisch: 3, Deutsch: 3
Freie Ausbildungsplätze:
1
Auch geeignet für:
Studienabbrecher*innen
Dauer:
3 Jahre
Referenz-Nr:
AUBI-224797
(Bitte in der Bewerbung angeben)
Kopieren
Dein persönlicher Matching-Score
Du willst wissen, wie gut diese Stelle zu dir passt? Dann registriere dich und mach das Matching. Mehr erfahren
Ausbildungsvergütung
1. Ausbildungsjahr: 1.250,00 €
2. Ausbildungsjahr: 1.325,00 €
3. Ausbildungsjahr: 1.375,00 €","Sie übersetzen Anforderungen in technische Spezifikationen, erarbeiten Konzepte für die Digitale Transformation, teilen ihr Wissen mit Key Usern u.v.m.
Durch unser breites Kundenportfolio arbeitest Du immer wieder an neuen, spannenden Projekten mit vielen Herausforderungen.
So macht iT echt Spaß!
Deine Rolle – das wartet hier auf Dich
Im Rahmen Deiner Ausbildung wirst du – je nach Ausbildungsstatus – folgende Tätigkeiten ausüben:
Kommunikation mit Kunden und Kolleg*innen zu technischen und organisatorischen Themen
Assistenz bei der Personaleinsatzplanung und Projektplanung sowie dem begleitenden Controlling
Assistenz bei der Ausarbeitung, Durchführung und Auswertung von Vertriebs- und Marketingaktivitäten
Mitarbeit bei der Angebots- und Rechnungserstellung
Assistenz, später Übernahme des Lizenzmanagements unserer Kunden (Angebote & Verwaltung)
Assistenz beim Monatsabschluss
Warenflusskontrolle (Bestellungen, Warenein- und -ausgang)
Deine Talente - das bringst Du mit
Du bist ein Organisations- und Koordinationstalent und behältst auch in komplexen Situationen den Überblick
Du überzeugst durch gute Kommunikations- und Präsentationsfähigkeiten und arbeitest gern mit Menschen
Du achtest auch auf Kleinigkeiten
Du arbeitest gern im Team an gemeinsamen Projekten, um zusammen bestmögliche Ergebnisse zu erzielen
Du hast ein ausgeprägtes Interesse an aktuellen iT-Themen und den Auswirkungen der Digitalisierung",2026-06-13T14:53:24.350260+00:00
10001-1001827354-S,fachinformatiker_ae_2026,R.iT GmbH,Bochum,"Lise-Meitner-Allee 37, 44801 Bochum",Ausbildung | Fachinformatiker/in - Anwendungsentwicklung,ae,2026,,,67,ba_portal,,https://www.arbeitsagentur.de/jobsuche/jobdetail/10001-1001827354-S,ba_portal,,https://www.arbeitsagentur.de/jobsuche/jobdetail/10001-1001827354-S,R.iT GmbH | Ausbildung | Fachinformatiker/in - Anwendungsentwicklung | Bochum,ya,belum,rendah,"Bei R.iT ist iT spannend und abwechslungsreich: Wir machen die Zukunft sicher und digital. Starte mit uns in deine Ausbildung zur/zum Fachinformatiker*in Anwendungsentwicklung und werde Teil unseres Teams.

Deine Tech-Skills verdienen mehr als nur einen Job – bei R.iT gestaltest du am neuen Standort in Cham oder in Bochum mit uns die digitale Zukunft, lernst von echten Profis und baust dir eine Karriere auf, die wirklich zu dir passt. #innovativeZukunft""

Durch unser breites Kundenportfolio arbeitest du immer wieder an neuen, spannenden Projekten mit vielen Herausforderungen.

So macht iT echt Spaß!

**Deine Rolle**
Im Rahmen Deiner Ausbildung arbeitest Du dich schrittweise in folgende Themen und Aufgabengebiete ein:

- Webentwicklung mit HTML, CSS, JavaScript (inkl. Frameworks), C# (ASP.NET) & SQL in einer modernen Entwicklungsplattform
- Designen und Implementieren von Datenbanken
- Umgang mit der Microsoft Dynamics 365 (CRM) Plattform: Werde zum Microsoft Certified Specialist!
- Erstellung von Prototypen per Wireframing
- Durchführung von Softwaretests im Bereich der Funktions-, Komponenten- und Belastungstests
- Wir arbeiten unter Anwendung agiler Methoden. Bei uns erlebst du, wie es in der Praxis funktioniert!
- Assistenz bei der Konzeption von Anforderungskatalogen für die Implementierung kundenspezifischer Projekte
- Begleitung von Kundenterminen und -präsentationen
- Beim Coden ist längst nicht Schluss! Lerne, wie Software in den Produktivbetrieb kommt und unterstütze uns im Support

**Deine Talente**

- Du hast dich bereits in der Schule und/oder privat mit Programmierung beschäftigt und verfügst daher über erste Erfahrungen im Umgang mit Programmier-sprachen und Datenbanken
- Du hast Durchhaltevermögen: Denn du weißt, dass die Entwicklung von Software ein langwieriger, oftmals kleinschrittiger und anstrengender Prozess ist – wobei du dies nicht als belastend sondern jedes Mal wieder als herausfordernd ansehen
- Du hast Spaß daran, komplexe Sachverhalte und Prozesse zu analysieren und zu strukturieren
- Du arbeitest gern gemeinsam an Projekten, um im Team die bestmögliche Ergebnisse zu erzielen

**unsere Leistungen**

• wir bilden Dich mit dem Ziel aus, Dich in ein festes Ausbildungsverhältnis zu übernehmen

• abwechslungsreiche und spannende Projekte

• schrittweise Übernahme von Verantwortung

• ein/e erfahrene/r Mitarbeiter*in, die/der Dich als Pate begleitet

• eine Verkürzung der Ausbildung? - bei uns gerne gesehen!

• wir sind ein wachsendes, innovatives und dynamisches Unternehmen

• Du profitierst von fachlichen und persönlichen Weiterentwicklungsmöglichkeiten

• durch langjährige Zusammenarbeit erfahrener iT-Professionals unterschiedlicher Fachrichtungen bieten wir Dir einen Rundumblick in unsere Digitalisierungsprojekte","- Assistenz bei der Konzeption von Anforderungskatalogen für die Implementierung kundenspezifischer Projekte
- Begleitung von Kundenterminen und -präsentationen
- Beim Coden ist längst nicht Schluss! Lerne, wie Software in den Produktivbetrieb kommt und unterstütze uns im Support",2026-06-11T08:13:01.480225+00:00
10000-1204214150-S,fachinformatiker_ae_2026,SMB  GmbH System Management Beratung,Bochum,"Kortumstr. 41, 44787 Bochum",Ausbildung | Fachinformatiker/in - Anwendungsentwicklung,ae,2026,,,67,ba_portal,thomas.horn@smb-net.de,https://www.arbeitsagentur.de/jobsuche/jobdetail/10000-1204214150-S,email,,https://www.arbeitsagentur.de/jobsuche/jobdetail/10000-1204214150-S,SMB  GmbH System Management Beratung | Ausbildung | Fachinformatiker/in - Anwendungsentwicklung | Bochum,tidak,belum,tinggi,"Wir suchen zum nächstmöglichen Eintrittstermin eine/n Auszubildende/n zum/r

Fachinformatiker/in - Anwendungsentwicklung (m/w/d).

Gerne können sich Studienabbrecher/innen melden!



Fachinformatiker/innen der Fachrichtung Anwendungsentwicklung entwickeln und

programmieren Software nach Kundenwünschen. Sie testen bestehende Anwendungen,

passen diese an und entwickeln anwendungsgerechte Bedienoberflächen.

Darüber hinaus beheben sie Fehler mithilfe von Experten und Diagnosesystemen

und beraten bzw. schulen die Anwender.



Bei Interesse schicken Sie Ihre Bewerbung bitte ausschließlich per Mail an:

thomas.horn@smb-net.de",,2026-06-11T08:14:24.724544+00:00
AZDE-10870828,azubi_de_fi,G DATA CyberDefense AG,Bochum,Königsallee 178a 44799 Bochum,Ausbildung | Fachinformatiker für Anwendungsentwicklung (m/w/d) 2026,ae,,,,60,empty,,https://www.azubi.de/ausbildungsplatz/10870828-s-ausbildung-fachinformatiker-fuer-anwendungsentwicklung-m-w-d-2026/apply,portal,,,G DATA CyberDefense AG | Ausbildung | Fachinformatiker für Anwendungsentwicklung (m/w/d) 2026 | Bochum,tidak,belum,sedang,"Ausbildung Fachinformatiker für Anwendungsentwicklung (m/w/d) 2026

Deine Aufgaben
- Du bist mittendrin: Entdecke verschiedene Bereiche in unserer Forschung und Entwicklung, in denen Du in die Welt der Cybersecurity eintauchst. Hier sammelst Du Wissen über moderne Softwareentwicklung und IT-Sicherheit, das direkt aus der Praxis stammt.
- Du wirst zum Entwickler: Während Deiner Ausbildung lernst Du verschiedene Programmier- und Skriptsprachen kennen wie z. B. Python, Java oder C# und arbeitest mit aktuellen Frameworks und Datenbanksystemen.
- Du gestaltest unsere Software mit: Unterstütze unsere Entwicklerteams bei der Programmierung unserer Software, teste sie auf Fehler und hilf anschließend dabei, diese zu beheben.
- Du übernimmst Verantwortung: Bei uns schaust Du den Kolleg*innen nicht nur über die Schulter, sondern bist von Anfang an dabei. Das bedeutet, dass Du eigenverantwortlich an Projekten arbeitest und so nicht nur Neues dazu lernst, sondern mit Deinen eigenen Ideen auch Neues einbringst.

Einleitung
Dein Code. Deine Ideen. Deine Zukunft.
Stell Dir vor: Du sitzt nicht tatenlos vor dem Bildschirm, sondern baust Software, die täglich Menschen schützt. Du tüftelst an Lösungen, bringst eigene Ideen ein und siehst, wie aus Codezeilen echte Anwendungen werden. Genau so könnte Dein Alltag bei G DATA aussehen, wenn Du ab dem 1. August 2026 Deine Ausbildung bei uns startest.
Denn bei uns bist Du von Anfang an Teil des Teams. Du entdeckst unterschiedliche Technologien, lernst moderne Arbeitsweisen kennen und bekommst einen echten Einblick in die Welt der IT-Sicherheit. Egal, ob Du gerade erst startest oder schon Programmiererfahrung mitbringst – hier kannst Du Deine Skills ausbauen, Verantwortung übernehmen und an Projekten arbeiten, die wirklich zählen.
- Du vertiefst Dein Wissen: An ein bis zwei Tagen in der Woche tauchst Du in der Technischen Beruflichen Schule 1 tiefer in die Materie ein und kannst Dich mit den anderen Auszubildenden austauschen.Dein Profil
- Du hast die allgemeine oder fachgebundene Hochschulreife mit mindestens guten Noten in Mathematik, Deutsch und Englisch abgeschlossen oder erste Erfahrungen im IT-Bereich, beispielsweise durch ein abgebrochenes Studium, gesammelt
- Du konntest Dich bereits an kleineren Projekten ausprobieren, sei es durch ein Praktikum oder in Deiner Freizeit und so erste Programmiererfahrung sammeln
- Du bezeichnest Dich selbst als IT affin und bist von den technischen Zusammenhängen fasziniert, die die Welt der IT umgeben
- Du bist geschickt darin, Zusammenhänge zu finden und Herausforderungen zu meistern, denn für Dich ist kein Problem zu groß

- Du besitzt viel Eigeninitiative, findest es aber genauso gut, wenn man als Team zusammenhält und gemeinsam großartige Dinge erreichtDeine Vorteile bei G DATA
Zukunftsperspektive
Hohe Übernahmechancen bei guten Leistungen in einer wachstumsstarken Branche
Prüfungsvorbereitung
Unterstützung bei Berufsschule und Prüfungen - mit Lernzeit und Hilfe bei Schulaufgaben
Mentorenprogramm und Onboarding
Strukturierter Start, Unterstützung durch Dein Team und moderne Ausstattung - auch für die Berufsschule
Bonus","Einleitung
Dein Code. Deine Ideen. Deine Zukunft.
Stell Dir vor: Du sitzt nicht tatenlos vor dem Bildschirm, sondern baust Software, die täglich Menschen schützt. Du tüftelst an Lösungen, bringst eigene Ideen ein und siehst, wie aus Codezeilen echte Anwendungen werden. Genau so könnte Dein Alltag bei G DATA aussehen, wenn Du ab dem 1. August 2026 Deine Ausbildung bei uns startest.
Denn bei uns bist Du von Anfang an Teil des Teams. Du entdeckst unterschiedliche Technologien, lernst moderne Arbeitsweisen kennen und bekommst einen echten Einblick in die Welt der IT-Sicherheit. Egal, ob Du gerade erst startest oder schon Programmiererfahrung mitbringst – hier kannst Du Deine Skills ausbauen, Verantwortung übernehmen und an Projekten arbeiten, die wirklich zählen.
- Du vertiefst Dein Wissen: An ein bis zwei Tagen in der Woche tauchst Du in der Technischen Beruflichen Schule 1 tiefer in die Materie ein und kannst Dich mit den anderen Auszubildenden austauschen.Dein Profil
- Du hast die allgemeine oder fachgebundene Hochschulreife mit mindestens guten Noten in Mathematik, Deutsch und Englisch abgeschlossen oder erste Erfahrungen im IT-Bereich, beispielsweise durch ein abgebrochenes Studium, gesammelt
- Du konntest Dich bereits an kleineren Projekten ausprobieren, sei es durch ein Praktikum oder in Deiner Freizeit und so erste Programmiererfahrung sammeln
- Du bezeichnest Dich selbst als IT affin und bist von den technischen Zusammenhängen fasziniert, die die Welt der IT umgeben
- Du bist geschickt darin, Zusammenhänge zu finden und Herausforderungen zu meistern, denn für Dich ist kein Problem zu groß",2026-06-13T10:35:41.668567+00:00
STEP-13967994,stepstone_de_dpa,G DATA CyberDefense AG,Bochum,Bochum Bochum,Ausbildung | Fachinformatiker für Anwendungsentwicklung (m/w/d) 2026,ae,,,,60,empty,,https://twitter.com/stepstone_de,portal,,,G DATA CyberDefense AG | Ausbildung | Fachinformatiker für Anwendungsentwicklung (m/w/d) 2026 | Bochum,tidak,belum,sedang,"Ausbildung Fachinformatiker für Anwendungsentwicklung (m/w/d) 2026

Deine Aufgaben
Du bist mittendrin: Entdecke verschiedene Bereiche in unserer Forschung und Entwicklung, in denen Du in die Welt der Cybersecurity eintauchst. Hier sammelst Du Wissen über moderne Softwareentwicklung und IT-Sicherheit, das direkt aus der Praxis stammt.
Du wirst zum Entwickler: Während Deiner Ausbildung lernst Du verschiedene Programmier- und Skriptsprachen kennen wie z. B. Python, Java oder C# und arbeitest mit aktuellen Frameworks und Datenbanksystemen.
Du gestaltest unsere Software mit: Unterstütze unsere Entwicklerteams bei der Programmierung unserer Software, teste sie auf Fehler und hilf anschließend dabei, diese zu beheben.
Du übernimmst Verantwortung: Bei uns schaust Du den Kolleg*innen nicht nur über die Schulter, sondern bist von Anfang an dabei. Das bedeutet, dass Du eigenverantwortlich an Projekten arbeitest und so nicht nur Neues dazu lernst, sondern mit Deinen eigenen Ideen auch Neues einbringst.
Du vertiefst Dein Wissen: An ein bis zwei Tagen in der Woche tauchst Du in der Technischen Beruflichen Schule 1 tiefer in die Materie ein und kannst Dich mit den anderen Auszubildenden austauschen.
Unterstützung bei Berufsschule und Prüfungen - mit Lernzeit und Hilfe bei Schulaufgaben
Mentorenprogramm und Onboarding
Strukturierter Start, Unterstützung durch Dein Team und moderne Ausstattung - auch für die Berufsschule
Bonus

Dein Profil
Du hast die allgemeine oder fachgebundene Hochschulreife mit mindestens guten Noten in Mathematik, Deutsch und Englisch abgeschlossen oder erste Erfahrungen im IT-Bereich, beispielsweise durch ein abgebrochenes Studium, gesammelt
Du konntest Dich bereits an kleineren Projekten ausprobieren, sei es durch ein Praktikum oder in Deiner Freizeit und so erste Programmiererfahrung sammeln
Du bezeichnest Dich selbst als IT affin und bist von den technischen Zusammenhängen fasziniert, die die Welt der IT umgeben
Du bist geschickt darin, Zusammenhänge zu finden und Herausforderungen zu meistern, denn für Dich ist kein Problem zu groß
Du besitzt viel Eigeninitiative, findest es aber genauso gut, wenn man als Team zusammenhält und gemeinsam großartige Dinge erreicht

Deine Vorteile bei G DATA
Zukunftsperspektive
Hohe Übernahmechancen bei guten Leistungen in einer wachstumsstarken Branche
Prüfungsvorbereitung
Rabatte über „Corporate Benefits” und kostenlose Software-Lizenzen
Events
Ob Sommerfest, Weihnachtsfeier oder Teamevents – wir feiern und erleben gemeinsam
Mobilität
Eigener Parkplatz, E-Ladesäulen, Jobrad, Anbindung zum Radweg, Fahrradkeller und Duschen","Dein Profil
Du hast die allgemeine oder fachgebundene Hochschulreife mit mindestens guten Noten in Mathematik, Deutsch und Englisch abgeschlossen oder erste Erfahrungen im IT-Bereich, beispielsweise durch ein abgebrochenes Studium, gesammelt
Du konntest Dich bereits an kleineren Projekten ausprobieren, sei es durch ein Praktikum oder in Deiner Freizeit und so erste Programmiererfahrung sammeln
Du bezeichnest Dich selbst als IT affin und bist von den technischen Zusammenhängen fasziniert, die die Welt der IT umgeben
Du bist geschickt darin, Zusammenhänge zu finden und Herausforderungen zu meistern, denn für Dich ist kein Problem zu groß
Du besitzt viel Eigeninitiative, findest es aber genauso gut, wenn man als Team zusammenhält und gemeinsam großartige Dinge erreicht",2026-06-12T21:18:05.553778+00:00
AUBI-204885,aubi_plus_fi,R.iT GmbH,Bochum,44801 Bochum,Ausbildung | Fachinformatiker Fachrichtung Anwendungsentwicklung (m/w/d),ae,,,"1.250,00 €, 1.325,00 €, 1.400,00 €",60,empty,,https://www.aubi-plus.de/bewerbung/,portal,"Kontakt
Frau Elena Ndoye
HR Managerin
+49 2344 38800-0
E-Mail anzeigen
Bewerbungsunterlagen
vollständige Bewerbungsunterlagen
Anschreiben
Lebenslauf
die letzten 2 Schulzeugnisse
Tipp: Beziehe dich in deiner Bewerbung auf AUBI-plus!
Mit bewerbung2go kannst du deine Bewerbungsunterlagen erstellen.
Deine AUBI-plus Jobmail
Lass deinen Bot für dich suchen! Lege deine Suchkriterien fest und lehn dich zurück. Du bekommst aktuelle Stellen für deinen Traumberuf direkt per Mail zugeschickt.
SUCHBOT ERSTELLEN
Ähnliche Suchanfragen:
AUSBILDUNG BOCHUM 2026
AUSBILDUNG IN NORDRHEIN-WESTFALEN
AUSBILDUNG 2026
AUSBILDUNG ALS FACHINFORMATIKER FACHRICHTUNG ANWENDUNGSENTWICKLUNG (M/W/D) IN BOCHUM
3 weitere Stellen im Unternehmen
Ausbildung Kaufmann für IT-System-Management (m/w/d)
R.iT GmbH
44801 Bochum
Ab sofort
Ausbildung Fachinformatiker Fachrichtung Systemintegration (m/w/d)
R.iT GmbH
44801 Bochum
01.08.2026
Ausbildung Fachinformatiker Fachrichtung Daten- und Prozessanalyse
R.iT GmbH
44801 Bochum
01.08.2026
AUBI-plus
Über uns
Karriere
Partner
FAQ
News & Events
Presse
Blog
Messen & Aktionstage
DEUTSCHES AUSBILDUNGSFORUM
Produkte & Dienstleistungen
Für Ausbildungsbetriebe
Für Hochschulen
Für Schulen
Für Eltern
Besuch uns auch auf:
Region ändern:
AUBI-plus Österreich (deutsch)
AUBI-plus Schweiz (deutsch)
AUBI-plus Italien (deutsch)
AUBI-plus
Impressum
AGB
Datenschutz
Kontakt",,R.iT GmbH | Ausbildung | Fachinformatiker Fachrichtung Anwendungsentwicklung (m/w/d) | Bochum,tidak,belum,sedang,"Fachinformatiker Fachrichtung Anwendungsentwicklung (m/w/d)

Deine Benefits
von Beginn deiner Ausbildung an integrieren wir Dich in echte Projekte; dort übernimmst Du schrittweise Verantwortung und lernst, was in der Praxis wichtig ist
gemeinsam mit Dir werden wir unsere Vision realisieren: Digital Champions: Made in Germany!
wir arbeiten mit OKRs – dadurch hast Du einen sehr hohen Grad an Selbstbestimmung und kannst auch beeinflussen, welche Themen in Deinem Team und dem Unternehmen auf der Agenda stehen
in vierteljährlichen 1:1s und jährlichen Entwicklungsgesprächen erhältst Du regelmäßiges Feedback zu Deinem Fortschritt
Du profitierst von zahlreichen fachlichen und persönlichen Weiterentwicklungsmöglichkeiten
Du arbeitest im R.iT Club Office – einem offenen, agilen und hoch modernen Arbeitsumfeld
dich begleitet ein/e erfahrene*r Mitarbeiter*in als Pate sowohl fachlich als auch organisatorisch
gute ÖPNV-Anbindung
wir bilden Dich mit dem Ziel aus, Dich in ein festes Arbeitsverhältnis zu übernehmen!
unser SPIR.iT: familiäre Werte / vertrauensvoller Umgang
kostenlose Getränke, Frühstück, Obst
Individueller Benefit im Rahmen der individuellen Leistungspakete (Urban Sports Club, Tankgutschein, Jobticket oder private Krankenzusatzversicherung)
unser Leitbild
Auf dem Weg zu einer der qualitativ führenden iT-Unternehmensberatungen für die Digitalisierung gestalten wir den digitalen Wandel im Mittelstand.
Unsere Leistungen sind jederzeit überdurchschnittlich. Und so sind auch die Menschen bei R.iT.
Bei uns arbeiten Menschen, die hohe Ziele als Motivation empfinden und auf dem gemeinsamen Weg zur besten Lösung in die Verantwortung gehen.
Unsere Zusammenarbeit ist geprägt von einem ehrlichen und offenen Umgang miteinander, in der jede Meinung gehört wird. Damit das Richtige, nicht das Mächtige entscheidet.
Wir zeigen hohen Einsatz. Wir geben all unsere Energie. Wir nennen die Dinge beim Namen. Damit die Menschen bei uns wachsen - für sich und fürs Unternehmen.
Zu uns passt, wer das erkennt und verantwortungsvoll zu nutzen weiß.
Bewirb dich gern!
Du möchtest ein*e R.iT-ler*in werden?
Dann bewirb Dich jetzt gern digital bei Elena Ndoye:
Bewerbung Bochum: Ausbildung Fachinformatiker*in Anwendungsentwicklung - Job Bochum - Stellenportal der R.iT GmbH
Bewerbung Cham: Ausbildung Fachinformatiker*in Anwendungsentwicklung - Job Cham - Stellenportal der R.iT GmbH
Verkürzung der Ausbildungsdauer mgl., Duales Studium ebenfalls mgl.
Stellendetails
Beruf:
Fachinformatiker / Fachinformatikerin Fachrichtung Anwendungsentwicklung
Bewerbungsfrist:
Offen
Mindestabschluss:
Fachhochschulreife
Schulnoten: Mathe: 3, Englisch: 3, Deutsch: 3
Freie Ausbildungsplätze:
2
Auch geeignet für:
Studienabbrecher*innen
Dauer:
3 Jahre
Referenz-Nr:
AUBI-204885
(Bitte in der Bewerbung angeben)
Kopieren
Dein persönlicher Matching-Score
Du willst wissen, wie gut diese Stelle zu dir passt? Dann registriere dich und mach das Matching. Mehr erfahren
Ausbildungsvergütung
1. Ausbildungsjahr: 1.250,00 €
2. Ausbildungsjahr: 1.325,00 €
3. Ausbildungsjahr: 1.400,00 €",,2026-06-13T14:53:12.687304+00:00
STEP-14090592,stepstone_de_dpa,Volkswagen Infotainment GmbH,Bochum,44803 Bochum,Ausbildung | zum Fachinformatiker für Anwendungsentwicklung (m/w/d),ae,,,,60,empty,,https://twitter.com/stepstone_de,portal,"Du hast Abitur, einen Realschullabschluss, einen weiterqualifizierenden Hauptschulabschluss oder einen vergleichbaren internationalen Abschluss Leidenschaft für Technik, Computer und Programmierung begleiten Dich schon länger Du hattest schon ersten Kontakt mit Programmieren und „Coding"" Neugierde auf Innovationen und ein High-Tech Umfeld zeichnen Dich aus Hohe Eigeninitiative ist für Dich selbstverständlich Du arbeitest gerne mit anderen Menschen an Problemlösungen Du gehst kompetent und offen mit internen und externen Ansprechpartnern um Sehr gute Deutschkenntnisse sind erforderlich Gute Englischkenntnisse sind wünschenswert",,Volkswagen Infotainment GmbH | Ausbildung | zum Fachinformatiker für Anwendungsentwicklung (m/w/d) | Bochum,tidak,belum,sedang,"Ausbildung zum Fachinformatiker für Anwendungsentwicklung (m/w/d)

Deine Aufgaben
Kurzbeschreibung der Rolle Wenn Dich Entwicklung von Applikationen und automatisierte Tests mehr faszinieren als selbst Knöpfe zu drücken, wenn Du bei Python nicht an eine Schlange und bei Bugs nicht an Käfer denkst, dann ist eine Ausbildung zum Fachinformatiker Anwendungsentwicklung in der System Verifikation vielleicht genau das Richtige für Dich.
Was Du lernst: Du entwickelst neue Applikationen und spezifische Lösungen im Bereich Anwendungsentwicklung Du planst, implementierst und verifizierst komplexe automatisierte Software-Systeme Du erstellst und planst eigenständig Präsentationen der entwickelten Anwendungen Du eignest dir Wissen im Bereich „Systemintegration und Netzwerke"" im IT- und Fahrzeugumfeld an und wirkst aktiv in diesem spannenden Umfeld mit Zu Deinen Aufgaben gehören die Testdurchführung, Fehleranalyse und Störungsbeseitigung bei der Tool-Entwicklung Du unterstützt dein Projektteam in Bereichen der Qualitätssicherung, Arbeitsorganisation und im Projektmanagement Was Du mitbringst: Du hast Abitur, einen Realschullabschluss, einen weiterqualifizierenden Hauptschulabschluss oder einen vergleichbaren internationalen Abschluss Leidenschaft für Technik, Computer und Programmierung begleiten Dich schon länger Du hattest schon ersten Kontakt mit Programmieren und „Coding"" Neugierde auf Innovationen und ein High-Tech Umfeld zeichnen Dich aus Hohe Eigeninitiative ist für Dich selbstverständlich Du arbeitest gerne mit anderen Menschen an Problemlösungen Du gehst kompetent und offen mit internen und externen Ansprechpartnern um Sehr gute Deutschkenntnisse sind erforderlich Gute Englischkenntnisse sind wünschenswert

Dein Profil",Dein Profil,2026-06-12T21:31:11.306960+00:00
NRW-1857-5392,ausbildung_nrw_ae,Deutsche Rentenversicherung Knappschaft-Bahn-See,Bochum,Knappschaftstraße 1 44799 Bochum,Ausbildung | Fachinformatiker/in - Anwendungsentwicklung (2027),ae,,,,47,empty,,,tidak_jelas,"KONTAKT
DATENSCHUTZ
IMPRESSUM
FINDE DEINEN BERUFSEINSTIEG IN NRW
Karte schließen
+
–
⤢
POP-UP Aus- und Weiterbildung - Starte deine Zukunft jetzt!
Industrie- und Handelskammer zu Dortmund
von Montag, 08.06.2026 - 13:00 bis Morgen, 13.06.2026 - 16:00
Mehr Informationen
CHECK In - Berufswelt in Neuss
Industrie- und Handelskammer Mittlerer Niederrhein
von Mittwoch, 10.06.2026 - 10:00 bis 14:00
Mehr Informationen
Erlebniswelt Ausbildung meets HEROCON
Industrie- und Handelskammer zu Dortmund
von Heute - 09:00 bis Morgen, 13.06.2026 - 16:00
Mehr Informationen
Weitere Veranstaltungen
Filtern
Zurücksetzen
Umkreis
10km
Veranstaltung
Was suchst du?
Berufsfeld
Beruf
Jahresfilter
8572 Ergebnisse
""
Industriekaufmann/frau
""Formzeug"" Formen und Werkzeuggesellschaft mit beschränkter Haftung und Co, Kommanditgesellschaft
Wegberg
""
Kaufmann/frau - Einzelhandel (2026)
""Hol ab!"" Getränkemarkt GmbH
Bünde, Espelkamp, Lübbecke, Rödinghausen
""
Verkäufer/in (2026)
""Hol ab!"" Getränkemarkt GmbH
Bünde, Espelkamp, Lübbecke, Rödinghausen
Kaufmann/frau – Büromanagement
""STURM® INDUSTRIES"" (STURM GmbH)
Duisburg
Industriekaufmann/frau
""STURM® INDUSTRIES"" (STURM GmbH)
Duisburg
Technische/r Produktdesigner/in
""STURM® INDUSTRIES"" (STURM GmbH)
Duisburg
Maschinen- und Anlagenführer/in
""STURM® INDUSTRIES"" (STURM GmbH)
Duisburg
Kaufmann/frau – Büromanagement
2bessential GmbH
Bielefeld
Mechatroniker/-in für Kältetechnik (2026, 2027, 2028)
2G Energy AG
Heek
Elektroniker/in – Betriebstechnik (2026, 2027, 2028)
2G Energy AG
Heek
Fachkraft – Lagerlogistik (2026, 2027, 2028)
2G Energy AG
Heek
Mechatroniker/in (2026, 2027, 2028)
2G Energy AG
Heek
Fachinformatiker/in - Anwendungsentwicklung (2026, 2027, 2028)
2G Energy AG
Heek
Industriekaufmann/frau (2027, 2028)
2G Energy AG
Heek
Fachinformatiker/in - Systemintegration (2027, 2028)
2G Energy AG
Heek
Kaufmann/frau - Digitalisierungsmanagement (2027, 2028)
2G Energy AG
Heek
Technische/r Produktdesigner/in (2027, 2028)
2G Energy AG
Heek
Kaufmann/frau – Marketingkommunikation (2025)
2increase - Agentur für Marketing + Events
Mönchengladbach
Veranstaltungskaufmann/frau (2025)
2increase - Agentur für Marketing + Events
Mönchengladbach
Werkzeugmechaniker/in (2025)
3 D-plastic Hans Kintra GmbH
Mönchengladbach
Kaufmann/frau - E-Commerce (2025)
3000watt GmbH
Bielefeld
Veranstaltungskaufmann/frau (2025)
3s GmbH & Co. KG
Nordrhein-Westfalen - Mönchengladbach
Personaldienstleistungskaufmann/frau (2025)
3s GmbH & Co. KG
Nordrhein-Westfalen - Mönchengladbach
Fachkraft – Lagerlogistik (2026, 2027)
3S Schrader GmbH
Bad Salzdetfurth
Fachlagerist/in (2026, 2027)
3S Schrader GmbH
Bad Salzdetfurth
Zerspanungsmechaniker/in (2026, 2027)
3WIN Maschinenbau GmbH
Aachen
Kaufmann/frau – Büromanagement (2026, 2027)
3WIN Maschinenbau GmbH
Aachen
Industriemechaniker/in - Maschinen- und Anlagenbau (2026, 2027)
3WIN Maschinenbau GmbH
Aachen
Kaufmann/frau – Spedition und Logistikdienstleistung (2025, 2026)
8Motions Solutions GmbH
Kaarst
Steuerfachangestellte/r (2026)
8P Partnerschaft mbB
Siegen
info@ausbildung.nrw
Kontakt
Datenschutz
Impressum
Ausbildung.NRW ist ein Kooperationsprojekt der Industrie- und Handelskammern in Nordrhein-Westfalen.
umgesetzt von der www.spieker.agency",,Deutsche Rentenversicherung Knappschaft-Bahn-See | Ausbildung | Fachinformatiker/in - Anwendungsentwicklung (2027) | Bochum,ya,belum,rendah,"Fachinformatiker/in - Anwendungsentwicklung (2027)

Fachinformatiker/in - Anwendungsentwicklung (2026, 2027, 2028)
2G Energy AG
Heek
Industriekaufmann/frau (2027, 2028)
2G Energy AG
Heek
Fachinformatiker/in - Systemintegration (2027, 2028)
2G Energy AG
Heek
Kaufmann/frau - Digitalisierungsmanagement (2027, 2028)
2G Energy AG
Heek
Technische/r Produktdesigner/in (2027, 2028)
2G Energy AG
Heek
Kaufmann/frau – Marketingkommunikation (2025)
2increase - Agentur für Marketing + Events
Mönchengladbach
Veranstaltungskaufmann/frau (2025)
2increase - Agentur für Marketing + Events
Mönchengladbach
Werkzeugmechaniker/in (2025)
3 D-plastic Hans Kintra GmbH
Mönchengladbach
Kaufmann/frau - E-Commerce (2025)
3000watt GmbH
Bielefeld
Veranstaltungskaufmann/frau (2025)
3s GmbH & Co. KG
Nordrhein-Westfalen - Mönchengladbach
Personaldienstleistungskaufmann/frau (2025)
3s GmbH & Co. KG
Nordrhein-Westfalen - Mönchengladbach
Fachkraft – Lagerlogistik (2026, 2027)
3S Schrader GmbH
Bad Salzdetfurth
Fachlagerist/in (2026, 2027)
3S Schrader GmbH
Bad Salzdetfurth
Zerspanungsmechaniker/in (2026, 2027)
3WIN Maschinenbau GmbH
Aachen
Kaufmann/frau – Büromanagement (2026, 2027)
3WIN Maschinenbau GmbH
Aachen
Industriemechaniker/in - Maschinen- und Anlagenbau (2026, 2027)
3WIN Maschinenbau GmbH
Aachen
Kaufmann/frau – Spedition und Logistikdienstleistung (2025, 2026)
8Motions Solutions GmbH
Kaarst
Steuerfachangestellte/r (2026)
8P Partnerschaft mbB
Siegen
info@ausbildung.nrw",,2026-06-12T09:54:43.957393+00:00
AZDE-11757509,azubi_de_fi,Keysight Technologies Deutschl and GmbH,Bochum,44803 Bochum DE,Ausbildung | Fachinformatiker (m/w/d) - Fachrichtung Anwendungsentwicklung - 2026,ae,,,,47,empty,,https://www.azubi.de/ausbildungsplatz/11757509-b-fachinformatiker-m-w-d-fachrichtung-anwendungsentwicklung-ausbildung-2026/apply,portal,,,Keysight Technologies Deutschl and GmbH | Ausbildung | Fachinformatiker (m/w/d) - Fachrichtung Anwendungsentwicklung - 2026 | Bochum,ya,belum,rendah,"Fachinformatiker (m/w/d) - Fachrichtung Anwendungsentwicklung - Ausbildung 2026

Einleitung
Ausbildung zum Fachinformatiker für Anwendungsentwicklung (m/w/d)
Deine Ausbildung bei uns
Du wirst direkt in unser Team der Softwareentwicklung eingebunden. Dabei wirst du die wichtigsten Inhalte der Softwareentwicklung und Programmierung erlernen:
- Mitentwickeln von Anwendungen und Bedienoberflächen nach Kundenwunsch und Anpassen bestehender Softwareprodukte.
- Erarbeiten von Entwicklungskonzepten und Testen von Implementierungen.
- Anwenden moderner Programmiersprachen und Entwicklungswerkzeuge sowie Arbeiten mit verschiedenen Betriebssystemen.
- Aktive Mitarbeit mit deinen Kollegen sowie anderen Abteilungen unseres Unternehmens.
- Vermitteln deines Wissens an Anwender und Erstellen von Dokumentationen.
Womit Du uns überzeugst
- Deine Hochschulreife, Fachhochschulreife im technischen Bereich oder eine vergleichbare Qualifikation, z. B. eine Ausbildung zum Informationstechnischen Assistenten, hast du erfolgreich abgeschlossen.
- Du besitzt erste praktische Erfahrungen im Umgang mit EDV-Anwendungen.
- Du hast Freude an Informatik, bist technisch interessiert und motiviert, dich in komplexe Aufgabengebiete einzuarbeiten.
- Du erkennst schnell Zusammenhänge und hast Spaß daran, Lösungen zu entwickeln.
- Du kannst dich gut selbst organisieren und besitzt eine schnelle Auffassungsgabe.
- Gute Kenntnisse in der deutschen und englischen Sprache sowie ein gutes Ausdrucksvermögen setzen wir voraus.
Unser i-Tüpfelchen für Dich
- Aktive Mitgestaltung, Verantwortung und Wertschätzung.
- Individuelle Einarbeitung on the Job sowie zielgerichtete Weiterbildungsmöglichkeiten.
- Internationales Arbeitsumfeld in einem Team aus unterschiedlichsten Nationen.
- Flexibilität im Arbeitsalltag.
- Gemeinsame Firmenevents.
Aufgaben","Einleitung
Ausbildung zum Fachinformatiker für Anwendungsentwicklung (m/w/d)
Deine Ausbildung bei uns
Du wirst direkt in unser Team der Softwareentwicklung eingebunden. Dabei wirst du die wichtigsten Inhalte der Softwareentwicklung und Programmierung erlernen:
- Mitentwickeln von Anwendungen und Bedienoberflächen nach Kundenwunsch und Anpassen bestehender Softwareprodukte.
- Erarbeiten von Entwicklungskonzepten und Testen von Implementierungen.
- Anwenden moderner Programmiersprachen und Entwicklungswerkzeuge sowie Arbeiten mit verschiedenen Betriebssystemen.
- Aktive Mitarbeit mit deinen Kollegen sowie anderen Abteilungen unseres Unternehmens.
- Vermitteln deines Wissens an Anwender und Erstellen von Dokumentationen.
Womit Du uns überzeugst
- Deine Hochschulreife, Fachhochschulreife im technischen Bereich oder eine vergleichbare Qualifikation, z. B. eine Ausbildung zum Informationstechnischen Assistenten, hast du erfolgreich abgeschlossen.
- Du besitzt erste praktische Erfahrungen im Umgang mit EDV-Anwendungen.
- Du hast Freude an Informatik, bist technisch interessiert und motiviert, dich in komplexe Aufgabengebiete einzuarbeiten.
- Du erkennst schnell Zusammenhänge und hast Spaß daran, Lösungen zu entwickeln.
- Du kannst dich gut selbst organisieren und besitzt eine schnelle Auffassungsgabe.
- Gute Kenntnisse in der deutschen und englischen Sprache sowie ein gutes Ausdrucksvermögen setzen wir voraus.
Unser i-Tüpfelchen für Dich
- Aktive Mitgestaltung, Verantwortung und Wertschätzung.
- Individuelle Einarbeitung on the Job sowie zielgerichtete Weiterbildungsmöglichkeiten.
- Internationales Arbeitsumfeld in einem Team aus unterschiedlichsten Nationen.
- Flexibilität im Arbeitsalltag.
- Gemeinsame Firmenevents.
Aufgaben",2026-06-13T10:38:02.332408+00:00
AZDE-10533966,azubi_de_fi,R.iT GmbH,Bochum,44801 Bochum DE,Ausbildung | Fachinformatiker/in - Anwendungsentwicklung (m/w/d) 2026,ae,,,,47,empty,,https://www.azubi.de/ausbildungsplatz/10533966-b-ausbildung-fachinformatiker-in-anwendungsentwicklung-m-w-d-2026/apply,portal,,,R.iT GmbH | Ausbildung | Fachinformatiker/in - Anwendungsentwicklung (m/w/d) 2026 | Bochum,ya,belum,rendah,"Ausbildung Fachinformatiker/in - Anwendungsentwicklung (m/w/d) 2026

Einleitung
Bei R.iT ist iT spannend und abwechslungsreich: Wir machen die Zukunft sicher und digital. Starte mit uns in deine Ausbildung zur/zum Fachinformatiker*in Anwendungsentwicklung und werde Teil unseres Teams.
Deine Tech-Skills verdienen mehr als nur einen Job – bei R.iT gestaltest du am neuen Standort in Cham oder in Bochum mit uns die digitale Zukunft, lernst von echten Profis und baust dir eine Karriere auf, die wirklich zu dir passt. #innovativeZukunft""
Durch unser breites Kundenportfolio arbeitest du immer wieder an neuen, spannenden Projekten mit vielen Herausforderungen.
So macht iT echt Spaß!
Deine Rolle
Im Rahmen Deiner Ausbildung arbeitest Du dich schrittweise in folgende Themen und Aufgabengebiete ein:
- Webentwicklung mit HTML, CSS, JavaScript (inkl. Frameworks), C# (ASP.NET) & SQL in einer modernen Entwicklungsplattform
- Designen und Implementieren von Datenbanken
- Umgang mit der Microsoft Dynamics 365 (CRM) Plattform: Werde zum Microsoft Certified Specialist!
- Erstellung von Prototypen per Wireframing
- Durchführung von Softwaretests im Bereich der Funktions-, Komponenten- und Belastungstests
- Wir arbeiten unter Anwendung agiler Methoden. Bei uns erlebst du, wie es in der Praxis funktioniert!
- Assistenz bei der Konzeption von Anforderungskatalogen für die Implementierung kundenspezifischer Projekte
- Begleitung von Kundenterminen und -präsentationen
- Beim Coden ist längst nicht Schluss! Lerne, wie Software in den Produktivbetrieb kommt und unterstütze uns im Support
Deine Talente
- Du hast dich bereits in der Schule und/oder privat mit Programmierung beschäftigt und verfügst daher über erste Erfahrungen im Umgang mit Programmier-sprachen und Datenbanken
- Du hast Durchhaltevermögen: Denn du weißt, dass die Entwicklung von Software ein langwieriger, oftmals kleinschrittiger und anstrengender Prozess ist – wobei du dies nicht als belastend sondern jedes Mal wieder als herausfordernd ansehen
- Du hast Spaß daran, komplexe Sachverhalte und Prozesse zu analysieren und zu strukturieren
- Du arbeitest gern gemeinsam an Projekten, um im Team die bestmögliche Ergebnisse zu erzielen
unsere Leistungen
• wir bilden Dich mit dem Ziel aus, Dich in ein festes Ausbildungsverhältnis zu übernehmen
• abwechslungsreiche und spannende Projekte
• schrittweise Übernahme von Verantwortung
• ein/e erfahrene/r Mitarbeiter*in, die/der Dich als Pate begleitet
• eine Verkürzung der Ausbildung? - bei uns gerne gesehen!
• wir sind ein wachsendes, innovatives und dynamisches Unternehmen
• Du profitierst von fachlichen und persönlichen Weiterentwicklungsmöglichkeiten
• durch langjährige Zusammenarbeit erfahrener iT-Professionals unterschiedlicher Fachrichtungen bieten wir Dir einen Rundumblick in unsere Digitalisierungsprojekte
Aufgaben","Einleitung
Bei R.iT ist iT spannend und abwechslungsreich: Wir machen die Zukunft sicher und digital. Starte mit uns in deine Ausbildung zur/zum Fachinformatiker*in Anwendungsentwicklung und werde Teil unseres Teams.
Deine Tech-Skills verdienen mehr als nur einen Job – bei R.iT gestaltest du am neuen Standort in Cham oder in Bochum mit uns die digitale Zukunft, lernst von echten Profis und baust dir eine Karriere auf, die wirklich zu dir passt. #innovativeZukunft""
Durch unser breites Kundenportfolio arbeitest du immer wieder an neuen, spannenden Projekten mit vielen Herausforderungen.
So macht iT echt Spaß!
Deine Rolle
Im Rahmen Deiner Ausbildung arbeitest Du dich schrittweise in folgende Themen und Aufgabengebiete ein:
- Webentwicklung mit HTML, CSS, JavaScript (inkl. Frameworks), C# (ASP.NET) & SQL in einer modernen Entwicklungsplattform
- Designen und Implementieren von Datenbanken
- Umgang mit der Microsoft Dynamics 365 (CRM) Plattform: Werde zum Microsoft Certified Specialist!
- Erstellung von Prototypen per Wireframing
- Durchführung von Softwaretests im Bereich der Funktions-, Komponenten- und Belastungstests
- Wir arbeiten unter Anwendung agiler Methoden. Bei uns erlebst du, wie es in der Praxis funktioniert!
- Assistenz bei der Konzeption von Anforderungskatalogen für die Implementierung kundenspezifischer Projekte
- Begleitung von Kundenterminen und -präsentationen
- Beim Coden ist längst nicht Schluss! Lerne, wie Software in den Produktivbetrieb kommt und unterstütze uns im Support
Deine Talente
- Du hast dich bereits in der Schule und/oder privat mit Programmierung beschäftigt und verfügst daher über erste Erfahrungen im Umgang mit Programmier-sprachen und Datenbanken
- Du hast Durchhaltevermögen: Denn du weißt, dass die Entwicklung von Software ein langwieriger, oftmals kleinschrittiger und anstrengender Prozess ist – wobei du dies nicht als belastend sondern jedes Mal wieder als herausfordernd ansehen
- Du hast Spaß daran, komplexe Sachverhalte und Prozesse zu analysieren und zu strukturieren
- Du arbeitest gern gemeinsam an Projekten, um im Team die bestmögliche Ergebnisse zu erzielen
unsere Leistungen
• wir bilden Dich mit dem Ziel aus, Dich in ein festes Ausbildungsverhältnis zu übernehmen
• abwechslungsreiche und spannende Projekte
• schrittweise Übernahme von Verantwortung
• ein/e erfahrene/r Mitarbeiter*in, die/der Dich als Pate begleitet
• eine Verkürzung der Ausbildung? - bei uns gerne gesehen!
• wir sind ein wachsendes, innovatives und dynamisches Unternehmen
• Du profitierst von fachlichen und persönlichen Weiterentwicklungsmöglichkeiten
• durch langjährige Zusammenarbeit erfahrener iT-Professionals unterschiedlicher Fachrichtungen bieten wir Dir einen Rundumblick in unsere Digitalisierungsprojekte
Aufgaben",2026-06-13T10:34:22.238360+00:00
NRW-635-1064,ausbildung_nrw_ae,Ruhr-Universität Bochum,Bochum,Universitätsstraße 150 44801 Bochum,Ausbildung | Fachinformatiker/in - Anwendungsentwicklung (2026),ae,,,,47,empty,,,tidak_jelas,"KONTAKT
DATENSCHUTZ
IMPRESSUM
FINDE DEINEN BERUFSEINSTIEG IN NRW
Karte schließen
+
–
⤢
POP-UP Aus- und Weiterbildung - Starte deine Zukunft jetzt!
Industrie- und Handelskammer zu Dortmund
von Montag, 08.06.2026 - 13:00 bis Morgen, 13.06.2026 - 16:00
Mehr Informationen
CHECK In - Berufswelt in Neuss
Industrie- und Handelskammer Mittlerer Niederrhein
von Mittwoch, 10.06.2026 - 10:00 bis 14:00
Mehr Informationen
Erlebniswelt Ausbildung meets HEROCON
Industrie- und Handelskammer zu Dortmund
von Heute - 09:00 bis Morgen, 13.06.2026 - 16:00
Mehr Informationen
Weitere Veranstaltungen
Filtern
Zurücksetzen
Umkreis
10km
Veranstaltung
Was suchst du?
Berufsfeld
Beruf
Jahresfilter
8572 Ergebnisse
""
Industriekaufmann/frau
""Formzeug"" Formen und Werkzeuggesellschaft mit beschränkter Haftung und Co, Kommanditgesellschaft
Wegberg
""
Kaufmann/frau - Einzelhandel (2026)
""Hol ab!"" Getränkemarkt GmbH
Bünde, Espelkamp, Lübbecke, Rödinghausen
""
Verkäufer/in (2026)
""Hol ab!"" Getränkemarkt GmbH
Bünde, Espelkamp, Lübbecke, Rödinghausen
Kaufmann/frau – Büromanagement
""STURM® INDUSTRIES"" (STURM GmbH)
Duisburg
Industriekaufmann/frau
""STURM® INDUSTRIES"" (STURM GmbH)
Duisburg
Technische/r Produktdesigner/in
""STURM® INDUSTRIES"" (STURM GmbH)
Duisburg
Maschinen- und Anlagenführer/in
""STURM® INDUSTRIES"" (STURM GmbH)
Duisburg
Kaufmann/frau – Büromanagement
2bessential GmbH
Bielefeld
Mechatroniker/-in für Kältetechnik (2026, 2027, 2028)
2G Energy AG
Heek
Elektroniker/in – Betriebstechnik (2026, 2027, 2028)
2G Energy AG
Heek
Fachkraft – Lagerlogistik (2026, 2027, 2028)
2G Energy AG
Heek
Mechatroniker/in (2026, 2027, 2028)
2G Energy AG
Heek
Fachinformatiker/in - Anwendungsentwicklung (2026, 2027, 2028)
2G Energy AG
Heek
Industriekaufmann/frau (2027, 2028)
2G Energy AG
Heek
Fachinformatiker/in - Systemintegration (2027, 2028)
2G Energy AG
Heek
Kaufmann/frau - Digitalisierungsmanagement (2027, 2028)
2G Energy AG
Heek
Technische/r Produktdesigner/in (2027, 2028)
2G Energy AG
Heek
Kaufmann/frau – Marketingkommunikation (2025)
2increase - Agentur für Marketing + Events
Mönchengladbach
Veranstaltungskaufmann/frau (2025)
2increase - Agentur für Marketing + Events
Mönchengladbach
Werkzeugmechaniker/in (2025)
3 D-plastic Hans Kintra GmbH
Mönchengladbach
Kaufmann/frau - E-Commerce (2025)
3000watt GmbH
Bielefeld
Veranstaltungskaufmann/frau (2025)
3s GmbH & Co. KG
Nordrhein-Westfalen - Mönchengladbach
Personaldienstleistungskaufmann/frau (2025)
3s GmbH & Co. KG
Nordrhein-Westfalen - Mönchengladbach
Fachkraft – Lagerlogistik (2026, 2027)
3S Schrader GmbH
Bad Salzdetfurth
Fachlagerist/in (2026, 2027)
3S Schrader GmbH
Bad Salzdetfurth
Zerspanungsmechaniker/in (2026, 2027)
3WIN Maschinenbau GmbH
Aachen
Kaufmann/frau – Büromanagement (2026, 2027)
3WIN Maschinenbau GmbH
Aachen
Industriemechaniker/in - Maschinen- und Anlagenbau (2026, 2027)
3WIN Maschinenbau GmbH
Aachen
Kaufmann/frau – Spedition und Logistikdienstleistung (2025, 2026)
8Motions Solutions GmbH
Kaarst
Steuerfachangestellte/r (2026)
8P Partnerschaft mbB
Siegen
info@ausbildung.nrw
Kontakt
Datenschutz
Impressum
Ausbildung.NRW ist ein Kooperationsprojekt der Industrie- und Handelskammern in Nordrhein-Westfalen.
umgesetzt von der www.spieker.agency",,Ruhr-Universität Bochum | Ausbildung | Fachinformatiker/in - Anwendungsentwicklung (2026) | Bochum,ya,belum,rendah,"Fachinformatiker/in - Anwendungsentwicklung (2026)

Fachinformatiker/in - Anwendungsentwicklung (2026, 2027, 2028)
2G Energy AG
Heek
Industriekaufmann/frau (2027, 2028)
2G Energy AG
Heek
Fachinformatiker/in - Systemintegration (2027, 2028)
2G Energy AG
Heek
Kaufmann/frau - Digitalisierungsmanagement (2027, 2028)
2G Energy AG
Heek
Technische/r Produktdesigner/in (2027, 2028)
2G Energy AG
Heek
Kaufmann/frau – Marketingkommunikation (2025)
2increase - Agentur für Marketing + Events
Mönchengladbach
Veranstaltungskaufmann/frau (2025)
2increase - Agentur für Marketing + Events
Mönchengladbach
Werkzeugmechaniker/in (2025)
3 D-plastic Hans Kintra GmbH
Mönchengladbach
Kaufmann/frau - E-Commerce (2025)
3000watt GmbH
Bielefeld
Veranstaltungskaufmann/frau (2025)
3s GmbH & Co. KG
Nordrhein-Westfalen - Mönchengladbach
Personaldienstleistungskaufmann/frau (2025)
3s GmbH & Co. KG
Nordrhein-Westfalen - Mönchengladbach
Fachkraft – Lagerlogistik (2026, 2027)
3S Schrader GmbH
Bad Salzdetfurth
Fachlagerist/in (2026, 2027)
3S Schrader GmbH
Bad Salzdetfurth
Zerspanungsmechaniker/in (2026, 2027)
3WIN Maschinenbau GmbH
Aachen
Kaufmann/frau – Büromanagement (2026, 2027)
3WIN Maschinenbau GmbH
Aachen
Industriemechaniker/in - Maschinen- und Anlagenbau (2026, 2027)
3WIN Maschinenbau GmbH
Aachen
Kaufmann/frau – Spedition und Logistikdienstleistung (2025, 2026)
8Motions Solutions GmbH
Kaarst
Steuerfachangestellte/r (2026)
8P Partnerschaft mbB
Siegen
info@ausbildung.nrw",,2026-06-12T09:58:33.314759+00:00
MAD-2440498916,meine_ausbildung_ae,Gehax Systemhaus UG (haftungsbeschränkt),Bochum,,Fachinformatiker/in - Anwendungsentwicklung,ae,,,,40,company,,https://suche.ausbildung.nrw/unternehmen/gehax-gmbh/2518?utm_source=meine-ausbildung-in-deutschland,portal,,,Gehax Systemhaus UG (haftungsbeschränkt) | Fachinformatiker/in - Anwendungsentwicklung | Bochum,ya,belum,rendah,Fachinformatiker/in - Anwendungsentwicklung,,2026-06-11T11:44:53.200284+00:00
NRW-534-13694,ausbildung_nrw_dpa,Dr. Bergmann · Dr. Rohde & consulting group gmbh,Bochum,Steinring 125 44789 Bochum,Ausbildung | Fachinformatiker/in - Daten- und Prozessanalyse (2026),dpa,,,,73,company,jobs@brcg.de,https://www.brcg.de/,email,"Kontakt
+49 234 777960
jobs@brcg.de
https://www.brcg.de/
Steinring 125
44789 Bochum
F
Frau Anke Hilker
Leitung Personal und Organisation
+49 234 777960
jobs@brcg.de
Standort
+
–
⤢
info@ausbildung.nrw
Kontakt
Datenschutz
Impressum
Ausbildung.NRW ist ein Kooperationsprojekt der Industrie- und Handelskammern in Nordrhein-Westfalen.
umgesetzt von der www.spieker.agency",,Dr. Bergmann · Dr. Rohde & consulting group gmbh | Ausbildung | Fachinformatiker/in - Daten- und Prozessanalyse (2026) | Bochum,tidak,belum,tinggi,"Fachinformatiker/in - Daten- und Prozessanalyse (2026)

Fachinformatiker/in - Daten- und Prozessanalyse in Bochum (2026)
Mehr Informationen
Kaufmann/frau – Dialogmarketing in Bochum (2026)
Mehr Informationen
Kaufmann/frau – Büromanagement in Bochum (2026)
Mehr Informationen
Kaufmann/frau – Marketingkommunikation in Bochum (2026)
Mehr Informationen",,2026-06-12T10:00:28.572016+00:00
AUBI-354415,aubi_plus_fi,R.iT GmbH,Bochum,44801 Bochum,Ausbildung | Fachinformatiker Fachrichtung Daten- und Prozessanalyse,dpa,,,"1.250,00 €, 1.325,00 €, 1.375,00 €",60,empty,,https://www.aubi-plus.de/bewerbung/,portal,"Kontakt
Frau Elena Ndoye
HR Managerin
+49 2344 38800-0
E-Mail anzeigen
Bewerbungsunterlagen
vollständige Bewerbungsunterlagen
Anschreiben
Lebenslauf
die letzten 2 Schulzeugnisse
Tipp: Beziehe dich in deiner Bewerbung auf AUBI-plus!
Mit bewerbung2go kannst du deine Bewerbungsunterlagen erstellen.
Deine AUBI-plus Jobmail
Lass deinen Bot für dich suchen! Lege deine Suchkriterien fest und lehn dich zurück. Du bekommst aktuelle Stellen für deinen Traumberuf direkt per Mail zugeschickt.
SUCHBOT ERSTELLEN
Ähnliche Suchanfragen:
AUSBILDUNG BOCHUM 2026
AUSBILDUNG IN NORDRHEIN-WESTFALEN
AUSBILDUNG 2026
AUSBILDUNG ALS FACHINFORMATIKER FACHRICHTUNG DATEN- UND PROZESSANALYSE IN BOCHUM
3 weitere Stellen im Unternehmen
Ausbildung Fachinformatiker Fachrichtung Anwendungsentwicklung (m/w/d)
R.iT GmbH
44801 Bochum
01.08.2026
Ausbildung Fachinformatiker Fachrichtung Systemintegration (m/w/d)
R.iT GmbH
44801 Bochum
01.08.2026
Ausbildung Kaufmann für IT-System-Management (m/w/d)
R.iT GmbH
44801 Bochum
Ab sofort
AUBI-plus
Über uns
Karriere
Partner
FAQ
News & Events
Presse
Blog
Messen & Aktionstage
DEUTSCHES AUSBILDUNGSFORUM
Produkte & Dienstleistungen
Für Ausbildungsbetriebe
Für Hochschulen
Für Schulen
Für Eltern
Besuch uns auch auf:
Region ändern:
AUBI-plus Österreich (deutsch)
AUBI-plus Schweiz (deutsch)
AUBI-plus Italien (deutsch)
AUBI-plus
Impressum
AGB
Datenschutz
Kontakt",,R.iT GmbH | Ausbildung | Fachinformatiker Fachrichtung Daten- und Prozessanalyse | Bochum,tidak,belum,sedang,"Fachinformatiker Fachrichtung Daten- und Prozessanalyse

Deine Benefits
von Beginn deiner Ausbildung an integrieren wir Dich in echten Projekten; dort übernimmst Du schrittweise Verantwortung und lernst, was in der Praxis wichtig ist
gemeinsam mit Dir werden wir unsere Vision realisieren: Digital Champions: Made in Germany!
wir arbeiten mit OKRs – dadurch hast Du einen sehr hohen Grad an Selbstbestimmung und kannst auch beeinflussen, welche Themen in Deinem Team und dem Unternehmen auf der Agenda stehen
in vierteljährlichen 1:1s und jährlichen Entwicklungsgesprächen erhältst Du regelmäßiges Feedback zu Deinem Fortschritt
Du profitierst von zahlreichen fachlichen und persönlichen Weiterentwicklungsmöglichkeiten
Du arbeitest im R.iT Club Office – einem offenen, agilen und hoch modernen Arbeitsumfeld
dich begleitet ein/e erfahrene*r Mitarbeiter*in als Pate sowohl fachlich als auch organisatorisch
gute ÖPNV-Anbindung
wir bilden Dich mit dem Ziel aus, Dich in ein festes Arbeitsverhältnis zu übernehmen!
unser SPIR.iT: familiäre Werte / vertrauensvoller Umgang
kostenlose Getränke, Frühstück, Obst
Individuelles Benefit im Rahmen der individuellen Leistungspakete (Urban Sports Club, Tankgutschein, Jobticket oder private Krankenzusatzversicherung)
Unser Leitbild
Auf dem Weg zu einer der qualitativ führenden iT-Unternehmensberatungen für die Digitalisierung gestalten wir den digitalen Wandel im Mittelstand. Unsere Leistungen sind jederzeit überdurchschnittlich. Und so sind auch die Menschen bei R.iT.
Bei uns arbeiten Menschen, die hohe Ziele als Motivation empfinden und auf dem gemeinsamen Weg zur besten Lösung in die Verantwortung gehen.
Unsere Zusammenarbeit ist geprägt von einem ehrlichen und offenen Umgang miteinander, in der jede Meinung gehört wird. Damit das Richtige, nicht das Mächtige entscheidet.
Wir zeigen hohen Einsatz. Wir geben all unsere Energie. Wir nennen die Dinge beim Namen. Damit die Menschen bei uns wachsen - für sich und fürs Unternehmen.
Zu uns passt, wer das erkennt und verantwortungsvoll zu nutzen weiß.
Bewirb dich gern!
Du möchtest ein*e R.iT-ler*in werden?
Dann bewirb Dich jetzt gern digital bei Elena Ndoye: Ausbildung Fachinformatiker*in für Daten- und Prozessanalyse (w/m/d) - Job Bochum - Stellenportal der R.iT GmbH
Verkürzung der Ausbildungsdauer und duales Studium möglich.
Stellendetails
Beruf:
Fachinformatiker / Fachinformatikerin Fachrichtung Daten- und Prozessanalyse
Bewerbungsfrist:
Offen
Mindestabschluss:
Fachhochschulreife
Schulnoten: Mathe: 3, Englisch: 3, Deutsch: 3
Freie Ausbildungsplätze:
2
Auch geeignet für:
Studienabbrecher*innen
Dauer:
3 Jahre
Referenz-Nr:
AUBI-354415
(Bitte in der Bewerbung angeben)
Kopieren
Dein persönlicher Matching-Score
Du willst wissen, wie gut diese Stelle zu dir passt? Dann registriere dich und mach das Matching. Mehr erfahren
Ausbildungsvergütung
1. Ausbildungsjahr: 1.250,00 €
2. Ausbildungsjahr: 1.325,00 €
3. Ausbildungsjahr: 1.375,00 €",,2026-06-13T14:53:15.699116+00:00
NRW-1864-3441,ausbildung_nrw_dpa,expositio ,Bochum,Lyrenstr. 13 44866 Bochum,Ausbildung | Fachinformatiker/in - Daten- und Prozessanalyse (2025),dpa,,,,47,empty,,,tidak_jelas,"KONTAKT
DATENSCHUTZ
IMPRESSUM
FINDE DEINEN BERUFSEINSTIEG IN NRW
Karte schließen
+
–
⤢
POP-UP Aus- und Weiterbildung - Starte deine Zukunft jetzt!
Industrie- und Handelskammer zu Dortmund
von Montag, 08.06.2026 - 13:00 bis Morgen, 13.06.2026 - 16:00
Mehr Informationen
CHECK In - Berufswelt in Neuss
Industrie- und Handelskammer Mittlerer Niederrhein
von Mittwoch, 10.06.2026 - 10:00 bis 14:00
Mehr Informationen
Erlebniswelt Ausbildung meets HEROCON
Industrie- und Handelskammer zu Dortmund
von Heute - 09:00 bis Morgen, 13.06.2026 - 16:00
Mehr Informationen
Weitere Veranstaltungen
Filtern
Zurücksetzen
Umkreis
10km
Veranstaltung
Was suchst du?
Berufsfeld
Beruf
Jahresfilter
8572 Ergebnisse
""
Industriekaufmann/frau
""Formzeug"" Formen und Werkzeuggesellschaft mit beschränkter Haftung und Co, Kommanditgesellschaft
Wegberg
""
Kaufmann/frau - Einzelhandel (2026)
""Hol ab!"" Getränkemarkt GmbH
Bünde, Espelkamp, Lübbecke, Rödinghausen
""
Verkäufer/in (2026)
""Hol ab!"" Getränkemarkt GmbH
Bünde, Espelkamp, Lübbecke, Rödinghausen
Kaufmann/frau – Büromanagement
""STURM® INDUSTRIES"" (STURM GmbH)
Duisburg
Industriekaufmann/frau
""STURM® INDUSTRIES"" (STURM GmbH)
Duisburg
Technische/r Produktdesigner/in
""STURM® INDUSTRIES"" (STURM GmbH)
Duisburg
Maschinen- und Anlagenführer/in
""STURM® INDUSTRIES"" (STURM GmbH)
Duisburg
Kaufmann/frau – Büromanagement
2bessential GmbH
Bielefeld
Mechatroniker/-in für Kältetechnik (2026, 2027, 2028)
2G Energy AG
Heek
Elektroniker/in – Betriebstechnik (2026, 2027, 2028)
2G Energy AG
Heek
Fachkraft – Lagerlogistik (2026, 2027, 2028)
2G Energy AG
Heek
Mechatroniker/in (2026, 2027, 2028)
2G Energy AG
Heek
Fachinformatiker/in - Anwendungsentwicklung (2026, 2027, 2028)
2G Energy AG
Heek
Industriekaufmann/frau (2027, 2028)
2G Energy AG
Heek
Fachinformatiker/in - Systemintegration (2027, 2028)
2G Energy AG
Heek
Kaufmann/frau - Digitalisierungsmanagement (2027, 2028)
2G Energy AG
Heek
Technische/r Produktdesigner/in (2027, 2028)
2G Energy AG
Heek
Kaufmann/frau – Marketingkommunikation (2025)
2increase - Agentur für Marketing + Events
Mönchengladbach
Veranstaltungskaufmann/frau (2025)
2increase - Agentur für Marketing + Events
Mönchengladbach
Werkzeugmechaniker/in (2025)
3 D-plastic Hans Kintra GmbH
Mönchengladbach
Kaufmann/frau - E-Commerce (2025)
3000watt GmbH
Bielefeld
Veranstaltungskaufmann/frau (2025)
3s GmbH & Co. KG
Nordrhein-Westfalen - Mönchengladbach
Personaldienstleistungskaufmann/frau (2025)
3s GmbH & Co. KG
Nordrhein-Westfalen - Mönchengladbach
Fachkraft – Lagerlogistik (2026, 2027)
3S Schrader GmbH
Bad Salzdetfurth
Fachlagerist/in (2026, 2027)
3S Schrader GmbH
Bad Salzdetfurth
Zerspanungsmechaniker/in (2026, 2027)
3WIN Maschinenbau GmbH
Aachen
Kaufmann/frau – Büromanagement (2026, 2027)
3WIN Maschinenbau GmbH
Aachen
Industriemechaniker/in - Maschinen- und Anlagenbau (2026, 2027)
3WIN Maschinenbau GmbH
Aachen
Kaufmann/frau – Spedition und Logistikdienstleistung (2025, 2026)
8Motions Solutions GmbH
Kaarst
Steuerfachangestellte/r (2026)
8P Partnerschaft mbB
Siegen
info@ausbildung.nrw
Kontakt
Datenschutz
Impressum
Ausbildung.NRW ist ein Kooperationsprojekt der Industrie- und Handelskammern in Nordrhein-Westfalen.
umgesetzt von der www.spieker.agency",,expositio | Ausbildung | Fachinformatiker/in - Daten- und Prozessanalyse (2025) | Bochum,ya,belum,rendah,Fachinformatiker/in - Daten- und Prozessanalyse (2025),,2026-06-12T10:00:32.132247+00:00
AUBI-224798,aubi_plus_fi,R.iT GmbH,Bochum,44801 Bochum,Ausbildung | Fachinformatiker Fachrichtung Systemintegration (m/w/d),si,,,"1.250,00 €, 1.325,00 €, 1.375,00 €",67,empty,,https://www.aubi-plus.de/bewerbung/,portal,"Kontakt
Frau Elena Ndoye
HR Managerin
+49 2344 38800-0
E-Mail anzeigen
Bewerbungsunterlagen
vollständige Bewerbungsunterlagen
Anschreiben
Lebenslauf
die letzten 2 Schulzeugnisse
Tipp: Beziehe dich in deiner Bewerbung auf AUBI-plus!
Mit bewerbung2go kannst du deine Bewerbungsunterlagen erstellen.
Deine AUBI-plus Jobmail
Lass deinen Bot für dich suchen! Lege deine Suchkriterien fest und lehn dich zurück. Du bekommst aktuelle Stellen für deinen Traumberuf direkt per Mail zugeschickt.
SUCHBOT ERSTELLEN
Ähnliche Suchanfragen:
AUSBILDUNG BOCHUM
AUSBILDUNG IN NORDRHEIN-WESTFALEN
AUSBILDUNG 2026
AUSBILDUNG ALS FACHINFORMATIKER FACHRICHTUNG SYSTEMINTEGRATION (M/W/D) IN BOCHUM
3 weitere Stellen im Unternehmen
Ausbildung Fachinformatiker Fachrichtung Daten- und Prozessanalyse
R.iT GmbH
44801 Bochum
01.08.2026
Ausbildung Kaufmann für IT-System-Management (m/w/d)
R.iT GmbH
44801 Bochum
Ab sofort
Ausbildung Fachinformatiker Fachrichtung Anwendungsentwicklung (m/w/d)
R.iT GmbH
44801 Bochum
01.08.2026
AUBI-plus
Über uns
Karriere
Partner
FAQ
News & Events
Presse
Blog
Messen & Aktionstage
DEUTSCHES AUSBILDUNGSFORUM
Produkte & Dienstleistungen
Für Ausbildungsbetriebe
Für Hochschulen
Für Schulen
Für Eltern
Besuch uns auch auf:
Region ändern:
AUBI-plus Österreich (deutsch)
AUBI-plus Schweiz (deutsch)
AUBI-plus Italien (deutsch)
AUBI-plus
Impressum
AGB
Datenschutz
Kontakt",,R.iT GmbH | Ausbildung | Fachinformatiker Fachrichtung Systemintegration (m/w/d) | Bochum,tidak,belum,sedang,"Fachinformatiker Fachrichtung Systemintegration (m/w/d)

Deine Talente - das bringst Du mit
Du bist im Herzen ein Hobby Admin, der mit Freude in der Cloud neue Dinge ausprobiert und/oder PCs einrichtet und verfügst daher über Hintergrundwissen und erste Erfahrungen in diesem Themenfeld
Du besitzt Durchhaltevermögen: Denn Du weißt, dass die Lösung von iT-Problemen oft ein langwieriger, kleinschrittiger und anstrengender Prozess ist – wobei Du dies nicht als belastend, sondern jedes Mal wieder als herausfordernd ansiehst
Du arbeitest gern gemeinsam im Team an Projekten, um zusammen bestmögliche Ergebnisse zu erzielen

Deine Benefits
von Beginn deiner Ausbildung an integrieren wir Dich in echte Projekte; dort übernimmst Du schrittweise Verantwortung und lernst, was in der Praxis wichtig ist
gemeinsam mit Dir werden wir unsere Vision realisieren: Digital Champions: Made in Germany!
wir arbeiten mit OKRs – dadurch hast Du einen sehr hohen Grad an Selbstbestimmung und kannst auch beeinflussen, welche Themen in Deinem Team und dem Unternehmen auf der Agenda stehen
in vierteljährlichen 1:1s und jährlichen Entwicklungsgesprächen erhältst Du regelmäßiges Feedback zu Deinem Fortschritt
Du profitierst von zahlreichen fachlichen und persönlichen Weiterentwicklungsmöglichkeiten
Du arbeitest im R.iT Club Office – einem offenen, agilen und hoch modernen Arbeitsumfeld
dich begleitet ein/e erfahrene*r Mitarbeiter*in als Pate sowohl fachlich als auch organisatorisch
gute ÖPNV-Anbindung
wir bilden Dich mit dem Ziel aus, Dich in ein festes Arbeitsverhältnis zu übernehmen!
unser SPIR.iT: familiäre Werte / vertrauensvoller Umgang
kostenlose Getränke, Frühstück, Obst
Individueller Benefit im Rahmen der individuellen Leistungspakete (Urban Sports Club, Tankgutschein, Jobticket oder private Krankenzusatzversicherung)
Unser Leitbild
Auf dem Weg zu einer der qualitativ führenden iT-Unternehmensberatungen für die Digitalisierung gestalten wir den digitalen Wandel im Mittelstand.
Unsere Leistungen sind jederzeit überdurchschnittlich. Und so sind auch die Menschen bei R.iT.
Bei uns arbeiten Menschen, die hohe Ziele als Motivation empfinden und auf dem gemeinsamen Weg zur besten Lösung in die Verantwortung gehen.
Unsere Zusammenarbeit ist geprägt von einem ehrlichen und offenen Umgang miteinander, in der jede Meinung gehört wird. Damit das Richtige, nicht das Mächtige entscheidet.
Wir zeigen hohen Einsatz. Wir geben all unsere Energie. Wir nennen die Dinge beim Namen. Damit die Menschen bei uns wachsen - für sich und fürs Unternehmen.
Zu uns passt, wer das erkennt und verantwortungsvoll zu nutzen weiß.
Bewirb dich gern!
Du möchtest ein*e R.iT-ler*in werden?
Dann bewirb Dich jetzt gern digital bei Elena Ndoye:
Bewerbung Bochum: Ausbildung Fachinformatiker*in Systemintegration - Job Bochum - Stellenportal der R.iT GmbH
Bewerbung Cham: Ausbildung Fachinformatiker*in Systemintegration - Job Cham - Stellenportal der R.iT GmbH
Verkürzung der Ausbildungsdauer mgl.
Stellendetails
Beruf:
Fachinformatiker / Fachinformatikerin Fachrichtung Systemintegration
Bewerbungsfrist:
Offen
Mindestabschluss:
Fachoberschulreife
Schulnoten: Mathe: 3, Englisch: 3, Deutsch: 3
Freie Ausbildungsplätze:
2
Auch geeignet für:
Studienabbrecher*innen
Dauer:
3 Jahre
Referenz-Nr:
AUBI-224798
(Bitte in der Bewerbung angeben)
Kopieren
Dein persönlicher Matching-Score
Du willst wissen, wie gut diese Stelle zu dir passt? Dann registriere dich und mach das Matching. Mehr erfahren
Ausbildungsvergütung
1. Ausbildungsjahr: 1.250,00 €
2. Ausbildungsjahr: 1.325,00 €
3. Ausbildungsjahr: 1.375,00 €","Deine Talente - das bringst Du mit
Du bist im Herzen ein Hobby Admin, der mit Freude in der Cloud neue Dinge ausprobiert und/oder PCs einrichtet und verfügst daher über Hintergrundwissen und erste Erfahrungen in diesem Themenfeld
Du besitzt Durchhaltevermögen: Denn Du weißt, dass die Lösung von iT-Problemen oft ein langwieriger, kleinschrittiger und anstrengender Prozess ist – wobei Du dies nicht als belastend, sondern jedes Mal wieder als herausfordernd ansiehst
Du arbeitest gern gemeinsam im Team an Projekten, um zusammen bestmögliche Ergebnisse zu erzielen",2026-06-13T14:53:18.546811+00:00
STEP-14144126,stepstone_de_ae,Think about IT GmbH,Bochum,Bochum Bochum,Ausbildung | als Kaufmann/-frau für IT-Systemmanagement (m/w/d) bei think about IT GmbH,non_fi,,,"1.000€, 200€",67,empty,,https://twitter.com/stepstone_de,portal,"erster Ansprechpartner am Telefon oder direkt beim Kunden vor Ort
Klärung von Sachverhalten in enger Zusammenarbeit mit den Prozessverantwortlichen und der Technik
Mitwirkung bei Projekten und ggf. selbstständige Durchführung kleinerer Projekte noch während Deiner Ausbildungszeit
Dein Kontakt
Freue Dich auf ein Team, welches auch abseits der Arbeit zusammenhält. Auf unserer Karriereseite gewinnst Du einen ersten persönlichen Eindruck und erfährst, was die think Group auszeichnet.https://think-about.it/karriere/Du und die think Group - das passt?Wir freuen uns auf Deine aussagekräftige Bewerbung mit Angabe Deiner Gehaltsvorstellung und Deines frühestmöglichen Eintrittstermins!Bei fachlichen Rückfragen vermitteln wir Dir gerne schnell und unkompliziert den Kontakt zur Fachabteilung.think about IT GmbHz.H. Alexander BieberHR ManagerGesundheitscampus-Süd 1944801 Bochum Tel: 0234/3336721-6067",,Think about IT GmbH | Ausbildung | als Kaufmann/-frau für IT-Systemmanagement (m/w/d) bei think about IT GmbH | Bochum,tidak,belum,sedang,"Ausbildung als Kaufmann/-frau für IT-Systemmanagement (m/w/d) bei think about IT GmbH

Dein Profil
mindestens Fachoberschulreife mit guten Leistungen in Mathematik, Deutsch und Englisch
Zuverlässigkeit, Selbstständigkeit und Interesse an neuen Themenbereichen
kaufmännisches Verständnis und IT-Affinität
rasche Auffassungsgabe und gute organisatorische Fähigkeiten
Führerschein der Klasse B wünschenswert

Deine Vorteile
Home-Office Anteil
umfangreiches Onboarding ergänzt durch unser Buddy-Programm
jährliches Weiterbildungsbudget
Mitarbeiter werben Mitarbeiter-Prämie in Höhe von 1.000€
200€ Arbeitgeberzuschuss zu deiner Arbeitsplatzbrille
kostenfreies Mittagessen am Healthy Wednesday
Arbeitgeberzuschuss zur Vermögensbildung
hoher Grad der persönlichen Entfaltung sowie individuelle Förderung
Trainingsmöglichkeiten in kooperierenden Fitnessstudios
Personalrabatte und Vergünstigungen bei zahlreichen Kooperationspartnern
gemeinsame Freizeitaktivitäten","Dein Profil
mindestens Fachoberschulreife mit guten Leistungen in Mathematik, Deutsch und Englisch
Zuverlässigkeit, Selbstständigkeit und Interesse an neuen Themenbereichen
kaufmännisches Verständnis und IT-Affinität
rasche Auffassungsgabe und gute organisatorische Fähigkeiten
Führerschein der Klasse B wünschenswert",2026-06-12T20:14:47.784969+00:00
