id_referensi,kategori,nama_perusahaan,kota,alamat,jenis_ausbildung,spesialisasi,tahun_mulai,bulan_mulai,gaji,skor_kelengkapan,tipe_website,email_bewerbung,link_bewerbung,cara_apply,kontak_hr,link_arbeitsagentur,ringkasan,butuh_manual,status_lamaran,prioritas,deskripsi,persyaratan,tanggal_scrape
10000-1204879041-S,fachinformatiker_ae_2026,Hektor + Rydzewski Bild + Ton GmbH,Düsseldorf,"Binterimstr. 19, 40223 Düsseldorf",Ausbildung | Fachinformatiker/in - Anwendungsentwicklung,ae,2026,8,,93,ba_portal,bewerbung@hektor-rydzewski.de,https://www.arbeitsagentur.de/jobsuche/jobdetail/10000-1204879041-S,email,Ansprechpartnerin: Laura Jäger,https://www.arbeitsagentur.de/jobsuche/jobdetail/10000-1204879041-S,Hektor + Rydzewski Bild + Ton GmbH | Ausbildung | Fachinformatiker/in - Anwendungsentwicklung | Düsseldorf,tidak,belum,tinggi,"Wir suchen zum 01.08.2026 einen Fachinformatiker/in Anwendungsentwicklung 

Die Hektor + Rydzewski GmbH ist eine seit den 1990er-Jahren bestehende Bild + Ton Produktionsfirma in Düsseldorf, sie hat einen festen Kundenstamm. Das komplexe Spektrum unserer Produktionen reicht von Imagefilmen, über Tonproduktionen (Sprachaufnahmen, Sounddesign etc.) und 2D + 3D-Animationen, bis hin zum stark wachsenden Segment Live-Streaming und Bereitstellung von Video-on-Demand. Wir sind ein 25-köpfiges Team. Gute Laune und Spaß an der Arbeit stehen bei uns an erster Stelle.

Für unsere Kunden (teils DAX-Konzerne) haben wir ein an deren Anforderungen und CI anpassbares Komplett-System für die Durchführung von Live-Streaming-Veranstaltungen entwickelt. Dieses beinhaltet neben den entsprechenden von uns betreuten Hardware-Komponenten (Verteil-Server) auch eine interaktive Live-Streaming-Software mit modularen Features wie z.B. Zweisprachigkeit, internes/externes Streaming, separate Folien-Anzeige, Zuschauer-Chat, Backoffice-Bereich, VoD mit Kapitel-Steuerung und Statistik. Das für hohe Zuschauerzahlen voll skalierbare System befindet sich in permanenter Weiterentwicklung.

Dein Arbeitsfeld:
wie oben beschrieben, werden die für unsere Kunden  entwickelten Softwaresysteme ständig weiterentwickelt (CMS, CCP, Front-End- bis Back-End-Entwicklung).
Das realisierst Du in diversen Projekten wie Live-Streaming-Systemen, Videoportalen oder Microsites für unsere Kunden.

Du verfügst über:
•	Fachhochschulreife oder Abitur
•	Kreatives Interesse an allen Themen rund um Web und Programmierung
•	Möglichst Vorkenntnisse in html, css, php und sql
•	einen Führerschein der Klasse B

Du
• bist ein aufgeschlossener und kommunikativer Mensch?
• bist flexibel, zeigst Einsatzbereitschaft und Teamfähigkeit
• hast ein gutes technisches Verständnis
• wohnst im Raum Düsseldorf (Nordrhein-Westfalen)

… dann bist Du bei uns genau richtig!

Wir bieten:
•	abwechslungsreiche und herausfordernde Projekte in einem offenen Arbeitsklima
•	selbstständiges Arbeiten
•	individuelle Gestaltungsräume
•	nette und hilfsbereite Kollegen

Vor einer möglichen Zusage zu einer Ausbildung sollten unsere Bewerber ein Praktikum in unserem Betrieb absolvieren.

Haben wir Dein Interesse geweckt?
Dann sende uns bitte eine aussagekräftige Bewerbung per Mail an: bewerbung@hektor-rydzewski.de
Ansprechpartnerin: Laura Jäger","Für unsere Kunden (teils DAX-Konzerne) haben wir ein an deren Anforderungen und CI anpassbares Komplett-System für die Durchführung von Live-Streaming-Veranstaltungen entwickelt. Dieses beinhaltet neben den entsprechenden von uns betreuten Hardware-Komponenten (Verteil-Server) auch eine interaktive Live-Streaming-Software mit modularen Features wie z.B. Zweisprachigkeit, internes/externes Streaming, separate Folien-Anzeige, Zuschauer-Chat, Backoffice-Bereich, VoD mit Kapitel-Steuerung und Statistik. Das für hohe Zuschauerzahlen voll skalierbare System befindet sich in permanenter Weiterentwicklung.
Dein Arbeitsfeld:
wie oben beschrieben, werden die für unsere Kunden  entwickelten Softwaresysteme ständig weiterentwickelt (CMS, CCP, Front-End- bis Back-End-Entwicklung).
Das realisierst Du in diversen Projekten wie Live-Streaming-Systemen, Videoportalen oder Microsites für unsere Kunden.",2026-06-11T08:13:58.078279+00:00
10000-1203957197-S,fachinformatiker_ae_2026,my-webnet GmbH,Düsseldorf,"Königsallee 27, 40212 Düsseldorf",Ausbildung | Fachinformatiker/in - Anwendungsentwicklung,ae,2026,,,80,ba_portal,bewerbung@sumasearch.de,https://www.arbeitsagentur.de/jobsuche/jobdetail/10000-1203957197-S,email,,https://www.arbeitsagentur.de/jobsuche/jobdetail/10000-1203957197-S,my-webnet GmbH | Ausbildung | Fachinformatiker/in - Anwendungsentwicklung | Düsseldorf,tidak,belum,tinggi,"Sie suchen einen optimalen Start in das Berufsleben? Dann ist die Ausbildung zum / zur Programmierer/in / Entwickler/-in bei Sumasearch genau das Richtige!

Ihr zukünftiger Ausbildungsbetrieb wird Sie in allen Bereichen unterstützen. Mit regelmäßigen Schulungen werden verschiedene Aufgabenbereiche vertieft. Zudem werden Sie bei Sumasearch selbstständiges Arbeiten erlernen, sodass wir am Ende gemeinsam unser Ziel „eine erfolgreich abgeschlossene Ausbildung zum / zur Programmierer/in / Entwickler/-in“ erreichen können.
Die Ausbildung zum / zur Programmierer/in / Entwickler/-in ist eine 3-jährige Ausbildung.
Ihre Tätigkeiten während der Ausbildung

- Entwicklung und Konzeption von Software, Datenbank
- Fehlersuche und Verbesserung
- Identifizierung von Kundenwünschen sowie Marktbedürfnissen
- …
Neben diesen kommunikativen Tätigkeiten bietet Sumasearch auch spannende Einblicke in den Tätigkeiten folgender Dienstleistungen an:
- Suchmaschinenoptimierung
- Suchmaschinenmarketing
- Google My Business
- AdWords Optimierung
- Social Media Management

Ihr Profil
Sie bringen folgende Voraussetzungen mit:

- Sie haben mindestens einen Realschulabschluss
- Gute bis sehr gute Office-Kenntnisse (Excel, PowerPoint, Word) sowie gute Photoshop Kenntnisse
- Vorkenntnisse mit Programmiersprache o.ä. sind notwendig!
- Sie arbeiten gerne am Computer
- Sie sind ein echter Team-Player und sind zielstrebig und lernbereit
- Sie haben einen Realschulabschluss oder höher
- Durchsetzungs- und Durchhaltevermögen
- Sie verfügen über eine hervorragende Ausdrucksweise und sprechen fließend Deutsch

Ihre Bewerbung an Sumasearch
Senden Sie Ihre Bewerbungsunterlagen per E-Mail an: bewerbung@sumasearch.de

- Lebenslauf
- Bewerbungsschreiben
- Zeugnisse (Abschlusszeugnis oder die letzten zwei)

________________________________________________________________________________
Wichtiger Hinweis von der Agentur für Arbeit für Jugendliche, die sich für das Angebot interessieren:
Möchtest du wissen, ob der Ausbildungsberuf der Richtige für dich ist oder hast du weitere Fragen zum Thema Ausbildung? Wir können dich bei der Suche nach einem Ausbildungs-& Praktikumsplatz unterstützen!
Melde dich gerne bei der Berufsberatung über Neuss.Berufsberatung@arbeitsagentur.de","Ihr Profil
Sie bringen folgende Voraussetzungen mit:
Mittlere Reife / Realschulabschluss",2026-06-11T08:14:57.290767+00:00
10001-1001956369-S,fachinformatiker_ae_2026,Peopleware,Düsseldorf,"Speditionstraße 5, 40221 Düsseldorf",Ausbildung | Fachinformatiker/in - Anwendungsentwicklung,ae,2026,,,80,ba_portal,,https://www.arbeitsagentur.de/jobsuche/jobdetail/10001-1001956369-S,ba_portal,,https://www.arbeitsagentur.de/jobsuche/jobdetail/10001-1001956369-S,Peopleware | Ausbildung | Fachinformatiker/in - Anwendungsentwicklung | Düsseldorf,ya,belum,rendah,"**Du möchtest in die Welt der Softwareentwicklung eintauchen, mit zukunftsorientierten Cloud-Technologien arbeiten und das Programmieren von Softwareanwendungen bis in die Tiefe erlernen?**

Dann starte zum **1. August 2026** deine 3-jährige Ausbildung bei Peopleware und entwickle mit uns an unserem Standort im Medienhafen Düsseldorf modernste SaaS-Lösungen, die weltweit von unseren Kunden im Bereich der Personaleinsatzplanung genutzt werden. Bei Interesse und geeigneter Qualifikation kannst du die Ausbildung auch im Rahmen eines dualen Studiums absolvieren.

**Das erwartet dich in der Ausbildung bei Peopleware:**

- **Hoch individuelle Ausbildung**: Wir unterstützen deine persönliche und berufliche Entwicklung, damit du das Beste aus dir herausholen kannst. Dies ermöglichen wir dir durch eine maßgeschneiderte Ausbildung mit spannenden Themen, individuellen Entwicklungsmöglichkeiten sowie viel Freiraum zum Lernen, Wachsen, Entfalten und Ausprobieren.
- **Praxisbezug von Anfang an**: Theorie ist wichtig, aber Praxis ist unersetzlich. Daher wirst du, nach einer vorhergehenden umfangreichen Einarbeitungsphase, direkt in unsere Enwicklungs-Teams integriert. Du lernst von erfahrenen Software Engineers, die ihr Wissen und ihre Erfahrung mit dir teilen, und arbeitest an echten Herausforderungen sowie der Entwicklung unserer Softwareprodukte mit.
- **Technologische Vielfalt**: Tauche ein in die Welt von Ruby, TypeScript, Python, HTML, CSS und Linux und lerne Methoden wie Pair Programming, agiles Arbeiten und testgetriebene Entwicklung (TDD) kennen.
- **Duales Lernen**: Du verbringst pro Woche jeweils 1,5 Tage im Berufskolleg Hilden und 3,5 Tage direkt bei uns im Unternehmen.

**Diese Ausbildung ist genau das Richtige für dich, wenn:**

- Dich IT/Software-Themen, moderne Technologien, Apps und/oder Programmiersprachen begeistern.
- Du erste Erfahrungen im IT-Bereich mitbringst, z.B. durch eigene Projekte und Interessen in deiner Freizeit, Praktika, IT-Kurse oder sonstige Vorbildung im Bereich Software/IT.
- Du motiviert bist, dich in komplexe Zusammenhänge einzuarbeiten und daran zu wachsen.
- Du dich in einem internationalen Umfeld und im Englischen wohlfühlst.
- Du Spaß daran hast, sowohl im Team als auch eigenständig zu arbeiten und Verantwortung zu übernehmen.

**Das bieten wir dir:**

- **Wir lassen dich nicht allein**: Deine erfahrenen Ausbilder begleiten dich vom ersten Tag an bis zu deinem IHK-Abschluss, inklusive intensiver Prüfungsvorbereitung.
- **Übernahme**: Bei erfolgreich bestandener Ausbildung und passender Eignung geht deine Reise selbstverständlich mit uns weiter.
- **Langjährige Ausbildungsexpertise**: Wir bilden seit 2015 im Bereich Fachinformatik für Anwendungsentwicklung aus und bringen unser Know-how jährlich in die Ausbildung engagierter Talente ein.
- **High-end IT-Equipment**: Für die Zeit deiner Ausbildung statten wir dich direkt am ersten Tag mit einem MacBook aus.
- **All-inclusive**: Von kostenlosen, täglichen Mahlzeiten (Frühstück, Mittagessen, Snacks), kostenfreien Tickets für den öffentlichen Personennahverkehr über eine betriebliche Altersvorsorge bis hin zu einer überdurchschnittlichen Vergütung - wir bieten dir ein Rundum-Sorglos-Paket.

**Kurz zu Peopleware:**

Wir bei Peopleware blicken auf 30 Jahre Erfahrung als erfolgreiches Software-Unternehmen zurück. Wir entwickeln eigene, cloud-basierte SaaS-Produkte (Software as a Service) im Bereich Workforce Management (WFM) und Digital Education, mit denen unsere weltweiten Geschäftskunden ihre komplexen Probleme gezielt und einfach lösen können. Bei Peopleware findest du flache Hierarchien sowie eigenverantwortliche und vielfältige Teams mit internationalen Kollegen. Und: Wir sind ein zertifizierter Great Place to Work.

**Lässt dieses Ausbildungsangebot dein Herz höher schlagen?**

Dann bewirb dich jetzt und gestalte aktiv die digitale Zukunft mit uns!

Chancengleichheit, Diversität und Inklusion sind bei uns nicht nur Worte, sondern gelebte Kultur. Jede:r qualifizierte Bewerber:in ist willkommen, unabhängig von ethnischer Zugehörigkeit, Hautfarbe, nationaler Herkunft, Religion, Geschlecht, Geschlechtsidentität, sexueller Orientierung, Schwangerschaft, Alter oder Behinderung.

**Wir freuen uns auf dich!**","Dann starte zum **1. August 2026** deine 3-jährige Ausbildung bei Peopleware und entwickle mit uns an unserem Standort im Medienhafen Düsseldorf modernste SaaS-Lösungen, die weltweit von unseren Kunden im Bereich der Personaleinsatzplanung genutzt werden. Bei Interesse und geeigneter Qualifikation kannst du die Ausbildung auch im Rahmen eines dualen Studiums absolvieren.
**Das erwartet dich in der Ausbildung bei Peopleware:**
Mittlere Reife / Realschulabschluss",2026-06-11T08:13:04.980241+00:00
10001-1002063582-S,fachinformatiker_ae_2026,Peopleware,Düsseldorf,"Speditionstraße 5, 40221 Düsseldorf",Ausbildung | Fachinformatiker/in - Systemintegration,ae,2026,,,80,ba_portal,,https://www.arbeitsagentur.de/jobsuche/jobdetail/10001-1002063582-S,ba_portal,,https://www.arbeitsagentur.de/jobsuche/jobdetail/10001-1002063582-S,Peopleware | Ausbildung | Fachinformatiker/in - Systemintegration | Düsseldorf,ya,belum,rendah,"**Du möchtest in die Welt der IT-Infrastruktur eintauchen, moderne Cloud-Systeme verstehen und lernen, wie man leistungsfähige Netzwerke, Server und Services aufbaut und betreibt?**

Dann starte zum **1. August 2026** deine 3-jährige Ausbildung zum Fachinformatiker - Systemintegration (w/m/d) bei Peopleware und sorge mit uns an unserem Standort im Medienhafen Düsseldorf für reibungslose IT-Prozesse in einer modernen Cloud- und SaaS-Umgebung. Bei Interesse und geeigneter Qualifikation kannst du die Ausbildung auch im Rahmen eines dualen Studiums absolvieren

**Das erwartet dich in der Ausbildung bei Peopleware:**

- **Hoch individuelle Ausbildung:** Wir unterstützen deine persönliche und berufliche Entwicklung, damit du das Beste aus dir herausholen kannst. Dies ermöglichen wir dir durch eine maßgeschneiderte Ausbildung mit spannenden Themen, individuellen Entwicklungsmöglichkeiten sowie viel Freiraum zum Lernen, Wachsen, Entfalten und Ausprobieren.
- **Praxisbezug von Anfang an:** Theorie ist wichtig, aber Praxis bringt dich wirklich weiter. Nach einer gründlichen Einarbeitungsphase wirst du direkt in unser IT-Team integriert. Du betreust gemeinsam mit erfahrenen System Engineers die Infrastruktur hinter unseren SaaS-Produkten, arbeitest an echten Herausforderungen und lernst, wie man Server, Netzwerke, Container-Umgebungen und Cloud-Systeme zuverlässig betreibt und überwacht.
- **Technologische Vielfalt:** Du arbeitest mit Technologien wie Linux, Docker, Kubernetes, AWS, Netzwerksicherheit, Virtualisierung (z. B. Proxmox) und Automatisierung mithilfe von Shell-Scripting und Ansible. Agile Methoden, moderne Monitoring-Tools und DevOps-Konzepte gehören bei uns selbstverständlich dazu.
- **Duales Lernen:** Du verbringst pro Woche jeweils 1,5 Tage im Berufskolleg Hilden und 3,5 Tage direkt bei uns im Unternehmen.

**Die Ausbildung Fachinformatiker - Systemintegration (w/m/d) ist genau das Richtige für dich, wenn:**

- dich IT-Infrastrukturen, Netzwerke und Systeme begeistern.
- du vielleicht schon erste Erfahrungen gesammelt hast – z. B. beim Zusammenbauen oder Einrichten von PCs, kleinen Netzwerken oder eigenen Serverprojekten.
- du Spaß am Analysieren, Planen und Lösen technischer Probleme hast.
- du dich in einem internationalen Umfeld wohlfühlst und gerne im Team arbeitest.
- du verantwortungsbewusst handelst und Freude daran hast, IT-Systeme stabil und sicher zu halten.

**Das bieten wir dir:**

- Wir lassen dich nicht allein: Deine erfahrenen Ausbilder, begleiten dich vom ersten Tag an bis zu deinem IHK-Abschluss, inklusive intensiver Prüfungsvorbereitung.
- Übernahme: Bei erfolgreich bestandener Ausbildung und passender Eignung geht deine Reise selbstverständlich mit uns weiter.
- Langjährige Ausbildungsexpertise: Die Ausbildung zum Fachinformatiker Anwendungsentwicklung (w/m/d) bieten wir seit 2015 an und bringen unser Know-how jährlich in die Förderung engagierter Talente ein.
- High-end IT-Equipment: Für die Zeit deiner Ausbildung statten wir dich direkt am ersten Tag mit einem MacBook aus.
- All-inclusive: Von kostenlosen, täglichen Mahlzeiten (Frühstück, Mittagessen, Snacks), kostenfreien Tickets für den öffentlichen Personennahverkehr über eine betriebliche Altersvorsorge bis hin zu einer überdurchschnittlichen Vergütung - wir bieten dir ein Rundum-Sorglos-Paket.

**Kurz zu Peopleware:**

Wir bei Peopleware blicken auf über 30 Jahre Erfahrung als erfolgreiches Software-Unternehmen zurück. Wir entwickeln eigene, cloud-basierte SaaS-Produkte (Software as a Service) im Bereich Workforce Management (WFM) und Digital Education, mit denen unsere weltweiten Geschäftskunden ihre komplexen Probleme gezielt und einfach lösen können. Bei Peopleware findest du flache Hierarchien sowie eigenverantwortliche und vielfältige Teams mit internationalen Kollegen. Und: Wir sind ein zertifizierter Great Place to Work.

**Lässt dieses Ausbildungsangebot dein Herz höher schlagen?**

Dann bewirb dich jetzt und gestalte aktiv die digitale Zukunft mit uns!

Chancengleichheit, Diversität und Inklusion sind bei uns nicht nur Worte, sondern gelebte Kultur. Jeder qualifizierte Bewerber ist willkommen, unabhängig von ethnischer Zugehörigkeit, Hautfarbe, nationaler Herkunft, Religion, Geschlecht, Geschlechtsidentität, sexueller Orientierung, Schwangerschaft, Alter oder Behinderung.

**Wir freuen uns auf dich!**","Dann starte zum **1. August 2026** deine 3-jährige Ausbildung zum Fachinformatiker - Systemintegration (w/m/d) bei Peopleware und sorge mit uns an unserem Standort im Medienhafen Düsseldorf für reibungslose IT-Prozesse in einer modernen Cloud- und SaaS-Umgebung. Bei Interesse und geeigneter Qualifikation kannst du die Ausbildung auch im Rahmen eines dualen Studiums absolvieren
**Das erwartet dich in der Ausbildung bei Peopleware:**
Mittlere Reife / Realschulabschluss",2026-06-11T08:14:36.430983+00:00
NRW-2827-5258,ausbildung_nrw_ae,anyMOTION GmbH,Düsseldorf,Malkastenstraße 2 40211 Düsseldorf,Ausbildung | Fachinformatiker/in - Anwendungsentwicklung (2027),ae,,,,73,company,e.bergmeister@anymotion.de,https://www.anymotion.de/,email,"Kontakt
021187393101
e.bergmeister@anymotion.de
https://www.anymotion.de
Malkastenstraße 2
40211 Düsseldorf
E
Eva-Christina Bergmeister
Personal-Entwicklung
021187393101
e.bergmeister@anymotion.de
Standort
+
–
⤢
info@ausbildung.nrw
Kontakt
Datenschutz
Impressum
Ausbildung.NRW ist ein Kooperationsprojekt der Industrie- und Handelskammern in Nordrhein-Westfalen.
umgesetzt von der www.spieker.agency",,anyMOTION GmbH | Ausbildung | Fachinformatiker/in - Anwendungsentwicklung (2027) | Düsseldorf,tidak,belum,tinggi,"Fachinformatiker/in - Anwendungsentwicklung (2027)

Fachinformatiker/in - Anwendungsentwicklung in Düsseldorf (2027)
Fachinformatiker/in - Systemintegration in Düsseldorf (2027)
Mediengestalter/in Digital und Print - Projektmanagement in Düsseldorf (2026)",,2026-06-12T09:53:19.511662+00:00
STEP-14025656,stepstone_de_ae,conet Holding GmbH,Düsseldorf,"Düsseldorf, Garching bei München Düsseldorf",Ausbildung | Fachinformatiker Anwendungsentwicklung (m/w/d),ae,2026,8,,67,empty,recruiting@conet.de,http://www.conet.de/karriere,email,,,conet Holding GmbH | Ausbildung | Fachinformatiker Anwendungsentwicklung (m/w/d) | Düsseldorf,tidak,belum,tinggi,"Ausbildung Fachinformatiker Anwendungsentwicklung (m/w/d)

wie man individuelle Softwarelösungen für reale Anforderungen entwickelt,
agile Arbeitsweisen wie Scrum anzuwenden und damit im Team effizient Software zu bauen,
bestehende Anwendungen zu testen, zu verbessern und weiterzuentwickeln,
wie man in enger Zusammenarbeit mit Kund*innen clevere Lösungen findet.
Was du mitbringen solltest:
(Fach-) Abitur, sehr guter Realschulabschluss oder vergleichbare Qualifikation – MINT-Studienaussteiger (m/w/d) sind ebenfalls herzlich willkommen
Gute Noten in Mathematik und den naturwissenschaftlichen Fächern
Interesse an IT und erste eigene Erfahrungen (z. B. durch private Projekte, Schul-AGs, kleine Programme, Games o. Ä.)
Teamgeist, Zuverlässigkeit und Lernbereitschaft
Interesse, Verantwortung zu übernehmen und eigene Ideen einzubringen
Ausbildungsstart: 01.08.2026
Bei conet arbeitest du von Anfang an echten Softwareprojekten – mit modernen Tools, agilen Methoden und viel Raum zum Mitgestalten. Ob Webanwendung, Datenanalyse, Cloud oder individuelle Kundenlösung – wir zeigen dir, wie aus Code echte Innovation wird.
Und jetzt kommst du!

Neben der frühzeitigen Einbindung in Projekte, 30 Tagen Urlaub und einer attraktiven Ausbildungsvergütung findest du hier einige weitere Benefits, die dich bei uns erwarten:
Zuschuss zum Deutsch­land­ticket
Events
Sport- u. Gesundheitsangebote
Corporate Benefits
Bist du neugierig geworden?
Michaela Simons
People Partner
recruiting@conet.de
+49 228 9714-0916","wie man individuelle Softwarelösungen für reale Anforderungen entwickelt,
agile Arbeitsweisen wie Scrum anzuwenden und damit im Team effizient Software zu bauen,
bestehende Anwendungen zu testen, zu verbessern und weiterzuentwickeln,
wie man in enger Zusammenarbeit mit Kund*innen clevere Lösungen findet.
Was du mitbringen solltest:
(Fach-) Abitur, sehr guter Realschulabschluss oder vergleichbare Qualifikation – MINT-Studienaussteiger (m/w/d) sind ebenfalls herzlich willkommen
Gute Noten in Mathematik und den naturwissenschaftlichen Fächern
Interesse an IT und erste eigene Erfahrungen (z. B. durch private Projekte, Schul-AGs, kleine Programme, Games o. Ä.)
Teamgeist, Zuverlässigkeit und Lernbereitschaft
Interesse, Verantwortung zu übernehmen und eigene Ideen einzubringen
Ausbildungsstart: 01.08.2026
Bei conet arbeitest du von Anfang an echten Softwareprojekten – mit modernen Tools, agilen Methoden und viel Raum zum Mitgestalten. Ob Webanwendung, Datenanalyse, Cloud oder individuelle Kundenlösung – wir zeigen dir, wie aus Code echte Innovation wird.
Und jetzt kommst du!",2026-06-12T19:59:59.580450+00:00
AZDE-10708805,azubi_de_fi,Peopleware,Düsseldorf,40221 Düsseldorf DE,Ausbildung | Fachinformatiker - Anwendungsentwicklung (w/m/d) 2026,ae,,,"Wir bei Peopleware blicken auf 30 Jahre Erfahrung als erfolgreiches Software-Unternehmen zurück. Wir entwickeln eigene, cloud-basierte SaaS-Produkte (Software as a Service) im Bereich Workforce Management (WFM) und Digital Education, mit denen unsere weltweiten Geschäftskunden ihre komplexen Probleme gezielt und einfach lösen können. Bei Peopleware findest du flache Hierarchien sowie eigenverantwortliche und vielfältige Teams mit internationalen Kollegen. Und: Wir sind ein zertifizierter Great Place to Work.
Lässt dieses Ausbildungsangebot dein Herz höher schlagen?
Dann bewirb dich jetzt und gestalte aktiv die digitale Zukunft mit uns!
Chancengleichheit, Diversität und Inklusion sind bei uns nicht nur Worte, sondern gelebte Kultur. Jede:r qualifizierte Bewerber:in ist willkommen, unabhängig von ethnischer Zugehörigkeit, Hautfarbe, nationaler Herkunft, Religion, Geschlecht, Geschlechtsidentität, sexueller Orientierung, Schwangerschaft, Alter oder Behinderung.",60,empty,,https://www.azubi.de/ausbildungsplatz/10708805-b-ausbildung-fachinformatiker-anwendungsentwicklung-w-m-d-2026/apply,portal,,,Peopleware | Ausbildung | Fachinformatiker - Anwendungsentwicklung (w/m/d) 2026 | Düsseldorf,tidak,belum,sedang,"Ausbildung Fachinformatiker - Anwendungsentwicklung (w/m/d) 2026

Das erwartet dich in der Ausbildung bei Peopleware:
- Hoch individuelle Ausbildung: Wir unterstützen deine persönliche und berufliche Entwicklung, damit du das Beste aus dir herausholen kannst. Dies ermöglichen wir dir durch eine maßgeschneiderte Ausbildung mit spannenden Themen, individuellen Entwicklungsmöglichkeiten sowie viel Freiraum zum Lernen, Wachsen, Entfalten und Ausprobieren.
- Praxisbezug von Anfang an: Theorie ist wichtig, aber Praxis ist unersetzlich. Daher wirst du, nach einer vorhergehenden umfangreichen Einarbeitungsphase, direkt in unsere Enwicklungs-Teams integriert. Du lernst von erfahrenen Software Engineers, die ihr Wissen und ihre Erfahrung mit dir teilen, und arbeitest an echten Herausforderungen sowie der Entwicklung unserer Softwareprodukte mit.
- Technologische Vielfalt: Tauche ein in die Welt von Ruby, TypeScript, Python, HTML, CSS und Linux und lerne Methoden wie Pair Programming, agiles Arbeiten und testgetriebene Entwicklung (TDD) kennen.
- Duales Lernen: Du verbringst pro Woche jeweils 1,5 Tage im Berufskolleg Hilden und 3,5 Tage direkt bei uns im Unternehmen.
Diese Ausbildung ist genau das Richtige für dich, wenn:
- Dich IT/Software-Themen, moderne Technologien, Apps und/oder Programmiersprachen begeistern.
- Du erste Erfahrungen im IT-Bereich mitbringst, z.B. durch eigene Projekte und Interessen in deiner Freizeit, Praktika, IT-Kurse oder sonstige Vorbildung im Bereich Software/IT.
- Du motiviert bist, dich in komplexe Zusammenhänge einzuarbeiten und daran zu wachsen.
- Du dich in einem internationalen Umfeld und im Englischen wohlfühlst.
- Du Spaß daran hast, sowohl im Team als auch eigenständig zu arbeiten und Verantwortung zu übernehmen.

Einleitung
Du möchtest in die Welt der Softwareentwicklung eintauchen, mit zukunftsorientierten Cloud-Technologien arbeiten und das Programmieren von Softwareanwendungen bis in die Tiefe erlernen?
Dann starte zum 1. August 2026 deine 3-jährige Ausbildung bei Peopleware und entwickle mit uns an unserem Standort im Medienhafen Düsseldorf modernste SaaS-Lösungen, die weltweit von unseren Kunden im Bereich der Personaleinsatzplanung genutzt werden. Bei Interesse und geeigneter Qualifikation kannst du die Ausbildung auch im Rahmen eines dualen Studiums absolvieren.

Das bieten wir dir:
- Wir lassen dich nicht allein: Deine erfahrenen Ausbilder begleiten dich vom ersten Tag an bis zu deinem IHK-Abschluss, inklusive intensiver Prüfungsvorbereitung.
- Übernahme: Bei erfolgreich bestandener Ausbildung und passender Eignung geht deine Reise selbstverständlich mit uns weiter.
- Langjährige Ausbildungsexpertise: Wir bilden seit 2015 im Bereich Fachinformatik für Anwendungsentwicklung aus und bringen unser Know-how jährlich in die Ausbildung engagierter Talente ein.
- High-end IT-Equipment: Für die Zeit deiner Ausbildung statten wir dich direkt am ersten Tag mit einem MacBook aus.
- All-inclusive: Von kostenlosen, täglichen Mahlzeiten (Frühstück, Mittagessen, Snacks), kostenfreien Tickets für den öffentlichen Personennahverkehr über eine betriebliche Altersvorsorge bis hin zu einer überdurchschnittlichen Vergütung - wir bieten dir ein Rundum-Sorglos-Paket.
Kurz zu Peopleware:
Wir bei Peopleware blicken auf 30 Jahre Erfahrung als erfolgreiches Software-Unternehmen zurück. Wir entwickeln eigene, cloud-basierte SaaS-Produkte (Software as a Service) im Bereich Workforce Management (WFM) und Digital Education, mit denen unsere weltweiten Geschäftskunden ihre komplexen Probleme gezielt und einfach lösen können. Bei Peopleware findest du flache Hierarchien sowie eigenverantwortliche und vielfältige Teams mit internationalen Kollegen. Und: Wir sind ein zertifizierter Great Place to Work.
Lässt dieses Ausbildungsangebot dein Herz höher schlagen?
Dann bewirb dich jetzt und gestalte aktiv die digitale Zukunft mit uns!
Chancengleichheit, Diversität und Inklusion sind bei uns nicht nur Worte, sondern gelebte Kultur. Jede:r qualifizierte Bewerber:in ist willkommen, unabhängig von ethnischer Zugehörigkeit, Hautfarbe, nationaler Herkunft, Religion, Geschlecht, Geschlechtsidentität, sexueller Orientierung, Schwangerschaft, Alter oder Behinderung.
Wir freuen uns auf dich!
Aufgaben","Einleitung
Du möchtest in die Welt der Softwareentwicklung eintauchen, mit zukunftsorientierten Cloud-Technologien arbeiten und das Programmieren von Softwareanwendungen bis in die Tiefe erlernen?
Dann starte zum 1. August 2026 deine 3-jährige Ausbildung bei Peopleware und entwickle mit uns an unserem Standort im Medienhafen Düsseldorf modernste SaaS-Lösungen, die weltweit von unseren Kunden im Bereich der Personaleinsatzplanung genutzt werden. Bei Interesse und geeigneter Qualifikation kannst du die Ausbildung auch im Rahmen eines dualen Studiums absolvieren.",2026-06-13T10:34:56.739576+00:00
STEP-14107663,stepstone_de_dpa,Omnicom Media Group Germany GmbH,Düsseldorf,Düsseldorf,Ausbildung | Auszubildende zum/zur Fachinformatiker*in für Anwendungsentwicklung (mensch) zum 01.08.2026,ae,2026,8,,53,empty,,https://berufskolleg.de/,portal,"Kontakte
Du möchtest noch mehr Einblicke in unseren Azubi-Alltag? Dann besuch uns doch gern auf Instagram: Azubi-Instagram-Kanal
Wir wertschätzen Vielfalt und begrüßen daher alle Bewerbungen – unabhängig von Geschlecht, Nationalität, ethnischer und sozialer Herkunft, Religion/Weltanschauung, Behinderung, Alter oder sexueller Orientierung.
Datenschutz: Wir verarbeiten Ihre personenbezogenen Daten gemäß unserer Datenschutzerklärung, welche Sie unter folgendem Link finden https://omnicommediagroup.com/recruitment-privacy-notices/ .
Für diesen Job bewerben",,Omnicom Media Group Germany GmbH | Ausbildung | Auszubildende zum/zur Fachinformatiker*in für Anwendungsentwicklung (mensch) zum 01.08.2026 | Düsseldorf,tidak,belum,sedang,Auszubildende zum/zur Fachinformatiker*in für Anwendungsentwicklung (mensch) zum 01.08.2026,,2026-06-12T21:42:40.865935+00:00
NRW-5186-10804,ausbildung_nrw_ae,CHECK24 Vergleichsportal ,Düsseldorf,Heinrich-Heine-Allee 53 40213 Düsseldorf,Ausbildung | Fachinformatiker/in - Anwendungsentwicklung (2026),ae,,,,47,empty,,,tidak_jelas,"KONTAKT
DATENSCHUTZ
IMPRESSUM
FINDE DEINEN BERUFSEINSTIEG IN NRW
Karte schließen
Filtern
Zurücksetzen
Umkreis
10km
Veranstaltung
Was suchst du?
Berufsfeld
Beruf
Jahresfilter
0 Ergebnisse
info@ausbildung.nrw
Kontakt
Datenschutz
Impressum
Ausbildung.NRW ist ein Kooperationsprojekt der Industrie- und Handelskammern in Nordrhein-Westfalen.
umgesetzt von der www.spieker.agency",,CHECK24 Vergleichsportal | Ausbildung | Fachinformatiker/in - Anwendungsentwicklung (2026) | Düsseldorf,ya,belum,rendah,Fachinformatiker/in - Anwendungsentwicklung (2026),,2026-06-12T09:54:27.012807+00:00
NRW-5356-11620,ausbildung_nrw_ae,Diakonisches Werk Rheinland-Westfalen-Lippe e.V.,Düsseldorf,Lenaustraße 41 40470 Düsseldorf,Ausbildung | Fachinformatiker/in - Anwendungsentwicklung (2026),ae,,,,47,empty,,,tidak_jelas,"KONTAKT
DATENSCHUTZ
IMPRESSUM
FINDE DEINEN BERUFSEINSTIEG IN NRW
Karte schließen
+
–
⤢
POP-UP Aus- und Weiterbildung - Starte deine Zukunft jetzt!
Industrie- und Handelskammer zu Dortmund
von Montag, 08.06.2026 - 13:00 bis Morgen, 13.06.2026 - 16:00
Mehr Informationen
CHECK In - Berufswelt in Neuss
Industrie- und Handelskammer Mittlerer Niederrhein
von Mittwoch, 10.06.2026 - 10:00 bis 14:00
Mehr Informationen
Erlebniswelt Ausbildung meets HEROCON
Industrie- und Handelskammer zu Dortmund
von Heute - 09:00 bis Morgen, 13.06.2026 - 16:00
Mehr Informationen
Weitere Veranstaltungen
Filtern
Zurücksetzen
Umkreis
10km
Veranstaltung
Was suchst du?
Berufsfeld
Beruf
Jahresfilter
8572 Ergebnisse
""
Industriekaufmann/frau
""Formzeug"" Formen und Werkzeuggesellschaft mit beschränkter Haftung und Co, Kommanditgesellschaft
Wegberg
""
Kaufmann/frau - Einzelhandel (2026)
""Hol ab!"" Getränkemarkt GmbH
Bünde, Espelkamp, Lübbecke, Rödinghausen
""
Verkäufer/in (2026)
""Hol ab!"" Getränkemarkt GmbH
Bünde, Espelkamp, Lübbecke, Rödinghausen
Kaufmann/frau – Büromanagement
""STURM® INDUSTRIES"" (STURM GmbH)
Duisburg
Industriekaufmann/frau
""STURM® INDUSTRIES"" (STURM GmbH)
Duisburg
Technische/r Produktdesigner/in
""STURM® INDUSTRIES"" (STURM GmbH)
Duisburg
Maschinen- und Anlagenführer/in
""STURM® INDUSTRIES"" (STURM GmbH)
Duisburg
Kaufmann/frau – Büromanagement
2bessential GmbH
Bielefeld
Mechatroniker/-in für Kältetechnik (2026, 2027, 2028)
2G Energy AG
Heek
Elektroniker/in – Betriebstechnik (2026, 2027, 2028)
2G Energy AG
Heek
Fachkraft – Lagerlogistik (2026, 2027, 2028)
2G Energy AG
Heek
Mechatroniker/in (2026, 2027, 2028)
2G Energy AG
Heek
Fachinformatiker/in - Anwendungsentwicklung (2026, 2027, 2028)
2G Energy AG
Heek
Industriekaufmann/frau (2027, 2028)
2G Energy AG
Heek
Fachinformatiker/in - Systemintegration (2027, 2028)
2G Energy AG
Heek
Kaufmann/frau - Digitalisierungsmanagement (2027, 2028)
2G Energy AG
Heek
Technische/r Produktdesigner/in (2027, 2028)
2G Energy AG
Heek
Kaufmann/frau – Marketingkommunikation (2025)
2increase - Agentur für Marketing + Events
Mönchengladbach
Veranstaltungskaufmann/frau (2025)
2increase - Agentur für Marketing + Events
Mönchengladbach
Werkzeugmechaniker/in (2025)
3 D-plastic Hans Kintra GmbH
Mönchengladbach
Kaufmann/frau - E-Commerce (2025)
3000watt GmbH
Bielefeld
Veranstaltungskaufmann/frau (2025)
3s GmbH & Co. KG
Nordrhein-Westfalen - Mönchengladbach
Personaldienstleistungskaufmann/frau (2025)
3s GmbH & Co. KG
Nordrhein-Westfalen - Mönchengladbach
Fachkraft – Lagerlogistik (2026, 2027)
3S Schrader GmbH
Bad Salzdetfurth
Fachlagerist/in (2026, 2027)
3S Schrader GmbH
Bad Salzdetfurth
Zerspanungsmechaniker/in (2026, 2027)
3WIN Maschinenbau GmbH
Aachen
Kaufmann/frau – Büromanagement (2026, 2027)
3WIN Maschinenbau GmbH
Aachen
Industriemechaniker/in - Maschinen- und Anlagenbau (2026, 2027)
3WIN Maschinenbau GmbH
Aachen
Kaufmann/frau – Spedition und Logistikdienstleistung (2025, 2026)
8Motions Solutions GmbH
Kaarst
Steuerfachangestellte/r (2026)
8P Partnerschaft mbB
Siegen
info@ausbildung.nrw
Kontakt
Datenschutz
Impressum
Ausbildung.NRW ist ein Kooperationsprojekt der Industrie- und Handelskammern in Nordrhein-Westfalen.
umgesetzt von der www.spieker.agency",,Diakonisches Werk Rheinland-Westfalen-Lippe e.V. | Ausbildung | Fachinformatiker/in - Anwendungsentwicklung (2026) | Düsseldorf,ya,belum,rendah,"Fachinformatiker/in - Anwendungsentwicklung (2026)

Fachinformatiker/in - Anwendungsentwicklung (2026, 2027, 2028)
2G Energy AG
Heek
Industriekaufmann/frau (2027, 2028)
2G Energy AG
Heek
Fachinformatiker/in - Systemintegration (2027, 2028)
2G Energy AG
Heek
Kaufmann/frau - Digitalisierungsmanagement (2027, 2028)
2G Energy AG
Heek
Technische/r Produktdesigner/in (2027, 2028)
2G Energy AG
Heek
Kaufmann/frau – Marketingkommunikation (2025)
2increase - Agentur für Marketing + Events
Mönchengladbach
Veranstaltungskaufmann/frau (2025)
2increase - Agentur für Marketing + Events
Mönchengladbach
Werkzeugmechaniker/in (2025)
3 D-plastic Hans Kintra GmbH
Mönchengladbach
Kaufmann/frau - E-Commerce (2025)
3000watt GmbH
Bielefeld
Veranstaltungskaufmann/frau (2025)
3s GmbH & Co. KG
Nordrhein-Westfalen - Mönchengladbach
Personaldienstleistungskaufmann/frau (2025)
3s GmbH & Co. KG
Nordrhein-Westfalen - Mönchengladbach
Fachkraft – Lagerlogistik (2026, 2027)
3S Schrader GmbH
Bad Salzdetfurth
Fachlagerist/in (2026, 2027)
3S Schrader GmbH
Bad Salzdetfurth
Zerspanungsmechaniker/in (2026, 2027)
3WIN Maschinenbau GmbH
Aachen
Kaufmann/frau – Büromanagement (2026, 2027)
3WIN Maschinenbau GmbH
Aachen
Industriemechaniker/in - Maschinen- und Anlagenbau (2026, 2027)
3WIN Maschinenbau GmbH
Aachen
Kaufmann/frau – Spedition und Logistikdienstleistung (2025, 2026)
8Motions Solutions GmbH
Kaarst
Steuerfachangestellte/r (2026)
8P Partnerschaft mbB
Siegen
info@ausbildung.nrw",,2026-06-12T09:54:46.341020+00:00
NRW-564-823,ausbildung_nrw_ae,Omnicom Media Group ,Düsseldorf,"Grünstraße, 15 40212 Düsseldorf",Ausbildung | Fachinformatiker/in - Anwendungsentwicklung,ae,,,,47,empty,,,tidak_jelas,"KONTAKT
DATENSCHUTZ
IMPRESSUM
FINDE DEINEN BERUFSEINSTIEG IN NRW
Karte schließen
+
–
⤢
POP-UP Aus- und Weiterbildung - Starte deine Zukunft jetzt!
Industrie- und Handelskammer zu Dortmund
von Montag, 08.06.2026 - 13:00 bis Morgen, 13.06.2026 - 16:00
Mehr Informationen
CHECK In - Berufswelt in Neuss
Industrie- und Handelskammer Mittlerer Niederrhein
von Mittwoch, 10.06.2026 - 10:00 bis 14:00
Mehr Informationen
Erlebniswelt Ausbildung meets HEROCON
Industrie- und Handelskammer zu Dortmund
von Heute - 09:00 bis Morgen, 13.06.2026 - 16:00
Mehr Informationen
Weitere Veranstaltungen
Filtern
Zurücksetzen
Umkreis
10km
Veranstaltung
Was suchst du?
Berufsfeld
Beruf
Jahresfilter
8572 Ergebnisse
""
Industriekaufmann/frau
""Formzeug"" Formen und Werkzeuggesellschaft mit beschränkter Haftung und Co, Kommanditgesellschaft
Wegberg
""
Kaufmann/frau - Einzelhandel (2026)
""Hol ab!"" Getränkemarkt GmbH
Bünde, Espelkamp, Lübbecke, Rödinghausen
""
Verkäufer/in (2026)
""Hol ab!"" Getränkemarkt GmbH
Bünde, Espelkamp, Lübbecke, Rödinghausen
Kaufmann/frau – Büromanagement
""STURM® INDUSTRIES"" (STURM GmbH)
Duisburg
Industriekaufmann/frau
""STURM® INDUSTRIES"" (STURM GmbH)
Duisburg
Technische/r Produktdesigner/in
""STURM® INDUSTRIES"" (STURM GmbH)
Duisburg
Maschinen- und Anlagenführer/in
""STURM® INDUSTRIES"" (STURM GmbH)
Duisburg
Kaufmann/frau – Büromanagement
2bessential GmbH
Bielefeld
Mechatroniker/-in für Kältetechnik (2026, 2027, 2028)
2G Energy AG
Heek
Elektroniker/in – Betriebstechnik (2026, 2027, 2028)
2G Energy AG
Heek
Fachkraft – Lagerlogistik (2026, 2027, 2028)
2G Energy AG
Heek
Mechatroniker/in (2026, 2027, 2028)
2G Energy AG
Heek
Fachinformatiker/in - Anwendungsentwicklung (2026, 2027, 2028)
2G Energy AG
Heek
Industriekaufmann/frau (2027, 2028)
2G Energy AG
Heek
Fachinformatiker/in - Systemintegration (2027, 2028)
2G Energy AG
Heek
Kaufmann/frau - Digitalisierungsmanagement (2027, 2028)
2G Energy AG
Heek
Technische/r Produktdesigner/in (2027, 2028)
2G Energy AG
Heek
Kaufmann/frau – Marketingkommunikation (2025)
2increase - Agentur für Marketing + Events
Mönchengladbach
Veranstaltungskaufmann/frau (2025)
2increase - Agentur für Marketing + Events
Mönchengladbach
Werkzeugmechaniker/in (2025)
3 D-plastic Hans Kintra GmbH
Mönchengladbach
Kaufmann/frau - E-Commerce (2025)
3000watt GmbH
Bielefeld
Veranstaltungskaufmann/frau (2025)
3s GmbH & Co. KG
Nordrhein-Westfalen - Mönchengladbach
Personaldienstleistungskaufmann/frau (2025)
3s GmbH & Co. KG
Nordrhein-Westfalen - Mönchengladbach
Fachkraft – Lagerlogistik (2026, 2027)
3S Schrader GmbH
Bad Salzdetfurth
Fachlagerist/in (2026, 2027)
3S Schrader GmbH
Bad Salzdetfurth
Zerspanungsmechaniker/in (2026, 2027)
3WIN Maschinenbau GmbH
Aachen
Kaufmann/frau – Büromanagement (2026, 2027)
3WIN Maschinenbau GmbH
Aachen
Industriemechaniker/in - Maschinen- und Anlagenbau (2026, 2027)
3WIN Maschinenbau GmbH
Aachen
Kaufmann/frau – Spedition und Logistikdienstleistung (2025, 2026)
8Motions Solutions GmbH
Kaarst
Steuerfachangestellte/r (2026)
8P Partnerschaft mbB
Siegen
info@ausbildung.nrw
Kontakt
Datenschutz
Impressum
Ausbildung.NRW ist ein Kooperationsprojekt der Industrie- und Handelskammern in Nordrhein-Westfalen.
umgesetzt von der www.spieker.agency",,Omnicom Media Group | Ausbildung | Fachinformatiker/in - Anwendungsentwicklung | Düsseldorf,ya,belum,rendah,"Fachinformatiker/in - Anwendungsentwicklung

Fachinformatiker/in - Anwendungsentwicklung (2026, 2027, 2028)
2G Energy AG
Heek
Industriekaufmann/frau (2027, 2028)
2G Energy AG
Heek
Fachinformatiker/in - Systemintegration (2027, 2028)
2G Energy AG
Heek
Kaufmann/frau - Digitalisierungsmanagement (2027, 2028)
2G Energy AG
Heek
Technische/r Produktdesigner/in (2027, 2028)
2G Energy AG
Heek
Kaufmann/frau – Marketingkommunikation (2025)
2increase - Agentur für Marketing + Events
Mönchengladbach
Veranstaltungskaufmann/frau (2025)
2increase - Agentur für Marketing + Events
Mönchengladbach
Werkzeugmechaniker/in (2025)
3 D-plastic Hans Kintra GmbH
Mönchengladbach
Kaufmann/frau - E-Commerce (2025)
3000watt GmbH
Bielefeld
Veranstaltungskaufmann/frau (2025)
3s GmbH & Co. KG
Nordrhein-Westfalen - Mönchengladbach
Personaldienstleistungskaufmann/frau (2025)
3s GmbH & Co. KG
Nordrhein-Westfalen - Mönchengladbach
Fachkraft – Lagerlogistik (2026, 2027)
3S Schrader GmbH
Bad Salzdetfurth
Fachlagerist/in (2026, 2027)
3S Schrader GmbH
Bad Salzdetfurth
Zerspanungsmechaniker/in (2026, 2027)
3WIN Maschinenbau GmbH
Aachen
Kaufmann/frau – Büromanagement (2026, 2027)
3WIN Maschinenbau GmbH
Aachen
Industriemechaniker/in - Maschinen- und Anlagenbau (2026, 2027)
3WIN Maschinenbau GmbH
Aachen
Kaufmann/frau – Spedition und Logistikdienstleistung (2025, 2026)
8Motions Solutions GmbH
Kaarst
Steuerfachangestellte/r (2026)
8P Partnerschaft mbB
Siegen
info@ausbildung.nrw",,2026-06-12T09:57:59.757506+00:00
NRW-579-10773,ausbildung_nrw_ae,Omnicom Media Group ,Düsseldorf,"Grünstraße, 15 40212 Düsseldorf",Ausbildung | Fachinformatiker/in - Anwendungsentwicklung (2026),ae,,,,47,empty,,,tidak_jelas,"KONTAKT
DATENSCHUTZ
IMPRESSUM
FINDE DEINEN BERUFSEINSTIEG IN NRW
Karte schließen
+
–
⤢
POP-UP Aus- und Weiterbildung - Starte deine Zukunft jetzt!
Industrie- und Handelskammer zu Dortmund
von Montag, 08.06.2026 - 13:00 bis Morgen, 13.06.2026 - 16:00
Mehr Informationen
CHECK In - Berufswelt in Neuss
Industrie- und Handelskammer Mittlerer Niederrhein
von Mittwoch, 10.06.2026 - 10:00 bis 14:00
Mehr Informationen
Erlebniswelt Ausbildung meets HEROCON
Industrie- und Handelskammer zu Dortmund
von Heute - 09:00 bis Morgen, 13.06.2026 - 16:00
Mehr Informationen
Weitere Veranstaltungen
Filtern
Zurücksetzen
Umkreis
10km
Veranstaltung
Was suchst du?
Berufsfeld
Beruf
Jahresfilter
8572 Ergebnisse
""
Industriekaufmann/frau
""Formzeug"" Formen und Werkzeuggesellschaft mit beschränkter Haftung und Co, Kommanditgesellschaft
Wegberg
""
Kaufmann/frau - Einzelhandel (2026)
""Hol ab!"" Getränkemarkt GmbH
Bünde, Espelkamp, Lübbecke, Rödinghausen
""
Verkäufer/in (2026)
""Hol ab!"" Getränkemarkt GmbH
Bünde, Espelkamp, Lübbecke, Rödinghausen
Kaufmann/frau – Büromanagement
""STURM® INDUSTRIES"" (STURM GmbH)
Duisburg
Industriekaufmann/frau
""STURM® INDUSTRIES"" (STURM GmbH)
Duisburg
Technische/r Produktdesigner/in
""STURM® INDUSTRIES"" (STURM GmbH)
Duisburg
Maschinen- und Anlagenführer/in
""STURM® INDUSTRIES"" (STURM GmbH)
Duisburg
Kaufmann/frau – Büromanagement
2bessential GmbH
Bielefeld
Mechatroniker/-in für Kältetechnik (2026, 2027, 2028)
2G Energy AG
Heek
Elektroniker/in – Betriebstechnik (2026, 2027, 2028)
2G Energy AG
Heek
Fachkraft – Lagerlogistik (2026, 2027, 2028)
2G Energy AG
Heek
Mechatroniker/in (2026, 2027, 2028)
2G Energy AG
Heek
Fachinformatiker/in - Anwendungsentwicklung (2026, 2027, 2028)
2G Energy AG
Heek
Industriekaufmann/frau (2027, 2028)
2G Energy AG
Heek
Fachinformatiker/in - Systemintegration (2027, 2028)
2G Energy AG
Heek
Kaufmann/frau - Digitalisierungsmanagement (2027, 2028)
2G Energy AG
Heek
Technische/r Produktdesigner/in (2027, 2028)
2G Energy AG
Heek
Kaufmann/frau – Marketingkommunikation (2025)
2increase - Agentur für Marketing + Events
Mönchengladbach
Veranstaltungskaufmann/frau (2025)
2increase - Agentur für Marketing + Events
Mönchengladbach
Werkzeugmechaniker/in (2025)
3 D-plastic Hans Kintra GmbH
Mönchengladbach
Kaufmann/frau - E-Commerce (2025)
3000watt GmbH
Bielefeld
Veranstaltungskaufmann/frau (2025)
3s GmbH & Co. KG
Nordrhein-Westfalen - Mönchengladbach
Personaldienstleistungskaufmann/frau (2025)
3s GmbH & Co. KG
Nordrhein-Westfalen - Mönchengladbach
Fachkraft – Lagerlogistik (2026, 2027)
3S Schrader GmbH
Bad Salzdetfurth
Fachlagerist/in (2026, 2027)
3S Schrader GmbH
Bad Salzdetfurth
Zerspanungsmechaniker/in (2026, 2027)
3WIN Maschinenbau GmbH
Aachen
Kaufmann/frau – Büromanagement (2026, 2027)
3WIN Maschinenbau GmbH
Aachen
Industriemechaniker/in - Maschinen- und Anlagenbau (2026, 2027)
3WIN Maschinenbau GmbH
Aachen
Kaufmann/frau – Spedition und Logistikdienstleistung (2025, 2026)
8Motions Solutions GmbH
Kaarst
Steuerfachangestellte/r (2026)
8P Partnerschaft mbB
Siegen
info@ausbildung.nrw
Kontakt
Datenschutz
Impressum
Ausbildung.NRW ist ein Kooperationsprojekt der Industrie- und Handelskammern in Nordrhein-Westfalen.
umgesetzt von der www.spieker.agency",,Omnicom Media Group | Ausbildung | Fachinformatiker/in - Anwendungsentwicklung (2026) | Düsseldorf,ya,belum,rendah,"Fachinformatiker/in - Anwendungsentwicklung (2026)

Fachinformatiker/in - Anwendungsentwicklung (2026, 2027, 2028)
2G Energy AG
Heek
Industriekaufmann/frau (2027, 2028)
2G Energy AG
Heek
Fachinformatiker/in - Systemintegration (2027, 2028)
2G Energy AG
Heek
Kaufmann/frau - Digitalisierungsmanagement (2027, 2028)
2G Energy AG
Heek
Technische/r Produktdesigner/in (2027, 2028)
2G Energy AG
Heek
Kaufmann/frau – Marketingkommunikation (2025)
2increase - Agentur für Marketing + Events
Mönchengladbach
Veranstaltungskaufmann/frau (2025)
2increase - Agentur für Marketing + Events
Mönchengladbach
Werkzeugmechaniker/in (2025)
3 D-plastic Hans Kintra GmbH
Mönchengladbach
Kaufmann/frau - E-Commerce (2025)
3000watt GmbH
Bielefeld
Veranstaltungskaufmann/frau (2025)
3s GmbH & Co. KG
Nordrhein-Westfalen - Mönchengladbach
Personaldienstleistungskaufmann/frau (2025)
3s GmbH & Co. KG
Nordrhein-Westfalen - Mönchengladbach
Fachkraft – Lagerlogistik (2026, 2027)
3S Schrader GmbH
Bad Salzdetfurth
Fachlagerist/in (2026, 2027)
3S Schrader GmbH
Bad Salzdetfurth
Zerspanungsmechaniker/in (2026, 2027)
3WIN Maschinenbau GmbH
Aachen
Kaufmann/frau – Büromanagement (2026, 2027)
3WIN Maschinenbau GmbH
Aachen
Industriemechaniker/in - Maschinen- und Anlagenbau (2026, 2027)
3WIN Maschinenbau GmbH
Aachen
Kaufmann/frau – Spedition und Logistikdienstleistung (2025, 2026)
8Motions Solutions GmbH
Kaarst
Steuerfachangestellte/r (2026)
8P Partnerschaft mbB
Siegen
info@ausbildung.nrw",,2026-06-12T09:58:02.048512+00:00
MAD-2440497097,meine_ausbildung_ae,anyMOTION GRAPHICS GmbH,Düsseldorf,,Fachinformatiker/in - Anwendungsentwicklung,ae,,,,40,company,,https://suche.ausbildung.nrw/unternehmen/anymotion-gmbh/2827?utm_source=meine-ausbildung-in-deutschland,portal,,,anyMOTION GRAPHICS GmbH | Fachinformatiker/in - Anwendungsentwicklung | Düsseldorf,ya,belum,rendah,Fachinformatiker/in - Anwendungsentwicklung,,2026-06-11T11:44:59.244024+00:00
MAD-2433252570,meine_ausbildung_ae,CHECK24 Vergleichsportal Individualreisen GmbH,Düsseldorf,,Fachinformatiker/in - Anwendungsentwicklung,ae,,,,40,company,,https://suche.ausbildung.nrw/unternehmen/check24-vergleichsportal-/5186?utm_source=meine-ausbildung-in-deutschland,portal,,,CHECK24 Vergleichsportal Individualreisen GmbH | Fachinformatiker/in - Anwendungsentwicklung | Düsseldorf,ya,belum,rendah,Fachinformatiker/in - Anwendungsentwicklung,,2026-06-11T11:47:17.458256+00:00
MAD-2438934867,meine_ausbildung_ae,Diakonisches Werk Rheinland-Westfalen-Lippe e.V. - Diakonie Rheinland-Westfalen-Lippe,Düsseldorf,,Fachinformatiker/in - Anwendungsentwicklung,ae,,,,40,company,,https://suche.ausbildung.nrw/unternehmen/diakonisches-werk-rheinlandwestfalenlippe-ev/5356?utm_source=meine-ausbildung-in-deutschland,portal,,,Diakonisches Werk Rheinland-Westfalen-Lippe e.V. - Diakonie Rheinland-Westfalen-Lippe | Fachinformatiker/in - Anwendungsentwicklung | Düsseldorf,ya,belum,rendah,Fachinformatiker/in - Anwendungsentwicklung,,2026-06-11T11:45:14.852131+00:00
MAD-2440499274,meine_ausbildung_ae,InVision AG,Düsseldorf,,Fachinformatiker/in - Anwendungsentwicklung,ae,,,,40,company,,https://suche.ausbildung.nrw/unternehmen/peopleware/30?utm_source=meine-ausbildung-in-deutschland,portal,,,InVision AG | Fachinformatiker/in - Anwendungsentwicklung | Düsseldorf,ya,belum,rendah,Fachinformatiker/in - Anwendungsentwicklung,,2026-06-11T11:44:54.970290+00:00
10000-1205223510-S,fachinformatiker_ae_2026,microPLAN SK.NET GmbH,Düsseldorf,"Wanheimer Str. 68, 40468 Düsseldorf",Ausbildung | Fachinformatiker/in - Systemintegration,si,2026,,,87,ba_portal,administration.sknet@microplan.de,https://www.arbeitsagentur.de/jobsuche/jobdetail/10000-1205223510-S,email,,https://www.arbeitsagentur.de/jobsuche/jobdetail/10000-1205223510-S,microPLAN SK.NET GmbH | Ausbildung | Fachinformatiker/in - Systemintegration | Düsseldorf,tidak,belum,tinggi,"Die microPLAN SK.NET GmbH ist ein führendes und überregional tätiges IT-Unternehmen, das sich durch IT-Innovationen in den Bereichen Digitalisierung und Prozessoptimierung auszeichnet. Dabei bieten wir unseren Kunden das Rundumpaket: von der Hardwarebeschaffung bis hin zum strategischen IT-Consulting.

Du hast Deinen Schulabschluss erfolgreich gemeistert oder stehst kurz davor und bist auf der Suche nach einer abwechslungsreichen Ausbildung?
Dann bist Du bei microPLAN SK.NET genau richtig!

Wir bilden Dich aus zum
Fachinformatiker für Systemintegration (m/w/d)

WAS DICH ERWARTET:
Im Rahmen deiner Ausbildung lernst du von unseren IT-Experten und startest praxisorientiert in die
Berufswelt. Während deiner Ausbildung zum Fachinformatiker für Systemintegration wirst du technische Anforderungen in Hard- und Software umsetzen und u. a. lernen, benötigte IT-Lösungen zu
analysieren, zu planen und zu realisieren.

Bei microPLAN SK.NET zeigen wir dir, wie Managed Services und vernetzte IT-Systeme funktionieren
und wofür unsere IT-Innovationen eingesetzt werden. 


WAS DU MITBRINGEN SOLLTEST:
Du bist sicher im Umgang mit dem PC sowie den Office-Programmen und konntest idealerweise
bereits erste Erfahrungen im Umgang mit Hard- und Software sammeln (Freizeit, Praktikum, Schulprojekt etc.)
• Affinität zu IT- und Kommunikationstechnologien sowie Interesse daran, immer neue IT-Lösungen
für Probleme zu finden
• Eine Fach- oder Hochschulreife mit guten Leistungen in Informatik und Mathe
• Du bist kommunikativ und aufgeschlossen für Neues

WAS WIR BIETEN:
•	Spannung: Unser Geschäftsfeld entwickelt sich und wir gestalten es mit. Profitiere von dieser Vielseitigkeit.
•	Attraktiv & innovativ: Stetig neue Produkte & namhafte Kunden machen unseren Alltag spannend
•	Weiterbildung: Du nimmst an berufsschulbegleitenden Weiterbildungsmaßnahmen der IHK und Partnerunternehmen teil. Bei besonders guten Leistungen kann die in der Regel 3-Jahre andauernde Ausbildung um ein halbes Jahr verkürzt werden.

Wir bieten Dir eine attraktive, zukunftsorientierte Ausbildung! Interessiert? 
Dann schick uns Deine Bewerbung per E-Mail an administration.sknet@microplan.de","Berufswelt. Während deiner Ausbildung zum Fachinformatiker für Systemintegration wirst du technische Anforderungen in Hard- und Software umsetzen und u. a. lernen, benötigte IT-Lösungen zu
analysieren, zu planen und zu realisieren.",2026-06-11T08:14:47.851864+00:00
AD-9d539cc5-2960-4467-a936-e8df8a1138ae,ausbildung_de_ae,Schneider Electric,Düsseldorf,40472 Düsseldorf Nordrhein-Westfalen,Ausbildung | Fachinformatiker für Systemintegration (w/m/d)| Düsseldorf | 2026 (w/m/d),si,,,. €,80,company,ausbildung-dach@se.com,https://ars2.equest.com/?response_id=21ed5b65fbecbdfd60e1f3c32ad60a19,email,,,Schneider Electric | Ausbildung | Fachinformatiker für Systemintegration (w/m/d)| Düsseldorf | 2026 (w/m/d) | Düsseldorf,tidak,belum,tinggi,"Ausbildung Fachinformatiker für Systemintegration (w/m/d)| Düsseldorf | 2026 (w/m/d)

Das lernst Du:
- Du hilfst dabei, IT-Lösungen zu bauen, die Maschinen und Abläufe automatisch steuern. Das nennt man Automatisierung.
- Du stellst ein, wie unsere Steuerungsprogramme funktionieren sollen, und prüfst, ob alles richtig läuft. Das nennt man Konfigurieren und Testen.
- Du kümmerst dich um Computer, Server und Programme, die auf echten Geräten oder in einer virtuellen Umgebung laufen.
- Du erklärst anderen Menschen, wie sie ihre Computer und Netzwerke richtig benutzen. Du zeigst ihnen auch, wie sie sich vor Hackern und Cyberangriffen schützen können – das nennt man Cybersecurity.
Das erwartet Dich bei uns – weil Du mehr verdienst als nur eine Ausbildung:
- Top Ausbildungsvergütung, die sich wirklich sehen lassen kann
- Teamspirit & Wohlfühlatmosphäre – bei uns zählt jeder, und das spürt man
- Individuelle Förderung – wir unterstützen Dich gezielt in Deiner fachlichen und persönlichen Entwicklung
- Zukunft mit Perspektive – mit einer hohen Übernahmechance stehen dir alle Türen offen
- Attraktive Mitarbeiterrabatte – z. B. über Corporate Benefits
- Finanzielle Extras wie unser Aktienprogramm – weil Du Teil unseres Erfolgs bist
- Azubi-Camp und Azubi-Netzwerk– lerne andere Azubis kennen, wachse über Dich hinaus und baue dein Netzwerk auf
- Arbeiten auf Augenhöhe – Wertschätzung und Respekt sind bei uns selbstverständlich
Das liegt uns am Herzen:
- Fließende Deutschkenntnisse, Englischkenntnisse von Vorteil
- Du scheust Dich nicht davor anzupacken und hast Spaß an Team- wie auch an selbstständiger Arbeit
- Du besitzt einen Führerschein (Klasse B)
- Spaß an modernen IT-Systemen, IT-Netzwerken & Computern
- Verantwortungsbewusstsein, Zuverlässigkeit und sorgfältiges Arbeiten

Nicht der klassische Lebenslauf? Wir schätzen Vielfalt – ob Studienabbruch, Umweg oder Neuanfang: Deine Bewerbung ist bei uns willkommen! Und keine Sorge: Du musst nicht alle Voraussetzungen erfüllen – überzeug uns einfach mit Deiner Persönlichkeit und Motivation!
_______________________________________
Dein nächster Schritt?","Nicht der klassische Lebenslauf? Wir schätzen Vielfalt – ob Studienabbruch, Umweg oder Neuanfang: Deine Bewerbung ist bei uns willkommen! Und keine Sorge: Du musst nicht alle Voraussetzungen erfüllen – überzeug uns einfach mit Deiner Persönlichkeit und Motivation!
_______________________________________
Dein nächster Schritt?",2026-06-11T11:16:58.842837+00:00
10000-1206184478-S,fachinformatiker_ae_2026,Synology GmbH,Düsseldorf,"Grafenberger Allee 295, 40237 Düsseldorf",Ausbildung | Fachinformatiker/in - Systemintegration,si,2026,8,,80,ba_portal,,https://www.arbeitsagentur.de/jobsuche/jobdetail/10000-1206184478-S,ba_portal,"Als Fachinformatiker/in für Systemintegration bist Du nicht nur für unsere IT im Einsatz, sondern vor allem auch Ansprechpartner/in für Mitarbeitende bei technischen Fragen und Problemen. Du unterstützt Anwender/innen im Arbeitsalltag, erklärst neue Systeme verständlich und trägst mit Deiner serviceorientierten Art zu einer positiven Nutzererfahrung bei. Dabei repräsentierst Du unser Unternehmen durch ein freundliches, hilfsbereites und professionelles Auftreten.",https://www.arbeitsagentur.de/jobsuche/jobdetail/10000-1206184478-S,Synology GmbH | Ausbildung | Fachinformatiker/in - Systemintegration | Düsseldorf,ya,belum,rendah,"## Deine Karriere bei Synology

Von Anfang an trägst du maßgeblich zu unserer Mission bei: “Build a better world with data”. Als #1 NAS-Hersteller weltweit haben wir nicht nur eine große Verantwortung gegenüber unseren Kunden sowie Kundinnen und deren Daten, sondern auch gegenüber all unseren Kollegen und Kolleginnen. Denn sie sind der Grund für unseren Erfolg. Durch gegenseitige Unterstützung, individuelle Förderung sowie Freiräume für eigene Ideen und Projekte erreichen wir gemeinsam unsere Ziele. Werde Teil unseres vielfältigen Teams und starte deine Karriere in der IT-Branche.

## Ausbildung zum Fachinformatiker für Systemintegration (m/w/d)

### Build a better world with data

Die moderne IT-Welt ist Deine Leidenschaft?  In Deiner Freizeit kannst Du dich für das Thema „Technik“ begeistern und hast durch Dein Hobby vielleicht schon erste Erfahrung sammeln können?  Du suchst einen Ausbildungsplatz bei dem Du Freiraum hast Deine Talente richtig einzubringen und gleichzeitig Spaß im Team hast?  Dann starte im August 2026 deine Berufsausbildung bei uns.

### Deine Aufgaben

Die Ausbildung dauert 3 Jahre (Verkürzung möglich) und beginnt am 01.08.2026.

Als Fachinformatiker/in für Systemintegration bist Du nicht nur für unsere IT im Einsatz, sondern vor allem auch Ansprechpartner/in für Mitarbeitende bei technischen Fragen und Problemen. Du unterstützt Anwender/innen im Arbeitsalltag, erklärst neue Systeme verständlich und trägst mit Deiner serviceorientierten Art zu einer positiven Nutzererfahrung bei. Dabei repräsentierst Du unser Unternehmen durch ein freundliches, hilfsbereites und professionelles Auftreten.

Folgende Schwerpunkte erwarten dich in der Ausbildung:

- 1. Jahr (Grundausbildung): Grundlagen Hard- und Software; Programmiergrundlagen; Betriebssysteme; Grundlagen Netzwerke & Englisch
- 2. und 3. Jahr (Fachrichtung Systemintegration): LAN- und WAN-Technologien (lokales/globales Netzwerk); Netzwerkadministration; Operating und Benutzerservice; Technische Beratung, Planung und Realisierung & Projektplanung

### Dein Profil

- Real- oder höherer Schulabschluss
- Hohes Interesse an IT und technischen Entwicklungen
- Kommunikationsstärke und Freude am Umgang mit Menschen
- Ausgeprägte Serviceorientierung und ein freundliches Auftreten
- Technisches Verständnis und logisches Denkvermögen
- Teamgeist, Engagement und idealerweise gute Englischkenntnisse

### Das bieten wir

- Hervorragende Lern- und Entwicklungsmöglichkeiten in einem wachsenden und internationalen Umfeld
- Flache Hierarchien und kurze Kommunikationswege – dazu ein tolles Team!
- Duz-Kultur auf allen Ebenen
- Regelmäßige Mitarbeiterevents - vom sportlichen Teamevent über Sommerpartys bis zur Weihnachtsfeier

### Über uns

Als Marktführer im Bereich NAS-Server, Router & Videoüberwachung begeistert die Synology GmbH seit 2011 weltweit Millionen Kunden mit innovativen & vielseitigen IT Lösungen.

Wir leben die Leidenschaft für IT und eine Hands-On-Mentalität. Durch die Betreuung von Märkten in Zentral- und Osteuropa vereinen wir in der Düsseldorfer Niederlassung 14 Nationalitäten in einem internationalen und dynamischen Umfeld.  Werde Teil unseres vielfältigen Teams und starte deine Karriere in der IT-Branche.","### Dein Profil
- Real- oder höherer Schulabschluss
- Hohes Interesse an IT und technischen Entwicklungen
- Kommunikationsstärke und Freude am Umgang mit Menschen
- Ausgeprägte Serviceorientierung und ein freundliches Auftreten
- Technisches Verständnis und logisches Denkvermögen
- Teamgeist, Engagement und idealerweise gute Englischkenntnisse
Mittlere Reife / Realschulabschluss",2026-06-11T08:15:09.042535+00:00
AUBI-431332,aubi_plus_fi,Henkel AG & Co. KGaA,Düsseldorf,40589 Düsseldorf,Ausbildung - Fachinformatiker für Systemintegration 2026 (d/m/w),si,,,"1.204,00 €, 1.315,00 €, 1.389,00 €",73,empty,felix.radke@henkel.com,https://www.aubi-plus.de/bewerbung/,email,"KONTAKT
Bei Fragen kontaktiere gerne Felix Radke, E-Mail: felix.radke@henkel.com, Telefon: 0211 797 2795 oder nehme direkt Kontakt mit unseren Azubis & Dual Studierenden auf, die du über unseren Instagram Account @henkelausbildung erreichst.
Bitte nutze nicht diese E-Mail-Adresse für Bewerbungen. Klicke bitte auf den Button ""Jetzt bewerben"", um dich zu bewerben. Wir akzeptieren keine Bewerbungen via E-Mail.
INTERESSE?
Wir haben dein Interesse geweckt? Dann bewirb dich online auf unsere Ausbildungsstellen. Bitte beachte, dass wir einen aktuellen Lebenslauf und die letzten zwei Schulzeugnisse benötigen. Wir freuen uns auf deine Bewerbung!
Stellendetails
Beruf:
Fachinformatiker / Fachinformatikerin Fachrichtung Systemintegration
Bewerbungsfrist:
Offen
Mindestabschluss:
Fachoberschulreife
oder Fachhochschulreife oder Allgemeine Hochschulreife
Freie Ausbildungsplätze:
Freie Plätze vorhanden
Dauer:
3 Jahre
Referenz-Nr:
AUBI-431332
(Bitte in der Bewerbung angeben)
Kopieren
Dein persönlicher Matching-Score
Du willst wissen, wie gut diese Stelle zu dir passt? Dann registriere dich und mach das Matching. Mehr erfahren
Kontakt
Herr Felix Radke
+49 211 797-2795
E-Mail anzeigen
Bewerbungsunterlagen
vollständige Bewerbungsunterlagen
Anschreiben
Lebenslauf
die letzten 2 Schulzeugnisse
sonstige Qualifikationsnachweise
Tipp: Beziehe dich in deiner Bewerbung auf AUBI-plus!
Mit bewerbung2go kannst du deine Bewerbungsunterlagen erstellen.
Bildungspartner
Heinrich-Hertz-Berufskolleg
40225 Düsseldorf
Deine AUBI-plus Jobmail
Lass deinen Bot für dich suchen! Lege deine Suchkriterien fest und lehn dich zurück. Du bekommst aktuelle Stellen für deinen Traumberuf direkt per Mail zugeschickt.
SUCHBOT ERSTELLEN
Ähnliche Suchanfragen:
AUSBILDUNG DÜSSELDORF
AUSBILDUNG IN NORDRHEIN-WESTFALEN
AUSBILDUNG 2026
AUSBILDUNG ALS FACHINFORMATIKER FACHRICHTUNG SYSTEMINTEGRATION (M/W/D) IN DÜSSELDORF
23 weitere Stellen im Unternehmen
Ausbildung - Chemielaborant 2026 (d/m/w)
Henkel AG & Co. KGaA
40589 Düsseldorf
01.09.2026
Ausbildung - Kaufmann im Gesundheitswesen 2026 (d/m/w)
Henkel AG & Co. KGaA
40589 Düsseldorf
01.09.2026
Duales Studium - Bachelor of Engineering, Electronics & Information Technology 2026 (d/m/w)
Henkel AG & Co. KGaA
40589 Düsseldorf
01.09.2026
WEITERE STELLEN LADEN
AUBI-plus
Über uns
Karriere
Partner
FAQ
News & Events
Presse
Blog
Messen & Aktionstage
DEUTSCHES AUSBILDUNGSFORUM
Produkte & Dienstleistungen
Für Ausbildungsbetriebe
Für Hochschulen
Für Schulen
Für Eltern
Besuch uns auch auf:
Region ändern:
AUBI-plus Österreich (deutsch)
AUBI-plus Schweiz (deutsch)
AUBI-plus Italien (deutsch)
AUBI-plus
Impressum
AGB
Datenschutz
Bildrechte
Kontakt",,Henkel AG & Co. KGaA | Ausbildung - Fachinformatiker für Systemintegration 2026 (d/m/w) | Düsseldorf,tidak,belum,tinggi,"Ausbildung - Fachinformatiker für Systemintegration 2026 (d/m/w)

Du hast Talent. Deshalb bist du hier richtig. Wir zeigen dir, wie du aus deinem Talent eine Karriere machst. Lass uns gemeinsam herausfinden, wo deine Stärken liegen und wie du sie weiterentwickeln kannst. Bei uns übernimmst du von Tag 1 Verantwortung für deine Aufgaben und Projekte. Wie willst du arbeiten? Was sind deine Ideen für unsere Marken? Bewirb dich jetzt und rede mit! #dukannstes
Deine Perspektiven
Programmierung und Fehlerdiagnose
Umgang mit modernster Technik und IT-Systemen
Umgang mit modernster Systemarchitektur, Hardware & neuen Betriebssystemen
Mitwirkung bei Analyse, Planung und Realisierung von IT-Projekten
Einbindung in technologische Entwicklungstrends
Teilnahme an individuellen Trainingsprogrammen
Mitarbeit in Projekten

DAS BRINGST DU MIT
Fachoberschulreife, Fachhochschulreife oder Allgemeine Hochschulreife
Gute Noten in Deutsch, Englisch und Mathematik
Hohe IT-Affinität
Überdurchschnittliche Leistungsbereitschaft
Ausgeprägte Teambereitschaft und Belastbarkeit
Logisches und abstraktes Denkvermögen
WEITERE INFORMATIONEN
Beginn: 1. September
Dauer: 3 Jahre
Urlaubsanspruch: 30 Tage

Vergütung: 1.204 EUR (1. Lehrjahr), 1.315 EUR (2. Lehrjahr), 1.389 EUR (3. Lehrjahr)
Berufsschule: Heinrich-Hertz-Berufskolleg, Düsseldorf
Ausbildungsvergütung
1. Ausbildungsjahr: 1.204,00 €
2. Ausbildungsjahr: 1.315,00 €
3. Ausbildungsjahr: 1.389,00 €","DAS BRINGST DU MIT
Fachoberschulreife, Fachhochschulreife oder Allgemeine Hochschulreife
Gute Noten in Deutsch, Englisch und Mathematik
Hohe IT-Affinität
Überdurchschnittliche Leistungsbereitschaft
Ausgeprägte Teambereitschaft und Belastbarkeit
Logisches und abstraktes Denkvermögen
WEITERE INFORMATIONEN
Beginn: 1. September
Dauer: 3 Jahre
Urlaubsanspruch: 30 Tage",2026-06-13T14:49:32.264519+00:00
ASD-991600001656539351,ausbildungsstellen_si,Bezirksregierung Düsseldorf,Düsseldorf,Cecilienallee 2 40474 Düsseldorf NRW,Ausbildung | Auszubildende als Fachinformatikerin / Fachinformatiker für Systemintegration (m/w/d),si,2027,9,,67,company,ausbildung@brd.nrw.de,https://www.ausbildung-bezirksregierungen-nrw.de/BVPlus/views/bvplus/register/registrierung.jsf,email,,,Bezirksregierung Düsseldorf | Ausbildung | Auszubildende als Fachinformatikerin / Fachinformatiker für Systemintegration (m/w/d) | Düsseldorf,tidak,belum,tinggi,"Auszubildende als Fachinformatikerin / Fachinformatiker für Systemintegration (m/w/d)

WIR BIETEN
- ein abwechslungsreiches Tätigkeitsfeld in der Systemtechnik in einer modernen Landesbehörde
- verschiedene Aufgaben wie Installieren und Inbetriebnahme von IT-Systemen, Administration, Service und Support, Instandhaltung und Projektmanagement
- ein attraktives Ausbildungsgehalt
- Work-Life-Balance durch flexible Arbeitszeitmodelle, u. a. eine großzügige Gleitzeitregelung und unterschiedliche Modelle zum mobilen Arbeiten
- ein umfangreiches Weiterbildungsangebot, sowohl fachlich als auch persönlich
- Angebote im Rahmen des Betrieblichen Gesundheitsmanagements
und vieles mehr!
IHRE AUSBILDUNG
- Ausbildungsbeginn ist der 01.09.2027
- Dauer: 3 Jahre (verkürzbar auf 2,5 Jahre)
- attraktives Ausbildungsgehalt von derzeit ca. 1.236,82 EUR brutto (1. Ausbildungsjahr)
- Gliederung in eine theoretische Ausbildung am Berufskolleg für Technik und Informatik in Neuss und fachpraktische Ausbildungsabschnitte in verschiedenen Teilbereichen der IT-Abteilung
IHR PROFIL
- Fachoberschulreife oder gleichwertiger Abschluss
- Begeisterung für Computertechnik, Programmieren und mathematisch-technische Aufgaben
- Sie haben Interesse an digitalen Medien und Sie geben Ihr Wissen gerne weiter
- Sie haben Spaß am Lernen und das Ziel immer fest im Blick
- Sie arbeiten gerne im Team und an gemeinsamen Zielen
- Neuen Aufgaben stellen Sie sich motiviert und interessiert
- Anderen Menschen zu helfen und Ihre Unterstützung anzubieten, bereitet Ihnen Freude
- Sehr gute Deutschkenntnisse in Wort und Schrift
BEWERBEN SIE SICH UNTER
https://www.ausbildung-bezirksregierungen-nrw.de/BVPlus/
Der Bewerbung ist beizufügen:
- ein Bewerbungsschreiben,",,2026-06-13T12:23:56.469929+00:00
STEP-14119749,stepstone_de_dpa,Peakwork GmbH,Düsseldorf,Düsseldorf Düsseldorf,Ausbildung | zum/r Fachinformatiker/in für Systemintegration (m/w/d),si,,,,67,empty,,https://twitter.com/stepstone_de,portal,"Kontakt
Wenn Du bereit bist, deine Begeisterung für Informatik in einer Ausbildung vollkommen zum Leben zu erwecken und Deine Fähigkeiten und Kenntnisse auf die nächste Stufe bringen willst, dann zögere nicht und sende uns noch heute Deine Bewerbung zu.",,Peakwork GmbH | Ausbildung | zum/r Fachinformatiker/in für Systemintegration (m/w/d) | Düsseldorf,tidak,belum,sedang,"Ausbildung zum/r Fachinformatiker/in für Systemintegration (m/w/d)

Ihre Aufgaben
WAS DU TUST
In unserer modernen, cloudbasierten Systemlandschaft wirst Du lernen, wie Du komplexe Hard- und Softwarelösungen realisieren kannst. Hierbei stehen sowohl technische als auch kaufmännische Kenntnisse im Fokus, mit welchen du verschiedenste Anforderungen analysieren, planen und erfolgreich umsetzen wirst. Ein wichtiger Bestandteil Deiner Ausbildung ist es, stets auf dem neuesten Stand der Technologie zu bleiben und Dein Wissen kontinuierlich zu erweitern. Zu Deinen Aufgaben bei uns gehören schwerpunktmäßig:
Strukturiertes Analysieren, Planen und Realisieren von vernetzten IT-Systemen und Netzwerken
Wartung und Instandhaltung einer großen Cloud-Infrastruktur
Automatisierung von Prozessen und Workflows
Konfiguration und Überwachung von Servern und Netzwerken
Identifikation und Behebung von Leistungsproblemen und Sicherheitsrisiken
Evaluierung von neuen Technologien und Tools, um die Effizienz und Leistung unserer Systeme zu verbessern
Ihr Profil
WAS DU MITBRINGST

Du hast Dein Abitur oder Deine Fachhochschulreife erfolgreich mit guten Noten abgeschlossen und verfügst über praktische Erfahrungen im IT-Umfeld, beispielsweise durch Praktika. In den Fächern Mathematik, Physik, Deutsch und Englisch konntest Du stets überdurchschnittliche Leistungen erzielen. Wenn Du zudem Informatik als Wahl- oder Abiturfach belegt hast, bringst Du ideale Voraussetzungen für eine Ausbildung in unserem Unternehmen mit.
Strebst Du also nicht nur eine Karriere in der Informatik an, sondern hast auch eine Leidenschaft für dieses Fachgebiet, bist Du optimal vorbereitet. Folgende Fähigkeiten runden Dein Profil noch ab:
Eigenverantwortliche Arbeitsweise und soziale Kompetenz
Starkes logisches und technisches Verständnis
Gute analytische Fähigkeiten
Hohe Lernbereitschaft, Engagement und Interesse an aktuellen IT-Themen
Eine Vorliebe, auf knifflige Rätsel immer eine Lösung finden zu wollen

WAS WIR BIETEN
Please note: this position requires fluency in German
Frühstück, Mittagessen und Getränke – all inclusive
Das Deutschlandticket wird zur Verfügung gestellt
Regelmäßige Weiterbildungen intern wie auch extern
Buddy-Programm: Ein langjähriger Profi ist immer an Deiner Seite
Einzigartige Teamarbeit und digitale Innovation
Legendäre Peakwork Partys – jährliche Weihnachts- und Sommerfeier, LAN-Partys, Karneval und Teamevents
Bei Kicker, Dart und der Playstation mit den Kollegen laden wir unsere kreative Energie wieder auf","Du hast Dein Abitur oder Deine Fachhochschulreife erfolgreich mit guten Noten abgeschlossen und verfügst über praktische Erfahrungen im IT-Umfeld, beispielsweise durch Praktika. In den Fächern Mathematik, Physik, Deutsch und Englisch konntest Du stets überdurchschnittliche Leistungen erzielen. Wenn Du zudem Informatik als Wahl- oder Abiturfach belegt hast, bringst Du ideale Voraussetzungen für eine Ausbildung in unserem Unternehmen mit.
Strebst Du also nicht nur eine Karriere in der Informatik an, sondern hast auch eine Leidenschaft für dieses Fachgebiet, bist Du optimal vorbereitet. Folgende Fähigkeiten runden Dein Profil noch ab:
Eigenverantwortliche Arbeitsweise und soziale Kompetenz
Starkes logisches und technisches Verständnis
Gute analytische Fähigkeiten
Hohe Lernbereitschaft, Engagement und Interesse an aktuellen IT-Themen
Eine Vorliebe, auf knifflige Rätsel immer eine Lösung finden zu wollen",2026-06-12T21:40:40.966975+00:00
AUBI-396196,aubi_plus_fi,,Düsseldorf,40474 Düsseldorf,Ausbildung | Auszubildende als Fachinformatikerin / Fachinformatiker für Systemintegration (m/w/d),si,2027,9,"1.236,82 €, 1.236,82 €, 1.290,96 €, 1.340,61 €",60,empty,ausbildung@brd.nrw.de,https://www.aubi-plus.de/bewerbung/,email,"Kontakt
Herr Leo Murata
Dezernat 11
Bewerbungsunterlagen
vollständige Bewerbungsunterlagen
Anschreiben
Lebenslauf
die letzten 2 Schulzeugnisse
Tipp: Beziehe dich in deiner Bewerbung auf AUBI-plus!
Mit bewerbung2go kannst du deine Bewerbungsunterlagen erstellen.
Deine AUBI-plus Jobmail
Lass deinen Bot für dich suchen! Lege deine Suchkriterien fest und lehn dich zurück. Du bekommst aktuelle Stellen für deinen Traumberuf direkt per Mail zugeschickt.
SUCHBOT ERSTELLEN
Ähnliche Suchanfragen:
AUSBILDUNG DÜSSELDORF
AUSBILDUNG IN NORDRHEIN-WESTFALEN
AUSBILDUNG 2027
AUSBILDUNG ALS FACHINFORMATIKER FACHRICHTUNG SYSTEMINTEGRATION (M/W/D) IN DÜSSELDORF
5 weitere Stellen im Unternehmen
Duales Studium zur Vermessungsoberinspektoranwärterin / zum Vermessungsoberinspektoranwärter (m/w/d)
Bezirksregierung Düsseldorf
40474 Düsseldorf
01.09.2026
Duales Studium (Bachelor of Laws, Regierungsinspektor*innen) im Beamtenverhältnis (m/w/d) 2026
Bezirksregierung Düsseldorf
40474 Düsseldorf
01.09.2026
Ausbildung zur Vermessungsoberinspektoranwärterin / zum Vermessungsoberinspektoranwärter (m/w/d)
Bezirksregierung Düsseldorf
40474 Düsseldorf
WEITERE STELLEN LADEN
AUBI-plus
Über uns
Karriere
Partner
FAQ
News & Events
Presse
Blog
Messen & Aktionstage
DEUTSCHES AUSBILDUNGSFORUM
Produkte & Dienstleistungen
Für Ausbildungsbetriebe
Für Hochschulen
Für Schulen
Für Eltern
Besuch uns auch auf:
Region ändern:
AUBI-plus Österreich (deutsch)
AUBI-plus Schweiz (deutsch)
AUBI-plus Italien (deutsch)
AUBI-plus
Impressum
AGB
Datenschutz
Kontakt",,Ausbildung | Auszubildende als Fachinformatikerin / Fachinformatiker für Systemintegration (m/w/d) | Düsseldorf,tidak,belum,tinggi,"Auszubildende als Fachinformatikerin / Fachinformatiker für Systemintegration (m/w/d)

WIR BIETEN IHNEN:
ein abwechslungsreiches Tätigkeitsfeld in der Systemtechnik in einer modernen Landesbehörde
verschiedene Aufgaben wie Installieren und Inbetriebnahme von IT-Systemen, Administration, Service und Support, Instandhaltung und Projektmanagement
ein attraktives Ausbildungsgehalt
Work-Life-Balance durch flexible Arbeitszeitmodelle, u. a. eine großzügige Gleitzeitregelung und unterschiedliche Modelle zum mobilen Arbeiten
ein umfangreiches Weiterbildungsangebot, sowohl fachlich als auch persönlich
Angebote im Rahmen des Betrieblichen Gesundheitsmanagements
Teilnahme am Großkundenticket des VRR
und Vieles mehr!
IHRE AUSBILDUNG
Ausbildungsbeginn ist der 01.09.2027
Dauer: 3 Jahre
attraktives Ausbildungsgehalt von derzeit ca. 1.236,82 € brutto (1. Ausbildungsjahr)
Gliederung in eine theoretische Ausbildung am Berufskolleg für Technik und Informatik in Neuss und fachpraktische Ausbildungsabschnitte in verschiedenen Teilbereichen der IT-Abteilung
IHR PROFIL
Fachoberschulreife oder gleichwertiger Abschluss
Begeisterung für Computertechnik, Programmieren und mathematisch-technische Aufgaben
Digitale Medien interessieren Sie und Sie geben ihr Wissen gerne weiter
Sie haben Spaß am Lernen und das Ziel immer fest im Blick
Sie arbeiten gerne im Team und an gemeinsamen Zielen
Neuen Aufgaben stellen Sie sich motiviert und interessiert
Anderen Menschen zu helfen und Ihre Unterstützung anzubieten, bereitet Ihnen Freude
Sehr gute Deutschkenntnisse in Wort und Schrift
BEWERBEN SIE SICH UNTER
https://www.ausbildung-bezirksregierungen-nrw.de/BVPlus/
Der Bewerbung ist beizufügen:
ein Bewerbungsschreiben
ein aktueller Lebenslauf
eine Kopie des letzten Schulzeugnisses,
ggf. Praktikumsbescheinigungen und Zertifikate
Bewerbungsschluss ist der 31.10.2026
Wir weisen Sie vorsorglich daraufhin, dass die Stellenausschreibung aktuell dem Haushaltsvorbehalt unterliegt.
Die fachliche Eignung wird im Rahmen eines Einstellungstests festgestellt.
DAS IST UNS WICHTIG:
Die Bezirksregierung Düsseldorf tritt für ein wertschätzendes und vorurteilsfreies Arbeitsumfeld ein, das Talente auf Grund ihrer Leistungen schätzt - unabhängig von Alter, ethnischer Herkunft und Nationalität, Geschlecht und geschlechtlicher Identität, körperlichen und geistigen Fähigkeiten, Religion und Weltanschauung, sexueller Orientierung und sozialer Herkunft.
Wir verfolgen offensiv das Ziel zur beruflichen Gleichstellung von Frauen und Männern. Als moderne Landesbehörde setzen wir auf qualifizierte Bewerberinnen und Bewerber, um gegenwärtig und in Zukunft einen ausgewogenen Anteil von Frauen und Männern in unserer Verwaltung sicherzustellen. Wir wollen weibliche und männliche Fachkräfte gleichermaßen ansprechen und ermutigen, sich zu bewerben. Bewerbungen geeigneter schwerbehinderter und ihnen gleichgestellter behinderter Menschen sind erwünscht. Zur Berücksichtigung einer Schwerbehinderung oder Gleichstellung weisen Sie diese bitte durch geeignete Unterlagen nach. Die Ausschreibung wendet sich ausdrücklich auch an Menschen mit internationaler Familiengeschichte.
Nähere Informationen zur Ausbildung erhalten Sie auf der Homepage der Bezirksregierung Düsseldorf (www.brd.nrw.de/ausbildung) oder durch das Ausbildungsbüro, E-Mail: ausbildung@brd.nrw.de
Wir freuen uns auf Ihre Bewerbung!
Stellendetails
Beruf:
Fachinformatiker / Fachinformatikerin Fachrichtung Systemintegration
Bewerbungsfrist:
Offen
Mindestabschluss:
Fachoberschulreife
oder ein gleichwertiger Schulabschluss
Freie Ausbildungsplätze:
1
Dauer:
3 Jahre
Referenz-Nr:
AUBI-396196
(Bitte in der Bewerbung angeben)
Kopieren
PDF-Download:
Stellenausschreibung Fach-IT
Dein persönlicher Matching-Score
Du willst wissen, wie gut diese Stelle zu dir passt? Dann registriere dich und mach das Matching. Mehr erfahren
Ausbildungsvergütung
1. Ausbildungsjahr: 1.236,82 €
2. Ausbildungsjahr: 1.290,96 €
3. Ausbildungsjahr: 1.340,61 €",,2026-06-13T14:45:52.372807+00:00
STEP-12292565,stepstone_de_dpa,CUREosity GmbH,Düsseldorf,Düsseldorf Düsseldorf,Ausbildung | Fachinformatiker*in für Systemintegration (m/w/d) in Düsseldorf,si,,,,60,empty,,https://twitter.com/stepstone_de,portal,"Du bist Ansprechpartner*in der Mitarbeitenden rund um das Thema IT und installierst relevante IT-Systeme (inkl. mobiler Hardware) für neue Arbeitsplätze
Du bietest eine umfassende und lösungsorientierte IT-Anwenderunterstützung im Hardware- und Softwareumfeld (z.B. Einrichtung von VPN-Zugängen, Verwaltung von Mailaccounts)
Du identifizierst eigeninitiativ weitere Optimierungspotentiale und treibst eigene Projekte proaktiv an",,CUREosity GmbH | Ausbildung | Fachinformatiker*in für Systemintegration (m/w/d) in Düsseldorf | Düsseldorf,tidak,belum,sedang,"Ausbildung Fachinformatiker*in für Systemintegration (m/w/d) in Düsseldorf

Bei uns bekommst du die Chance auf eine umfassende Ausbildung, in der du alle wichtigen IT-Bereiche kennenlernst und von Anfang an die Möglichkeit hast, Verantwortung zu übernehmen. Dich erwarten vielfältige Aufgaben und viel Raum für deine eigenen Ideen!
Bewirb dich jetzt und starte deine Ausbildung im August 2025.
Deine Mission
Du hast die Möglichkeit unsere revolutionären Therapiesysteme mitzugestalten
Du assistierst unserem IT-Team bei der Administration, Wartung und Optimierung unserer IT-Infrastruktur
Du unterstützt bei der Wartung und dem Backup unserer Serverstruktur sowie bei der Fehlerbehebung, dem Monitoring und Incident Management der Server- und Clientlandschaft

Dein Profil
Allgemeine Hochschulreife oder gute mittlere Reife
Affinität für IT und digitale Innovationen
Großes Interesse und erste Erfahrungen in IT-Themen wünschenswert
Du bist offen, kommunikativ und arbeitest gerne im Team
Fließende Deutsch- und gute Englischkenntnisse

Wir bieten
Was uns ausmacht
Sinnstiftende Arbeit: Wir entwickeln innovative Therapien, die Menschen wirklich helfen
Innovative Technologie: Wir setzen auf VR für bessere Therapieergebnisse
Teamgeist und Vielfalt: Mitarbeiter*innen aus sieben Nationen und 50% weibliche Führungskräfte
Start-Up Atmosphäre: Flache Hierarchien, kurze Kommunikationswege und viel Gestaltungsspielraum
Bist du bereit, mit uns die Zukunft der Rehabilitation zu gestalten?
Unsere Benefits
Flexible Arbeitszeiten: Gestalte deine Arbeit so, dass sie zu deinem Leben passt
Tierfreundliches Büro: Hunde sind bei uns herzlich willkommen.
Regelmäßige Team-Events: Stärke den Teamgeist und genieße gemeinsame Aktivitäten
Frisches Obst, Kaffee und leckere Kaltgetränke: Gesund und gestärkt durch den Arbeitstag
Modernes Büro in Düsseldorf : Arbeite in einer inspirierenden Umgebung mit guten Parkmöglichkeiten
Unsere Werte
Win as a team – Be brave & collaborate: Erfolgreich sind wir nur im Team. Jede*r bringt einzigartige Fähigkeiten mit, und in einer ergebnisorientierten, offenen und kreativen Zusammenarbeit ergänzen wir uns optimal.
Ownership - See the bigger picture and mission: Verantwortung für das eigene Handeln, das Wohl des Teams und des Unternehmens zu übernehmen ist uns wichtig. Probleme sehen wir als Chancen zur Lösung.
Stay Hungry - Take continuous change as a business driver: Stetige Weiterentwicklung und Offenheit für Veränderungen sind unsere Treiber. Kreativer Hunger nach neuen Impulsen ermöglicht uns kontinuierliches Wachstum.
Respekt - Spread positivity - not politics: Offenheit, Positivität und Wertschätzung prägen unsere Interaktionen. Vielfalt in Meinungen und Ideen bereichert unser Team.
Unser Bewerbungsprozess
1. Review: Wir prüfen deine Bewerbung und achten besonders auf deine Motivation.
2. Kennenlernen: In zwanglosen Gesprächen – online und vor Ort.
3. Angebot: Bei beidseitigem Interesse freuen wir uns dich bald in unserem Team begrüßen zu dürfen!
Starte jetzt deine Karriere bei CUREosity und verändere mit uns die Gesundheitsbranche!","Dein Profil
Allgemeine Hochschulreife oder gute mittlere Reife
Affinität für IT und digitale Innovationen
Großes Interesse und erste Erfahrungen in IT-Themen wünschenswert
Du bist offen, kommunikativ und arbeitest gerne im Team
Fließende Deutsch- und gute Englischkenntnisse",2026-06-12T21:24:06.005888+00:00
STEP-14122889,stepstone_de_dpa,Ranger International & B2B,Düsseldorf,Wahlerstraße 21 40472 Düsseldorf,Ausbildung | Auszubildender (m/w/d) zum IT-Fachinformatiker (Systemintegration),si,,,,60,empty,,https://smrtr.io/xxfg2,portal,"Du steigst in die IT-Infrastruktur ein und arbeitest hautnah und remote an allen IT-Systemen in den Rechenzentren und den internationalen Filialen. Gleichzeitig unterstützt Du das Team im operativen Tagesgeschäft. Als Teil des zentralen Infrastrukturteams kommst Du mit allen Fachbereichen des Unternehmens in Berührung und hilfst bei der Digitalisierung ihrer Prozesse. Nicht nur die Theorie und die fachliche Vorbereitung auf deine Prüfung gemäß des IHK Rahmenplans ist uns dabei wichtig, sondern auch Dein Einsatz und Deine Mitarbeit. Du bist ein wichtiger Part in unserem Unternehmen – schon in der Ausbildung. Spätestens nach Abschluss Deiner Ausbildung bist Du der/die richtige Ansprechpartner:in für die Planung und Konfiguration von IT-Systemen
Qualifikationen",,Ranger International & B2B | Ausbildung | Auszubildender (m/w/d) zum IT-Fachinformatiker (Systemintegration) | Düsseldorf,tidak,belum,sedang,"Auszubildender (m/w/d) zum IT-Fachinformatiker (Systemintegration)

Du begeisterst Dich für IT-Themen und hast in dem Bereich schon erste Erfahrungen Du arbeitest selbstständig und kannst Dich und Deine Aufgaben bereits gut organisieren Du möchtest Deine konzeptionellen und technischen Fähigkeiten in der Praxis anwenden Du hast einen mittleren (Realschulabschluss) oder höheren Schulabschluss mit guten Leistungen absolviert
Zusätzliche Informationen
UNTERNEHMENSKULTUR: Bei uns findest du echte Wertschätzung und ein fantastisches Arbeitsklima. Spaß an und bei der Arbeit sind bei uns nicht nur Worte auf dem Papier, sondern gelebte Führungskultur. Deswegen arbeiten wir jeden Tag daran, unseren Mitarbeiter:innen nicht nur einen „Arbeitsplatz“ zu bieten, sondern einen Ort, an dem sie gerne Teile ihres Lebens verbringen. LEARN & GROW: Bei uns stehen Dir hervorragende Entwicklungsperspektiven und ein 24/7 Zugang zu unserer Learning-Plattform zur Verfügung. ON TOP : Es erwarten dich ein umfassendes Onboarding (inkl. eines Newcomer:innen Events), Essenszuschüsse, du kannst wählen zwischen einem kostenlosen Abo für den öffentlichen Nahverkehr oder einem kostenlosen Parkplatz, ein 2021 erbautes Office Gebäude mit ergonomischer Büroausstattung, eigenes Fitnessstudio im Headoffice, bezuschusste Entspannungsmassagen im Headoffice, kostenloser Kaffee und Obst, Zuschüsse zur Altersvorsorge, viele Firmenevents (Sommerfest, Weihnachtsfeier, Kirmes Besuch, Adventsverlosungen), ein Funroom, sowie exklusive Rabatte in vielen Shops u. v. m.",,2026-06-12T21:42:55.427272+00:00
ASD-991600004040490625,ausbildungsstellen_si,Landesamt für Besoldung und Versorgung NRW,Düsseldorf,Johannstr.35 40476 Düsseldorf NRW,Ausbildung zum Fachinformatiker (m/w/d) - Fachrichtung Systemintegration,si,,,,53,company,ausbildung@lbv.nrw.de,https://bewerbung.nrw/BVPlus/?stellenID=100535369,email,,,Landesamt für Besoldung und Versorgung NRW | Ausbildung zum Fachinformatiker (m/w/d) - Fachrichtung Systemintegration | Düsseldorf,tidak,belum,sedang,Ausbildung zum Fachinformatiker (m/w/d) - Fachrichtung Systemintegration,,2026-06-13T12:24:02.567579+00:00
STEP-13883586,stepstone_de_dpa,"BPG Beratungs- und Prüfungsges. mbH, Wirtschaftsprüfungsges., Steuerberatungsgese",Düsseldorf,Düsseldorf Düsseldorf,Ausbildung | als Fachinformatiker:in für Systemintegration (m/w/d),si,,,,47,empty,,https://twitter.com/stepstone_de,portal,"Kontakt
Du möchtest uns kennenlernen?
Deine Ansprechpartner
Personalabteilung
Maren Clemens
Fachabteilung
Christian Maruhn (Geschäftsführer, Partner)
BPG Beratungs- und Prüfungsgesellschaft mbH
Herma-Körding-Str. 5
40468 Düsseldorf
karriere@crowe-bpg.de
+49 (0)211 73068 0",,"BPG Beratungs- und Prüfungsges. mbH, Wirtschaftsprüfungsges., Steuerberatungsgese | Ausbildung | als Fachinformatiker:in für Systemintegration (m/w/d) | Düsseldorf",ya,belum,rendah,Ausbildung als Fachinformatiker:in für Systemintegration (m/w/d),,2026-06-12T21:25:28.112407+00:00
MSD-100011621020,meinestadt_si,wwwe GmbH,Düsseldorf,Hansaallee 299 40549 Düsseldorf,Ausbildung zum Fachinformatiker Systemintegration (m/w/d),si,,,"30.000 €, 45.000 €/Jahr",47,empty,,,tidak_jelas,"- Du bist ein wertvoller Ansprechpartner, der Systemdokumentationen erstellt und Benutzer durch Schulungen auf den neuesten Stand bringt
Ihr Profil:
Du...
- bist technisch versiert
- immer auf dem Laufenden über die Geschehnisse in der IT-Welt und
- Ansprechpartner Nr. 1 im Freundes- und Bekanntenkreis wenn es um Technik geht
- besitzt gute Deutsch- und Englisch-Sprachkenntnisse in Wort und Schrift
- bringst eine gehörige Portion Ehrgeiz und Interesse an der IT mit
- bist nebenbei noch sicher im Straßenverkehr unterwegs (Führerschein Kl. B)
Firmenbeschreibung:
Die wwwe GmbH mit Sitz in Düsseldorf ist ein führendes Unternehmen im Bereich Webdesign und Online-Marketing. Seit über 20 Jahren unterstützt sie kleine und mittelständische Unternehmen bei der digitalen Transformation.
Das Team der wwwe GmbH zeichnet sich durch Kreativität und technisches Know-how aus und bietet maßgeschneiderte Lösungen für ihre Kunden.
Durch innovative Ansätze und kontinuierliche Weiterentwicklung setzt sich die wwwe GmbH für die optimale Online-Präsenz ihrer Kunden ein.",,wwwe GmbH | Ausbildung zum Fachinformatiker Systemintegration (m/w/d) | Düsseldorf,ya,belum,rendah,Ausbildung zum Fachinformatiker Systemintegration (m/w/d),,2026-06-13T16:01:54.985998+00:00
STEP-14098455,stepstone_de_dpa,Mercedes-Benz AG,Düsseldorf,Rather Str. 51 40476 Düsseldorf,"Ausbildung | zum Fachinformatiker Fachrichtung Digitale Vernetzung (w/m/d), Mercedes-Benz AG, Werk Düsseldorf, Ausbildungsbeginn 01.09.2027",dv,2027,9,,67,empty,sbv-duesseldorf@mercedes-benz.com,mailto:sbv-duesseldorf@mercedes-benz.com,email,"Kontakt
Jennifer Simons
Email: jennifer.simons@mercedes-benz.com
Mercedes-Benz Plant Düsseldorf, Düsseldorf
Rather Str. 51
40476 Düsseldorf",,"Mercedes-Benz AG | Ausbildung | zum Fachinformatiker Fachrichtung Digitale Vernetzung (w/m/d), Mercedes-Benz AG, Werk Düsseldorf, Ausbildungsbeginn 01.09.2027 | Düsseldorf",tidak,belum,tinggi,"Ausbildung zum Fachinformatiker Fachrichtung Digitale Vernetzung (w/m/d), Mercedes-Benz AG, Werk Düsseldorf, Ausbildungsbeginn 01.09.2027

Bewerben Sie sich bei Mercedes-Benz und finden Sie den Aufgabenbereich, in dem Sie Ihre Talente individuell entfalten können. Dabei werden Sie von visionären Kolleginnen und Kollegen unterstützt, die Ihren Pioniergeist teilen. Bei uns einzusteigen bedeutet, Teil eines globalen Teams zu werden, dessen Ziel es ist, die begehrenswertesten Automobile der Welt zu bauen. Together for excellence.
Stellennummer: MER00042ZF
Aufgaben
Programmiere deine Zukunft auf Vernetzung
Du denkst nicht nur vernetzt und digital, sondern willst damit auch deine und unsere Zukunft gestalten? Dann lernst du in dieser Ausbildung, wie digitale Vernetzung rund um unsere faszinierenden Autos und Mobilitätsthemen in der Praxis funktioniert.
Deine Aufgabe
Analysieren und Planen von Systemen zur Vernetzung von Prozessen und Produkten
Errichten, Ändern und Prüfen von vernetzten Systemen
Automatisieren von Prozessen, Produkten, Maschinen und Anlagen
Betreiben von vernetzten Systemen und Sicherstellung der Systemverfügbarkeit
Qualifikationen
Gute Computerkenntnisse
Solide Kenntnisse in Mathematik
Gute deutsche und englische Sprachkenntnisse
Kaufmännisches Grundverständnis
Verantwortungsbewusstsein und Sorgfältigkeit
Zusätzliche Informationen:
Für deine Bewerbung solltest du mindestens einen guten Realschulabschluss mitbringen. Wenn du bei uns durchstartest, erwartet dich eine attraktive Vergütung von 1.242 Euro im ersten Ausbildungsjahr bis zu 1.586 Euro im letzten Jahr (je nach Standort). Schließt du deine Ausbildung erfolgreich ab, hast du bei uns beste Übernahmechancen.
Wir freuen uns insbesondere über Bewerbungen von Menschen mit Behinderung. Unter sbv-duesseldorf@mercedes-benz.com kannst du dich zudem an die Schwerbehindertenvertretung des Standorts wenden, die dich gerne im weiteren Bewerbungsprozess unterstützt.
#Fachinformatiker

Benefits
Essens­zulagen
Mit­arbeiter­handy möglich
Mit­arbeiter­rabatte möglich
Mit­arbeiter­beteili­gung möglich
Mit­arbeiter Events
Coaching
Flexible Arbeits­zeit möglich
Hybrides Arbeiten möglich
Gesund­heits­maß­nahmen
Betrieb­liche Alters­ver­sorgung
Mobilitäts­angebote
Kantine, Café
Betriebs­arzt
Barriere­frei­heit
Gute An­bindung
Park­platz",,2026-06-12T21:27:18.478282+00:00
AUBI-446575,aubi_plus_fi,Vodafone GmbH,Düsseldorf,40549 Düsseldorf,Ausbildung zum Fachinformatiker (m/w/d) in Düsseldorf (2026),fi_other,2026,9,"1.242,00 €, 1.358,00 €, 1.468,00 €, 90 €, 1.242,00 €, 1.358,00 €",60,empty,,https://www.aubi-plus.de/bewerbung/,portal,Kontakt,,Vodafone GmbH | Ausbildung zum Fachinformatiker (m/w/d) in Düsseldorf (2026) | Düsseldorf,tidak,belum,sedang,"Ausbildung zum Fachinformatiker (m/w/d) in Düsseldorf (2026)

Ausbildungsvergütung
1. Ausbildungsjahr: 1.242,00 €
2. Ausbildungsjahr: 1.358,00 €
3. Ausbildungsjahr: 1.468,00 €
Bewerbungsunterlagen
vollständige Bewerbungsunterlagen
Anschreiben
Lebenslauf
die letzten 2 Schulzeugnisse
Tipp: Beziehe dich in deiner Bewerbung auf AUBI-plus!
Mit bewerbung2go kannst du deine Bewerbungsunterlagen erstellen.
Bildungspartner
Berufskolleg Hilden
40724 Hilden
Deine AUBI-plus Jobmail
Lass deinen Bot für dich suchen! Lege deine Suchkriterien fest und lehn dich zurück. Du bekommst aktuelle Stellen für deinen Traumberuf direkt per Mail zugeschickt.
SUCHBOT ERSTELLEN
Ähnliche Suchanfragen:
AUSBILDUNG DÜSSELDORF 2026
AUSBILDUNG IN NORDRHEIN-WESTFALEN
AUSBILDUNG 2026
AUSBILDUNG ALS FACHINFORMATIKER (M/W/D) IN DÜSSELDORF
Play
Das Video ist Teil einer Playlist. Du findest weitere Videos direkt im YouTube-Player über das Playlist-Symbol.
13 weitere Stellen im Unternehmen
Ausbildung zum Kaufmann im Dialogmarketing (m/w/d) in Düsseldorf (2026)
Vodafone GmbH
40549 Düsseldorf
01.09.2026
Ausbildung zum Medizinischen Fachangestellten (m/w/d) in Düsseldorf (2026)
Vodafone GmbH
40549 Düsseldorf
01.09.2026
Duales Studium B.A. BWL, mit Schwerpunkt Finance in Düsseldorf (2026) (m/w/d)
Vodafone GmbH
40549 Düsseldorf
Ab sofort
WEITERE STELLEN LADEN
AUBI-plus
Über uns
Karriere
Partner
FAQ
News & Events
Presse
Blog
Messen & Aktionstage
DEUTSCHES AUSBILDUNGSFORUM
Produkte & Dienstleistungen
Für Ausbildungsbetriebe
Für Hochschulen
Für Schulen
Für Eltern
Besuch uns auch auf:
Region ändern:
AUBI-plus Österreich (deutsch)
AUBI-plus Schweiz (deutsch)
AUBI-plus Italien (deutsch)
AUBI-plus
Impressum
AGB
Datenschutz
Bildrechte",,2026-06-13T14:56:35.267660+00:00
AUBI-274698,aubi_plus_fi,,Düsseldorf,40210 Düsseldorf,,non_fi,,,"1.316,00 €",60,empty,karriere@psd-rhein-ruhr.de,https://www.aubi-plus.de/bewerbung/,email,"Kontakt
Herr Alexander Kühn
Personal
+49 231 10870-3201
E-Mail anzeigen
Bewerbungsunterlagen
vollständige Bewerbungsunterlagen
Anschreiben
Lebenslauf
die letzten 3 Schulzeugnisse
Tipp: Beziehe dich in deiner Bewerbung auf AUBI-plus!
Mit bewerbung2go kannst du deine Bewerbungsunterlagen erstellen.
Deine AUBI-plus Jobmail
Lass deinen Bot für dich suchen! Lege deine Suchkriterien fest und lehn dich zurück. Du bekommst aktuelle Stellen für deinen Traumberuf direkt per Mail zugeschickt.
SUCHBOT ERSTELLEN
Ähnliche Suchanfragen:
AUSBILDUNG DÜSSELDORF
AUSBILDUNG IN NORDRHEIN-WESTFALEN
AUSBILDUNG 2026
AUSBILDUNG ALS KAUFMANN FÜR IT-SYSTEM-MANAGEMENT (M/W/D) IN DÜSSELDORF
“Kurz nach dem Einreichen unserer Bewerbungen und dem Abschluss des Online-Tests erhielten wir...”
Ausbildungsjahrgang 2021
PSD Bank Rhein-Ruhr eG
KOMPLETTER ERFAHRUNGSBERICHT
2 weitere Stellen im Unternehmen
Ausbildung zum Kaufmann für Digitalisierungsmanagement (w/m/d)
PSD Bank Rhein-Ruhr eG
40210 Düsseldorf
01.08.2026
Ausbildung zum Bankkaufmann (m/w/d)
PSD Bank Rhein-Ruhr eG
40210 Düsseldorf
01.08.2026
AUBI-plus
Über uns
Karriere
Partner
FAQ
News & Events
Presse
Blog
Messen & Aktionstage
DEUTSCHES AUSBILDUNGSFORUM
Produkte & Dienstleistungen
Für Ausbildungsbetriebe
Für Hochschulen
Für Schulen
Für Eltern
Besuch uns auch auf:
Region ändern:
AUBI-plus Österreich (deutsch)
AUBI-plus Schweiz (deutsch)
AUBI-plus Italien (deutsch)
AUBI-plus
Impressum
AGB
Datenschutz
Bildrechte
Kontakt",,aubi_plus_fi | Düsseldorf,tidak,belum,tinggi,"Bei uns kannst du eine kaufmännische Ausbildung mit deiner Technikleidenschaft verbinden. In der dreijährigen Ausbildung werden praktische Erfahrungen mit der Vermittlung von theoretischem Wissen abwechslungsreich kombiniert. Während der Ausbildung lernst du den Umgang mit unseren Systemen kennen (Wartung, Update und Einkauf), Netzwerkbetreuung und Hard- und Softwarebetreuung steht ebenfalls im Vordergrund. Du bist Teil des Supportteams für unsere Mitarbeiter und Kunden und analysierst deren IT-Anforderungen und konzipierst Systemlösungen. Du nimmst mit deinen Teamkolleg/innen an spannenden Projekten teil und wirst bei der Angebotseinholung und-vergleich beteiligt.
Was wir uns wünschen
Mindestens Fachoberschulreife oder (Fach-) Abitur
Kommunikationsfähigkeit und Freude am Umgang mit Menschen
Interesse an abwechslungsreichen Aufgaben rund um das Thema Computer- und Informationstechnik
Serviceorientierung und Verantwortungsbewusstsein
Engagement und ein hohes Maß an Lernbereitschaft

Was wir bieten
ein modernes Arbeitsumfeld in einem wirtschaftlich gesunden Unternehmen
Praxisorientierung und Eigenverantwortung vom ersten Tag an
kompetente und motivierte Mitarbeiterteams, die Dich individuell unterstützt
abwechslungsreiche Aufgaben und Projektarbeit
umfangreiche Weiterbildungsmöglichkeiten nach der Ausbildung
Grundsätzliche Übernahme nach der Ausbildung
Blockunterricht (Berufsschule Düsseldorf)
flexible Arbeitszeiten (Gleitzeit)
kostenfreies Deutschlandticket
Kostenübernahme von Schulbüchern
Wohnungszuschuss
Azubi-Events
digitale Ausstattung (Notebook & iPad)
ein modern ausgestatteter Arbeitsplatz in zentraler Lage
Hinweise zur Bewerbung
Bitte bewerben Sie sich ausschließlich über das Online-Formular.
Stellendetails
Beruf:
Kaufmann / Kauffrau für IT-System-Management
Bewerbungsfrist:
Offen
Mindestabschluss:
Fachoberschulreife
oder (Fach-) Abitur
Freie Ausbildungsplätze:
Freie Plätze vorhanden
Dauer:
3 Jahre
Referenz-Nr:
AUBI-274698
(Bitte in der Bewerbung angeben)
Kopieren
Dein persönlicher Matching-Score
Du willst wissen, wie gut diese Stelle zu dir passt? Dann registriere dich und mach das Matching. Mehr erfahren
Ausbildungsvergütung
1. Ausbildungsjahr: 1.316,00 €
TOP-AUSBILDER
PSD Bank Rhein-Ruhr eG wurde mit Deutschlands Gütesiegel für die betriebliche Ausbildung BEST PLACE TO LEARN ® ausgezeichnet.","Bei uns kannst du eine kaufmännische Ausbildung mit deiner Technikleidenschaft verbinden. In der dreijährigen Ausbildung werden praktische Erfahrungen mit der Vermittlung von theoretischem Wissen abwechslungsreich kombiniert. Während der Ausbildung lernst du den Umgang mit unseren Systemen kennen (Wartung, Update und Einkauf), Netzwerkbetreuung und Hard- und Softwarebetreuung steht ebenfalls im Vordergrund. Du bist Teil des Supportteams für unsere Mitarbeiter und Kunden und analysierst deren IT-Anforderungen und konzipierst Systemlösungen. Du nimmst mit deinen Teamkolleg/innen an spannenden Projekten teil und wirst bei der Angebotseinholung und-vergleich beteiligt.
Was wir uns wünschen
Mindestens Fachoberschulreife oder (Fach-) Abitur
Kommunikationsfähigkeit und Freude am Umgang mit Menschen
Interesse an abwechslungsreichen Aufgaben rund um das Thema Computer- und Informationstechnik
Serviceorientierung und Verantwortungsbewusstsein
Engagement und ein hohes Maß an Lernbereitschaft",2026-06-13T14:52:58.545166+00:00
NRW-30-205,ausbildung_nrw_ae,Peopleware,Düsseldorf,Speditionstraße 5 40221 Düsseldorf,Ausbildung | Fachinformatiker/in - Anwendungsentwicklung (2026),dual,,,,87,company,jobs@peopleware.com,https://jobs.peopleware.com/o/ausbildung-fachinformatiker-anwendungsentwicklung-wmd-2026,email,"Kontakt
0211 781781-0
jobs@peopleware.com
https://jobs.peopleware.com/
Speditionstraße 5
40221 Düsseldorf
Olga Puchalski
HR Generalist
0211 781781-0
jobs@peopleware.com
Social Media
Standort
+
–
⤢
Standorte
Karl-Liebknecht-Straße 12
04107 Leipzig
info@ausbildung.nrw
Kontakt
Datenschutz
Impressum
Ausbildung.NRW ist ein Kooperationsprojekt der Industrie- und Handelskammern in Nordrhein-Westfalen.
umgesetzt von der www.spieker.agency",,Peopleware | Ausbildung | Fachinformatiker/in - Anwendungsentwicklung (2026) | Düsseldorf,tidak,belum,tinggi,"Fachinformatiker/in - Anwendungsentwicklung (2026)

Fachinformatiker/in - Anwendungsentwicklung in Düsseldorf (2026)
Mehr Informationen
Angebote
Duales Studium
Duale Ausbildung (Vollzeit)

Schon gewusst?
🤖 Das bieten wir dir:
Wir lassen dich nicht allein: Deine erfahrenen Ausbilder:innen, begleiten dich vom ersten Tag an bis zu deinem IHK-Abschluss, inklusive intensiver Prüfungsvorbereitung.
Übernahme: Bei erfolgreich bestandener Ausbildung und passender Eignung geht deine Reise selbstverständlich mit uns weiter.
Langjährige Ausbildungsexpertise: Die Ausbildung zum Fachinformatiker Anwendungsentwicklung (w/m/d) bieten wir seit 2015 an und bringen unser Know-how jährlich in die Förderung engagierter Talente ein.
High-end IT-Equipment: Für die Zeit deiner Ausbildung statten wir dich direkt am ersten Tag mit einem MacBook aus.
All-inclusive: Von kostenlosen, täglichen Mahlzeiten (Frühstück, Mittagessen, Snacks), kostenfreien Tickets für den öffentlichen Personennahverkehr über eine betriebliche Altersvorsorge bis hin zu einer überdurchschnittlichen Vergütung - wir bieten dir ein Rundum-Sorglos-Paket.
Mehr Informationen

So kannst du dich bewerben
Über unser Bewerbungsformular kannst du direkt all deine Unterlagen bei uns einreichen.",,2026-06-12T09:58:05.795892+00:00
NRW-2607-4858,ausbildung_nrw_ae,A.u.K. Müller GmbH & Co. KG,Düsseldorf,Dresdener Str. 162 40595 Düsseldorf,Ausbildung | Fachinformatiker/in - Anwendungsentwicklung,dual,,,,73,company,a.friedrich@akmueller.de,https://www.akmueller.de/akm-karriere-portal/ausbildung/fachinformatiker-m/w/d-anwendungsentwicklung,email,"Kontakt
0211 7391 255
a.friedrich@akmueller.de
https://www.akmueller.de
Dresdener Str. 162
40595 Düsseldorf
A
A. Friedrich
Leiterin Personalwesen
0211 7391 255
a.friedrich@akmueller.de
Social Media
Standort
+
–
⤢
info@ausbildung.nrw
Kontakt
Datenschutz
Impressum
Ausbildung.NRW ist ein Kooperationsprojekt der Industrie- und Handelskammern in Nordrhein-Westfalen.
umgesetzt von der www.spieker.agency",,A.u.K. Müller GmbH & Co. KG | Ausbildung | Fachinformatiker/in - Anwendungsentwicklung | Düsseldorf,tidak,belum,tinggi,"Fachinformatiker/in - Anwendungsentwicklung

Fachinformatiker/in - Anwendungsentwicklung in Düsseldorf
Mehr Informationen
Fachinformatiker/in - Systemintegration in Düsseldorf
Mehr Informationen
Duales Studium - Maschinenbau (Praxis + B.Eng.) in Düsseldorf
Mehr Informationen
Duales Studium - Softwareentwicklung (Ausbildung + B.Sc.) in Düsseldorf
Mehr Informationen
Angebote
Duales Studium
Berufsfelderkundungstag
Duale Ausbildung (Vollzeit)
Sonstiges
Praktikum

So kannst du dich bewerben
Du interessierst Dich für einen Einstieg in die Welt der Ventiltechnik? Dann schicke uns Deine Bewerbung an ausbildung@akmueller.de",,2026-06-12T09:52:56.051831+00:00
STEP-14080829,stepstone_de_ae,A. u. K. Müller GmbH & Co. KG Elektromagnetventile · Steuergeräte · Spezialarmaturen,Düsseldorf,Düsseldorf Düsseldorf,Ausbildung | Duales Studium (B. Sc.) Software- und Systemtechnik zum Fachinformatiker Anwendungsentwicklung (w/m/d),dual,,,,60,empty,,https://twitter.com/stepstone_de,portal,"Kontakt
Leider haben wir derzeit keine freie Stelle!
Nutze die doppelte Chance auf Ausbildung und Studium und reiche deine Bewerbung über unser Online-Formular ein
oder sende deine Bewerbung per E-Mail an
Deine Ansprechpartnerin
Datenschutzhinweis
Bei deiner Kontaktaufnahme mit uns werden die von dir mitgeteilten Daten von uns zum Zwecke der Abwicklung des Bewerbungsverfahrens verarbeitet. Die Verwendung deiner personenbezogenen Daten erfolgt selbstverständlich datenschutzkonform. Weitere Informationen findest du in unsere Datenschutzerklärungr und de Nutzungsbestimmungen für Online-Bewerbungenn .
A. u. K. Müller GmbH & Co. KG 62 D - 40595 Düsseld dorf Telefon: +49 211 73 91-0 Telefax: +49 211 73 91-281 info(at)akmueller.de E-Mail:
A.K. Muller (UK) Ltd. k Brookside Avenue, Rustingt on GB - West Sussex BN16 3LP Tel: +44 1903 78 8 888 Fax: +44 1903 7 785 817 valves(at)akmuller.co.uk E-Mail:
A.K. Müller France s Z.A.E du Gué Langlo is F - 77600 Bussy Saint Mar rtin Telefon: +33 1 64 62 2 95 14 info(at)akmuller.fr E-Mail:
A. u. K. MüllerShanghai , Zhangyang Rd. 83 8, Shanghai, 200122, Ch hina Telefon: +86 21 58 2040 80 Telefax: +86 21 58 20 0 42 12",,A. u. K. Müller GmbH & Co. KG Elektromagnetventile · Steuergeräte · Spezialarmaturen | Ausbildung | Duales Studium (B. Sc.) Software- und Systemtechnik zum Fachinformatiker Anwendungsentwicklung (w/m/d) | Düsseldorf,tidak,belum,sedang,"Duales Studium (B. Sc.) Software- und Systemtechnik Ausbildung zum Fachinformatiker Anwendungsentwicklung (w/m/d)

Ihre Aufgaben
Anwendungsentwicklung führen in unserem Haus insbesondere Anpassungen an den bestehenden Softwareprogrammen aus, programmieren auf Anforderung unserer Nutzer neue Anwendungen, testen und passen diese unter Berücksichtigung anwendungsgerechter Bedieneroberflächen entsprechend an.
Während deiner 3-jährigen Ausbildung erlernst du moderne Programmiersprachen wie C#.NET / ASP.NET, JavaScript, HTML sowie den Umgang mit relationalen Datenbanken. Du wirkst bei der Weiterentwicklung unseres ERP-Systems mit, lernst Datenbankprogrammierungen mit MS-SQL sowie betriebswirtschaftliche und arbeitsorganisatorische Zusammenhänge kennen. Darüber hinaus erhältst du einen Einblick in die Verwaltung von Rechnersystemen und Netzwerken, die Erstellung von Betriebssystem-Skripten und den Umgang mit Administrationstools.
Auch im anschließenden Vollzeitstudium an der FH Dortmund kannst du in vorlesungsfreier Zeit und auch nach Absprache, als Werkstudent (m/w/d) deine Tätigkeit im Unternehmen weiterführen und somit die Theorie mit der Praxis weiterhin verbinden.
Keine Berufsschulpflicht für dual Studierende
Teilnahme an Vorbereitungskursen zu IHK-Prüfungen
Individuelle Unterstützung während der Ausbildung durch erfahrene Ausbilder
Zwischenprüfung und Abschlussprüfung vor der IHK Düsseldorf
7. bis 8. Semester:
Vollzeitstudium an der FH Dortmund mit Vertiefungs- und Wahlmöglichkeiten der Studienrichtung
Tätigkeit im Unternehmen in vorlesungsfreier Zeit und nach Absprache
9. Semester:
Durchführung der Projektarbeit im Unternehmen
Erstellung der Bachelor-Thesis im Unternehmen
Wenn für dich logisches und komplexes Denken kein Problem ist und du kniffelige Aufgaben reizvoll findest, dann bewerbe dich um ein Duales Studium der
Informatik im Bereich Software- und Systemtechnik (B. Sc.) mit IHK Ausbildung zum Fachinformatiker Anwendungsentwicklung (m/w/d)

Das bringst du mit:
Ausbildungs- und Studienverlauf
Studiengang: Informatik Dual Bachelor of Science (B.Sc.) Gesamte Ausbildungsdauer: ) 4,5 Jahre (9 Semester Ausbildungsbeginn: r) i. d. R. zum 01.09. eines Jahr
Gutes Abitur, Fachhochschulabschluss oder Abschluss als Informationstechnischer Assistent
Interesse an Datenverarbeitung und Informatik
Ausgeprägte Leistungen in den MINT-Fächern
Gute Deutsch- und Englisch-Kenntnisse
Ausgeprägte Neigung zu analytischem/systematischen Denken
Hohe Eigenmotivation und Belastbarkeit
Überdurchschnittliches Engagement und Zuverlässigkeit

Deine Benefits:
Studienbeginn: res zum Wintersemes Bewerbungsfrist bei A. u. K. Müller ster (für IHK Ausbildungsvertrag): i. d. R. bis zum 15.06. eines Ja Einschreibfrist an der FH Dortmund ahres (Ausbildungsvertrag notwe : ndig) i. d. R. ab Mitte Mai bis zum 15.07. eines Jahres
1. bis 6. Semester:
IHK Berufsausbildung zum Fachinformatiker Anwendungsentwicklung (m/w/d)
mind. 2 Tage/Woche praktische Ausbildung im Unternehmen
max. 3 Tage/Woche Studium an der FH Dortmund
Staatlich anerkannte IHK Ausbildung und Hochschulstudium in einem
Erfahrene Ausbilder unterstützen dich individuell wärend der gesamten Zeit
Vergütung in der Ausbildungszeit: gem. den Tarifen der Metall- und Elektroindustrie, im Vollzeitstudium gem. individueller Vereinbarung
Übernahme von Studiengebühren der FH Dortmund durch A. u. K. Müller
Wir leben ausgezeichnete Qualität und besten Service und kommunizieren auf Augenhöhe. Das heißt für Dich: Wir fördern dich und fordern dich, denn wir wollen gemeinsam wachsen.
Eine gute Verkehrsanbindung - auch an den ÖPNV - und kostenfreie Parkmöglichkeiten im nahen Umfeld ermöglichen Ihnen eine ideale Erreichbarkeit
Wir bieten Mittagsmenüs in eigener Kantine mit Lounge-Terrasse","Das bringst du mit:
Ausbildungs- und Studienverlauf
Studiengang: Informatik Dual Bachelor of Science (B.Sc.) Gesamte Ausbildungsdauer: ) 4,5 Jahre (9 Semester Ausbildungsbeginn: r) i. d. R. zum 01.09. eines Jahr
Gutes Abitur, Fachhochschulabschluss oder Abschluss als Informationstechnischer Assistent
Interesse an Datenverarbeitung und Informatik
Ausgeprägte Leistungen in den MINT-Fächern
Gute Deutsch- und Englisch-Kenntnisse
Ausgeprägte Neigung zu analytischem/systematischen Denken
Hohe Eigenmotivation und Belastbarkeit
Überdurchschnittliches Engagement und Zuverlässigkeit",2026-06-12T20:43:59.168744+00:00
