id_referensi,kategori,nama_perusahaan,kota,alamat,jenis_ausbildung,spesialisasi,tahun_mulai,bulan_mulai,gaji,skor_kelengkapan,tipe_website,email_bewerbung,link_bewerbung,cara_apply,kontak_hr,link_arbeitsagentur,ringkasan,butuh_manual,status_lamaran,prioritas,deskripsi,persyaratan,tanggal_scrape
10000-1206419656-S,fachinformatiker_ae,bplan solutions GmbH & Co. KG,Köln,"Max-Reichpietsch-Strasse 22, 51147 Köln",Ausbildung | Fachinformatiker/in - Anwendungsentwicklung,ae,,,,87,ba_portal,kai-uwe.marx@bplan-solutions.de,https://www.arbeitsagentur.de/jobsuche/jobdetail/10000-1206419656-S,email,,https://www.arbeitsagentur.de/jobsuche/jobdetail/10000-1206419656-S,bplan solutions GmbH & Co. KG | Ausbildung | Fachinformatiker/in - Anwendungsentwicklung | Köln,tidak,belum,tinggi,"Die bplan-solutions GmbH ist ein junges und aufstrebendes Unternehmen im Umfeld individueller IT Anwendungsentwicklung für Unternehmen und Behörden. Wir bieten europaweit Softwarelösungen in den Bereichen Besuchermanagement, sicherer Zugang zu IT-Netzwerken und Single-Sign-On (SSO), Online-Shops für eCommerce und die Entwicklung digitaler Wallets.

Zur Verstärkung unseres Teams bieten wir für das neue Ausbildungsjahr die

**Ausbildung zum/zur Fachinformatiker/in für Anwendungsentwicklung (m/w/d)&#160;**

In deiner dreijährigen Ausbildung lernst du, wie moderne Softwareentwicklung in der Praxis funktioniert. Du arbeitest von Beginn an aktiv in unserem Entwicklungsteam mit und sammelst echte Projekterfahrung. Parallel dazu vertiefst du dein Wissen in der Berufsschule.

**Im Laufe deiner Ausbildung wirst du:**

- Softwareanwendungen planen, entwickeln und testen
- Datenbanken entwerfen und pflegen
- Bestehenden Code analysieren, optimieren und dokumentieren
- Dich mit modernen Entwicklungsumgebungen und Versionskontrolle (z. B. Git) vertraut machen
- Im Team an realen Kundenprojekten mitwirken
- Einblicke in agile Arbeitsmethoden wie Scrum oder Kanban gewinnen

**Das bringst du mit**

- Mittlere Reife oder (Fach-)Abitur, idealerweise mit guten Noten in Mathematik und Informatik
- Begeisterung für Technik, Programmierung und digitale Themen
- Logisches Denkvermögen und eine strukturierte Arbeitsweise
- Teamgeist und Kommunikationsfreude
- Erste Erfahrungen mit dem Programmieren sind ein Plus, aber kein Muss

**Das bieten wir dir**

- Persönliche Betreuung durch erfahrene Ausbilder/innen
- Moderne Arbeitsausstattung – Laptop, Tools und Entwicklungsumgebungen auf aktuellem Stand
- Übernahme von Lehrmitteln und Prüfungsgebühren
- Attraktive Ausbildungsvergütung:
- Flexible Arbeitszeiten und Homeoffice-Möglichkeiten
- Regelmäßige Team-Events und ein offenes Betriebsklima
- Sehr gute Übernahmechancen nach erfolgreichem Abschluss

Ein guter Start in die Berufswelt ist von besonderer Bedeutung. Die bplan-solutions unterstützt Dich bei deiner persönlichen Entwicklung in einem abwechslungsreichen Umfeld. Wir nehmen unsere Rolle als Ausbildungsbetrieb sehr ernst. Bei uns erhältst Du eine fundierte und praxisorientierte Ausbildung, eine attraktive Perspektive in einem aussichtsreichen Berufsfeld und eines sicher nicht: Einen langweiligen Routinejob.

Haben wir Dein Interesse geweckt oder hast Du Fragen?

Deine Bewerbung schickst Du bitte per E-Mail an
kai-uwe.marx@bplan-solutions.de. Wir freuen uns auf Dich.","**Das bringst du mit**
- Mittlere Reife oder (Fach-)Abitur, idealerweise mit guten Noten in Mathematik und Informatik
- Begeisterung für Technik, Programmierung und digitale Themen
- Logisches Denkvermögen und eine strukturierte Arbeitsweise
- Teamgeist und Kommunikationsfreude
- Erste Erfahrungen mit dem Programmieren sind ein Plus, aber kein Muss
Mittlere Reife / Realschulabschluss",2026-06-11T09:10:55.124826+00:00
13649-11385269AZ-S,fachinformatiker_ae_2026,INFODAS GmbH,Köln,50765 Köln,Ausbildung | Fachinformatiker/in - Anwendungsentwicklung,ae,2026,8,,87,partner_portal,,https://www.azubi.de/ausbildungsplatz/11385269?utm_campaign=job&utm_medium=premiumcpc&utm_source=BAG&utm_content=job,portal,"* Du wirst zum ersten Ansprechpartner, wenn es um die IT geht - Du bist immer schnell zur Stelle und hast eine Lösung parat.
* Du eignest Dir IT-Kenntnisse an, um Hard- und Softwarekomponenten zu konfigurieren und in unsere Systeme zu integrieren.
* Du richtest Rechnerarbeitsplätze für Mitarbeitende ein und unterstützt bei der Einführung neuer Systeme.",https://www.arbeitsagentur.de/jobsuche/jobdetail/13649-11385269AZ-S,INFODAS GmbH | Ausbildung | Fachinformatiker/in - Anwendungsentwicklung | Köln,tidak,belum,sedang,"Wir suchen Dich

""Wir bilden aus""

Ausbildungsstart: 01.08.2026

Wir freuen uns auf Deine Bewerbung inklusive Anschreiben, Lebenslauf und Schulzeugnissen.

 

Die infodas, ein Airbus Tochterunternehmen spezialisiert auf Cyber und IT, zählt zu den führenden Unternehmen für Informationssicherheit, Datenschutz und Hochsicherheitsprodukte. Wir greifen auf jahrzehntelange Erfahrung zurück und sind vertrauensvoller Partner von zahlreichen nationalen sowie internationalen Unternehmen und Institutionen. Wir bilden gezielt für unseren eigenen Bedarf aus und die Übernahmechancen bei uns sind vielfältig.


In der internal IT arbeitest Du als interner Dienstleister an einer modernen IT-Infrastruktur. Die internal IT entwickelt und betreut IT-Lösungen. Mit Deinem Team sorgst Du für einen reibungslosen Ablauf im gesamten Unternehmen.

Dein Profil

* Du hast eine allgemeine Hochschulreife oder Fachhochschulreife mit guten Noten.
* Du tüftelst gerne an IT-technischen Anwendungen und lässt Dich nicht unterkriegen, wenn einmal nicht alles auf Anhieb funktioniert.
* Die Arbeit mit Computern, Servern, Betriebssystemen und Anwendungssoftware begeistert Dich.
* Du bist ein Teamplayer und gehst offen auf andere zu.
* Bei Problemen mit ihrem PC oder einer Office-Anwendung wenden sich Freunde und Familie immer direkt an Dich.



Benefits

* Einen sehr attraktiven, modernen Ausbildungsplatz mit anspruchsvollen Inhalten
* Modernste IT-Infrastrukturen (Server, Netzwerke, Sicherheitstechnologien)
* Ein und dynamisches Team
* Gleitzeitkonto
* 30 Tage Urlaub
* Zusätzlich frei an Brückentagen sowie zwischen Weihnachten und Neujahr
* Eine marktgerechte Ausbildungsvergütung - Vergütung je nach Ausbildungsjahr zwischen 1.000-1.200 €
* Vermögenswirksame Leistungen
* ÖPNV-Ticket für Azubis
* Alle Standorte mit guter Verkehrsanbindung
* Mitarbeiterrabatte
* Guten Kaffee, Wasser, Tee, Softdrinks sowie Obstkorb zur freien Verfügung
* Und vieles mehr…



Deine Aufgaben

* Du wirst zum ersten Ansprechpartner, wenn es um die IT geht - Du bist immer schnell zur Stelle und hast eine Lösung parat.
* Du eignest Dir IT-Kenntnisse an, um Hard- und Softwarekomponenten zu konfigurieren und in unsere Systeme zu integrieren.
* Du richtest Rechnerarbeitsplätze für Mitarbeitende ein und unterstützt bei der Einführung neuer Systeme.
* Du erstellst Netzwerkbeschreibungen, Arbeitsanweisungen und IT-Dokumentationen.
* Zusammen mit Deinem Team arbeitest Du an spannenden IT-Projekten.","Dein Profil
* Du hast eine allgemeine Hochschulreife oder Fachhochschulreife mit guten Noten.
* Du tüftelst gerne an IT-technischen Anwendungen und lässt Dich nicht unterkriegen, wenn einmal nicht alles auf Anhieb funktioniert.
* Die Arbeit mit Computern, Servern, Betriebssystemen und Anwendungssoftware begeistert Dich.
* Du bist ein Teamplayer und gehst offen auf andere zu.
* Bei Problemen mit ihrem PC oder einer Office-Anwendung wenden sich Freunde und Familie immer direkt an Dich.",2026-06-11T08:14:02.315039+00:00
10001-1002046214-S,fachinformatiker_ae_2026,imbus Rheinland GmbH,Köln,"Maternusstr. 44, 50996 Köln",Ausbildung | Fachinformatiker/in - Anwendungsentwicklung,ae,2026,,,80,ba_portal,,https://www.arbeitsagentur.de/jobsuche/jobdetail/10001-1002046214-S,ba_portal,,https://www.arbeitsagentur.de/jobsuche/jobdetail/10001-1002046214-S,imbus Rheinland GmbH | Ausbildung | Fachinformatiker/in - Anwendungsentwicklung | Köln,ya,belum,rendah,"Coole Software zu entwickeln macht echt Laune. Nur was passiert eigentlich, wenn bei der Entwicklung Fehler gemacht werden? Bei einer Spiele-App wäre das zwar ärgerlich, verursacht jedoch noch keinen größeren Schaden. Aber bei der Software in einem Flugzeug oder beim smarten Kühlschrank, der Nachschub selbst bestellt? Genau das ist unser Job: Wir prüfen die Qualität von Software und finden mögliche Fehler.

Als Fachinformatiker für Anwendungsentwicklung (m/w/d) konzipierst und programmierst du Software nach Kundenwünschen und testest Anwendungen auf Schwachstellen. Das können zum Beispiel Smart TVs, medizinische Geräte oder Apps sein – Software gibt es überall.

Komm zu imbus und bewirb dich für eine Ausbildung zum Fachinformatiker für Anwendungsentwicklung (m/w/d) an unserem Standort in Köln ab dem 01. August 2026.

### Das erwartet dich

- Die Grundwerkzeuge der Informatik sind verschiedene Programmiersprachen. Den Anfang deiner Ausbildung machen das Erlernen und Einsetzen von Programmiersprachen, wie Python und C#. Später kommen noch Tools für die Webentwicklung wie HTML, CSS, JavaScript und PHP dazu.
- Zur Informatik gehört mehr als das bloße Programmieren. Du lernst, wie du von der Idee zur fertigen Software kommst. Und wie du diese auf jegliche Schwachstellen testest. Natürlich beginnen wir einfach und werden mit der Zeit immer komplexer.
- Nach Beendigung deiner Ausbildung bist du nicht nur Fachinformatiker:in, sondern hast durch Schulungen in unserer Akademie viele relevante Zertifikate, wie den ISTQB® Certified Tester und Agile Tester, erworben.
- Um deine Ausbildung praxisnah zu gestalten, wirst du in kürzester Zeit in echten Kundenprojekten mitarbeiten. Selbstverständlich lassen wir dich dabei nicht allein, sondern unterstützen dich beim Einstieg ins spätere Berufsleben.
- Die Berufsschule in Köln besuchst du im Teilzeitunterricht an ein bis zwei Tagen pro Woche. Für die Fahrten dorthin übernehmen wir die Kosten des Deutschlandtickets für dich.

### Das bringst du mit

- Hast du Interesse am Umgang mit Soft- und Hardware und möchtest hinter die IT-Kulissen schauen? Bist du zusätzlich neugierig auf neue Technologien und Methoden? Super!
- Deine Stärken liegen im naturwissenschaftlichen Bereich und du hast ein gutes technisches sowie mathematisches Verständnis.
- Für uns zählt das Miteinander und wir unterstützen uns gegenseitig. Damit das funktioniert, suchen wir Teamplayer, die nicht davor zurückscheuen, neue Wege mit uns zu gehen.
- Kannst du dich gut organisieren und strukturiert arbeiten? Hast du außerdem Lust darauf, ständig Neues zu lernen? Dann passt du perfekt zu uns!
- Du sprichst fließend Deutsch (europäische Kompetenzstufe C2) und konntest dir bereits gute Englischkenntnisse (europäische Kompetenzstufe B2) aneignen.

### Wir bieten mehr

- **Flache Hierarchien und Du-Kultur:** Vom Vorstand bis zum Azubi, bei imbus steht das herzliche Miteinander und das Du im Vordergrund.
- **Individuelle Betreuung:** Durch fachbezogene Ausbilder:innen steht eine individuelle und intensive Betreuung im Fokus.
- **Learning on the Job:** Durch die Simulation von realen Kundenprojekten können sich unsere Auszubildenden auf die spätere Tätigkeit vorbereiten und wichtige Erfahrungen sammeln.
- **Veranstaltungen:** Bei Firmenveranstaltungen, Sommerfesten, Weihnachtsfeiern oder dem Seminarwochenende kommen unsere Mitarbeitenden zusammen, feiern gemeinsam Erfolge und lernen sich auch standortübergreifend kennen.","### Das bringst du mit
- Hast du Interesse am Umgang mit Soft- und Hardware und möchtest hinter die IT-Kulissen schauen? Bist du zusätzlich neugierig auf neue Technologien und Methoden? Super!
- Deine Stärken liegen im naturwissenschaftlichen Bereich und du hast ein gutes technisches sowie mathematisches Verständnis.
- Für uns zählt das Miteinander und wir unterstützen uns gegenseitig. Damit das funktioniert, suchen wir Teamplayer, die nicht davor zurückscheuen, neue Wege mit uns zu gehen.
- Kannst du dich gut organisieren und strukturiert arbeiten? Hast du außerdem Lust darauf, ständig Neues zu lernen? Dann passt du perfekt zu uns!
- Du sprichst fließend Deutsch (europäische Kompetenzstufe C2) und konntest dir bereits gute Englischkenntnisse (europäische Kompetenzstufe B2) aneignen.
Mittlere Reife / Realschulabschluss",2026-06-11T08:13:26.073624+00:00
10000-1205253916-S,fachinformatiker_ae_2026,Webpages Klein GmbH & Co. KG,Köln,"Im Mediapark 5d, 50670 Köln",Ausbildung | Fachinformatiker/in - Anwendungsentwicklung,ae,2026,8,,80,ba_portal,info@webpages.de,https://www.arbeitsagentur.de/jobsuche/jobdetail/10000-1205253916-S,email,,https://www.arbeitsagentur.de/jobsuche/jobdetail/10000-1205253916-S,Webpages Klein GmbH & Co. KG | Ausbildung | Fachinformatiker/in - Anwendungsentwicklung | Köln,tidak,belum,tinggi,"Wir konzipieren, gestalten und programmieren. Wir beraten unsere Kunden von der ersten Idee bis zur fertigen Web-/App-Anwendung. Unsere Projekte realisieren wir optimal nach den Bedürfnissen unserer Kunden.

Deine Ausbildung bei uns:

Bei uns hast Du die Möglichkeit praxisbezogen zu lernen. Du wirst in unsere abwechslungsreichen Internet- und App-Projekte aktiv mit eingebunden. Du unterstützt uns bei der grafischen Gestaltung, Konzeption und Entwicklung von Webseiten mit kreativen Ideen und einem ausgeprägten Umsetzungsvermögen. Um unser wohnliches Büro in attraktiver Innenstadtlage erreichen zu können, bekommst du von uns ein Monats-Ticket für Azubis.

Außerdem lernst Du unser openDeviceLab mit seinen umfangreichen Testmöglichkeiten kennen. Hier überprüfen auch externe Entwickler die Funktionalität und das grafische Erscheinungsbild einer Anwendung auf allen gängigen Geräten (Smartphones, Tablets, Konsolen etc.).

Was Du mitbringst:

- Du bist ambitioniert und anspruchsvoll
- Du hast grundlegende Programmiererfahrung
- Du hast Interesse an der Erarbeitung von komplexen Softwarelösungen für Kunden
- Du hast  Kenntnisse in HTML/CSS & Responsive Design

Ausbildungsbeginn ist ab dem 01.08.2026 möglich.

Wir freuen uns über Deine vollständige Bewerbung mit Lebenslauf, die Du am besten per Email an info@webpages.de sendest.",Abitur / Allgemeine Hochschulreife,2026-06-11T08:13:27.745935+00:00
AZDE-10555574,azubi_de_fi,AXA Konzern AG,Köln,Colonia-Allee 10-20 51067 Köln,Ausbildung | zum Fachinformatiker Anwendungsentwicklung im SAP Umfeld 2026 (m/w/d) (Köln),ae,2026,9,"1. Jahr: 1.355€
2. Jahr: 1.432€
3. Jahr: 1.520€
1. Jahr: 1.355€
2. Jahr: 1.432€
3. Jahr: 1.520€
1. Jahr: 1.355€
2. Jahr: 1.432€
3. Jahr: 1.520€
1. Jahr: 1.355€
2. Jahr: 1.432€
3. Jahr: 1.520€",73,empty,,https://www.azubi.de/ausbildungsplatz/10555574-s-ausbildung-zum-fachinformatiker-anwendungsentwicklung-im-sap-umfeld-2026-m-w-d-koeln/apply,portal,"- Kontaktfreudigkeit und Teamfähigkeit
- Lernbereitschaft, Ehrgeiz und Neugier
- Erste Informatikkenntnisse und Begeisterung für IT-Themen
- Logisches Denkvermögen, schnelle Auffassungsgabe
- Gute Englischkenntnisse
Deine Ansprechpartner:innen freuen sich auf deine Bewerbung!
Sandra Schmidt
Aus datenschutzrechtlichen Gründen nehmen wir ausschließlich Online-Bewerbungen über unser Bewerbungsportal an. Hier gehts zum Bewerbungsportal.
Weitere Informationen zur Karriere bei AXA findest du unter: www.AXA.de/karriere
Aufgaben",,AXA Konzern AG | Ausbildung | zum Fachinformatiker Anwendungsentwicklung im SAP Umfeld 2026 (m/w/d) (Köln) | Köln,tidak,belum,sedang,"Ausbildung zum Fachinformatiker Anwendungsentwicklung im SAP Umfeld 2026 (m/w/d) (Köln)

Das erwartet dich
- Beginn: Zum 01.09.2026 – gemeinsam mit vielen anderen engagierten Auszubildenden
- Dauer: 3 Jahre umfassende Ausbildung in einem Top-Ausbildungsunternehmen
- Standort: Du bist Teil unseres Teams und arbeitest in top modernen Büros – Wohlfühlatmosphäre vom ersten Tag an garantiert
- Ausbildungsschwerpunkt: Ob ABAP-Entwickler, Systembetreuer oder SAP Anforderungsmanager – bei uns gibt es vielfältige Einsatzbereichen, wo dein Fokus liegen wird, besprechen wir zusammen im Vorstellungsgespräch
- Aufgaben:
- Aktives Mitwirken im Team, um die AXA beim Prozess der Digitalisierung voranzubringen
- Programmieren in ABAP – die SAP-Programmiersprache von Grund auf verstehen und beherrschen
- Einsatz in der Pflege und Weiterentwicklung von SAP-IT Systemen
- Agiles Arbeiten mit Methoden wie Scrum oder Kanban in Projekten umsetzen
- Testen und Qualitätssicherung, damit alles stabil und zuverlässig läuft

Einleitung
Du hast die Schule gerade hinter dir und möchtest ins Berufsleben durchstarten? Mit einer Ausbildung bei AXA legst du den Grundstein für eine vielversprechende Karriere – abwechslungsreich, zukunftssicher und voller Chancen!
Das bringst du mit
- Volljährigkeit zum Ausbildungsbeginn
- Abitur, Fachhochschulreife oder Studienabbruch

Das bieten wir dir
- Attraktives Gehalt: 1. Jahr: 1.355€, 2. Jahr: 1.432€, 3. Jahr 1.520€ & zusätzlich Bonus, Urlaubs- & Weihnachtsgeld
- Urlaub: 30 Tage Urlaub plus Heiligabend & Silvester frei
- Flexible Arbeitszeiten: Eine 38-Stunden-Woche mit Möglichkeit auf Home-Office
- Übernahmegarantie: Bei guten Leistungen und Engagement übernehmen wir dich nach der Ausbildung
- Persönliche Weiterentwicklung:
- Begleitung durch erfahrene Ausbildungsleitungen
- Teilnahme an Seminaren, Workshops und Schulungen
- Weitere Vorteile:
- Shopping-Vorteile und vergünstigte Fitnessangebote
- Unterstützung beim Karriereeinstieg und zahlreiche Netzwerkmöglichkeiten
- Engagement für soziale Verantwortung und Nachhaltigkeit
- Betriebsrestaurant & eigene Barista-Bar
- Ausgezeichnetes Seminarkonzept – von Persönlichkeitsentwicklung bis Fachschulungen","Einleitung
Du hast die Schule gerade hinter dir und möchtest ins Berufsleben durchstarten? Mit einer Ausbildung bei AXA legst du den Grundstein für eine vielversprechende Karriere – abwechslungsreich, zukunftssicher und voller Chancen!
Das bringst du mit
- Volljährigkeit zum Ausbildungsbeginn
- Abitur, Fachhochschulreife oder Studienabbruch",2026-06-13T10:34:26.817447+00:00
AZDE-10563581,azubi_de_fi,AXA Konzern AG,Köln,Colonia-Allee 10-20 51067 Köln,Ausbildung | Fachinformatiker Anwendungsentwicklung Cobol/JAVA Umfeld (m/w/d) Köln,ae,2026,9,"1. Jahr: 1.355€
2. Jahr: 1.432€
3. Jahr: 1.520€
1. Jahr: 1.355€
2. Jahr: 1.432€
3. Jahr: 1.520€
1. Jahr: 1.355€
2. Jahr: 1.432€
3. Jahr: 1.520€
1. Jahr: 1.355€
2. Jahr: 1.432€
3. Jahr: 1.520€",73,empty,,https://www.azubi.de/ausbildungsplatz/10563581-s-fachinformatiker-anwendungsentwicklung-cobol-java-umfeld-m-w-d-koeln/apply,portal,"- Freude am Kontakt mit Menschen
- Teamfähigkeit und Zuverlässigkeit
- Neugierde und Lernbereitschaft
- Durchhaltevermögen
Deine Ansprechpartner:innen freuen sich auf deine Bewerbung!
Sandra Schmidt
Aus datenschutzrechtlichen Gründen nehmen wir ausschließlich Online-Bewerbungen über unser Bewerbungsportal an. Hier gehts zum Bewerbungsportal.
Weitere Informationen zur Karriere bei AXA findest du unter: www.AXA.de/karriere
Aufgaben",,AXA Konzern AG | Ausbildung | Fachinformatiker Anwendungsentwicklung Cobol/JAVA Umfeld (m/w/d) Köln | Köln,tidak,belum,sedang,"Fachinformatiker Anwendungsentwicklung Cobol/JAVA Umfeld (m/w/d) Köln

Das erwartet dich
- Beginn: Zum 01.09.2026 – gemeinsam mit vielen anderen engagierten Auszubildenden
- Dauer: 3 Jahre umfassende Ausbildung in einem Top-Ausbildungsunternehmen
- Standort: Du bist Teil unseres Teams und arbeitest in top modernen Büros – Wohlfühlatmosphäre vom ersten Tag an garantiert
- Ausbildungsschwerpunkt: Als Cobol-/JAVA-Entwickler in unserem Tribe für die Zentralsysteme liegt Dein Fokus auf der Betreuung und Weiterentwicklung unserer Partner-Anwendung. Die Details besprechen wir gerne mit Dir im Vorstellungsgespräch
- Aufgaben:
- Praktische Ausbildung in der modernen und anspruchsvollen IT-Landschaft der übergreifenden Zentralsysteme mit Schwerpunkt Cobol-Entwicklung auf dem Mainframe
- Von Anfang an aktives Mitwirken in agilen Teams, um die AXA beim Prozess der Digitalisierung voranzubringen
- Durch die Mitarbeit in cross-funktionalen, agilen Entwicklungsteams Erlangen von Kenntnissen und Fähigkeiten, z.B. in den folgenden Themen: Agile Methoden und Arbeitsweisen (Scrum, Kanban), Projektarbeit, Anforderungsanalyse, Pflege und Weiterentwicklung von IT-Systemen, Test-/Qualitätsmanagement, Cloud-Entwicklung, Erlernen von Programmiersprachen (insbesondere Cobol und Java), Kommunikation und Präsentation

Einleitung
Du hast die Schule gerade hinter dir und möchtest ins Berufsleben durchstarten? Mit einer Ausbildung bei AXA legst du den Grundstein für eine vielversprechende Karriere – abwechslungsreich, zukunftssicher und voller Chancen!
Das bringst du mit
- Fachhochschulreife oder Allgemeine Hochschulreife mit gutemNotendurchschnitt
- Erste Informatikkenntnisse und Begeisterung für IT-Themen
- Logisches Denkvermögen, schnelle Auffassungsgabe
- Gute Englischkenntnisse
- Überdurchschnittliche Einsatzbereitschaft und Motivation

Das bieten wir dir
- Attraktives Gehalt: 1. Jahr: 1.355€, 2. Jahr: 1.432€, 3. Jahr 1.520€ & zusätzlich Bonus, Urlaubs- & Weihnachtsgeld
- Urlaub: 30 Tage Urlaub plus Heiligabend & Silvester frei
- Flexible Arbeitszeiten: Eine 38-Stunden-Woche mit Möglichkeit auf Home-Office
- Übernahmegarantie: Bei guten Leistungen und Engagement übernehmen wir dich nach der Ausbildung
- Persönliche Weiterentwicklung:
- Begleitung durch erfahrene Ausbildungsleitungen
- Teilnahme an Seminaren, Workshops und Schulungen
- Weitere Vorteile:
- Shopping-Vorteile und vergünstigte Fitnessangebote
- Unterstützung beim Karriereeinstieg und zahlreiche Netzwerkmöglichkeiten
- Engagement für soziale Verantwortung und Nachhaltigkeit
- Betriebsrestaurant & eigene Barista-Bar
- Ausgezeichnetes Seminarkonzept – von Persönlichkeitsentwicklung bis Fachschulungen
- Azubi- & Teamevents, z. B. eigenes AXA Fußballturnier","Einleitung
Du hast die Schule gerade hinter dir und möchtest ins Berufsleben durchstarten? Mit einer Ausbildung bei AXA legst du den Grundstein für eine vielversprechende Karriere – abwechslungsreich, zukunftssicher und voller Chancen!
Das bringst du mit
- Fachhochschulreife oder Allgemeine Hochschulreife mit gutemNotendurchschnitt
- Erste Informatikkenntnisse und Begeisterung für IT-Themen
- Logisches Denkvermögen, schnelle Auffassungsgabe
- Gute Englischkenntnisse
- Überdurchschnittliche Einsatzbereitschaft und Motivation",2026-06-13T10:34:28.593379+00:00
STEP-14127025,stepstone_de_ae,empower GmbH,Köln,Im Mediapark 8 50670 Köln,Ausbildung | Software Engineer AI Solutions (.NET/Web) (m/w/d),ae,,,,73,empty,,https://twitter.com/stepstone_de,portal,"Kontakt
Ines Baur
ines.baur@empowersuite.com",,empower GmbH | Ausbildung | Software Engineer AI Solutions (.NET/Web) (m/w/d) | Köln,tidak,belum,sedang,"Software Engineer AI Solutions (.NET/Web) (m/w/d)

Deine Aufgaben
Du entwickelst innovative Produktpiloten auf Basis von .NET, Web-Technologien und moderner AI Du baust Prototypen und MVPs, die schnell echten Mehrwert zeigen. Du validierst Ideen durch funktionierende Lösungen statt durch lange Spezifikationen Du experimentierst mit neuen AI-Technologien und bewertest deren Potenzial für unsere Produkte Du bringst erfolgreiche Prototypen in unsere Produktlandschaft ein Du arbeitest eng mit Product Management, erfahrenen Softwarearchitekten und Security-Spezialisten zusammen Du betreust deine Lösungen auch nach dem Go-live gemeinsam mit unseren Entwicklungsteams Du bringst neue Tools, Methoden und Best Practices ins Unternehmen

Dein Profil
Du hast ein abgeschlossenes Studium der Informatik, Wirtschaftsinformatik oder eines vergleichbaren Studiengangs oder eine Ausbildung zum Fachinformatiker für Anwendungsentwicklung (m/w/d) erfolgreich abgeschlossen. Du verfügst über sehr gute Kenntnisse in .NET und hast Erfahrung in der Entwicklung moderner Webanwendungen. Du hast bereits praktische Erfahrungen mit AI-gestützten Anwendungen und beschäftigst dich intensiv mit Generative AI. Du kennst dich aus mit der Integration von LLMs und modernen AI-Patterns wie RAG, MCP und Agentic Loops. Du verstehst die Chancen und Grenzen generativer AI und kannst diese sinnvoll in Produkte übersetzen. Du arbeitest selbstständig und übernimmst Verantwortung für deine Themen. Du bist neugierig, lernst schnell und arbeitest dich gerne in neue Technologien ein. Du bringst Ideen voran und kannst Projekte auch über längere Strecken eigenständig treiben. Du arbeitest gerne im Team und suchst aktiv den fachlichen Austausch. Du verfügst über verhandlungssichere Deutsch- und Englischkenntnisse in Wort und Schrift.

Was wir bieten","Dein Profil
Du hast ein abgeschlossenes Studium der Informatik, Wirtschaftsinformatik oder eines vergleichbaren Studiengangs oder eine Ausbildung zum Fachinformatiker für Anwendungsentwicklung (m/w/d) erfolgreich abgeschlossen. Du verfügst über sehr gute Kenntnisse in .NET und hast Erfahrung in der Entwicklung moderner Webanwendungen. Du hast bereits praktische Erfahrungen mit AI-gestützten Anwendungen und beschäftigst dich intensiv mit Generative AI. Du kennst dich aus mit der Integration von LLMs und modernen AI-Patterns wie RAG, MCP und Agentic Loops. Du verstehst die Chancen und Grenzen generativer AI und kannst diese sinnvoll in Produkte übersetzen. Du arbeitest selbstständig und übernimmst Verantwortung für deine Themen. Du bist neugierig, lernst schnell und arbeitest dich gerne in neue Technologien ein. Du bringst Ideen voran und kannst Projekte auch über längere Strecken eigenständig treiben. Du arbeitest gerne im Team und suchst aktiv den fachlichen Austausch. Du verfügst über verhandlungssichere Deutsch- und Englischkenntnisse in Wort und Schrift.",2026-06-12T21:02:28.527702+00:00
INDEED-e7674a0fbe408223,indeed_de_ae,GUS Holding GmbH,Köln,Köln NW,Ausbildung | zum Fachinformatiker für Anwendungsentwicklung (m/w/d),ae,,,Berufsausbildung,73,empty,bewerbungen@gus-group.com,https://www.hiringlab.org/de/,email,"Ansprechpartnerin
Eva Schlichting
HR Business Partner
bewerbungen@gus-group.com
Weitere Informationen zu uns findest du unter https://www.gus-group.com",,GUS Holding GmbH | Ausbildung | zum Fachinformatiker für Anwendungsentwicklung (m/w/d) | Köln,tidak,belum,tinggi,"Ausbildung zum Fachinformatiker für Anwendungsentwicklung (m/w/d)

Deine Aufgaben:
Abwechslung & Gestaltungsspielraum: Ein spannendes, vielseitiges Aufgabenspektrum mit viel Gestaltungsspielraum in einem dynamischen Umfeld, in dem du Prozesse und Lösungen aktiv mitgestaltest

Wie entstehen Softwarelösungen – von der ersten Idee über die Planung und das Programmieren bis hin zum abschließenden Test? Wie lassen sich Anforderungen kundenorientiert erfassen, strukturieren und zuverlässig in funktionierende Anwendungen überführen? Genau diese Kompetenzen erwirbst du in der Ausbildung zum Fachinformatiker für Anwendungsentwicklung (m/w/d).
Das bringst du mit:
Einen guten Schulabschluss (Fachhochschulreife oder Abitur)
Freude an neuen Technologien und an Informatik
Kenntnisse in mindestens in einer Programmiersprache (z.B. Java, C++, C#) sowie in MySQL oder anderen Datenbanken
Hohe Lernbereitschaft und ein analytisches Denkvermögen
Teamgeist ebenso wie Spaß am selbstständigen Arbeiten
Engagement und ein hohes Maß an Zuverlässigkeit

Darauf kannst du dich freuen:
Kultur: Offene Kommunikation, Duz-Kultur und flache Hierarchien
Teamwork: Ein engagiertes Team und Zusammenarbeit auf Augenhöhe – mit engem Austausch und gegenseitiger Unterstützung
Entwicklung: Weiterbildungs- und Entwicklungsmöglichkeiten, individuell und passend zu deiner Rolle und Erfahrung
Einstieg: Strukturierte, umfassende Einarbeitung – begleitet von erfahrenen Kolleginnen und Kollegen
Benefits: Urban Sports Club, JobRad, Corporate Benefits, Sprachkurse (Babbel), 30 Tage Urlaub, flexible Arbeitszeiten, hybrides Arbeiten (Büro & mobil) und vieles mehr!
Neugierig geworden? Dann bewirb dich jetzt – wir freuen uns darauf, dich kennenzulernen!
Studienabbrecher*innen? Kein Problem – wir schätzen neue Perspektiven mit klaren Zielen. Wir freuen uns auf deine Bewerbung!","Wie entstehen Softwarelösungen – von der ersten Idee über die Planung und das Programmieren bis hin zum abschließenden Test? Wie lassen sich Anforderungen kundenorientiert erfassen, strukturieren und zuverlässig in funktionierende Anwendungen überführen? Genau diese Kompetenzen erwirbst du in der Ausbildung zum Fachinformatiker für Anwendungsentwicklung (m/w/d).
Das bringst du mit:
Einen guten Schulabschluss (Fachhochschulreife oder Abitur)
Freude an neuen Technologien und an Informatik
Kenntnisse in mindestens in einer Programmiersprache (z.B. Java, C++, C#) sowie in MySQL oder anderen Datenbanken
Hohe Lernbereitschaft und ein analytisches Denkvermögen
Teamgeist ebenso wie Spaß am selbstständigen Arbeiten
Engagement und ein hohes Maß an Zuverlässigkeit",2026-06-13T10:51:08.479046+00:00
10000-1203535045-S,fachinformatiker_ae_2026,Hottgenroth Software AG,Köln,"Von-Hünefeld-Str. 3, 50829 Köln",Ausbildung | Fachinformatiker/in - Anwendungsentwicklung,ae,2026,8,,73,ba_portal,,https://www.arbeitsagentur.de/jobsuche/jobdetail/10000-1203535045-S,ba_portal,007/2008,https://www.arbeitsagentur.de/jobsuche/jobdetail/10000-1203535045-S,Hottgenroth Software AG | Ausbildung | Fachinformatiker/in - Anwendungsentwicklung | Köln,ya,belum,rendah,"Um den Ansprüchen in einem ständig wachsenden Markt zukünftig gerecht zu werden, suchen wir qualifizierten Nachwuchs - junge Leute, die sich engagieren und ihre berufliche Chance nutzen wollen.
Die Bundesagentur für Arbeit zeichnete unser Unternehmen für das herausragende Engagement in der Ausbildung aus und verlieh uns das offizielle Zertifikat für Nachwuchsförderung 2007/2008.
Sind sie von Ihrem PC nicht mehr wegzubringen? Sind Ihre Schwerpunkte Mathematik oder Informatik? Dann haben wir auch für Sie den richtigen Ausbildungsberuf.

Wir suchen zum 01.08.2026 einen Auszubildenden (w/m/d) zum/zur Fachinformatiker/in - Anwendungsentwicklung.
Fachinformatiker/innen der Fachrichtung Anwendungsentwicklung realisieren Softwareprojekte nach Kundenwunsch. Hierfür analysieren sie IT-Systeme und planen diese. Daneben schulen sie Benutzer.

Anforderungen:

- Fachhochschulreife
- Guten Notendurchschnitt, besonders in Mathematik und Naturwissenschaften

Auch Studienabbrecher sind bei uns willkommen. Als wachsendes Unternehmen haben wir eine Übernahmequote nach bestandener Ausbildung von über 90%.

Wenn Sie sich angesprochen fühlen, freuen wir uns auf Ihre - vollständige - Bewerbung per Post oder per E-Mail.","Anforderungen:
- Fachhochschulreife
- Guten Notendurchschnitt, besonders in Mathematik und Naturwissenschaften",2026-06-11T08:13:10.588537+00:00
10001-1003046294-S,fachinformatiker_ae,Konrad Mathieu IT-Consulting GmbH,Köln,"Luxemburger Str. 152, 50937 Köln",Ausbildung | Fachinformatiker/in - Anwendungsentwicklung,ae,,,,73,ba_portal,,https://www.arbeitsagentur.de/jobsuche/jobdetail/10001-1003046294-S,ba_portal,"Wir arbeiten mit unseren Auszubildenden in kleinen Teams und mit baldigem Kundenkontakt. Vorraussetzungen für Bewerber sind Talent zum Tüfteln, Spaß an genialen / kreativen Lösungen, Teamgeist, Elan und unbändiger Wissensdurst.",https://www.arbeitsagentur.de/jobsuche/jobdetail/10001-1003046294-S,Konrad Mathieu IT-Consulting GmbH | Ausbildung | Fachinformatiker/in - Anwendungsentwicklung | Köln,ya,belum,rendah,"Die KM-IT GmbH ist als internationaler Softwareentwickler durch die IHK für herausragende Leistungen in der Berufsausbildung ausgezeichnet. Zum kommenden Lehrjahr akzeptieren eine Auszubildende (m/w/d) für den Lehrberuf Fachinformatiker/in Anwendungsentwicklung (FiA).

Wir arbeiten mit unseren Auszubildenden in kleinen Teams und mit baldigem Kundenkontakt. Vorraussetzungen für Bewerber sind Talent zum Tüfteln, Spaß an genialen / kreativen Lösungen, Teamgeist, Elan und unbändiger Wissensdurst.",Abitur / Allgemeine Hochschulreife,2026-06-11T09:10:10.846343+00:00
AD-6cc3c01c-7a52-4688-bbc2-36520c956ccd,ausbildung_de_ae,POHL Metal Systems GmbH,Köln,Robert-Bosch-Straße 6 50769 Köln Nordrhein-Westfalen,Ausbildung | zum Fachinformatiker (m/w/d) für Anwendungsentwicklung,ae,,,"1. Jahr: 1065,00 €
2. Jahr: 1118,00 €
3. Jahr: 1196,00 €",73,company,melis.oezkal@pohlnet.com,https://www.ausbildung.de/direktbewerbung/ausbildung-zum-fachinformatiker-in-m-w-d-fuer-systemintegration-bei-pohl-metal-systems-gmbh-in-koeln-8e42e1c7-39eb-4e82-abbb-6485f509f76a/,email,,,POHL Metal Systems GmbH | Ausbildung | zum Fachinformatiker (m/w/d) für Anwendungsentwicklung | Köln,tidak,belum,tinggi,"Ausbildung zum Fachinformatiker (m/w/d) für Anwendungsentwicklung

Das erwartet dich
- Weiterentwicklung unseres ERP-Systems
- Installation von ERP-Systemen
- Behebung von Störungen der ERP-Systeme
- Testen von ERP-Systemen

Das bringst du mit
- Gutes Fachabitur oder Abitur
- Gute Mathe- und Informatikkenntnisse
- Begeisterung für die IT-Welt
Deine Ausbildung bei uns
- Deine Ausbildung dauert 3 Jahre, verkürzt 2 ½ Jahre
- Dein Ausbildungsort ist Köln
Deine Berufsschule
- Berufskolleg Georg-Simon-OhmDeine Aussichten bei uns: Bei guten Leistungen freuen wir uns, wenn du bei uns bleibst und Berufserfahrungen sammelst
Deine Vorteile
- Kostenübernahme für alle Lehrgänge und Prüfungsvorbereitungen im Zuge der Ausbildung
- Sonderzahlungen wie Urlaubs- und Weihnachtsgeld
- 30 Urlaubstage sowie flexible Arbeitszeiten
- Weiterbildungsmöglichkeiten wie z. B. Schulungen für Office-Produkte
- IT-Ausstattung wird gestellt
Vergütung: On top gibt’s von uns noch eine attraktive Ausbildungsvergütung:
- 1. Jahr: 1.065,00 €
- 2. Jahr: 1.118,00 €
- 3. Jahr: 1.196,00 €
Du möchtest uns kennenlernen und zeigen, was du kannst? Mit einem Praktikum bei uns hast du die Chance dafür
Du hast noch Fragen? Schick uns gerne eine E-Mail an melis.oezkal@pohlnet.com
Wir haben dein Interesse geweckt? Super, dann freuen wir uns auf deine Bewerbung!","Das bringst du mit
- Gutes Fachabitur oder Abitur
- Gute Mathe- und Informatikkenntnisse
- Begeisterung für die IT-Welt
Deine Ausbildung bei uns
- Deine Ausbildung dauert 3 Jahre, verkürzt 2 ½ Jahre
- Dein Ausbildungsort ist Köln
Deine Berufsschule
- Berufskolleg Georg-Simon-OhmDeine Aussichten bei uns: Bei guten Leistungen freuen wir uns, wenn du bei uns bleibst und Berufserfahrungen sammelst
Deine Vorteile
- Kostenübernahme für alle Lehrgänge und Prüfungsvorbereitungen im Zuge der Ausbildung
- Sonderzahlungen wie Urlaubs- und Weihnachtsgeld
- 30 Urlaubstage sowie flexible Arbeitszeiten
- Weiterbildungsmöglichkeiten wie z. B. Schulungen für Office-Produkte
- IT-Ausstattung wird gestellt
Vergütung: On top gibt’s von uns noch eine attraktive Ausbildungsvergütung:
- 1. Jahr: 1.065,00 €
- 2. Jahr: 1.118,00 €
- 3. Jahr: 1.196,00 €
Du möchtest uns kennenlernen und zeigen, was du kannst? Mit einem Praktikum bei uns hast du die Chance dafür
Du hast noch Fragen? Schick uns gerne eine E-Mail an melis.oezkal@pohlnet.com
Wir haben dein Interesse geweckt? Super, dann freuen wir uns auf deine Bewerbung!",2026-06-11T11:22:17.130965+00:00
10000-1206349492-S,fachinformatiker_ae,SOFTCON CIS Gesellschaft für Controlling-Informations- systeme mbH,Köln,"Picassoplatz 1c, 50679 Köln",Ausbildung | Fachinformatiker/in - Anwendungsentwicklung,ae,,,,73,ba_portal,,https://www.arbeitsagentur.de/jobsuche/jobdetail/10000-1206349492-S,ba_portal,,https://www.arbeitsagentur.de/jobsuche/jobdetail/10000-1206349492-S,SOFTCON CIS Gesellschaft für Controlling-Informations- systeme mbH | Ausbildung | Fachinformatiker/in - Anwendungsentwicklung | Köln,ya,belum,rendah,"Standort Köln (Haltestelle Messe Deutz)

Wir machen dich zum IT-Professional

Nach deiner Ausbildung bei uns stehen dir alle Türen offen.
In unserem jungen, stark wachsenden Unternehmen wollen wir dich als zukünftigen
IT-Manager/-in ausbilden um dich anschließend langfristig binden
zu können.

Du bist dir nicht sicher ob du doch lieber studieren solltest bevor du in die Berufswelt einsteigst?
Nachdem du im Rahmen deiner Ausbildung in allen Abteilungen unseres Unternehmens einen Überblick
erhalten hast, definieren wir mit dir zusammen anhand deiner Interessen und Stärken, in welchem Bereich du
deine zukünftige Laufbahn siehst. Solltest du dich nach erfolgreichem Abschluss deiner Ausbildung noch für
ein Berufsbegleitendes Studium interessieren, werden wir dich gerne bei diesem Vorhaben unterstützen.

Es geht um dich!

Du gestaltet deine Zukunft in der IT Branche eigenverantwortlich mit.
Bei uns kannst du verschiedenste Programmiersprachen erlernen, komplexe Systemlandschaften betreuen,
Projekte managen und vieles mehr.
Gerne würden wir dir auch die Welt zeigen und dich mit zu unseren Kunden nehmen.
Neben einer attraktiven Ausbildungsvergütung erhältst du einen Zuschuss zum Mittagessen in den nahegelegenen Kantinen sowie Vermögenswirksame Leistungen die du in einen Fond- oder Bausparplan investieren kannst.
Selbstverständlich wird dir ein Laptop für die Ausbildungsdauer zur Verfügung gestellt.
Unsere Weihnachtsfeiern und Sommerfeste sind legendär....
...und solltest du dir nicht entgehen lassen. Teambuilding Events wie Fußball- oder
Laufveranstaltungen (Firmenlauf ) finden regelmäßig statt.

Alles was du über uns wissen musst findest du auf www.softconcis.de.",Fachhochschulreife,2026-06-11T09:10:55.436576+00:00
19533-903536374-S,fachinformatiker_ae,Ströer SE & Co. KGaA,Köln,"Ströer-Allee 1, 50999 Köln",Ausbildung | Fachinformatiker/in - Systemintegration,ae,,,,73,company,,https://www.arbeitsagentur.de/jobsuche/jobdetail/19533-903536374-S,ba_portal,,https://www.arbeitsagentur.de/jobsuche/jobdetail/19533-903536374-S,Ströer SE & Co. KGaA | Ausbildung | Fachinformatiker/in - Systemintegration | Köln,ya,belum,rendah,"**Unternehmensbeschreibung**

Wir sind Ströer! Wir sind ein führendes deutsches Medienhaus und setzen auf die Stärken des Out of Home-Geschäfts unterstützt durch die flankierenden Geschäftsfelder Digital &amp; Dialog Media und DaaS &amp; E-Commerce. Mit unserer „OOH plus“ Strategie machen wir mehr aus jedem Kommunikationskonzept und schaffen Lösungen für eine effiziente Konsumentenansprache im digitalen und öffentlichen Raum. Schließ dich uns an und lass uns gemeinsam mehr aus jedem Medium herausholen und an jeder Aufgabe wachsen.

- 11.000+ innovative Köpfe
- \#1 Out of Home-Anbieter &amp; Digitalvermarkter in Deutschland
- 2,05 Milliarden Euro Umsatz für das Gesamtjahr 2024

Starte deine IT-Karriere mit einer Ausbildung als Fachinformatiker (m/w/d) mit Schwerpunkt Systemintegration und „mach mehr draus!“ Bei uns wirst du Teil der IT-Group und tauchst in vielfältige Arbeitsprozesse ein – mit der Möglichkeit, deine Ideen und Skills direkt einzubringen. Entwickle dich in spannenden IT-Projekten weiter und werde Expert:in in den Bereichen Cloud-Technologien, Systemintegration und Virtualisierung.

**Aufbau Deiner Ausbildung:**

- **Mach mehr draus:** Während Deiner Ausbildung besuchst Du an zwei Tagen die Berufsschule und kannst die restlichen drei Tage der Woche Dein Wissen direkt praktisch bei uns im Unternehmen umsetzten
- **Mentoring:** Wir supporten Deine fachliche und persönliche Weiterentwicklung durch regelmäßige Entwicklungsgespräche und individuelles Mentoring
- **Vielfältige Einblicke:** Du hast innerhalb Deiner Ausbildung die Chance verschiedene Abteilungen und deren Zusammenhänge kennenzulernen und dabei herauszufinden, wo Deine Stärken und Interessen liegen
- **Eigenverantwortliches Arbeiten:** Bei Ströer hast Du die Möglichkeit bereits während Deiner Ausbildung eigene Projekte zu übernehmen und selbstständig zu arbeiten

**Stellenbeschreibung**

- **Anwendungsentwicklung:** Du arbeitest aktiv in den Fachabteilungen innerhalb unser IT-Group mit und bringst Deine Lösungsideen in Arbeitsprozesse mit ein
- **Systemintegration:** Du erlernst die Installation und Konfiguration von Hardwarekomponenten (Clients/Server), Betriebssystemen sowie Netzwerken und Speicherlösungen und erhältst dabei einen Einblick in die Cloud-Technologien
- **Virtualisierungstechnologien:** Du erlernst den Einsatz und die Administration von Virtualisierungstechnologien (wie VMWare und Azure Virtual Desktop)
- **Beratung und Support:** Das Warten der entsprechenden IT-Systeme, sowie die Betreuung der Anwender, das systematische Lösen von Problemen und Fehlern mit Hilfe von Diagnosesystemen und Expertentools (1st und 2nd Level Support) gehören zu Deinen täglichen Aufgaben
- **Fortbildung/Projektarbeit:** Du erstellst Systemdokumentationen und führst Schulungen für Deine Kolleg:innen durch

**Qualifikationen**

- Du hast Dein (Fach-)Abitur erfolgreich abgeschlossen und konntest gegebenenfalls schon erste Praxiserfahrungen sammeln
- Du begeisterst Dich für den Bereich Informatik und hast Interesse an technischen Zusammenhängen und Fragestellungen
- Logisches Denken sowie ein technisches und mathematisches Verständnis gehören zu Deinen Fähigkeiten
- Deine kommunikative und lösungsorientierte Art bringst Du in die Teamarbeit mit ein
- Zu Deinen Stärken zählen Verantwortungsbewusstsein, Sorgfalt, Offenheit und Eigeninitiative

**Zusätzliche Informationen**

- **30 Tage Urlaub:** Deine Zeit für Erholung im Jahr
- **Flexible Arbeitszeiten:** Vertrauensarbeitszeit und Homeoffice-Optionen
- **Mobilität &amp; Zuschüsse:** Deutschlandticket oder Fahrtkostenzuschuss, kostenlose Parkplätze
- **Betriebsgastronomie:** Lunch, sowie Kaffee und Snacks in der Café-Lounge
- **Ausbildungsgebühren:** Kostenübernahme Deiner Gebühren und Lernmaterialien zusätzlich zum Gehalt
- **Vermögenswirksame Leistungen:** Vorteile zur Förderung Deiner finanziellen Rücklagen
- **Corporate Benefits:** Rabatte z.B. für Reisen und Eventtickets
- **Weiterentwicklung:** Interne Talentprogramme, Frauenförderung, Trainingsangebote
- **Moderne Büros:** Papierlose Arbeitsplätze mit digitalen Prozessen
- **Arbeitsmedizinische Versorgung:** Gesundheitschecks und -veranstaltungen, sowie Zuschüsse zu Bildschirmbrillen
- **Firmenevents:** Weihnachtsfeiern, Teamausflüge und B2Run-Teilnahme
- **Communities:** Netzwerke wie Frauennetzwerk

Mach Deinen nächsten Karriereschritt in einem spannenden Umfeld – wir freuen uns darauf, Dich kennenzulernen!","**Qualifikationen**
- Du hast Dein (Fach-)Abitur erfolgreich abgeschlossen und konntest gegebenenfalls schon erste Praxiserfahrungen sammeln
- Du begeisterst Dich für den Bereich Informatik und hast Interesse an technischen Zusammenhängen und Fragestellungen
- Logisches Denken sowie ein technisches und mathematisches Verständnis gehören zu Deinen Fähigkeiten
- Deine kommunikative und lösungsorientierte Art bringst Du in die Teamarbeit mit ein
- Zu Deinen Stärken zählen Verantwortungsbewusstsein, Sorgfalt, Offenheit und Eigeninitiative",2026-06-11T09:15:07.677855+00:00
10000-1201074822-S,fachinformatiker_ae_2026,TecAlliance GmbH ISM,Köln,Köln,Ausbildung | Fachinformatiker/in - Anwendungsentwicklung,ae,2026,,,73,ba_portal,,https://www.arbeitsagentur.de/jobsuche/jobdetail/10000-1201074822-S,ba_portal,,https://www.arbeitsagentur.de/jobsuche/jobdetail/10000-1201074822-S,TecAlliance GmbH ISM | Ausbildung | Fachinformatiker/in - Anwendungsentwicklung | Köln,ya,belum,rendah,"### Fachinformatiker (m/w/d) Fachrichtung Anwendungsentwicklung, Start 2026

**Du willst eine Ausbildung starten, wo du von Anfang an Praxiserfahrung sammeln kannst, Teile deiner Ausbildung an anderen Standorten verbringst und durch Azubi-Projekte agil arbeiten kannst?**

### Jobbeschreibung

**Bei uns lernst du:**

- Programmiersprachen kennen und diese anzuwenden
- große Datenmengen einfacher und effizienter zu gestalten
- knifflige Aufgabenstellungen zu lösen
- Datenbanken zu erstellen und Daten einzupflegen
- dass Anwendungen getestet werden müssen, bevor der Kunde die Fehler findet
- dass Datenschutz nicht nur ein Wort ist

### Qualifikation

**Was du mitbringen solltest:**

- Mittlere Reife oder besser Abitur
- Begeisterung für Mathematik und Computer
- Gute Sprachkenntnisse in Englisch
- Bereitschaft, an anderen Standorten zu arbeiten

Auch Studienaussteiger sind willkommen! Bei bestimmter Vorbildung besteht die Möglichkeit der Ausbildungsverkürzung.

Standorte: Weikersheim [Würzburg], Köln, Ismaning [München]

**Interesse?**

Dann bewirb Dich online über das Karriereportal:

https://career.tecalliance.net/de-inf/jobs/5202912-fachinformatiker-m-w-d-fachrichtung-anwendungsentwicklung-start-2026","### Qualifikation
**Was du mitbringen solltest:**
Mittlere Reife / Realschulabschluss",2026-06-11T08:12:39.852073+00:00
AZDE-12133863,azubi_de_fi,bplan solutions GmbH & Co. KG,Köln,51147 Köln DE,Ausbildung | zum/zur Fachinformatiker/in für Anwendungsentwicklung (m/w/d),ae,,,"- Flexible Arbeitszeiten und Homeoffice-Möglichkeiten
- Regelmäßige Team-Events und ein offenes Betriebsklima
- Sehr gute Übernahmechancen nach erfolgreichem Abschluss
Ein guter Start in die Berufswelt ist von besonderer Bedeutung. Die bplan-solutions unterstützt Dich bei deiner persönlichen Entwicklung in einem abwechslungsreichen Umfeld. Wir nehmen unsere Rolle als Ausbildungsbetrieb sehr ernst. Bei uns erhältst Du eine fundierte und praxisorientierte Ausbildung, eine attraktive Perspektive in einem aussichtsreichen Berufsfeld und eines sicher nicht: Einen langweiligen Routinejob.",67,empty,kai-uwe.marx@bplan-solutions.de,https://www.azubi.de/ausbildungsplatz/12133863-b-ausbildung-zum-zur-fachinformatiker-in-fuer-anwendungsentwicklung-m-w-d/apply,email,,,bplan solutions GmbH & Co. KG | Ausbildung | zum/zur Fachinformatiker/in für Anwendungsentwicklung (m/w/d) | Köln,tidak,belum,tinggi,"Ausbildung zum/zur Fachinformatiker/in für Anwendungsentwicklung (m/w/d)

Einleitung
Das bringst du mit
- Mittlere Reife oder (Fach-)Abitur, idealerweise mit guten Noten in Mathematik und Informatik
- Begeisterung für Technik, Programmierung und digitale Themen
- Logisches Denkvermögen und eine strukturierte Arbeitsweise
- Teamgeist und Kommunikationsfreude
- Erste Erfahrungen mit dem Programmieren sind ein Plus, aber kein Muss

Die bplan-solutions GmbH ist ein junges und aufstrebendes Unternehmen im Umfeld individueller IT Anwendungsentwicklung für Unternehmen und Behörden. Wir bieten europaweit Softwarelösungen in den Bereichen Besuchermanagement, sicherer Zugang zu IT-Netzwerken und Single-Sign-On (SSO), Online-Shops für eCommerce und die Entwicklung digitaler Wallets.
Zur Verstärkung unseres Teams bieten wir für das neue Ausbildungsjahr die
Ausbildung zum/zur Fachinformatiker/in für Anwendungsentwicklung (m/w/d)
In deiner dreijährigen Ausbildung lernst du, wie moderne Softwareentwicklung in der Praxis funktioniert. Du arbeitest von Beginn an aktiv in unserem Entwicklungsteam mit und sammelst echte Projekterfahrung. Parallel dazu vertiefst du dein Wissen in der Berufsschule.
Im Laufe deiner Ausbildung wirst du:
- Softwareanwendungen planen, entwickeln und testen
- Datenbanken entwerfen und pflegen
- Bestehenden Code analysieren, optimieren und dokumentieren
- Dich mit modernen Entwicklungsumgebungen und Versionskontrolle (z. B. Git) vertraut machen
- Im Team an realen Kundenprojekten mitwirken
- Einblicke in agile Arbeitsmethoden wie Scrum oder Kanban gewinnen
Das bieten wir dir
- Persönliche Betreuung durch erfahrene Ausbilder/innen
- Moderne Arbeitsausstattung – Laptop, Tools und Entwicklungsumgebungen auf aktuellem Stand
- Übernahme von Lehrmitteln und Prüfungsgebühren
- Attraktive Ausbildungsvergütung:
- Flexible Arbeitszeiten und Homeoffice-Möglichkeiten
- Regelmäßige Team-Events und ein offenes Betriebsklima
- Sehr gute Übernahmechancen nach erfolgreichem Abschluss
Ein guter Start in die Berufswelt ist von besonderer Bedeutung. Die bplan-solutions unterstützt Dich bei deiner persönlichen Entwicklung in einem abwechslungsreichen Umfeld. Wir nehmen unsere Rolle als Ausbildungsbetrieb sehr ernst. Bei uns erhältst Du eine fundierte und praxisorientierte Ausbildung, eine attraktive Perspektive in einem aussichtsreichen Berufsfeld und eines sicher nicht: Einen langweiligen Routinejob.
Haben wir Dein Interesse geweckt oder hast Du Fragen?
Deine Bewerbung schickst Du bitte per E-Mail an
kai-uwe.marx@bplan-solutions.de. Wir freuen uns auf Dich.
Aufgaben","Einleitung
Das bringst du mit
- Mittlere Reife oder (Fach-)Abitur, idealerweise mit guten Noten in Mathematik und Informatik
- Begeisterung für Technik, Programmierung und digitale Themen
- Logisches Denkvermögen und eine strukturierte Arbeitsweise
- Teamgeist und Kommunikationsfreude
- Erste Erfahrungen mit dem Programmieren sind ein Plus, aber kein Muss",2026-06-13T10:39:18.740557+00:00
10000-1205495520-S,fachinformatiker_ae,D+T Internet GmbH,Köln,"Fliederweg 127, 51143 Köln",Ausbildung | Fachinformatiker/in - Anwendungsentwicklung,ae,,,,67,ba_portal,,https://www.arbeitsagentur.de/jobsuche/jobdetail/10000-1205495520-S,ba_portal,,https://www.arbeitsagentur.de/jobsuche/jobdetail/10000-1205495520-S,D+T Internet GmbH | Ausbildung | Fachinformatiker/in - Anwendungsentwicklung | Köln,ya,belum,rendah,"Du hast Lust auf Soft­ware­ent­wick­lung? Mit allem was dazu gehört? Dann bie­ten wir dir eine abwechs­lungs­rei­che und span­nende Aus­bil­dung in einem dynamischen und kreativen Umfeld, das sich mit inno­va­ti­ven und tech­nisch aktu­el­len The­men beschäf­tigt.

Für uns sind dein Schulabschluss, dein Alter und dein Lebenslauf nicht die entscheidenden Kriterien.

### Deine Auf­ga­ben:

- Du ent­wi­ckelst und pro­gram­mierst in enger Zusam­men­ar­beit mit unse­rem Team maß­ge­schnei­derte Lösun­gen für unsere Kun­den

- Du tes­test die ent­wi­ckelte Soft­ware und behebst Feh­ler

- Zudem erwei­terst du bereits beste­hende Soft­ware gemäß der Kun­den­an­for­de­rung

### Was du mit­brin­gen soll­test:

- Du hast gro­ßes Inter­esse an der Soft­ware­ent­wick­lung und an neuen Tech­no­lo­gien

- Offen­heit, Neu­gierde und die Fähig­keit Pro­bleme ana­ly­sie­ren und auch erklä­ren zu kön­nen

- Eine hohe Eigen­in­itia­tive und pro-akti­ves Arbei­ten

- Spaß an Team- und selbst­stän­di­ger Arbeit

- Gute Eng­lisch­kennt­nisse sowie erste Pra­xis­er­fah­run­gen sind wün­schens­wert

- Idea­ler­weise Erfahrungen in HTML, CSS und Javascript, ggf. Vorerfahrungen in Angular

### Was dich erwartet:

- Eine inter­es­sante und anspruchs­volle Aus­bil­dung in einem moder­nen und zukunfts­ori­en­tier­ten Unter­neh­men. Du arbei­test größtenteils remote aus dem Homeoffice. Unsere Arbeits­zei­ten sind fle­xi­bel und fami­li­en­freund­lich.

- Auf­ge­schlos­sene Kol­le­gen: Hier herrscht die Phi­lo­so­phie, das man sich gegen­sei­tig hilft und stets von­ein­an­der lernt. Wert­schät­zung und gegen­sei­ti­ges Ver­trauen sind die Grund­la­gen unse­rer Zusam­men­ar­beit. Wir haben eine lockere und team­ori­en­tierte Arbeits­at­mo­sphäre mit flachen Hierarchien. Bei uns gibt es kurze Ent­schei­dungs­wege und jeder­zeit offene Türen.

- Per­spek­ti­ven: Beste Übernahmechancen in ein festes Arbeitsverhältnis am Ende dei­ner erfolg­reich abge­schlos­se­nen Aus­bil­dung. Sehr gute Entwicklungsmöglichke­iten im Unter­neh­men. Und vor allem berei­ten wir dich auf deine Zukunft vor!

Wenn Team Orientierung für dich einen hohen Stel­len­wert besitzt, du dich durch erfolgs­ori­en­tier­tes Arbei­ten aus­zeich­nest und du dir wünschst, in einem enga­gier­ten und dyna­mi­schen Umfeld zu arbei­ten, bewirb dich mit dei­nen aus­sa­ge­fä­hi­gen Bewer­bungs­un­ter­la­gen direkt online.",,2026-06-11T09:11:02.125591+00:00
STEP-14144562,stepstone_de_dpa,GUS ERP GmbH,Köln,50825 Köln,Ausbildung | zum Fachinformatiker für Anwendungsentwicklung (m/w/d),ae,,,,67,empty,,https://twitter.com/stepstone_de,portal,"Ansprechpartnerin
Eva Schlichting
HR Business Partner
bewerbungen@gus-group.com
Weitere Informationen zu uns findest du unter https://www.gus-group.com
Jetzt online bewerben",,GUS ERP GmbH | Ausbildung | zum Fachinformatiker für Anwendungsentwicklung (m/w/d) | Köln,tidak,belum,sedang,"Ausbildung zum Fachinformatiker für Anwendungsentwicklung (m/w/d)

Aufgaben
Abwechslung & Gestaltungsspielraum: Ein spannendes, vielseitiges Aufgabenspektrum mit viel Gestaltungsspielraum in einem dynamischen Umfeld, in dem du Prozesse und Lösungen aktiv mitgestaltest

Wie entstehen Softwarelösungen – von der ersten Idee über die Planung und das Programmieren bis hin zum abschließenden Test? Wie lassen sich Anforderungen kundenorientiert erfassen, strukturieren und zuverlässig in funktionierende Anwendungen überführen? Genau diese Kompetenzen erwirbst du in der Ausbildung zum Fachinformatiker für Anwendungsentwicklung (m/w/d).
Profil
Einen guten Schulabschluss (Fachhochschulreife oder Abitur)
Freude an neuen Technologien und an Informatik
Kenntnisse in mindestens in einer Programmiersprache (z.B. Java, C++, C#) sowie in MySQL oder anderen Datenbanken
Hohe Lernbereitschaft und ein analytisches Denkvermögen
Teamgeist ebenso wie Spaß am selbstständigen Arbeiten
Engagement und ein hohes Maß an Zuverlässigkeit

Wir bieten
Kultur: Offene Kommunikation, Duz-Kultur und flache Hierarchien
Teamwork: Ein engagiertes Team und Zusammenarbeit auf Augenhöhe – mit engem Austausch und gegenseitiger Unterstützung
Entwicklung: Weiterbildungs- und Entwicklungsmöglichkeiten, individuell und passend zu deiner Rolle und Erfahrung
Einstieg: Strukturierte, umfassende Einarbeitung – begleitet von erfahrenen Kolleginnen und Kollegen
Benefits: Urban Sports Club, JobRad, Corporate Benefits, Sprachkurse (Babbel), 30 Tage Urlaub, flexible Arbeitszeiten, hybrides Arbeiten (Büro & mobil) und vieles mehr!
Weitere Informationen
Neugierig geworden? Dann bewirb dich jetzt – wir freuen uns darauf, dich kennenzulernen!
Studienabbrecher*innen? Kein Problem – wir schätzen neue Perspektiven mit klaren Zielen. Wir freuen uns auf deine Bewerbung!","Wie entstehen Softwarelösungen – von der ersten Idee über die Planung und das Programmieren bis hin zum abschließenden Test? Wie lassen sich Anforderungen kundenorientiert erfassen, strukturieren und zuverlässig in funktionierende Anwendungen überführen? Genau diese Kompetenzen erwirbst du in der Ausbildung zum Fachinformatiker für Anwendungsentwicklung (m/w/d).
Profil
Einen guten Schulabschluss (Fachhochschulreife oder Abitur)
Freude an neuen Technologien und an Informatik
Kenntnisse in mindestens in einer Programmiersprache (z.B. Java, C++, C#) sowie in MySQL oder anderen Datenbanken
Hohe Lernbereitschaft und ein analytisches Denkvermögen
Teamgeist ebenso wie Spaß am selbstständigen Arbeiten
Engagement und ein hohes Maß an Zuverlässigkeit",2026-06-12T21:31:36.965098+00:00
INDEED-385308a92fe305ab,indeed_de_ae,SOFTCONCIS Gesellschaft für Controlling-Informationssysteme mbH,Köln,Köln NW,Ausbildung | Fachinformatiker/in - Anwendungsentwicklung,ae,,,Berufsausbildung,67,empty,jobs@softconcis.de,https://www.hiringlab.org/de/,email,,,SOFTCONCIS Gesellschaft für Controlling-Informationssysteme mbH | Ausbildung | Fachinformatiker/in - Anwendungsentwicklung | Köln,tidak,belum,tinggi,"Ausbildung Fachinformatiker/in - Anwendungsentwicklung

Neben einer attraktiven Ausbildungsvergütung erhältst du einen Zuschuss zum Mittagessen in den nahegelegenen Kantinen sowie Vermögenswirksame Leistungen die du in einen Fond- oder Bausparplan investieren kannst. Selbstverständlich wird dir ein Laptop für die Ausbildungsdauer zur Verfügung gestellt.
Unsere Weihnachtsfeiern und Sommerfeste sind legendär….
…und solltest du dir nicht entgehen lassen. Teambuilding Events wie Fußball- oder Laufveranstaltungen (Firmenlauf ) finden regelmäßig statt.
Arbeitsort
Köln Deutz
Wir freuen uns auf deine Bewerbung
Recruiting / jobs@softconcis.de",,2026-06-13T10:51:46.953772+00:00
16129-15150-4-S,fachinformatiker_ae_2026,TÜV Rheinland Service GmbH,Köln,51105 Köln,Ausbildung | Kaufmann/-frau - IT-System-Management,ae,2026,9,,67,company,,https://www.arbeitsagentur.de/jobsuche/jobdetail/16129-15150-4-S,ba_portal,,https://www.arbeitsagentur.de/jobsuche/jobdetail/16129-15150-4-S,TÜV Rheinland Service GmbH | Ausbildung | Kaufmann/-frau - IT-System-Management | Köln,ya,belum,rendah,"Hinter jeder erfolgreichen Prüfung, Zertifizierung und Inspektion steht ein starkes Team in unseren Service Funktionen. Ob HR, IT, Finance, Marketing, Controlling, Einkauf, Facility Management, unsere Shared Service Center, QHSE, Legal, Corporate Development oder Corporate Communication – sie alle tragen dazu bei, dass unsere operativen Einheiten weltweit Höchstleistungen erbringen können.


## Über uns
Starte deine Karriere bei einem globalen Player, der die Welt sicherer macht! Bei TÜV Rheinland erwartet dich eine abwechslungsreiche Ausbildung in der Informatik, in der du nicht nur alle relevanten IT-Prozesse erlernst, sondern auch die Möglichkeit hast, internationale Erfahrungen zu sammeln. Werde Teil unseres Teams und gestalte mit uns eine sichere und nachhaltige Zukunft. Today for tomorrow.
## Deine Aufgaben:
- Planung und Konfiguration: Bei uns erlernst du, wie du IT-Infrastrukturen und Client-Server-Systeme planen und konfigurieren kannst. Hierbei stattest du Arbeitsplätze kundengerecht aus, integrierst Clients in Netzwerke und führst Schutzbedarfsanalysen durch. Auch Softwareanpassungen und die Planung, Einrichtung, Wartung und Administration von Systemen und Rechnernetzen erlernst du in unserer konzernweiten IT-Umgebung.
- Netzwerke und Dienste: Du stehst den Anwendern in unserer weltweit verzweigten Microsoft-Umgebung zur Seite und kennst auf nahezu jede Frage eine Antwort.
- Vertiefung Systemintegration: Du wirst zum/zur Spezialist*in in der Bereitstellung von Serverdiensten, automatisierst Administrationsaufgaben und stellst den Betrieb vernetzter Systeme sicher und gewährleistest deren Sicherheit.
- Vertiefung Anwendungsentwicklung: Du tauchst tief in die Welt der Anwendungsentwicklung ein, gestaltest Benutzerschnittstellen, realisierst umfassende Anwendungssysteme und entwickelst individuelle Lösungen für unsere Kunden.
- Kontinuierliches Lernen und persönliche Weiterentwicklung: Regelmäßige interne und externe Schulungen sorgen dafür, dass du immer auf dem neuesten Stand der Technik bleibst.
- Ausbildungsbeginn: 01.09.2026.
## Das bringst du mit:
- Schulische Voraussetzung: Du hast die mittlere Reife oder Fachhochschulreife/Abitur mit guten Noten in den naturwissenschaftlichen Fächern, Englisch und bestenfalls Informatik absolviert.
- Sprachkenntnisse: Sehr gute Englischkenntnisse in Wort und Schrift bringen dich bei uns weiter.
- Technikbegeisterung: Dein Interesse für IT ist tiefgründig und du bleibst immer auf dem neuesten Stand der Technik.
- Deine Persönlichkeit: Du bist motiviert, zuverlässig, neugierig und hast Spaß am Arbeiten im Team.","## Das bringst du mit:
- Schulische Voraussetzung: Du hast die mittlere Reife oder Fachhochschulreife/Abitur mit guten Noten in den naturwissenschaftlichen Fächern, Englisch und bestenfalls Informatik absolviert.
- Sprachkenntnisse: Sehr gute Englischkenntnisse in Wort und Schrift bringen dich bei uns weiter.
- Technikbegeisterung: Dein Interesse für IT ist tiefgründig und du bleibst immer auf dem neuesten Stand der Technik.
- Deine Persönlichkeit: Du bist motiviert, zuverlässig, neugierig und hast Spaß am Arbeiten im Team.",2026-06-11T08:14:14.144115+00:00
AD-d6a0cc00-5109-4569-89f0-4eff36f4b065,ausbildung_de_ae,TÜV Rheinland Service GmbH,Köln,Am Grauen Stein 51105 Köln Nordrhein-Westfalen,Ausbildung | Fachinformatiker/in für Anwendungsentwicklung (m/w/d),ae,2026,9,"1. Jahr: 1120,53 €
2. Jahr: 1173,37 €
3. Jahr: 1253,92 €",67,company,,https://jobs.tuv.com/de/job/Ausbildung-Fachinformatiker_-in-w_m_d-Systemintegration-oder-Anwendungsentwicklung-w_m_d-Koeln?id=15150,portal,,,TÜV Rheinland Service GmbH | Ausbildung | Fachinformatiker/in für Anwendungsentwicklung (m/w/d) | Köln,tidak,belum,sedang,"Ausbildung Fachinformatiker/in für Anwendungsentwicklung (m/w/d)

Deine Aufgaben
- Planung und Konfiguration: Bei uns erlernst du, wie du IT-Infrastrukturen und Client-Server-Systeme planen und konfigurieren kannst. Hierbei stattest du Arbeitsplätze kundengerecht aus, integrierst Clients in Netzwerke und führst Schutzbedarfsanalysen durch. Auch Softwareanpassungen und die Planung, Einrichtung, Wartung und Administration von Systemen und Rechnernetzen erlernst du in unserer konzernweiten IT-Umgebung.
- Netzwerke und Dienste: Du stehst den Anwendern in unserer weltweit verzweigten Microsoft-Umgebung zur Seite und kennst auf nahezu jede Frage eine Antwort.
- Vertiefung Anwendungsentwicklung: Du tauchst tief in die Welt der Anwendungsentwicklung ein, gestaltest Benutzerschnittstellen, realisierst umfassende Anwendungssysteme und entwickelst individuelle Lösungen für unsere Kunden.
- Kontinuierliches Lernen und persönliche Weiterentwicklung: Regelmäßige interne und externe Schulungen sorgen dafür, dass du immer auf dem neuesten Stand der Technik bleibst.
- Ausbildungsbeginn: 01.09.2026.

Das bringst du mit
- Schulische Voraussetzung: Du hast die mittlere Reife oder Fachhochschulreife/Abitur mit guten Noten in den naturwissenschaftlichen Fächern, Englisch und bestenfalls Informatik absolviert.
- Sprachkenntnisse: Sehr gute Englischkenntnisse in Wort und Schrift bringen dich bei uns weiter.
- Technikbegeisterung: Dein Interesse für IT ist tiefgründig und du bleibst immer auf dem neuesten Stand der Technik.
- Deine Persönlichkeit: Du bist motiviert, zuverlässig, neugierig und hast Spaß am Arbeiten im Team.","Das bringst du mit
- Schulische Voraussetzung: Du hast die mittlere Reife oder Fachhochschulreife/Abitur mit guten Noten in den naturwissenschaftlichen Fächern, Englisch und bestenfalls Informatik absolviert.
- Sprachkenntnisse: Sehr gute Englischkenntnisse in Wort und Schrift bringen dich bei uns weiter.
- Technikbegeisterung: Dein Interesse für IT ist tiefgründig und du bleibst immer auf dem neuesten Stand der Technik.
- Deine Persönlichkeit: Du bist motiviert, zuverlässig, neugierig und hast Spaß am Arbeiten im Team.",2026-06-11T11:20:57.330497+00:00
STEP-14117837,stepstone_de_dpa,GUS ERP GmbH,Köln,Köln Köln,Ausbildung | zum Fachinformatiker für Anwendungsentwicklung (m/w/d),ae,,,,60,empty,,https://twitter.com/stepstone_de,portal,"Kontakt
Neugierig geworden? Dann bewirb dich jetzt – wir freuen uns darauf, dich kennenzulernen!
Studienabbrecher*innen? Kein Problem – wir schätzen neue Perspektiven mit klaren Zielen. Wir freuen uns auf deine Bewerbung!",,GUS ERP GmbH | Ausbildung | zum Fachinformatiker für Anwendungsentwicklung (m/w/d) | Köln,tidak,belum,sedang,"Ausbildung zum Fachinformatiker für Anwendungsentwicklung (m/w/d)

Deine Aufgaben:

Wie entstehen Softwarelösungen – von der ersten Idee über die Planung und das Programmieren bis hin zum abschließenden Test? Wie lassen sich Anforderungen kundenorientiert erfassen, strukturieren und zuverlässig in funktionierende Anwendungen überführen? Genau diese Kompetenzen erwirbst du in der Ausbildung zum Fachinformatiker für Anwendungsentwicklung (m/w/d).
Das bringst du mit:
Einen guten Schulabschluss (Fachhochschulreife oder Abitur)
Freude an neuen Technologien und an Informatik
Kenntnisse in mindestens in einer Programmiersprache (z.B. Java, C++, C#) sowie in MySQL oder anderen Datenbanken
Hohe Lernbereitschaft und ein analytisches Denkvermögen
Teamgeist ebenso wie Spaß am selbstständigen Arbeiten
Engagement und ein hohes Maß an Zuverlässigkeit

Wir bieten
Ausbildung/Trainee
Vollzeit
GUS ERP GmbH
Köln
Darauf kannst du dich freuen:
Kultur:
Teamwork:
Entwicklung:
Einstieg:
Abwechslung & Gestaltungsspielraum:
Benefits:","Wie entstehen Softwarelösungen – von der ersten Idee über die Planung und das Programmieren bis hin zum abschließenden Test? Wie lassen sich Anforderungen kundenorientiert erfassen, strukturieren und zuverlässig in funktionierende Anwendungen überführen? Genau diese Kompetenzen erwirbst du in der Ausbildung zum Fachinformatiker für Anwendungsentwicklung (m/w/d).
Das bringst du mit:
Einen guten Schulabschluss (Fachhochschulreife oder Abitur)
Freude an neuen Technologien und an Informatik
Kenntnisse in mindestens in einer Programmiersprache (z.B. Java, C++, C#) sowie in MySQL oder anderen Datenbanken
Hohe Lernbereitschaft und ein analytisches Denkvermögen
Teamgeist ebenso wie Spaß am selbstständigen Arbeiten
Engagement und ein hohes Maß an Zuverlässigkeit",2026-06-12T21:31:32.297066+00:00
STEP-9127471,stepstone_de_dpa,lise GmbH,Köln,Rudi-Conin-Straße 5 50829 Köln,Ausbildung | Fachinformatiker Anwendungsentwicklung 2026 (m/w/d),ae,,,,60,empty,,https://twitter.com/stepstone_de,portal,,,lise GmbH | Ausbildung | Fachinformatiker Anwendungsentwicklung 2026 (m/w/d) | Köln,tidak,belum,sedang,"Ausbildung Fachinformatiker Anwendungsentwicklung 2026 (m/w/d)

Aufgaben
Du lernst spannende Projekte und neue Technologien kennen Du arbeitest in agilen, selbstorganisierten und selbstbestimmten Teams Du kannst deine Ausbildungsinhalte selbst mitgestalten und nimmst an Workshops wie „Lets Code together“ teil
Profil
die Fachhochschulreife oder einen vergleichbaren Abschluss ein gutes mathematisch-technisches Grundwissen Interesse an Projektarbeit und eine kommunikative, teamorientierte Arbeitsweise im Idealfall bereits Vorerfahrung mit Internettechnologien (HTML, CSS, Javascript) und/oder Programmierung in Java, C# o. Ä. Du sprichst Deutsch auf mindestens C1-Niveau Die Ausbildung findet in unserem Büro in Köln statt. Deshalb setzen wir voraus, dass du in Köln oder im näheren Umkreis wohnst.

Wir bieten
Eigenes Notebook, auch zur privaten Nutzung samt zusätzlichem Equipment Intensive Betreuung durch einen persönlichen lise Buddy Ein Jobticket Weiterbildungsangebote sowie optimale Prüfungsvorbereitung (über z.B. simpleClub) Modernes Büro mit neuester Ausstattung und Dachterrasse Betriebliche Altersvorsorge Massagen, Tischtennis, Darts, Flugsimulator und mehr
Weitere Informationen",,2026-06-12T21:15:04.572156+00:00
STEP-13907306,stepstone_de_ae,parcIT GmbH,Köln,Erftstraße 15 50672 Köln,Ausbildung | Java Backend Softwareentwickler (w/m/d),ae,,,,60,empty,,https://twitter.com/stepstone_de,portal,,,parcIT GmbH | Ausbildung | Java Backend Softwareentwickler (w/m/d) | Köln,tidak,belum,sedang,"Java Backend Softwareentwickler (w/m/d)

ein spannendes sowie fachlich anspruchsvolles Aufgabenumfeld ,
mit agilen Methoden und interdisziplinärer Zusammenarbeit ein internes Onboarding-Konzept individuell maßgeschneiderte Möglichkeiten zur fachlichen und persönlichen Weiterentwicklung
sowie eigenverantwortliches Lernen via LinkedIn-Learning-Plattform ein vertrauensvolles und aktives Miteinander , das wir auch abseits des Schreibtischs pflegen Eigenverantwortung sowie themen- und bereichsübergreifendes Arbeiten bei flexiblen Arbeitszeiten , mit der Wahlmöglichkeit von max. 80 % mobiles Arbeiten , damit Arbeit und Freizeit leicht miteinander vereinbar sind,

die Mitarbeit in einem agilen Team zur Umsetzung vielfältiger Anforderungen im Backend Aufbau und Weiterentwicklung eines modernen Basis-Frameworks im Backend für unsere Java-Web-Applikationen die Abstimmung mit anderen Entwickler*innen-Teams zur Klärung und Umsetzung technischer Anforderungen die Evaluierung und Einführung neuer Technologien und Frameworks die Modernisierung und Migration bestehender Desktop-Anwendungen in zukunftsfähige Server-Anwendungen
Was Sie auszeichnet: Teamgeist und ...
abgeschlossenes Studium der Informatik, Mathematik, Physik, Ausbildung zum/r Fachinformatiker/in Anwendungsentwicklung oder eine vergleichbare Qualifikation mindestens 3 Jahre praktische Erfahrung in der Entwicklung moderner Web-Backends unter Java sicherer Umgang mit IDE, Versionsverwaltung und Buildtools Erfahrungen im Spring-Boot-Umfeld, in hexagonaler Architektur und verteilten Anwendungen sowie Docker & K8s sind von Vorteil Sie sehen Testing als integralen Bestandteil des Entwicklungsprozesses und haben Spaß an der Umsetzung technischer Anforderungen Deutschkenntnisse (mindestens C1- Niveau) in Wort und Schrift
Was Sie bei uns erwartet: Ein buntes Team aus rund 500 engagierten Kolleg*innen und …

sowie der Möglichkeit, von bis zu 15 Tagen remote zu arbeiten aus dem europäischen Ausland einen modernen Arbeitsplatz im Zentrum Kölns mit eigenem Fitnessbereich und Eltern-Kind-Büro attraktive Zusatzleistungen wie u. a. Deutschlandticket als JobTicket , Bikeleasing , Zuschüsse zur Kinderbetreuung und betriebliche Altersvorsorge sowie die Nutzung unseres Urban Sports Club Firmenfitness-Angebotes weitere Benefits finden Sie auf unserer Homepage
Sie passen in unser Mosaik?
Dann möchten wir Sie gerne zu einem Kaffee im Herzen Kölns einladen. Sie sind sich unsicher, ob wir zusammenpassen? Lassen Sie es uns gemeinsam im Gespräch herausfinden, wir freuen uns auf Sie. Bewerben Sie sich gleich über den Button. Ihre Fragen beantwortet Sabine Loevenich.
Sabine Loevenich
Telefon +49 221 58475-237","die Mitarbeit in einem agilen Team zur Umsetzung vielfältiger Anforderungen im Backend Aufbau und Weiterentwicklung eines modernen Basis-Frameworks im Backend für unsere Java-Web-Applikationen die Abstimmung mit anderen Entwickler*innen-Teams zur Klärung und Umsetzung technischer Anforderungen die Evaluierung und Einführung neuer Technologien und Frameworks die Modernisierung und Migration bestehender Desktop-Anwendungen in zukunftsfähige Server-Anwendungen
Was Sie auszeichnet: Teamgeist und ...
abgeschlossenes Studium der Informatik, Mathematik, Physik, Ausbildung zum/r Fachinformatiker/in Anwendungsentwicklung oder eine vergleichbare Qualifikation mindestens 3 Jahre praktische Erfahrung in der Entwicklung moderner Web-Backends unter Java sicherer Umgang mit IDE, Versionsverwaltung und Buildtools Erfahrungen im Spring-Boot-Umfeld, in hexagonaler Architektur und verteilten Anwendungen sowie Docker & K8s sind von Vorteil Sie sehen Testing als integralen Bestandteil des Entwicklungsprozesses und haben Spaß an der Umsetzung technischer Anforderungen Deutschkenntnisse (mindestens C1- Niveau) in Wort und Schrift
Was Sie bei uns erwartet: Ein buntes Team aus rund 500 engagierten Kolleg*innen und …",2026-06-12T20:49:51.119440+00:00
AUBI-451328,aubi_plus_fi,,Köln,50968 Köln,Ausbildung Fachinformatiker (m/w/div.) Anwendungsentwicklung,ae,,,"1.355 €, 1.432 €, 1.520 €, 1.355,00 €, 1.432,00 €, 1.520,00 €",53,empty,,https://www.aubi-plus.de/bewerbung/,portal,"Bewirb dich gerne direkt über unser Kontaktformular.
Stellendetails
Beruf:
Fachinformatiker / Fachinformatikerin Fachrichtung Anwendungsentwicklung
Bewerbungsfrist:
Offen
Mindestabschluss:
Fachhochschulreife
fachgebundene Hochschulreife oder Abitur
Freie Ausbildungsplätze:
1
Dauer:
3 Jahre
Referenz-Nr:
AUBI-451328
(Bitte in der Bewerbung angeben)
Kopieren
Dein persönlicher Matching-Score
Du willst wissen, wie gut diese Stelle zu dir passt? Dann registriere dich und mach das Matching. Mehr erfahren
Kontakt",,Ausbildung Fachinformatiker (m/w/div.) Anwendungsentwicklung | Köln,tidak,belum,sedang,"Ausbildung Fachinformatiker (m/w/div.) Anwendungsentwicklung

Deine Aufgaben
Erste praktische Einblicke in die vielseitigen Tätigkeiten einer IT-Abteilung gewinnen
Verständnis für die Funktionsweise von Informations- und Kommunikationssystemen entwickeln
Planung, Entwicklung, Testen und Implementierung kundenspezifischer Softwareanwendungen erlernen
Aktive Mitarbeit im Team der Anwendungsentwicklung zur Vertiefung praktischer Kenntnisse und Fertigkeiten
Mitarbeit an eigenverantwortlichen Projektaufgaben, um erste praktische Projektkenntnisse zu gewinnen
Dein Profil
Einen guten Schulabschluss (Fachabitur/fachgebundene Hochschulreife oder Abitur)
Gute mündliche und schriftliche Ausdrucksfähigkeit
Sicheres, selbstbewusstes und höfliches Auftreten
Selbstständige und strukturierte Arbeitsweise

Das bieten wir dir
Attraktive Vergütung:
im 1. Ausbildungsjahr 1.355 €;
im 2. Ausbildungsjahr 1.432 €;
im 3. Ausbildungsjahr 1.520 €
Kostenloses Deutschlandticket und zentrale Lage im Kölner Süden – die Straßenbahnhaltestelle ist direkt vor der Tür
Überdurchschnittliche Sozialleistungen und Benefits
Schnupperwoche in Berlin und Brüssel – natürlich übernimmt der Arbeitgeber die Kosten
Flexible Arbeitszeiten. So kannst du Freizeit und Arbeit gut unter einen Hut bringen
Du erwirbst fundierte Berufserfahrung und lernst die Aufgaben und Strukturen eines großen und wichtigen Verbandes an der Schnittstelle von Gesundheitspolitik und Versicherungswirtschaft kennen
Wir geben dir viel Spielraum für eigene Ideen und Verantwortlichkeiten
Ausbildungsvergütung
1. Ausbildungsjahr: 1.355,00 €
2. Ausbildungsjahr: 1.432,00 €
3. Ausbildungsjahr: 1.520,00 €
Bewerbungsunterlagen
vollständige Bewerbungsunterlagen
Anschreiben
Lebenslauf
die letzten 2 Schulzeugnisse
Tipp: Beziehe dich in deiner Bewerbung auf AUBI-plus!
Mit bewerbung2go kannst du deine Bewerbungsunterlagen erstellen.
Deine AUBI-plus Jobmail
Lass deinen Bot für dich suchen! Lege deine Suchkriterien fest und lehn dich zurück. Du bekommst aktuelle Stellen für deinen Traumberuf direkt per Mail zugeschickt.
SUCHBOT ERSTELLEN
Ähnliche Suchanfragen:
AUSBILDUNG KÖLN
AUSBILDUNG IN NORDRHEIN-WESTFALEN
AUSBILDUNG 2026
AUSBILDUNG ALS FACHINFORMATIKER FACHRICHTUNG ANWENDUNGSENTWICKLUNG (M/W/D) IN KÖLN
AUBI-plus
Über uns
Karriere
Partner
FAQ
News & Events
Presse
Blog
Messen & Aktionstage
DEUTSCHES AUSBILDUNGSFORUM
Produkte & Dienstleistungen
Für Ausbildungsbetriebe
Für Hochschulen
Für Schulen
Für Eltern
Besuch uns auch auf:
Region ändern:
AUBI-plus Österreich (deutsch)
AUBI-plus Schweiz (deutsch)
AUBI-plus Italien (deutsch)
AUBI-plus
Impressum
AGB
Datenschutz",,2026-06-13T14:52:47.508708+00:00
INDEED-359c049c09122cce,indeed_de_ae,Ford Versicherungs-Vermittlungs-GmbH (FVV),Köln,Köln NW,Ausbildung | zur/zum Fachinformatiker/-in Anwendungsentwicklung,ae,,,Berufsausbildung,53,empty,,https://www.hiringlab.org/de/,portal,,,Ford Versicherungs-Vermittlungs-GmbH (FVV) | Ausbildung | zur/zum Fachinformatiker/-in Anwendungsentwicklung | Köln,tidak,belum,sedang,"Ausbildung zur/zum Fachinformatiker/-in Anwendungsentwicklung

Das lernst du bei uns
Entwicklung von individuellen Software-, Informations- und Kommunikationslösungen
Unterstützung und Beratung von Anwendern bei IT-Fragen
Analyse von Problemen und Erarbeitung passender Lösungen

Bewertung von Hard- und Softwarevoraussetzungen
Aufbereitung und Konvertierung von Daten für verschiedene Softwaresysteme
Entwicklung von Datenmodellen sowie Programmierung von Schnittstellen
Ausbildung bei der FVV
Die Ausbildung dauert 3 Jahre und findet bei der Ford Versicherungs-Vermittlungs-GmbH in den Ford-Werken Köln statt.
Das nötige theoretische Wissen bekommst du in der Berufsschule und durch interne Schulungen.
Start: 1. September 2026
Ein Praktikum vorab ist möglich!
Das solltest du mitbringen
(Fach-)Abitur oder einen sehr guten Realschulabschluss
Gute Noten in Mathematik
Technisches Verständnis und Interesse an IT
Motivation, Neues zu lernen
Idealerweise erste Erfahrungen mit IT, z. B. durch Schule, Projekte oder Hobbys
Deine Zukunft bei uns
Wenn du dich gut entwickelst und Lust auf mehr hast, unterstützen wir dich auch bei einem berufsbegleitenden Studium – während oder nach der Ausbildung.
Neugierig geworden?
Dann melde dich bei uns! Schreib uns, ruf uns an oder bewirb dich direkt über das Ford-Ausbildungsportal . Wir freuen uns darauf, dich kennenzulernen.","Bewertung von Hard- und Softwarevoraussetzungen
Aufbereitung und Konvertierung von Daten für verschiedene Softwaresysteme
Entwicklung von Datenmodellen sowie Programmierung von Schnittstellen
Ausbildung bei der FVV
Die Ausbildung dauert 3 Jahre und findet bei der Ford Versicherungs-Vermittlungs-GmbH in den Ford-Werken Köln statt.
Das nötige theoretische Wissen bekommst du in der Berufsschule und durch interne Schulungen.
Start: 1. September 2026
Ein Praktikum vorab ist möglich!
Das solltest du mitbringen
(Fach-)Abitur oder einen sehr guten Realschulabschluss
Gute Noten in Mathematik
Technisches Verständnis und Interesse an IT
Motivation, Neues zu lernen
Idealerweise erste Erfahrungen mit IT, z. B. durch Schule, Projekte oder Hobbys
Deine Zukunft bei uns
Wenn du dich gut entwickelst und Lust auf mehr hast, unterstützen wir dich auch bei einem berufsbegleitenden Studium – während oder nach der Ausbildung.
Neugierig geworden?
Dann melde dich bei uns! Schreib uns, ruf uns an oder bewirb dich direkt über das Ford-Ausbildungsportal . Wir freuen uns darauf, dich kennenzulernen.",2026-06-13T11:27:41.091857+00:00
AZDE-10808932,azubi_de_fi,HDI Group,Köln,50679 Köln DE,Ausbildung | als Fachinformatiker:in Anwendungsentwicklung,ae,,,,53,empty,,https://www.azubi.de/ausbildungsplatz/10808932-p-ausbildung-als-fachinformatiker-in-anwendungsentwicklung/apply,portal,,,HDI Group | Ausbildung | als Fachinformatiker:in Anwendungsentwicklung | Köln,tidak,belum,sedang,"Ausbildung als Fachinformatiker:in Anwendungsentwicklung

Deine Aufgaben
- Du möchtest Software nicht nur nutzen, sondern verstehen, wie sie funktioniert? In unserer dreijährigen Ausbildung als Fachinformatiker:in Anwendungsentwicklung zeigen wir Dir, was in unserer Software steckt und welche Tools Du zum Entwickeln benötigst.
- Wir gestalten Deine Praxisphasen gemeinsam nach Deinen Interessen, damit Du Deine Stärken optimal einbringen und entwickeln kannst.
- We – Du bist nicht allein, sondern stets Teil eines Teams sowie unserer Community von IT-Nachwuchstalenten.
- (de)code - wir zeigen Dir alles , was vor der ersten und nach der letzten Zeile Code passiert.
- Insurance - Du erhältst Einblicke in die Versicherungswelt und die Technik dahinter.
- Spannende Aufgaben rund um Anforderungsmanagement, Programmierung, Künstliche Intelligenz, Cloud-Services sowie agile Arbeitsmethoden erwarten Dich.

Dein Profil
- Computer und Technik interessieren Dich - vielleicht hast Du auch schon erste Erfahrungen im Programmieren gesammelt.
- Dein Umfeld wendet sich bei technischen Fragestellungen gerne an Dich.
- Sollte mal etwas nicht funktionieren, suchst Du nach der Ursache.
- Teamarbeit macht Dir Spaß – gleichzeitig möchtest Du auch eigenverantwortlich Aufgaben übernehmen.
- Gute Fachoberschulreife (mittlere Reife), (Fach-) Abitur – auch Menschen, die sich nach einem begonnenen Berufsweg oder Studium umorientieren möchten, sind herzlich willkommen.

Deine Benefits
- Ausbildungscommunity
Jeder für sich? Nicht bei uns. Unsere bundesweit digitale Ausbildungscommunity unterstützt bei Fragen, Lerngruppenbildung und Prüfungsvorbereitung.
- Gesundheitsmanagement
Mit unserem betrieblichen Gesundheitsmanagement wollen wir Deine physische und psychische Gesundheit stärken. Gleichzeitig steht hier der Spaß und das Networking an erster Stelle.
- Coaching und Trainings
Neben fachlicher Weiterbildung bieten wir Dir individuelle Coachings sowie spezielle Trainings an, die Dir helfen, Deine Kommunikationsfähigkeiten, Präsentationstechniken und Entscheidungsfindungen weiter auszubauen.
- Kostenübernahme Prüfungsvorbereitungskurse & Literatur
Auf Deine Prüfungen bereiten wir Dich bestens mit Prüfungsvorbereitungskursen und verschiedenen Seminaren vor.
Be You!
Bei uns steht der Mensch im Fokus. Wir leben eine Unternehmenskultur der Offenheit sowie Wertschätzung und garantieren allen Mitarbeiter:innen und Kandidat:innen Chancengleichheit. So schaffen wir ein Umfeld, in dem das persönliche Potenzial bestmöglich entfaltet werden kann.","Dein Profil
- Computer und Technik interessieren Dich - vielleicht hast Du auch schon erste Erfahrungen im Programmieren gesammelt.
- Dein Umfeld wendet sich bei technischen Fragestellungen gerne an Dich.
- Sollte mal etwas nicht funktionieren, suchst Du nach der Ursache.
- Teamarbeit macht Dir Spaß – gleichzeitig möchtest Du auch eigenverantwortlich Aufgaben übernehmen.
- Gute Fachoberschulreife (mittlere Reife), (Fach-) Abitur – auch Menschen, die sich nach einem begonnenen Berufsweg oder Studium umorientieren möchten, sind herzlich willkommen.",2026-06-13T10:35:24.413914+00:00
STEP-13964876,stepstone_de_dpa,HDI Service AG,Köln,"Köln, Deutz Köln",Ausbildung | als Fachinformatiker:in Anwendungsentwicklung,ae,,,,53,empty,,https://twitter.com/stepstone_de,portal,,,HDI Service AG | Ausbildung | als Fachinformatiker:in Anwendungsentwicklung | Köln,tidak,belum,sedang,"Ausbildung als Fachinformatiker:in Anwendungsentwicklung

Deine Aufgaben
Du möchtest Software nicht nur nutzen, sondern verstehen, wie sie funktioniert? In unserer dreijährigen Ausbildung als Fachinformatiker:in Anwendungsentwicklung zeigen wir Dir, was in unserer Software steckt und welche Tools Du zum Entwickeln benötigst.
Wir gestalten Deine Praxisphasen gemeinsam nach Deinen Interessen, damit Du Deine Stärken optimal einbringen und entwickeln kannst.
We – Du bist nicht allein, sondern stets Teil eines Teams sowie unserer Community von IT-Nachwuchstalenten.
(de)code - wir zeigen Dir alles , was vor der ersten und nach der letzten Zeile Code passiert.
Insurance - Du erhältst Einblicke in die Versicherungswelt und die Technik dahinter.
Spannende Aufgaben rund um Anforderungsmanagement, Programmierung, Künstliche Intelligenz, Cloud-Services sowie agile Arbeitsmethoden erwarten Dich.
Teamarbeit macht Dir Spaß – gleichzeitig möchtest Du auch eigenverantwortlich Aufgaben übernehmen.
Gute Fachoberschulreife (mittlere Reife), (Fach-) Abitur – auch Menschen, die sich nach einem begonnenen Berufsweg oder Studium umorientieren möchten, sind herzlich willkommen.
Innerhalb der HDI Group bündeln wir die Aufgaben für die verschiedenen Gesellschaften in der Privat- und Firmenversicherung sowie der Industrieversicherung. Bei uns hast Du die Chance, immer wieder neue Wege zu entdecken, gemeinsam mit uns zu wachsen und Dich weiterzuentwickeln.

Dein Profil
Computer und Technik interessieren Dich - vielleicht hast Du auch schon erste Erfahrungen im Programmieren gesammelt.
Dein Umfeld wendet sich bei technischen Fragestellungen gerne an Dich.
Sollte mal etwas nicht funktionieren, suchst Du nach der Ursache.

Deine Benefits
Ausbildungscommunity
Jeder für sich? Nicht bei uns. Unsere bundesweit digitale Ausbildungscommunity unterstützt bei Fragen, Lerngruppenbildung und Prüfungsvorbereitung.
Gesundheitsmanagement
Mit unserem betrieblichen Gesundheitsmanagement wollen wir Deine physische und psychische Gesundheit stärken. Gleichzeitig steht hier der Spaß und das Networking an erster Stelle.
Coaching und Trainings
Neben fachlicher Weiterbildung bieten wir Dir individuelle Coachings sowie spezielle Trainings an, die Dir helfen, Deine Kommunikationsfähigkeiten, Präsentationstechniken und Entscheidungsfindungen weiter auszubauen.
Kostenübernahme Prüfungsvorbereitungskurse & Literatur
Auf Deine Prüfungen bereiten wir Dich bestens mit Prüfungsvorbereitungskursen und verschiedenen Seminaren vor.
Be You!
Bei uns steht der Mensch im Fokus. Wir leben eine Unternehmenskultur der Offenheit sowie Wertschätzung und garantieren allen Mitarbeiter:innen und Kandidat:innen Chancengleichheit. So schaffen wir ein Umfeld, in dem das persönliche Potenzial bestmöglich entfaltet werden kann.
Starte durch bei der HDI Group!","Dein Profil
Computer und Technik interessieren Dich - vielleicht hast Du auch schon erste Erfahrungen im Programmieren gesammelt.
Dein Umfeld wendet sich bei technischen Fragestellungen gerne an Dich.
Sollte mal etwas nicht funktionieren, suchst Du nach der Ursache.",2026-06-12T21:25:14.750087+00:00
AZDE-10810444,azubi_de_fi,imbus Rheinland GmbH,Köln,50996 Köln DE,Ausbildung | Fachinformatiker für Anwendungsentwicklung (m/w/d),ae,,,,53,empty,,https://www.azubi.de/ausbildungsplatz/10810444-b-ausbildung-fachinformatiker-fuer-anwendungsentwicklung-m-w-d/apply,portal,,,imbus Rheinland GmbH | Ausbildung | Fachinformatiker für Anwendungsentwicklung (m/w/d) | Köln,tidak,belum,sedang,"Ausbildung Fachinformatiker für Anwendungsentwicklung (m/w/d)

Das erwartet dich
- Die Grundwerkzeuge der Informatik sind verschiedene Programmiersprachen. Den Anfang deiner Ausbildung machen das Erlernen und Einsetzen von Programmiersprachen, wie Python und C#. Später kommen noch Tools für die Webentwicklung wie HTML, CSS, JavaScript und PHP dazu.
- Zur Informatik gehört mehr als das bloße Programmieren. Du lernst, wie du von der Idee zur fertigen Software kommst. Und wie du diese auf jegliche Schwachstellen testest. Natürlich beginnen wir einfach und werden mit der Zeit immer komplexer.
- Nach Beendigung deiner Ausbildung bist du nicht nur Fachinformatiker:in, sondern hast durch Schulungen in unserer Akademie viele relevante Zertifikate, wie den ISTQB® Certified Tester und Agile Tester, erworben.
- Um deine Ausbildung praxisnah zu gestalten, wirst du in kürzester Zeit in echten Kundenprojekten mitarbeiten. Selbstverständlich lassen wir dich dabei nicht allein, sondern unterstützen dich beim Einstieg ins spätere Berufsleben.
- Die Berufsschule in Köln besuchst du im Teilzeitunterricht an ein bis zwei Tagen pro Woche. Für die Fahrten dorthin übernehmen wir die Kosten des Deutschlandtickets für dich.

Einleitung
Coole Software zu entwickeln macht echt Laune. Nur was passiert eigentlich, wenn bei der Entwicklung Fehler gemacht werden? Bei einer Spiele-App wäre das zwar ärgerlich, verursacht jedoch noch keinen größeren Schaden. Aber bei der Software in einem Flugzeug oder beim smarten Kühlschrank, der Nachschub selbst bestellt? Genau das ist unser Job: Wir prüfen die Qualität von Software und finden mögliche Fehler.
Als Fachinformatiker für Anwendungsentwicklung (m/w/d) konzipierst und programmierst du Software nach Kundenwünschen und testest Anwendungen auf Schwachstellen. Das können zum Beispiel Smart TVs, medizinische Geräte oder Apps sein – Software gibt es überall.
Komm zu imbus und bewirb dich für eine Ausbildung zum Fachinformatiker für Anwendungsentwicklung (m/w/d) an unserem Standort in Köln ab dem 01. August 2026.
Das bringst du mit
- Hast du Interesse am Umgang mit Soft- und Hardware und möchtest hinter die IT-Kulissen schauen? Bist du zusätzlich neugierig auf neue Technologien und Methoden? Super!
- Deine Stärken liegen im naturwissenschaftlichen Bereich und du hast ein gutes technisches sowie mathematisches Verständnis.
- Für uns zählt das Miteinander und wir unterstützen uns gegenseitig. Damit das funktioniert, suchen wir Teamplayer, die nicht davor zurückscheuen, neue Wege mit uns zu gehen.
- Kannst du dich gut organisieren und strukturiert arbeiten? Hast du außerdem Lust darauf, ständig Neues zu lernen? Dann passt du perfekt zu uns!
- Du sprichst fließend Deutsch (europäische Kompetenzstufe C2) und konntest dir bereits gute Englischkenntnisse (europäische Kompetenzstufe B2) aneignen.

Wir bieten mehr
- Flache Hierarchien und Du-Kultur: Vom Vorstand bis zum Azubi, bei imbus steht das herzliche Miteinander und das Du im Vordergrund.
- Individuelle Betreuung: Durch fachbezogene Ausbilder:innen steht eine individuelle und intensive Betreuung im Fokus.
- Learning on the Job: Durch die Simulation von realen Kundenprojekten können sich unsere Auszubildenden auf die spätere Tätigkeit vorbereiten und wichtige Erfahrungen sammeln.
- Veranstaltungen: Bei Firmenveranstaltungen, Sommerfesten, Weihnachtsfeiern oder dem Seminarwochenende kommen unsere Mitarbeitenden zusammen, feiern gemeinsam Erfolge und lernen sich auch standortübergreifend kennen.
Aufgaben","Einleitung
Coole Software zu entwickeln macht echt Laune. Nur was passiert eigentlich, wenn bei der Entwicklung Fehler gemacht werden? Bei einer Spiele-App wäre das zwar ärgerlich, verursacht jedoch noch keinen größeren Schaden. Aber bei der Software in einem Flugzeug oder beim smarten Kühlschrank, der Nachschub selbst bestellt? Genau das ist unser Job: Wir prüfen die Qualität von Software und finden mögliche Fehler.
Als Fachinformatiker für Anwendungsentwicklung (m/w/d) konzipierst und programmierst du Software nach Kundenwünschen und testest Anwendungen auf Schwachstellen. Das können zum Beispiel Smart TVs, medizinische Geräte oder Apps sein – Software gibt es überall.
Komm zu imbus und bewirb dich für eine Ausbildung zum Fachinformatiker für Anwendungsentwicklung (m/w/d) an unserem Standort in Köln ab dem 01. August 2026.
Das bringst du mit
- Hast du Interesse am Umgang mit Soft- und Hardware und möchtest hinter die IT-Kulissen schauen? Bist du zusätzlich neugierig auf neue Technologien und Methoden? Super!
- Deine Stärken liegen im naturwissenschaftlichen Bereich und du hast ein gutes technisches sowie mathematisches Verständnis.
- Für uns zählt das Miteinander und wir unterstützen uns gegenseitig. Damit das funktioniert, suchen wir Teamplayer, die nicht davor zurückscheuen, neue Wege mit uns zu gehen.
- Kannst du dich gut organisieren und strukturiert arbeiten? Hast du außerdem Lust darauf, ständig Neues zu lernen? Dann passt du perfekt zu uns!
- Du sprichst fließend Deutsch (europäische Kompetenzstufe C2) und konntest dir bereits gute Englischkenntnisse (europäische Kompetenzstufe B2) aneignen.",2026-06-13T10:35:25.774175+00:00
STEP-14008776,stepstone_de_ae,parcIT GmbH,Köln,Erftstraße 15 50672 Köln,Ausbildung | Software Architect Web-Frontend (m/w/d),ae,,,,53,empty,,https://twitter.com/stepstone_de,portal,,,parcIT GmbH | Ausbildung | Software Architect Web-Frontend (m/w/d) | Köln,tidak,belum,sedang,"Software Architect Web-Frontend (m/w/d)

ein spannendes sowie fachlich anspruchsvolles Aufgabenumfeld , mit agilen Methoden und interdisziplinärer Zusammenarbeit ein internes Onboarding-Konzept individuell maßgeschneiderte Möglichkeiten zur fachlichen und persönlichen Weiterentwicklung sowie eigenverantwortliches Lernen via LinkedIn-Learning-Plattform ein vertrauensvolles und aktives Miteinander , das wir auch abseits des Schreibtischs pflegen Eigenverantwortung sowie themen- und bereichsübergreifendes Arbeiten bei flexiblen Arbeitszeiten mit der Wahlmöglichkeit von max. 80 % mobiles Arbeiten , damit Arbeit und Freizeit leicht miteinander vereinbar sind, sowie der Möglichkeit von bis zu 15 Tagen remote Arbeiten aus dem europäischen Ausland einen modernen Arbeitsplatz im Zentrum Kölns mit eigenem Fitnessbereich und Eltern-Kind-Büro attraktive Zusatzleistungen wie u. a. Deutschlandticket als JobTicket , Bikeleasing , Zuschüsse zur Kinderbetreuung und betriebliche Altersvorsorge sowie die Nutzung unseres Urban Sports Club Firmenfitness-Angebotes weitere Benefits finden Sie auf unserer Homepage und natürlich unseren Podcast „Live bei parcIT“ | parcIT GmbH
Sie passen in unser Mosaik?
Dann möchten wir Sie gerne zu einem Kaffee im Herzen Kölns einladen. Sie sind sich unsicher, ob wir zusammenpassen? Lassen Sie es uns gemeinsam im Gespräch herausfinden, wir freuen uns auf Sie. Bewerben Sie sich gleich über den Button. Ihre Fragen beantwortet Sabine Loevenich.
Sabine Loevenich
Telefon +49 221 58475-237
parcIT GmbH | Erftstraße 15 | 50672 Köln | www.parcIT.de

die Mitarbeit in einem agilen Team zur Umsetzung vielfältiger Anforderungen im Web-Frontend der Aufbau und die Weiterentwicklung eines modernen Web-Frontend-Frameworks für unsere Web-Applikationen die Abstimmung mit anderen Teammitgliedern zur Klärung und Umsetzung technischer Anforderungen die Evaluierung und Einführung neuer Technologien und Frameworks die Unterstützung anderer Teams bei der Nutzung der Technologien und Frameworks der regelmäßige Austausch mit Kolleg*innen in Meetings und Dailys
Was Sie auszeichnet: Teamgeist und ...
ein erfolgreich abgeschlossenes Studium der Informatik , eine erfolgreich abgeschlossene Ausbildung zum/r Fachinformatiker/in Anwendungsentwicklung oder eine vergleichbare Qualifikation mindestens 5 Jahre Erfahrung in der Entwicklung von Angular-Enterprise-Anwendungen (Java mit Spring Boot im Backend) fundierte Erfahrung im Bereich Software-Architektur und -Design Erfahrung im Bereich Micro-Frontend-Technologien (z. B. Module Federation) kompetente Deutschkenntnisse (C1) eine sehr selbstständige und ergebnisorientierte Arbeitsweise sowie Qualitätsorientierung , gepaart mit Pragmatismus und Kundenorientierung Eigeninitiative, Gestaltungswille sowie Spaß an der Entwicklung zukunftsfähiger Lösungen
Was Sie bei uns erwartet: Ein buntes Team aus rund 500 engagierten Kolleg*innen und …","die Mitarbeit in einem agilen Team zur Umsetzung vielfältiger Anforderungen im Web-Frontend der Aufbau und die Weiterentwicklung eines modernen Web-Frontend-Frameworks für unsere Web-Applikationen die Abstimmung mit anderen Teammitgliedern zur Klärung und Umsetzung technischer Anforderungen die Evaluierung und Einführung neuer Technologien und Frameworks die Unterstützung anderer Teams bei der Nutzung der Technologien und Frameworks der regelmäßige Austausch mit Kolleg*innen in Meetings und Dailys
Was Sie auszeichnet: Teamgeist und ...
ein erfolgreich abgeschlossenes Studium der Informatik , eine erfolgreich abgeschlossene Ausbildung zum/r Fachinformatiker/in Anwendungsentwicklung oder eine vergleichbare Qualifikation mindestens 5 Jahre Erfahrung in der Entwicklung von Angular-Enterprise-Anwendungen (Java mit Spring Boot im Backend) fundierte Erfahrung im Bereich Software-Architektur und -Design Erfahrung im Bereich Micro-Frontend-Technologien (z. B. Module Federation) kompetente Deutschkenntnisse (C1) eine sehr selbstständige und ergebnisorientierte Arbeitsweise sowie Qualitätsorientierung , gepaart mit Pragmatismus und Kundenorientierung Eigeninitiative, Gestaltungswille sowie Spaß an der Entwicklung zukunftsfähiger Lösungen
Was Sie bei uns erwartet: Ein buntes Team aus rund 500 engagierten Kolleg*innen und …",2026-06-12T21:02:01.161292+00:00
STEP-13078159,stepstone_de_dpa,TÜV Rheinland Group,Köln,51105 Köln,Ausbildung | Fachinformatiker/-in Anwendungsentwicklung (w/m/d),ae,2026,9,,53,empty,,https://twitter.com/stepstone_de,portal,,,TÜV Rheinland Group | Ausbildung | Fachinformatiker/-in Anwendungsentwicklung (w/m/d) | Köln,tidak,belum,sedang,"Ausbildung Fachinformatiker/-in Anwendungsentwicklung (w/m/d)

Planung und Konfiguration: Bei uns erlernst du, wie du IT-Infrastrukturen und Client-Server-Systeme planen und konfigurieren kannst. Hierbei stattest du Arbeitsplätze kundengerecht aus, integrierst Clients in Netzwerke und führst Schutzbedarfsanalysen durch. Auch Softwareanpassungen und die Planung, Einrichtung, Wartung und Administration von Systemen und Rechnernetzen erlernst du in unserer konzernweiten IT-Umgebung. Netzwerke und Dienste: Du stehst den Anwendern in unserer weltweit verzweigten Microsoft-Umgebung zur Seite und kennst auf nahezu jede Frage eine Antwort. Vertiefung Systemintegration: Du wirst zum/zur Spezialist*in in der Bereitstellung von Serverdiensten, automatisierst Administrationsaufgaben und stellst den Betrieb vernetzter Systeme sicher und gewährleistest deren Sicherheit. Vertiefung Anwendungsentwicklung: Du tauchst tief in die Welt der Anwendungsentwicklung ein, gestaltest Benutzerschnittstellen, realisierst umfassende Anwendungssysteme und entwickelst individuelle Lösungen für unsere Kunden. Kontinuierliches Lernen und persönliche Weiterentwicklung: Regelmäßige interne und externe Schulungen sorgen dafür, dass du immer auf dem neuesten Stand der Technik bleibst. Ausbildungsbeginn: 01.09.2026.
Erfahrung & weitere Qualifikationen
Schulische Voraussetzung: Du hast die mittlere Reife oder Fachhochschulreife/Abitur mit guten Noten in den naturwissenschaftlichen Fächern, Englisch und bestenfalls Informatik absolviert. Sprachkenntnisse: Sehr gute Englischkenntnisse in Wort und Schrift bringen dich bei uns weiter. Technikbegeisterung: Dein Interesse für IT ist tiefgründig und du bleibst immer auf dem neuesten Stand der Technik. Deine Persönlichkeit: Du bist motiviert, zuverlässig, neugierig und hast Spaß am Arbeiten im Team.

Was wir bieten
Weiterbildungsangebote - Von Coaching- und Mentoring-Programmen bis zum ""Women´s Network"". Mitarbeitergespräche - Regelmäßiger Austausch auf Augenhöhe. Gut versichert - Unfallversicherung, Berufsunfähigkeitsversicherung, vergünstigte Versicherungen. Gesundheitsschutzmaßnahmen - Betriebssportgruppen, Seminare, Vorsorgemaßnahmen und mehr. Vergünstigungen - Preisnachlässe für Mitarbeiter*innen, z.B. im Sportstudio oder beim Autokauf.",,2026-06-12T21:20:40.450664+00:00
STEP-14077883,stepstone_de_dpa,Jet Systems GmbH,Köln,Köln Köln,Ausbildung | 2026 - Fachinformatiker für Anwendungsentwicklung (m/w/d),ae,2026,8,,47,empty,,https://twitter.com/stepstone_de,portal,"Kontakt
Bewirb dich jetzt
info@et-systems.de
Kaweh Bayatzadeh",,Jet Systems GmbH | Ausbildung | 2026 - Fachinformatiker für Anwendungsentwicklung (m/w/d) | Köln,ya,belum,rendah,"Ausbildung 2026 - Fachinformatiker für Anwendungsentwicklung (m/w/d)

Das erwartet dich
In 2,5 bis 3 Jahren wirst du vom Einsteiger zur gefragten Entwickler im ERP-Umfeld. Du programmierst mit TypeScript, C#, Java und SQL , entwirfst Reports und Industrie-Labels, passt Software an und schulst die Anwender. Deine Ausbildung startet am 31.08.2026 in Limburg, Berufsschule ist di Friedrich-Dessauer-Schule e . Vom ersten Tag an arbeitest du an echten Projekten mit – nicht nur in der Theorie.
Warum du zu uns passt
Du hast Spaß am Programmieren oder möchtest es richtig lernen. Analytisches Denken, Kreativität und der Drang, Probleme zu lösen, gehören zu dir. Du arbeitest gern im Team, kannst aber auch selbstständig Projekte voranbringen. Gute Deutsch- und Englischkenntnisse helfen dir dabei.
Was du davon hast
Unbefristet • Vollzeit
Übernahmegarantie bei guten Leistungen
Intensive Einarbeitung durch erfahrene Entwickler, Berater und Administratoren
Familiäres Team und direkte Kommunikation
Moderne Arbeitsumgebung mit neuester Technik
Spannende Projekte, bei denen du siehst, was dein Code bewirkt",,2026-06-12T21:14:12.595755+00:00
MAD-2444481276,meine_ausbildung_ae,BBQ Baumann Bildung und Qualifizierung,Köln,,Fachinformatiker:in Anwendungsentwicklung Hol dir den IHK-Abschluss noch schneller,ae,,,,40,company,,https://www.bbq.de/nachqualifizierung/koeln/fachinformatiker-anwendungsentwicklung/,portal,,,BBQ Baumann Bildung und Qualifizierung | Fachinformatiker:in Anwendungsentwicklung Hol dir den IHK-Abschluss noch schneller | Köln,ya,belum,rendah,Fachinformatiker:in Anwendungsentwicklung Hol dir den IHK-Abschluss noch schneller,,2026-06-11T11:39:38.196030+00:00
MAD-2373074304,meine_ausbildung_ae,business//acts Informations- und Datensysteme GmbH,Köln,,Ausbildung zum Fachinformatiker für Anwendungsentwicklung (m/w/d),ae,,,,40,company,,https://www.sellify.de/fileadmin/content/downloads/05_stellenausschreibungen/deutsch/ausbildung_fia.pdf?utm_source=meine-ausbildung-in-deutschland,portal,,,business//acts Informations- und Datensysteme GmbH | Ausbildung zum Fachinformatiker für Anwendungsentwicklung (m/w/d) | Köln,ya,belum,rendah,Ausbildung zum Fachinformatiker für Anwendungsentwicklung (m/w/d),,2026-06-11T12:02:41.890645+00:00
MAD-2447721564,meine_ausbildung_ae,Ford Aus- und Weiterbildung e.V.,Köln,,Fachinformatiker/-in für Anwendungsentwicklung (m/w/d),ae,,,,40,company,,https://www.ford-aus-und-weiterbildung.com/jobs/ausbildung-bei-der-fvv-koeln/fachinformatiker-fuer-anwendungsentwicklung-m-w-d-2/?utm_source=meine-ausbildung-in-deutschland,portal,,,Ford Aus- und Weiterbildung e.V. | Fachinformatiker/-in für Anwendungsentwicklung (m/w/d) | Köln,ya,belum,rendah,Fachinformatiker/-in für Anwendungsentwicklung (m/w/d),,2026-06-11T11:37:29.565313+00:00
MAD-2383975673,meine_ausbildung_ae,ifaktor GmbH,Köln,,Auszubildenden Fachinformatiker für Anwendungsentwicklung (m/w/d),ae,,,,40,company,,https://www.ifaktor.de/ueber-uns/karriere/?utm_source=meine-ausbildung-in-deutschland#elementor-tab-title-2343,portal,,,ifaktor GmbH | Auszubildenden Fachinformatiker für Anwendungsentwicklung (m/w/d) | Köln,ya,belum,rendah,Auszubildenden Fachinformatiker für Anwendungsentwicklung (m/w/d),,2026-06-11T11:59:22.885326+00:00
MAD-2375198366,meine_ausbildung_ae,Loco-Soft Vertriebs GmbH,Köln,,Ausbildungsberuf: Fachinformatiker (m/w/d) der Fachrichtung Anwendungsentwicklung,ae,,,,40,company,,https://loco-soft.de/files/content/karriere/pdf/2026_duales-studium-informatik.pdf?utm_source=meine-ausbildung-in-deutschland,portal,,,Loco-Soft Vertriebs GmbH | Ausbildungsberuf: Fachinformatiker (m/w/d) der Fachrichtung Anwendungsentwicklung | Köln,ya,belum,rendah,Ausbildungsberuf: Fachinformatiker (m/w/d) der Fachrichtung Anwendungsentwicklung,,2026-06-11T12:02:13.836211+00:00
MAD-2393080825,meine_ausbildung_ae,MARINGO Computers GmbH,Köln,,Ausbildung zum Fachinformatiker Anwendungsentwicklung (m/w/d),ae,,,,40,company,,https://www.maringo.de/karriere/anwendungsentwicklung/?utm_source=meine-ausbildung-in-deutschland,portal,,,MARINGO Computers GmbH | Ausbildung zum Fachinformatiker Anwendungsentwicklung (m/w/d) | Köln,ya,belum,rendah,Ausbildung zum Fachinformatiker Anwendungsentwicklung (m/w/d),,2026-06-11T11:57:53.214150+00:00
MAD-2400205107,meine_ausbildung_ae,Media Cologne Kommunikationsmedien GmbH,Köln,,Ausbildung Fachinformatiker für Anwendungsentwicklung (m/w/d),ae,,,,40,company,,https://mediacologne.de/karriere/ausbildung-fachinformatiker-anwendungsentwicklung?utm_source=meine-ausbildung-in-deutschland,portal,,,Media Cologne Kommunikationsmedien GmbH | Ausbildung Fachinformatiker für Anwendungsentwicklung (m/w/d) | Köln,ya,belum,rendah,Ausbildung Fachinformatiker für Anwendungsentwicklung (m/w/d),,2026-06-11T11:55:53.065010+00:00
MAD-2420644644,meine_ausbildung_ae,TravelTrex GmbH,Köln,,Ausbildung Fachinformatiker Anwendungsentwicklung (m/w/d),ae,,,,40,company,,https://www.traveltrex.com/stellenausschreibung_jobs_praktikum/Ausbildung_1029.html?utm_source=meine-ausbildung-in-deutschland,portal,,,TravelTrex GmbH | Ausbildung Fachinformatiker Anwendungsentwicklung (m/w/d) | Köln,ya,belum,rendah,Ausbildung Fachinformatiker Anwendungsentwicklung (m/w/d),,2026-06-11T11:52:01.105989+00:00
10000-1205537916-S,fachinformatiker_dpa,GVV Kommunalversicherung VVaG,Köln,"Aachener Str. 952-958, 50933 Köln",Ausbildung | Fachinformatiker/in - Daten- und Prozessanalyse,dpa,,,,80,ba_portal,,https://www.arbeitsagentur.de/jobsuche/jobdetail/10000-1205537916-S,ba_portal,,https://www.arbeitsagentur.de/jobsuche/jobdetail/10000-1205537916-S,GVV Kommunalversicherung VVaG | Ausbildung | Fachinformatiker/in - Daten- und Prozessanalyse | Köln,ya,belum,rendah,"Ausbildung zum Fachinformatiker (m/w/d) für Daten- und Prozessanalyse

Karrierestart?
Komm in unser Team!
Bereit für deinen Karrierestart?
Dann komm in unser Team.  Entdecke die Welt der Hobby-Programmierer, Mathe-Profis und Software-Tüftler!  Arbeite an spannenden Projekten und wachse mit echten Herausforderungen.

Wir suchen DICH zum 1. September 2026 für die

## Ausbildung zum Fachinformatiker (m/w/d) für Daten- und Prozessanalyse

Deine Ausbildung - mehr als nur Theorie
Wir versichern dir eine Ausbildung, die wirklich Spaß macht!  Von Anfang an bist du mittendrin statt nur dabei: Du arbeitest an echten Aufgaben, bekommst Verantwortung und wirst dabei von erfahrenen Kolleginnen und Kollegen begleitet.

Regelmäßiges Feedback, persönliche Unterstützung und eine top Vorbereitung auf deine Abschlussprüfung gehören für uns selbstverständlich dazu. Und das Beste: Deine Chancen auf eine Übernahme stehen sehr gut.

• Begleite die Analyse und Auswertung von Daten und trage so zur schrittweisen Optimierung unserer Geschäftsprozesse bei
• Unterstütze im Team bei der Modellierung, Dokumentation und Weiterentwicklung von Arbeits- und IT-Prozessen
• Sei von Anfang an aktiv dabei und wirke an spannenden Digitalisierungs- und Automatisierungsprojekten mit
• Begleite die Erhebung, Analyse und Strukturierung von Anforderungen gemeinsam mit den Fachbereichen
• Unterstütze bei der Erstellung von Datenmodellen, Auswertungen und einfachen Reports
• Arbeite im Team mit und lerne dabei gängige Projektmanagement-Methoden sowie Qualitätssicherungsmaßnahmen kennen

Dein Profil
Du hast Lust, dich weiterzuentwickeln, bist motiviert, von Profis zu lernen, und begreifst neue Zusammenhänge schnell – was du bereits mit einem guten Schulabschluss unter Beweis gestellt hast.  Du bist zuverlässig, hast eine schnelle Auffassungsgabe, findest dich zügig in neue Systeme ein und bringst idealerweise Interesse an Daten- und Prozessanalysen mit.  Zudem arbeitest du gerne im Team, bringst dich aktiv ein und schätzt den gemeinsamen Erfolg.

Deine Benefits

Work-Life-Balance
Flexible Arbeitszeiten
Mobiles Arbeiten
30 Tage Urlaub & zusätzliche freie Tage

Finanzielle Vorteile
1.441 € Vergütung, Weihnachts-& Urlaubsgeld, Abschlussprämie
Betriebliche Altersvorsorge
Zuschuss zum Deutschland-Ticket

Und noch mehr
Digitale Lernangebote
Kostenfreie Tiefgarage inkl. Wallboxen
Kantine
GVV Versicherungen sind doppelt zukunftsstark: Denn mit GVV Direkt und GVV Kommunal sind wir bestens aufgestellt.  GVV Kommunal bietet maßgeschneiderte, leistungs­starke Ver­sicher­un­gskonzepte und Service­leistungen für Kommunen, kommunale Unternehmen und Sparkassen.  GVV Direkt punktet mit besonders günstigen, vielfach ausgezeichneten Versicherungs­produkten und exzellentem Schaden­service.

Miteinander möglich machen lautet unser Marken­versprechen. Und so stehen bei uns immer die Menschen im Mittelpunkt - ganz gleich, ob Mitglieder, KundInnen oder Mitarbeitende.
Interesse geweckt?

Dann bewirb dich jetzt und lade dein Anschreiben, Lebenslauf, dein letztes Schulzeugnis und deine Praktikumsnachweise mit deiner Bewerbung hoch: https://gvv-kommunal.de/unternehmen/karriere/stellenangebote","• Begleite die Erhebung, Analyse und Strukturierung von Anforderungen gemeinsam mit den Fachbereichen
• Unterstütze bei der Erstellung von Datenmodellen, Auswertungen und einfachen Reports
• Arbeite im Team mit und lerne dabei gängige Projektmanagement-Methoden sowie Qualitätssicherungsmaßnahmen kennen",2026-06-11T08:15:49.753009+00:00
STEP-13620443,stepstone_de_dpa,GVV Versicherungen,Köln,Aachener Straße 952-958 50933 Köln,Ausbildung | zum Fachinformatiker (m/w/d) für Daten- und Prozessanalyse,dpa,,,1.441 €,73,empty,,https://twitter.com/stepstone_de,portal,,,GVV Versicherungen | Ausbildung | zum Fachinformatiker (m/w/d) für Daten- und Prozessanalyse | Köln,tidak,belum,sedang,"Ausbildung zum Fachinformatiker (m/w/d) für Daten- und Prozessanalyse

Wir versichern dir eine Ausbildung, die wirklich Spaß macht! Von Anfang an bist du mittendrin statt nur dabei: Du arbeitest an echten Aufgaben, bekommst Verantwortung und wirst dabei von erfahrenen Kolleginnen und Kollegen begleitet. Regelmäßiges Feedback, persönliche Unterstützung und eine top Vorbereitung auf deine Abschlussprüfung gehören für uns selbstverständlich dazu. Und das Beste: Deine Chancen auf eine Übernahme stehen sehr gut.
Begleite die Analyse und Auswertung von Daten und trage so zur schrittweisen Optimierung unserer Geschäftsprozesse bei
Unterstütze im Team bei der Modellierung, Dokumentation und Weiterentwicklung von Arbeits- und IT-Prozessen
Sei von Anfang an aktiv dabei und wirke an spannenden Digitalisierungs- und Automatisierungsprojekten mit

Begleite die Erhebung, Analyse und Strukturierung von Anforderungen gemeinsam mit den Fachbereichen
Unterstütze bei der Erstellung von Datenmodellen, Auswertungen und einfachen Reports
Arbeite im Team mit und lerne dabei gängige Projektmanagement-Methoden sowie Qualitätssicherungsmaßnahmen kennen
Dein Profil:
Du hast Lust, dich weiterzuentwickeln, bist motiviert, von Profis zu lernen, und begreifst neue Zusammenhänge schnell – was du bereits mit einem guten Schulabschluss unter Beweis gestellt hast. Du bist zuverlässig, hast eine schnelle Auffassungsgabe, findest dich zügig in neue Systeme ein und bringst idealerweise Interesse an Daten- und Prozessanalysen mit. Zudem arbeitest du gerne im Team, bringst dich aktiv ein und schätzt den gemeinsamen Erfolg.

Das bieten wir dir:
Work-Life-Balance
Flexible Arbeitszeiten
30 Tage Urlaub & zusätzliche freie Tage
Mobiles Arbeiten
Finanzielle Vorteile
1.441 € Vergütung
Weihnachts-& Urlaubsgeld
Abschlussprämie
Betriebliche Altersvorsorge
Und noch mehr für dich
Kostenfreie Tiefgarage
Zuschuss zum Deutschland-Ticket
Überbetrieblicher Unterricht
Kantine
Du hast Lust, Teil unseres Teams zu werden?","Begleite die Erhebung, Analyse und Strukturierung von Anforderungen gemeinsam mit den Fachbereichen
Unterstütze bei der Erstellung von Datenmodellen, Auswertungen und einfachen Reports
Arbeite im Team mit und lerne dabei gängige Projektmanagement-Methoden sowie Qualitätssicherungsmaßnahmen kennen
Dein Profil:
Du hast Lust, dich weiterzuentwickeln, bist motiviert, von Profis zu lernen, und begreifst neue Zusammenhänge schnell – was du bereits mit einem guten Schulabschluss unter Beweis gestellt hast. Du bist zuverlässig, hast eine schnelle Auffassungsgabe, findest dich zügig in neue Systeme ein und bringst idealerweise Interesse an Daten- und Prozessanalysen mit. Zudem arbeitest du gerne im Team, bringst dich aktiv ein und schätzt den gemeinsamen Erfolg.",2026-06-12T21:38:48.923887+00:00
AZDE-11616800,azubi_de_fi,GVV Kommunalversicherung VVaG,Köln,50933 Köln DE,Ausbildung | Fachinformatiker (m/w/d) für Daten- und Prozessanalyse,dpa,,,"Denn mit GVV Direkt und GVV Kommunal sind wir bestens aufgestellt. GVV Kommunal bietet maßgeschneiderte, leistungs­starke Ver­sicher­un­gskonzepte und Service­leistungen für Kommunen, kommunale Unternehmen und Sparkassen. GVV Direkt punktet mit besonders günstigen, vielfach ausgezeichneten Versicherungs­produkten und exzellentem Schaden­service.
Miteinander möglich machen lautet unser Marken­versprechen. Und so stehen bei uns immer die Menschen im Mittelpunkt - ganz gleich, ob Mitglieder, KundInnen oder Mitarbeitende.
Interesse geweckt?
Dann bewirb dich jetzt und lade dein Anschreiben, Lebenslauf, dein letztes Schulzeugnis und deine Praktikumsnachweise mit deiner Bewerbung hoch: https://gvv-kommunal.de/unternehmen/karriere/stellenangebote",67,empty,,https://www.azubi.de/ausbildungsplatz/11616800-b-fachinformatiker-m-w-d-fuer-daten-und-prozessanalyse/apply,portal,,,GVV Kommunalversicherung VVaG | Ausbildung | Fachinformatiker (m/w/d) für Daten- und Prozessanalyse | Köln,tidak,belum,sedang,"Fachinformatiker (m/w/d) für Daten- und Prozessanalyse

Einleitung
Ausbildung zum Fachinformatiker (m/w/d) für Daten- und Prozessanalyse
Karrierestart?
Komm in unser Team!
Bereit für deinen Karrierestart?
Dann komm in unser Team. Entdecke die Welt der Hobby-Programmierer, Mathe-Profis und Software-Tüftler! Arbeite an spannenden Projekten und wachse mit echten Herausforderungen.
Wir suchen DICH zum 1. September 2026 für die
Ausbildung zum Fachinformatiker (m/w/d) für Daten- und Prozessanalyse
Deine Ausbildung - mehr als nur Theorie
Wir versichern dir eine Ausbildung, die wirklich Spaß macht! Von Anfang an bist du mittendrin statt nur dabei: Du arbeitest an echten Aufgaben, bekommst Verantwortung und wirst dabei von erfahrenen Kolleginnen und Kollegen begleitet.
Regelmäßiges Feedback, persönliche Unterstützung und eine top Vorbereitung auf deine Abschlussprüfung gehören für uns selbstverständlich dazu. Und das Beste: Deine Chancen auf eine Übernahme stehen sehr gut.
• Begleite die Analyse und Auswertung von Daten und trage so zur schrittweisen Optimierung unserer Geschäftsprozesse bei
• Unterstütze im Team bei der Modellierung, Dokumentation und Weiterentwicklung von Arbeits- und IT-Prozessen
• Sei von Anfang an aktiv dabei und wirke an spannenden Digitalisierungs- und Automatisierungsprojekten mit
• Begleite die Erhebung, Analyse und Strukturierung von Anforderungen gemeinsam mit den Fachbereichen
• Unterstütze bei der Erstellung von Datenmodellen, Auswertungen und einfachen Reports
• Arbeite im Team mit und lerne dabei gängige Projektmanagement-Methoden sowie Qualitätssicherungsmaßnahmen kennen
Dein Profil
Du hast Lust, dich weiterzuentwickeln, bist motiviert, von Profis zu lernen, und begreifst neue Zusammenhänge schnell – was du bereits mit einem guten Schulabschluss unter Beweis gestellt hast. Du bist zuverlässig, hast eine schnelle Auffassungsgabe, findest dich zügig in neue Systeme ein und bringst idealerweise Interesse an Daten- und Prozessanalysen mit. Zudem arbeitest du gerne im Team, bringst dich aktiv ein und schätzt den gemeinsamen Erfolg.

Deine Benefits
Work-Life-Balance
Flexible Arbeitszeiten
Mobiles Arbeiten
30 Tage Urlaub & zusätzliche freie Tage
Finanzielle Vorteile
1.441 € Vergütung, Weihnachts-& Urlaubsgeld, Abschlussprämie
Betriebliche Altersvorsorge
Zuschuss zum Deutschland-Ticket
Und noch mehr
Digitale Lernangebote
Kostenfreie Tiefgarage inkl. Wallboxen
Kantine
GVV Versicherungen sind doppelt zukunftsstark: Denn mit GVV Direkt und GVV Kommunal sind wir bestens aufgestellt. GVV Kommunal bietet maßgeschneiderte, leistungs­starke Ver­sicher­un­gskonzepte und Service­leistungen für Kommunen, kommunale Unternehmen und Sparkassen. GVV Direkt punktet mit besonders günstigen, vielfach ausgezeichneten Versicherungs­produkten und exzellentem Schaden­service.
Miteinander möglich machen lautet unser Marken­versprechen. Und so stehen bei uns immer die Menschen im Mittelpunkt - ganz gleich, ob Mitglieder, KundInnen oder Mitarbeitende.
Interesse geweckt?","Einleitung
Ausbildung zum Fachinformatiker (m/w/d) für Daten- und Prozessanalyse
Karrierestart?
Komm in unser Team!
Bereit für deinen Karrierestart?
Dann komm in unser Team. Entdecke die Welt der Hobby-Programmierer, Mathe-Profis und Software-Tüftler! Arbeite an spannenden Projekten und wachse mit echten Herausforderungen.
Wir suchen DICH zum 1. September 2026 für die
Ausbildung zum Fachinformatiker (m/w/d) für Daten- und Prozessanalyse
Deine Ausbildung - mehr als nur Theorie
Wir versichern dir eine Ausbildung, die wirklich Spaß macht! Von Anfang an bist du mittendrin statt nur dabei: Du arbeitest an echten Aufgaben, bekommst Verantwortung und wirst dabei von erfahrenen Kolleginnen und Kollegen begleitet.
Regelmäßiges Feedback, persönliche Unterstützung und eine top Vorbereitung auf deine Abschlussprüfung gehören für uns selbstverständlich dazu. Und das Beste: Deine Chancen auf eine Übernahme stehen sehr gut.
• Begleite die Analyse und Auswertung von Daten und trage so zur schrittweisen Optimierung unserer Geschäftsprozesse bei
• Unterstütze im Team bei der Modellierung, Dokumentation und Weiterentwicklung von Arbeits- und IT-Prozessen
• Sei von Anfang an aktiv dabei und wirke an spannenden Digitalisierungs- und Automatisierungsprojekten mit
• Begleite die Erhebung, Analyse und Strukturierung von Anforderungen gemeinsam mit den Fachbereichen
• Unterstütze bei der Erstellung von Datenmodellen, Auswertungen und einfachen Reports
• Arbeite im Team mit und lerne dabei gängige Projektmanagement-Methoden sowie Qualitätssicherungsmaßnahmen kennen
Dein Profil
Du hast Lust, dich weiterzuentwickeln, bist motiviert, von Profis zu lernen, und begreifst neue Zusammenhänge schnell – was du bereits mit einem guten Schulabschluss unter Beweis gestellt hast. Du bist zuverlässig, hast eine schnelle Auffassungsgabe, findest dich zügig in neue Systeme ein und bringst idealerweise Interesse an Daten- und Prozessanalysen mit. Zudem arbeitest du gerne im Team, bringst dich aktiv ein und schätzt den gemeinsamen Erfolg.",2026-06-13T10:37:20.406551+00:00
AUBI-452768,aubi_plus_fi,,Köln,50933 Köln,Ausbildung zum Fachinformatiker (m/w/d) für Daten- und Prozessanalyse,dpa,,,"1.441 €, 1.441,00 €",60,empty,,https://www.aubi-plus.de/bewerbung/,portal,"Kontakt
Ausbildungsteam
+49 2214 893-14
Bewerbungsunterlagen
vollständige Bewerbungsunterlagen
Anschreiben
Lebenslauf
letztes Schulzeugnis
Praktikumsnachweise
Tipp: Beziehe dich in deiner Bewerbung auf AUBI-plus!
Mit bewerbung2go kannst du deine Bewerbungsunterlagen erstellen.
Deine AUBI-plus Jobmail
Lass deinen Bot für dich suchen! Lege deine Suchkriterien fest und lehn dich zurück. Du bekommst aktuelle Stellen für deinen Traumberuf direkt per Mail zugeschickt.
SUCHBOT ERSTELLEN
Ähnliche Suchanfragen:
AUSBILDUNG KÖLN
AUSBILDUNG IN NORDRHEIN-WESTFALEN
AUSBILDUNG 2026
AUSBILDUNG ALS FACHINFORMATIKER FACHRICHTUNG DATEN- UND PROZESSANALYSE IN KÖLN
1 weitere Stelle im Unternehmen
Ausbildung zum Kaufmann (m/w/d) für Versicherungen und Finanzanlagen
GVV Versicherungen
50933 Köln
01.09.2026
AUBI-plus
Über uns
Karriere
Partner
FAQ
News & Events
Presse
Blog
Messen & Aktionstage
DEUTSCHES AUSBILDUNGSFORUM
Produkte & Dienstleistungen
Für Ausbildungsbetriebe
Für Hochschulen
Für Schulen
Für Eltern
Besuch uns auch auf:
Region ändern:
AUBI-plus Österreich (deutsch)
AUBI-plus Schweiz (deutsch)
AUBI-plus Italien (deutsch)
AUBI-plus
Impressum
AGB
Datenschutz
Bildrechte
Kontakt",,Ausbildung zum Fachinformatiker (m/w/d) für Daten- und Prozessanalyse | Köln,tidak,belum,sedang,"Ausbildung zum Fachinformatiker (m/w/d) für Daten- und Prozessanalyse

Dein Profil
Du hast Lust, dich weiterzuentwickeln, bist motiviert, von Profis zu lernen, und begreifst neue Zusammenhänge schnell – was du bereits mit einem guten Schulabschluss unter Beweis gestellt hast. Du bist zuverlässig, hast eine schnelle Auffassungsgabe, findest dich zügig in neue Systeme ein und bringst idealerweise Interesse an Daten- und Prozessanalysen mit. Zudem arbeitest du gerne im Team, bringst dich aktiv ein und schätzt den gemeinsamen Erfolg.

Begleite die Erhebung, Analyse und Strukturierung von Anforderungen gemeinsam mit den Fachbereichen
Unterstütze bei der Erstellung von Datenmodellen, Auswertungen und einfachen Reports
Arbeite im Team mit und lerne dabei gängige Projektmanagement-Methoden sowie Qualitätssicherungsmaßnahmen kennen

Deine Benefits bei einer Übernahme nach deiner Ausbildung
Work-Life-Balance
Flexible Arbeitszeiten
Mobiles Arbeiten
30 Tage Urlaub & zusätzliche freie Tage
Finanzielle Vorteile
1.441 € Vergütung, Weihnachts-& Urlaubsgeld, Abschlussprämie
Betriebliche Altersvorsorge
Zuschuss zum Deutschland-Ticket
Und noch mehr
Digitale Lernangebote
Kostenfreie Tiefgarage inkl. Wallboxen
Kantine
GVV Versicherungen sind doppelt zukunftsstark: Denn mit GVV Direkt und GVV Kommunal sind wir bestens aufgestellt. GVV Kommunal bietet maßgeschneiderte, leistungs­starke Ver­sicher­un­gskonzepte und Service­leistungen für Kommunen, kommunale Unternehmen und Sparkassen. GVV Direkt punktet mit besonders günstigen, vielfach ausgezeichneten Versicherungs­produkten und exzellentem Schaden­service.
Miteinander möglich machen lautet unser Marken­versprechen. Und so stehen bei uns immer die Menschen im Mittelpunkt - ganz gleich, ob Mitglieder, KundInnen oder Mitarbeitende.
Interesse geweckt?
Dann bewirb dich jetzt und lade dein Anschreiben, Lebenslauf, dein letztes Schulzeugnis und deine Praktikumsnachweise mit deiner Bewerbung hoch.
GVV Versicherungen
Margaux Herdalot
Human Relations
T: 0221 4893-142
Aachener Straße 952-958 | 50933 Köln
Stellendetails
Beruf:
Fachinformatiker / Fachinformatikerin Fachrichtung Daten- und Prozessanalyse
Bewerbungsfrist:
Offen
Mindestabschluss:
Realschulabschluss / Mittlere Reife
Freie Ausbildungsplätze:
Freie Plätze vorhanden
Dauer:
3 Jahre
Referenz-Nr:
AUBI-452768
(Bitte in der Bewerbung angeben)
Kopieren
Dein persönlicher Matching-Score
Du willst wissen, wie gut diese Stelle zu dir passt? Dann registriere dich und mach das Matching. Mehr erfahren
Ausbildungsvergütung
1. Ausbildungsjahr: 1.441,00 €","Begleite die Erhebung, Analyse und Strukturierung von Anforderungen gemeinsam mit den Fachbereichen
Unterstütze bei der Erstellung von Datenmodellen, Auswertungen und einfachen Reports
Arbeite im Team mit und lerne dabei gängige Projektmanagement-Methoden sowie Qualitätssicherungsmaßnahmen kennen",2026-06-13T14:49:03.533595+00:00
AUBI-225389,aubi_plus_fi,,Köln,50968 Köln,Ausbildung | Fachinformatiker / Fachinformatikerin Fachrichtung Anwendungsentwicklung,dpa,,,"1.314,02 €",53,empty,,https://www.aubi-plus.de/bewerbung/,portal,Kontakt,,Ausbildung | Fachinformatiker / Fachinformatikerin Fachrichtung Anwendungsentwicklung | Köln,tidak,belum,sedang,"Fachinformatiker / Fachinformatikerin Fachrichtung Anwendungsentwicklung

Deine Gesundheit liegt uns ebenfalls am Herzen: Wir bieten dir unter anderem eine vergünstigte Mitgliedschaft im Urban Sports Club.
Du hast die Wahl zwischen den Fachrichtungen Anwendungsentwicklung, Systemintegration oder Daten- und Prozessanalyse.
Wenn deine Prüfungen anstehen, bereiten wir dich bestens vor.
Und: Wir stellen ein, um zu übernehmen – daher legen wir viel Wert auf dein Onboarding von Anfang an.
Dein zukünftiger Beruf? Sieht so aus:
Du konzipierst und realisierst komplexe Systeme der Informations- und Telekommunikationstechnik durch Integration von Softwarekomponenten.
Du wartest, debuggst und optimierst bestehende Schnittstellen und Anwendungen.
Du entwickelst und optimierst die Erweiterungen für Webanwendungen und Datenbankschnittstellen.
Du arbeitest an Maßnahmen zur Verbesserung der Datenqualität und erstellst Datensicherungskonzepte. Dabei kooperierst du mit Datenschutz-Einrichtungen.
Du übernimmst die fachliche Beratung, Betreuung und Schulung von Mitarbeitenden.
Du passt zu uns, wenn:
Du eine gute allgemeine oder fachgebundene Hochschulreife hast.
Du Spaß am Entwickeln neuer Anwendungen und keine Angst vor Zahlen hast.
Du Lust hast, modernste Technologien und neueste Technik in den praktischen Einsatz zu bringen.
Deine Stärken Kommunikation und Lernbereitschaft sind.
Du dich durch Empathie und Teamfähigkeit auszeichnest.
Du gerne selbstständig, zielorientiert und zuverlässig arbeitest.
Wir fördern
aktiv die Vereinbarkeit von Beruf und Familie und die Chancengleichheit aller Menschen. Da Frauen in diesem Bereich stark unterrepräsentiert sind, nehmen wir deren Bewerbung besonders gerne entgegen. Bewerbungen von schwerbehinderten Menschen werden bei gleicher Eignung bevorzugt berücksichtigt.
Interessiert?
Dann freuen wir uns auf deine aussagekräftige Bewerbung bis zum 06. Oktober 2024.
Weitere Informationen findest du auf unserem Karriereportal https://karriere.bgetem.de/schueler
Stellendetails
Beruf:
Fachinformatiker / Fachinformatikerin Fachrichtung Anwendungsentwicklung
Bewerbungsfrist:
Abgelaufen
Mindestabschluss:
Realschulabschluss / Mittlere Reife
Dauer:
3 Jahre
Referenz-Nr:
AUBI-225389
(Bitte in der Bewerbung angeben)
Kopieren
Dein persönlicher Matching-Score
Du willst wissen, wie gut diese Stelle zu dir passt? Dann registriere dich und mach das Matching. Mehr erfahren
Bewerbungsunterlagen
aussagekräftige Bewerbungsunterlagen
Lebenslauf
die letzten 2 Schulzeugnisse
Praktikumsnachweise
sonstige Qualifikationsnachweise
Anschreiben freiwillig
Tipp: Beziehe dich in deiner Bewerbung auf AUBI-plus!
Mit bewerbung2go kannst du deine Bewerbungsunterlagen erstellen.
Deine AUBI-plus Jobmail
Lass deinen Bot für dich suchen! Lege deine Suchkriterien fest und lehn dich zurück. Du bekommst aktuelle Stellen für deinen Traumberuf direkt per Mail zugeschickt.
SUCHBOT ERSTELLEN
Ähnliche Suchanfragen:
AUSBILDUNG KÖLN 2026
AUSBILDUNG IN NORDRHEIN-WESTFALEN
AUSBILDUNG 2026
AUSBILDUNG ALS FACHINFORMATIKER FACHRICHTUNG ANWENDUNGSENTWICKLUNG (M/W/D) IN KÖLN
Play
56 weitere Stellen, die dich interessieren könnten
Duales Studium „Bachelor of Science Informatik"" (m/w/d)
BG ETEM
50968 Köln
Ausbildung Fachinformatik (m/w/d) Systemintegration
BG ETEM
50968 Köln
Ausbildung Fachinformatik (m/w/d) Daten- und Prozessanalyse
BG ETEM
50968 Köln
WEITERE STELLEN LADEN
AUBI-plus
Über uns
Karriere
Partner
FAQ
News & Events
Presse
Blog
Messen & Aktionstage
DEUTSCHES AUSBILDUNGSFORUM
Produkte & Dienstleistungen
Für Ausbildungsbetriebe
Für Hochschulen
Für Schulen
Für Eltern
Besuch uns auch auf:
Region ändern:
AUBI-plus Österreich (deutsch)
AUBI-plus Schweiz (deutsch)
AUBI-plus Italien (deutsch)
AUBI-plus
Impressum
AGB
Datenschutz
Bildrechte",,2026-06-13T14:45:55.808832+00:00
AUBI-271689,aubi_plus_fi,,Köln,50968 Köln,Ausbildung | Fachinformatiker / Fachinformatikerin Fachrichtung Systemintegration,dpa,,,"1.314,02 €",53,empty,,https://www.aubi-plus.de/bewerbung/,portal,Kontakt,,Ausbildung | Fachinformatiker / Fachinformatikerin Fachrichtung Systemintegration | Köln,tidak,belum,sedang,"Fachinformatiker / Fachinformatikerin Fachrichtung Systemintegration

Deine Gesundheit liegt uns ebenfalls am Herzen: Wir bieten dir unter anderem eine vergünstigte Mitgliedschaft im Urban Sports Club.
Du hast die Wahl zwischen den Fachrichtungen Anwendungsentwicklung, Systemintegration oder Daten- und Prozessanalyse.
Wenn deine Prüfungen anstehen, bereiten wir dich bestens vor.
Und: Wir stellen ein, um zu übernehmen – daher legen wir viel Wert auf dein Onboarding von Anfang an.
Dein zukünftiger Beruf? Sieht so aus:
Du konzipierst und realisierst komplexe Systeme der Informations- und Telekommunikationstechnik durch Integration von Softwarekomponenten.
Du wartest, debuggst und optimierst bestehende Schnittstellen und Anwendungen.
Du entwickelst und optimierst die Erweiterungen für Webanwendungen und Datenbankschnittstellen.
Du arbeitest an Maßnahmen zur Verbesserung der Datenqualität und erstellst Datensicherungskonzepte. Dabei kooperierst du mit Datenschutz-Einrichtungen.
Du übernimmst die fachliche Beratung, Betreuung und Schulung von Mitarbeitenden.
Du passt zu uns, wenn:
Du eine gute allgemeine oder fachgebundene Hochschulreife hast.
Du Spaß am Entwickeln neuer Anwendungen und keine Angst vor Zahlen hast.
Du Lust hast, modernste Technologien und neueste Technik in den praktischen Einsatz zu bringen.
Deine Stärken Kommunikation und Lernbereitschaft sind.
Du dich durch Empathie und Teamfähigkeit auszeichnest.
Du gerne selbstständig, zielorientiert und zuverlässig arbeitest.
Wir fördern
aktiv die Vereinbarkeit von Beruf und Familie und die Chancengleichheit aller Menschen. Da Frauen in diesem Bereich stark unterrepräsentiert sind, nehmen wir deren Bewerbung besonders gerne entgegen. Bewerbungen von schwerbehinderten Menschen werden bei gleicher Eignung bevorzugt berücksichtigt.
Interessiert?
Dann freuen wir uns auf deine aussagekräftige Bewerbung bis zum 06. Oktober 2024.
Weitere Informationen findest du auf unserem Karriereportal https://karriere.bgetem.de/schueler
Stellendetails
Beruf:
Fachinformatiker / Fachinformatikerin Fachrichtung Systemintegration
Bewerbungsfrist:
Abgelaufen
Mindestabschluss:
Realschulabschluss / Mittlere Reife
Dauer:
3 Jahre
Referenz-Nr:
AUBI-271689
(Bitte in der Bewerbung angeben)
Kopieren
Dein persönlicher Matching-Score
Du willst wissen, wie gut diese Stelle zu dir passt? Dann registriere dich und mach das Matching. Mehr erfahren
Bewerbungsunterlagen
aussagekräftige Bewerbungsunterlagen
Lebenslauf
die letzten 2 Schulzeugnisse
Praktikumsnachweise
sonstige Qualifikationsnachweise
Anschreiben freiwillig
Tipp: Beziehe dich in deiner Bewerbung auf AUBI-plus!
Mit bewerbung2go kannst du deine Bewerbungsunterlagen erstellen.
Deine AUBI-plus Jobmail
Lass deinen Bot für dich suchen! Lege deine Suchkriterien fest und lehn dich zurück. Du bekommst aktuelle Stellen für deinen Traumberuf direkt per Mail zugeschickt.
SUCHBOT ERSTELLEN
Ähnliche Suchanfragen:
AUSBILDUNG KÖLN 2026
AUSBILDUNG IN NORDRHEIN-WESTFALEN
AUSBILDUNG 2026
AUSBILDUNG ALS FACHINFORMATIKER FACHRICHTUNG SYSTEMINTEGRATION (M/W/D) IN KÖLN
Play
56 weitere Stellen, die dich interessieren könnten
Ausbildung Fachinformatik (m/w/d) Daten- und Prozessanalyse
BG ETEM
50968 Köln
Duales Studium „Bachelor of Science Informatik"" (m/w/d)
BG ETEM
50968 Köln
Ausbildung Fachinformatik (m/w/d) Anwendungsentwicklung
BG ETEM
50968 Köln
WEITERE STELLEN LADEN
AUBI-plus
Über uns
Karriere
Partner
FAQ
News & Events
Presse
Blog
Messen & Aktionstage
DEUTSCHES AUSBILDUNGSFORUM
Produkte & Dienstleistungen
Für Ausbildungsbetriebe
Für Hochschulen
Für Schulen
Für Eltern
Besuch uns auch auf:
Region ändern:
AUBI-plus Österreich (deutsch)
AUBI-plus Schweiz (deutsch)
AUBI-plus Italien (deutsch)
AUBI-plus
Impressum
AGB
Datenschutz
Bildrechte",,2026-06-13T14:46:02.137884+00:00
AUBI-316959,aubi_plus_fi,,Köln,50968 Köln,Ausbildung | Fachinformatiker / Fachinformatikerin Fachrichtung Daten- und Prozessanalyse,dpa,,,"1.314,02 €",53,empty,,https://www.aubi-plus.de/bewerbung/,portal,Kontakt,,Ausbildung | Fachinformatiker / Fachinformatikerin Fachrichtung Daten- und Prozessanalyse | Köln,tidak,belum,sedang,"Fachinformatiker / Fachinformatikerin Fachrichtung Daten- und Prozessanalyse

Deine Gesundheit liegt uns ebenfalls am Herzen: Wir bieten dir unter anderem eine vergünstigte Mitgliedschaft im Urban Sports Club.
Du hast die Wahl zwischen den Fachrichtungen Anwendungsentwicklung, Systemintegration oder Daten- und Prozessanalyse.
Wenn deine Prüfungen anstehen, bereiten wir dich bestens vor.
Und: Wir stellen ein, um zu übernehmen – daher legen wir viel Wert auf dein Onboarding von Anfang an.
Dein zukünftiger Beruf? Sieht so aus:
Du konzipierst und realisierst komplexe Systeme der Informations- und Telekommunikationstechnik durch Integration von Softwarekomponenten.
Du wartest, debuggst und optimierst bestehende Schnittstellen und Anwendungen.
Du entwickelst und optimierst die Erweiterungen für Webanwendungen und Datenbankschnittstellen.
Du arbeitest an Maßnahmen zur Verbesserung der Datenqualität und erstellst Datensicherungskonzepte. Dabei kooperierst du mit Datenschutz-Einrichtungen.
Du übernimmst die fachliche Beratung, Betreuung und Schulung von Mitarbeitenden.
Du passt zu uns, wenn:
Du eine gute allgemeine oder fachgebundene Hochschulreife hast.
Du Spaß am Entwickeln neuer Anwendungen und keine Angst vor Zahlen hast.
Du Lust hast, modernste Technologien und neueste Technik in den praktischen Einsatz zu bringen.
Deine Stärken Kommunikation und Lernbereitschaft sind.
Du dich durch Empathie und Teamfähigkeit auszeichnest.
Du gerne selbstständig, zielorientiert und zuverlässig arbeitest.
Wir fördern
aktiv die Vereinbarkeit von Beruf und Familie und die Chancengleichheit aller Menschen. Da Frauen in diesem Bereich stark unterrepräsentiert sind, nehmen wir deren Bewerbung besonders gerne entgegen. Bewerbungen von schwerbehinderten Menschen werden bei gleicher Eignung bevorzugt berücksichtigt.
Interessiert?
Dann freuen wir uns auf deine aussagekräftige Bewerbung bis zum 06. Oktober 2024.
Weitere Informationen findest du auf unserem Karriereportal https://karriere.bgetem.de/schueler
Stellendetails
Beruf:
Fachinformatiker / Fachinformatikerin Fachrichtung Daten- und Prozessanalyse
Bewerbungsfrist:
Abgelaufen
Mindestabschluss:
Realschulabschluss / Mittlere Reife
Dauer:
3 Jahre
Referenz-Nr:
AUBI-316959
(Bitte in der Bewerbung angeben)
Kopieren
Dein persönlicher Matching-Score
Du willst wissen, wie gut diese Stelle zu dir passt? Dann registriere dich und mach das Matching. Mehr erfahren
Bewerbungsunterlagen
aussagekräftige Bewerbungsunterlagen
Lebenslauf
die letzten 2 Schulzeugnisse
Praktikumsnachweise
sonstige Qualifikationsnachweise
Anschreiben freiwillig
Tipp: Beziehe dich in deiner Bewerbung auf AUBI-plus!
Mit bewerbung2go kannst du deine Bewerbungsunterlagen erstellen.
Deine AUBI-plus Jobmail
Lass deinen Bot für dich suchen! Lege deine Suchkriterien fest und lehn dich zurück. Du bekommst aktuelle Stellen für deinen Traumberuf direkt per Mail zugeschickt.
SUCHBOT ERSTELLEN
Ähnliche Suchanfragen:
AUSBILDUNG KÖLN 2026
AUSBILDUNG IN NORDRHEIN-WESTFALEN
AUSBILDUNG 2026
AUSBILDUNG ALS FACHINFORMATIKER FACHRICHTUNG DATEN- UND PROZESSANALYSE IN KÖLN
Play
697 weitere Stellen, die dich interessieren könnten
Duales Studium „Gesetzliche Unfallversicherung “ (m/w/d) im Bereich Mitglieder und Beitrag
BG ETEM
50968 Köln
Ausbildung als Sozialversicherungsfachangestellte/r (m/w/d)
BG ETEM
50968 Köln
Duales Studium „Bachelor of Science Informatik"" (m/w/d)
BG ETEM
50968 Köln
WEITERE STELLEN LADEN
AUBI-plus
Über uns
Karriere
Partner
FAQ
News & Events
Presse
Blog
Messen & Aktionstage
DEUTSCHES AUSBILDUNGSFORUM
Produkte & Dienstleistungen
Für Ausbildungsbetriebe
Für Hochschulen
Für Schulen
Für Eltern
Besuch uns auch auf:
Region ändern:
AUBI-plus Österreich (deutsch)
AUBI-plus Schweiz (deutsch)
AUBI-plus Italien (deutsch)
AUBI-plus
Impressum
AGB
Datenschutz
Bildrechte",,2026-06-13T14:45:59.092719+00:00
STEP-14070794,stepstone_de_dpa,Jet Systems GmbH,Köln,Köln Köln,Ausbildung | 2026 - Fachinformatiker für Daten- und Prozessanalyse (m/w/d),dpa,2026,8,,47,empty,,https://twitter.com/stepstone_de,portal,"Kontakt
Bewirb dich jetzt
info@et-systems.de
Kaweh Bayatzadeh",,Jet Systems GmbH | Ausbildung | 2026 - Fachinformatiker für Daten- und Prozessanalyse (m/w/d) | Köln,ya,belum,rendah,"Ausbildung 2026 - Fachinformatiker für Daten- und Prozessanalyse (m/w/d)

Das erwartet dich
In 2,5 bis 3 Jahren machst du bei uns den Sprung vom Einsteiger zum gefragten Fachinformatiker. Du planst Projekte, schulst Anwender, setzt Kundenwünsche direkt im System um und erstellst Auswertungen mit SQL. Deine Ausbildung startet am 31.08.2026 in Limburg – kombiniert aus Praxis im Team und Berufsschule in Limburg/Dillenburg.
Warum du zu uns passt
Du bist neugierig, willst verstehen, wie Abläufe zusammenhängen, und hast Spaß daran, Lösungen zu finden. Du kannst mit Menschen reden, aber auch konzentriert am Rechner arbeiten. Erste SQL-Kenntnisse sind super, aber kein Muss – wir bringen dir alles bei.
Was du davon hast
Unbefristet • Vollzeit
Übernahmegarantie bei guten Leistungen
Firmenwagen nach der Ausbildung/Probezeit
Homeoffice-Tage pro Woche
Intensive Betreuung durch erfahrene Kollegen
Familiäres Team, kurze Wege, moderne Ausstattung",,2026-06-12T21:14:17.322976+00:00
MAD-2444568088,meine_ausbildung_dpa,GVV Direktversicherung AG,Köln,,Ausbildung zum Fachinformatiker (m/w/d) für Daten- und Prozessanalyse,dpa,,,,40,company,,https://recruitingapp-5406.de.umantis.com/Vacancies/759/Description/1?utm_source=meine-ausbildung-in-deutschland,portal,,,GVV Direktversicherung AG | Ausbildung zum Fachinformatiker (m/w/d) für Daten- und Prozessanalyse | Köln,ya,belum,rendah,Ausbildung zum Fachinformatiker (m/w/d) für Daten- und Prozessanalyse,,2026-06-11T11:40:06.669500+00:00
AZDE-11385269,azubi_de_fi,INFODAS GmbH,Köln,Rhonestraße 2 50765 Köln DE,Ausbildung | Fachinformatiker für Systemintegration 2026 (m/w/d),si,,,"""http://schema.org"",
""@type"": ""BreadcrumbList"",
""numberOfItems"": 3,
""itemListElement"": [",73,empty,,https://www.azubi.de/ausbildungsplatz/11385269-p-fachinformatiker-fuer-systemintegration-2026-m-w-d/apply,portal,"- Du wirst zum ersten Ansprechpartner, wenn es um die IT geht - Du bist immer schnell zur Stelle und hast eine Lösung parat.
- Du eignest Dir IT-Kenntnisse an, um Hard- und Softwarekomponenten zu konfigurieren und in unsere Systeme zu integrieren.
- Du richtest Rechnerarbeitsplätze für Mitarbeitende ein und unterstützt bei der Einführung neuer Systeme.
- Du erstellst Netzwerkbeschreibungen, Arbeitsanweisungen und IT-Dokumentationen.
- Zusammen mit Deinem Team arbeitest Du an spannenden IT-Projekten.
Kontakt",,INFODAS GmbH | Ausbildung | Fachinformatiker für Systemintegration 2026 (m/w/d) | Köln,tidak,belum,sedang,"Fachinformatiker für Systemintegration 2026 (m/w/d)

Deine Aufgaben

Dein Profil
- Du hast eine allgemeine Hochschulreife oder Fachhochschulreife mit guten Noten.
- Du tüftelst gerne an IT-technischen Anwendungen und lässt Dich nicht unterkriegen, wenn einmal nicht alles auf Anhieb funktioniert.
- Die Arbeit mit Computern, Servern, Betriebssystemen und Anwendungssoftware begeistert Dich.
- Du bist ein Teamplayer und gehst offen auf andere zu.
- Bei Problemen mit ihrem PC oder einer Office-Anwendung wenden sich Freunde und Familie immer direkt an Dich.
Benefits
- Einen sehr attraktiven, modernen Ausbildungsplatz mit anspruchsvollen Inhalten
- Modernste IT-Infrastrukturen (Server, Netzwerke, Sicherheitstechnologien)
- Ein junges und dynamisches Team
- Gleitzeitkonto
- 30 Tage Urlaub
- Zusätzlich frei an Brückentagen sowie zwischen Weihnachten und Neujahr

- Eine marktgerechte Ausbildungsvergütung - Vergütung je nach Ausbildungsjahr zwischen 1.000-1.200 €
- Vermögenswirksame Leistungen
- ÖPNV-Ticket für Azubis
- Alle Standorte mit guter Verkehrsanbindung
- Mitarbeiterrabatte
- Guten Kaffee, Wasser, Tee, Softdrinks sowie Obstkorb zur freien Verfügung
- Und vieles mehr…","Dein Profil
- Du hast eine allgemeine Hochschulreife oder Fachhochschulreife mit guten Noten.
- Du tüftelst gerne an IT-technischen Anwendungen und lässt Dich nicht unterkriegen, wenn einmal nicht alles auf Anhieb funktioniert.
- Die Arbeit mit Computern, Servern, Betriebssystemen und Anwendungssoftware begeistert Dich.
- Du bist ein Teamplayer und gehst offen auf andere zu.
- Bei Problemen mit ihrem PC oder einer Office-Anwendung wenden sich Freunde und Familie immer direkt an Dich.
Benefits
- Einen sehr attraktiven, modernen Ausbildungsplatz mit anspruchsvollen Inhalten
- Modernste IT-Infrastrukturen (Server, Netzwerke, Sicherheitstechnologien)
- Ein junges und dynamisches Team
- Gleitzeitkonto
- 30 Tage Urlaub
- Zusätzlich frei an Brückentagen sowie zwischen Weihnachten und Neujahr",2026-06-13T10:36:44.001913+00:00
AZDE-11617636,azubi_de_fi,INFODAS GmbH,Köln,Rhonestraße 2 50765 Köln DE,Ausbildung | Fachinformatiker Systemintegration 2026 / Solutions (m/w/d),si,,,"• 1. Lehrjahr: 1.000 €
• 2. Lehrjahr: 1.100 €
• 3. Lehrjahr: 1.200 €
🏦Vermögenswirksame Leistungen",73,empty,,https://www.azubi.de/ausbildungsplatz/11617636-p-ausbildung-fachinformatiker-systemintegration-2026-solutions-m-w-d/apply,portal,"Kontakt
INFODAS GmbH • Rhonestraße 2 • 50765 Köln",,INFODAS GmbH | Ausbildung | Fachinformatiker Systemintegration 2026 / Solutions (m/w/d) | Köln,tidak,belum,sedang,"Ausbildung Fachinformatiker Systemintegration 2026 / Solutions (m/w/d)

Deine Aufgaben als Azubi
- Du wirst zur ersten Anlaufstelle, wenn es um IT geht – schnell reagieren, Probleme analysieren und passende Lösungen finden gehört schon bald zu Deinem Alltag.
- Schritt für Schritt baust Du Dir fundiertes IT-Know-how auf und lernst, Hard- und Software professionell zu konfigurieren und in unsere Systeme sowie in die IT-Landschaften unserer Kunden zu integrieren.
- Du richtest Clients, Server und Netzwerkkomponenten ein und sorgst dafür, dass in unseren Kundenprojekten alles zuverlässig läuft – vom ersten Setup bis zum produktiven Einsatz.
- Dabei unterstützt Du auch bei der Einführung neuer Systeme und Technologien und hilfst mit, bestehende Infrastrukturen weiterzuentwickeln.
- Außerdem erstellst Du Netzwerkpläne, Systembeschreibungen und IT-Dokumentationen, damit Prozesse transparent und nachvollziehbar bleiben.
- Und natürlich arbeitest Du nicht allein: Gemeinsam mit Deinem Team realisierst Du spannende IT-Projekte, übernimmst Verantwortung und wächst mit jeder neuen Herausforderung weiter.
Deine Skills
- Du hast Dein (Fach-) Abitur in der Tasche und solide Noten am Start? Nice!
- IT ist für Dich mehr als nur „Computer an, Computer aus“? Du willst verstehen, wie Netzwerke, Server und Systeme wirklich funktionieren – und warum sie manchmal eben nicht funktionieren? Perfekt.
- Du tüftelst so lange, bis es läuft – und wenn’s beim ersten Mal nicht klappt, erst recht. Herausforderungen pushen Dich, statt Dich zu bremsen.
- Ob Windows, Linux, Server, Cloud oder Office – Du hast Bock, tiefer einzusteigen und echte Lösungen zu bauen statt nur rumzuklicken.
- Im Team fühlst Du Dich wohl, kannst offen kommunizieren und feierst gemeinsame Erfolge.
- Und Hand aufs Herz: Wenn bei Freunden oder Familie das WLAN streikt oder das Office spinnt, bist sowieso Du der First-Level-Support.Klingt nach Dir? Dann wird’s Zeit, Dein Hobby zum Beruf zu machen!
Unsere Benefits
💫Ein moderner, zukunftssicherer Ausbildungsplatz in einem stark wachsenden Tochterunternehmen von Airbus
💻Modernste IT-Infrastrukturen – Server, Netzwerke & Sicherheitstechnologien auf aktuellem Stand
🤸‍♂Ein junges, dynamisches Team, das dich unterstützt und fördert
⏰Gleitzeitkonto für mehr Flexibilität
🌴30 Tage Urlaub
🎄🎆Zusätzlich frei an Brückentagen sowie zwischen Weihnachten und Neujahr

Einleitung
Als Auszubildender im Department „Projects“ tauchst Du direkt in die Welt professioneller Systemintegration ein und lernst, wie komplexe IT-Lösungen für namhafte, teilweise internationale Kunden umgesetzt werden. Von Anfang an bist Du nicht nur Zuschauer, sondern Teil des Geschehens und bekommst echte Einblicke in anspruchsvolle Projektarbeit.
Gemeinsam mit Deinem Team sorgst Du dafür, dass unsere Kundenprojekte reibungslos laufen – von der Planung über die technische Umsetzung bis hin zum erfolgreichen Abschluss. Dich erwarten spannende IT-Projekte unter anderem in den Bereichen Luftfahrt, Verteidigung und weiteren Hightech-Branchen, in denen Präzision und Zuverlässigkeit zählen.
Wir bilden gezielt für unseren eigenen Bedarf aus. Das heißt für Dich: Wenn Du Engagement zeigst und Dich weiterentwickeln willst, stehen Deine Chancen sehr gut, nach der Ausbildung übernommen zu werden. Bei uns eröffnen sich Dir vielfältige Perspektiven für Deinen weiteren Weg in der IT.

💰Attraktive Ausbildungsvergütung:
• 1. Lehrjahr: 1.000 €
• 2. Lehrjahr: 1.100 €
• 3. Lehrjahr: 1.200 €
🏦Vermögenswirksame Leistungen
🚝ÖPNV-Ticket für Azubis
📍Alle Standorte mit guter Verkehrsanbindung
🎁Mitarbeiterrabatte
Und das ist noch längst nicht alles. 😃","Einleitung
Als Auszubildender im Department „Projects“ tauchst Du direkt in die Welt professioneller Systemintegration ein und lernst, wie komplexe IT-Lösungen für namhafte, teilweise internationale Kunden umgesetzt werden. Von Anfang an bist Du nicht nur Zuschauer, sondern Teil des Geschehens und bekommst echte Einblicke in anspruchsvolle Projektarbeit.
Gemeinsam mit Deinem Team sorgst Du dafür, dass unsere Kundenprojekte reibungslos laufen – von der Planung über die technische Umsetzung bis hin zum erfolgreichen Abschluss. Dich erwarten spannende IT-Projekte unter anderem in den Bereichen Luftfahrt, Verteidigung und weiteren Hightech-Branchen, in denen Präzision und Zuverlässigkeit zählen.
Wir bilden gezielt für unseren eigenen Bedarf aus. Das heißt für Dich: Wenn Du Engagement zeigst und Dich weiterentwickeln willst, stehen Deine Chancen sehr gut, nach der Ausbildung übernommen zu werden. Bei uns eröffnen sich Dir vielfältige Perspektiven für Deinen weiteren Weg in der IT.",2026-06-13T10:37:22.266039+00:00
AZDE-12118638,azubi_de_fi,Bw Bekleidungsmanagement GmbH,Köln,Edmund-Rumpler-Straße 8-10 51149 Köln DE,Ausbildung | zum Fachinformatiker für Systemintegration (w/m/d),si,,,"0174 2091295
- Eine attraktive Ausbildungsvergütung, inklusive Kostenübernahme für Schulbücher und ein Azubi-Ticket für den Schul- und Arbeitsweg sowie feste Ansprechpartner*innen während der gesamten Ausbildung
- Möglichkeit zur Verkürzung der Ausbildungsdauer bei entsprechender Vorqualifikation oder sehr guten Leistungen
- Option auf Übernahme in ein unbefristetes Arbeitsverhältnis nach erfolgreicher Ausbildung",67,empty,,https://www.azubi.de/ausbildungsplatz/12118638-p-ausbildung-zum-fachinformatiker-fuer-systemintegration-w-m-d/apply,portal,"Eine attraktive Ausbildungsvergütung, inklusive Kostenübernahme für Schulbücher und ein Azubi-Ticket für den Schul- und Arbeitsweg sowie feste Ansprechpartner*innen während der gesamten Ausbildung&nbsp;",,Bw Bekleidungsmanagement GmbH | Ausbildung | zum Fachinformatiker für Systemintegration (w/m/d) | Köln,tidak,belum,sedang,"Ausbildung zum Fachinformatiker für Systemintegration (w/m/d)

- Eine attraktive Ausbildungsvergütung, inklusive Kostenübernahme für Schulbücher und ein Azubi-Ticket für den Schul- und Arbeitsweg sowie feste Ansprechpartner*innen während der gesamten Ausbildung
- Möglichkeit zur Verkürzung der Ausbildungsdauer bei entsprechender Vorqualifikation oder sehr guten Leistungen
- Option auf Übernahme in ein unbefristetes Arbeitsverhältnis nach erfolgreicher Ausbildung
- Investition in Ihre Zukunft durch individuelle Weiterbildungsmöglichkeiten
- Corporate Benefits (exklusive Mitarbeiterrabatte)
- Moderne Büroräume an einem Standort mit direkter Anbindung an das ÖPNV-Netz und die Autobahn (kostenfreie Firmenparkplätze)
Haben wir Ihr Interesse geweckt?",,2026-06-13T10:39:16.016724+00:00
AZDE-12197125,azubi_de_fi,PC-Consulting GmbH,Köln,50739 Köln DE,Ausbildung | Fachinformatiker Systemintegration - IT-Beratung (m/w/d),si,,,"Weiterbildungsmöglichkeiten, Verkehrsmittelzuschuss
Wenn du deine IT-Kenntnisse in einem praxisnahen Umfeld entwickeln möchtest und Freude an der Arbeit mit modernen Unternehmenslösungen hast, freuen wir uns auf deine Bewerbung!
Aufgaben
Wir bieten:",67,empty,,https://www.azubi.de/ausbildungsplatz/12197125-b-fachinformatiker-systemintegration-it-beratung-m-w-d/apply,portal,,,PC-Consulting GmbH | Ausbildung | Fachinformatiker Systemintegration - IT-Beratung (m/w/d) | Köln,tidak,belum,sedang,"Fachinformatiker Systemintegration - IT-Beratung (m/w/d)

Deine Aufgaben:
- Unterstützung bei der Einführung, Anpassung und Optimierung von ERP-Systemen (Warenwirtschaft, Buchhaltung, Produktion, HR, DMS)
- Mitwirkung an Projekten zur Netzwerkinfrastruktur und Migrationen
- Analyse und Bearbeitung technischer Kundenanfragen per Telefon, Teams oder Remote-Zugriff

Einleitung
Fachinformatiker Systemintegration (m/w/d) - IT-Beratung
Wir sind eine engagierte, dynamische IT-Beratung- und Systemhaus mit Fokus auf ERP - und CRM-Lösungen für kleine und mittelständische Unternehmen.
Zur Verstärkung unseres kleinen Teams suchen wir ab sofort einen lösungsorientierte(n) Azubi (m/w/d), der interessiert ist in den Themengebieten der Informatik, Wirtschaftsinformatik oder Betriebswirtschaft und uns in den Bereichen Support, Consulting, Netzwerk und Projektarbeit tatkräftig unterstützt.

Wir bieten:
- Attraktive und marktgerechte Vergütung
- Home Office-Option sowie moderne Arbeitsmittel
- Einblicke in abwechslungsreiche Kundenprojekte und echte Praxiserfahrung
- Flache Hierarchien, kurze Entscheidungswege und kollegiales Miteinander
- Weitere Benefits: Weiterbildungsmöglichkeiten, Verkehrsmittelzuschuss
Wenn du deine IT-Kenntnisse in einem praxisnahen Umfeld entwickeln möchtest und Freude an der Arbeit mit modernen Unternehmenslösungen hast, freuen wir uns auf deine Bewerbung!
Aufgaben","Einleitung
Fachinformatiker Systemintegration (m/w/d) - IT-Beratung
Wir sind eine engagierte, dynamische IT-Beratung- und Systemhaus mit Fokus auf ERP - und CRM-Lösungen für kleine und mittelständische Unternehmen.
Zur Verstärkung unseres kleinen Teams suchen wir ab sofort einen lösungsorientierte(n) Azubi (m/w/d), der interessiert ist in den Themengebieten der Informatik, Wirtschaftsinformatik oder Betriebswirtschaft und uns in den Bereichen Support, Consulting, Netzwerk und Projektarbeit tatkräftig unterstützt.",2026-06-13T10:39:28.428269+00:00
AZDE-12137848,azubi_de_fi,comito GmbH,Köln,Holzmarkt 2a 50676 Köln DE,Ausbildung | zum Fachinformatiker Systemintegration (m/w/d),si,,,,60,empty,,https://www.azubi.de/ausbildungsplatz/12137848-p-ausbildung-zum-fachinformatiker-systemintegration-m-w-d/apply,portal,Dein Ansprechpartner: Matthias Schlipf,,comito GmbH | Ausbildung | zum Fachinformatiker Systemintegration (m/w/d) | Köln,tidak,belum,sedang,"Ausbildung zum Fachinformatiker Systemintegration (m/w/d)

Dein Einstieg in die IT
Als IT-Dienstleister lösen wir die IT-Themen unserer Kunden. Wenn Du gerne bis zum Endgegner dabei bleibst und lieber herausfordernde Aufgaben als Langeweile magst, dann bist Du genau der Mensch, den wir suchen.
Wir sind ein führender IT-Dienstleister mit Sitz im Kölner Rheinauhafen und bieten mittelständischen Unternehmen maßgeschneiderte IT- und Cloudlösungen. Unser Team besteht aus engagierten Fachleuten, die täglich daran arbeiten, IT-Lösungen auf höchstem Niveau zu liefern.
Unsere Themen sind sehr vielfältig und wir setzen unsere Mitarbeiter nach Qualifikation und Interessen ein. Interessierst Du Dich eher für Microsoft Themen oder für Linux? Machst Du lieber Netzwerk, oder IT-Security? Die nachfolgenden Bereiche sind nur Beispiele, von den vielen Dingen, die man bei uns als Azubi machen kann, denn als Dienstleister sind wir für alles bei unseren Kunden verantwortlich.
Was lernt man in der Ausbildung zum Fachinformatiker Systemintegration (m/w/d)?
- Cloud (insbesondere Microsoft 365 und Azure):
Du beschäftigst dich mit der Planung, Einrichtung und Verwaltung cloudbasierter IT-Infrastrukturen. Dabei arbeitest du mit Plattformen wie Microsoft 365 und Azure, um virtuelle Maschinen, Datenbanken und Netzwerklösungen bereitzustellen. Zu deinen Aufgaben zählen die Benutzerverwaltung, die Konfiguration von Sicherheitseinstellungen, Automatisierung sowie die Integration von Cloud-Diensten in bestehende IT-Landschaften. Zusätzlich entwickelst du ein fundiertes Verständnis für Konzepte wie Hybrid-Cloud, Identity-Management (Azure AD) und Backup-Strategien, um flexible und sichere IT-Umgebungen zu schaffen.
- IT-Security:
Ein weiterer Schwerpunkt liegt auf dem Schutz von IT-Systemen und Netzwerken vor Cyberangriffen und Sicherheitsrisiken. Du befasst dich mit der Erkennung und Abwehr von Bedrohungen wie Phishing, Malware oder DDoS-Attacken und setzt geeignete Schutzmaßnahmen ein, darunter Firewalls, Intrusion-Detection-Systeme (IDS) und Endpoint-Security. Ergänzend arbeitest du mit Verschlüsselungstechniken, Zugriffskontrollen und Sicherheitsrichtlinien zum Schutz sensibler Daten.
- System- und Serveradministration:
Im Bereich der System- und Serveradministration übernimmst du die Installation, Konfiguration und Wartung von Servern und Betriebssystemen wie Windows und Linux. Du setzt virtuelle Serverumgebungen auf, verwaltest Benutzerzugänge und führst regelmäßige Updates durch. Durch Monitoring stellst du die Verfügbarkeit und Leistungsfähigkeit der Systeme sicher und sorgst für einen stabilen IT-Betrieb.
- Netzwerkadministration:
Du richtest Netzwerke ein, konfigurierst sie und stellst einen sicheren und zuverlässigen Betrieb sicher. Dazu gehören die Implementierung von Sicherheitslösungen wie Firewalls und VPNs sowie die kontinuierliche Überwachung der Netzwerkinfrastruktur, um potenzielle Bedrohungen frühzeitig zu erkennen. Ziel ist eine stabile und geschützte Kommunikation innerhalb des Unternehmens.
- IT-Support und Anwenderbetreuung:
Im IT-Support unterstützt du Anwender bei technischen Fragestellungen und Störungen. Du analysierst Probleme, entwickelst Lösungen und erklärst technische Sachverhalte verständlich. Bei Bedarf bindest du weitere Fachstellen ein und nutzt Ticket-Systeme zur strukturierten Bearbeitung von Anfragen, um einen reibungslosen IT-Betrieb sicherzustellen.
- Betriebswirtschaftliche Grundlagen:
Ergänzend beschäftigst du dich mit betriebswirtschaftlichen Grundlagen, um die wirtschaftlichen Aspekte deiner Tätigkeit besser zu verstehen. Dazu zählen Budgetplanung, Kostenkalkulation sowie Grundlagen des Projektmanagements und Vertragswesens. Dieses Wissen hilft dir, IT-Projekte effizient zu steuern und professionell mit Dienstleistern zusammenzuarbeiten.

Dein Profil
- Technikbegeistert: Du hast großes Interesse an IT-Systemen, Netzwerken und moderner Technologie. Vielleicht hast du schon erste Erfahrungen mit Hardware, Software oder sogar eigenen IT-Projekten gesammelt.
- Analytisch & lösungsorientiert: Du denkst logisch, gehst Probleme strukturiert an und hast Spaß daran, effiziente Lösungen zu finden. Herausforderungen motivieren dich, und du bleibst hartnäckig, bis du die beste Lösung gefunden hast.
- Verantwortungsbewusst & zuverlässig: Du arbeitest sorgfältig und gewissenhaft – schließlich sind IT-Systeme das Rückgrat eines Unternehmens. Du bist dir bewusst, dass Sicherheit und Datenschutz in der IT eine große Rolle spielen.
- Teamplayer mit Eigeninitiative: Du arbeitest gerne im Team, kannst aber auch selbstständig Aufgaben übernehmen. Dabei zeigst du Engagement und hast Lust, immer Neues zu lernen.
- Kommunikativ & serviceorientiert: Du hast keine Scheu, anderen IT-Themen verständlich zu erklären, und hilfst gerne bei technischen Fragen weiter. Ob per Telefon, E-Mail oder persönlich – du kannst dich gut ausdrücken und bist kundenorientiert.
- Guter Schulabschluss: Ein mittlerer Schulabschluss oder (Fach-)Abitur sind von Vorteil, aber auch Quereinsteiger mit starkem IT-Interesse sind willkommen. Besonders wichtig sind gute Noten in Mathematik, Informatik und Englisch, da du oft mit technischen Dokumentationen und internationalen IT-Systemen arbeitest.

Deine Benefits
- Als Mensch in unserem Team bist Du nicht irgendeine Nummer, sondern aktiver Mitgestalter.
- Du erhältst bei uns den Raum, eigenverantwortlich zu arbeiten und Entscheidungen selbstständig zu treffen.
- Bei uns kannst Du anteilig im Homeoffice oder im Büro arbeiten – so, verbinden wir das beste aus beiden Welten.
- Wir unterstützen Dich dabei, Beruf und Familie durch individuelle Lösungen in Einklang zu bringen.
- Modernes Notebook, drei Monitore, höhenverstellbarer Schreibtisch? Das gehört bei uns zur Grundausstattung.
- Unser modernes Büro schafft durch große (öffenbare) Fenster und viel Sonne eine angenehme Arbeitsatmosphäre.
- Team-Events bieten Dir die Möglichkeit, Kollegen auch abseits des Arbeitsalltags besser kennenzulernen und etwas gemeinsam zu unternehmen. Wenn Du möchtest.
- Du erhältst bei uns eine Einarbeitung, die auf Deine Vorkenntnisse und Bedürfnisse abgestimmt ist, damit Du optimal in Deine neue Rolle starten kannst.
- Unsere Teamleiter und Geschäftsführer begegnen Dir auf Augenhöhe und sorgen für einen angenehmen Austausch.
- Gute Leistung wird extra honoriert. Hierfür gibt es einen jährlichen Bonus, der nach klaren Regeln erreicht werden kann.
- Wir sind per Du. Im Team sowieso und auch mit vielen Kunden.
- Bei uns kannst Du Dich kleiden, wie Du Dich wohlfühlst – ein lockerer Kleidungsstil ist willkommen. Anzüge sieht man bei uns nie.
- Wir bieten Dir ein Job-Ticket, damit Du entspannt und kostengünstig zur Arbeit kommst.
- Für Kollegen die mit dem Auto zur Arbeit kommen, stehen Parkplätze zur Verfügung. Einen Fahrradraum gibt es selbstverständlich auch.
- Wir sitzen im Kölner Rheinaufhafen im Microsoft-Gebäude. In der Nähe gibt es Restaurants, eine Einkaufsstraße und Bus- und Bahnverbindungen.
Interessiert?
Sollten Dir Informationen fehlen, ruf uns gerne an, oder reiche die Kurzbewerbung ein und stelle die Fragen im ersten kurzen Kennenlerntelefonat.
Wir freuen uns auf Deine Bewerbung per E-Mail oder über unser Bewerberformular.","Dein Profil
- Technikbegeistert: Du hast großes Interesse an IT-Systemen, Netzwerken und moderner Technologie. Vielleicht hast du schon erste Erfahrungen mit Hardware, Software oder sogar eigenen IT-Projekten gesammelt.
- Analytisch & lösungsorientiert: Du denkst logisch, gehst Probleme strukturiert an und hast Spaß daran, effiziente Lösungen zu finden. Herausforderungen motivieren dich, und du bleibst hartnäckig, bis du die beste Lösung gefunden hast.
- Verantwortungsbewusst & zuverlässig: Du arbeitest sorgfältig und gewissenhaft – schließlich sind IT-Systeme das Rückgrat eines Unternehmens. Du bist dir bewusst, dass Sicherheit und Datenschutz in der IT eine große Rolle spielen.
- Teamplayer mit Eigeninitiative: Du arbeitest gerne im Team, kannst aber auch selbstständig Aufgaben übernehmen. Dabei zeigst du Engagement und hast Lust, immer Neues zu lernen.
- Kommunikativ & serviceorientiert: Du hast keine Scheu, anderen IT-Themen verständlich zu erklären, und hilfst gerne bei technischen Fragen weiter. Ob per Telefon, E-Mail oder persönlich – du kannst dich gut ausdrücken und bist kundenorientiert.
- Guter Schulabschluss: Ein mittlerer Schulabschluss oder (Fach-)Abitur sind von Vorteil, aber auch Quereinsteiger mit starkem IT-Interesse sind willkommen. Besonders wichtig sind gute Noten in Mathematik, Informatik und Englisch, da du oft mit technischen Dokumentationen und internationalen IT-Systemen arbeitest.",2026-06-13T10:39:20.671283+00:00
AZDE-11705896,azubi_de_fi,Ditcon GmbH,Köln,51149 Köln DE,Ausbildung | zum Fachinformatiker für Systemintegration (m/w/d),si,,,,60,empty,bewerbung@gfc-gruppe.de,https://www.azubi.de/ausbildungsplatz/11705896-b-ausbildung-zum-fachinformatiker-fuer-systemintegration-m-w-d/apply,email,,,Ditcon GmbH | Ausbildung | zum Fachinformatiker für Systemintegration (m/w/d) | Köln,tidak,belum,tinggi,"Ausbildung zum Fachinformatiker für Systemintegration (m/w/d)

Deine Aufgaben
Während Deiner Ausbildung lernst Du, moderne IT-Systeme zu planen, zu installieren, zu konfigurieren und zu betreuen. Du unterstützt bei der Einrichtung, dem Betrieb und der Verwaltung von IT-Infrastrukturen entsprechend den Anforderungen unserer Kunden.
Außerdem wirkst Du bei der Analyse und Behebung von Störungen mit und lernst, Fehler systematisch unter Einsatz von Diagnose- und Expertenwerkzeugen einzugrenzen und zu lösen. Du unterstützt Anwender bei Fragen rund um Hard- und Software, hilfst bei Anwendungs- und Systemproblemen und arbeitest an der Erstellung von Systemdokumentationen mit. Auch die Unterstützung bei Einweisungen und Schulungen von Benutzern gehört zu Deinem Aufgabengebiet.
Das erwartet Dich bei uns
- eine vielseitige, abwechslungsreiche und praxisnahe Ausbildung
- ein spannendes Aufgabenfeld in einem wachstumsstarken und zukunftsorientierten Unternehmen
- sehr gute Übernahme- und Weiterbildungsmöglichkeiten
- betriebliche Altersvorsorge und Krankenzusatzversicherung nach der Probezeit
- kostenfreie Getränke wie Wasser und Kaffee
- eine angenehme Arbeitsatmosphäre in einem kollegialen Umfeld
Interesse geweckt?

Einleitung
Starte mit uns zum 01. August 2026 in Deine berufliche Zukunft.
Die Ditcon GmbH steht als herstellerneutrales IT-Systemhaus für ganzheitliche und praxisorientierte Lösungen. Wir unterstützen unsere Kunden mit maßgeschneiderten Leistungen in den Bereichen IT-Dienstleistungen, IT-Security, Managed Services, Telekommunikation sowie Service & Support. Dazu gehören unter anderem IT-Services, IT-Beschaffung, IT-Outsourcing, IT-Monitoring, Microsoft 365, Sicherheits- und Backup-Lösungen sowie moderne Arbeitsplatz- und Hosting-Konzepte. Abgerundet wird unser Angebot durch persönliche Beratung, zuverlässige Betreuung und passgenaue Finanzierungslösungen.
Zur Verstärkung unseres Teams suchen wir zum 01. August 2026 einen Auszubildenden zum
Fachinformatiker für Systemintegration (m/w/d)
Dein Profil
Du verfügst über Abitur, Fachhochschulreife oder eine sehr gute Fachoberschulreife und bringst Interesse an IT, technischen Zusammenhängen und digitalen Lösungen mit.
Darüber hinaus zeichnest Du Dich aus durch:
- hohe Zuverlässigkeit und Lernbereitschaft
- eine engagierte, sorgfältige und selbstständige Arbeitsweise
- Spaß an technischen Herausforderungen und am Umgang mit Menschen
- Führerschein der Klasse B
- Offenheit für kurze Dienstfahrten mit einem Firmenfahrzeug","Einleitung
Starte mit uns zum 01. August 2026 in Deine berufliche Zukunft.
Die Ditcon GmbH steht als herstellerneutrales IT-Systemhaus für ganzheitliche und praxisorientierte Lösungen. Wir unterstützen unsere Kunden mit maßgeschneiderten Leistungen in den Bereichen IT-Dienstleistungen, IT-Security, Managed Services, Telekommunikation sowie Service & Support. Dazu gehören unter anderem IT-Services, IT-Beschaffung, IT-Outsourcing, IT-Monitoring, Microsoft 365, Sicherheits- und Backup-Lösungen sowie moderne Arbeitsplatz- und Hosting-Konzepte. Abgerundet wird unser Angebot durch persönliche Beratung, zuverlässige Betreuung und passgenaue Finanzierungslösungen.
Zur Verstärkung unseres Teams suchen wir zum 01. August 2026 einen Auszubildenden zum
Fachinformatiker für Systemintegration (m/w/d)
Dein Profil
Du verfügst über Abitur, Fachhochschulreife oder eine sehr gute Fachoberschulreife und bringst Interesse an IT, technischen Zusammenhängen und digitalen Lösungen mit.
Darüber hinaus zeichnest Du Dich aus durch:
- hohe Zuverlässigkeit und Lernbereitschaft
- eine engagierte, sorgfältige und selbstständige Arbeitsweise
- Spaß an technischen Herausforderungen und am Umgang mit Menschen
- Führerschein der Klasse B
- Offenheit für kurze Dienstfahrten mit einem Firmenfahrzeug",2026-06-13T10:37:48.515598+00:00
AZDE-12191256,azubi_de_fi,ETL-Gruppe,Köln,Köln 50667 Köln,Ausbildung | zum Fachinformatiker (m/w/d) für Systemintegration,si,2027,8,,60,empty,,https://www.azubi.de/ausbildungsplatz/12191256-s-ausbildung-zum-fachinformatiker-m-w-d-fuer-systemintegration/apply,portal,"- Führerschein: Idealerweise besitzt du bereits einen Führerschein der Klasse 3. Kontakt Haben wir Dich überzeugt? Der schnellste Weg in unser Team ist die Onlinebewerbung.
Wir stehen für Chancengleichheit, die Verhinderung jeglicher Form von Diskriminierung sowie die Förderung einer Kultur der Wertschätzung von Vielfalt. Wir möchten daher ausdrücklich ALLE ermutigen, sich zu bewerben.
Deine Ansprechperson:
Laura Toniolo
Business Partner Recruiting
+49 0152 01380506
Dein Arbeitsort:
ETL Datenservice GmbH
Widdersdorfer Straße 415
50933 Köln
Aufgaben",,ETL-Gruppe | Ausbildung | zum Fachinformatiker (m/w/d) für Systemintegration | Köln,tidak,belum,sedang,"Ausbildung zum Fachinformatiker (m/w/d) für Systemintegration

Einleitung
- Zentraler Ansprechpartner: Die arbeitest an der Erstlösung für die Kanzleien per Fernwartung. Das bringst Du mit
- Dein Schulabschluss: Du hast die mittlere Reife oder die Fach- bzw. Hochschulreife erfolgreich abgeschlossen.
- Begeisterung für Technik und IT: Mathematik, Informatik und neue Technologien interessieren und motivieren dich.
- Motivation und Arbeitsweise: Du zeichnest dich durch Lernbereitschaft, Zuverlässigkeit, Flexibilität und Engagement aus.
- Teamgeist und Persönlichkeit: Der Umgang mit Menschen macht dir Spaß, du zeigst Eigeninitiative und trittst selbstbewusst auf.

Wir bieten mehr als nur einen Job Du suchst den perfekten Einstieg ins Berufsleben und willst richtig durchstarten?
Die ETL Datenservice GmbH ist ein Teil der ETL-Gruppe und ist der Service-Dienstleister für die bundesweite IT-Betreuung.
Die Steuerberatungsbranche ist digitaler denn je – und genau hier kommst Du ins Spiel. In Deiner Ausbildung zum Fachinformatiker (m/w/d) für Systemintegration arbeitest Du an der Schnittstelle zwischen IT und Steuerberatung und gestaltest moderne, digitale Prozesse aktiv mit. Dich erwartet ein abwechslungsreicher Berufsalltag, in dem Technik, Innovation und Teamarbeit zusammenkommen.
Bewirb Dich jetzt bei uns in Köln für Deinen Start im August 2027!
Viele gute Gründe bei uns zu arbeiten
- Praxisnahe Ausbildung: Eine umfassende Ausbildung, in der du dein Wissen nicht nur theoretisch, sondern vor allem durch die aktive Mitarbeit an verschiedenen Projekten der ETL Datenservice erwirbst.
- Abwechslungsreiche Aufgaben: Vom ersten Tag an übernimmst du verantwortungsvolle Aufgaben und unterstützt uns mit deinen kreativen Ideen.
- Persönliche Betreuung: Umfassende Betreuung durch einen Ausbilder vor Ort sowie regelmäßige Feedbackgespräche.
- Moderner Arbeitsplatz: Ein modern ausgestatteter Arbeitsplatz in hellen und modernen Räumlichkeiten.
- Attraktive Zusatzleistungen: Kostenfreie Getränke, ein wöchentlicher Obstkorb sowie umfangreiche Mitarbeitervergünstigungen über „Corporate Benefits“.
- Individuelle Weiterbildung: Eine individuell abgestimmte Förderung durch verschiedene Weiterbildungsmaßnahmen.
- Angenehmes Arbeitsklima: Ein sehr gutes Arbeitsklima mit flachen Hierarchien sowie ein junges, modernes und motiviertes Team.
- Sehr gute Zukunftsperspektiven: Die besten Aussichten auf Übernahme innerhalb der stetig wachsenden ETL-Gruppe, verbunden mit sehr guten Karriereperspektiven. Dein zukünftiges Aufgabengebiet
- Installation und Konfiguration von IT-Systemen: Du unterstützt aus der Ferne und gelegentlich auch beim Kunden vor Ort bei der Einrichtung und Konfiguration von Arbeitsplatzrechnern.
- Fehleranalyse und Support: Du hilfst bei der Analyse und Behebung von Hard- und Softwareproblemen und unterstützt unsere Kunden bei IT-Fragen.
- Wartung und Pflege von IT-Systemen: Du führst Updates durch, überprüfst Systeme regelmäßig und sorgst für einen stabilen IT-Betrieb.
- Dokumentation von IT-Prozessen: Du dokumentierst Incidents und Installationen bei unseren Kunden, damit die IT-Infrastruktur nachvollziehbar bleibt.","Einleitung
- Zentraler Ansprechpartner: Die arbeitest an der Erstlösung für die Kanzleien per Fernwartung. Das bringst Du mit
- Dein Schulabschluss: Du hast die mittlere Reife oder die Fach- bzw. Hochschulreife erfolgreich abgeschlossen.
- Begeisterung für Technik und IT: Mathematik, Informatik und neue Technologien interessieren und motivieren dich.
- Motivation und Arbeitsweise: Du zeichnest dich durch Lernbereitschaft, Zuverlässigkeit, Flexibilität und Engagement aus.
- Teamgeist und Persönlichkeit: Der Umgang mit Menschen macht dir Spaß, du zeigst Eigeninitiative und trittst selbstbewusst auf.",2026-06-13T10:39:26.194795+00:00
ASD-999910000000571155,ausbildungsstellen_si,LOWTeq GmbH,Köln,Widdersdorfer Str. 236 - 240 50825 Köln Nordrhein-Westfalen,Ausbildung Fachinformatiker Systemintegration (m/w/d),si,,,,53,empty,bewerbung@lowteq.de,,email,,,LOWTeq GmbH | Ausbildung Fachinformatiker Systemintegration (m/w/d) | Köln,tidak,belum,sedang,"Ausbildung Fachinformatiker Systemintegration (m/w/d)

{'@type': 'EducationalOccupationalCredential', 'credentialCategory': 'high school'}

Wir bieten eine praxisnahe Ausbildung, in welcher Sie nach Einarbeitung zeitnah in echten Projekten mitwirken dürfen. Der Aufgabenbereich umfasst in der IT-Abteilung neben dem Telefon- und E-Mail-Helpdesk für Krankenhäuser auch die Wartung der internen IT-Infrastruktur.
Die Integration, Konfiguration und Wartung unseres LOWTeqpdms nimmt ebenfalls großen Stellenwert ein. Dabei werden unter anderem Kenntnisse in Datenbanken, Webservices, Java-Umgebungen und Serversystemen erworben.
Für das Ausbildungsjahr 2023 suchen wir motivierte
Schulabgänger, gerne aber auch Studienabbrecher.
Unsere Anforderungen:
Eigeninitiative
freundliches Auftreten
hohes Verantwortungsbewusstsein
technisches Interesse
Teamgeist
Unser vorrangiges Ziel ist es, den Auszubildenden nach erfolgreichem Abschluss der Ausbildung als gut eingearbeiteten Mitarbeiter übernehmen zu können. Darum bieten wir bei entsprechender Leistung auch gerne eine Verkürzung der Ausbildungszeit an.
Wir freuen uns auf aussagekräftige Bewerbungen und darauf, Sie vielleicht schon bald als Teil unseres Teams begrüßen zu können.
Anm.: Diese Stellenanzeige richtet sich an Menschen jeglichen Geschlechts, auch wenn in den Personenbezeichnungen eine genderspezifische Form benutzt worden ist.
Dauer: 2,5-3 Jahre
Bitte senden Sie Ihre Bewerbung per E-Mail an: bewerbung@lowteq.de","{'@type': 'EducationalOccupationalCredential', 'credentialCategory': 'high school'}",2026-06-13T13:07:09.673556+00:00
STEP-13691317,stepstone_de_ae,FÜR SIE Handelsgenossenschaft eG Food – Non Food,Köln,An der Münze 12–18 50668 Köln,"Ausbildung | Entwickler (m/w/d) Lösungskonzepte für Schnittstellen, Backendlösungen, Geschäftslogik sowie Anwendungen",non_fi,,,,53,empty,,https://twitter.com/stepstone_de,portal,,,"FÜR SIE Handelsgenossenschaft eG Food – Non Food | Ausbildung | Entwickler (m/w/d) Lösungskonzepte für Schnittstellen, Backendlösungen, Geschäftslogik sowie Anwendungen | Köln",tidak,belum,sedang,"Entwickler (m/w/d) Lösungskonzepte für Schnittstellen, Backendlösungen, Geschäftslogik sowie Anwendungen

Was wir bieten:
Sicher & langfristig: Unbefristetes Arbeitsverhältnis in einer modernen Genossenschaft mit Fokus auf Vertrauen, Stabilität und nachhaltige Zusammenarbeit.
Flexibel & modern : Mobiles Arbeiten nach Absprache sowie modernes Equipment für effizientes Arbeiten – egal ob im Büro oder remote.
Miteinander auf Augenhöhe: Offene Kommunikation, flache Hierarchien und echte Mitgestaltungsmöglichkeiten – jede Stimme zählt.
Entwicklung mit Perspektive: Individuelle Entwicklungs- und Weiterbildungsmöglichkeiten, damit Sie fachlich wie persönlich wachsen können.
Mehr als nur Arbeit: 30 Tage Urlaub, Rosenmontag frei, kostenloses Deutschlandticket, Bikeleasing, Gesundheits- und Sportangebote (z. B. Urban Sports Club) sowie umfangreiche Corporate Benefits und Unterstützung bei der Vereinbarkeit von Beruf & Privatleben.
Wie Sie sich bei uns bewerben:
Für Rückfragen steht Ihnen unser Recruiting-Team auch telefonisch unter: 0221 16041-108 zur Verfügung.
Bewerben Sie sich jetzt!
Wir betonen ausdrücklich, dass bei uns alle Menschen - unabhängig von Geschlecht/geschlechtlicher Identität, Nationalität, ethnischer und sozialer Herkunft, Religion/Weltanschauung, Behinderung, Alter sowie sexueller Orientierung - gleichermaßen willkommen sind.",,2026-06-12T20:44:36.188548+00:00
STEP-14032074,stepstone_de_dpa,parcIT GmbH,Köln,Erftstraße 15 50672 Köln,Ausbildung | Dualer Student angewandte Informatik – Software-Entwicklung und -Management (w/m/d) Start zum 01.10.2026,non_fi,2026,10,,53,empty,,https://twitter.com/stepstone_de,portal,"abwechselnd eine theoretische Ausbildung an der FHDW in Bergisch Gladbach sowie Praxiseinheiten in der Softwareentwicklung der parcIT anhand eines feststehenden Ausbildungsplans die Analyse, Planung und Entwicklung von Softwarelösungen sowie das Erlernen von Programmiersprachen (JAVA) das Entwerfen und Umsetzen von benutzerfreundlichen Oberflächen und mathematischen Algorithmen Test und Qualitätssicherung von Software sowie Support feste Ansprechpartner*innen zur Betreuung während des Studiums und Einbindung in ein festes Team der Softwareentwicklung
Was Dich auszeichnet? Begeisterung für Informatik sowie ...
einen Abschluss der Fachhochschulreife oder allgemeine Hochschulreife als Voraussetzung für das duale Studium gute Kenntnisse in Mathematik (idealerweise Leistungskurs) und ein ausgeprägtes Interesse an Informatik , ggf. schon verbunden mit ersten Gehversuchen in der Programmierung Eigeninitiative, Gestaltungswille sowie Spaß an der Entwicklung zukunftsfähiger Lösungen Offenheit für neue Themengebiete sowie der Wille, sich weiterzuentwickeln Kommunikationsstärke sowie Freude an der Arbeit im Team
Was Dich bei uns erwartet: Ein buntes Team aus rund 500 engagierten Kolleg*innen und …",,parcIT GmbH | Ausbildung | Dualer Student angewandte Informatik – Software-Entwicklung und -Management (w/m/d) Start zum 01.10.2026 | Köln,tidak,belum,sedang,"Dualer Student angewandte Informatik – Software-Entwicklung und -Management (w/m/d) Start zum 01.10.2026

ein spannendes sowie fachlich anspruchsvolles Aufgabenumfeld , mit agilen Methoden und interdisziplinärer Zusammenarbeit ein internes Onboarding-Konzept sowie ein fester Ausbildungsplan individuell maßgeschneiderte Möglichkeiten zur fachlichen und persönlichen Weiterentwicklung sowie eigenverantwortliches Lernen via LinkedIn-Learning-Plattform ein vertrauensvolles und aktives Miteinander , das wir auch abseits des Schreibtischs pflegen Eigenverantwortung sowie themen- und bereichsübergreifendes Arbeiten bei flexiblen Arbeitszeiten , im Rahmen des feststehenden Ausbildungsplanes mit der Wahlmöglichkeit von max. 80 % mobiles Arbeiten , damit Arbeit und Freizeit leicht miteinander vereinbar sind ein moderner Arbeitsplatz im Zentrum Kölns mit eigenem Fitnessbereich und Eltern-Kind-Büro attraktive Zusatzleistungen wie u. a. Deutschlandticket als JobTicket , Bikeleasing , Zuschüsse zur Kinderbetreuung und betriebliche Altersvorsorge sowie die Nutzung unseres Urban Sports Club Firmenfitness-Angebotes weitere Benefits findest Du auf unserer Homepage und natürlich unseren Podcast „Live bei parcIT“ | parcIT GmbH
Wenn Du Dich bewerben möchtest: Hier geht es zu unserem Kooperationspartner…
Bewerbung – Fachhochschule der Wirtschaft
oder aber direkt zu uns über den Button unten.
Sabine Loevenich
Telefon +49 221 58475-237
parcIT GmbH | Erftstraße 15 | 50672 Köln | www.parcIT.de",,2026-06-12T21:43:45.706817+00:00
STEP-14102939,stepstone_de_ae,Scalefree International GmbH,Köln,Hohenstaufenring 66 50674 Köln,Ausbildung | Corporate Academy Student (m/w/d) - Data & AI Engineering,non_fi,,,,53,empty,,https://twitter.com/stepstone_de,portal,,,Scalefree International GmbH | Ausbildung | Corporate Academy Student (m/w/d) - Data & AI Engineering | Köln,tidak,belum,sedang,"Corporate Academy Student (m/w/d) - Data & AI Engineering

Deine Aufgaben Du durchläufst ein 6-monatiges Programm mit verschiedenen Abschnitten, welche sowohl in der Theorie als auch in praktischen Projekten umgesetzt werden. Zu Beginn erhältst Du ein intensives Onboarding und erste Schulungen, wie z.B. der Umgang mit Data Platforms, Data Vault 2, AWS Foundational Trainings oder dbt. Während Deines Trainings hast Du die Möglichkeit auch entsprechende Zertifizierungen zu den Schulungen zu absolvieren.
Nach der ersten Trainingsphase geht es in die sogenannte Teamphase, wo die Schwerpunkte auf die Themen DataLake, Data Vault 2 im Projekt sowie Reporting & Dashboarding liegen. Für jeden Bereich setzt Du zusammen mit anderen Teilnehmer auf der Grundlage der Theorie ein praktisches reales Projekt um und stellst Eure Ergebnisse im Rahmen eines Projektabschlusses vor.
Bei erfolgreichem Abschluss der Projekte erhältst Du ein Zertifikat unserer internen Corporate Scalefree Academy sowie die Möglichkeit einer Weiterbeschäftigung bei Scalefree International als Werkstudent, Praktikant oder gleich als Consultant, je nachdem wo Du gerade in Deine Studienlaufbahn stehst.

Das bringst Du mit
Laufendes Studium der Wirtschaftsinformatik, Informatik oder eines vergleichbaren Studiengangs Grundlagen in Datenbanken und SQL Kenntnisse Erste Erfahrungen mit einer objektorientierten Programmiersprache, z.B. Python, Java oder JavaScript Grundlagen in einem der folgenden Bereiche sollten vorhanden sein: Data Warehousing, Data Engineering, Data Science oder Business Intelligence Gute Englisch- und Deutschkenntnisse erwünscht
Was Dich bei uns erwartet?
Enorme persönliche Entwicklungsmöglichkeiten innerhalb kürzester Zeit mit der möglichen Option auf einen späteren Einstieg Zertifizierungen und Trainings im Wert von mehreren tausend Euro Einen Teamgeist, der von einem kollegialen Miteinander geprägt ist Modernes Equipment und ein top ausgestattetes Büro","Das bringst Du mit
Laufendes Studium der Wirtschaftsinformatik, Informatik oder eines vergleichbaren Studiengangs Grundlagen in Datenbanken und SQL Kenntnisse Erste Erfahrungen mit einer objektorientierten Programmiersprache, z.B. Python, Java oder JavaScript Grundlagen in einem der folgenden Bereiche sollten vorhanden sein: Data Warehousing, Data Engineering, Data Science oder Business Intelligence Gute Englisch- und Deutschkenntnisse erwünscht
Was Dich bei uns erwartet?
Enorme persönliche Entwicklungsmöglichkeiten innerhalb kürzester Zeit mit der möglichen Option auf einen späteren Einstieg Zertifizierungen und Trainings im Wert von mehreren tausend Euro Einen Teamgeist, der von einem kollegialen Miteinander geprägt ist Modernes Equipment und ein top ausgestattetes Büro",2026-06-12T20:43:21.481889+00:00
MAD-2431389052,meine_ausbildung_ae,Adesso Se,Köln,,Duales Studium Bachelor Sc. Informatik und Fachinformatiker/-in Anwendungsentwicklung (all genders),dual,,,,40,company,,https://jobs.adesso-group.com/job/Dortmund-Duales-Studium-Bachelor-Sc_-Informatik-und-Fachinformatiker-in-Anwendungsentwicklung-%28all-genders%29-NW-44269/934255955/?utm_source=meine-ausbildung-in-deutschland,portal,,,Adesso Se | Duales Studium Bachelor Sc. Informatik und Fachinformatiker/-in Anwendungsentwicklung (all genders) | Köln,ya,belum,rendah,Duales Studium Bachelor Sc. Informatik und Fachinformatiker/-in Anwendungsentwicklung (all genders),,2026-06-11T11:48:46.246113+00:00
