id_referensi,kategori,nama_perusahaan,kota,alamat,jenis_ausbildung,spesialisasi,tahun_mulai,bulan_mulai,gaji,skor_kelengkapan,tipe_website,email_bewerbung,link_bewerbung,cara_apply,kontak_hr,link_arbeitsagentur,ringkasan,butuh_manual,status_lamaran,prioritas,deskripsi,persyaratan,tanggal_scrape
ASD-990570000011890357,ausbildungsstellen_si,Atruvia AG,Münster,GAD-Straße 2-6 48163 Münster Nordrhein-Westfalen,"Ausbildung Fachinformatiker/in für Anwendungsentwicklung (m/w/d), Münster 2027",ae,,,"1. Jahr: 1313 €
2. Jahr: 1431 €
3. Jahr: 1551 €",87,company,michael.altefrohne@atruvia.de,https://www.ausbildung.de/ratgeber/bewerbung/,email,,,"Atruvia AG | Ausbildung Fachinformatiker/in für Anwendungsentwicklung (m/w/d), Münster 2027 | Münster",tidak,belum,tinggi,"Ausbildung Fachinformatiker/in für Anwendungsentwicklung (m/w/d), Münster 2027

Deine Aufgaben:
- Erlernen von Programmiersprachen und Tools: Du eignest dir wichtige Programmiersprachen und Entwicklungswerkzeuge an und legst damit die Basis für deine Karriere als Entwickler:in.
- Neu- und Weiterentwicklung von Bankensoftware: Du arbeitest an der Entwicklung neuer Anwendungen und an der Optimierung bestehender Systeme.
- Erstellen und Umsetzen von Anwendungskonzepten: Du bringst eigene Ideen ein und wirkst an der Konzeption und Umsetzung von Softwarelösungen mit.
- Design und Entwicklung von Weboberflächen: Du sorgst für moderne, intuitive und benutzerfreundliche Interfaces.
- Test und Dokumentation: Du testest Anwendungen und dokumentierst deine Ergebnisse, damit unsere Software stabil und hochwertig bleibt.
Deine Ausbildung:
In drei Jahren entwickelst du dich zum Profi in der Anwendungsentwicklung.
- Spannende Aufgaben in der Softwareentwicklung von Anfang an
- Künstliche Intelligenz: Du lernst, wie du KI-Tools sinnvoll im Arbeitsalltag einsetzt, Daten richtig einschätzt und eigene Ideen mit modernen Technologien umsetzt
- Einführungswochen mit Kennenlern- und Teamtrainings
- Frühzeitiger Einsatz im Tagesgeschäft in verschiedenen Abteilungen und Projekten
- Seminare, z. B. zu methodischer Softwareentwicklung, Java und Datenbanken
- Veranstaltungen wie Hackathons und fachliche Events, bei denen du dich mit Azubis und Kolleg:innen vernetzen kannst
- Übernahmeprozess mit dem Ziel deiner unbefristeten Anstellung nach erfolgreichem Abschluss
Was uns ausmacht:
- Neue Perspektiven: Bei Atruvia lernst du von Expert:innen der Banken-IT – und wirst schnell selbst Teil davon.
- Erstklassige Ausbildung: Mehrfach ausgezeichnet und auf höchstem Niveau.
- Vielfältige Weiterbildungsmöglichkeiten: Du bleibst fachlich und persönlich immer am Puls der Zeit.
- Hervorragende Feedback- und Lernkultur: Wir wachsen gemeinsam und unterstützen uns gegenseitig.
- Agile und innovative Projekte: Du arbeitest mit modernen Methoden und Technologien.

Mittlere Reife

Was wir bieten:
- Mehr als nur Reinschnuppern: Du bist vom ersten Tag an ein wertvolles Teammitglied und übernimmst echte Aufgaben.
- Attraktive Vergütung und Nebenleistungen: 13. & 14. Gehalt, Fahrtkostenzuschuss, bezuschusstes Mittagessen in unseren Betriebsrestaurants u.v.m.
- Offene und motivierende Teamkultur: Gemeinsam erreichen wir mehr.
- Individuelle Betreuung und Förderung: Wir begleiten dich persönlich.
- Selbstständiges und eigenverantwortliches Arbeiten: Deine Ideen zählen.
Anforderungen:
- Du begeisterst dich für IT-Themen.
- Du kannst logisch und analytisch denken.
- Du sprichst fließend Deutsch (mindestens C1) und bist gut in Englisch.
- Du hast Spaß an der Arbeit im Team.
So bewirbst du dich:",Mittlere Reife,2026-06-13T12:12:35.112806+00:00
NRW-5856-13199,ausbildung_nrw_ae,BOLD Solution GmbH,Münster,An der Alten Ziegelei 34 48157 Münster,Ausbildung | Fachinformatiker/in - Anwendungsentwicklung (2026),ae,,,,87,company,viktoria.hissmann@boldsolution.com,https://boldsolution.com/ausbildung-bei-bold/fachinformatiker-in-anwendungsentwicklung-m-w-d,email,"Kontakt
02511423532
viktoria.hissmann@boldsolution.com
https://www.boldsolution.com/
An der Alten Ziegelei 34
48157 Münster
V
Viktoria Hissmann
Leitung HR
02511423532
viktoria.hissmann@boldsolution.com
Standort
+
–
⤢
info@ausbildung.nrw
Kontakt
Datenschutz
Impressum
Ausbildung.NRW ist ein Kooperationsprojekt der Industrie- und Handelskammern in Nordrhein-Westfalen.
umgesetzt von der www.spieker.agency",,BOLD Solution GmbH | Ausbildung | Fachinformatiker/in - Anwendungsentwicklung (2026) | Münster,tidak,belum,tinggi,"Fachinformatiker/in - Anwendungsentwicklung (2026)

Fachinformatiker/in - Anwendungsentwicklung in Münster (2026)
Mehr Informationen
Kaufmann/frau – Marketingkommunikation in Münster (2026)
Mehr Informationen
Angebote
Duale Ausbildung

Schon gewusst?
Du musst nicht „perfekt“ starten – wichtig sind Neugier, Motivation und Lernbereitschaft.
Bei uns bekommst du Praxis statt nur Theorie: Du arbeitest früh an echten Aufgaben mit. Wir legen Wert auf Qualität und sauberes Arbeiten – mit Feedback und Unterstützung im Team. Für uns zählen Persönlichkeit und Entwicklung: Quereinsteiger/innen und Studienabbrecher/innen sind ebenfalls willkommen.
Mehr Informationen

So kannst du dich bewerben
Mach es dir einfach – unser Bewerbungsprozess ist kurz und transparent:
1.Bewerbung senden",,2026-06-12T09:53:51.017925+00:00
NRW-2113-3899,ausbildung_nrw_ae,anaptis GmbH,Münster,Johann-Krane-Weg 36 48149 Münster,Ausbildung | Fachinformatiker/in - Anwendungsentwicklung,ae,,,,80,company,bewerbung@anaptis.com,https://anaptis.com/karriere/jobs/ausbildung-fachinformatiker-anwendungsentwicklung/,email,"Kontakt
02519179960
Kontakt
Datenschutz
Impressum
Ausbildung.NRW ist ein Kooperationsprojekt der Industrie- und Handelskammern in Nordrhein-Westfalen.
umgesetzt von der www.spieker.agency",,anaptis GmbH | Ausbildung | Fachinformatiker/in - Anwendungsentwicklung | Münster,tidak,belum,tinggi,"Fachinformatiker/in - Anwendungsentwicklung

Fachinformatiker/in - Anwendungsentwicklung in Münster
Mehr Informationen
Angebote
Duale Ausbildung (Vollzeit)

Schon gewusst?
Schau gerne auf unserem Instagram-Profil vorbei, um weitere Eindrücke von unserem Unternehmen und unserer Arbeitskultur zu bekommen

So kannst du dich bewerben
Du hast Interesse an diesem Ausbildungsplatz?
Dann bewirb Dich ganz einfach online über unser Bewerbungsportal!
👉 Hier geht’s zum Bewerbungsportal
bewerbung@anaptis.com
https://www.anaptis.com/
Johann-Krane-Weg 36
48149 Münster
Gesa Meinardus
HR Managerin
+492519179960
bewerbung@anaptis.com
Social Media
Standort
+
–
⤢
Standorte
Landsteinerstraße 4
97074 Würzburg
Uwe-Seeler-Allee 2
22525 Hamburg
Sophienstraße 40
38118 Braunschweig
info@ausbildung.nrw",,2026-06-12T09:53:17.093039+00:00
STEP-14142834,stepstone_de_ae,anaptis GmbH,Münster,Münster Münster,Ausbildung | zum Fachinformatiker/-in für Anwendungsentwicklung (w/m/d),ae,2027,8,"950 €, 1.000 €, 1.100 €",73,empty,,https://twitter.com/stepstone_de,portal,"Kontakt
Bewirb dich für eine Fachinformatiker/-in-Ausbildung!",,anaptis GmbH | Ausbildung | zum Fachinformatiker/-in für Anwendungsentwicklung (w/m/d) | Münster,tidak,belum,sedang,"Ausbildung zum Fachinformatiker/-in für Anwendungsentwicklung (w/m/d)

Deine Aufgaben
Fachinformatiker/-in (w/m/d) für Anwendungsentwicklung erstellen und entwickeln Software in einem abwechslungsreichen Berufsfeld. Jeder Tag und Auftrag ist unterschiedlich, und du bleibst stets auf dem neuesten Stand der Technik, um kreativ auf neue Anforderungen zu reagieren. Nach deiner Einarbeitung umfasst dein Aufgabenfeld Folgendes:
Du programmierst Softwareanwendungen auf Basis von Dynamics 365 Business Central (ehemals Dynamics NAV/Navision)

Du analysierst und implementierst Kundenanforderungen in die Softwareanwendungen unserer Kundschaft
Du testest und behebst Fehler in bestehenden Systemen unserer Kundschaft
Mit zunehmender Erfahrung: Du berätst unsere Kundschaft eigenständig und vertrauensvoll bei der Softwareeinführung und bei -updates
Ihr Profil
Dein Profil
Wir suchen Menschen, keine Abschlüsse. Hier sind ein paar hilfreiche Voraussetzungen, um bei uns erfolgreich zu sein:
Abitur oder Fachhochschulreife
Leidenschaft für IT-ThemenDigitalisierung
Denken
Teamfähigkeit
Deutsch
Das wäre wirklich klasse (kein Muss):
erste Erfahrungen

Wir bieten
Entwicklung & Consulting
ab August 2027
Münster, Würzburg
Du bist von der Stellenbeschreibung begeistert, glaubst allerdings, dass du die Angaben nicht zu 100 % erfüllen kannst? Das macht gar nichts! Die fehlenden Prozente gehen wir gemeinsam an.
Gehalt während der Ausbildung
Du fragst dich sicher, wie viel du als Auszubildende/-r verdienst: Als Fachinformatiker/-in jeder Fachrichtung im ersten Jahr etwa 950 € monatlich (2. Jahr: ca. 1.000 €, 3. Jahr: ca. 1.100 €). Genauere Infos findest du beim .Bundesinstitut für Berufsbildung
Warum wir dein nächster Lieblings-Arbeitgeber sind:
Darum solltest du bei anaptis arbeiten: Deine
Echte Praxis statt trockener Theorie
Bei uns entwickelst du echte Lösungen, die im Unternehmen was bewegen. Wir nehmen dich von Tag eins an mit in die Praxis.
Begleitung auf Augenhöhe
Du bekommst feste Ansprechpersonen, ehrliches Feedback und jede Menge Unterstützung – ganz ohne steife Förmlichkeiten.
Flexibilität & Freiraum
Arbeitszeiten, Themenbereiche und Tempo passen wir gemeinsam an deine und unsere Bedürfnisse an. So bleibst du im Flow – und im Zeitplan.
Perspektive nach dem Abschluss
Nach der Arbeit ist vor der Arbeit: Wenn wir gut zusammenpassen, ist die Ausbildung vielleicht erst der Anfang deiner Reise mit uns!
Wie ist es, bei uns zu arbeiten?
Wir machen nicht nur andere Unternehmen besser, sondern auch uns: Wir pflegen ein lockeres Verhältnis. Wir schätzen und vertrauen einander, achten auf uns und halten zusammen. Und was uns noch ganz wichtig ist: Egal, wie groß wir werden, die Startup-Kultur bleibt. Verschaffe dir selbst einen Überblick!
Wer arbeitet bei anaptis?
Bei uns treffen vielfältige Erfahrungen, Talente und Charaktere aufeinander. Wir bieten ein integratives Arbeitsumfeld, in dem Vielfalt unsere Stärke ist. Jeder erhält bei uns die Chance, persönlich und beruflich zu wachsen – unabhängig von Geschlecht, Lebenssituation, Orientierung, Religion, Alter, Herkunft oder Bildung.","Du analysierst und implementierst Kundenanforderungen in die Softwareanwendungen unserer Kundschaft
Du testest und behebst Fehler in bestehenden Systemen unserer Kundschaft
Mit zunehmender Erfahrung: Du berätst unsere Kundschaft eigenständig und vertrauensvoll bei der Softwareeinführung und bei -updates
Ihr Profil
Dein Profil
Wir suchen Menschen, keine Abschlüsse. Hier sind ein paar hilfreiche Voraussetzungen, um bei uns erfolgreich zu sein:
Abitur oder Fachhochschulreife
Leidenschaft für IT-ThemenDigitalisierung
Denken
Teamfähigkeit
Deutsch
Das wäre wirklich klasse (kein Muss):
erste Erfahrungen",2026-06-12T20:27:51.560697+00:00
STEP-14103036,stepstone_de_ae,Atruvia AG,Münster,GAD-Straße 2-6 2-6 48163 Münster,Ausbildung | zum Fachinformatiker Anwendungsentwicklung (m/w/d),ae,,,,73,empty,,https://youtube.com/embed/-ZBtaDDasto?rel=0&showinfo,portal,"Ansprechpartner*innen
Michael Altefrohne
Ausbildungsleitung Standort Münster
michael.altefrohne@atruvia.de
+49 251 713331383
Volker Elshof
Ausbildungsleitung Standort Münster
volker.elshof@atruvia.de
+49 251 713332476
Vielfalt verbindet.
Wir möchten noch vielfältiger werden und sprechen alle Menschen gleichermaßen an, die mit ihren Qualifikationen zu uns und zur ausgeschriebenen Stelle passen – unabhängig von Alter, Geschlecht, Bildung, Behinderung, ethnischer Herkunft und Nationalität, Religion, sexueller Orientierung oder sozialer Herkunft.
Atruvia AG | GAD-Straße 2-6, 48163 Münster | www.atruvia.de",,Atruvia AG | Ausbildung | zum Fachinformatiker Anwendungsentwicklung (m/w/d) | Münster,tidak,belum,sedang,"Ausbildung zum Fachinformatiker Anwendungsentwicklung (m/w/d)

Deine Aufgaben:
Erlernen von Programmiersprachen und Tools: Du baust wichtige Skills für die Softwareentwicklung auf. Neu- und Weiterentwicklung von Bankensoftware: Du gestaltest innovative Anwendungen und optimierst bestehende Systeme. Erstellen und Umsetzen von Anwendungskonzepten: Du bringst kreative Ideen in die Entwicklung ein. Design und Entwicklung von Weboberflächen: Du sorgst für intuitive und benutzerfreundliche Interfaces. Test und Dokumentation: Du stellst sicher, dass unsere Softwarelösungen stabil und hochwertig sind. Deine Ausbildung:
In drei Jahren wirst du zum Profi in der Anwendungsentwicklung! Dabei arbeitest du an realen Projekten und sammelst wertvolle Erfahrungen.
Spannende Aufgaben in der Softwareentwicklung von Anfang an. Künstliche Intelligenz: Du lernst, wie du KI-Tools im Arbeitsalltag sinnvoll einsetzt, Daten richtig einschätzt und eigene Ideen mit modernen Technologien umsetzt – ein echtes Plus für deine berufliche Zukunft. Einführungswochen: Gemeinsame Kennenlern- und Teamtrainings. Tagesgeschäft: Frühzeitiger Einsatz in unterschiedlichen Abteilungen und Projekten. Seminare: Teilnahme an zahlreichen Seminaren, z. B. methodische Softwareentwicklung, Java und Datenbanken. Einführungswochen: Gemeinsames Teamtraining, Workshops und Vorträge Veranstaltungen: Nimm an Hackathons und fachlichen Veranstaltungen teil und vernetze dich mit Azubis und KollegInnen. Übernahmeprozess: Unser Ziel ist deine unbefristete Übernahme nach erfolgreichem Abschluss.
Mehr als nur Reinschnuppern: Bei Atruvia bist du vom ersten Tag an ein wertvolles Teammitglied und übernimmst spannende Aufgaben.
Attraktive Vergütung und Nebenleistungen: 13. & 14. Gehalt, Fahrtkostenzuschuss, bezuschusstes Mittagessen in unseren Betriebsrestaurants u. v. m. Offene und motivierende Teamkultur: Gemeinsam erreichen wir mehr. Individuelle Betreuung und Förderung: Wir unterstützen dich persönlich. Selbstständiges und eigenverantwortliches Arbeiten: Deine Ideen zählen.
So bewirbst du dich:

Anforderungen:
Du begeisterst dich für IT-Themen. Du kannst logisch und analytisch denken. Du sprichst fließend Deutsch (mindestens C1) und bist gut in Englisch. Du hast Spaß an der Arbeit im Team.
Was uns ausmacht:
Neue Perspektiven: Bei Atruvia lernst du von den Besten der Banken-IT – und wirst schon bald selbst ein Teil davon.

Erstklassige Ausbildung: Mehrfach ausgezeichnet und auf höchstem Niveau. Vielfältige Weiterbildungsmöglichkeiten: Immer am Puls der Zeit. Hervorragende Feedback- und Lernkultur: Wir wachsen gemeinsam. Agile und innovative Projekte: Sei Teil spannender Entwicklungen. Was wir bieten:","Anforderungen:
Du begeisterst dich für IT-Themen. Du kannst logisch und analytisch denken. Du sprichst fließend Deutsch (mindestens C1) und bist gut in Englisch. Du hast Spaß an der Arbeit im Team.
Was uns ausmacht:
Neue Perspektiven: Bei Atruvia lernst du von den Besten der Banken-IT – und wirst schon bald selbst ein Teil davon.",2026-06-12T20:16:08.260235+00:00
AUBI-456419,aubi_plus_fi,Atruvia AG,Münster,48163 Münster,Ausbildung | Fachinformatiker Fachrichtung Anwendungsentwicklung (m/w/d),ae,,,"1.313,00 €, 1.431,00 €, 1.551,00 €",67,empty,,https://www.aubi-plus.de/bewerbung/,portal,"Individuelle Betreuung und Förderung: Persönliche Ansprechpartner:innen begleiten dich.
Selbstständiges und eigenverantwortliches Arbeiten: Deine Ideen sind willkommen.
Kontakt
Herr Michael Altefrohne
Personalmanagement
+49 251 7133-31383
E-Mail anzeigen
Bewerbungsunterlagen
Lebenslauf
die letzten 3 Schulzeugnisse
Tipp: Beziehe dich in deiner Bewerbung auf AUBI-plus!
Mit bewerbung2go kannst du deine Bewerbungsunterlagen erstellen.
Deine AUBI-plus Jobmail
Lass deinen Bot für dich suchen! Lege deine Suchkriterien fest und lehn dich zurück. Du bekommst aktuelle Stellen für deinen Traumberuf direkt per Mail zugeschickt.
SUCHBOT ERSTELLEN
Ähnliche Suchanfragen:
AUSBILDUNG MÜNSTER 2027
AUSBILDUNG IN NORDRHEIN-WESTFALEN
AUSBILDUNG 2027
AUSBILDUNG ALS FACHINFORMATIKER FACHRICHTUNG ANWENDUNGSENTWICKLUNG (M/W/D) IN MÜNSTER
“Wie bist du an deinen Ausbildungsplatz gekommen? - Schon in der Schule hatte ich viel Spaß am...”
Jarno
Atruvia AG
KOMPLETTER ERFAHRUNGSBERICHT
11 weitere Stellen im Unternehmen
Ausbildung Fachinformatiker Fachrichtung Systemintegration (m/w/d)
Atruvia AG
48163 Münster
01.08.2027
Duales Studium Wirtschaftsinformatik B.Sc. - IT-Consulting (m/w/d), Münster 2027
Atruvia AG
48163 Münster
01.08.2027
Duales Studium Wirtschaftsinformatik B.Sc. - Systemintegration (m/w/d), Münster 2027
Atruvia AG
48163 Münster
01.08.2027
WEITERE STELLEN LADEN
AUBI-plus
Über uns
Karriere
Partner
FAQ
News & Events
Presse
Blog
Messen & Aktionstage
DEUTSCHES AUSBILDUNGSFORUM
Produkte & Dienstleistungen
Für Ausbildungsbetriebe
Für Hochschulen
Für Schulen
Für Eltern
Besuch uns auch auf:
Region ändern:
AUBI-plus Österreich (deutsch)
AUBI-plus Schweiz (deutsch)
AUBI-plus Italien (deutsch)
AUBI-plus
Impressum
AGB
Datenschutz
Bildrechte
Kontakt",,Atruvia AG | Ausbildung | Fachinformatiker Fachrichtung Anwendungsentwicklung (m/w/d) | Münster,tidak,belum,sedang,"Fachinformatiker Fachrichtung Anwendungsentwicklung (m/w/d)

Deine Aufgaben:
Erlernen von Programmiersprachen und Tools: Du lernst moderne Programmiersprachen und Entwicklungsumgebungen kennen und baust dir Schritt für Schritt deine Entwickler-Skills auf.
Neu- und Weiterentwicklung von Bankensoftware: Du arbeitest an neuen Funktionen und Anwendungen für Banken und optimierst bestehende Software.
Erstellen und Umsetzen von Anwendungskonzepten: Du wirkst an Fachkonzepten mit und setzt diese in Code um.
Design und Entwicklung von Weboberflächen: Du entwickelst benutzerfreundliche Webinterfaces.
Test und Dokumentation: Du testest Anwendungen, dokumentierst deine Arbeit und sorgst so für Qualität und Stabilität.
Deine Ausbildung:
In etwa drei Jahren machst du aus deiner IT-Leidenschaft einen anerkannten Beruf.
Spannende Aufgaben in der Softwareentwicklung vom ersten Tag an
Künstliche Intelligenz: Du lernst, KI-Tools sinnvoll einzusetzen und Daten richtig zu bewerten
Einführungswochen mit Kennenlern- und Teamtrainings
Frühzeitiger Einsatz im Tagesgeschäft in unterschiedlichen Abteilungen und Projekten
Seminare, z. B. zu methodischer Softwareentwicklung, Java, Datenbanken und Software-Architekturen
Veranstaltungen wie Hackathons und Fach-Events zur Vernetzung mit anderen Azubis
Übernahmeprozess: Sehr gute Chancen auf eine unbefristete Übernahme nach erfolgreichem Abschluss
Was uns ausmacht:
Neue Perspektiven: Du lernst die Banken-IT von innen kennen.
Erstklassige Ausbildung: Strukturierte, mehrfach ausgezeichnete Programme.
Vielfältige Weiterbildungsmöglichkeiten: Fachlich und persönlich immer am Ball.
Hervorragende Feedback- und Lernkultur: Regelmäßiges Feedback, offene Kommunikation.
Agile und innovative Projekte: Arbeit mit aktuellen Technologien und modernen Methoden.

Anforderungen:
Du begeisterst dich für IT und Softwareentwicklung.
Du kannst logisch und analytisch denken.
Du sprichst fließend Deutsch (C1) und gut Englisch.
Du arbeitest gerne im Team.
So bewirbst du dich:
Bewirb dich online und reiche ein:
Lebenslauf
Deine letzten drei Zeugnisse
Relevante Bescheinigungen (z. B. Praktika, Zertifikate)
Optional ein Anschreiben
Unser Auswahlprozess:
Nach deiner Bewerbung erhältst du eine Einladung zu einem Online-Test, den du von zu Hause aus absolvierst. Wenn Ergebnis und Unterlagen passen, folgt ein Vorstellungsgespräch. Kurz danach bekommst du eine Rückmeldung von uns.
Werde Teil unserer IT-Familie – IT feels like home!
Stellendetails
Beruf:
Fachinformatiker / Fachinformatikerin Fachrichtung Anwendungsentwicklung
Bewerbungsfrist:
Offen
Mindestabschluss:
Mittlerer Schulabschluss (Realschulabschluss)
Freie Ausbildungsplätze:
1
Dauer:
3 Jahre
Referenz-Nr:
AUBI-456419
(Bitte in der Bewerbung angeben)
Kopieren
Dein persönlicher Matching-Score
Du willst wissen, wie gut diese Stelle zu dir passt? Dann registriere dich und mach das Matching. Mehr erfahren

Was wir bieten:
Mehr als nur Reinschnuppern: Du arbeitest von Anfang an an realen Aufgaben.
Attraktive Vergütung und Nebenleistungen: 13. & 14. Gehalt, Fahrtkostenzuschuss, vergünstigtes Mittagessen u.v.m.
Offene und motivierende Teamkultur: Hilfsbereite Kolleg:innen und Zusammenarbeit auf Augenhöhe.
Ausbildungsvergütung
1. Ausbildungsjahr: 1.313,00 €
2. Ausbildungsjahr: 1.431,00 €
3. Ausbildungsjahr: 1.551,00 €
TOP-AUSBILDER
Atruvia AG wurde mit Deutschlands Gütesiegel für die betriebliche Ausbildung BEST PLACE TO LEARN ® ausgezeichnet.","Anforderungen:
Du begeisterst dich für IT und Softwareentwicklung.
Du kannst logisch und analytisch denken.
Du sprichst fließend Deutsch (C1) und gut Englisch.
Du arbeitest gerne im Team.
So bewirbst du dich:
Bewirb dich online und reiche ein:
Lebenslauf
Deine letzten drei Zeugnisse
Relevante Bescheinigungen (z. B. Praktika, Zertifikate)
Optional ein Anschreiben
Unser Auswahlprozess:
Nach deiner Bewerbung erhältst du eine Einladung zu einem Online-Test, den du von zu Hause aus absolvierst. Wenn Ergebnis und Unterlagen passen, folgt ein Vorstellungsgespräch. Kurz danach bekommst du eine Rückmeldung von uns.
Werde Teil unserer IT-Familie – IT feels like home!
Stellendetails
Beruf:
Fachinformatiker / Fachinformatikerin Fachrichtung Anwendungsentwicklung
Bewerbungsfrist:
Offen
Mindestabschluss:
Mittlerer Schulabschluss (Realschulabschluss)
Freie Ausbildungsplätze:
1
Dauer:
3 Jahre
Referenz-Nr:
AUBI-456419
(Bitte in der Bewerbung angeben)
Kopieren
Dein persönlicher Matching-Score
Du willst wissen, wie gut diese Stelle zu dir passt? Dann registriere dich und mach das Matching. Mehr erfahren",2026-06-13T14:45:02.959607+00:00
INDEED-104853d125a1954a,indeed_de_ae,DREIKON GmbH & Co. KG,Münster,Münster NW,Ausbildung | zum Fachinformatiker (m/w/d) für Anwendungsentwicklung,ae,,,"Vollzeit, Berufsausbildung",67,empty,,https://www.hiringlab.org/de/,portal,"verschiedene Ansprechpartner für eine umfangreiche Ausbildung
Kein starrer Blockunterreicht, sondern tageweiser Unterricht in deiner Berufsschule im Zentrum von Münster
moderner & repräsentativer Arbeitsplatz am Münsteraner Hafen
gute Erreichbarkeit mit öffentlichen Verkehrsmitteln
vielfältige Kunden von kleinem Local SEO bis zu mittelständischen Unternehmen mit zahlreichen Lernoptionen
sehr gute Übernahmechance nach deiner Ausbildungszeit bei uns",,DREIKON GmbH & Co. KG | Ausbildung | zum Fachinformatiker (m/w/d) für Anwendungsentwicklung | Münster,tidak,belum,sedang,"Ausbildung zum Fachinformatiker (m/w/d) für Anwendungsentwicklung

spannende und wechselnde Aufgaben entsprechend deinem Leistungs- und Kenntnisstand
entspanntes und freundliches Team, eine lockere, kollegiale und produktive Arbeitsatmosphäre
Nachdem du dich etwas eingefunden hast, geben wir dir persönlich einen tieferen Einblick in die Systemstrukturen, Webentwicklung, Schnittstellen und mehr. Darüber hinaus lernst du die Schnittmengen mit anderen Teilbereichen des Online-Marketings kennen und setzt erste Aufgaben um.
Start deiner Berufsschule
Deinen ersten Tag in der Berufsschule hast du etwa zwei bis drei Wochen nach Start deiner Ausbildung. Deine Berufsschule ist in Münster, nur etwa 15 Minuten mit dem Rad entfernt. Du bist im ersten und zweiten Lehrjahr zwei Tage in der Woche in der Berufsschule und drei Tage in der Woche im Betrieb tätig. Im dritten Lehrjahr bist du einmal in der Woche in der Berufsschule.
Zu deinen Berufsschulfächern zählen bespielsweise Fächer wie Anwendungsentwicklung, Anwendungssoftware, Projektmanagement, Datenbanken und Netzwerke.
Erste eigene Projekte
Über deine dreijährige Ausbildungszeit bei uns wirst du dich basierend auf deinen Erfahrungen stetig weiterentwickeln. Uns ist wichtig, dass wir dich fordern aber nicht überfordern. Du erhältst Aufgaben, die deinem Wissenstand entsprechen. Wir halten nicht viel von ausbildungsfremden Aufgaben, die dich nicht weiterbringen, daher wirst du bereits kurz nach Ausbildungsbeginn mit ausbildungsbezogenen Entwicklungsarbeiten starten. Unser Team steht dir immer dann zur Seite, wenn du es brauchst. Bevor du dich versiehst wirst du durch deine steile Lernkurve Kundenwebseiten fast alleine entwickeln können.
Abwechslungsreiche Aufgaben
Du lernst unsere Software in kleineren und größeren Aufgaben immer besser kennen. Unser Team steht dir immer hilfsbereit zur Seite, wenn du Fragen oder Unsicherheiten hast. Wir zeigen dir, wie du immer selbstständiger Aufgaben zur Frontend Entwicklung von Webseiten, Webanwendungen, Onlineshops, Arbeiten mit REST-Schnittstellen und die Entwicklung von Modulen und Plug-Ins erledigen kannst. Darüber hinaus nimmst du an Besprechungen zur Planung von Systemstrukturen und Logiken teil und entwickelst bestehende Anwendungen und Systeme weiter.
Für die Stärkung kannst du dich auf wiederkehrende, gemeinsame Mittagspausen mit dem Team freuen.
Im dritten Lehrjahr...
Du kannst und weißt nun immer mehr und arbeitest immer selbstständiger. Du erhältst weitere, eigene Aufträge und Projekte und übernimmst die Kommunikation zur Projektplanung und zum Kunden selbst im direkten Austausch. Allein lassen wir dich jedoch nicht! Bei Fragen oder Unterstützungsbedarf stehen wir die selbstverständlich immer zur Seite.
Das Ende deiner Ausbildung
Die Abschlussprüfung steht vor der Tür und darauf bereiten wir dich optimal vor. Du bekommst die Zeit, um die intensiv mit den Inhalten aus deiner Ausbildungszeit zu beschäftigen, Unsicherheiten aufzuarbeiten und für deine Prüfungen zu lernen.
Erfolgreich bestanden - und jetzt?
Nachdem du deine Abschlussprüfung erfolgreich abgechlossen hast, besprechen wir gemeinsam mit dir die Übernahmemöglichkeiten.
In seltenen Fällen kristallisiert sich heraus, dass die Arbeit in der Entwicklung doch nicht deine Berufung ist. Dann besprechen wir mit dir weitere Karrieremöglichkeiten bei uns oder darüber hinaus. Denn du bist zwar ""fertiger"" Fachinformatiker (m/w/d) für Anwendungsentwicklung, ausgelernt hast du aber selbstverständlich noch lange nicht. Mit weiterführenden Schulungen deiner Wahl bilden wir dich stets weiter aus. Du hast besonders Gefallen an der SEO gefunden oder möchtest in den Bereich SEA hineinschnuppern? Bei uns hast du die Möglichkeit, dir dein Job langfristig so zu gestalten, wie du es am liebsten hättest.
Mit der Ausbildung bei DREIKON bin ich sehr zufrieden. Ich habe viel Zeit bekommen, um neue Herausforderungen alleine zu bewältigen und mir neue Kompetenzen anzueignen. Das Team hat mir regelmäßig neuen Input und Problemlösungen gezeigt, sodass ich immer weitere Techniken und Herangehensweisen kennenlernen konnte. Das Arbeitsvolumen war immer passend, sodass ich nicht überarbeitet war. Die Ausbildungsinhalte im Betrieb und in der Berufsschule haben sich perfekt ergänzt, sodass ich das neue Wissen immer gleich anwenden konnte.
Das sagt Ex-Azubi Daniel zu seiner Ausbildung bei DREIKON
du keine Angst vor technischen Aufgaben hast
du neugierig bist und für Herausforderungen im ersten Schritt selbst nach Lösungen suchst
du schon erste Berührungspunkte mit Tätigkeiten aus der IT oder der Entwicklung hattest und dir die langfristige Arbeit in dem Bereich vorstellen kannst
Darauf legen wir Wert:
Du bist intelligent und bringst eine analytische Denkweise mit
Du bist umgänglich und passt ins Team
Du bist motiviert, arbeitest selbstständig und bist bereit, Verantwortung zu übernehmen
Du kannst Tools wie Microsoft Excel, Powerpoint, Office und Word sicher anwenden

DREIKON Karrierecheck: Das solltest du mitbringen
Die Ausbildung zum Fachinformatiker (m/w/d) für Anwendungsentwicklung bei uns eignet sich für dich, wenn:
du Spaß im Bereich der Webentwicklung hast
wenn du dich schwerpunktmäßig in der Frontend Entwicklung weiterentwickeln möchtest
Qualifikation: Eine abgeschlossene Schulausbildung, vorzugsweise Abitur oder Realschulabschluss. Du hast schon mehr Arbeitserfahrung? Auch kein Problem! Wir freuen uns auch über deine Bewerbung, wenn du bereits eine abgeschlossene Berufsausbildung (kaufmännisch oder kreativ) in der Tasche hast oder nach deinem begonnenen oder abgeschlossenen Studium oder entsprechender Berufserfahrung einen anderen Weg einschlagen möchtest.
Uns ist hauptsächlich wichtig, dass du dich bereits im Vorfeld ausgiebig mit dem Jobbild eines Entwicklers* beschäftigt hast und du dich zukünftig in diesem Beruf sehen kannst. Vorwissen in den Bereichen HTML, CSS, JavaScript, PHP, MySQL ist hilfreich aber nicht zwingend notwendig.

Wir bieten:
faire Ausbildungsvergütung
30 Urlaubstage
flexible Arbeitszeiten und Homeoffice-Möglichkeit nach deiner Einarbeitungsphase
Flexible Job-Benefits mit Belonio
Ablauf deiner dreijährigen Ausbildung als Fachinformatiker (m/w/d) für Anwendungsentwicklung
Ankommen & Onboarding
Wir heißen dich in unserem Team willkommen, zeigen dir wer wir sind, was wir machen und was dich bei uns erwartet. Du lernst in deiner Einführung agenturspezifischen Arbeitsabläufe, deine Kolleginnen und Kollegen und näheres zu deinen Ausbildungsinhalten kennen.
Einführung ins unsere Software & Grundlagen der Webentwicklung","DREIKON Karrierecheck: Das solltest du mitbringen
Die Ausbildung zum Fachinformatiker (m/w/d) für Anwendungsentwicklung bei uns eignet sich für dich, wenn:
du Spaß im Bereich der Webentwicklung hast
wenn du dich schwerpunktmäßig in der Frontend Entwicklung weiterentwickeln möchtest
Qualifikation: Eine abgeschlossene Schulausbildung, vorzugsweise Abitur oder Realschulabschluss. Du hast schon mehr Arbeitserfahrung? Auch kein Problem! Wir freuen uns auch über deine Bewerbung, wenn du bereits eine abgeschlossene Berufsausbildung (kaufmännisch oder kreativ) in der Tasche hast oder nach deinem begonnenen oder abgeschlossenen Studium oder entsprechender Berufserfahrung einen anderen Weg einschlagen möchtest.
Uns ist hauptsächlich wichtig, dass du dich bereits im Vorfeld ausgiebig mit dem Jobbild eines Entwicklers* beschäftigt hast und du dich zukünftig in diesem Beruf sehen kannst. Vorwissen in den Bereichen HTML, CSS, JavaScript, PHP, MySQL ist hilfreich aber nicht zwingend notwendig.",2026-06-13T11:28:12.537633+00:00
INDEED-90b4018ef156760f,indeed_de_ae,UNIPLUS Software GmbH,Münster,Münster NW,Ausbildung | Fachinformatiker Anwendungsentwicklung (m/w/d),ae,,,Berufsausbildung,67,empty,,https://www.hiringlab.org/de/,portal,"Bei Rückfragen zur Stelle oder zum Bewerbungsprozess können Sie uns ebenfalls jederzeit per Mail kontaktieren.
Entdecken Sie die wichtigsten Stationen unserer Unternehmens – von den Anfängen bis zu einem starken Partner für Digitalisierung und Prozesse.",,UNIPLUS Software GmbH | Ausbildung | Fachinformatiker Anwendungsentwicklung (m/w/d) | Münster,tidak,belum,sedang,"Ausbildung Fachinformatiker Anwendungsentwicklung (m/w/d)

Am bib International College erwerben Sie umfassende Kenntnisse in moderner Softwareentwicklung, arbeiten praxisnah an realen IT-Projekten und profitieren von einer engen Verzahnung von Theorie und Anwendung. Die Ausbildung orientiert sich konsequent an aktuellen Marktanforderungen und vermittelt Fähigkeiten in den Bereichen Programmierung, Datenbanken, Softwarearchitektur und Projektmanagement. Durch die enge Zusammenarbeit mit Unternehmen und Partnerhochschulen bietet das bib eine exzellente Vorbereitung auf Ihre berufliche Zukunft.
Weitere Informationen zur schulischen Ausbildung finden Sie unter:
bib International College – IT-Berufsschule
Das erwartet Sie bei uns
Abwechslungsreiche Projekte in einem wachsenden Unternehmen
Moderne Arbeitsplätze und ein familiäres Arbeitsumfeld
Individuelle Förderung und klare Entwicklungsperspektiven
Kombination aus betrieblicher Praxis und fundierter schulischer Ausbildung
Das bringen Sie mit
Mittlere Reife, Fachhochschulreife oder Abitur – idealerweise mit guten Mathematikkenntnissen
Ausgeprägtes Interesse an IT und Softwareentwicklung
Erste Erfahrungen im Bereich Programmierung von Vorteil
Engagement, Eigeninitiative und Teamfähigkeit","Am bib International College erwerben Sie umfassende Kenntnisse in moderner Softwareentwicklung, arbeiten praxisnah an realen IT-Projekten und profitieren von einer engen Verzahnung von Theorie und Anwendung. Die Ausbildung orientiert sich konsequent an aktuellen Marktanforderungen und vermittelt Fähigkeiten in den Bereichen Programmierung, Datenbanken, Softwarearchitektur und Projektmanagement. Durch die enge Zusammenarbeit mit Unternehmen und Partnerhochschulen bietet das bib eine exzellente Vorbereitung auf Ihre berufliche Zukunft.
Weitere Informationen zur schulischen Ausbildung finden Sie unter:
bib International College – IT-Berufsschule
Das erwartet Sie bei uns
Abwechslungsreiche Projekte in einem wachsenden Unternehmen
Moderne Arbeitsplätze und ein familiäres Arbeitsumfeld
Individuelle Förderung und klare Entwicklungsperspektiven
Kombination aus betrieblicher Praxis und fundierter schulischer Ausbildung
Das bringen Sie mit
Mittlere Reife, Fachhochschulreife oder Abitur – idealerweise mit guten Mathematikkenntnissen
Ausgeprägtes Interesse an IT und Softwareentwicklung
Erste Erfahrungen im Bereich Programmierung von Vorteil
Engagement, Eigeninitiative und Teamfähigkeit",2026-06-13T11:28:28.903902+00:00
AZUB-g8776815,azubiyo_de_ae,Azubiyo,Münster,Hafenweg 14 48155 Münster Nordrhein-Westfalen,Ausbildung | Fachinformatiker Anwendungsentwicklung (m/w/d),ae,,,"1.231 €, 1.311 €, 1.384 €",53,empty,,https://www.azubiyo.de/stellenanzeigen/G8776815/bewerben/,portal,,,Azubiyo | Ausbildung | Fachinformatiker Anwendungsentwicklung (m/w/d) | Münster,tidak,belum,sedang,"Fachinformatiker Anwendungsentwicklung (m/w/d)

Deine Perspektive
- In unserem dynamischen Arbeitsumfeld warten zahlreiche Herausforderungen am Hafen von Münster (Kreativkai) auf Dich
- Als Auszubildender in bei GuideCom bekommst Du die Chance, Dich bei der Übernahme verantwortungsvoller Tätigkeiten zu beweisen
- Abgestimmt auf Deine Fähigkeiten wirst Du frühzeitig mit eigenen Teilprojekten aus der Praxis betraut, in denen Du selbstständig arbeiten und Dein Wissen in einem erfahrenen Team anwenden kannst
- Dabei machen wir Dich mit zusätzlichen Schulungen fit für Deine AufgabenDas zeichnet dich aus
- Du hast Lust darauf, in den nächsten Jahren in der Praxis unterwegs zu sein und dabei eine Menge zu lernen.
- Dafür bringst Du eine schnelle Lern- und Auffassungsgabe mit
- Du zeichnest Dich nicht nur durch Teamgeist aus, sondern auch durch die nötige Eigeninitiative und vor allem durch ein hohes Maß an Verantwortungsbewusstsein
- Erste Erfahrung in der Programmierung erleichtern Dir den Einstieg. Als Fachinformatiker Anwendungsentwicklung verfügst Du über die (Fach-) Hochschulreife sowie ein ausgeprägtes analytisches Verständnis. Kenntnisse in der IT vereinfachen Dir den Start, stellen aber keine Voraussetzung darDeine GuideCom-Benefits
- Eine ausgezeichnete Teamkultur, die Dir ein schnelles und angenehmes Ankommen ermöglicht
- Cross-funktionale Teams, in denen Du dank flacher Hierarchien, unkompliziert Entscheidungen abstimmen und von Expertenwissen profitieren kannst
- Ein wachsendes und sich ständig weiterentwickelndes Unternehmen, dessen Reise Du aktiv mitgestaltest
- Einen Arbeitsplatz am Hafen von Münster, der sich manchmal auch nach Urlaub anfühlt
- Ein wichtiger Bestandteil unserer Unternehmenskultur ist der persönliche Umgang miteinander, der durch Offenheit und Kollegialität geprägt ist. Du wirst schnell merken, dass man Dich mit Deinen Fragen nicht allein lässt",,2026-06-12T09:53:34.031463+00:00
NRW-735-2475,ausbildung_nrw_dpa,AGOLUTION GmbH,Münster,Wilhelm-Schickard-Str. 2 48149 Münster,Ausbildung | Fachinformatiker/in - Daten- und Prozessanalyse (2026),dpa,,,,87,company,jobs@agolution.com,https://agolution.com/de/karriere/offene-stellen/daten-und-prozessanalyse/,email,"Fels in der Brandung: Persönlicher Ansprechpartner und regelmäßige Feedback-Runden
Niemals Langeweile: Abwechslungsreiche Aufgaben
Verantwortung statt Lehrbücher wälzen: Von Anfang an spannende Projekte mitgestalten
Die Chemie stimmt: Flache Hierarchien, lockeres Arbeitsklima und regelmäßige After-Work-Treffen
Skill Up: In Inhouse-Schulungen voneinander lernen (auch von Azubis für Azubis)
Gesundheit im Fokus: Ergonomische Arbeitsplätze in unserem modernen Co-Working-Space, zwei Stunden Sport pro Woche während der Arbeitszeit, Hansefit-Angebot, Erholungsgeld etc.
Stabile Zukunftsplanung: Vermögenswirksame Leistung und Betriebliche Altersvorsorge
Du selbst sein: Kein Dresscode!
Per du: Gespräche auf Augenhöhe
…und viel mehr: Faire Ausbildungsvergütung, kostenfreie Parkplätze am Co-Working-Space, Heiligabend und Silvester frei, WLAN im Co-Working-Space auch zur privaten Nutzung, Onboarding-Goodie-Bag
Mehr Informationen
Kontakt
0251 9243290
personal@agolution.com
www.agolution.com
Wilhelm-Schickard-Str. 2
48149 Münster
Timm Kollenberg
Teamleiter Projektmanagement / Ausbildungsleiter
0251 9243290
personal@agolution.com
Social Media
Standort
+
–
⤢
info@ausbildung.nrw
Kontakt
Datenschutz
Impressum
Ausbildung.NRW ist ein Kooperationsprojekt der Industrie- und Handelskammern in Nordrhein-Westfalen.
umgesetzt von der www.spieker.agency",,AGOLUTION GmbH | Ausbildung | Fachinformatiker/in - Daten- und Prozessanalyse (2026) | Münster,tidak,belum,tinggi,"Fachinformatiker/in - Daten- und Prozessanalyse (2026)

Fachinformatiker/in - Daten- und Prozessanalyse in Münster (2026)
Mehr Informationen
Kaufmann/frau - Digitalisierungsmanagement in Münster (2026)
Mehr Informationen

Schon gewusst?
Diese Benefits warten auf dich
Top Perspektive: Sehr gute Chancen auf Übernahme nach deiner Ausbildung
Solide Basis: Ein angesehener Abschluss, der Hand und Fuß hat und auf den sich super aufbauen lässt
Zeit gewinnen: Die Ausbildung bei sehr guten Leistungen verkürzen
Work-Life-Balance: Flexible Arbeitszeiten und vorwiegend remote (z. B. im Home-Office) arbeiten
Digitales Mindset: Remote First und papierloses Arbeiten

So kannst du dich bewerben",,2026-06-12T10:00:04.186522+00:00
AZDE-10521420,azubi_de_fi,Brillux GmbH & Co. KG,Münster,Weseler Str. 401 48163 Münster,Ausbildung | Fachinformatiker für Daten- und Prozessanalyse (m/w/d),dpa,,,"Begleite eigenverantwortlich ein Projekt vom Anfang bis zum Ende
- Zugang zum B-Vital – Zentrum für Fitness und Physiotherapie
- Umfangreiche Zusatzleistungen (betriebliche Altersvorsorge, Gesundheitsförderung, Krankenzusatzversicherung, Zuschuss zum Arbeitsweg mit öffentlichen Verkehrsmitteln u. v. m.)
- Viele gemeinsame Aktionen, Ausflüge und Veranstaltungen mit der Azubigemeinschaft",80,empty,ausbildung@brillux.de,https://www.azubi.de/ausbildungsplatz/10521420-s-fachinformatiker-fuer-daten-und-prozessanalyse-m-w-d/apply,email,"Ansprechpartner:
Frau Theresa Fels
Telefon: 0251/7188-8780
ausbildung@brillux.de",,Brillux GmbH & Co. KG | Ausbildung | Fachinformatiker für Daten- und Prozessanalyse (m/w/d) | Münster,tidak,belum,tinggi,"Fachinformatiker für Daten- und Prozessanalyse (m/w/d)

Einleitung
Brillux ist Hersteller und Marktführer als Direktanbieter und Vollsortimenter im Lack- und Farbenbereich. In über 190 Niederlassungen, auch im Ausland, und vier Produktionsstätten stehen wir unseren Kunden täglich mit Leidenschaft zur Seite. Service und Produktqualität, Innovationskraft und Zuverlässigkeit sind die Basis unseres Erfolgs. In diesem Umfeld bieten sich Ihnen beste Entwicklungsmöglichkeiten.
„Wir haben den besten Überblick über alle Daten des Unternehmens.“
Tom, Unternehmenszentrale Münster
Berufsprofil
- Fachinformatiker/-innen der Fachrichtung Daten- und Prozessanalyse arbeiten vorrangig in der IT-Abteilung . Sie stellen die Verfügbarkeit sowie Qualität und Quantität von Daten sicher. Darüber hinaus analysieren und entwickeln IT-Lösungen für digitale Produktions- und Geschäftsprozesse.
Folgende Aufgaben gehören zu deinem Tätigkeitsprofil:
- Analyse, Konzeption und Umsetzung IT-gestützter Geschäftsprozesse
- Anwendung der Werkzeuge des Prozessmanagements, z. B. Visualisierung von Geschäftsprozessen, standardisierte Bewertung von Geschäftsprozessen
- Identifizierung und Klassifizierung von Datenquellen
- Automatisierung von Geschäftsprozessen
- Anwendung projektorientierter Methoden, z. B. agiler oder klassischer Projektarbeit
- Planung und Umsetzung von Workshops
- Prüfung und Bereitstellung von Daten
- Maßnahmen zur Verbesserung der Datenqualität
- Anwendung von analytischen, statistischen und mathematischen Verfahren und Modellen sowie Programmiersprachen
- Erstellung von Benutzer-, Zugriffs-, Datenhaltungs- sowie Datensicherungskonzepten.. mehr als eine Ausbildung
Die Ausbildung bei Brillux genießt seit langer Zeit einen hohen Stellenwert und wird durch gezielte Instrumente unterstützt:
- 30 Tage Jahresurlaub
- Urlaubs- und Weihnachtsgeld

- Überbetriebliche Ausbildungsvergütung
- jährliche Azubischulungen in der Brillux Zentrale in Münster
- Niederlassungsaufenthalt in den Sommerferien
- Azubi-Projektbörse: Begleite eigenverantwortlich ein Projekt vom Anfang bis zum Ende
- Zugang zum B-Vital – Zentrum für Fitness und Physiotherapie
- Umfangreiche Zusatzleistungen (betriebliche Altersvorsorge, Gesundheitsförderung, Krankenzusatzversicherung, Zuschuss zum Arbeitsweg mit öffentlichen Verkehrsmitteln u. v. m.)
- Viele gemeinsame Aktionen, Ausflüge und Veranstaltungen mit der Azubigemeinschaft
- Corporate Benefits: erhalte Rabatte in zahlreiche Online-ShopsPerspektiven
In der Brillux Akademie erwartet dich ein breites Weiterbildungsangebot, um sich kontinuierlich zu entwickeln und mit den beruflichen Anforderungen zu wachsen.
- Als Fachinformatiker hast du vielfältige Möglichkeiten dich weiterzuqualifizieren: Bachelor of Science (Fachrichtung Wirtschafsinformatik), Fachwirt/-in Computer-Management, Betriebswirt/-in für Informationsverarbeitung und vieles mehr.
- Nach der Ausbildung stehen dir innerhalb des Unternehmens vielfältige Karrierewege - insbesondere in der IT – offen.
Arbeitsbedingungen
- Arbeitsumfeld: Büro
- Arbeitszeiten: flexible Zeiten, Gleitzeit
- Reisetätigkeit: Dienstreisen nur in Ausnahmefällen
- Besondere Arbeitsumstände:
- Unternehmen ist an Entwicklung von neuen Technologien beteiligt
- häufige inhaltliche Abwechslung
- Möglichkeit, später zwischen Arbeitsorten zu wechseln
- Unternehmen hat über 2.500 Mitarbeiter
- Möglichkeit, später im Ausland zu arbeitenStärken
Besonders wichtige Stärken:
- Eigeninitiative und Entscheidungsfreude
- Neugierde und LernbereitschaftHilfreiche Stärken:
- Analytische Fähigkeiten
- Sorgfalt & GenauigkeitSchulleistungen (Mindestanforderungen)
- Schulabschluss: Mittlere Reife
- Notendurchschnitt: gut
- Mathe: gut
- Deutsch: gut
- Englisch: gut
- Hilfreiche schulische Interessen: Naturwissenschaften, IT, Technik (MINT)Informationen zur Bewerbung","Einleitung
Brillux ist Hersteller und Marktführer als Direktanbieter und Vollsortimenter im Lack- und Farbenbereich. In über 190 Niederlassungen, auch im Ausland, und vier Produktionsstätten stehen wir unseren Kunden täglich mit Leidenschaft zur Seite. Service und Produktqualität, Innovationskraft und Zuverlässigkeit sind die Basis unseres Erfolgs. In diesem Umfeld bieten sich Ihnen beste Entwicklungsmöglichkeiten.
„Wir haben den besten Überblick über alle Daten des Unternehmens.“
Tom, Unternehmenszentrale Münster
Berufsprofil
- Fachinformatiker/-innen der Fachrichtung Daten- und Prozessanalyse arbeiten vorrangig in der IT-Abteilung . Sie stellen die Verfügbarkeit sowie Qualität und Quantität von Daten sicher. Darüber hinaus analysieren und entwickeln IT-Lösungen für digitale Produktions- und Geschäftsprozesse.
Folgende Aufgaben gehören zu deinem Tätigkeitsprofil:
- Analyse, Konzeption und Umsetzung IT-gestützter Geschäftsprozesse
- Anwendung der Werkzeuge des Prozessmanagements, z. B. Visualisierung von Geschäftsprozessen, standardisierte Bewertung von Geschäftsprozessen
- Identifizierung und Klassifizierung von Datenquellen
- Automatisierung von Geschäftsprozessen
- Anwendung projektorientierter Methoden, z. B. agiler oder klassischer Projektarbeit
- Planung und Umsetzung von Workshops
- Prüfung und Bereitstellung von Daten
- Maßnahmen zur Verbesserung der Datenqualität
- Anwendung von analytischen, statistischen und mathematischen Verfahren und Modellen sowie Programmiersprachen
- Erstellung von Benutzer-, Zugriffs-, Datenhaltungs- sowie Datensicherungskonzepten.. mehr als eine Ausbildung
Die Ausbildung bei Brillux genießt seit langer Zeit einen hohen Stellenwert und wird durch gezielte Instrumente unterstützt:
- 30 Tage Jahresurlaub
- Urlaubs- und Weihnachtsgeld",2026-06-13T10:34:17.955681+00:00
STEP-14141102,stepstone_de_dpa,anaptis GmbH,Münster,Münster Münster,Ausbildung | zum Fachinformatiker/-in für Daten- und Prozessanalyse (w/m/d),dpa,2027,8,"950 €, 1.000 €, 1.100 €",73,empty,,https://twitter.com/stepstone_de,portal,"Kontakt
Bewirb dich für eine Fachinformatiker/-in-Ausbildung!",,anaptis GmbH | Ausbildung | zum Fachinformatiker/-in für Daten- und Prozessanalyse (w/m/d) | Münster,tidak,belum,sedang,"Ausbildung zum Fachinformatiker/-in für Daten- und Prozessanalyse (w/m/d)

Deine Aufgaben
Fachinformatiker/-innen (w/m/d) für Daten- und Prozessanalyse analysieren Geschäftsprozesse und Datenflüsse und helfen dabei, digitale Lösungen effizienter und intelligenter zu gestalten. Jeder Tag bringt neue Fragestellungen und du lernst stetig dazu. Nach deiner Einarbeitung umfasst dein Aufgabenfeld unter anderem:
Du analysierst Unternehmensprozesse und identifizierst Optimierungs- und Automatisierungspotenziale
Du arbeitest mit Daten aus unterschiedlichen Systemen, bereitest sie auf und wertest sie aus
Du modellierst und dokumentierst Prozesse und Datenflüsse
unterstützt bei der Einführung und Weiterentwicklung datenbasierter Lösungen
testest, überprüfst und verbesserst bestehende Prozesse und Auswertungen
Mit zunehmender Erfahrung: Du berätst unsere Kundschaft bei daten- und prozessbezogenen Fragestellungen eigenständig und vertrauensvoll
Ihr Profil

Dein Profil
Wir suchen Menschen, keine Abschlüsse. Hier sind ein paar hilfreiche Voraussetzungen, um bei uns erfolgreich zu sein:
Abitur oder Fachhochschulreife
IT, Daten, Digitalisierung und Geschäftsprozessen
Denkvermögen
Sorgfalt
Deutsch
Das wäre wirklich klasse (kein Muss):
erste Berührungspunkte mit Daten, Tabellen, Auswertungen oder IT‑Systemen
Grundverständnis für betriebliche Abläufe

Wir bieten
Entwicklung & Consulting, Forschung
ab August 2027
Münster, Würzburg
Du bist von der Stellenbeschreibung begeistert, glaubst allerdings, dass du die Angaben nicht zu 100 % erfüllen kannst? Das macht gar nichts! Die fehlenden Prozente gehen wir gemeinsam an.
Gehalt während der Ausbildung
Du fragst dich sicher, wie viel du als Auszubildende/-r verdienst: Als Fachinformatiker/-in jeder Fachrichtung im ersten Jahr etwa 950 € monatlich (2. Jahr: ca. 1.000 €, 3. Jahr: ca. 1.100 €). Genauere Infos findest du beim .Bundesinstitut für Berufsbildung
Darum solltest du bei anaptis arbeiten:
Deine
Echte Praxis statt trockener Theorie
Bei uns entwickelst du echte Lösungen, die im Unternehmen was bewegen. Wir nehmen dich von Tag eins an mit in die Praxis.
Begleitung auf Augenhöhe
Du bekommst feste Ansprechpersonen, ehrliches Feedback und jede Menge Unterstützung – ganz ohne steife Förmlichkeiten.
Flexibilität & Freiraum
Arbeitszeiten, Themenbereiche und Tempo passen wir gemeinsam an deine und unsere Bedürfnisse an. So bleibst du im Flow – und im Zeitplan.
Perspektive nach dem Abschluss
Nach der Arbeit ist vor der Arbeit: Wenn wir gut zusammenpassen, ist die Ausbildung vielleicht erst der Anfang deiner Reise mit uns!
Wie ist es, bei uns zu arbeiten?
Wir machen nicht nur andere Unternehmen besser, sondern auch uns: Wir pflegen ein lockeres Verhältnis. Wir schätzen und vertrauen einander, achten auf uns und halten zusammen. Und was uns noch ganz wichtig ist: Egal, wie groß wir werden, die Startup-Kultur bleibt. Verschaffe dir selbst einen Überblick!
Wer arbeitet bei anaptis?
Bei uns treffen vielfältige Erfahrungen, Talente und Charaktere aufeinander. Wir bieten ein integratives Arbeitsumfeld, in dem Vielfalt unsere Stärke ist. Jeder erhält bei uns die Chance, persönlich und beruflich zu wachsen – unabhängig von Geschlecht, Lebenssituation, Orientierung, Religion, Alter, Herkunft oder Bildung.","Dein Profil
Wir suchen Menschen, keine Abschlüsse. Hier sind ein paar hilfreiche Voraussetzungen, um bei uns erfolgreich zu sein:
Abitur oder Fachhochschulreife
IT, Daten, Digitalisierung und Geschäftsprozessen
Denkvermögen
Sorgfalt
Deutsch
Das wäre wirklich klasse (kein Muss):
erste Berührungspunkte mit Daten, Tabellen, Auswertungen oder IT‑Systemen
Grundverständnis für betriebliche Abläufe",2026-06-12T21:35:56.826173+00:00
STEP-14126401,stepstone_de_dpa,Cortina Consult GmbH,Münster,Münster Münster,Ausbildung | Fachinformatiker/in für Daten- und Prozessanalyse (m/w/d),dpa,,,,60,empty,,https://twitter.com/stepstone_de,portal,"Direkter Kundenkontakt:
Entwicklung technischer Expertise:
Kontakt
Sie sehen gerade einen Platzhalterinhalt von YouTube . Um auf den eigentlichen Inhalt zuzugreifen, klicken Sie auf die Schaltfläche unten. Bitte beachten Sie, dass dabei Daten an Drittanbieter weitergegeben werden.
Dein AnsprechpartnerJörg ter BeekDatenschutzexperte & CEOKlingt nach einem Job für dich?
Dann bewirb dich einfach über unser Online-Bewerbungsformular.
Jetzt online bewerben
„Yeah! Das klingt nach mir!“ – Sollte das dein erster Gedanke sein, dann möchten wir dich gerne persönlich Kennenlernen! Hier in unserem Büro im Stadthafen von Münster oder auch gerne digital in einem ersten Video-Call.
Du kannst dich direkt online über das Formular bewerben.
Wir freuen uns auf Dich!",,Cortina Consult GmbH | Ausbildung | Fachinformatiker/in für Daten- und Prozessanalyse (m/w/d) | Münster,tidak,belum,sedang,"Ausbildung Fachinformatiker/in für Daten- und Prozessanalyse (m/w/d)

Deine Aufgaben
Vielseitige Rolle – Kernaufgabe für den Fachinformatiker/in für Daten- und Prozessanalyse ist es, Geschäftsprozesse zu analysieren, datengestützte Lösungen zu entwickeln und Unternehmen bei der strukturierten Optimierung ihrer digitalen Workflows zu unterstützen.
Prozessanalyse:
Datenmanagement und -analyse:
Arbeit mit Compliance-Plattformen:
Prozessoptimierung:
Dokumentation und Systemkonfiguration:
Strukturierte Aufbereitung:
Damit du dich in unserem Team und bei deinen Aufgaben wohlfühlst, solltest du einige grundlegende Eigenschaften mitbringen. Du musst kein „Hacker“ sein – aber du solltest Lust haben, dich in IT & Sicherheitsthemen reinzufuchsen. Im Folgenden findest du eine Übersicht darüber, was wir uns von dir wünschen:
Schulabschluss: guter Realschulabschluss , Fachhochschulreife oder (Fach-)Abitur
Studienabbrecherwillkommen!
Ehrliches Interesse an IT & Digitalisierung – Technik schreckt dich nicht ab, sondern macht dich neugierig
Kommunikationsfähigkeit:
Lernbereitschaft:
Du hast hohe Ansprüche (nicht nur an deinen Arbeitgeber, sondern auch an dich)
Struktur, Organisation und Doku
Sorgfalt
Sehr gute Deutschkenntnisse in Wort und Schrift (Kundendoku, E-Mails, Konzepte)
Du kommunizierst gern – sowohl im Team als auch mit Kund:innen
Mitdenken, Verantwortung übernehmen und proaktiv handeln
Offenheit und Neugier gegenüber KI-gestützten Tools und digitalen Arbeitsmethoden

Informationssicherheit, Datenschutz & Compliance verständlich machen – das ist unser Job. Cortina Consult unterstützt Unternehmen dabei Datenschutz-, Informationssicherheits- und Hinweisgeberschutz-Anforderungen , pragmatisch umzusetzen – mit Beratung, externen Beauftragten und modernen Compliance-Tools.
Mit unserem Compliance Hub bündeln wir u.a. DSMS, ISMS, Meldestelle und Web-Compliance in einer Plattform. Unsere Kunden reichen vom Startup bis zum internationalen Konzern – und genau da kommst du ins Spiel.
Dein Profil
Analysiere Daten, optimiere Prozesse und mach Compliance mit modernen Tools messbar
Münster
Ausbildung
ab sofort

Wir bieten
Das darfst du erwarten
Wir wollen, dass du nicht nur „irgendeine Ausbildung“ machst, sondern dir mit uns eine spezialisierte Karriere im Bereich Daten, Prozesse & Compliance-Software aufbauen kannst. Das bieten wir dir u.a.:
Aktive Mitgestaltungskalieren mit deinen Skills
Strukturiertes Onboarding & Einarbeitung:
Moderne Tools & Arbeitsumgebung: Compliance Hub, moderne IT-Plattformen, Kollaborationstools, aktuelle Hardware
Individuelle Förderung: Unterstützung bei Prüfungen, Zeit zum Lernen, interne Wissens-Sessions
Ein Team, das Wert auf Augenhöhe, Humor und offene Kommunikation legt
Perspektive nach der Ausbildung: Übernahmechance, auch in angrenzenden Compliance-Bereichen möglich
moderner lichtdurchfluteter Arbeitsplatz
Deine Vorteile bei Cortina Consult
Innovatives Arbeitsumfeld
Bei uns bist Du an der Spitze der Innovation. Wir entwickeln praxistaugliche Datenschutzkonzepte, und Du hast die Chance, in diesem dynamischen Feld zu wachsen.
Persönliches Wachstum
Deine Entwicklung liegt uns am Herzen. In unserem Team fördern wir Lernen und Potenzialentfaltung, damit Du Deine Fähigkeiten stetig erweitern kannst.
Vielfältige Karrieremöglichkeiten
Egal, ob Du am Anfang Deiner Karriere stehst oder bereits Erfahrung hast, bei uns findest Du vielfältige Möglichkeiten, Deine beruflichen Ziele zu erreichen und weiter aufzusteigen.","Informationssicherheit, Datenschutz & Compliance verständlich machen – das ist unser Job. Cortina Consult unterstützt Unternehmen dabei Datenschutz-, Informationssicherheits- und Hinweisgeberschutz-Anforderungen , pragmatisch umzusetzen – mit Beratung, externen Beauftragten und modernen Compliance-Tools.
Mit unserem Compliance Hub bündeln wir u.a. DSMS, ISMS, Meldestelle und Web-Compliance in einer Plattform. Unsere Kunden reichen vom Startup bis zum internationalen Konzern – und genau da kommst du ins Spiel.
Dein Profil
Analysiere Daten, optimiere Prozesse und mach Compliance mit modernen Tools messbar
Münster
Ausbildung
ab sofort",2026-06-12T21:21:43.890548+00:00
STEP-14087662,stepstone_de_dpa,Crespel & Deiters GmbH & Co. KG,Münster,Münster Münster,Ausbildung | als Fachinformatiker f. Daten- & Prozessanalyse (m/w/d) bei Crespel & Deiters GmbH & Co. KG,dpa,,,"1.144 €, 1.317 €, 1.535 €",60,empty,,https://twitter.com/stepstone_de,portal,,,Crespel & Deiters GmbH & Co. KG | Ausbildung | als Fachinformatiker f. Daten- & Prozessanalyse (m/w/d) bei Crespel & Deiters GmbH & Co. KG | Münster,tidak,belum,sedang,"Ausbildung als Fachinformatiker f. Daten- & Prozessanalyse (m/w/d) bei Crespel & Deiters GmbH & Co. KG

Ihre Aufgaben
Deine Aufgaben
Darum geht´s: ch! Du übersetzt unsere Daten und Abläufe in digitale Prozesse. Du lernst Geschäftsprozesse zu analysieren, sie durch IT-Systeme zu verbessern. So identifizierst du Optimierungsmöglichkeiten und gestaltest datengesteuerte Geschäfts- und Produktionsprozesse oder automatisierst mögliche Arbeitsschritte. Du bereitest die notwendigen digitalen Informationen auf und stellst diese Daten für die Digitalisierung bereit. Du bist bei unterschiedlichen IT-Projekten im Einsatz und trägst zur IT-Sicherheit sowie zum Datenschutz im Unternehmen Dauer: en bei. Die Ausbildung dauert 3 Jahre. Neben dem praktischen Teil vor Ort besuchst du die Berufsschule in

Das bringst du mit:
Du bist mit der Schule fertig und hast Lust bei uns den Grundstein für deine berufliche Zukunft zu setzen? Oder die ständige Theorie des Studiums ist doch nichts für dich und du willst endlich in die Arbeitswelt eintauchen? Dann suchen wir dich! n Münster.
Du bist zuverlässig und wissbegierig
Du arbeitest gerne in einem coolen und motivierten Team
Du brennst für Zahlen, IT und Computertechnik
Du gehst Problemstellungen gerne auf den Grund
Jeder Schulabschluss ist willkommen: Überzeuge uns von deinen Fähigkeiten!
Nach erfolgreichem Abschluss der Ausbildung sind wir bestrebt all unsere Azubis zu übernehmen
Techniker:in Fachrichtung Informatik
Betriebs- oder Fachwirt:in für Informationsverarbeitung
Studium mit Bezug zu Informatik

Deine Benefits
Attraktive Vergütung nach Tarifvertrag mit Weihnachts- und Urlaubsgeld
1. Lehrjahr: 1.144 €
2. Lehrjahr: 1.317 €
3. Lehrjahr: 1.535 €
Eigenverantwortliches Arbeiten in einem motivierenden, kollegialen Team
Flexible Arbeitszeiten
Moderne Arbeitswelt
Qualifizierte Ausbilder:innen
Azubi-Events
Vielfältige Entwicklungsmöglichkeiten
Vom Arbeitgeber mitfinanzierte Altersvorsorge
Umfangreiche Angebote des betrieblichen Gesundheitsmanagements
Zuschuss zu Hansefit
Vergünstigtes Laden an betriebseigenen E-Ladesäulen
Deine Möglichkeiten nach der Ausbildung
Individuelle Zukunftsplanung zum Ende der Ausbildung:","Das bringst du mit:
Du bist mit der Schule fertig und hast Lust bei uns den Grundstein für deine berufliche Zukunft zu setzen? Oder die ständige Theorie des Studiums ist doch nichts für dich und du willst endlich in die Arbeitswelt eintauchen? Dann suchen wir dich! n Münster.
Du bist zuverlässig und wissbegierig
Du arbeitest gerne in einem coolen und motivierten Team
Du brennst für Zahlen, IT und Computertechnik
Du gehst Problemstellungen gerne auf den Grund
Jeder Schulabschluss ist willkommen: Überzeuge uns von deinen Fähigkeiten!
Nach erfolgreichem Abschluss der Ausbildung sind wir bestrebt all unsere Azubis zu übernehmen
Techniker:in Fachrichtung Informatik
Betriebs- oder Fachwirt:in für Informationsverarbeitung
Studium mit Bezug zu Informatik",2026-06-12T21:24:39.394080+00:00
ASD-990570000011889967,ausbildungsstellen_si,Atruvia AG,Münster,GAD-Straße 2-6 48163 Münster Nordrhein-Westfalen,Ausbildung Fachinformatiker/in für Systemintegration (m/w/d),si,,,"1. Jahr: 1313 €
2. Jahr: 1431 €
3. Jahr: 1551 €",87,company,michael.altefrohne@atruvia.de,https://www.ausbildung.de/ratgeber/bewerbung/,email,,,Atruvia AG | Ausbildung Fachinformatiker/in für Systemintegration (m/w/d) | Münster,tidak,belum,tinggi,"Ausbildung Fachinformatiker/in für Systemintegration (m/w/d)

Deine Aufgaben
- Konzeption, Administration und Betrieb komplexer IT-Systeme: Du wirkst an der Planung, Einrichtung und Betreuung leistungsstarker IT-Infrastrukturen mit.
- Erstellen von Lösungen für Informations- und Kommunikationssysteme: Du entwickelst mit deinem Team passgenaue IT-Lösungen.
- Beratung für Systemnutzer: Du unterstützt Anwender:innen bei der optimalen Nutzung der Systeme.
- Service, Wartung und Support: Du analysierst Störungen, behebst Probleme und sorgst für einen stabilen Betrieb.
Deine Ausbildung
In drei Jahren wächst du Schritt für Schritt zum Profi in der Systemintegration heran.
- Spannende Aufgaben im IT-Umfeld von Anfang an
- Künstliche Intelligenz: Du lernst, KI-Tools sinnvoll einzusetzen, Daten richtig einzuschätzen und eigene Ideen mit modernen Technologien umzusetzen
- Einführungswochen mit Kennenlern- und Teamtrainings
- Mitarbeit im Tagesgeschäft in unterschiedlichen Teams und Projekten
- Seminare, z. B. zu Betriebssystemen, Netzwerken und Datenbanken
- Veranstaltungen wie Hackathons und interne Events zur Vernetzung mit Azubis und Kolleg:innen
- Übernahmeprozess mit dem Ziel einer unbefristeten Anstellung nach erfolgreichem Abschluss
Was uns ausmacht
- Neue Perspektiven: Du lernst von Expert:innen der Banken-IT – und wirst schnell selbst ein Teil davon.
- Erstklassige Ausbildung: Mehrfach ausgezeichnet und auf hohem Niveau.
- Vielfältige Weiterbildungsmöglichkeiten: Du bleibst fachlich und persönlich immer am Puls der Zeit.
- Hervorragende Feedback- und Lernkultur: Wir setzen auf offenen Austausch und gemeinsames Lernen.
- Agile und innovative Projekte: Du arbeitest in modernen, dynamischen IT-Umgebungen.

Mittlere Reife

Was wir bieten
- Mehr als nur Reinschnuppern: Du bist vom ersten Tag an ein wertvolles Teammitglied und übernimmst echte Verantwortung.
- Attraktive Vergütung und Nebenleistungen: 13. & 14. Gehalt, Fahrtkostenzuschuss, bezuschusstes Mittagessen in unseren Betriebsrestaurants u. v. m.
- Offene und motivierende Teamkultur: Gemeinsam erreichen wir mehr.
- Individuelle Betreuung und Förderung: Wir unterstützen dich persönlich.
- Selbstständiges und eigenverantwortliches Arbeiten: Deine Ideen zählen.
Anforderungen
- Du interessierst dich für IT-Themen.
- Du sprichst fließend Deutsch (mindestens C1) und bist gut in Englisch.
- Du kannst dich schnell und gründlich in komplexe Themen einarbeiten.
- Du hast Spaß an der Arbeit im Team.
So bewirbst du dich",Mittlere Reife,2026-06-13T12:12:31.599394+00:00
STEP-14103067,stepstone_de_ae,Atruvia AG,Münster,GAD-Straße 2-6 48163 Münster,Ausbildung | zum Fachinformatiker Systemintegration (m/w/d),si,,,"1.243,00 €, 1.361,00 €, 1.481,00 €",80,empty,,https://youtube.com/embed/-ZBtaDDasto?rel=0&showinfo,portal,"Ansprechpartner*innen
Michael Altefrohne
Ausbildungsleitung Standort Münster
michael.altefrohne@atruvia.de
+49 251 713331383
Volker Elshof
Ausbildungsleitung Standort Münster
volker.elshof@atruvia.de
+49 251 713332476
Vielfalt verbindet.
Wir möchten noch vielfältiger werden und sprechen alle Menschen gleichermaßen an, die mit ihren Qualifikationen zu uns und zur ausgeschriebenen Stelle passen – unabhängig von Alter, Geschlecht, Bildung, Behinderung, ethnischer Herkunft und Nationalität, Religion, sexueller Orientierung oder sozialer Herkunft.
Atruvia AG | GAD-Straße 2-6, 48163 Münster | www.atruvia.de",,Atruvia AG | Ausbildung | zum Fachinformatiker Systemintegration (m/w/d) | Münster,tidak,belum,sedang,"Ausbildung zum Fachinformatiker Systemintegration (m/w/d)

Deine Aufgaben:
Konzeption, Administration und Betrieb komplexer IT-Systeme: Du gestaltest und betreust leistungsstarke IT-Infrastrukturen. Erstellen von Lösungen für Informations- und Kommunikationssysteme: Du entwickelst maßgeschneiderte IT-Lösungen. Beratung für Systemnutzer: Du unterstützt Nutzer bei der optimalen Anwendung der Systeme. Service, Wartung und Support: Du sorgst für einen reibungslosen Betrieb und behebst Probleme schnell und effizient. Deine Ausbildung:
In drei Jahren wirst du zum Profi in der Systemintegration! Dabei erwarten dich reale Projekte und wertvolle Erfahrungen.
Spannende Aufgaben im IT-Umfeld von Anfang an. Künstliche Intelligenz: Du lernst, wie du KI-Tools im Arbeitsalltag sinnvoll einsetzt, Daten richtig einschätzt und eigene Ideen mit modernen Technologien umsetzt – ein echtes Plus für deine berufliche Zukunft. Einführungswochen: Gemeinsame Kennenlern- und Teamtrainings. Tagesgeschäft: Frühzeitiger Einsatz in unterschiedlichen Teams und Projekten. Seminare: Teilnahme an zahlreichen Seminaren, z. B. Betriebssysteme, Netzwerke und Datenbanken. Einführungswochen: Gemeinsames Teamtraining, Workshops und Vorträge Veranstaltungen: Nimm an Hackathons und weiteren Veranstaltungen teil und vernetze dich mit Azubis und KollegInnen. Übernahmeprozess: Unser Ziel ist deine unbefristete Übernahme nach erfolgreichem Abschluss.
Mehr als nur Reinschnuppern: Bei Atruvia bist du vom ersten Tag an ein wertvolles Teammitglied und übernimmst spannende Aufgaben.
Attraktive Vergütung und Nebenleistungen: 13. & 14. Gehalt, Fahrtkostenzuschuss u. v. m. 1. Jahr: 1.243,00 € / 2. Jahr: 1.361,00 € / 3. Jahr: 1.481,00 € Offene und motivierende Teamkultur: Gemeinsam erreichen wir mehr. Individuelle Betreuung und Förderung: Wir unterstützen dich persönlich. Selbstständiges und eigenverantwortliches Arbeiten: Deine Ideen zählen.
So bewirbst du dich:

IT-Systeme planen, konfigurieren und überwachen – das ist dein Ding! In der Systemintegration übernimmst du von Anfang an Verantwortung. Du richtest IT-Systeme entsprechend den Anforderungen von Kunden, Kolleginnen und Kollegen ein und hältst diese in Schuss. Dabei lernst du, Fehler frühzeitig zu erkennen und zu beheben, Systemdokumentationen zu erstellen und Schulungen für die Nutzer durchzuführen.
Anforderungen:
Du hast (bald) die Fachoberschulreife / Mittlere Reife erlangt. Du interessierst dich für IT-Themen. Du sprichst fließend Deutsch (mindestens C1) und bist gut in Englisch. Du kannst dich schnell und gründlich in komplexe Themen einarbeiten. Du hast Spaß an der Arbeit im Team.
Was uns ausmacht:
Neue Perspektiven: Bei Atruvia lernst du von den Besten der Banken-IT – und wirst schon bald selbst ein Teil davon.

Erstklassige Ausbildung: Mehrfach ausgezeichnet und auf höchstem Niveau. Vielfältige Weiterbildungsmöglichkeiten: Immer am Puls der Zeit. Hervorragende Feedback- und Lernkultur: Wir wachsen gemeinsam. Agile und innovative Projekte: Sei Teil spannender Entwicklungen. Was wir bieten:","IT-Systeme planen, konfigurieren und überwachen – das ist dein Ding! In der Systemintegration übernimmst du von Anfang an Verantwortung. Du richtest IT-Systeme entsprechend den Anforderungen von Kunden, Kolleginnen und Kollegen ein und hältst diese in Schuss. Dabei lernst du, Fehler frühzeitig zu erkennen und zu beheben, Systemdokumentationen zu erstellen und Schulungen für die Nutzer durchzuführen.
Anforderungen:
Du hast (bald) die Fachoberschulreife / Mittlere Reife erlangt. Du interessierst dich für IT-Themen. Du sprichst fließend Deutsch (mindestens C1) und bist gut in Englisch. Du kannst dich schnell und gründlich in komplexe Themen einarbeiten. Du hast Spaß an der Arbeit im Team.
Was uns ausmacht:
Neue Perspektiven: Bei Atruvia lernst du von den Besten der Banken-IT – und wirst schon bald selbst ein Teil davon.",2026-06-12T20:18:59.384054+00:00
ASD-999690000014103067,ausbildungsstellen_si,Atruvia AG,Münster,GAD-Straße 2-6 48163 Münster,Ausbildung zum Fachinformatiker Systemintegration (m/w/d),si,,,"1.243,00 €, 1.361,00 €, 1.481,00 €",67,partner_portal,,,tidak_jelas,"Ansprechpartner*innen
Michael Altefrohne
Ausbildungsleitung Standort Münster
michael.altefrohne@atruvia.de
+49 251 713331383
Volker Elshof
Ausbildungsleitung Standort Münster
volker.elshof@atruvia.de
+49 251 713332476
Vielfalt verbindet.
Wir möchten noch vielfältiger werden und sprechen alle Menschen gleichermaßen an, die mit ihren Qualifikationen zu uns und zur ausgeschriebenen Stelle passen – unabhängig von Alter, Geschlecht, Bildung, Behinderung, ethnischer Herkunft und Nationalität, Religion, sexueller Orientierung oder sozialer Herkunft.
Atruvia AG | GAD-Straße 2-6, 48163 Münster | www.atruvia.de",,Atruvia AG | Ausbildung zum Fachinformatiker Systemintegration (m/w/d) | Münster,ya,belum,rendah,"Ausbildung zum Fachinformatiker Systemintegration (m/w/d)

Deine Aufgaben:
- Konzeption, Administration und Betrieb komplexer IT-Systeme: Du gestaltest und betreust leistungsstarke IT-Infrastrukturen.
- Erstellen von Lösungen für Informations- und Kommunikationssysteme: Du entwickelst maßgeschneiderte IT-Lösungen.
- Beratung für Systemnutzer: Du unterstützt Nutzer bei der optimalen Anwendung der Systeme.
- Service, Wartung und Support: Du sorgst für einen reibungslosen Betrieb und behebst Probleme schnell und effizient.Deine Ausbildung:
In drei Jahren wirst du zum Profi in der Systemintegration! Dabei erwarten dich reale Projekte und wertvolle Erfahrungen.
- Spannende Aufgaben im IT-Umfeld von Anfang an.
- Künstliche Intelligenz: Du lernst, wie du KI-Tools im Arbeitsalltag sinnvoll einsetzt, Daten richtig einschätzt und eigene Ideen mit modernen Technologien umsetzt – ein echtes Plus für deine berufliche Zukunft.
- Einführungswochen: Gemeinsame Kennenlern- und Teamtrainings.
- Tagesgeschäft: Frühzeitiger Einsatz in unterschiedlichen Teams und Projekten.
- Seminare: Teilnahme an zahlreichen Seminaren, z. B. Betriebssysteme, Netzwerke und Datenbanken.
- Einführungswochen: Gemeinsames Teamtraining, Workshops und Vorträge
- Veranstaltungen: Nimm an Hackathons und weiteren Veranstaltungen teil und vernetze dich mit Azubis und KollegInnen.
- Übernahmeprozess: Unser Ziel ist deine unbefristete Übernahme nach erfolgreichem Abschluss.
Anforderungen:
- Du hast (bald) die Fachoberschulreife / Mittlere Reife erlangt.
- Du interessierst dich für IT-Themen.
- Du sprichst fließend Deutsch (mindestens C1) und bist gut in Englisch.
- Du kannst dich schnell und gründlich in komplexe Themen einarbeiten.
- Du hast Spaß an der Arbeit im Team.
Was uns ausmacht:
Neue Perspektiven: Bei Atruvia lernst du von den Besten der Banken-IT – und wirst schon bald selbst ein Teil davon.
- Erstklassige Ausbildung: Mehrfach ausgezeichnet und auf höchstem Niveau.
- Vielfältige Weiterbildungsmöglichkeiten: Immer am Puls der Zeit.
- Hervorragende Feedback- und Lernkultur: Wir wachsen gemeinsam.

- Agile und innovative Projekte: Sei Teil spannender Entwicklungen.Was wir bieten:
Mehr als nur Reinschnuppern: Bei Atruvia bist du vom ersten Tag an ein wertvolles Teammitglied und übernimmst spannende Aufgaben.
- Attraktive Vergütung und Nebenleistungen: 13. & 14. Gehalt, Fahrtkostenzuschuss u. v. m.
- 1. Jahr: 1.243,00 € / 2. Jahr: 1.361,00 € / 3. Jahr: 1.481,00 €
- Offene und motivierende Teamkultur: Gemeinsam erreichen wir mehr.
- Individuelle Betreuung und Förderung: Wir unterstützen dich persönlich.
- Selbstständiges und eigenverantwortliches Arbeiten: Deine Ideen zählen.
So bewirbst du dich:",,2026-06-13T13:06:28.709021+00:00
AUBI-456283,aubi_plus_fi,Atruvia AG,Münster,48163 Münster,Ausbildung | Fachinformatiker Fachrichtung Systemintegration (m/w/d),si,,,"1.313,00 €, 1.431,00 €, 1.551,00 €",67,empty,,https://www.aubi-plus.de/bewerbung/,portal,"Kontakt
Herr Michael Altefrohne
Personalmanagement
+49 251 7133-31383
E-Mail anzeigen
Bewerbungsunterlagen
Lebenslauf
die letzten 3 Schulzeugnisse
Tipp: Beziehe dich in deiner Bewerbung auf AUBI-plus!
Mit bewerbung2go kannst du deine Bewerbungsunterlagen erstellen.
Deine AUBI-plus Jobmail
Lass deinen Bot für dich suchen! Lege deine Suchkriterien fest und lehn dich zurück. Du bekommst aktuelle Stellen für deinen Traumberuf direkt per Mail zugeschickt.
SUCHBOT ERSTELLEN
Ähnliche Suchanfragen:
AUSBILDUNG MÜNSTER 2027
AUSBILDUNG IN NORDRHEIN-WESTFALEN
AUSBILDUNG 2027
AUSBILDUNG ALS FACHINFORMATIKER FACHRICHTUNG SYSTEMINTEGRATION (M/W/D) IN MÜNSTER
11 weitere Stellen im Unternehmen
Ausbildung Fachinformatiker Fachrichtung Anwendungsentwicklung (m/w/d)
Atruvia AG
48163 Münster
01.08.2027
Duales Studium Wirtschaftsinformatik B.Sc. - Systemintegration (m/w/d), Münster 2027
Atruvia AG
48163 Münster
01.08.2027
Duales Studium Informatik B.Sc. - Anwendungsentwicklung (m/w/d), Münster 2027
Atruvia AG
48163 Münster
01.08.2027
WEITERE STELLEN LADEN
AUBI-plus
Über uns
Karriere
Partner
FAQ
News & Events
Presse
Blog
Messen & Aktionstage
DEUTSCHES AUSBILDUNGSFORUM
Produkte & Dienstleistungen
Für Ausbildungsbetriebe
Für Hochschulen
Für Schulen
Für Eltern
Besuch uns auch auf:
Region ändern:
AUBI-plus Österreich (deutsch)
AUBI-plus Schweiz (deutsch)
AUBI-plus Italien (deutsch)
AUBI-plus
Impressum
AGB
Datenschutz
Bildrechte
Kontakt",,Atruvia AG | Ausbildung | Fachinformatiker Fachrichtung Systemintegration (m/w/d) | Münster,tidak,belum,sedang,"Fachinformatiker Fachrichtung Systemintegration (m/w/d)

Deine Aufgaben
Konzeption, Administration und Betrieb komplexer IT-Systeme: Du arbeitest mit an der Gestaltung und Pflege leistungsfähiger IT-Landschaften.
Erstellen von Lösungen für Informations- und Kommunikationssysteme: Du entwickelst gemeinsam mit deinem Team individuelle IT-Lösungen.
Beratung für Systemnutzer: Du unterstützt Nutzer:innen bei Fragen und bei der optimalen Nutzung der Systeme.
Service, Wartung und Support: Du beteiligst dich an Fehleranalyse, Wartung und Support, damit alles zuverlässig läuft.
Deine Ausbildung
In drei Jahren erwirbst du fundiertes Wissen in der Systemintegration.
Spannende Aufgaben im IT-Umfeld von Anfang an
Künstliche Intelligenz: Umgang mit KI-Tools, sinnvolle Datenauswertung und Umsetzung eigener Ideen mit modernen Technologien
Einführungswochen mit Kennenlern- und Teamtrainings
Mitarbeit im Tagesgeschäft in verschiedenen Teams und Projekten
Seminare u. a. zu Betriebssystemen, Netzwerken und Datenbanken
Veranstaltungen wie Hackathons und interne Events zur Vernetzung
Übernahmeprozess mit dem Ziel einer unbefristeten Beschäftigung
Was uns ausmacht
Neue Perspektiven: Du lernst Banken-IT in all ihren Facetten kennen.
Erstklassige Ausbildung: Mehrfach ausgezeichnet und strukturiert aufgebaut.
Vielfältige Weiterbildungsmöglichkeiten: Fach- und Soft-Skills im Fokus.
Hervorragende Feedback- und Lernkultur: Offene Kommunikation und Unterstützung.
Agile und innovative Projekte: Moderne Technologien, agile Teams.

Anforderungen
Du interessierst dich für IT und technische Zusammenhänge.
Du sprichst fließend Deutsch (mindestens C1) und bist gut in Englisch.
Du kannst dich gut in komplexe Themen einarbeiten.
Du arbeitest gerne im Team.
So bewirbst du dich
Bewirb dich online und sende uns:
Deinen Lebenslauf
Deine letzten drei Zeugnisse
Weitere relevante Bescheinigungen (z. B. Praktika, Zertifikate)
Wenn du möchtest, ein Anschreiben
Unser Auswahlprozess
Nach Eingang deiner Bewerbung laden wir dich zu einem Online-Test ein, den du von zu Hause aus absolvierst. Wenn Ergebnis und Unterlagen passen, folgt ein Vorstellungsgespräch. Kurz danach erhältst du eine Rückmeldung zu deiner Bewerbung.
Werde Teil unserer IT-Familie – IT feels like home.
Stellendetails
Beruf:
Fachinformatiker / Fachinformatikerin Fachrichtung Systemintegration
Bewerbungsfrist:
Offen
Mindestabschluss:
Mittlerer Schulabschluss (Realschulabschluss)
Freie Ausbildungsplätze:
4
Dauer:
3 Jahre
Referenz-Nr:
AUBI-456283
(Bitte in der Bewerbung angeben)
Kopieren
Dein persönlicher Matching-Score
Du willst wissen, wie gut diese Stelle zu dir passt? Dann registriere dich und mach das Matching. Mehr erfahren

Was wir bieten
Mehr als nur Reinschnuppern: Du übernimmst echte Aufgaben und trägst Verantwortung.
Attraktive Vergütung und Nebenleistungen: 13. & 14. Gehalt, Fahrtkostenzuschuss, bezuschusstes Mittagessen u. v. m.
Offene und motivierende Teamkultur: Kollegiales Miteinander.
Individuelle Betreuung und Förderung: Persönliche Begleitung durch Ausbilder:innen.
Selbstständiges und eigenverantwortliches Arbeiten: Deine Ideen finden Gehör.
Ausbildungsvergütung
1. Ausbildungsjahr: 1.313,00 €
2. Ausbildungsjahr: 1.431,00 €
3. Ausbildungsjahr: 1.551,00 €
TOP-AUSBILDER
Atruvia AG wurde mit Deutschlands Gütesiegel für die betriebliche Ausbildung BEST PLACE TO LEARN ® ausgezeichnet.","Anforderungen
Du interessierst dich für IT und technische Zusammenhänge.
Du sprichst fließend Deutsch (mindestens C1) und bist gut in Englisch.
Du kannst dich gut in komplexe Themen einarbeiten.
Du arbeitest gerne im Team.
So bewirbst du dich
Bewirb dich online und sende uns:
Deinen Lebenslauf
Deine letzten drei Zeugnisse
Weitere relevante Bescheinigungen (z. B. Praktika, Zertifikate)
Wenn du möchtest, ein Anschreiben
Unser Auswahlprozess
Nach Eingang deiner Bewerbung laden wir dich zu einem Online-Test ein, den du von zu Hause aus absolvierst. Wenn Ergebnis und Unterlagen passen, folgt ein Vorstellungsgespräch. Kurz danach erhältst du eine Rückmeldung zu deiner Bewerbung.
Werde Teil unserer IT-Familie – IT feels like home.
Stellendetails
Beruf:
Fachinformatiker / Fachinformatikerin Fachrichtung Systemintegration
Bewerbungsfrist:
Offen
Mindestabschluss:
Mittlerer Schulabschluss (Realschulabschluss)
Freie Ausbildungsplätze:
4
Dauer:
3 Jahre
Referenz-Nr:
AUBI-456283
(Bitte in der Bewerbung angeben)
Kopieren
Dein persönlicher Matching-Score
Du willst wissen, wie gut diese Stelle zu dir passt? Dann registriere dich und mach das Matching. Mehr erfahren",2026-06-13T14:45:06.830784+00:00
AUBI-51797,aubi_plus_fi,Westdeutsche Lotterie GmbH & Co. OHG,Münster,48151 Münster,Ausbildung zum Fachinformatiker/-in (m/w/d) für Systemintegration,si,,,"1.496 €, 1.558 €, 1.620 €, 1.496,00 €, 1.558,00 €, 1.620,00 €",67,empty,personal@westlotto.de,https://www.aubi-plus.de/bewerbung/,email,"Intensive persönliche und fachliche Betreuung durch feste Ansprechpartner*innen
Hauseigenes Betriebsrestaurant
Kostenlose Ladestationen für E-Bikes, E-Scooter und Elektroautos
Hier kommst Du ins Spiel:
Du leistest den First- und Second-Level-Support für die Mitarbeitenden von WestLotto.
Du bist zuständig für die IT-Hotline, Hardware-Tausch, Software- und Betriebssystem-Installationen oder Einweisungen.
Du hilfst beim Austausch von Servern oder der Hardware in Konferenzräumen.
Du erstellst ein hochverfügbares Online-Forum sowie Präsentationen und Anleitungen zu Systemen oder Prozessen.
Du planst und leitest dein eigenes Abschlussprojekt.
Dein Spieleinsatz:
Abschluss der (Fach-)Hochschulreife
Idealerweise mit Abschluss des Informationstechnischen Assistenten (m/w/d)
Mathematisch-technisches Verständnis sowie analytische Fähigkeiten
Gute PC-Vorkenntnisse sowie Englischkenntnisse
Hohes persönliches Engagement und Freude am Arbeiten im Team
Du hast Interesse an den genannten Aufgaben und an technischen Neuerungen? Dann bewirb dich per E-Mail: personal@westlotto.de.
Stellendetails
Beruf:
Fachinformatiker / Fachinformatikerin Fachrichtung Systemintegration
Bewerbungsfrist:
Abgelaufen
Mindestabschluss:
Fachhochschulreife
Abitur
Auch geeignet für:
Studienabbrecher*innen
Dauer:
3 Jahre
Referenz-Nr:
AUBI-51797
(Bitte in der Bewerbung angeben)
Kopieren
Dein persönlicher Matching-Score
Du willst wissen, wie gut diese Stelle zu dir passt? Dann registriere dich und mach das Matching. Mehr erfahren
Kontakt
Frau Julia Beiske
Personalabteilung
E-Mail anzeigen
Bewerbungsunterlagen
vollständige Bewerbungsunterlagen
Anschreiben
Lebenslauf
die letzten 2 Schulzeugnisse
Praktikumsnachweise
Tipp: Beziehe dich in deiner Bewerbung auf AUBI-plus!
Mit bewerbung2go kannst du deine Bewerbungsunterlagen erstellen.
Bildungspartner
Hans-Böckler-Berufskolleg
48155 Münster
Deine AUBI-plus Jobmail
Lass deinen Bot für dich suchen! Lege deine Suchkriterien fest und lehn dich zurück. Du bekommst aktuelle Stellen für deinen Traumberuf direkt per Mail zugeschickt.
SUCHBOT ERSTELLEN
Ähnliche Suchanfragen:
AUSBILDUNG MÜNSTER 2026
AUSBILDUNG IN NORDRHEIN-WESTFALEN
AUSBILDUNG 2026
AUSBILDUNG ALS FACHINFORMATIKER FACHRICHTUNG SYSTEMINTEGRATION (M/W/D) IN MÜNSTER
Play
65 weitere Stellen, die dich interessieren könnten
Duales Studium zum Bachelor of Science (Wirtschafts-)Informatik (m/w/d)
Westdeutsche Lotterie GmbH & Co. OHG
48151 Münster
Ausbildung IT-Systemelektroniker:in 2026
Deutsche Bahn
48143 Münster
01.08.2026
Ausbildung Fachinformatiker Fachrichtung Systemintegration (m/w/d)
Atruvia AG
48163 Münster
01.08.2027
WEITERE STELLEN LADEN
AUBI-plus
Über uns
Karriere
Partner
FAQ
News & Events
Presse
Blog
Messen & Aktionstage
DEUTSCHES AUSBILDUNGSFORUM
Produkte & Dienstleistungen
Für Ausbildungsbetriebe
Für Hochschulen
Für Schulen
Für Eltern
Besuch uns auch auf:
Region ändern:
AUBI-plus Österreich (deutsch)
AUBI-plus Schweiz (deutsch)
AUBI-plus Italien (deutsch)
AUBI-plus
Impressum
AGB
Datenschutz
Bildrechte
Kontakt",,Westdeutsche Lotterie GmbH & Co. OHG | Ausbildung zum Fachinformatiker/-in (m/w/d) für Systemintegration | Münster,tidak,belum,tinggi,"Ausbildung zum Fachinformatiker/-in (m/w/d) für Systemintegration

Attraktive monatliche Vergütung (1. Jahr: 1.496 €; 2. Jahr: 1.558 €; 3. Jahr: 1.620 €)
Zwei zusätzliche Monatsgehälter und weitere Sonderzahlungen
Sehr gute Übernahmechancen
30 Urlaubstage und flexible Arbeitszeiten (38 Std./Woche)
Diensthandy, das auch privat genutzt werden kann
Sport- und Gesundheitsangebote (u.a. Hansefit)
E-Learning-Tool und Prüfungsvorbereitungskurse
Seminare zur Weiterentwicklung deiner Fachkenntnisse und persönlichen Fähigkeiten
Freiwilliger vierwöchiger Auslandsaufenthalt (inkl. Sprachkurs und Praktikum)
Gute Azubi-Gemeinschaft (z. B. Patenmodell, gemeinsame Pausen und Azubi-Projekte)
Ausbildungsvergütung
1. Ausbildungsjahr: 1.496,00 €
2. Ausbildungsjahr: 1.558,00 €
3. Ausbildungsjahr: 1.620,00 €",,2026-06-13T14:56:54.368794+00:00
STEP-14108749,stepstone_de_ae,Plandent GmbH & Co. KG,Münster,Münster Münster,"Ausbildung | Auszubildende zum Fachinformatiker (m/w/d), Fachrichtung Systemintegration 2027",si,,,,60,empty,,https://twitter.com/stepstone_de,portal,"Du arbeitest gerne im Team, hast Freude daran, im Kontakt mit Kolleg*innen in verschiedenen Bereichen zu stehen und überzeugst uns durch deine Eigeninitiative und Flexibilität.",,"Plandent GmbH & Co. KG | Ausbildung | Auszubildende zum Fachinformatiker (m/w/d), Fachrichtung Systemintegration 2027 | Münster",tidak,belum,sedang,"Auszubildende zum Fachinformatiker (m/w/d), Fachrichtung Systemintegration 2027

Ihre Aufgaben
Als Fachinformatiker (m/w/d) für Systemintegration in unserer Zentrale in Münster lernst du die IT-Welt bei Plandent besonders gut kennen, da du ab Tag eins im Bereich Infrastruktur und Support aktiv mitwirkst. Dabei „vernetzt“ du unsere bundesweit tätigen Kolleg*innen und unterstützt dabei, für einen reibungslosen IT-technischen Ablauf zu sorgen.
Ihr Profil

Stellenanforderungen
Das bist du:
Du hast einen guten Realschulabschluss oder Fachabitur bis zum Ausbildungsstart in der Tasche.
Du hast Spaß an Mathematik und Informatik.
Du tüftelst gerne, ob mit Hard- oder Software, und so lange, bis du auch für komplexe Problemstellungen eine Lösung hast.

Wir bieten
Nach unserem ersten Gespräch laden wir dich gerne ein, für einen Tag vorbeizukommen und deine Kolleg*innen und deinen Arbeitsplatz kennenzulernen.
Deshalb solltest du dich bei uns bewerben:
Übernahme und Sicherheit:
Moderne Ausstattung:
Persönliche Betreuung:
Gemeinsame Zukunft planen:
Das macht uns besonders:
Wir benötigen zu deiner Bewerbung kein Anschreiben.
Du bekommst von uns eine schnelle Rückmeldung und wir laden dich bei uns in Münster zu einem ersten persönlichen Kennenlernen ein.
Wir brauchen keinen Einstellungstest oder Assessment Center – wir interessieren uns für deine Persönlichkeit und deine Interessen.
Beantworte einfach fünf Fragen.
Wir freuen uns auf deine Bewerbung und ein gegenseitiges Kennenlernen.
Du hast Fragen zur Stelle ? Melde dich bei mir:
Judith Wittling
Personalreferentin","Stellenanforderungen
Das bist du:
Du hast einen guten Realschulabschluss oder Fachabitur bis zum Ausbildungsstart in der Tasche.
Du hast Spaß an Mathematik und Informatik.
Du tüftelst gerne, ob mit Hard- oder Software, und so lange, bis du auch für komplexe Problemstellungen eine Lösung hast.",2026-06-12T20:38:50.374139+00:00
STEP-13917981,stepstone_de_ae,Weicon GmbH & Co. KG,Münster,Münster Münster,Ausbildung | zum Fachinformatiker für Systemintegration 2026 (m/w/d),si,,,,60,empty,,https://twitter.com/stepstone_de,portal,"Dir stehen während deiner Ausbildung zwei persönliche Ansprechpartner*innen zur Seite.
Du lernst alle Unternehmensbereiche kennen.",,Weicon GmbH & Co. KG | Ausbildung | zum Fachinformatiker für Systemintegration 2026 (m/w/d) | Münster,tidak,belum,sedang,"Ausbildung zum Fachinformatiker für Systemintegration 2026 (m/w/d)

Ihre Aufgaben
Was erwartet dich
Du löst u. a. Anwendungs- und Systemprobleme für deine Kolleg*innen, planst, konfigurierst und verwaltest IT-Systeme von der Website-Erstellung bis zur App-Entwicklung und stattest unsere Büroarbeitsplätze mit dem nötigen technischen Equipment aus.
Kurzum: Als Fachinformatiker*in für Systemintegration bist du – gemeinsam mit deinen Team-Kolleg*innen – für die IT bei WEICON zuständig.

Das bringst du mit
Der Computer rechnet mit allem, nur nicht mit seinem*r Besitzer*in. Wenn dich dieser Satz zum Schmunzeln bringt und du lernen möchtest, wie du IT-Probleme für genau solche Besitzer*innen lösen kannst, dann ist die Ausbildung zum Fachinformatiker für Systemintegration (m/w/d) genau das richtige für dich!
Du solltest einen guten Abschluss der Fachoberschulreife absolviert haben.
Du verfügst über sehr gute Deutsch-, Mathematik- und Englischkenntnisse.
Du hast ein Verständnis für eine prozessorientierte, analytische und logische Denkweise.
Du hast Interesse daran, dich selbstständig in neue Themengebiete einzuarbeiten.
Du hast Teamgeist und ein gutes Zeitmanagement.
Du arbeitest zuverlässig und selbstständig.
Was wir dir bieten
Deine Ausbildung dauert drei Jahre. Bei guten Leistungen besteht die Möglichkeit, die Ausbildung zu verkürzen. Du legst deine Abschlussprüfung vor der IHK ab. Wir unterstützen dich durch interne und externe Seminare, damit du dich intensiv auf deine Prüfung vorbereiten kannst.

Wir bieten dir ein abwechslungsreiches und interessantes Arbeitsumfeld in einem international tätigen Unternehmen.
Bei uns arbeiten mehr als 20 topqualifizierte Mitarbeiter*innen mit Ausbilder*innen-Schein, die ihr Wissen an dich weitergeben.
Wir bieten dir interne und externe Weiterbildungsmöglichkeiten.
In unseren Azubiprojekten darfst du früh Verantwortung übernehmen.
Betriebliche Sozialleistungen werden dir zur Verfügung gestellt.
Und das Beste ist: Gemeinsam mit deinen Kolleg*innen unternimmst du tolle Ausflüge, Feste und Aktionen.
Darüber hinaus erwarten dich zahlreiche Benefits - darunter top ausgestattete Arbeitsplätze, ein eigenes Bistro, ein Schwimmteich, Physiotherapie, ein Minigolfplatz, Gleitzeit und vieles mehr.
Bei Fragen melde dich gerne bei","Das bringst du mit
Der Computer rechnet mit allem, nur nicht mit seinem*r Besitzer*in. Wenn dich dieser Satz zum Schmunzeln bringt und du lernen möchtest, wie du IT-Probleme für genau solche Besitzer*innen lösen kannst, dann ist die Ausbildung zum Fachinformatiker für Systemintegration (m/w/d) genau das richtige für dich!
Du solltest einen guten Abschluss der Fachoberschulreife absolviert haben.
Du verfügst über sehr gute Deutsch-, Mathematik- und Englischkenntnisse.
Du hast ein Verständnis für eine prozessorientierte, analytische und logische Denkweise.
Du hast Interesse daran, dich selbstständig in neue Themengebiete einzuarbeiten.
Du hast Teamgeist und ein gutes Zeitmanagement.
Du arbeitest zuverlässig und selbstständig.
Was wir dir bieten
Deine Ausbildung dauert drei Jahre. Bei guten Leistungen besteht die Möglichkeit, die Ausbildung zu verkürzen. Du legst deine Abschlussprüfung vor der IHK ab. Wir unterstützen dich durch interne und externe Seminare, damit du dich intensiv auf deine Prüfung vorbereiten kannst.",2026-06-12T20:23:31.264897+00:00
STEP-14069055,stepstone_de_ae,Ärztekammer Westfalen-Lippe Körperschaft des öffentlichen Rechts,Münster,Münster Münster,Ausbildung | zum Fachinformatiker bzw. zur Fachinformatikerin für Systemintegration (m/w/d),si,,,"1.236,82 €",60,empty,,https://twitter.com/stepstone_de,portal,"Kontakt
Sie haben weitere Fragen? Wir haben die Antworten!
Wir haben einen Ausbildungsplatz zum 01.08.2026 zu besetzen. Bewerben Sie sich daher für das Ausbildungsjahr 2026 bis zum 31.10.2025.
Bei Fragen wenden Sie sich gerne an die Leiterin der Personalabteilung wenden: Barbara Isa, Tel. 0251 929-2014, E-Mail: bewerbung@aekwl.de",,Ärztekammer Westfalen-Lippe Körperschaft des öffentlichen Rechts | Ausbildung | zum Fachinformatiker bzw. zur Fachinformatikerin für Systemintegration (m/w/d) | Münster,tidak,belum,sedang,"Ausbildung zum Fachinformatiker bzw. zur Fachinformatikerin für Systemintegration (m/w/d)

Die Ärztekammer Westfalen-Lippe ist die berufliche Standesvertretung der über 52.000 Ärztinnen und Ärzte in Westfalen-Lippe. Als Serviceeinrichtung für unsere Mitglieder mit Sitz in Münster nimmt die ÄKWL mit ihren rund 350 Beschäftigten sehr vielfältige Aufgaben wahr.
Ausbildungsschwerpunkte sind u.a.:
Konzeption und Realisierung von komplexen Systemen der Informations- und Telekommunikationstechnik (Arbeitsplatzrechner und Server)
Administration von unterschiedlichen Computern, Servern und Speichersystemen
Fehleranalyse und Behebung von Störungen durch den Einsatz von Experten- und Diagnosesystemen und Dokumentation
Aufbau und Administration unterschiedlicher Netzwerke
Automatisierung von Abläufen
Beratung und Schulung von Benutzern
Projektarbeit (Projektplanung, Durchführung und Qualitätssicherung)
Sie passen zu uns, wenn Sie:
mindestens über einen guten Realschulabschluss verfügen
Freude an den Fächern Mathematik und/oder Informatik haben
sich auf Menschen mit den unterschiedlichsten IT-Kenntnissen einstellen können
ein ausgeprägter Dienstleistungsgedanke und eine hohe Kundenorientierung selbstverständlich für Sie sind.
gerne im Team arbeiten, aber auch in der Lage sind, Aufgaben eigenverantwortlich zu lösen
ein sicheres und freundliches Auftreten haben
ein spannendes, abwechslungsreiches und herausforderndes Aufgabengebiet
eine gute Work-Life-Balance durch gleitende Arbeitszeit
einen sicheren Arbeitsplatz, auch in wirtschaftlich unruhigen Zeiten
neben der Vergütung nach TV A-L BbiG (aktuell 1.236,82 € im ersten Ausbildungsjahr), weitere attraktive Sozialleistungen (Jahressonderzahlung, betriebliche Altersversorgung, Vermögenswirksame Leistungen) und 30 Tage Urlaub im Jahr
eine exzellente hauseigene Kantine, kostenlose Parkplätze und eine gute ÖPNV-Anbindung
ein aktuelles iPad
individuelle Entwicklungsmöglichkeiten und gute Prüfungsvorbereitung durch externe und interne Schulungen mit sehr guten Übernahmechancen
* Wir setzen auf Vielfalt und freuen uns über Bewerbungen aller Menschen ungeachtet ihres Geschlechts, Alters, einer Behinderung, der ethnischen oder sozialen Herkunft, Nationalität, religiösen oder sexuellen Orientierung.

Wir bieten Ihnen u.a.:",,2026-06-12T20:20:03.129481+00:00
AUBI-412133,aubi_plus_fi,Westdeutsche Lotterie GmbH & Co. OHG,Münster,48165 Münster,Ausbildung zum*r Fachinformatiker*in Fachrichtung Systemintegration,si,,,,53,empty,,https://www.aubi-plus.de/bewerbung/,portal,"Du bist ein Teamplayer und hast Freude am Kontakt und Umgang mit Menschen.
Kontakt
Jessica Karsten
HR Business Partner
+49 241 8904-792
Jürgen Kringe
Abteilungsleiter IT
+49 241 8904-634
Bewerbungsunterlagen
aussagekräftige Bewerbungsunterlagen
Anschreiben
Lebenslauf
die letzten 2 Schulzeugnisse
sonstige Qualifikationsnachweise
Tipp: Beziehe Dich in Deiner Bewerbung auf AUBI-plus!
Mit bewerbung2go kannst du deine Bewerbungsunterlagen erstellen.
Deine AUBI-plus Jobmail
Lass deinen Bot für dich suchen! Lege deine Suchkriterien fest und lehn dich zurück. Du bekommst aktuelle Stellen für deinen Traumberuf direkt per Mail zugeschickt.
SUCHBOT ERSTELLEN
Ähnliche Suchanfragen:
AUSBILDUNG MÜNSTER 2026
AUSBILDUNG IN NORDRHEIN-WESTFALEN
AUSBILDUNG 2026
AUSBILDUNG ALS FACHINFORMATIKER FACHRICHTUNG SYSTEMINTEGRATION (M/W/D) IN MÜNSTER
68 weitere Stellen, die dich interessieren könnten
Ausbildung zum Fachinformatiker/-in (m/w/d) für Systemintegration
Westdeutsche Lotterie GmbH & Co. OHG
48151 Münster
Duales Studium zum Bachelor of Science (Wirtschafts-)Informatik (m/w/d)
Westdeutsche Lotterie GmbH & Co. OHG
48151 Münster
Ausbildung Fachinformatiker Fachrichtung Systemintegration (m/w/d)
Atruvia AG
48163 Münster
01.08.2027
WEITERE STELLEN LADEN
AUBI-plus
Über uns
Karriere
Partner
FAQ
News & Events
Presse
Blog
Messen & Aktionstage
DEUTSCHES AUSBILDUNGSFORUM
Produkte & Dienstleistungen
Für Ausbildungsbetriebe
Für Hochschulen
Für Schulen
Für Eltern
Besuch uns auch auf:
Region ändern:
AUBI-plus Österreich (deutsch)
AUBI-plus Schweiz (deutsch)
AUBI-plus Italien (deutsch)
AUBI-plus
Impressum
AGB
Datenschutz
Kontakt",,Westdeutsche Lotterie GmbH & Co. OHG | Ausbildung zum*r Fachinformatiker*in Fachrichtung Systemintegration | Münster,tidak,belum,sedang,"Ausbildung zum*r Fachinformatiker*in Fachrichtung Systemintegration

Dein Profil wird abgerundet durch Deine Begeisterung für IT-Themen sowie Dein Interesse an technischen zusammenhängen und Fragestellungen
Was Du erwarten kannst
Enge Betreuung: Erfahrene Ausbilder*innen und Kolleg*innen unterstützen Dich von Beginn an bei Deinen Aufgaben und Projekten
FFB-Teamspirit: Gemeinsam an einem großen Projekt zu arbeiten, schweißt zusammen. Bei unserer Arbeit unterstützen wir uns gegenseitig, auch nach der Arbeit verbringen wir Zeit miteinander - ob in Laufgruppen, gemütlichen Feierabendrunden oder zu gemeinsamen Sommerfesten und Karnevalsfeiern.
Persönliche und fachliche Weiterentwicklung: Mit zusätzlichen Weiterbildungsmaßnahmen ergänzt Du die theoretische Ausbildung und legst den Grundstein für Deine berufliche Laufbahn.
FFB-lnstitutskultur: Unsere flachen Hierarchien ermöglichen kurze Entscheidungswege und ein hohes Maß an Gestaltungsfreiheit
Finanzielle Zusatzleistungen und Rabatte: Betriebliche Altersvorsorge, vermögenswirksame Leistungen, ein jährlicher Lehrmittelzuschuss und Corporate Benefits
Ausbildung mit Perspektive: Attraktive Übernahmechancen bei guten Leistungen
Wir wertschätzen und fördern die Vielfalt der Kompetenzen unserer Mitarbeitenden und begrüßen daher alle Bewerbungen - unabhängig von Alter, Geschlecht, Nationalität, ethnischer und sozialer Herkunft, Religion, Weltanschauung, Behinderung sowie sexueller Orientierung und Identität. Schwerbehinderte Menschen werden bei gleicher Eignung bevorzugt eingestellt.

Die Regelausbildung dauert 3 Jahre. Die wöchentliche Arbeitszeit beträgt 39 Stunden. Die Stelle kann auch in Teilzeit besetzt werden. Anstellung, Vergütung und Sozialleistungen richten sich nach dem Tarifvertrag für Auszubildende des öffentlichen Dienstes (TVAöD).
Mit ihrer Fokussierung auf zukunftsrelevante Schlüsseltechnologien sowie auf die Verwertung der Ergebnisse in Wirtschaft und Industrie spielt die Fraunhofer-Gesellschaft eine zentrale Rolle im Innovationsprozess. Als Wegweiser und Impulsgeber für innovative Entwicklungen und wissenschaftliche Exzellenz wirkt sie mit an der Gestaltung unserer Gesellschaft und unserer Zukunft.
Haben wir Dein Interesse geweckt? Dann bewirb Dich jetzt online mit Deinen aussagekräftigen Bewerbungsunterlagen. Wir freuen uns darauf, Dich kennenzulernen!
Auf Deine Fragen zum Bewerbungsverfahren und zur Anstellung freut sich
Jessica Karsten
HR Business Partner
Telefon: +49 241 8904-792
Auf Deine Fragen zur Tätigkeit freut sich
Jürgen Kringe
Abteilungsleiter IT
Telefon: +49 241 8904-634
Fraunhofer-Einrichtung Forschungsfertigung Batteriezelle FFB
www.forschungsfertigung-batteriezelle.fraunhofer.de
Stellendetails
Beruf:
Fachinformatiker / Fachinformatikerin Fachrichtung Systemintegration
Bewerbungsfrist:
Abgelaufen
Mindestabschluss:
Realschulabschluss / Mittlere Reife
oder (Fach-) Abitur
Dauer:
3 Jahre
Referenz-Nr:
76784
(Bitte in der Bewerbung angeben)
Kopieren
Dein persönlicher Matching-Score
Du willst wissen, wie gut diese Stelle zu dir passt? Dann registriere dich und mach das Matching. Mehr erfahren",,2026-06-13T14:48:38.646085+00:00
STEP-12771958,stepstone_de_ae,Interface Medien GmbH,Münster,Münster Münster,Ausbildung | ENTWICKLER:IN BACKEND (W/M/D),non_fi,,,,53,empty,,https://twitter.com/stepstone_de,portal,Kontakt,,Interface Medien GmbH | Ausbildung | ENTWICKLER:IN BACKEND (W/M/D) | Münster,tidak,belum,sedang,ENTWICKLER:IN BACKEND (W/M/D),,2026-06-12T20:44:19.417331+00:00
INDEED-f567b76e7803ab7d,indeed_de_ae,UNIPLUS Software GmbH,Münster,Münster NW,Ausbildung | Duales Studium Informatik / Wirtschaftsinformatik,dual,,,Berufsausbildung,67,empty,,https://www.hiringlab.org/de/,portal,"Bei Rückfragen zur Stelle oder zum Bewerbungsprozess können Sie uns ebenfalls jederzeit per Mail kontaktieren.
Entdecken Sie die wichtigsten Stationen unserer Unternehmens – von den Anfängen bis zu einem starken Partner für Digitalisierung und Prozesse.",,UNIPLUS Software GmbH | Ausbildung | Duales Studium Informatik / Wirtschaftsinformatik | Münster,tidak,belum,sedang,"Duales Studium Informatik / Wirtschaftsinformatik

Fachhochschulreife oder Abitur mit guten Leistungen, insbesondere in Mathematik und naturwissenschaftlichen Fächern
Begeisterung für Informatik und moderne Technologien
Eigeninitiative, Teamgeist und eine strukturierte Arbeitsweise",,2026-06-13T11:28:23.177488+00:00
ASD-995020000014103062,ausbildungsstellen_si,Atruvia AG,Münster,Münster Münster,Ausbildung | Duales Studium Wirtschaftsinformatik B.Sc. – Anwendungsentwicklung,dual,,,,60,partner_portal,,,tidak_jelas,"Ansprechpartner*innen
Michael Altefrohne
Ausbildungsleitung Standort Münster
michael.altefrohne@atruvia.de
+49 251 713331383
Volker Elshof
Ausbildungsleitung Standort Münster
volker.elshof@atruvia.de
+49 251 713332476
Vielfalt verbindet.
Wir möchten noch vielfältiger werden und sprechen alle Menschen gleichermaßen an, die mit ihren Qualifikationen zu uns und zur ausgeschriebenen Stelle passen – unabhängig von Alter, Geschlecht, Bildung, Behinderung, ethnischer Herkunft und Nationalität, Religion, sexueller Orientierung oder sozialer Herkunft.
Atruvia AG | GAD-Straße 2-6, 48163 Münster | www.atruvia.de",,Atruvia AG | Ausbildung | Duales Studium Wirtschaftsinformatik B.Sc. – Anwendungsentwicklung | Münster,ya,belum,rendah,"Duales Studium Wirtschaftsinformatik B.Sc. – Anwendungsentwicklung

Deine Aufgaben:
- Erlernen von Programmiersprachen und Entwicklungswerkzeugen: Du baust wichtige Skills für die Softwareentwicklung auf.
- Entwicklung und Anpassung von Softwarelösungen für Banken: Du gestaltest innovative Anwendungen und optimierst bestehende Systeme.
- Analyse und Optimierung betrieblicher Prozesse mithilfe von IT: Du machst Geschäftsprozesse effizienter und zukunftssicher.
- Design und Entwicklung von Web- und Benutzeroberflächen: Du sorgst für intuitive und ansprechende Nutzererlebnisse.
- Testing, Dokumentation und Qualitätssicherung von Anwendungen: Du stellst sicher, dass unsere Softwarelösungen stabil und hochwertig sind.Dein duales Studium:
In drei Jahren wirst du zum Wirtschaftsinformatik-Profi! Dein Studium an der Hochschule Weserbergland wird durch praktische Einsätze in unseren IT-Abteilungen ergänzt. Hier arbeitest du an realen Projekten und sammelst wertvolle Erfahrungen.
- Vorlesungen: Methodische Softwareentwicklung, Datenbanken und Finanzdienstleistungen sind nur einige der spannenden Themen.
- Praxiszeit: Du lernst alles über bankwirtschaftliche Prozesse, IT-Architekturen und Softwareentwicklung.
- Künstliche Intelligenz: Du lernst, wie du KI-Tools im Arbeitsalltag sinnvoll einsetzt, Daten richtig einschätzt und eigene Ideen mit modernen Technologien umsetzt – ein echtes Plus für deine berufliche Zukunft.
- Projekte: Arbeite mit IT-Expert:innen an innovativen Projekten.
- Einführungswochen: Gemeinsames Teamtraining, spannende Seminare und Vorträge.
- Workshops: Nimm an Hackathons und fachlichen Workshops teil und vernetze dich mit Azubis und KollegInnen.
- Übernahmeprozess: Unser Ziel ist deine unbefristete Übernahme nach erfolgreichem Abschluss.
Anforderungen:
- Du hast (bald) Abitur oder Fachabitur.
- Du interessierst dich für IT und wirtschaftliche Zusammenhänge.
- Du sprichst fließend Deutsch (mindestens C1) und bist gut in Englisch.
- Du kannst logisch und analytisch denken.
- Du hast Spaß an der Arbeit im Team.
Was uns ausmacht:
Neue Perspektiven: Bei Atruvia lernst du von den Besten der Banken-IT – und wirst schon bald selbst ein Teil davon.
- Erstklassige Ausbildung: Mehrfach ausgezeichnet und auf höchstem Niveau.
- Vielfältige Weiterbildungsmöglichkeiten: Immer am Puls der Zeit.
- Hervorragende Feedback- und Lernkultur: Wir wachsen gemeinsam.

- Agile und innovative Projekte: Sei Teil spannender Entwicklungen.Was wir bieten:
- Mehr als nur Reinschnuppern: Bei Atruvia bist du vom ersten Tag an ein wertvolles Teammitglied und übernimmst spannende Aufgaben.
- Attraktive Vergütung und Nebenleistungen: 13. & 14. Gehalt, Fahrtkostenzuschuss, bezuschusstes Mittagessen in unseren Betriebsrestaurants u. v. m.
- Offene und motivierende Teamkultur: Gemeinsam erreichen wir mehr.
- Individuelle Betreuung und Förderung: Wir unterstützen dich persönlich.
- Selbstständiges und eigenverantwortliches Arbeiten: Deine Ideen zählen.
So bewirbst du dich:",,2026-06-13T12:28:24.318934+00:00
ASD-995020000014103063,ausbildungsstellen_si,Atruvia AG,Münster,GAD-Straße 2-6 48163 Münster,Ausbildung | Duales Studium Informatik B.Sc. – Anwendungsentwicklung,dual,,,,60,partner_portal,,,tidak_jelas,"Ansprechpartner*innen
Michael Altefrohne
Ausbildungsleitung Standort Münster
michael.altefrohne@atruvia.de
+49 251 713331383
Volker Elshof
Ausbildungsleitung Standort Münster
volker.elshof@atruvia.de
+49 251 713332476
Vielfalt verbindet.
Wir möchten noch vielfältiger werden und sprechen alle Menschen gleichermaßen an, die mit ihren Qualifikationen zu uns und zur ausgeschriebenen Stelle passen – unabhängig von Alter, Geschlecht, Bildung, Behinderung, ethnischer Herkunft und Nationalität, Religion, sexueller Orientierung oder sozialer Herkunft.
Atruvia AG | GAD-Straße 2-6, 48163 Münster | www.atruvia.de",,Atruvia AG | Ausbildung | Duales Studium Informatik B.Sc. – Anwendungsentwicklung | Münster,ya,belum,rendah,"Duales Studium Informatik B.Sc. – Anwendungsentwicklung

Deine Aufgaben:
- Entwicklung und Implementierung von Software für Banken: Du programmierst innovative Anwendungen mit modernen Programmiersprachen.
- Design und Optimierung von IT-Systemen und Architekturen: Du gestaltest leistungsstarke und zukunftssichere Lösungen.
- Entwicklung von Webanwendungen und nutzerfreundlichen Interfaces: Du sorgst für intuitive und effiziente Nutzererlebnisse.
- Testing, Debugging und Performance-Optimierung: Du stellst sicher, dass unsere Anwendungen stabil und schnell laufen.
- Arbeit mit Datenbanken, Cloud-Technologien und Sicherheitskonzepten: Du bringst deine Expertise in vielseitigen Projekten ein.Dein duales Studium:
In drei Jahren wirst du zum Software-Profi! Dein Studium an der FH Münster am Technologie-Campus Steinfurt wird durch praktische Einsätze in unseren IT-Abteilungen ergänzt. Hier arbeitest du an realen Projekten und sammelst wertvolle Erfahrungen.
- Vorlesungen: Algorithmen, Künstliche Intelligenz und IT-Security sind nur einige der spannenden Themen.
- Praxiszeit: Du lernst alles über moderne Softwareentwicklung, Testing, Datenbanken und Cloud-Technologien.
- Künstliche Intelligenz: Du lernst, wie du KI-Tools im Arbeitsalltag sinnvoll einsetzt, Daten richtig einschätzt und eigene Ideen mit modernen Technologien umsetzt – ein echtes Plus für deine berufliche Zukunft.
- Projekte: Arbeite mit IT-Expert:innen an innovativen Projekten.
- Einführungswochen: Gemeinsames Teamtraining, spannende Seminare und Vorträge
- Workshops: Nimm an Hackathons und fachlichen Workshops teil und vernetze dich mit Azubis und Kolleg:innen.
- Übernahmeprozess: Unser Ziel ist deine unbefristete Übernahme nach erfolgreichem Abschluss.
Anforderungen:
- Du hast (bald) Abitur oder Fachabitur.
- Du begeisterst dich für Softwareentwicklung und neue Technologien.
- Du sprichst fließend Deutsch (mindestens C1) und bist gut in Englisch.
- Du kannst logisch und analytisch denken.
- Du hast Spaß an der Arbeit im Team.
Was uns ausmacht:
Neue Perspektiven: Bei Atruvia lernst du von den Besten der Banken-IT – und wirst schon bald selbst ein Teil davon.
- Erstklassige Ausbildung: Mehrfach ausgezeichnet und auf höchstem Niveau.
- Vielfältige Weiterbildungsmöglichkeiten: Immer am Puls der Zeit.
- Hervorragende Feedback- und Lernkultur: Wir wachsen gemeinsam.

- Agile und innovative Projekte: Sei Teil spannender Entwicklungen.Was wir bieten:
Mehr als nur Reinschnuppern: Bei Atruvia bist du vom ersten Tag an ein wertvolles Teammitglied und übernimmst spannende Aufgaben.
- Attraktive Vergütung und Nebenleistungen: 13. & 14. Gehalt, Fahrtkostenzuschuss, bezuschusstes Mittagessen in unseren Betriebsrestaurants u. v. m.
- Offene und motivierende Teamkultur: Gemeinsam erreichen wir mehr.
- Individuelle Betreuung und Förderung: Wir unterstützen dich persönlich.
- Selbstständiges und eigenverantwortliches Arbeiten: Deine Ideen zählen.
So bewirbst du dich:",,2026-06-13T12:28:31.514608+00:00
ASD-994980000014102728,ausbildungsstellen_si,GWS Gesellschaft für Warenwirtschafts-Systeme mbH,Münster,Willy-Brandt-Weg 1 48155 Münster,Ausbildung | Duales Studium der Wirtschaftsinformatik - Fachrichtung Anwendungsentwicklung - Start: 01.08.2026,dual,2026,8,,53,partner_portal,,,tidak_jelas,"Du hast Fragen oder wünschst dir weitere Informationen zu uns und deinen Möglichkeiten? Dann kontaktiere uns! Unser HR-Team steht dir gerne für weitere Auskünfte zur Verfügung.
- Julia Meyer
Tel.: +49 251 7000-6559
julia.meyer@gws.ms
- Kathrin Aulich
Tel.: +49 251 7000-6554
kathrin.aulich@gws.ms
- Matthias Reis
Tel.: +49 251 7000-6531
matthias.reis@gws.ms
GWS Unternehmensgruppe
Willy-Brandt-Weg 1
48155 Münster
www.gws.ms",,GWS Gesellschaft für Warenwirtschafts-Systeme mbH | Ausbildung | Duales Studium der Wirtschaftsinformatik - Fachrichtung Anwendungsentwicklung - Start: 01.08.2026 | Münster,ya,belum,rendah,"Duales Studium der Wirtschaftsinformatik - Fachrichtung Anwendungsentwicklung - Start: 01.08.2026

- Wir bieten dir die Möglichkeit, dich mit innovativen Themen, die die IT-Welt beschäftigen, auseinanderzusetzen. Dazu gehören z. B. Künstliche Intelligenz, Cloud-Technologien, Softwarearchitekturen, Datenbanken etc.
Deine Qualifikationen:
- Du verfügst über eine abgeschlossene allgemeine oder fachgebundene Hochschulreife
- Du hast gute Noten in Mathematik, Informatik und Englisch
- Dich begeistert die IT und du hast Interesse an betriebswirtschaftlichen Abläufen
- Du hast ein Verständnis für logische Zusammenhänge
- Dich zeichnen eine hohe Lernbereitschaft und Motivation sowie eine eigenständige Arbeitsweise aus
- Du hast Spaß an der Arbeit im Team und bringst dich gerne für den gemeinsamen Erfolg ein
Das bieten wir dir:
Wir sind ein zertifizierter Great Place to Work® und der gefragte ERP-Spezialist im Handel. Als Microsoft Solutions Partner kombinieren wir exzellentes Handelswissen mit IT-Lösungen und sind für unsere mehr als 1.680 Kunden der langjährige IT-Partner. Wir bieten die Vorzüge eines etablierten mittelständischen Unternehmens und den Freiraum, um selbst gestalten zu können. Unser Umfeld eröffnet dir viel Platz für eigene Ideen und deine persönliche Entwicklung. Zudem bieten wir dir:
- Innovative Branche
- Offene Unternehmenskommunikation und ein kollegiales Team
- Flache Hierarchien
- Modernste Arbeitsplätze
- Flexible Arbeitszeiten und somit eine gute Work-Life-Balance
- Weitere attraktive Sozialleistungen (Vermögenswirksame Leistungen, Urlaubsgeld ...)
- Sportkurse, Massagen und Kreativräume (z.B. Billard & Kicker)Unser zusätzliches Angebot:
- Wir bilden für unsere Zukunft aus: ein frühzeitiger Übernahmeprozess mit dem Ziel eines unbefristeten Arbeitsvertrags
- Dich erwartet eine abwechslungsreiche und qualitativ hochwertige Ausbildung, begleitet durch engagierte Ausbilder und regelmäßiges Feedback
- Persönliche und fachliche Seminare sowie individuelle Weiterbildungsmöglichkeiten
- Gemeinsame Einführungs- und Kennenlernwochen, Teamtrainings und Events
- Eine attraktive Ausbildungsvergütung sowie Zusatzleistungen
- Übernahme der StudiengebührenUnd vieles, vieles mehr …
Gleiche Chancen für alle: Wir freuen uns über Bewerbungen von Menschen, die so vielfältig sind wie wir – unabhängig von Alter, Behinderung, ethnischer Herkunft und Nationalität, Geschlecht, Religion, sexueller Orientierung oder sozialer Herkunft. Es ist der Mensch in seiner Vielfalt, der uns stark macht.
Wir freuen uns auf deine Bewerbung!
Schaue dich um unter: https://gws.ms/tour/
Start: 01.08.2026
Standort: Münster",,2026-06-13T12:28:04.283964+00:00
