id_referensi,kategori,nama_perusahaan,kota,alamat,jenis_ausbildung,spesialisasi,tahun_mulai,bulan_mulai,gaji,skor_kelengkapan,tipe_website,email_bewerbung,link_bewerbung,cara_apply,kontak_hr,link_arbeitsagentur,ringkasan,butuh_manual,status_lamaran,prioritas,deskripsi,persyaratan,tanggal_scrape
13884-336587-S,fachinformatiker_ae,GAUSS-LVS mbH,Paderborn,33100 Paderborn,Ausbildung | Fachinformatiker/in - Anwendungsentwicklung,ae,2027,9,,93,company,karriere@gauss-lvs.de,https://jobboard.onapply.de/listing/336587?source=arbeitsagentur,email,"Kontaktinformationen
--------------------------------------",https://www.arbeitsagentur.de/jobsuche/jobdetail/13884-336587-S,GAUSS-LVS mbH | Ausbildung | Fachinformatiker/in - Anwendungsentwicklung | Paderborn,tidak,belum,tinggi,"


Einleitung
--------------------------------------
 
Als zuverlässiger Partner für Case-Management-Lösungen öffentlicher Verwaltungen, sowie sozialer Einrichtungen, liefert die GAUSS-LVS mbH einen entscheidenden Beitrag für digitalisierte Soziale Dienste. Behörden und Organisationen in ganz Deutschland setzen in langjährigen Partnerschaften auf unsere ausgewiesene Expertise.


Als Auszubildender bei der GAUSS-LVS wirst du von Anfang an in den Betriebsalltag eingebunden. Du durchläufst eine vielseitige und anspruchsvolle Ausbildung in einem gesunden mittelständischen Paderborner IT-Unternehmen mit ausgezeichnetem Betriebsklima und einem erfolgreichen Produkt. Unsere Software-Engineers und IT-Experten stehen dir während deiner Ausbildung mit Rat und Tat zur Seite. Du wirst bei uns die Möglichkeit erhalten, dir nicht nur ein fundiertes Fachwissen, sondern auch wertvolle und relevante Praxiserfahrung anzueignen.


Dauer: 3 Jahre
Start: jeweils zum 01.09.2027
Berufsschule: ATIW Berufskolleg Paderborn




Aufgaben
--------------------------------------
 - du wirst durch deine Mitarbeit in verschiedenen IT-Abteilungen, umfassende Einblicke in die Welt der Softwareentwicklung und des IT-Consultings erhalten
- Weiterentwicklung und Pflege unserer Softwaresysteme
- Testen, Anpassen und Aktualisieren von Programm Code
- du erstellst Dokumentationen und Tutorials
- du sammelst Erfahrungen in der Kundenbetreuung und dem Anwender-Support
- du planst komplexe Aufgaben und setzt diese um
- du analysierst Fehler und löst sie




Profil
--------------------------------------
 - (Fach-) Hochschulreife oder Fachoberschulreife mit guten bis sehr guten Noten, insbesondere in Mathematik
- dich begeistern Themen rund um Informatik und Softwaresysteme
- du besitzt ein gutes logisches und analytisches Denkvermögen
- Leistungsbereitschaft, Neugierde und Teamfähigkeit zeichnen dich aus




Vorteile
--------------------------------------
 - Ausbildung zum IT-Experten mit überdurchschnittlichem fachlichem Niveau
- Attraktive Ausbildungsvergütung
- Bereitstellung von modernem IT-Equipment
- Persönliche Betreuung während des Praxis-Einsatzes
- Wertschätzung, Vertrauen und Freiraum für deine berufliche Entwicklung
- Spannende Aufgaben in einem Team ambitionierter Experten
- kostenfreie Drinks, Vitamine und Corporate Events für eine angenehme Arbeitsatmosphäre
- betriebliche Altersvorsorge
- vergünstigte Fitnessstudio-Mitgliedschaft




Kontaktinformationen
--------------------------------------
 
Wir würden uns sehr freuen, dich bald in unserem Team begrüßen zu dürfen!


Falls du das auch so siehst, übermittle uns gerne Deine aussagkräftigen Bewerbungsunterlagen.


Falls Du noch allgemeine Fragen zum Bewerbungsprozess hast, schreib uns gerne eine E-Mail an karriere@gauss-lvs.de oder ruf uns einfach an: 05251/1655-0!


Liebe Grüße, das Team der GAUSS-LVS mbH","Profil
--------------------------------------
- (Fach-) Hochschulreife oder Fachoberschulreife mit guten bis sehr guten Noten, insbesondere in Mathematik
- dich begeistern Themen rund um Informatik und Softwaresysteme
- du besitzt ein gutes logisches und analytisches Denkvermögen
- Leistungsbereitschaft, Neugierde und Teamfähigkeit zeichnen dich aus",2026-06-11T09:10:36.577854+00:00
10000-1206774290-S,fachinformatiker_ae,BENTELER Steel/Tube GmbH&Co.KG W41,Paderborn,"Residenzstr. 1, 33104 Paderborn",Ausbildung | Fachinformatiker/in - Anwendungsentwicklung,ae,,,"1.242,96 €/Monat",87,ba_portal,,https://www.arbeitsagentur.de/jobsuche/jobdetail/10000-1206774290-S,ba_portal,**Dein Kontakt**,https://www.arbeitsagentur.de/jobsuche/jobdetail/10000-1206774290-S,BENTELER Steel/Tube GmbH&Co.KG W41 | Ausbildung | Fachinformatiker/in - Anwendungsentwicklung | Paderborn,ya,belum,rendah,"# Ausbildung zum Fachinformatiker (m/w/d) Anwendungsentwicklung - Start 2027

**Standort:&#160;** 

Paderborn, NW, DE

**Division:** BENTELER Steel/Tube 
**Funktionsbereich:** Ausbildung 
**Karrierelevel:** Ausbildung 
**Vertragsart:** Befristete Anstellung/Vollzeit 
**Wochenarbeitszeit:** 35,00 
**Erforderliche Sprachkenntnisse:** Deutsch; Englisch 
**Stellen ID:** 46589 
 
 
Bei BENTELER machen wir es möglich. Von der Talentförderung bis zu internationalen Karriereaussichten oder von großzügigen Gestaltungsmöglichkeiten bis zu individuellen Entwicklungschancen – bei BENTELER geben wir dir auf Zukunftsfragen immer eine Antwort, die sich ganz an deinen persönlichen Bedürfnissen orientiert. Vielseitigkeit, die dafür sorgt, dass du alles sein kannst. Oder wie wir sagen: BENTELER makes it happen!
 
**Deine Chance:**
•  Spannende Einblicke in unsere weltweit agierende IT
•  Direkte Kommunikation mit den Anwendern bei der Betreuung und Anpassung unserer IT-Lösungen
•  Eigenverantwortliches Mitwirken bei innovativen Projekten
•  Persönliche Betreuung in der gesamten Ausbildungszeit
•  Ein umfangreicher Erfahrungsaustausch zwischen Auszubildenden und Studenten der BENTELER IT
•  Du besuchst Blockweise das B.i.B in Paderborn, eine spezielle Berufsschule für Informatik
 
 
Im Rahmen deiner praxisorientierten Ausbildung zum Fachinformatiker (m/w/d) mit Fachrichtung Anwendungsentwicklung lernst Du bei BENTELER die weltweit agierende IT und ihre Abläufe hautnah kennen. Wir unterstützen unsere internen Kunden ganzheitlich, von Beratung und Projektmanagement, über Programmierung und Qualitätssicherung bis hin zu Installation, Wartung und Support. Im Rahmen deiner Ausbildung lernst du die unterschiedlichen IT-Bereiche kennen (z.B. Software Entwicklung, Serverbetrieb, Netzwerk) und erhältst die Chance, an vielfältigen IT-Projekten eigenständig mitzuwirken. Darüber hinaus hast du die Möglichkeit, Dich regelmäßig in Projekten und Inhouse Schulungen durch die BENTELER IT Academy mit neuen Technologie-Trends und deren Einsatzmöglichkeiten im Unternehmen vertraut zu machen.
 


**Deine Benefits**
• Top qualifizierte Ausbildung & Zusatzqualifikationen
• Team-Geist eines internationalen Familienunternehmens
• Neue Technologien, Industrie 4.0 & Digitalisierung
• 35 Stunden/Woche & flexibles Arbeitszeitkonto & 30 Tage Urlaub
• Attraktive Ausbildungsvergütung:

- 1. Ausbildungsjahr: 1.242,96 €/Monat
- 2. Ausbildungsjahr: 1.297,67 €/Monat
- 3. Ausbildungsjahr: 1.378,93 €/Monat

• Urlaubs- & Weihnachtsgeld, Sonderzahlungen (keine Erfolgsbeteiligung)
• Moderne Kantine & Mitarbeiterevents
 
 
**Deine Persönlichkeit**
•  Du strebst die die allgemeine Hochschulreife oder die Fachhochschulreife an?
•  Du bringst Leistungsbereitschaft, Verantwortungsbewusstsein und IT-Affinität mit? 
•  Du hast gute Kenntnisse in Englisch und gerne einer weiteren Fremdsprache? 
•  Du liebst Abwechslung und Herausforderungen und hast viele neue Ideen?
•  Du arbeitest gerne im Team und strebst eine Zukunft in einem internationalen Großunternehmen an?
•  Du hast Lust auf die Zukunft und Deine persönlichen Entwicklungschancen?
 
**Dann bist Du bei uns genau richtig!&#160;&#160;**
 
Alle Informationen zu deiner Ausbildung bei BENTELER findest du hier: [https://career.benteler.de/einstieg-bei-benteler/schueler/](https://career.benteler.de/einstieg-bei-benteler/schueler/)
 
**Dein Kontakt**

Tim Even-Schaefer 

BENTELER Human Resources
Tel: +49525481148116 
[](https://career.benteler.jobs/job/Paderborn-Ausbildung-zum-Fachinformatiker-%28mwd%29-Anwendungsentwicklung-Start-2027-NW/1395045333/)
 
**Dein neuer Arbeitgeber**

Die BENTELER Gruppe hat immer eine passende Antwort. Denn in jedem unserer Bereiche und an jedem unserer Standorte profitierst du von der Größe und Vielfalt eines internationalen Konzerns mit mehr als 20.000 Kolleginnen und Kollegen an rund 90 Standorten.

So auch in der Berufsausbildung bei BENTELER. Mit unseren zahlreichen Ausbildungsmöglichkeiten stellen wir sicher, dass auch du genau in deinem gewünschten Berufsbild landest – und dort jede Möglichkeit zur Weiterentwicklung hast. Dabei ist es egal, ob du im Metall-, Elektro-, IT- oder kaufmännischen Bereich startest, ob Berufsausbildung oder Kombinationsstudium – mit einer Ausbildung bei BENTELER legst du den Grundstein für eine erfolgreiche berufliche Zukunft. Perspektive, die dafür sorgt, dass du alles sein und werden kannst.","• Top qualifizierte Ausbildung & Zusatzqualifikationen
• Team-Geist eines internationalen Familienunternehmens
• Neue Technologien, Industrie 4.0 & Digitalisierung
• 35 Stunden/Woche & flexibles Arbeitszeitkonto & 30 Tage Urlaub
• Attraktive Ausbildungsvergütung:
Fachhochschulreife",2026-06-11T09:13:03.053437+00:00
NRW-4188-7740,ausbildung_nrw_ae,BREMER SE,Paderborn,Grüner Weg 28-48 33098 Paderborn,Ausbildung | Fachinformatiker/in - Anwendungsentwicklung (2026),ae,,,,87,company,info@bremerbau.de,https://bremerbau.de/de/karriere/ausbildung,email,"Kontakt
05251 770-0
info@bremerbau.de
https://www.bremerbau.de
Grüner Weg 28-48
33098 Paderborn
Melanie Mennemeier
Personalreferentin
05251 770-0
info@bremerbau.de
Friederike Schröder
Personalreferentin
05251 770-0
info@bremerbau.de
Social Media
Standort
+
–
⤢
Standorte
Rheinlanddamm 199
44139 Dortmund
Suttner-Nobel-Allee 7
44803 Bochum
Wienburgstraße 207
48159 Münster
Hollerithallee 18a
30419 Hannover
Hanna-Kunath-Straße 1
28199 Bremen
Veritaskai 6
21079 Hamburg
Schleinufer 18
39104 Magdeburg
Großbeerenstraße 185
14482 Potsdam
Alte Messe 6
04103 Leipzig
Erich-Kästner-Straße 1a
99094 Erfurt
Marienbergstraße 98
90411 Nürnberg
Marie-Curie-Straße 5a
85055 Ingolstadt
Motorstraße 26
70499 Stuttgart
Ostring 6
76131 Karlsruhe
info@ausbildung.nrw
Kontakt
Datenschutz
Impressum
Ausbildung.NRW ist ein Kooperationsprojekt der Industrie- und Handelskammern in Nordrhein-Westfalen.
umgesetzt von der www.spieker.agency",,BREMER SE | Ausbildung | Fachinformatiker/in - Anwendungsentwicklung (2026) | Paderborn,tidak,belum,tinggi,"Fachinformatiker/in - Anwendungsentwicklung (2026)

Fachinformatiker/in - Anwendungsentwicklung in Paderborn (2026)
Mehr Informationen
Industriekaufmann/frau in Paderborn (2026)
Mehr Informationen
Angebote
Praktikum
Duale Ausbildung

Schon gewusst?
BREMER bildet nicht nur aus – wir investieren in deine Zukunft! 💡
Wusstest du, dass über 80 % unserer Azubis übernommen werden? Oder dass du bei uns mit modernster Technik, erfahrenen Ausbilderinnen und Ausbilder und in einem super Teamklima arbeitest?
Und das Beste: Bei BREMER kannst du Karriere machen, ohne den Arbeitgeber zu wechseln – vom Azubi bis zur Führungskraft!
👉 Jetzt bewerben und Teil unserer Erfolgsgeschichte werden: Dein Job bei Bremerbau
Mehr Informationen

So kannst du dich bewerben
Deine Karriere bei BREMER – Mehr bewegen. Gemeinsam wachsen.
Lade deine Bewerbungsunterlagen über unser Karriereportal unter ""Dein Job bei Bremerbau"" hoch.
Die Bewerbung sollte ein Anschreiben, deinen Lebenslauf und deine Zeugnisse beinhalten.",,2026-06-12T09:53:57.278468+00:00
10000-1203753071-S,fachinformatiker_ae,INCONY AG,Paderborn,"Technologiepark 23, 33100 Paderborn",Ausbildung | Fachinformatiker/in - Anwendungsentwicklung,ae,,,,87,ba_portal,personal@incony.de,https://www.arbeitsagentur.de/jobsuche/jobdetail/10000-1203753071-S,email,"Haben wir Dein Interesse geweckt? Dann freuen wir uns auf Deine Bewerbung mit Anschreiben, Lebenslauf und Zeugnissen als PDF-Anhang an [personal@incony.de](mailto:personal@incony.de) mit Elke Radeke als Deine Ansprechpartnerin.",https://www.arbeitsagentur.de/jobsuche/jobdetail/10000-1203753071-S,INCONY AG | Ausbildung | Fachinformatiker/in - Anwendungsentwicklung | Paderborn,tidak,belum,tinggi,"Du bist Studienabbrecher/-in oder hast ein gutes (Fach-) Abitur und erste Kenntnisse im Programmieren? Dann bewirbt dich gerne noch für dieses Ausbildungsjahr!

**Warum zu INCONY?**

Wenn Du gerne programmierst und eine Ausbildungsstelle zum Fachinformatiker in einem innovativen IT-Unternehmen suchst, dann bist Du bei der INCONY AG genau richtig.
Studienabbrecher, die schon einige Zeit (Wirtschafts-) Informatik studiert haben, bieten wir übrigens eine Ausbildungsverkürzung an. Du kannst auch schon ab dem 01.07. bei uns die Ausbildung starten und INCONY kann Dich auch noch einige Monate später ins laufende Ausbildungsjahr integrieren.
Wir haben als Ziel, unsere Auszubildenden zu übernehmen, und in der Tat werden am Ende der Ausbildung auch über 95% der Auszubildenden in eine Festanstellung übernommen.

**Über uns**

Die INCONY AG ist ein mittelständisches Softwareunternehmen aus Paderborn, das seit 2000 viele große und kleine Kunden mit seiner Software ANTEROS begeistert. Unsere Kunden können mit ANTEROS sehr effizient Produktdaten und Bilder pflegen und hieraus Webshops, Apps und Printkataloge erstellen. Zur Erweiterung unseres Teams bieten wir mehrere Ausbildungsplätze in der Anwendungsentwicklung an.

**Deine Ausbildung**

Die Ausbildung dauert 3 Jahre, und Du kannst nach einer Einarbeitungszeit schon Praxisluft schnuppern, da wir Dich schrittweise in unsere Entwicklungsarbeiten integrieren. Bei guten Leistungen bieten wir Dir eine Verkürzung der Ausbildung an.
Du lernst Java- und Web-Technologien zur Weiterentwicklung unserer zukunftsweisenden Web-Anwendung ANTEROS kennen. Weiter lernst Du die Durchführung und Überwachung von (automatisierten) Tests kennen und kannst bei Kundenanpassungen für Webshops, Printautomatisierungen oder Konfigurationen mitwirken. So lernst Du sehr praxisnah unsere Software und unsere innovativen Entwicklungsmethoden kennen und integrierst Dich immer tiefer in unser Team.

Den Kurzfilm zu der Ausbildung und weiteren Informationen kannst Du Dir unter dieser URL ansehen:
[http://www.incony.de/service/incony-videos/incony-fachinformatiker-ausbildung-paderborn](http://www.incony.de/service/incony-videos/incony-fachinformatiker-ausbildung-paderborn)

**Was Wir Dir bieten**

· Angenehmes Arbeitsklima, super Team und flache Hierarchien im Unternehmen

· Persönlicher Betreuer während der Ausbildungszeit

· Arbeiten mit innovativen Technologien

· Abwechslungsreiche Softwareprojekte

· Flexible Arbeitszeiten durch Gleitzeit, um Ausbildung und Privatleben optimal zu vereinbaren

· Sehr gute Übernahmechancen; denn: unser Ziel ist es, die Auszubildenden zu übernehmen

· Möglichkeit nach der Ausbildung im Homeoffice zu arbeiten

· Moderner eigener Firmenkomplex mit kostenlosem Fitnessstudio und Dachterrasse zum Entspannen

· Stabiles Unternehmensumfeld in einem stets wachsenden Unternehmen mit Weiterentwicklungs- und Aufstiegsmöglichkeiten

**Deine Qualifikationen**

· Fachhochschulreife oder Abitur

· Leidenschaft und Spaß an der Software-Entwicklung

· Eigenverantwortliche, sorgfältige und strukturierte Arbeitsweise

· Fähigkeit, sowohl im Team als auch eigenständig zu arbeiten

· Vorteilhaft aber kein Muss sind erste Erfahrungen in Java und Eclipse

**Deine Bewerbung an uns**
Haben wir Dein Interesse geweckt? Dann freuen wir uns auf Deine Bewerbung mit Anschreiben, Lebenslauf und Zeugnissen als PDF-Anhang an [personal@incony.de](mailto:personal@incony.de) mit Elke Radeke als Deine Ansprechpartnerin.

Bei Fragen kannst Du Dich auch direkt an uns unter der Nummer 05251 877 390 wenden.","**Deine Qualifikationen**
· Fachhochschulreife oder Abitur
Fachhochschulreife",2026-06-11T09:14:29.616548+00:00
NRW-4572-8474,ausbildung_nrw_ae,INCONY AG,Paderborn,Technologiepark 23 33100 Paderborn,"Ausbildung | Fachinformatiker/in - Anwendungsentwicklung (2025, 2026)",ae,,,,87,company,personal@incony.de,https://www.incony.de/service/incony-videos/incony-fachinformatiker-ausbildung-paderborn/,email,"Kontakt
05251-8773902
personal@incony.de
https://www.incony.de
Technologiepark 23
33100 Paderborn
J
Julia Weizel
HR-Managerin
05251-8773902
personal@incony.de
Social Media
Standort
+
–
⤢
info@ausbildung.nrw
Kontakt
Datenschutz
Impressum
Ausbildung.NRW ist ein Kooperationsprojekt der Industrie- und Handelskammern in Nordrhein-Westfalen.
umgesetzt von der www.spieker.agency",,"INCONY AG | Ausbildung | Fachinformatiker/in - Anwendungsentwicklung (2025, 2026) | Paderborn",tidak,belum,tinggi,"Fachinformatiker/in - Anwendungsentwicklung (2025, 2026)

Fachinformatiker/in - Anwendungsentwicklung in Paderborn (2025, 2026)
Mehr Informationen
Angebote
Praktikum
Duale Ausbildung

Schon gewusst?
Im Jahre 2021 hat INCONY von der IHK eine Auszeichnung für herausragende Ausbildungsleistungen erhalten. Darauf sind wir stolz!
Auch Studierende, die darüber nachdenken, das theoretische Studium gegen eine praxisnahe Ausbildung zu tauschen, sind bei uns herzlich willkommen!
Wir bieten
- eine tolle Ausbildungsumgebung mit einer Duz-Kultur und flachen Hierarchien,
- eine individuelle Betreuung unserer Auszubildenden durch Fachausbilder sowie
- spannende Projekte mit echter Programmierarbeit und viel Gestaltungsfreiraum
- nach erfolgreich abgeschlossener Ausbildung einen unbefristeten Arbeitsvertrag für noch mehr spannende Projekte und nahezu unbegrenzte Möglichkeiten der Weiterentwicklung
Mehr Informationen

So kannst du dich bewerben
Bitte schicke Deine vollständigen Bewerbungsunterlagen möglichst im PDF-Format an personal@incony.de",,2026-06-12T09:56:24.903895+00:00
13647-2026242292-S,fachinformatiker_ae,Net at Work GmbH,Paderborn,"Am Hoppenhof 32 A, 33104 Paderborn",Ausbildung | Fachinformatiker/in - Anwendungsentwicklung,ae,,,,87,partner_portal,,https://www.aubi-plus.de/ausbildung/net-at-work-gmbh-fachinformatiker-fachrichtung-anwendungsentwicklung-paderborn-242292/?mtm_campaign=jobboard&mtm_source=Arbeitsagentur,portal,"Ansprechpartner: Svenja Franßen
sowie unsere Ausbildungsleiterin Daniela Henkenötter, freuen sich auf Deine Bewerbung.",https://www.arbeitsagentur.de/jobsuche/jobdetail/13647-2026242292-S,Net at Work GmbH | Ausbildung | Fachinformatiker/in - Anwendungsentwicklung | Paderborn,tidak,belum,sedang,"
Bei uns hat die IT viele Facetten

Du interessierst dich für die Themen IT, Informatik und digitale Kommunikation?
Nur Theorie ist dir zu eintönig und du möchtest am liebsten schon gleich praktisch arbeiten?
Du bist zudem kommunikativ und arbeitest gerne im Team?
Dann bist Du bei ­Net at Work genau richtig.

Deine Aufgaben
Fachinformatiker Anwendungsentwicklung *
&nbsp;
Beschäftigungsprofil:

Mitentwicklung unserer E-Mail-Sicherheitslösung
Qualitätssicherung mittels automatisierter Tests
Agiles Arbeiten nach SCRUM
Erlernen neuester Technologien und verschiedener Programmiersprachen

&nbsp;
Schwerpunktbereiche:

Qualitätssicherung, Frontend- und Backend-Entwicklung, Data Science im Softwarehaus



Dein Profil
Voraussetzungen für Deine IT-Karriere bei uns:

Allgemeine Hochschulreife mit guten Noten in den MINT-Fächern
Analytische Fähigkeiten &amp; Kommunikationsstärke
Begeisterung für die Themen IT, Informatik und digitale Kommunikation
Arbeit im Team (Büro und Homeoffice)
Flexible Einarbeitung in verschiedene Themenbereiche&nbsp;
Berührung mit der IT (Hobby/Schule/Praktikum)



Wir bieten Dir
&nbsp;Am Standort Paderborn bieten wir ambitionierten IT-Nachwuchskräften die Möglichkeit, eine duale Ausbildung in Kooperation mit dem ATIW Berufskolleg oder dem bib international College aufzunehmen.
&nbsp;
Ausbildungsdauer:&nbsp;&nbsp;

3 Jahre (Verkürzung möglich)

&nbsp;
Ausbildungsbeginn:

September



Außerdem
Deine Benefits im Einzelnen:
&nbsp;

Stärkenorientierter Einsatz in einem unserer Schwerpunktbereiche mit engagierten Ausbildenden und Erfahrung im Mentoring
Schnellstmöglicher produktiver Einsatz
Übernahme der Berufs- bzw. Studienkosten
Gute Azubi-Gemeinschaft
Moderne Ausstattung
Gute Anbindung (Ausbildungsstätten &amp; Büro)
Sportaktivitäten und gemeinschaftliche Events
Verschiedene Weiterbildungsmöglichkeiten
Bei uns sind Fehler eine Chance: nach dem Motto „Machen-Messen-Lernen“

&nbsp;
Wir gehen auf Deine individuellen Fähigkeiten und Interessen ein und bieten Dir, neben hervorragendem Mentoring, viele nette Teammitglieder, die immer ein offenes Ohr haben. Einige siehst Du auf Instagram»
&nbsp;
Nach der Ausbildung

Möglichkeit der Übernahme in eine Junior Position
Eigenständige Arbeit an Software-/Kundenprojekten
Weiterbildungs- und Spezialisierungsmöglichkeiten
Möglichkeit eines Bachelor-Studiums



Ansprechpartner: Svenja Franßen
sowie unsere Ausbildungsleiterin Daniela Henkenötter, freuen sich auf Deine Bewerbung.

Über uns
Unsere Unternehmenskultur ist geprägt von einem freundlichen und hilfsbereiten Miteinander mit flachen Hierarchien.&nbsp;Das bedeutet: Wir schätzen jedes Teammitglied, unabhängig von Alter, Geschlecht und Position. In der täglichen Zusammenarbeit ist deshalb die&nbsp;Anrede „Du“ für uns selbstverständlich,&nbsp;vom Praktikanten bis zum Geschäftsführer. Und damit sich unsere Bewerber von Beginn an genauso geschätzt und zugehörig fühlen, Duzen wir bereits im Bewerbungsprozess.
Wir&nbsp;unterstützen Dich von Beginn an.&nbsp;Dazu stellen wir Dir während Deiner Einarbeitungsphase erfahrene Mentoren zur Seite, die jederzeit ein offenes Ohr für Deine Fragen haben. Bei Net at Work geben wir Dir Raum, um eigenverantwortlich Ideen einzubringen und umzusetzen, ganz nach unserem Motto&nbsp;„Machen, Messen, Lernen“. Vertrauensarbeitsort (bis zu 100% Remote-Work möglich) und Vertrauensarbeitszeit sind weitere Vorteile Deines neuen Arbeitsplatzes.

* (m/w/d) – Geschlecht, Hautfarbe, alles egal. Hauptsache Du passt zu uns und brennst für Deine Arbeit.","Beschäftigungsprofil:
Mitentwicklung unserer E-Mail-Sicherheitslösung
Qualitätssicherung mittels automatisierter Tests
Agiles Arbeiten nach SCRUM
Erlernen neuester Technologien und verschiedener Programmiersprachen",2026-06-11T09:10:29.901224+00:00
10001-1001790014-S,fachinformatiker_ae_2026,Raynet GmbH,Paderborn,"Technologiepark 22, 33100 Paderborn",Ausbildung | Fachinformatiker/in - Anwendungsentwicklung,ae,2026,8,,87,ba_portal,,https://www.arbeitsagentur.de/jobsuche/jobdetail/10001-1001790014-S,ba_portal,"- Flache Hierarchien, direkte Ansprechpartner und schnelle Entscheidungswege
- Vielfältige Aufgaben und Projekte in einem innovativen Umfeld
- Junges, dynamisches Team in einem modernen Büro",https://www.arbeitsagentur.de/jobsuche/jobdetail/10001-1001790014-S,Raynet GmbH | Ausbildung | Fachinformatiker/in - Anwendungsentwicklung | Paderborn,ya,belum,rendah,"Du bist **IT-affin**, hast bereits erste Erfahrungen in der **Programmierung** und technisches Verständnis für innovative und zukunftsstarke Lösungen? Du willst Teil unserer **Entwicklung** sein und die Anforderungen von unseren Kunden, Partnern und dem Markt in unsere **Lösungen** einfließen lassen?

**Dann schicke uns Deine Bewerbung und komm in unser Team!**

Für unser Headquarter in Paderborn suchen wir zum 01.08.2026 eine/n

Auszubildende/n Fachinformatiker/in für Anwendungsentwicklung (m/w/d)

Deine Aufgaben bei Raynet:

- Unterstützung bei der Entwicklung und der Programmierung unserer Lösungen
- Erstellung von Dokumentationen
- Mitarbeit im Qualitätsmanagement
- Unterstützung bei der Umsetzung von spezifischen Kundenanforderungen
- Mitarbeit und teilweise Übernahme von internen und kundenspezifischen Projekten und Optimierungsaufgaben
- 1st- & 2nd-Level-Support für Anwender*innen

Was du mitbringen solltest:

- Mittlerer Bildungsabschluss oder höher
- IT-Affinität, technisches Verständnis und erste Kenntnisse in der Programmierung
- Analytische und logische Denkweise
- Schnelle Auffassungsgabe und Spaß an der Teamarbeit
- Sehr gutes Deutsch und Englisch in Wort und Schrift

Was dich erwartet:

- Viel Platz für eigenverantwortliches Handeln, frische Ideen und neue Herausforderungen
- Flache Hierarchien, direkte Ansprechpartner und schnelle Entscheidungswege
- Vielfältige Aufgaben und Projekte in einem innovativen Umfeld
- Junges, dynamisches Team in einem modernen Büro
- Teamevents & Work-Life-Balance
- Individuelle Weiterbildungsmaßnahmen
- Eine anspruchsvolle, praxisnahe und zukunftsorientierte Ausbildung mit
vielen Weiterentwicklungsmöglichkeiten in einem international
wachsenden Unternehmen
- Hauseigenes Fitnessstudio mit Sauna
- 85 m² große Dachterrasse mit Panoramablick über Paderborn
- Ladesäulen für E-Bike und E-Auto
- Kaffee-, Tee- & Wasserflatrate sowie Obst & Süßigkeiten
- Zuschuss zur Nutzung des ÖPNV","Du bist **IT-affin**, hast bereits erste Erfahrungen in der **Programmierung** und technisches Verständnis für innovative und zukunftsstarke Lösungen? Du willst Teil unserer **Entwicklung** sein und die Anforderungen von unseren Kunden, Partnern und dem Markt in unsere **Lösungen** einfließen lassen?
**Dann schicke uns Deine Bewerbung und komm in unser Team!**
Mittlere Reife / Realschulabschluss",2026-06-11T08:12:16.450887+00:00
NRW-4215-7770,ausbildung_nrw_ae,LEONEX Internet GmbH part of MAI Group,Paderborn,Technologiepark 6 33100 Paderborn,"Ausbildung | Fachinformatiker/in - Anwendungsentwicklung (2026, 2027)",ae,,,,80,company,jobs@leonex.de,https://www.leonex.de/agentur/ausbildung-studium/,email,"Kontakt
052514142500
jobs@leonex.de
https://www.leonex.de
Technologiepark 6
33100 Paderborn
Fenja Harder
HR Managerin / People & Culture
052514142500
fenja.harder@mai-group.com
Social Media
Standort
+
–
⤢
info@ausbildung.nrw
Kontakt
Datenschutz
Impressum
Ausbildung.NRW ist ein Kooperationsprojekt der Industrie- und Handelskammern in Nordrhein-Westfalen.
umgesetzt von der www.spieker.agency",,"LEONEX Internet GmbH part of MAI Group | Ausbildung | Fachinformatiker/in - Anwendungsentwicklung (2026, 2027) | Paderborn",tidak,belum,tinggi,"Fachinformatiker/in - Anwendungsentwicklung (2026, 2027)

Fachinformatiker/in - Anwendungsentwicklung in Paderborn (2026, 2027)
Mehr Informationen
Fachinformatiker/in - Systemintegration in Paderborn (2026)
Mehr Informationen
Mediengestalter/in Digital und Print - Digitalmedien in Paderborn (2027)
Kaufmann/frau – Marketingkommunikation in Paderborn (2027)
Angebote
Berufsfelderkundungstag
Duale Ausbildung

Schon gewusst?
In unserer Talentschmiede erwarten dich spezielle Formate und Projekte für unsere Azubis. Zudem kannst du dich freuen auf: - Ein großartiges Team - Freie Gerätewahl: Mac, Windows oder Linux – unsere Hardware darfst du auch privat nutzen - Flexible Arbeitszeiten und 100% Mobiles Arbeiten - Interne & Externe Weiterbildungsmöglichkeiten - Arbeiten an den anderen MAI Standorten & Workation - Deutschlandticket, Jobrad oder Tankgutscheine - Arbeitgeberzuschuss von 20% zu deiner betrieblichen Altersvorsorge - Corporate Benefit Plattform & edenred - Kleine und große Teamevents – feiern können wir! - Buddy-Programm für Neustarter:innen - Dartscheibe im Sozialbereich & Kickertisch auf der Dachterasse - Teams, die Themen wie Diversität, Inklusion & Mental Health behandeln - Snacks & Drinks: kühle Limos, Bier, frischer Kaffee, Obst oder Gemüse – für jede:n ist ‘was dabei - Essenszuschuss in der Kantine - Heiligabend und Silvester sind für alle frei
Mehr Informationen

So kannst du dich bewerben
Bitte lade deine Bewerbung einfach über unsere Karriereseite hoch. Wir freuen uns drauf!",,2026-06-12T09:56:49.259931+00:00
NRW-3569-6775,ausbildung_nrw_ae,spectrum8 GmbH,Paderborn,"Oberes Feld, 6 33106 Paderborn",Ausbildung | Fachinformatiker/in - Anwendungsentwicklung,ae,,,,80,company,m.kuhlpeter@spectrum8.de,https://null/,email,"Kontakt
01711000996
m.kuhlpeter@spectrum8.de
https://spectrum8.de/
Oberes Feld, 6
33106 Paderborn
Monique Kuhlpeter
Assistenz Schwerpunkt HR
01711000996
m.kuhlpeter@spectrum8.de
Social Media
Standort
+
–
⤢
info@ausbildung.nrw
Kontakt
Datenschutz
Impressum
Ausbildung.NRW ist ein Kooperationsprojekt der Industrie- und Handelskammern in Nordrhein-Westfalen.
umgesetzt von der www.spieker.agency",,spectrum8 GmbH | Ausbildung | Fachinformatiker/in - Anwendungsentwicklung | Paderborn,tidak,belum,tinggi,"Fachinformatiker/in - Anwendungsentwicklung

Fachinformatiker/in - Anwendungsentwicklung in Paderborn
Angebote
Duale Ausbildung

So kannst du dich bewerben
Interessiert? - Dann streng dich an, denn wir nehmen nicht jeden! Wir sind der Meinung das man in diesem Beruf nur erfolgreich sein kann, wenn ausreichend Eigeninteresse vorhanden ist und der zukünftige Beruf, bereits jetzt schon dein Hobby ist. Und genau das wollen wir von dir sehen! Gib uns etwas, was uns beweist, dass du nicht komplett grün hinter den Ohren bist. Dein Lebenslauf mit HTML/CSS oder eine kleine Seite, die dich vorstellt? Zeig uns einfach das du Lust hast und motiviert bist bei uns deine Ausbildung zu machen. Bitte sende deine Bewerbung mit der Referenz per E-Mail an m.kuhlpeter@spectrum8.de Falls Du noch weitere Fragen hast, so erreichst Du uns per Mail oder telefonisch unter Tel.: 0171/1000996 Nicht ganz passend? Dann schau auf unserer Homepage vorbei, wir suchen noch in weiteren Bereichen! https://jobs.spectrum8.de.
Mehr Informationen",,2026-06-12T09:59:00.597923+00:00
NRW-3632-6873,ausbildung_nrw_ae,Swoppen Systems Gmbh,Paderborn,Marienloher Str. 41a 33104 Paderborn,Ausbildung | Fachinformatiker/in - Anwendungsentwicklung,ae,,,,80,company,info@swoppen.com,https://null/,email,"Kontakt
05254 9340340
info@swoppen.com
https://www.swoppen.com
Marienloher Str. 41a
33104 Paderborn
J
Jürgen Spahn
Geschäftsführer
05254 9340340
info@swoppen.com
W
Wladislaw Martel
Personal
Social Media
Standort
+
–
⤢
info@ausbildung.nrw
Kontakt
Datenschutz
Impressum
Ausbildung.NRW ist ein Kooperationsprojekt der Industrie- und Handelskammern in Nordrhein-Westfalen.
umgesetzt von der www.spieker.agency",,Swoppen Systems Gmbh | Ausbildung | Fachinformatiker/in - Anwendungsentwicklung | Paderborn,tidak,belum,tinggi,"Fachinformatiker/in - Anwendungsentwicklung

Fachinformatiker/in - Anwendungsentwicklung in Paderborn
Angebote
Berufsfelderkundungstag
Sonstiges
Praktikum
Duale Ausbildung

Wir bieten offene Ausbildungsstellen im Bereich Fachinformatiker/in - Fachrichtung Anwendungsentwicklung und Kaufmann/-frau - Büromanagement an. Weitere Informationen zu den Stellen und dem Bewerbungsverlauf lassen sich auf unserer Website unter: https://www.swoppen.com/de/unternehmen/karriere/ finden. Gerne kannst Du Dich bei uns telefonisch unter 05254 9340340 melden, sofern offene Fragen bestehen. Wir freuen uns auf Dich!
Mehr Informationen

So kannst du dich bewerben",,2026-06-12T09:59:12.052895+00:00
10000-1203838317-S,fachinformatiker_ae_2026,TK-World AG,Paderborn,"Oberes Feld 6, 33106 Paderborn",Ausbildung | Fachinformatiker/in - Anwendungsentwicklung,ae,2026,8,,80,ba_portal,karriere@tk-world.de,https://www.arbeitsagentur.de/jobsuche/jobdetail/10000-1203838317-S,email,,https://www.arbeitsagentur.de/jobsuche/jobdetail/10000-1203838317-S,TK-World AG | Ausbildung | Fachinformatiker/in - Anwendungsentwicklung | Paderborn,tidak,belum,tinggi,"Wir sind als Dienstleister für Unternehmen primär in der Telekommunikationsbranche tätig. Wir entwickeln und betreiben individuelle Onlineshops auf Basis unseres selbst entwickelten Shopsystems für Provider und Kooperationspartner, wie z. B. der Deutschen Telekom oder Vodafone. Unsere Lösungen erstrecken sich vom Frontend bis zum Backend - teilweise mit direkten Verfügbarkeits- und Auftragsschnittstellen an die Systeme der Provider und Kooperationspartner.
Ab 01.08.2026 bieten wir Dir die Möglichkeit, Teil unseres Teams zu werden und speziell unsere IT-Abteilung tatkräftig zu unterstützen. Du wirst von Anfang an aktiv in die Planung und Entwicklung von Anwendungen mit einbezogen und betreust im Verlauf der Ausbildung selbständig eigene Projekte – damit Du anschließend nahtlos in ein Beschäftigungsverhältnis bei uns übernommen werden kannst.

Deine Ausbildung:

In Deiner dreijährigen Ausbildung wirst Du schnell ein Teil unseres Entwicklungsteams und erwirbst alle relevanten Kompetenzen des Fachbereichs:
• Du wirkst an der Planung & Entwicklung von Anwendungen mit Fokus auf Webtechnologien mit (XHTML, CSS, JavaScript, PHP, Datenbanken).
• Im Verlauf Deiner Ausbildung kommen diverse Frameworks wie Laravel, Zend Framework, Vue.js  und jQuery zum Einsatz.
• Fachliche Betreuung und Verwaltung bestehender Anwendungen sowie Test und Dokumentation von Softwarelösungen werden ebenfalls Teil Deines Aufgabenfeldes.

Dein Profil: Neben einem ausgeprägten Interesse und Spaß an der Onlinewelt solltest Du für diese anspruchsvolle und abwechslungsreiche Ausbildung darüber hinaus Folgendes mitbringen:
• Fachhochschulreife oder allgemeine Hochschulreife. Allerdings sind bei uns aber auch technikaffine Quereinsteiger oder Studierende ohne absolvierten Abschluss, die sich doch nochmal umorientieren möchten, gerne gesehen.
• Du kennst dich im World Wide Web aus und hast ein ausgeprägtes Interesse an den technischen Hintergründen
• Grundlegendes, technisches Verständnis sowie analytisches und logisches Denken
• Bereitschaft im Team, aber auch selbstständig zu arbeiten
• Zielstrebigkeit und Ergebnisorientierung

Was wir bieten:  Du möchtest Teil des TK-World Teams werden und eine zukunftsorientierte Ausbildung zum Fachinformatiker bei uns absolvieren? Dann wirst Du bei uns auf engagierte Mitarbeiter und flache Hierarchien treffen. Du arbeitest bei uns in einem innovativen und professionellen Umfeld mit einem angenehmen Arbeitsklima.

Ausbilden werden wir Dich in Zusammenarbeit mit dem ATIW Berufskollege in Paderborn, einer privaten Berufsschule, für die wir die Kosten vollständig übernehmen.

Bitte sende Deine aussagekräftige Bewerbung per E-Mail an karriere@tk-world.de.
Falls Du noch weitere Fragen hast, so erreichst Du uns gerne per E-Mail.","Dein Profil: Neben einem ausgeprägten Interesse und Spaß an der Onlinewelt solltest Du für diese anspruchsvolle und abwechslungsreiche Ausbildung darüber hinaus Folgendes mitbringen:
• Fachhochschulreife oder allgemeine Hochschulreife. Allerdings sind bei uns aber auch technikaffine Quereinsteiger oder Studierende ohne absolvierten Abschluss, die sich doch nochmal umorientieren möchten, gerne gesehen.
• Du kennst dich im World Wide Web aus und hast ein ausgeprägtes Interesse an den technischen Hintergründen
• Grundlegendes, technisches Verständnis sowie analytisches und logisches Denken
• Bereitschaft im Team, aber auch selbstständig zu arbeiten
• Zielstrebigkeit und Ergebnisorientierung",2026-06-11T08:13:09.031085+00:00
NRW-4473-8289,ausbildung_nrw_ae,Cargoboard GmbH & Co. KG,Paderborn,Technologiepark 22 33100 Paderborn,Ausbildung | Fachinformatiker/in - Anwendungsentwicklung,ae,,,,73,company,career@cargoboard.com,https://cargoboard.jobs.personio.de/job/1748362?_pc=2516367#apply,email,"Kontakt
+49 5251 5329156
career@cargoboard.com
https://www.cargoboard.com/de/unternehmen/karriere
Technologiepark 22
33100 Paderborn
J
Johanna Beste
Recruiting und Employer Branding Manager
+49 5251 5329156
career@cargoboard.com
Social Media
Standort
+
–
⤢
info@ausbildung.nrw
Kontakt
Datenschutz
Impressum
Ausbildung.NRW ist ein Kooperationsprojekt der Industrie- und Handelskammern in Nordrhein-Westfalen.
umgesetzt von der www.spieker.agency",,Cargoboard GmbH & Co. KG | Ausbildung | Fachinformatiker/in - Anwendungsentwicklung | Paderborn,tidak,belum,tinggi,"Fachinformatiker/in - Anwendungsentwicklung

Fachinformatiker/in - Anwendungsentwicklung in Paderborn
Mehr Informationen
Kaufmann/frau – Spedition und Logistikdienstleistung in Paderborn
Mehr Informationen

So kannst du dich bewerben
Wir legen Wert auf digitale und schnelle Prozesse und präferieren aus diesem Grund die Bewerbung über unsere Karriereseite (https://cargoboard.jobs.personio.de/). Wir bitten um Verständnis, dass postalische Bewerbungen nicht zurück geschickt werden können.",,2026-06-12T09:54:21.763533+00:00
10001-1003197821-S,fachinformatiker_ae_2026,Mettenmeier GmbH,Paderborn,"Klingenderstraße 10 - 14, 33100 Paderborn",Ausbildung | Fachinformatiker/in - Anwendungsentwicklung,ae,2026,,Jahr 1: 1100 EUR/Monat | Jahr 2: 1200 EUR/Monat | Jahr 3: 1300 EUR/Monat,73,ba_portal,,https://www.arbeitsagentur.de/jobsuche/jobdetail/10001-1003197821-S,ba_portal,,https://www.arbeitsagentur.de/jobsuche/jobdetail/10001-1003197821-S,Mettenmeier GmbH | Ausbildung | Fachinformatiker/in - Anwendungsentwicklung | Paderborn,ya,belum,rendah,"Du willst nicht einfach irgendeine Ausbildung, sondern eine, die wirklich zu Dir passt - mit Perspektive, Technik und Zukunft? Dann bist Du bei uns genau richtig!
Egal, ob Du gerade studierst und eine neue Orientierung suchst oder kurz vor dem Abitur bzw. der Fachhochschulreife stehst – wir suchen **DICH**!

**Ausbildungsstart: 1. August 2026**
**Ausbildungsplatz: Fachinformatiker*in Anwendungsentwicklung (m/w/d)**

Der schulische Teil der Ausbildung findet an der privaten IT-Berufsschule ""bib International College"" statt. Die Gebühren im Höhe von 7.200,00 € werden von uns übernommen.

**Klingt gut? Dann warte nicht länger - starte Deine Zukunft mit uns!**

**Darum geht’s:**

- Du arbeitest bei der Entwicklung von Softwareprodukten mit
- Du bringst Dich in klassische und agile Softwareprojekten für unsere Kunden ein
- Du übernimmst die Pflege und den Support unserer selbst entwickelten Anwendungen

**Das bringst Du mit:**

- Du hast Abitur oder Fachhochschulreife mit guten Noten in Mathematik, Deutsch und Englisch
- Du verfügst über gute Informatikkenntnisse
- Du arbeitest eigenverantwortlich und sorgfältig
- Du zeigst überdurchschnittliche Einsatzbereitschaft und bist neugierig
- Du bist teamfähig und hast Freude an der Arbeit
- Ein Führerschein ist von Vorteil

Du willst Teil unseres Teams werden und hast Interesse an einer Ausbildung bei Mettenmeier?
Dann freuen wir uns über Deine Online-Bewerbung unter https://www.mettenmeier.de/karriere/.","- Du bringst Dich in klassische und agile Softwareprojekten für unsere Kunden ein
- Du übernimmst die Pflege und den Support unserer selbst entwickelten Anwendungen",2026-06-11T08:13:49.395243+00:00
10000-1204375129-S,fachinformatiker_ae_2026,TEAM GmbH,Paderborn,Paderborn,Ausbildung | Fachinformatiker/in - Anwendungsentwicklung,ae,2026,8,,73,ba_portal,bewerbung@team-pb.de,https://www.arbeitsagentur.de/jobsuche/jobdetail/10000-1204375129-S,email,,https://www.arbeitsagentur.de/jobsuche/jobdetail/10000-1204375129-S,TEAM GmbH | Ausbildung | Fachinformatiker/in - Anwendungsentwicklung | Paderborn,tidak,belum,tinggi,"Ausbildung Fachinformatiker\*in Anwendungsentwicklung | Jobs bei TEAM GmbH

Ausbildung Fachinformatiker\*in Anwendungsentwicklung

Ausbildung/Trainee,
 Vollzeit
 · Paderborn

Das erwartet dich bei uns
Ausbildungsstart: 01.08.2026
Dein Lieblingsplatz ist der Computer?  Du liebst Bits und Bytes und bei „Python“ denkst du nicht an eine Riesenschlange?  Begriffe wie „Cloud“, „künstliche Intelligenz"" und „Automatisierung“ lassen dein Herz höherschlagen?  Du suchst nach einer spannenden und abwechslungsreichen Ausbildung, mit der dir nach deinem erfolgreichen Abschluss viele Türen offenstehen?  Dann ist die Ausbildung Fachinformatiker\*in Anwendungsentwicklung bei TEAM genau das Richtige für dich. 

Dein Arbeitsalltag
Aber was machst du als Fachinformatiker\*in Anwendungsentwicklung eigentlich? 
Du bist immer den neuesten technologischen Trends auf der Spur und hast schon heute die Technik von morgen im Blick.  Damit sich keine Bugs einschleichen, prüfst du die von dir mitentwickelten Programme und Anwendungen auf Herz und Nieren, bevor diese beim Kunden eingesetzt werden.  Außerdem schulst du Benutzer zur Bedienung der Anwendungen. 
Du fragst dich sicher: Wie läuft deine Ausbildung denn genau ab? 
Während deiner Ausbildung wechseln sich praktische Erfahrungen im Unternehmen mit wöchentlichem Berufsschulunterricht ab.  Hier lernst du alle Themen der IT kennen und gestaltest gemeinsam mit deinen Kollegen\*innen spannende Projekte. 
Wir möchten dir den richtigen Start ins Berufsleben ermöglichen und dich zu einem unserer Experten ausbilden.  Dabei unterstützen wir dich in deiner Ausbildung und geben dir Freiraum zu wachsen und Verantwortung zu übernehmen. 

Das zeichnet dich aus
• Gute schulische Leistungen (mindestens Realschulabschluss, idealerweise Fachabitur oder Abitur)
• Gute Noten in Mathematik, Informatik und Deutsch
• Hohe Affinität zu Computern/Software
• Offene Persönlichkeit
• Hohe Lern- und Servicebereitschaft
• Große Freude an eigenverantwortlicher Arbeit

Deine Benefits bei TEAM
• Individuelle Betreuung durch erfahrene Mentoren an deiner Seite
• Austausch mit anderen TEAM-Azubis
• Offene und teamorientierte Arbeitsatmosphäre – bei uns sind alle per „du“
• Entspannte Arbeitsatmosphäre (mit Dachterrassen, Mitarbeitercafé, Grillen im Sommer und weiteren TEAM-Aktionen)
• Prämien für gute Leistungen
• Hervorragende Zukunftsaussichten mit tollen Übernahmechancen


Über 100 Kolleg\*innen warten schon darauf, dich bei TEAM zu begrüßen und kennenzulernen! 
Mach dir doch selbst ein Bild mit unserem Azubi-Vlog ;-)

Über uns
Erfahre
mehr über TEAM! 

Wir freuen uns auf dich! 
Wir freuen uns über dein Interesse an der TEAM GmbH. Bitte fülle das folgende kurze Formular aus.  Solltest du Schwierigkeiten mit dem Upload deiner Daten haben, wende dich gerne per Email an bewerbung@team-pb.de.",Mittlere Reife / Realschulabschluss,2026-06-11T08:13:24.218894+00:00
INDEED-c6b1500e3e7866ce,indeed_de_ae,Unity AG,Paderborn,Paderborn NW,Ausbildung | Fachinformatiker Anwendungsentwicklung (zum 01.08.2026),ae,2026,8,12.600 € – 15.000 € pro Jahr - Berufsausbildung,73,empty,,https://www.hiringlab.org/de/,portal,"Azubi-Statement & dein persönlicher Kontakt
„Ich fühle mich bei UNITY von allen Seiten gut unterstützt – egal ob fachlich oder menschlich. Besonders dankbar bin ich dafür, dass ich meine Ausbildung in Teilzeit machen kann – denn mit vier Kindern wäre ein klassisches Vollzeitmodell nicht machbar gewesen. Auch auf individuelle Herausforderungen wird flexibel eingegangen. Und wenn ich ein neues Thema bekomme, bekomme ich genug Zeit, um mich wirklich in Ruhe einzuarbeiten.“ - Olga, Auszubildende Fachinformatikerin
Bei Rückfragen freut sich Markus (Candidate Experience Management) über deine Mail.
Zurück zur Karrierewebsite: https://www.unity-consulting.com/de/karriere
Zurück zur Ausbildungswebsite: https://www.unity-consulting.com/de/karriere/einstiegsmoeglichkeiten/schueler-und-auszubildende/
Markus Stephan
+49 221 789587-728",,Unity AG | Ausbildung | Fachinformatiker Anwendungsentwicklung (zum 01.08.2026) | Paderborn,tidak,belum,sedang,"Fachinformatiker Anwendungsentwicklung (Ausbildung zum 01.08.2026)

Fachliche Selbstverwirklichung: Arbeite aktiv in Projekten mit und übernimm eigenverantwortlich Aufgaben, die zu deinen Stärken passen.
Regelmäßige Azubi-Events z.B. Azubi-Segeltörn, Sportevents oder den gemeinsamen Libori Besuch.
UNITYacademy & Messebesuche: Lerne neben den Ausbildungsthemen auch weitere Inhalte in unserer internen Academy oder auf Messebesuchen wie bspw. IT SA.
Einzigartige Unternehmenskultur: Du bist Teil unseres ""UNITY-Spirit"" und bringst deine authentische Art mit ein.
Über uns
UNITY ist die Managementberatung für Innovation und digitale Transformation. Dabei setzen wir insbesondere auf Künstliche Intelligenz als Schlüsseltechnologie für Effizienz und Wachstum. Mit 380 Mitarbeitern sind wir weltweit an 15 Standorten vertreten und führen rund um den Globus Kundenprojekte durch.
UNITY lebt Vielfalt und Chancengleichheit. Bei uns ist jeder unabhängig von Herkunft, Geschlecht, sexueller Orientierung, Handicap, Religion und Alter willkommen.
​​​

Das bringst du mit
Technikbegeisterung: Du brennst für IT und Technologie, und neue Entwicklungen wecken deine Neugier und dazu hohe Affinität zu Computern/Software.

Wir bieten dir
Arbeiten mit modernen Technologie-Stacks: Moderne Cloud-Plattformen, aktuellste Technologien im Bereich Clientsecurity und viele mehr.
Patenprogramm: Betreuung während deiner Ausbildung mit regelmäßigen wertschätzenden Feedbackmöglichkeiten.","Das bringst du mit
Technikbegeisterung: Du brennst für IT und Technologie, und neue Entwicklungen wecken deine Neugier und dazu hohe Affinität zu Computern/Software.",2026-06-13T11:43:03.891857+00:00
10000-1203825351-S,fachinformatiker_ae,,Paderborn,33100 Paderborn,Ausbildung | Fachinformatiker/in - Anwendungsentwicklung,ae,,,,67,ba_portal,,https://www.arbeitsagentur.de/jobsuche/jobdetail/10000-1203825351-S,ba_portal,,https://www.arbeitsagentur.de/jobsuche/jobdetail/10000-1203825351-S,Ausbildung | Fachinformatiker/in - Anwendungsentwicklung | Paderborn,ya,belum,rendah,"Wir suchen eine/n Auszubildende/n zum/r Fachinformatiker/in - Anwendungsentwicklung (m/w/d)

Schwerpunkte der betrieblichen Ausbildung bei QUADRATIS:

- Erstellung und Umsetzung von Anwendungslösungen in unterschiedlichen Programmiersprachen unter Beachtung fachlicher und wirtschaftlicher Aspekte
- Unterstützung bei der Planung, Einführung und Anpassung von IT-Projekten
- Erstellung von Anforderungsprofilen und Pflichtenheften
- Beratung und Support von Usern 
- Erstellung und Umsetzung von ausschließlich Hauseigenen-Softwarelösungen unter anderem auch für spezielle Drohnenanwendungen

Start zu sofort oder später möglich.
Ja, richtig, wir würden nach Absprache im Einzelfall und bei Vorliegen der entsprechenden Voraussetzungen (zum Beispiel Studienabbruch oder Abitur mit IT-Schwerpunkt) auch noch im laufenden Ausbildungsjahr einstellen. 

Voraussetzungen (zwingend notwendig):

- Erste Programmierkenntnisse sind erforderlich in .net basierten Programmiersprachen (c#, vb.net, asp.net)
und/oder mySQL Datenbankprogrammierung (z.B. im Rahmen einer schulischen ITA-Ausbildung oder hobbymäßig erworben)

Ihr Profil:

- Natürlich beeindrucken uns sehr gute Noten in den MINT-Fächern, sie sind aber nicht alles, was zählt. Eine gute Fachoberschulreife sollten Sie aber aufgrund der Komplexität des Ausbildungsberufs schon mitbringen. 
- Sie haben großes Interesse (!) & solides Grundwissen bzgl. Informationssystemen und Softwarelösungen?
- Team- und Kommunikationsfähigkeit gehören nicht zu Ihren Schwächen?

nice to have (kein Muss):

- Affinität zum Modellfliegen wäre schön, aber ist keine Bedingung
- Kenntnisse im Projektmanagement wären ein Sahnehäubchen
- Fahrerlaubnis Kl. B (ist immer hilfreich, aber keine Voraussetzung)

----------------------

Praktikum:
Bei Interesse ist ein ""Schnupperpraktikum"" durchaus üblich, um sich gegenseitig etwas näher kennenzulernen, da uns sehr wichtig ist, dass neue Mitarbeiter ins Team passen und sich bei uns wohlfühlen werden. Bei potenziellen Azubis prüfen wir im Rahmen des Praktikums deren Eignung für das Erlernen dieses anspruchsvollen Berufs und grundsätzliches Interesse an einer langfristigen Zusammenarbeit.

----------------------

Sie finden sich in der Beschreibung wieder?
Sie wissen, wie man sich angemessen bewirbt und vorstellt? *)
Sie beginnen Ihr Anschreiben nicht mit ""Sehr geehrte Damen und Herren, mit großem Interesse habe ich Ihr Stellenangebot gelesen und bewerbe mich um den Ausbildungsplatz...""? (servieren Sie uns einfach auf dem ""Silbertablett"", wieso sie gut zu uns passen)

Dann zögern Sie nicht! Wir freuen uns schon auf Ihre Bewerbung per E-Mail im PDF-Format!","- Erstellung von Anforderungsprofilen und Pflichtenheften
- Beratung und Support von Usern
- Erstellung und Umsetzung von ausschließlich Hauseigenen-Softwarelösungen unter anderem auch für spezielle Drohnenanwendungen
Mittlere Reife / Realschulabschluss",2026-06-11T09:13:58.046125+00:00
AUBI-332388,aubi_plus_fi,Hartmann International GmbH & Co. KG,Paderborn,33106 Paderborn,Ausbildung als Fachinformatiker/-in Anwendungs­entwicklung (m/w/d),ae,,,,60,empty,personal@hartmann-international.de,https://www.aubi-plus.de/bewerbung/,email,"Kontakt
Personalwesen
+49 5251 7207-322
E-Mail anzeigen
Bewerbungsunterlagen
Anschreiben
Lebenslauf
die letzten 2 Schulzeugnisse
Praktikumsnachweise
Tipp: Beziehe Dich in Deiner Bewerbung auf AUBI-plus
Mit bewerbung2go kannst du deine Bewerbungsunterlagen erstellen.
Bildungspartner
Richard-von-Weizsäcker-Berufskolleg
33102 Paderborn
Deine AUBI-plus Jobmail
Lass deinen Bot für dich suchen! Lege deine Suchkriterien fest und lehn dich zurück. Du bekommst aktuelle Stellen für deinen Traumberuf direkt per Mail zugeschickt.
SUCHBOT ERSTELLEN
Ähnliche Suchanfragen:
AUSBILDUNG PADERBORN
AUSBILDUNG IN NORDRHEIN-WESTFALEN
AUSBILDUNG 2026
AUSBILDUNG ALS FACHINFORMATIKER FACHRICHTUNG ANWENDUNGSENTWICKLUNG (M/W/D) IN PADERBORN
6 weitere Stellen im Unternehmen
Ausbildung als Kaufmann/-frau für Spedition und Logistikdienstleistung (m/w/d)
Hartmann International GmbH & Co. KG
33106 Paderborn
01.08.2026
Ausbildung als Fachkraft für Möbel,- Küchen- und Umzugsservice (m/w/d)
Hartmann International GmbH & Co. KG
33106 Paderborn
01.08.2026
Ausbildung als Fachkraft für Lagerlogistik (m/w/d)
Hartmann International GmbH & Co. KG
33106 Paderborn
01.08.2026
WEITERE STELLEN LADEN
AUBI-plus
Über uns
Karriere
Partner
FAQ
News & Events
Presse
Blog
Messen & Aktionstage
DEUTSCHES AUSBILDUNGSFORUM
Produkte & Dienstleistungen
Für Ausbildungsbetriebe
Für Hochschulen
Für Schulen
Für Eltern
Besuch uns auch auf:
Region ändern:
AUBI-plus Österreich (deutsch)
AUBI-plus Schweiz (deutsch)
AUBI-plus Italien (deutsch)
AUBI-plus
Impressum
AGB
Datenschutz
Bildrechte
Kontakt",,Hartmann International GmbH & Co. KG | Ausbildung als Fachinformatiker/-in Anwendungs­entwicklung (m/w/d) | Paderborn,tidak,belum,tinggi,"Ausbildung als Fachinformatiker/-in Anwendungs­entwicklung (m/w/d)

Während und nach der Ausbildung unterstützen wir unsere Mitarbeiter zudem bei Fort- und Weiterbildungen. Durch ein zuverlässiges Vergütungssystem können unsere Auszubildenden die Aufgaben in Schule und Unternehmen sorgenfrei und in finanzieller Sicherheit angehen.
Starte jetzt deine Karriere bei uns und bewirb dich für eine Ausbildung als
Fachinformatiker/-in Anwendungs­entwicklung (m/w/d)
Tätigkeit: Fachinformatiker/innen der Fachrichtung Anwendungsentwicklung entwerfen und realisieren Softwareprojekte nach Kundenwunsch. Hierfür analysieren und planen sie IT-Systeme. Daneben schulen sie Benutzer.
Voraussetzung: Abitur, ggf. Vorbildung aus IT-Schule
Ausbildungsdauer: 3 Jahre
Berufsschule: Richard-von-Weizsäcker-Berufskolleg Paderborn
Perspektive: Studium (z.B. Informatik), diverse Weiterbildungen (z.B. zum/zur Softwareentwickler/-in)
Wir freuen uns auf deine Bewerbung
Stellendetails
Beruf:
Fachinformatiker / Fachinformatikerin Fachrichtung Anwendungsentwicklung
Bewerbungsfrist:
Offen
Mindestabschluss:
Allgemeine Hochschulreife (Abitur)
ggf. Vorbildung aus IT-Schule
Freie Ausbildungsplätze:
Freie Plätze vorhanden
Dauer:
3 Jahre
Referenz-Nr:
AUBI-332388
(Bitte in der Bewerbung angeben)
Kopieren
Dein persönlicher Matching-Score
Du willst wissen, wie gut diese Stelle zu dir passt? Dann registriere dich und mach das Matching. Mehr erfahren",,2026-06-13T14:49:09.745232+00:00
INDEED-05db74596e72ab3d,indeed_de_ae,ITS Gruppe,Paderborn,Paderborn NW,Ausbildung | Fachinformatiker*in Anwendungsentwicklung (m/w/d) ab 1. August 2026,ae,,,"Vollzeit, Berufsausbildung",60,empty,,https://www.hiringlab.org/de/,portal,,,ITS Gruppe | Ausbildung | Fachinformatiker*in Anwendungsentwicklung (m/w/d) ab 1. August 2026 | Paderborn,tidak,belum,sedang,"Ausbildung Fachinformatiker*in Anwendungsentwicklung (m/w/d) ab 1. August 2026

Das bringst Du mit:
Du hast Abitur oder Fachhochschulreife mit guten Noten in Mathematik, Deutsch und Englisch
Du verfügst über gute Informatikkenntnisse
Du arbeitest eigenverantwortlich und sorgfältig
Du zeigst überdurchschnittliche Einsatzbereitschaft und bist neugierig
Du bist teamfähig und hast Freude an der Arbeit
Ein Führerschein ist von Vorteil
Werde Teil unseres Teams!
Du willst nicht einfach irgendeine Ausbildung, sondern eine, die wirklich zu Dir passt - mit Perspektive, Technik und Zukunft? Dann bist Du bei uns genau richtig!
Egal, ob Du gerade studierst und eine neue Orientierung suchst oder kurz vor dem Abitur bzw. der Fachhochschulreife stehst – wir suchen DICH !
Ausbildungssta rt: 1. August 2026
Ausbildungsplatz: Fachinformatiker*in Anwendungsentwicklung (m/w/d)
Der schulische Teil der Ausbildung findet an der privaten IT-Berufsschule ""bib International College"" statt. Die Gebühren im Höhe von 7.200,00 € werden von uns übernommen.
Klingt gut? Dann warte nicht länger - starte Deine Zukunft mit uns!
Über uns
Willkommen bei der ITS Gruppe , einem Unternehmen mit über 700 Mitarbeitenden an Bord und 20 Standorten in Deutschland und weltweit. Wir sind bekannt für unsere führende Rolle in Sachen Software und Services und sind die Wegbereiter für die Veränderungen von morgen. Unsere Kundinnen und Kunden im Bereich der Netzbetreibenden setzen schon heute auf unsere Lösungen im Bereich Geographische Informationssysteme (GIS) und Betriebsinformationssysteme (BIS).
Aber jetzt zu Dir : Bist Du bereit, Teil eines engagierten und qualifizierten Teams zu werden, das nicht nur zusammenarbeitet, sondern auch gemeinsam Großes erreichen möchte? Bei uns geht es nicht nur um Karriere, sondern auch um die Möglichkeit, Deinen eigenen Weg zu gestalten.

Wir glauben fest daran, dass Vielfalt die Grundlage für Innovation und Erfolg ist. Deshalb fördern wir ein offenes, respektvolles Arbeitsumfeld, in dem sich jede Person unabhängig von Herkunft, Geschlecht, Alter, sexueller Orientierung oder individuellen Lebenswegen entfalten kann. Unsere Unternehmenskultur zeichnet sich durch Zusammenarbeit, gegenseitige Unterstützung und einen starken Teamgeist aus. Wir bieten Dir die Flexibilität, Beruf- und Privatleben in Einklang zu bringen, und schaffen Raum für persönliche und berufliche Weiterentwicklung. Gemeinsam gestalten wir die digitale Zukunft – und dabei zählt jede Meinung.
Darum geht's:
Du arbeitest bei der Entwicklung von Softwareprodukten mit
Du bringst Dich in klassische und agile Softwareprojekten für unsere Kunden ein
Du übernimmst die Pflege und den Support unserer selbst entwickelten Anwendungen
Entdecke die fantastischen Benefits, die auf Dich warten:
Ein intensives Onboarding mit praxisnahen Schulungen, die Wissen vermitteln und Begeisterung für unsere Arbeit wecken.
Arbeite selbstbestimmt: flexible Stunden, persönliche Auszeiten und mobiles Arbeiten ermöglichen Dir Freiheit.
Über unser Employee Assistance Programm erhältst Du rund um die Uhr kostenfrei vertrauliche Unterstützung von Expert:innen für berufliche und private Themen – telefonisch, per Video oder Chat.
Gemeinsam für mehr Nachhaltigkeit: Mit unserem Jobticket fördern wir umweltfreundliche Mobilität und unterstützen Dich finanziell auf Deinem Arbeitsweg.
Bewegung, Freiheit und Nachhaltigkeit: Mit Lease-a-Bike sicherst Du Dir Dein Wunschrad zu attraktiven Konditionen – ob auf dem Weg zur Arbeit oder in Deiner Freizeit.
Weiterbildungsmöglichkeiten, damit Du immer am Puls der Zeit bist.
Eine attraktive Vergütung, die Deine Leistungen wertschätzt.
Gemeinsame Events, um nicht nur das Team zu stärken, sondern auch miteinander Spaß zu haben.
Tutorinnen und Tutoren, die Dir den Rücken stärken und mit Rat und Tat zur Seite stehen.
Zusammenarbeit in starken, dynamischen Teams mit flachen Hierarchien und einem Arbeitsumfeld auf Augenhöhe.
Von Bewegung über Gesundheit bis hin zu ergonomischen Arbeitsplätzen – wir schaffen die Basis für Wohlbefinden, guter Zusammenarbeit und nachhaltiger Leistungsfähigkeit.
Entdecke eine Welt voller Vorteile mit Corporate Benefits! Exklusive Angebote, Rabatte und besondere Extras warten auf Dich!
Kleine Gesten, die Großes bewirken - mit einer Auswahl an ausgewählten Geschenken und Prämien feiern wir Deine Meilensteine im Leben.
Ein sicherer Arbeitsplatz in einer zukunftsorientierten Branche – mit Deinen Fähigkeiten trägst Du dazu bei, die Welt der Netzbetreibenden digital am Laufen zu halten.
Weitere Informationen zu den einzelnen Unternehmen der ITS Gruppe findest Du auf den jeweiligen Unternehmenswebseiten.
Bereit, mit uns gemeinsam Großes zu erreichen? Wir freuen uns darauf, mit Dir die nächsten Erfolge zu feiern!","Das bringst Du mit:
Du hast Abitur oder Fachhochschulreife mit guten Noten in Mathematik, Deutsch und Englisch
Du verfügst über gute Informatikkenntnisse
Du arbeitest eigenverantwortlich und sorgfältig
Du zeigst überdurchschnittliche Einsatzbereitschaft und bist neugierig
Du bist teamfähig und hast Freude an der Arbeit
Ein Führerschein ist von Vorteil
Werde Teil unseres Teams!
Du willst nicht einfach irgendeine Ausbildung, sondern eine, die wirklich zu Dir passt - mit Perspektive, Technik und Zukunft? Dann bist Du bei uns genau richtig!
Egal, ob Du gerade studierst und eine neue Orientierung suchst oder kurz vor dem Abitur bzw. der Fachhochschulreife stehst – wir suchen DICH !
Ausbildungssta rt: 1. August 2026
Ausbildungsplatz: Fachinformatiker*in Anwendungsentwicklung (m/w/d)
Der schulische Teil der Ausbildung findet an der privaten IT-Berufsschule ""bib International College"" statt. Die Gebühren im Höhe von 7.200,00 € werden von uns übernommen.
Klingt gut? Dann warte nicht länger - starte Deine Zukunft mit uns!
Über uns
Willkommen bei der ITS Gruppe , einem Unternehmen mit über 700 Mitarbeitenden an Bord und 20 Standorten in Deutschland und weltweit. Wir sind bekannt für unsere führende Rolle in Sachen Software und Services und sind die Wegbereiter für die Veränderungen von morgen. Unsere Kundinnen und Kunden im Bereich der Netzbetreibenden setzen schon heute auf unsere Lösungen im Bereich Geographische Informationssysteme (GIS) und Betriebsinformationssysteme (BIS).
Aber jetzt zu Dir : Bist Du bereit, Teil eines engagierten und qualifizierten Teams zu werden, das nicht nur zusammenarbeitet, sondern auch gemeinsam Großes erreichen möchte? Bei uns geht es nicht nur um Karriere, sondern auch um die Möglichkeit, Deinen eigenen Weg zu gestalten.",2026-06-13T11:43:11.281141+00:00
AUBI-242292,aubi_plus_fi,Net at Work GmbH,Paderborn,33104 Paderborn,Ausbildung - Fachinformatiker für Anwendungsentwicklung *,ae,,,,60,empty,,https://www.aubi-plus.de/bewerbung/,portal,"Ansprechpartner: Svenja Franßen
sowie unsere Ausbildungsleiterin Daniela Henkenötter, freuen sich auf Deine Bewerbung.
Über uns
Unsere Unternehmenskultur ist geprägt von einem freundlichen und hilfsbereiten Miteinander mit flachen Hierarchien. Das bedeutet: Wir schätzen jedes Teammitglied, unabhängig von Alter, Geschlecht und Position. In der täglichen Zusammenarbeit ist deshalb die Anrede „Du“ für uns selbstverständlich, vom Praktikanten bis zum Geschäftsführer. Und damit sich unsere Bewerber von Beginn an genauso geschätzt und zugehörig fühlen, Duzen wir bereits im Bewerbungsprozess.
Wir unterstützen Dich von Beginn an. Dazu stellen wir Dir während Deiner Einarbeitungsphase erfahrene Mentoren zur Seite, die jederzeit ein offenes Ohr für Deine Fragen haben. Bei Net at Work geben wir Dir Raum, um eigenverantwortlich Ideen einzubringen und umzusetzen, ganz nach unserem Motto „Machen, Messen, Lernen“. Vertrauensarbeitsort (bis zu 100% Remote-Work möglich) und Vertrauensarbeitszeit sind weitere Vorteile Deines neuen Arbeitsplatzes.
* (m/w/d) – Geschlecht, Hautfarbe, alles egal. Hauptsache Du passt zu uns und brennst für Deine Arbeit.
Stellendetails
Beruf:
Fachinformatiker / Fachinformatikerin Fachrichtung Anwendungsentwicklung
Bewerbungsfrist:
Offen
Mindestabschluss:
Allgemeine Hochschulreife (Abitur)
Freie Ausbildungsplätze:
2
Auch geeignet für:
Studienabbrecher*innen
Dauer:
3 Jahre
Referenz-Nr:
AUBI-242292
(Bitte in der Bewerbung angeben)
Kopieren
Dein persönlicher Matching-Score
Du willst wissen, wie gut diese Stelle zu dir passt? Dann registriere dich und mach das Matching. Mehr erfahren
Kontakt
Frau Daniela Henkenötter
Human Resources/Ausbildung
+49 5251 304616
Frau Svenja Franßen
Human Resources/Recruiting
+49 5251 304840
Bewerbungsunterlagen
vollständige Bewerbungsunterlagen
Anschreiben
Lebenslauf
die letzten 2 Schulzeugnisse
sonstige Qualifikationsnachweise
Tipp: Beziehe dich in deiner Bewerbung auf AUBI-plus!
Mit bewerbung2go kannst du deine Bewerbungsunterlagen erstellen.
Deine AUBI-plus Jobmail
Lass deinen Bot für dich suchen! Lege deine Suchkriterien fest und lehn dich zurück. Du bekommst aktuelle Stellen für deinen Traumberuf direkt per Mail zugeschickt.
SUCHBOT ERSTELLEN
Ähnliche Suchanfragen:
AUSBILDUNG PADERBORN
AUSBILDUNG IN NORDRHEIN-WESTFALEN
AUSBILDUNG 2026
AUSBILDUNG ALS FACHINFORMATIKER FACHRICHTUNG ANWENDUNGSENTWICKLUNG (M/W/D) IN PADERBORN
4 weitere Stellen im Unternehmen
Duales Studium - Wirtschaftsinformatik (B.Sc.) *
Net at Work GmbH
33104 Paderborn
01.09.2026
Ausbildung zum Fachinformatiker für Systemintegration *
Net at Work GmbH
33104 Paderborn
01.09.2026
Duales Studium - Angewandte Informatik (B.Sc.) *
Net at Work GmbH
33104 Paderborn
01.09.2026
WEITERE STELLEN LADEN
AUBI-plus
Über uns
Karriere
Partner
FAQ
News & Events
Presse
Blog
Messen & Aktionstage
DEUTSCHES AUSBILDUNGSFORUM
Produkte & Dienstleistungen
Für Ausbildungsbetriebe
Für Hochschulen
Für Schulen
Für Eltern
Besuch uns auch auf:
Region ändern:
AUBI-plus Österreich (deutsch)
AUBI-plus Schweiz (deutsch)
AUBI-plus Italien (deutsch)
AUBI-plus
Impressum
AGB
Datenschutz
Bildrechte
Kontakt",,Net at Work GmbH | Ausbildung - Fachinformatiker für Anwendungsentwicklung * | Paderborn,tidak,belum,sedang,"Ausbildung - Fachinformatiker für Anwendungsentwicklung *

Deine Aufgaben
Fachinformatiker Anwendungsentwicklung *
Beschäftigungsprofil:
Mitentwicklung unserer E-Mail-Sicherheitslösung
Qualitätssicherung mittels automatisierter Tests
Agiles Arbeiten nach SCRUM
Erlernen neuester Technologien und verschiedener Programmiersprachen
Schwerpunktbereiche:
Qualitätssicherung, Frontend- und Backend-Entwicklung, Data Science im Softwarehaus
Dein Profil

Voraussetzungen für Deine IT-Karriere bei uns:
Allgemeine Hochschulreife mit guten Noten in den MINT-Fächern
Analytische Fähigkeiten & Kommunikationsstärke
Begeisterung für die Themen IT, Informatik und digitale Kommunikation
Arbeit im Team (Büro und Homeoffice)
Flexible Einarbeitung in verschiedene Themenbereiche
Berührung mit der IT (Hobby/Schule/Praktikum)

Wir bieten Dir
Am Standort Paderborn bieten wir ambitionierten IT-Nachwuchskräften die Möglichkeit, eine duale Ausbildung in Kooperation mit dem ATIW Berufskolleg oder dem bib international College aufzunehmen.
Ausbildungsdauer:
3 Jahre (Verkürzung möglich)
Ausbildungsbeginn:
September
Außerdem
Deine Benefits im Einzelnen:
Stärkenorientierter Einsatz in einem unserer Schwerpunktbereiche mit engagierten Ausbildenden und Erfahrung im Mentoring
Schnellstmöglicher produktiver Einsatz
Übernahme der Berufs- bzw. Studienkosten
Gute Azubi-Gemeinschaft
Moderne Ausstattung
Gute Anbindung (Ausbildungsstätten & Büro)
Sportaktivitäten und gemeinschaftliche Events
Verschiedene Weiterbildungsmöglichkeiten
Bei uns sind Fehler eine Chance: nach dem Motto „Machen-Messen-Lernen“
Wir gehen auf Deine individuellen Fähigkeiten und Interessen ein und bieten Dir, neben hervorragendem Mentoring, viele nette Teammitglieder, die immer ein offenes Ohr haben. Einige siehst Du auf Instagram»
Nach der Ausbildung
Möglichkeit der Übernahme in eine Junior Position
Eigenständige Arbeit an Software-/Kundenprojekten
Weiterbildungs- und Spezialisierungsmöglichkeiten
Möglichkeit eines Bachelor-Studiums","Voraussetzungen für Deine IT-Karriere bei uns:
Allgemeine Hochschulreife mit guten Noten in den MINT-Fächern
Analytische Fähigkeiten & Kommunikationsstärke
Begeisterung für die Themen IT, Informatik und digitale Kommunikation
Arbeit im Team (Büro und Homeoffice)
Flexible Einarbeitung in verschiedene Themenbereiche
Berührung mit der IT (Hobby/Schule/Praktikum)",2026-06-13T14:52:18.141911+00:00
STEP-13917474,stepstone_de_ae,Net at Work GmbH,Paderborn,"Paderborn, Deutschland Paderborn",Ausbildung | zum Fachinformatiker* Systemintegration/Anwendungsentwicklung,ae,,,,60,empty,,https://twitter.com/stepstone_de,portal,"Kontakt
Ansprechpartner: Svenja Franßen
sowie unsere Ausbildungsleiterin Daniela Henkenötter, freuen sich auf Deine Bewerbung.",,Net at Work GmbH | Ausbildung | zum Fachinformatiker* Systemintegration/Anwendungsentwicklung | Paderborn,tidak,belum,sedang,"Ausbildung zum Fachinformatiker* Systemintegration/Anwendungsentwicklung

Deine Aufgaben
Fachinformatiker Systemintegration *
Einsatz, Administration, Vernetzung + Betreuung softwarebasierter IT-Systeme unserer Kunden
Beratung rund um Microsoft Cloud Services
Modern Work & Collaboration, IT Security und Managed Services
NoSpamProxy Support (Professional Services)
Fachinformatiker Anwendungsentwicklung *
Mitentwicklung unserer E-Mail-Sicherheitslösung
Qualitätssicherung mittels automatisierter Tests
Agiles Arbeiten nach SCRUM
Erlernen neuester Technologien und verschiedener Programmiersprachen
Qualitätssicherung, Frontend- und Backend-Entwicklung, Data Science im Geschäftsbereich NoSpamProxy

Dein Profil
Voraussetzungen für Deine IT-Karriere bei uns:
Allgemeine Hochschulreife mit guten Noten in den MINT-Fächern
Analytische Fähigkeiten & Kommunikationsstärke
Begeisterung für die Themen IT, Informatik und digitale Kommunikation
Arbeit im Team (Büro und Homeoffice)
Flexible Einarbeitung in verschiedene Themenbereiche
Berührung mit der IT (Hobby/Schule/Praktikum)

Wir bieten
Wir bieten Dir
Am Standort Paderborn bieten wir ambitionierten die Möglichkeit, eine duale Ausbildung in Kooperation mit dem IT-Nachwuchskräften ATIW Berufskolleg oder dem aufzunehmen.bib international College Ausbildungsdauer:
3 Jahre (Verkürzung möglich)
Ausbildungsbeginn:
September
Außerdem
Deine Benefits im Einzelnen:
Stärkenorientierter Einsatz in einem unserer Schwerpunktbereiche mit engagierten Ausbildenden und Erfahrung im Mentoring
Schnellstmöglicher produktiver Einsatz
Übernahme der Berufs- bzw. Studienkosten
Gute Azubi-Gemeinschaft
Moderne Ausstattung
Gute Anbindung (Ausbildungsstätten & Büro)
Sportaktivitäten und gemeinschaftliche Events
Verschiedene Weiterbildungsmöglichkeiten
Bei uns sind Fehler eine Chance: nach dem Motto „Machen-Messen-Lernen“
Wir gehen auf Deine individuellen Fähigkeiten und Interessen ein und bieten Dir, neben hervorragendem Mentoring, viele nette Teammitglieder, die immer ein offenes Ohr haben. Einige siehst Du auf »Instagram Nach der Ausbildung
Möglichkeit der Übernahme in eine Junior Position
Eigenständige Arbeit an Software-/Kundenprojekten
Weiterbildungs- und Spezialisierungsmöglichkeiten
Möglichkeit eines Bachelor-Studiums
Über uns
Unsere Unternehmenskultur ist geprägt von einem freundlichen und hilfsbereiten Miteinander mit flachen Hierarchien. Das bedeutet: Wir schätzen jedes Teammitglied, unabhängig von Alter, Geschlecht und Position. In der täglichen Zusammenarbeit ist deshalb die Anrede „Du“ für uns selbstverständlich, vom Praktikanten bis zum Geschäftsführer. Und damit sich unsere Bewerber von Beginn an genauso geschätzt und zugehörig fühlen, Duzen wir bereits im Bewerbungsprozess.
Wir unterstützen Dich von Beginn an. Dazu stellen wir Dir während Deiner Einarbeitungsphase erfahrene Mentoren zur Seite, die jederzeit ein offenes Ohr für Deine Fragen haben. Bei Net at Work geben wir Dir Raum, um eigenverantwortlich Ideen einzubringen und umzusetzen, ganz nach unserem Motto „Machen, Messen, Lernen“. .
* (m/w/d) – Geschlecht, Hautfarbe, alles egal. Hauptsache Du passt zu uns und brennst für Deine Arbeit.","Dein Profil
Voraussetzungen für Deine IT-Karriere bei uns:
Allgemeine Hochschulreife mit guten Noten in den MINT-Fächern
Analytische Fähigkeiten & Kommunikationsstärke
Begeisterung für die Themen IT, Informatik und digitale Kommunikation
Arbeit im Team (Büro und Homeoffice)
Flexible Einarbeitung in verschiedene Themenbereiche
Berührung mit der IT (Hobby/Schule/Praktikum)",2026-06-12T20:17:34.595182+00:00
STEP-13918071,stepstone_de_ae,Net at Work GmbH,Paderborn,Paderborn Paderborn,Ausbildung | zum Fachinformatiker* Systemintegration/Anwendungsentwicklung,ae,,,,60,empty,,https://twitter.com/stepstone_de,portal,"Kontakt
Ansprechpartner: Svenja Franßen sowie unsere Ausbildungsleiterin Daniela Henkenötter, freuen sich auf Deine Bewerbung.",,Net at Work GmbH | Ausbildung | zum Fachinformatiker* Systemintegration/Anwendungsentwicklung | Paderborn,tidak,belum,sedang,"Ausbildung zum Fachinformatiker* Systemintegration/Anwendungsentwicklung

Deine Aufgaben
Fachinformatiker Systemintegration *
Beschäftigungsprofil:
Einsatz, Administration, Vernetzung + Betreuung softwarebasierter IT-Systeme unserer Kunden
Beratung rund um Microsoft Cloud Services
Schwerpunktbereiche:
Modern Work & Collaboration, IT Security und Managed Services
NoSpamProxy Support (Professional Services)
Fachinformatiker Anwendungsentwicklung *
Beschäftigungsprofil:
Mitentwicklung unserer E-Mail-Sicherheitslösung
Qualitätssicherung mittels automatisierter Tests
Agiles Arbeiten nach SCRUM
Erlernen neuester Technologien und verschiedener Programmiersprachen
Schwerpunktbereiche:
Qualitätssicherung, Frontend- und Backend-Entwicklung, Data Science im Geschäftsbereich NoSpamProxy

Dein Profil
Voraussetzungen für Deine IT-Karriere bei uns:
Allgemeine Hochschulreife mit guten Noten in den MINT-Fächern
Analytische Fähigkeiten & Kommunikationsstärke
Begeisterung für die Themen IT, Informatik und digitale Kommunikation
Arbeit im Team (Büro und Homeoffice)
Flexible Einarbeitung in verschiedene Themenbereiche
Berührung mit der IT (Hobby/Schule/Praktikum)

Wir bieten Dir
Am Standort Paderborn bieten wir ambitionierten IT-Nachwuchskräften die Möglichkeit, eine duale Ausbildung in Kooperation mit dem ATIW Berufskolleg oder dem bib international College aufzunehmen.
Ausbildungsdauer:
3 Jahre (Verkürzung möglich)
Ausbildungsbeginn:
September
Außerdem","Dein Profil
Voraussetzungen für Deine IT-Karriere bei uns:
Allgemeine Hochschulreife mit guten Noten in den MINT-Fächern
Analytische Fähigkeiten & Kommunikationsstärke
Begeisterung für die Themen IT, Informatik und digitale Kommunikation
Arbeit im Team (Büro und Homeoffice)
Flexible Einarbeitung in verschiedene Themenbereiche
Berührung mit der IT (Hobby/Schule/Praktikum)",2026-06-12T20:17:39.514998+00:00
AUBI-456958,aubi_plus_fi,,Paderborn,33104 Paderborn,Ausbildung zum Fachinformatiker (m/w/d) Anwendungsentwicklung - Start 2027,ae,2027,8,"1.242,96 €, 1.297,67 €, 1.378,93 €",53,empty,,https://www.aubi-plus.de/bewerbung/,portal,Kontakt,,Ausbildung zum Fachinformatiker (m/w/d) Anwendungsentwicklung - Start 2027 | Paderborn,tidak,belum,sedang,"Ausbildung zum Fachinformatiker (m/w/d) Anwendungsentwicklung - Start 2027

Deine Benefits
• Top qualifizierte Ausbildung & Zusatzqualifikationen
• Team-Geist eines internationalen Familienunternehmens
• Neue Technologien, Industrie 4.0 & Digitalisierung
• 35 Stunden/Woche & flexibles Arbeitszeitkonto & 30 Tage Urlaub
• Attraktive Ausbildungsvergütung:
1. Ausbildungsjahr: 1.242,96 €/Monat
2. Ausbildungsjahr: 1.297,67 €/Monat
3. Ausbildungsjahr: 1.378,93 €/Monat
• Urlaubs- & Weihnachtsgeld, Sonderzahlungen (keine Erfolgsbeteiligung)
• Moderne Kantine & Mitarbeiterevents
Deine Persönlichkeit
• Du strebst die die allgemeine Hochschulreife oder die Fachhochschulreife an?
• Du bringst Leistungsbereitschaft, Verantwortungsbewusstsein und IT-Affinität mit?
• Du hast gute Kenntnisse in Englisch und gerne einer weiteren Fremdsprache?
• Du liebst Abwechslung und Herausforderungen und hast viele neue Ideen?
• Du arbeitest gerne im Team und strebst eine Zukunft in einem internationalen Großunternehmen an?
• Du hast Lust auf die Zukunft und Deine persönlichen Entwicklungschancen?
Dann bist Du bei uns genau richtig!
Wir freuen uns auf Deine Online-Bewerbung für das Ausbildungsjahr 2027!
Dein neuer Arbeitgeber
Die BENTELER Gruppe hat immer eine passende Antwort. Denn in jedem unserer Bereiche und an jedem unserer Standorte profitierst du von der Größe und Vielfalt eines internationalen Konzerns mit rund 23.000 Kolleginnen und Kollegen in rund 26 Ländern.
So auch in der Berufsausbildung bei BENTELER. Mit unseren zahlreichen Ausbildungsmöglichkeiten stellen wir sicher, dass auch du genau in deinem gewünschten Berufsbild landest – und dort jede Möglichkeit zur Weiterentwicklung hast. Dabei ist es egal, ob du im Metall-, Elektro-, IT- oder kaufmännischen Bereich startest, ob Berufsausbildung oder Kombinationsstudium – mit einer Ausbildung bei BENTELER legst du den Grundstein für eine erfolgreiche berufliche Zukunft. Perspektive, die dafür sorgt, dass du alles sein und werden kannst.
Stellendetails
Beruf:
Fachinformatiker / Fachinformatikerin Fachrichtung Anwendungsentwicklung
Bewerbungsfrist:
Offen
Mindestabschluss:
Allgemeine Hochschulreife (Abitur)
Freie Ausbildungsplätze:
Freie Plätze vorhanden
Dauer:
3 Jahre
Referenz-Nr:
44188660
(Bitte in der Bewerbung angeben)
Kopieren
Dein persönlicher Matching-Score
Du willst wissen, wie gut diese Stelle zu dir passt? Dann registriere dich und mach das Matching. Mehr erfahren
Bewerbungsunterlagen
vollständige Bewerbungsunterlagen
Anschreiben
Lebenslauf
die letzten 2 Schulzeugnisse
Praktikumsnachweise
sonstige Qualifikationsnachweise
Tipp: Beziehe dich in deiner Bewerbung auf AUBI-plus!
Mit bewerbung2go kannst du deine Bewerbungsunterlagen erstellen.
Deine AUBI-plus Jobmail
Lass deinen Bot für dich suchen! Lege deine Suchkriterien fest und lehn dich zurück. Du bekommst aktuelle Stellen für deinen Traumberuf direkt per Mail zugeschickt.
SUCHBOT ERSTELLEN
Ähnliche Suchanfragen:
AUSBILDUNG PADERBORN
AUSBILDUNG IN NORDRHEIN-WESTFALEN
AUSBILDUNG 2027
AUSBILDUNG ALS FACHINFORMATIKER FACHRICHTUNG ANWENDUNGSENTWICKLUNG (M/W/D) IN PADERBORN
Play
22 weitere Stellen im Unternehmen
Ausbildung zum Industriemechaniker (m/w/d) - Start 2027
BENTELER Gruppe
33104 Paderborn
01.08.2027
Duales Studium Elektrotechnik - Start 2027
BENTELER Gruppe
33104 Paderborn
01.08.2027
Ausbildung zum Verfahrenstechnologen (m/w/d) Fachrichtung Stahlumformung - Start 2027
BENTELER Gruppe
33104 Paderborn
01.08.2027
WEITERE STELLEN LADEN
AUBI-plus
Über uns
Karriere
Partner
FAQ
News & Events
Presse
Blog
Messen & Aktionstage
DEUTSCHES AUSBILDUNGSFORUM
Produkte & Dienstleistungen
Für Ausbildungsbetriebe
Für Hochschulen
Für Schulen
Für Eltern
Besuch uns auch auf:
Region ändern:
AUBI-plus Österreich (deutsch)
AUBI-plus Schweiz (deutsch)
AUBI-plus Italien (deutsch)
AUBI-plus
Impressum
AGB
Datenschutz
Bildrechte",,2026-06-13T14:45:20.940138+00:00
AUBI-81358,aubi_plus_fi,Connext Communication GmbH,Paderborn,33106 Paderborn,Ausbildung zum Fachinformatiker Anwendungsentwicklung (m/w/d),ae,,,,53,empty,,https://www.aubi-plus.de/bewerbung/,portal,"Kontakt
Frau Christina Zweigle
Personalleitung
+49 5251 771-242
E-Mail anzeigen
Bewerbungsunterlagen
vollständige Bewerbungsunterlagen
Anschreiben
Lebenslauf
die letzten 2 Schulzeugnisse
Tipp: Beziehe Dich in Deiner Bewerbung auf AUBI-plus
Mit bewerbung2go kannst du deine Bewerbungsunterlagen erstellen.
Deine AUBI-plus Jobmail
Lass deinen Bot für dich suchen! Lege deine Suchkriterien fest und lehn dich zurück. Du bekommst aktuelle Stellen für deinen Traumberuf direkt per Mail zugeschickt.
SUCHBOT ERSTELLEN
Ähnliche Suchanfragen:
AUSBILDUNG PADERBORN
AUSBILDUNG IN NORDRHEIN-WESTFALEN
AUSBILDUNG 2026
AUSBILDUNG ALS FACHINFORMATIKER FACHRICHTUNG ANWENDUNGSENTWICKLUNG (M/W/D) IN PADERBORN
2 weitere Stellen im Unternehmen
Koch (m/w/d)
Connext Communication GmbH
33106 Paderborn
01.08.2026
Hotelfachmann (m/w/d)
Connext Communication GmbH
33106 Paderborn
01.08.2027
AUBI-plus
Über uns
Karriere
Partner
FAQ
News & Events
Presse
Blog
Messen & Aktionstage
DEUTSCHES AUSBILDUNGSFORUM
Produkte & Dienstleistungen
Für Ausbildungsbetriebe
Für Hochschulen
Für Schulen
Für Eltern
Besuch uns auch auf:
Region ändern:
AUBI-plus Österreich (deutsch)
AUBI-plus Schweiz (deutsch)
AUBI-plus Italien (deutsch)
AUBI-plus
Impressum
AGB
Datenschutz
Bildrechte
Kontakt",,Connext Communication GmbH | Ausbildung zum Fachinformatiker Anwendungsentwicklung (m/w/d) | Paderborn,tidak,belum,sedang,"Ausbildung zum Fachinformatiker Anwendungsentwicklung (m/w/d)

Deine Aufgaben
Weiterentwicklung unserer Software Vivendi in enger Zusammenarbeit mit dem Produktmanagement (Anwendung der Programmiersprachen C# und C++)
Software-Test und Dokumentation, Softwarekonfiguration
Erstellung von Auswertungen mit Crystal Reports

Das bringst Du mit
Fachhochschulreife oder Abitur mit guten Noten in Deutsch und Mathematik
Starkes Interesse an Technik und technischen Abläufen sowie mathematisch-analytischen Aufgaben
Team- und Kommunikationsfähigkeit
Hohes persönliches Engagement und selbständiges Arbeiten
Haben wir Dein Interesse geweckt?Dann nutze unser Online-Bewerbungsportal über den Button „Jetzt bewerben“
Stellendetails
Beruf:
Fachinformatiker / Fachinformatikerin Fachrichtung Anwendungsentwicklung
Bewerbungsfrist:
Offen
Mindestabschluss:
Fachhochschulreife
oder Abitur mit guten Noten in Deutsch und Mathematik
Freie Ausbildungsplätze:
1
Dauer:
3 Jahre
Referenz-Nr:
AUBI-81358
(Bitte in der Bewerbung angeben)
Kopieren
Dein persönlicher Matching-Score
Du willst wissen, wie gut diese Stelle zu dir passt? Dann registriere dich und mach das Matching. Mehr erfahren","Das bringst Du mit
Fachhochschulreife oder Abitur mit guten Noten in Deutsch und Mathematik
Starkes Interesse an Technik und technischen Abläufen sowie mathematisch-analytischen Aufgaben
Team- und Kommunikationsfähigkeit
Hohes persönliches Engagement und selbständiges Arbeiten
Haben wir Dein Interesse geweckt?Dann nutze unser Online-Bewerbungsportal über den Button „Jetzt bewerben“
Stellendetails
Beruf:
Fachinformatiker / Fachinformatikerin Fachrichtung Anwendungsentwicklung
Bewerbungsfrist:
Offen
Mindestabschluss:
Fachhochschulreife
oder Abitur mit guten Noten in Deutsch und Mathematik
Freie Ausbildungsplätze:
1
Dauer:
3 Jahre
Referenz-Nr:
AUBI-81358
(Bitte in der Bewerbung angeben)
Kopieren
Dein persönlicher Matching-Score
Du willst wissen, wie gut diese Stelle zu dir passt? Dann registriere dich und mach das Matching. Mehr erfahren",2026-06-13T14:46:44.251953+00:00
STEP-13927161,stepstone_de_ae,INCONY AG,Paderborn,"Paderborn, Deutschland Paderborn",Ausbildung | Fachinformatiker-Paderborn,ae,,,,53,empty,,https://twitter.com/stepstone_de,portal,"Kontakt
Einen Bericht dazu gibt es hier:
Bewirb Dich jetzt beim Technologieführer für die Ausbildungsstelle zum Fachinformatiker für Anwendungsentwicklung!",,INCONY AG | Ausbildung | Fachinformatiker-Paderborn | Paderborn,tidak,belum,sedang,"Fachinformatiker-Ausbildung Paderborn

Die folgende Aufgabenbeschreibung geben wir daher schon im Hinblick auf die letzten Ausbildungsjahre und die Zeit nach der Ausbildung.
Die INCONY AG ist ein Softwareunternehmen aus Paderborn, das seit 2000 viele große und kleine Kunden mit seiner Software ANTEROS begeistert, wie z.B. Alfi, Continental, Hella, Kaimann oder Zeppelin. Unsere Kunden können mit unseren Lösungen sehr effizient Produktdaten und Bilder pflegen und hieraus WebshopsApps, un Printkataloged erstellen. Durch den Erfolg bei unseren Kunden wächst die INCONY AG ständig, sucht daher neue Mitarbeiter und baut übrigens gerade eine neu moderne Firmenzentrale e im Technologiepark Paderborn – das energieeffizienteste Gebäude dort: klimatisiert, mit Dachterrasse und Fitnessraum für die Mitarbeiter.
Deine Aufgabe =
Mitarbeiten am technologischen Vorsprung
Weiterentwicklung unserer zukunftsweisenden Webanwendung ANTEROS in Java mit Eclipse, git, Maven, Jenkins
Durchführung und Begleitung von (automatisierten) Tests
Ihr Profil
Deine Stärke = Spaß am Programmieren
Leidenschaft und Spaß an der Software-Entwicklung
Vorteilhaft: Erfahrung in Java, Eclipse
Eigenverantwortliche, sorgfältige und strukturierte Arbeitsweise
Dein Gewinn =
Arbeiten mit Freude
Arbeiten mit innovativen Technologien
Stabiles Unternehmensumfeld
Arbeit in einem super Team mit flachen Hierarchien und schnellen Kommunikationswegen
Auszubildende werden bei INCONY bestmöglich gefördert
Unsere Auszubildenden durchlaufen zuerst im Team einige Einarbeitungsaufgaben. Anschließend gibt es schon die ersten konkreten Aufgaben. Du arbeitest also nicht ewig an Übungsaufgaben oder nur unter Auszubildenden, sondern wirst schnell in die INCONY-Abteilungen integriert. So lernst Du sehr praxisnah unsere Software und unsere innovativen Entwicklungsmethoden kennen.
INCONY wurde übrigens von der IHK für seine Ausbildungsleistungen ausgezeichnet.",,2026-06-12T20:45:06.311657+00:00
AZDE-12491181,azubi_de_fi,Mettenmeier GmbH,Paderborn,33100 Paderborn DE,Ausbildung | Fachinformatiker*in Anwendungsentwicklung (m/w/d) ab 1. August 2026,ae,,,,47,empty,,https://www.azubi.de/ausbildungsplatz/12491181-b-ausbildung-fachinformatiker-in-anwendungsentwicklung-m-w-d-ab-1-august-2026/apply,portal,,,Mettenmeier GmbH | Ausbildung | Fachinformatiker*in Anwendungsentwicklung (m/w/d) ab 1. August 2026 | Paderborn,ya,belum,rendah,"Ausbildung Fachinformatiker*in Anwendungsentwicklung (m/w/d) ab 1. August 2026

Einleitung
Du willst nicht einfach irgendeine Ausbildung, sondern eine, die wirklich zu Dir passt - mit Perspektive, Technik und Zukunft? Dann bist Du bei uns genau richtig!
Egal, ob Du gerade studierst und eine neue Orientierung suchst oder kurz vor dem Abitur bzw. der Fachhochschulreife stehst – wir suchen DICH!
Ausbildungsstart: 1. August 2026
Ausbildungsplatz: Fachinformatikerin Anwendungsentwicklung (m/w/d)*
Der schulische Teil der Ausbildung findet an der privaten IT-Berufsschule ""bib International College"" statt. Die Gebühren im Höhe von 7.200,00 € werden von uns übernommen.
Klingt gut? Dann warte nicht länger - starte Deine Zukunft mit uns!
Darum geht’s:
- Du arbeitest bei der Entwicklung von Softwareprodukten mit
- Du bringst Dich in klassische und agile Softwareprojekten für unsere Kunden ein
- Du übernimmst die Pflege und den Support unserer selbst entwickelten Anwendungen
Das bringst Du mit:
- Du hast Abitur oder Fachhochschulreife mit guten Noten in Mathematik, Deutsch und Englisch
- Du verfügst über gute Informatikkenntnisse
- Du arbeitest eigenverantwortlich und sorgfältig
- Du zeigst überdurchschnittliche Einsatzbereitschaft und bist neugierig
- Du bist teamfähig und hast Freude an der Arbeit
- Ein Führerschein ist von Vorteil
Du willst Teil unseres Teams werden und hast Interesse an einer Ausbildung bei Mettenmeier?
Dann freuen wir uns über Deine Online-Bewerbung unter https://www.mettenmeier.de/karriere/.
Aufgaben","Einleitung
Du willst nicht einfach irgendeine Ausbildung, sondern eine, die wirklich zu Dir passt - mit Perspektive, Technik und Zukunft? Dann bist Du bei uns genau richtig!
Egal, ob Du gerade studierst und eine neue Orientierung suchst oder kurz vor dem Abitur bzw. der Fachhochschulreife stehst – wir suchen DICH!
Ausbildungsstart: 1. August 2026
Ausbildungsplatz: Fachinformatikerin Anwendungsentwicklung (m/w/d)*
Der schulische Teil der Ausbildung findet an der privaten IT-Berufsschule ""bib International College"" statt. Die Gebühren im Höhe von 7.200,00 € werden von uns übernommen.
Klingt gut? Dann warte nicht länger - starte Deine Zukunft mit uns!
Darum geht’s:
- Du arbeitest bei der Entwicklung von Softwareprodukten mit
- Du bringst Dich in klassische und agile Softwareprojekten für unsere Kunden ein
- Du übernimmst die Pflege und den Support unserer selbst entwickelten Anwendungen
Das bringst Du mit:
- Du hast Abitur oder Fachhochschulreife mit guten Noten in Mathematik, Deutsch und Englisch
- Du verfügst über gute Informatikkenntnisse
- Du arbeitest eigenverantwortlich und sorgfältig
- Du zeigst überdurchschnittliche Einsatzbereitschaft und bist neugierig
- Du bist teamfähig und hast Freude an der Arbeit
- Ein Führerschein ist von Vorteil
Du willst Teil unseres Teams werden und hast Interesse an einer Ausbildung bei Mettenmeier?
Dann freuen wir uns über Deine Online-Bewerbung unter https://www.mettenmeier.de/karriere/.
Aufgaben",2026-06-13T10:40:55.393874+00:00
NRW-3827-7197,ausbildung_nrw_ae,TK-World AG,Paderborn,Oberes Feld 6 33106 Paderborn,Ausbildung | Fachinformatiker/in - Anwendungsentwicklung (2026),ae,,,,47,empty,,,tidak_jelas,"KONTAKT
DATENSCHUTZ
IMPRESSUM
FINDE DEINEN BERUFSEINSTIEG IN NRW
Karte schließen
+
–
⤢
POP-UP Aus- und Weiterbildung - Starte deine Zukunft jetzt!
Industrie- und Handelskammer zu Dortmund
von Montag, 08.06.2026 - 13:00 bis Morgen, 13.06.2026 - 16:00
Mehr Informationen
CHECK In - Berufswelt in Neuss
Industrie- und Handelskammer Mittlerer Niederrhein
von Mittwoch, 10.06.2026 - 10:00 bis 14:00
Mehr Informationen
Erlebniswelt Ausbildung meets HEROCON
Industrie- und Handelskammer zu Dortmund
von Heute - 09:00 bis Morgen, 13.06.2026 - 16:00
Mehr Informationen
Weitere Veranstaltungen
Filtern
Zurücksetzen
Umkreis
10km
Veranstaltung
Was suchst du?
Berufsfeld
Beruf
Jahresfilter
8572 Ergebnisse
""
Industriekaufmann/frau
""Formzeug"" Formen und Werkzeuggesellschaft mit beschränkter Haftung und Co, Kommanditgesellschaft
Wegberg
""
Kaufmann/frau - Einzelhandel (2026)
""Hol ab!"" Getränkemarkt GmbH
Bünde, Espelkamp, Lübbecke, Rödinghausen
""
Verkäufer/in (2026)
""Hol ab!"" Getränkemarkt GmbH
Bünde, Espelkamp, Lübbecke, Rödinghausen
Kaufmann/frau – Büromanagement
""STURM® INDUSTRIES"" (STURM GmbH)
Duisburg
Industriekaufmann/frau
""STURM® INDUSTRIES"" (STURM GmbH)
Duisburg
Technische/r Produktdesigner/in
""STURM® INDUSTRIES"" (STURM GmbH)
Duisburg
Maschinen- und Anlagenführer/in
""STURM® INDUSTRIES"" (STURM GmbH)
Duisburg
Kaufmann/frau – Büromanagement
2bessential GmbH
Bielefeld
Mechatroniker/-in für Kältetechnik (2026, 2027, 2028)
2G Energy AG
Heek
Elektroniker/in – Betriebstechnik (2026, 2027, 2028)
2G Energy AG
Heek
Fachkraft – Lagerlogistik (2026, 2027, 2028)
2G Energy AG
Heek
Mechatroniker/in (2026, 2027, 2028)
2G Energy AG
Heek
Fachinformatiker/in - Anwendungsentwicklung (2026, 2027, 2028)
2G Energy AG
Heek
Industriekaufmann/frau (2027, 2028)
2G Energy AG
Heek
Fachinformatiker/in - Systemintegration (2027, 2028)
2G Energy AG
Heek
Kaufmann/frau - Digitalisierungsmanagement (2027, 2028)
2G Energy AG
Heek
Technische/r Produktdesigner/in (2027, 2028)
2G Energy AG
Heek
Kaufmann/frau – Marketingkommunikation (2025)
2increase - Agentur für Marketing + Events
Mönchengladbach
Veranstaltungskaufmann/frau (2025)
2increase - Agentur für Marketing + Events
Mönchengladbach
Werkzeugmechaniker/in (2025)
3 D-plastic Hans Kintra GmbH
Mönchengladbach
Kaufmann/frau - E-Commerce (2025)
3000watt GmbH
Bielefeld
Veranstaltungskaufmann/frau (2025)
3s GmbH & Co. KG
Nordrhein-Westfalen - Mönchengladbach
Personaldienstleistungskaufmann/frau (2025)
3s GmbH & Co. KG
Nordrhein-Westfalen - Mönchengladbach
Fachkraft – Lagerlogistik (2026, 2027)
3S Schrader GmbH
Bad Salzdetfurth
Fachlagerist/in (2026, 2027)
3S Schrader GmbH
Bad Salzdetfurth
Zerspanungsmechaniker/in (2026, 2027)
3WIN Maschinenbau GmbH
Aachen
Kaufmann/frau – Büromanagement (2026, 2027)
3WIN Maschinenbau GmbH
Aachen
Industriemechaniker/in - Maschinen- und Anlagenbau (2026, 2027)
3WIN Maschinenbau GmbH
Aachen
Kaufmann/frau – Spedition und Logistikdienstleistung (2025, 2026)
8Motions Solutions GmbH
Kaarst
Steuerfachangestellte/r (2026)
8P Partnerschaft mbB
Siegen
info@ausbildung.nrw
Kontakt
Datenschutz
Impressum
Ausbildung.NRW ist ein Kooperationsprojekt der Industrie- und Handelskammern in Nordrhein-Westfalen.
umgesetzt von der www.spieker.agency",,TK-World AG | Ausbildung | Fachinformatiker/in - Anwendungsentwicklung (2026) | Paderborn,ya,belum,rendah,"Fachinformatiker/in - Anwendungsentwicklung (2026)

Fachinformatiker/in - Anwendungsentwicklung (2026, 2027, 2028)
2G Energy AG
Heek
Industriekaufmann/frau (2027, 2028)
2G Energy AG
Heek
Fachinformatiker/in - Systemintegration (2027, 2028)
2G Energy AG
Heek
Kaufmann/frau - Digitalisierungsmanagement (2027, 2028)
2G Energy AG
Heek
Technische/r Produktdesigner/in (2027, 2028)
2G Energy AG
Heek
Kaufmann/frau – Marketingkommunikation (2025)
2increase - Agentur für Marketing + Events
Mönchengladbach
Veranstaltungskaufmann/frau (2025)
2increase - Agentur für Marketing + Events
Mönchengladbach
Werkzeugmechaniker/in (2025)
3 D-plastic Hans Kintra GmbH
Mönchengladbach
Kaufmann/frau - E-Commerce (2025)
3000watt GmbH
Bielefeld
Veranstaltungskaufmann/frau (2025)
3s GmbH & Co. KG
Nordrhein-Westfalen - Mönchengladbach
Personaldienstleistungskaufmann/frau (2025)
3s GmbH & Co. KG
Nordrhein-Westfalen - Mönchengladbach
Fachkraft – Lagerlogistik (2026, 2027)
3S Schrader GmbH
Bad Salzdetfurth
Fachlagerist/in (2026, 2027)
3S Schrader GmbH
Bad Salzdetfurth
Zerspanungsmechaniker/in (2026, 2027)
3WIN Maschinenbau GmbH
Aachen
Kaufmann/frau – Büromanagement (2026, 2027)
3WIN Maschinenbau GmbH
Aachen
Industriemechaniker/in - Maschinen- und Anlagenbau (2026, 2027)
3WIN Maschinenbau GmbH
Aachen
Kaufmann/frau – Spedition und Logistikdienstleistung (2025, 2026)
8Motions Solutions GmbH
Kaarst
Steuerfachangestellte/r (2026)
8P Partnerschaft mbB
Siegen
info@ausbildung.nrw",,2026-06-12T09:59:23.388734+00:00
MAD-2428066336,meine_ausbildung_ae,BENTELER Steel/Tube GmbH,Paderborn,,Fachinformatiker/in - Anwendungsentwicklung,ae,,,,40,company,,https://suche.ausbildung.nrw/unternehmen/benteler-gruppe/3840?utm_source=meine-ausbildung-in-deutschland,portal,,,BENTELER Steel/Tube GmbH | Fachinformatiker/in - Anwendungsentwicklung | Paderborn,ya,belum,rendah,Fachinformatiker/in - Anwendungsentwicklung,,2026-06-11T11:50:35.276642+00:00
MAD-2440498905,meine_ausbildung_ae,dSPACE GmbH - digital signal processing and control engineering,Paderborn,,Fachinformatiker/in - Anwendungsentwicklung,ae,,,,40,company,,https://suche.ausbildung.nrw/unternehmen/dspace-gmbh/3436?utm_source=meine-ausbildung-in-deutschland,portal,,,dSPACE GmbH - digital signal processing and control engineering | Fachinformatiker/in - Anwendungsentwicklung | Paderborn,ya,belum,rendah,Fachinformatiker/in - Anwendungsentwicklung,,2026-06-11T11:44:46.872181+00:00
MAD-2440499245,meine_ausbildung_ae,Leonex Internet GmbH,Paderborn,,Fachinformatiker/in - Anwendungsentwicklung,ae,,,,40,company,,https://suche.ausbildung.nrw/unternehmen/leonex-internet-gmbh-part-of-mai-group/4215?utm_source=meine-ausbildung-in-deutschland,portal,,,Leonex Internet GmbH | Fachinformatiker/in - Anwendungsentwicklung | Paderborn,ya,belum,rendah,Fachinformatiker/in - Anwendungsentwicklung,,2026-06-11T11:44:26.955136+00:00
MAD-2448344700,meine_ausbildung_ae,Mettenmeier GmbH Vermessung und Graphische Datenverarbeitung,Paderborn,,Fachinformatiker/in - Anwendungsentwicklung,ae,,,,40,company,,https://suche.ausbildung.nrw/unternehmen/mettenmeier-gmbh/4321?utm_source=meine-ausbildung-in-deutschland,portal,,,Mettenmeier GmbH Vermessung und Graphische Datenverarbeitung | Fachinformatiker/in - Anwendungsentwicklung | Paderborn,ya,belum,rendah,Fachinformatiker/in - Anwendungsentwicklung,,2026-06-11T11:37:18.544086+00:00
MAD-2428067319,meine_ausbildung_ae,S&N Invent AG -,Paderborn,,Fachinformatiker/in - Anwendungsentwicklung,ae,,,,40,company,,https://suche.ausbildung.nrw/unternehmen/s-n-invent-gmbh/4568?utm_source=meine-ausbildung-in-deutschland,portal,,,S&N Invent AG - | Fachinformatiker/in - Anwendungsentwicklung | Paderborn,ya,belum,rendah,Fachinformatiker/in - Anwendungsentwicklung,,2026-06-11T11:50:29.176686+00:00
MAD-2440500708,meine_ausbildung_ae,TEAM GmbH - Ihr Partner für IT,Paderborn,,Fachinformatiker/in - Anwendungsentwicklung,ae,,,,40,company,,https://suche.ausbildung.nrw/unternehmen/team-gmbh/3239?utm_source=meine-ausbildung-in-deutschland,portal,,,TEAM GmbH - Ihr Partner für IT | Fachinformatiker/in - Anwendungsentwicklung | Paderborn,ya,belum,rendah,Fachinformatiker/in - Anwendungsentwicklung,,2026-06-11T11:44:52.765841+00:00
10000-1203412008-S,fachinformatiker_dpa,Connext Communication GmbH,Paderborn,"Balhorner Feld 11, 33106 Paderborn",Ausbildung | Fachinformatiker/in - Daten- und Prozessanalyse,dpa,,,,73,ba_portal,,https://www.arbeitsagentur.de/jobsuche/jobdetail/10000-1203412008-S,ba_portal,,https://www.arbeitsagentur.de/jobsuche/jobdetail/10000-1203412008-S,Connext Communication GmbH | Ausbildung | Fachinformatiker/in - Daten- und Prozessanalyse | Paderborn,ya,belum,rendah,"1986 gegründet, ist Connext seit Anfang der 90er Jahre ausschließlich im Sozial- und Gesundheitswesen tätig. Unsere Lösungsplattform Vivendi zählt zu den marktführenden IT-Systemen für soziale Einrichtungen, etwa in der Alten-, Behinderten- und Jugendhilfe. Neben Entwicklung, Vertrieb und Support unserer eigenen Software sowie komplementärer Partnerprodukte bilden die IT-Beratung und Systemhaus-Dienstleistungen weitere Kernbereiche unserer Arbeit.

Wir bieten zum 1. August 2026 einen Ausbildungsplatz zum Fachinformatiker ür Daten- und Prozessanalyse (m/w/d).

Deine Aufgaben:

- Analyse von Arbeits- und Geschäftsprozessen
- Optimierung digitaler Geschäftsprozesse durch Weiterentwicklung unserer Software und Services
- Fehleranalyse und Lösung technischer Probleme im Microsoft Umfeld
- Auswertung von Datenquellen sowie Bereitstellung von Daten
- Umsetzung des Datenschutzes

Das bringst Du mit:

- Abitur oder Fachhochschulreife mit guten Noten in Mathematik und Deutsch
- Starkes Interesse an Technik und technischen Abläufen sowie mathematisch-analytischen Aufgaben
- Team- und Kommunikationsfähigkeit
- Organisationgeschick
- Hohes persönliches Engagement und selbstständiges Arbeiten

Wir bieten Dir eine fundierte und abwechslungsreiche Ausbildung in einem fordernden, aber sehr angenehmen Umfeld und einer 1:1 Betreuung. Mit ""Spielereien"" halten wir uns nicht auf: Du wirst Schritt für Schritt mit den Methoden moderner Softwareentwicklung vertraut gemacht und arbeitest von Anfang an mit professionellen Werkzeugen.

Natürlich sorgen unsere Ausbilder dafür, dass Du neben der Softwareentwicklung auch alle anderen Abteilungen und Ausbildungsinhalte kennenlernst.

Übrigens: Die Ausbildung zum Fachinformatiker (m/w/d) stellt eine hervorragende Alternative dar, wenn Dir Dein Studium zu ""trocken""/ theorielastig ist. Sprich uns gerne einfach an.","Das bringst Du mit:
- Abitur oder Fachhochschulreife mit guten Noten in Mathematik und Deutsch
- Starkes Interesse an Technik und technischen Abläufen sowie mathematisch-analytischen Aufgaben
- Team- und Kommunikationsfähigkeit
- Organisationgeschick
- Hohes persönliches Engagement und selbstständiges Arbeiten",2026-06-11T08:15:58.898113+00:00
10001-1002908549-S,fachinformatiker_dpa,LIRA service GmbH,Paderborn,"Lise-Meitner-Str. 10, 33104 Paderborn",Ausbildung | Fachinformatiker/in - Anwendungsentwicklung,dpa,,,,67,ba_portal,,https://www.arbeitsagentur.de/jobsuche/jobdetail/10001-1002908549-S,ba_portal,,https://www.arbeitsagentur.de/jobsuche/jobdetail/10001-1002908549-S,LIRA service GmbH | Ausbildung | Fachinformatiker/in - Anwendungsentwicklung | Paderborn,ya,belum,rendah,"Die LIRA service GmbH, mit Ihren mittlerweile rund 90 Mitarbeitern, ist exklusiver IT-Dienstleister für die weltweiten Kronospan Standorte. In Paderborn findet die Betreuung des hauseigenen ERP Packages mit Kernkomponenten wie Verkaufsabwicklung, Einkaufsprozessen, Produktions-, Lager- und Versandlogistik statt. Dies umfasst Planung, Design, Entwicklung, Test und Betrieb der Software, Support, Datenbankadministration sowie die Netzwerk- und sonstige Informations- und Telekommunikationstechnik. Wir sind als IT-Dienstleister international tätig und haben uns auf Beratung, Entwicklung und Implementierung kundenspezifischer Softwarelösungen spezialisiert.

## Die Ausbildung

In deiner 3-jährigen Ausbildung wirst du zum Spezialisten für digitale Datenströme. Anstatt klassisch zu programmieren, verbindest du IT-Systeme weltweit. Mit der Lobster Integration Plattform konzipierst du EDI-Schnittstellen und gestaltest Datenflüsse (z. B. digitale Rechnungen) zwischen Unternehmen. Du lernst, Daten mittels SQL zu analysieren, Prozesse in ERP-Systemen zu verstehen und Fehler in komplexen Abläufen systematisch zu beheben. Um die Anforderungen unserer Partner zu verstehen, durchläufst du auch unsere kaufmännischen Abteilungen. So sicherst du die Datenqualität und gestaltest die digitale Transformation aktiv mit. Im Rahmen deiner Ausbildung besuchst du das „b.i.b.“ in Paderborn.

## Das bringst du mit

- (Fach-)Abitur
- Begeisterung für IT-Technik und und ein ausgeprägtes logisches Verständnis
- Großes Interesse an der Analyse von Daten und betriebswirtschaftlichen Abläufen
- Idealerweise erste Berührungspunkte mit Datenbanken (SQL) oder Logik-Rätseln
- Gute Englischkenntnisse
- Interesse an internationaler Teamarbeit","In deiner 3-jährigen Ausbildung wirst du zum Spezialisten für digitale Datenströme. Anstatt klassisch zu programmieren, verbindest du IT-Systeme weltweit. Mit der Lobster Integration Plattform konzipierst du EDI-Schnittstellen und gestaltest Datenflüsse (z. B. digitale Rechnungen) zwischen Unternehmen. Du lernst, Daten mittels SQL zu analysieren, Prozesse in ERP-Systemen zu verstehen und Fehler in komplexen Abläufen systematisch zu beheben. Um die Anforderungen unserer Partner zu verstehen, durchläufst du auch unsere kaufmännischen Abteilungen. So sicherst du die Datenqualität und gestaltest die digitale Transformation aktiv mit. Im Rahmen deiner Ausbildung besuchst du das „b.i.b.“ in Paderborn.
## Das bringst du mit",2026-06-11T08:15:52.205914+00:00
AZDE-10983327,azubi_de_fi,Hartmann International GmbH & Co. KG,Paderborn,33106 Paderborn DE,Ausbildung | zum/zur Fachinformatiker/-in Systemintegration,si,,,,67,empty,info@hartmann-international.de,https://www.azubi.de/ausbildungsplatz/10983327-b-ausbildung-zum-zur-fachinformatiker-in-systemintegration/apply,email,"Du stehst in direktem Kontakt mit den Nutzern und unterstützt sie bei technischen Fragen oder Problemen. In einigen Fällen übernimmst du auch Schulungsaufgaben, um die Anwender im Umgang mit neuen Systemen zu schulen.
Die Ausbildung zum Fachinformatiker für Systemintegration bietet nicht nur eine umfassende technische Ausbildung, sondern auch die Möglichkeit, praxisorientierte Fähigkeiten in der Kundenberatung und im Teammanagement zu entwickeln. Durch die Vielfalt der Aufgabenbereiche wirst du optimal auf die Herausforderungen einer sich ständig weiterentwickelnden IT-Landschaft vorbereitet.
//www.hartmann-international.de/kontakt/
Hartmann International Gruppe
Hartmann International ist ein weltweit agierendes Transport- und Logistikunternehmen in fünfter Generation.
Unternehmen
//www.hartmann-international.de/karriere/
Leistungen
So erreichen Sie uns
Montag bis Freitag 08-17 Uhr
Paderborn: + 49 5251 7207-0
Ibbenbüren: + 49 5451 5097-0
info@hartmann-international.de
Hartmann International GmbH & Co. KG
© All rights reserved
Impressum | Datenschutz | AGB | Code of conduct | Hinweisgeberschutz
Search
Hit enter to search or ESC to close
Aufgaben",,Hartmann International GmbH & Co. KG | Ausbildung | zum/zur Fachinformatiker/-in Systemintegration | Paderborn,tidak,belum,tinggi,"Ausbildung zum/zur Fachinformatiker/-in Systemintegration

Einleitung
Starte jetzt deine Karriere in der IT.
Werde Teil des Hartmann-Teams und profitiere von einer ausgezeichneten Ausbildung zum/zur Fachinformatiker/-in Systemintegration.
Was du lernen wirst
Als Auszubildender im Beruf Fachinformatiker für Systemintegration übernimmst du eine entscheidende Rolle in der Planung, Implementierung und Wartung von IT-Systemen in Unternehmen.
Deine Tätigkeiten erstrecken sich über ein breites Spektrum technischer und organisatorischer Aufgaben:
• Systemanalyse und Beratung
Du analysierst die Anforderungen der Kunden oder internen Abteilungen und berätst sie hinsichtlich geeigneter IT-Lösungen. Dabei steht die Auswahl und Integration von Systemkomponenten im Mittelpunkt.
• Installation und Konfiguration von Systemen
Du installierst und konfigurierst Hard- und Softwarekomponenten, um sicherzustellen, dass IT-Systeme den individuellen Bedürfnissen des Unternehmens entsprechen. Das beinhaltet Server, Netzwerke, Betriebssysteme und Anwendungssoftware.
• Netzwerkadministration
Du wirst in der Verwaltung und Optimierung von Unternehmensnetzwerken geschult. Das umfasst die Einrichtung von Netzwerkkomponenten, die Überwachung der Netzwerkleistung und die Implementierung von Sicherheitsmaßnahmen.
• Fehlerbehebung
Im Falle von Störungen oder Fehlern bist du dafür verantwortlich, diese zu identifizieren und effizient zu beheben. Das erfordert oft eine schnelle und präzise Diagnose technischer Probleme.
• Datensicherung und IT-Sicherheit
Du trägst zur Implementierung von Datensicherungsstrategien bei und wirkst an Maßnahmen zur Gewährleistung der IT-Sicherheit mit.
• Kundenbetreuung und Schulung
Dauer und Voraussetzungen
Ausbildungsdauer: Die Ausbildung zum/zur Fachinformatiker/in Systemintegration bei Hartmann International erstreckt sich über eine Zeitdauer von 3 Jahren. In dieser Zeit wirst du umfassende Einblicke in die Welt der IT erhalten und dich zu einem kompetenten Profi in diesem Bereich entwickeln.
Voraussetzungen: Um dich für unsere Ausbildung zum/zur Fachinformatiker/in in Systemintegration zu bewerben, benötigst du eine der folgenden Qualifikationen:
• Abitur: Wenn du dein Abitur erfolgreich abgeschlossen hast, ist dies eine hervorragende Basis für deine Ausbildung bei uns. Dein Interesse an Logistik und dein Engagement sind entscheidend.
• Fachabitur: Ein erfolgreiches Fachabitur in wirtschaftlicher oder verwandter Richtung ist eine ausgezeichnete Grundlage für deine Ausbildung als Fachinformatiker/-in Systemintegration.
• Höhere Handelsschule: Wenn du die Höhere Handelsschule besucht hast und eine Leidenschaft für IT und Programmierung mitbringst, freuen wir uns auf deine Bewerbung.
Unabhängig von deiner Vorbildung ist es wichtig, dass du motiviert, teamorientiert und bereit bist, in einem dynamischen Umfeld zu arbeiten. Bei Hartmann International legen wir großen Wert auf die Weiterentwicklung unserer Auszubildenden und bieten dir die Möglichkeit, dein Potenzial voll auszuschöpfen.
Berufsschule der Fachinformatiker/in Systemintegration
Als Auszubildender zum/zur Fachinformatiker/in Systemintegration besuchst du das Richard-von-Weizsäcker-Berufskolleg in Paderborn.
Mehr erfahren
Karte laden
Google Maps immer entsperren
Perspektiven
Weiterbildungen im Bereich Informatik (z.B. zum/zur Softwareentwickler/in)
Wir bei Hartmann International unterstützen die kontinuierliche Weiterentwicklung unserer Mitarbeitenden. Nach deiner Ausbildung als Fachinformatiker/in Systemintegration stehen dir verschiedene Weiterbildungsmöglichkeiten offen, darunter der Staatlich geprüfte Betriebswirt oder der Wirtschaftsfachwirt. Diese qualifizierten Abschlüsse eröffnen dir neue Karrierechancen und ermöglichen es dir, in Führungspositionen aufzusteigen.
Studium im Bereich Informatik
Unser duales Studienprogramm bietet die ideale Kombination aus theoretischem Wissen und praktischer Erfahrung. Du wirst nicht nur an einer renommierten Hochschule studieren, sondern auch wertvolle Einblicke in unsere täglichen Arbeitsabläufe erhalten. Diese Option ermöglicht es dir, einen akademischen Abschluss zu erlangen und gleichzeitig praxisnahe Erfahrungen zu sammeln.
Ausgezeichnet
Regelmäßig bei den Jahrgangsbesten
Seit vielen Jahren zählen unsere Auszubildenden zu den Landesbesten ihres Jahrgangs. Darauf sind wir stolz und geben unser Bestes, unsere jungen Talente auch in der Berufsschule bestmöglich vorzubereiten.
Unsere Benefits für Azubis
Spar-Apps für 700 Shops
Mit unserer Spar App der CargoLine sowie der Corprate Benefits App des E.L.V.I.S Verbunds profitieren unsere Mitarbeitenden von Rabatt-Codes in über 700 Online-Shops.
Job-Rotation
Unsere Auszubildenden durchlaufen verschiedene Abteilungen und lernen schon früh den Facettenreichtum der gesamten Branche kennen. So findest du raus, was dir am besten liegt.
Hartmann-App
In unserer Mitarbeiter-App werden regelmäßig über die neuesten und wichtigsten Themen berichtet. Viele weitere Features sind auch enthalten.
Ausbildung verkürzen
Auszubildende, die motiviert ihre Aufgaben erledigen und parallel gute Noten in der Berufsschule erreichen, können ihre Ausbildung verkürzen (teilweise um ein ganzes Jahr).
Fahrrad-Leasing

Wir bieten unseren Mitarbeitenden ein attraktives Fahrrad-Leasing Modell an. Dazu suchen sich die Hartmänner und -frauen ihr Wunschfahrrad aus und zahlen die Leasingrate dabei vom Bruttolohn.
Betriebliche Altersvorsorge
Wir unterstützen dabei, dass jeder auch im hohen Alter finanziell abgesichert ist.
Hilfe bei privaten Problemsituationen
Unsere Mitarbeitenden liegen uns am Herzen. Aus diesem Grund bieten wir auch in privaten Problemsituationen unsere Hilfe an.
Azubi-Tage
Einmal im Jahr findet ein Azubitag statt, an dem sich alle Azubis treffen und zusammen den Tag verbringen z.B. beim Bowlen, im City Escape Game oder im Trampolinpark.
Gesundheitstage
Jedes Jahr finden die Hartmann-Gesundheitstage an allen Standorten der Hartmann-Gruppe statt. Zusätzlich werden thematisch wechselnde Vorträge von Fachexperten angeboten.
(Familien-) Feiern
Alle zwei Jahre laden wir an unserem Speditionsterminal zum großen Sommerfest, auf dem die Hartmänner und -frauen sowie deren Familien eingeladen sind.
Azubitage
City Escape Game
City-Escape Game durch Paderborn
Ausgestattet mit HARTMANN-Beutel und Proviant
Gemischte Gruppen aus allen Standorten, Berufszweigen und Ausbildungsjahrgängen
Essen bei Hans im Glück zum Abschluss","Einleitung
Starte jetzt deine Karriere in der IT.
Werde Teil des Hartmann-Teams und profitiere von einer ausgezeichneten Ausbildung zum/zur Fachinformatiker/-in Systemintegration.
Was du lernen wirst
Als Auszubildender im Beruf Fachinformatiker für Systemintegration übernimmst du eine entscheidende Rolle in der Planung, Implementierung und Wartung von IT-Systemen in Unternehmen.
Deine Tätigkeiten erstrecken sich über ein breites Spektrum technischer und organisatorischer Aufgaben:
• Systemanalyse und Beratung
Du analysierst die Anforderungen der Kunden oder internen Abteilungen und berätst sie hinsichtlich geeigneter IT-Lösungen. Dabei steht die Auswahl und Integration von Systemkomponenten im Mittelpunkt.
• Installation und Konfiguration von Systemen
Du installierst und konfigurierst Hard- und Softwarekomponenten, um sicherzustellen, dass IT-Systeme den individuellen Bedürfnissen des Unternehmens entsprechen. Das beinhaltet Server, Netzwerke, Betriebssysteme und Anwendungssoftware.
• Netzwerkadministration
Du wirst in der Verwaltung und Optimierung von Unternehmensnetzwerken geschult. Das umfasst die Einrichtung von Netzwerkkomponenten, die Überwachung der Netzwerkleistung und die Implementierung von Sicherheitsmaßnahmen.
• Fehlerbehebung
Im Falle von Störungen oder Fehlern bist du dafür verantwortlich, diese zu identifizieren und effizient zu beheben. Das erfordert oft eine schnelle und präzise Diagnose technischer Probleme.
• Datensicherung und IT-Sicherheit
Du trägst zur Implementierung von Datensicherungsstrategien bei und wirkst an Maßnahmen zur Gewährleistung der IT-Sicherheit mit.
• Kundenbetreuung und Schulung
Dauer und Voraussetzungen
Ausbildungsdauer: Die Ausbildung zum/zur Fachinformatiker/in Systemintegration bei Hartmann International erstreckt sich über eine Zeitdauer von 3 Jahren. In dieser Zeit wirst du umfassende Einblicke in die Welt der IT erhalten und dich zu einem kompetenten Profi in diesem Bereich entwickeln.
Voraussetzungen: Um dich für unsere Ausbildung zum/zur Fachinformatiker/in in Systemintegration zu bewerben, benötigst du eine der folgenden Qualifikationen:
• Abitur: Wenn du dein Abitur erfolgreich abgeschlossen hast, ist dies eine hervorragende Basis für deine Ausbildung bei uns. Dein Interesse an Logistik und dein Engagement sind entscheidend.
• Fachabitur: Ein erfolgreiches Fachabitur in wirtschaftlicher oder verwandter Richtung ist eine ausgezeichnete Grundlage für deine Ausbildung als Fachinformatiker/-in Systemintegration.
• Höhere Handelsschule: Wenn du die Höhere Handelsschule besucht hast und eine Leidenschaft für IT und Programmierung mitbringst, freuen wir uns auf deine Bewerbung.
Unabhängig von deiner Vorbildung ist es wichtig, dass du motiviert, teamorientiert und bereit bist, in einem dynamischen Umfeld zu arbeiten. Bei Hartmann International legen wir großen Wert auf die Weiterentwicklung unserer Auszubildenden und bieten dir die Möglichkeit, dein Potenzial voll auszuschöpfen.
Berufsschule der Fachinformatiker/in Systemintegration
Als Auszubildender zum/zur Fachinformatiker/in Systemintegration besuchst du das Richard-von-Weizsäcker-Berufskolleg in Paderborn.
Mehr erfahren
Karte laden
Google Maps immer entsperren
Perspektiven
Weiterbildungen im Bereich Informatik (z.B. zum/zur Softwareentwickler/in)
Wir bei Hartmann International unterstützen die kontinuierliche Weiterentwicklung unserer Mitarbeitenden. Nach deiner Ausbildung als Fachinformatiker/in Systemintegration stehen dir verschiedene Weiterbildungsmöglichkeiten offen, darunter der Staatlich geprüfte Betriebswirt oder der Wirtschaftsfachwirt. Diese qualifizierten Abschlüsse eröffnen dir neue Karrierechancen und ermöglichen es dir, in Führungspositionen aufzusteigen.
Studium im Bereich Informatik
Unser duales Studienprogramm bietet die ideale Kombination aus theoretischem Wissen und praktischer Erfahrung. Du wirst nicht nur an einer renommierten Hochschule studieren, sondern auch wertvolle Einblicke in unsere täglichen Arbeitsabläufe erhalten. Diese Option ermöglicht es dir, einen akademischen Abschluss zu erlangen und gleichzeitig praxisnahe Erfahrungen zu sammeln.
Ausgezeichnet
Regelmäßig bei den Jahrgangsbesten
Seit vielen Jahren zählen unsere Auszubildenden zu den Landesbesten ihres Jahrgangs. Darauf sind wir stolz und geben unser Bestes, unsere jungen Talente auch in der Berufsschule bestmöglich vorzubereiten.
Unsere Benefits für Azubis
Spar-Apps für 700 Shops
Mit unserer Spar App der CargoLine sowie der Corprate Benefits App des E.L.V.I.S Verbunds profitieren unsere Mitarbeitenden von Rabatt-Codes in über 700 Online-Shops.
Job-Rotation
Unsere Auszubildenden durchlaufen verschiedene Abteilungen und lernen schon früh den Facettenreichtum der gesamten Branche kennen. So findest du raus, was dir am besten liegt.
Hartmann-App
In unserer Mitarbeiter-App werden regelmäßig über die neuesten und wichtigsten Themen berichtet. Viele weitere Features sind auch enthalten.
Ausbildung verkürzen
Auszubildende, die motiviert ihre Aufgaben erledigen und parallel gute Noten in der Berufsschule erreichen, können ihre Ausbildung verkürzen (teilweise um ein ganzes Jahr).
Fahrrad-Leasing",2026-06-13T10:36:00.784720+00:00
AZDE-12003013,azubi_de_fi,3 ZB IT GmbH,Paderborn,33106 Paderborn DE,Ausbildung | Fachinformatiker/in Systemintegration (m/w/d),si,2026,8,,60,empty,,https://www.azubi.de/ausbildungsplatz/12003013-b-ausbildung-fachinformatiker-in-systemintegration-m-w-d/apply,portal,"Support mit Kundenkontakt:
Du unterstützt unsere Kunden im 1st Level Support, telefonisch, remote und vor Ort.
Echte IT-Projekte:
Du arbeitest an der Administration von Microsoft 365, Server-Infrastrukturen, Datensicherungen und IT-Security-Lösungen mit.
Vielseitigkeit:
Von der Arbeitsplatzeinrichtung über Netzwerktechnik bis zur Cloud-Lösung – bei uns wird es nicht eintönig.
Eigenverantwortung:
Mit wachsender Erfahrung übernimmst du eigene Aufgaben und kleinere Projekte.
Du passt zu uns, wenn du Folgendes mitbringst:
- einen guten Schulabschluss (Realschule, Fachabitur oder Abitur)
- echtes Interesse an IT – nicht nur Gaming, sondern auch:
Wie funktioniert das eigentlich?
- Kommunikationsstärke und Spaß am Umgang mit Menschen
- strukturierte, gewissenhafte Arbeitsweise
- Führerschein Klasse B ist ein Plus, aber kein Muss zum Start
Was wir dir anbieten:
- ein festes Mentoring durch einen erfahrenen Kollegen
- flexible Arbeitszeiten innerhalb unserer Geschäftszeiten
(Mo–Fr, 8–17 Uhr)
- Fitness-Studio-Mitgliedschaft und ergonomischer Arbeitsplatz
- regelmäßige Teamevents
- Übernahme-Perspektive nach der Ausbildung
- ein Team, das dich als Mensch sieht – nicht als „den Azubi“
Sonstiges:
- Art der Stelle: Vollzeit, Ausbildung
- Ausbildungsbeginn: August 2026
- Arbeitsort: Paderborn
Arbeitszeiten:
- Montag bis Freitag innerhalb unserer Geschäftszeiten von 8–17 Uhr
Leistungen:
- betriebliche Weiterbildung
- flexible Arbeitszeiten
- Homeoffice-Möglichkeit (nach Absprache)
Klingt nach dir?",,3 ZB IT GmbH | Ausbildung | Fachinformatiker/in Systemintegration (m/w/d) | Paderborn,tidak,belum,sedang,"Ausbildung Fachinformatiker/in Systemintegration (m/w/d)

Deine Aufgaben während der Ausbildung erstrecken sich u. a. über folgende Bereiche:

Einleitung
Zur Verstärkung unseres Teams suchen wir zum August 2026 eine(n) Auszubildende(n) zum Fachinformatiker für Systemintegration (m/w/d)
Du willst nicht drei Jahre lang Kabel sortieren und Drucker einrichten? Gut – wir auch nicht. Bei 3ZB lernst du IT so, wie sie in der Praxis funktioniert: direkt bei unseren Kunden, an echten Systemen, mit echten Herausforderungen.
Als Auszubildender bei uns bist du vom ersten Tag an Teil des Teams. Du begleitest Deine Kollegen zu Kunden vor Ort bei Projekten, arbeitest an IT-Infrastrukturen und lernst, wie man nicht nur Technik versteht, sondern auch die Menschen, die sie nutzen.","Einleitung
Zur Verstärkung unseres Teams suchen wir zum August 2026 eine(n) Auszubildende(n) zum Fachinformatiker für Systemintegration (m/w/d)
Du willst nicht drei Jahre lang Kabel sortieren und Drucker einrichten? Gut – wir auch nicht. Bei 3ZB lernst du IT so, wie sie in der Praxis funktioniert: direkt bei unseren Kunden, an echten Systemen, mit echten Herausforderungen.
Als Auszubildender bei uns bist du vom ersten Tag an Teil des Teams. Du begleitest Deine Kollegen zu Kunden vor Ort bei Projekten, arbeitest an IT-Infrastrukturen und lernst, wie man nicht nur Technik versteht, sondern auch die Menschen, die sie nutzen.",2026-06-13T10:38:44.971722+00:00
AUBI-332389,aubi_plus_fi,Hartmann International GmbH & Co. KG,Paderborn,33106 Paderborn,Ausbildung als Fachinformatiker/-in Systemintegration(m/w/d),si,,,,60,empty,personal@hartmann-international.de,https://www.aubi-plus.de/bewerbung/,email,"Kontakt
Personalwesen
+49 5251 7207-322
E-Mail anzeigen
Bewerbungsunterlagen
Anschreiben
Lebenslauf
die letzten 2 Schulzeugnisse
Praktikumsnachweise
Tipp: Beziehe Dich in Deiner Bewerbung auf AUBI-plus
Mit bewerbung2go kannst du deine Bewerbungsunterlagen erstellen.
Bildungspartner
Richard-von-Weizsäcker-Berufskolleg
33102 Paderborn
Deine AUBI-plus Jobmail
Lass deinen Bot für dich suchen! Lege deine Suchkriterien fest und lehn dich zurück. Du bekommst aktuelle Stellen für deinen Traumberuf direkt per Mail zugeschickt.
SUCHBOT ERSTELLEN
Ähnliche Suchanfragen:
AUSBILDUNG PADERBORN 2026
AUSBILDUNG IN NORDRHEIN-WESTFALEN
AUSBILDUNG 2026
AUSBILDUNG ALS FACHINFORMATIKER FACHRICHTUNG SYSTEMINTEGRATION (M/W/D) IN PADERBORN
6 weitere Stellen im Unternehmen
Ausbildung als Berufskraftfahrer/-in (m/w/d)
Hartmann International GmbH & Co. KG
33106 Paderborn
01.08.2026
Ausbildung als Fachinformatiker/-in Anwendungs­entwicklung (m/w/d)
Hartmann International GmbH & Co. KG
33106 Paderborn
01.08.2026
Ausbildung als Fachlagerist/-in (m/w/d)
Hartmann International GmbH & Co. KG
33106 Paderborn
01.08.2026
WEITERE STELLEN LADEN
AUBI-plus
Über uns
Karriere
Partner
FAQ
News & Events
Presse
Blog
Messen & Aktionstage
DEUTSCHES AUSBILDUNGSFORUM
Produkte & Dienstleistungen
Für Ausbildungsbetriebe
Für Hochschulen
Für Schulen
Für Eltern
Besuch uns auch auf:
Region ändern:
AUBI-plus Österreich (deutsch)
AUBI-plus Schweiz (deutsch)
AUBI-plus Italien (deutsch)
AUBI-plus
Impressum
AGB
Datenschutz
Bildrechte
Kontakt",,Hartmann International GmbH & Co. KG | Ausbildung als Fachinformatiker/-in Systemintegration(m/w/d) | Paderborn,tidak,belum,tinggi,"Ausbildung als Fachinformatiker/-in Systemintegration(m/w/d)

Während und nach der Ausbildung unterstützen wir unsere Mitarbeiter zudem bei Fort- und Weiterbildungen. Durch ein zuverlässiges Vergütungssystem können unsere Auszubildenden die Aufgaben in Schule und Unternehmen sorgenfrei und in finanzieller Sicherheit angehen.
Starte jetzt deine Karriere bei uns und bewirb dich für eine Ausbildung als
Fachinformatiker/-in Systemintegration (m/w/d)
Tätigkeit: n Fachinformatiker/innen der Fachrichtung Systemintegration realisieren kundenspezifische Informations- und Kommunikationslösungen. Hierfür vernetzen sie Hard- und Softwarekomponenten zu komplexen Systemen. Daneben beraten und schulen sie Benutzer.
Voraussetzung: Abitur, ggf. Vorbildung aus IT-Schule
Ausbildungsdauer: 3 Jahre
Berufsschule: Richard-von-Weizsäcker-Berufskolleg Paderborn
Perspektive: Studium (z.B. Informatik), diverse Weiterbildungen (z.B. zum/zur Softwareentwickler/-in)
Wir freuen uns auf deine Bewerbung
Stellendetails
Beruf:
Fachinformatiker / Fachinformatikerin Fachrichtung Systemintegration
Bewerbungsfrist:
Offen
Mindestabschluss:
Allgemeine Hochschulreife (Abitur)
ggf. Vorbildung aus IT-Schule
Freie Ausbildungsplätze:
Freie Plätze vorhanden
Dauer:
3 Jahre
Referenz-Nr:
AUBI-332389
(Bitte in der Bewerbung angeben)
Kopieren
Dein persönlicher Matching-Score
Du willst wissen, wie gut diese Stelle zu dir passt? Dann registriere dich und mach das Matching. Mehr erfahren",,2026-06-13T14:49:12.839411+00:00
AUBI-119573,aubi_plus_fi,iquer.net GmbH & Co. KG,Paderborn,33100 Paderborn,Ausbildung zur/zum Fachinformatiker/in Fachrichtung Systemintegration (m/w/d),si,,,,60,empty,bewerbung@iquer.net,https://www.aubi-plus.de/bewerbung/,email,"Kontakt
Herr Frank Reinke
+49 5251 7774-180
E-Mail anzeigen
Herr Mathias Graf
Administrator
E-Mail anzeigen
Bewerbungsunterlagen
vollständige Bewerbungsunterlagen
Anschreiben
Lebenslauf
die letzten 2 Schulzeugnisse
Tipp: Beziehe dich in deiner Bewerbung auf AUBI-plus!
Mit bewerbung2go kannst du deine Bewerbungsunterlagen erstellen.
Deine AUBI-plus Jobmail
Lass deinen Bot für dich suchen! Lege deine Suchkriterien fest und lehn dich zurück. Du bekommst aktuelle Stellen für deinen Traumberuf direkt per Mail zugeschickt.
SUCHBOT ERSTELLEN
Ähnliche Suchanfragen:
AUSBILDUNG PADERBORN 2026
AUSBILDUNG IN NORDRHEIN-WESTFALEN
AUSBILDUNG 2026
AUSBILDUNG ALS FACHINFORMATIKER FACHRICHTUNG SYSTEMINTEGRATION (M/W/D) IN PADERBORN
AUBI-plus
Über uns
Karriere
Partner
FAQ
News & Events
Presse
Blog
Messen & Aktionstage
DEUTSCHES AUSBILDUNGSFORUM
Produkte & Dienstleistungen
Für Ausbildungsbetriebe
Für Hochschulen
Für Schulen
Für Eltern
Besuch uns auch auf:
Region ändern:
AUBI-plus Österreich (deutsch)
AUBI-plus Schweiz (deutsch)
AUBI-plus Italien (deutsch)
AUBI-plus
Impressum
AGB
Datenschutz
Kontakt",,iquer.net GmbH & Co. KG | Ausbildung zur/zum Fachinformatiker/in Fachrichtung Systemintegration (m/w/d) | Paderborn,tidak,belum,tinggi,"Ausbildung zur/zum Fachinformatiker/in Fachrichtung Systemintegration (m/w/d)

Deine Aufgaben:
Du wirst Teil unseres IT-Teams und arbeitest an anspruchsvollen Projekten mit.
Du unterstützt bei der Installation, Konfiguration und Wartung von IT-Systemen.
Du lernst, wie man Netzwerke plant, aufbaut und optimiert.
Du hilfst bei der Fehlerdiagnose und -behebung in Hard- und Softwarekomponenten.
Du wirst schrittweise in die Kundenbetreuung und -beratung eingeführt.
Du entwickelst deine Fähigkeiten in der Systemadministration und im User-Support weiter.
Deine Qualitäten:
Du hast einen guten Schulabschluss (mindestens Fachoberschulreife) und Interesse an Informationstechnologie.
Du bist neugierig und lernbereit, und IT-Themen faszinieren dich.
Du arbeitest gerne im Team und kannst gut kommunizieren.
Du zeigst Engagement und eine selbstständige Arbeitsweise.
Du besitzt eine hohe Problemlösungskompetenz und analytisches Denkvermögen.
Unser Angebot:
Eine fundierte Ausbildung in einem zukunftsorientierten Bereich.
Praxisorientierte Schulungen und Workshops.
Die Möglichkeit, an realen Projekten mitzuwirken und Verantwortung zu übernehmen.
Unterstützung bei der Vorbereitung auf die Abschlussprüfung.
Ein angenehmes Arbeitsumfeld in einem motivierten Team.

Eine attraktive Ausbildungsvergütung.
Wenn du deine Karriere in der IT starten möchtest und eine praxisnahe Ausbildung suchst, bist du bei uns richtig. Wir freuen uns darauf, dich auf deinem Weg zum IT-Fachinformatiker (m/w/d) zu begleiten.
Bewirb dich jetzt und sende deine Unterlagen inklusive Lebenslauf und Zeugnissen an bewerbung@iquer.net. Wir sind gespannt auf deine Bewerbung!
Hinweis: In dieser Stellenanzeige sind männliche und weibliche Bewerber gleichermaßen angesprochen. Die Verwendung der männlichen Form dient lediglich der besseren Lesbarkeit. Wir begrüßen und unterstützen die Vielfalt in unserem Unternehmen.
Bitte gib bei Deiner Bewerbung die Referenz-Nr. AUBI-119573 mit an.
Stellendetails
Beruf:
Fachinformatiker / Fachinformatikerin Fachrichtung Systemintegration
Bewerbungsfrist:
Offen
Mindestabschluss:
Fachhochschulreife
Freie Ausbildungsplätze:
1
Auch geeignet für:
Umschüler*innen
Studienabbrecher*innen
Dauer:
3 Jahre
Referenz-Nr:
AUBI-119573
(Bitte in der Bewerbung angeben)
Kopieren
Dein persönlicher Matching-Score
Du willst wissen, wie gut diese Stelle zu dir passt? Dann registriere dich und mach das Matching. Mehr erfahren",,2026-06-13T14:50:03.308674+00:00
AUBI-219989,aubi_plus_fi,S&N Invent GmbH,Paderborn,33100 Paderborn,Ausbildung | Fachinformatiker mit Zusatzqualifikation Fachberater Integrierte Systeme (m/w/d),si,,,,60,empty,,https://www.aubi-plus.de/bewerbung/,portal,"Kontakt
Herr Matthew Langham
Professional Education
+49 5251 1581-557
E-Mail anzeigen
Bewerbungsunterlagen
Anschreiben
Lebenslauf
letztes Schulzeugnis
Praktikumsnachweise
sonstige Qualifikationsnachweise
aktuelles Foto
Angebotskennung: FIS
Mit bewerbung2go kannst du deine Bewerbungsunterlagen erstellen.
Bildungspartner
ATIW gGmbH
33106 Paderborn
Deine AUBI-plus Jobmail
Lass deinen Bot für dich suchen! Lege deine Suchkriterien fest und lehn dich zurück. Du bekommst aktuelle Stellen für deinen Traumberuf direkt per Mail zugeschickt.
SUCHBOT ERSTELLEN
Ähnliche Suchanfragen:
AUSBILDUNG PADERBORN 2026
AUSBILDUNG IN NORDRHEIN-WESTFALEN
AUSBILDUNG 2026
AUSBILDUNG ALS FACHINFORMATIKER FACHRICHTUNG SYSTEMINTEGRATION (M/W/D) IN PADERBORN
1 weitere Stelle im Unternehmen
Bachelor of Science Wirtschaftsinformatik (m/w/d)
S&N Invent GmbH
33100 Paderborn
01.10.2026
AUBI-plus
Über uns
Karriere
Partner
FAQ
News & Events
Presse
Blog
Messen & Aktionstage
DEUTSCHES AUSBILDUNGSFORUM
Produkte & Dienstleistungen
Für Ausbildungsbetriebe
Für Hochschulen
Für Schulen
Für Eltern
Besuch uns auch auf:
Region ändern:
AUBI-plus Österreich (deutsch)
AUBI-plus Schweiz (deutsch)
AUBI-plus Italien (deutsch)
AUBI-plus
Impressum
AGB
Datenschutz
Kontakt",,S&N Invent GmbH | Ausbildung | Fachinformatiker mit Zusatzqualifikation Fachberater Integrierte Systeme (m/w/d) | Paderborn,tidak,belum,sedang,"Fachinformatiker mit Zusatzqualifikation Fachberater Integrierte Systeme (m/w/d)

Für eine erfolgreiche Bewerbung sollten Sie folgende Voraussetzungen erfüllen:
Allgemeine Hochschulreife oder vergleichbarer Abschluss
Abschlussnote 2,7 oder besser
Spaß an IT-Themen und Interesse an IT-technischen Zusammenhängen
Schnelle Auffassungsgabe, Aufgeschlossenheit, Team- und Kommunikationsfähigkeit, Engagement

Wir bieten
Eine interessante und anspruchsvolle Ausbildung
Individuelle Betreuung
Kompetente und hilfsbereite Kollegen/-innen
Teamorientiertes Arbeiten
Gleitzeit während der Praxisphasen
Angemessene Ausbildungsvergütung
Siehe auch Information und Angebote unter IT-Ausbildung und Studium in Paderborn - S&N Group (sn-invent.de)
Stellendetails
Beruf:
Fachinformatiker / Fachinformatikerin Fachrichtung Systemintegration
Bewerbungsfrist:
Offen
Mindestabschluss:
Fachgebundene Hochschulreife
Gute Abschlussnoten werden erwartet
Freie Ausbildungsplätze:
1
Auch geeignet für:
Studienabbrecher*innen
Dauer:
3 Jahre
Referenz-Nr:
AUBI-219989
(Bitte in der Bewerbung angeben)
Kopieren
Dein persönlicher Matching-Score
Du willst wissen, wie gut diese Stelle zu dir passt? Dann registriere dich und mach das Matching. Mehr erfahren","Für eine erfolgreiche Bewerbung sollten Sie folgende Voraussetzungen erfüllen:
Allgemeine Hochschulreife oder vergleichbarer Abschluss
Abschlussnote 2,7 oder besser
Spaß an IT-Themen und Interesse an IT-technischen Zusammenhängen
Schnelle Auffassungsgabe, Aufgeschlossenheit, Team- und Kommunikationsfähigkeit, Engagement",2026-06-13T14:55:01.296279+00:00
AUBI-242291,aubi_plus_fi,Net at Work GmbH,Paderborn,Am Hoppenhof 32 A 33104 Paderborn,Ausbildung zum Fachinformatiker für Systemintegration *,si,,,,53,company,,https://www.aubi-plus.de/bewerbung/,portal,"Kontakt
Frau Daniela Henkenötter
Human Resources/Ausbildung
+49 5251 304616
Frau Svenja Franßen
Human Resources/Recruiting
+49 5251 304840
Bewerbungsunterlagen
vollständige Bewerbungsunterlagen
Anschreiben
Lebenslauf
die letzten 2 Schulzeugnisse
sonstige Qualifikationsnachweise
Tipp: Beziehe dich in deiner Bewerbung auf AUBI-plus!
Mit bewerbung2go kannst du deine Bewerbungsunterlagen erstellen.
Deine AUBI-plus Jobmail
Lass deinen Bot für dich suchen! Lege deine Suchkriterien fest und lehn dich zurück. Du bekommst aktuelle Stellen für deinen Traumberuf direkt per Mail zugeschickt.
SUCHBOT ERSTELLEN
Ähnliche Suchanfragen:
AUSBILDUNG PADERBORN 2026
AUSBILDUNG IN NORDRHEIN-WESTFALEN
AUSBILDUNG 2026
AUSBILDUNG ALS FACHINFORMATIKER FACHRICHTUNG SYSTEMINTEGRATION (M/W/D) IN PADERBORN
4 weitere Stellen im Unternehmen
Duales Studium - Angewandte Informatik (B.Sc.) *
Net at Work GmbH
33104 Paderborn
01.09.2026
Ausbildung - Fachinformatiker für Anwendungsentwicklung *
Net at Work GmbH
33104 Paderborn
01.09.2026
Duales Studium - Wirtschaftsinformatik (B.Sc.) *
Net at Work GmbH
33104 Paderborn
01.09.2026
WEITERE STELLEN LADEN
AUBI-plus
Über uns
Karriere
Partner
FAQ
News & Events
Presse
Blog
Messen & Aktionstage
DEUTSCHES AUSBILDUNGSFORUM
Produkte & Dienstleistungen
Für Ausbildungsbetriebe
Für Hochschulen
Für Schulen
Für Eltern
Besuch uns auch auf:
Region ändern:
AUBI-plus Österreich (deutsch)
AUBI-plus Schweiz (deutsch)
AUBI-plus Italien (deutsch)
AUBI-plus
Impressum
AGB
Datenschutz
Bildrechte
Kontakt",,Net at Work GmbH | Ausbildung zum Fachinformatiker für Systemintegration * | Paderborn,tidak,belum,sedang,Ausbildung zum Fachinformatiker für Systemintegration *,,2026-06-13T14:52:20.932737+00:00
AZDE-11674630,azubi_de_fi,Mettenmeier GmbH,Paderborn,33100 Paderborn DE,Ausbildung | Fachinformatiker*in Systemintegration (m/w/d) ab 1. August 2026,si,,,,47,empty,,https://www.azubi.de/ausbildungsplatz/11674630-b-ausbildung-fachinformatiker-in-systemintegration-m-w-d-ab-1-august-2026/apply,portal,,,Mettenmeier GmbH | Ausbildung | Fachinformatiker*in Systemintegration (m/w/d) ab 1. August 2026 | Paderborn,ya,belum,rendah,"Ausbildung Fachinformatiker*in Systemintegration (m/w/d) ab 1. August 2026

Einleitung
Du willst nicht einfach irgendeine Ausbildung, sondern eine, die wirklich zu Dir passt - mit Perspektive, Technik und Zukunft? Dann bist Du bei uns genau richtig!
Egal, ob Du gerade studierst und eine neue Orientierung suchst oder kurz vor dem Abitur bzw. der Fachhochschulreife stehst – wir suchen Dich!
Ausbildungsstart: 1. August 2026
Ausbildungsplatz: Fachinformatikerin Systemintegration (m/w/d)*
Der schulische Teil der Ausbildung findet an der privaten IT-Berufsschule ""bib International College"" statt. Die Gebühren im Höhe von 7.200,00 € werden von uns übernommen.
Klingt gut? Dann warte nicht länger - starte Deine Zukunft mit uns!
Darum geht’s:
- Du installierst, konfigurierst und betreust Systeme der Informations- und Telekommunikationstechnik entsprechend der gestellten Anforderungen
- Du unterstützt den Bereich IT-Services bei der Fehlerdiagnosen und -behebung
- Du wirkst bei der Betreuung der Netzwerkinfrastruktur, der Serverlandschaft und der eingesetzten Security-Lösungen mit
Das bringst Du mit:
- Du hast die Fachhochschulreife bzw. Hochschulreife
- Du verfügst über gute Kenntnisse in Informatik, Mathematik, Deutsch und Englisch
- Du bringst solide PC- und Hardwarekenntnisse mit
- Du besitzt grundlegende Netzwerkkenntnisse
- Du arbeitest eigenverantwortlich und sorgfältig
- Du zeigst überdurchschnittliche Einsatzbereitschaft und bist neugierig
- Du bist teamfähig und hast Freude an der Arbeit
- Ein Führerschein ist von Vorteil
Du willst Teil unseres Teams werden und hast Interesse an einer Ausbildung bei Mettenmeier?
Dann freuen wir uns über Deine Online-Bewerbung unter https://www.mettenmeier.de/karriere/.
Aufgaben","Einleitung
Du willst nicht einfach irgendeine Ausbildung, sondern eine, die wirklich zu Dir passt - mit Perspektive, Technik und Zukunft? Dann bist Du bei uns genau richtig!
Egal, ob Du gerade studierst und eine neue Orientierung suchst oder kurz vor dem Abitur bzw. der Fachhochschulreife stehst – wir suchen Dich!
Ausbildungsstart: 1. August 2026
Ausbildungsplatz: Fachinformatikerin Systemintegration (m/w/d)*
Der schulische Teil der Ausbildung findet an der privaten IT-Berufsschule ""bib International College"" statt. Die Gebühren im Höhe von 7.200,00 € werden von uns übernommen.
Klingt gut? Dann warte nicht länger - starte Deine Zukunft mit uns!
Darum geht’s:
- Du installierst, konfigurierst und betreust Systeme der Informations- und Telekommunikationstechnik entsprechend der gestellten Anforderungen
- Du unterstützt den Bereich IT-Services bei der Fehlerdiagnosen und -behebung
- Du wirkst bei der Betreuung der Netzwerkinfrastruktur, der Serverlandschaft und der eingesetzten Security-Lösungen mit
Das bringst Du mit:
- Du hast die Fachhochschulreife bzw. Hochschulreife
- Du verfügst über gute Kenntnisse in Informatik, Mathematik, Deutsch und Englisch
- Du bringst solide PC- und Hardwarekenntnisse mit
- Du besitzt grundlegende Netzwerkkenntnisse
- Du arbeitest eigenverantwortlich und sorgfältig
- Du zeigst überdurchschnittliche Einsatzbereitschaft und bist neugierig
- Du bist teamfähig und hast Freude an der Arbeit
- Ein Führerschein ist von Vorteil
Du willst Teil unseres Teams werden und hast Interesse an einer Ausbildung bei Mettenmeier?
Dann freuen wir uns über Deine Online-Bewerbung unter https://www.mettenmeier.de/karriere/.
Aufgaben",2026-06-13T10:37:41.624737+00:00
NRW-3278-6267,ausbildung_nrw_dpa,Connext Communication GmbH,Paderborn,Balhorner Feld 11 33106 Paderborn,Ausbildung | Fachinformatiker/in - Daten- und Prozessanalyse (2025),dual,,,,87,company,thomas.plet@connext.de,https://connext.de/connext/karriere/ausbildung.aspx,email,"Kontakt
0525177111097
thomas.plet@connext.de
https://www.connext.de/connext/karriere/stellenangebote.aspx
Balhorner Feld 11
33106 Paderborn
Thomas Plet
Personalreferent
0525177111097
thomas.plet@connext.de
S
Stefanie Disse
Personalreferentin
05251-771-115
sdi@connext.de
C
Christina Zweigle
Personalleitung
05251771242
cz@connext.de
Standort
+
–
⤢
info@ausbildung.nrw
Kontakt
Datenschutz
Impressum
Ausbildung.NRW ist ein Kooperationsprojekt der Industrie- und Handelskammern in Nordrhein-Westfalen.
umgesetzt von der www.spieker.agency",,Connext Communication GmbH | Ausbildung | Fachinformatiker/in - Daten- und Prozessanalyse (2025) | Paderborn,tidak,belum,tinggi,"Fachinformatiker/in - Daten- und Prozessanalyse (2025)

Fachinformatiker/in - Daten- und Prozessanalyse in Paderborn (2025)
Mehr Informationen
Bachelor of Science Wirtschaftsinformatik in Paderborn (2025)
Mehr Informationen
Bachelor Informatik in Paderborn (2025)
Mehr Informationen
Fachinformatiker/in - Systemintegration in Paderborn (2025)
Mehr Informationen
Fachinformatiker/in - Anwendungsentwicklung in Paderborn (2025)
Mehr Informationen
Kaufmann/frau - IT-System-Management in Paderborn (2025)
Mehr Informationen
Koch/Köchin in Paderborn (2025)
Mehr Informationen
Hotelfachmann/frau in Paderborn (2025)
Mehr Informationen
Angebote
Duales Studium
Sonstiges
Praktikum
Duale Ausbildung

Schon gewusst?
Im Betriebsrestaurant unseres Seminar- und Tagungshotels (Hotel Vivendi) kannst Du täglich aus mehreren reichhaltigen Speisen auswählen, die für Dich als Mitarbeiter*in vergünstigt sind. Die Getränkeverpflegung ist übrigens kostenlos. Überschüssige Energie kannst Du nach Feierabend im Sportbereich an den Geräten oder im hausinternen Squash-Court abbauen.

So kannst du dich bewerben
Bitte sende uns Deine Bewerbungsunterlagen ausschließlich in digitaler Form zu. Deine Bewerbung sollte ein Anschreiben, einen Lebenslauf sowie die letzten beiden Schulzeugnisse enthalten. Für Rückfragen stehe ich natürlich gern zur Verfügung. Wir freuen uns auf Deine Bewerbung.",,2026-06-12T10:00:24.451814+00:00
NRW-3278-6272,ausbildung_nrw_ae,Connext Communication GmbH,Paderborn,Balhorner Feld 11 33106 Paderborn,Ausbildung | Fachinformatiker/in - Anwendungsentwicklung (2025),dual,,,,87,company,thomas.plet@connext.de,https://connext.de/connext/karriere/ausbildung.aspx,email,"Kontakt
0525177111097
thomas.plet@connext.de
https://www.connext.de/connext/karriere/stellenangebote.aspx
Balhorner Feld 11
33106 Paderborn
Thomas Plet
Personalreferent
0525177111097
thomas.plet@connext.de
S
Stefanie Disse
Personalreferentin
05251-771-115
sdi@connext.de
C
Christina Zweigle
Personalleitung
05251771242
cz@connext.de
Standort
+
–
⤢
info@ausbildung.nrw
Kontakt
Datenschutz
Impressum
Ausbildung.NRW ist ein Kooperationsprojekt der Industrie- und Handelskammern in Nordrhein-Westfalen.
umgesetzt von der www.spieker.agency",,Connext Communication GmbH | Ausbildung | Fachinformatiker/in - Anwendungsentwicklung (2025) | Paderborn,tidak,belum,tinggi,"Fachinformatiker/in - Anwendungsentwicklung (2025)

Fachinformatiker/in - Anwendungsentwicklung in Paderborn (2025)
Mehr Informationen
Kaufmann/frau - IT-System-Management in Paderborn (2025)
Mehr Informationen
Koch/Köchin in Paderborn (2025)
Mehr Informationen
Hotelfachmann/frau in Paderborn (2025)
Mehr Informationen
Angebote
Duales Studium
Sonstiges
Praktikum
Duale Ausbildung

Schon gewusst?
Im Betriebsrestaurant unseres Seminar- und Tagungshotels (Hotel Vivendi) kannst Du täglich aus mehreren reichhaltigen Speisen auswählen, die für Dich als Mitarbeiter*in vergünstigt sind. Die Getränkeverpflegung ist übrigens kostenlos. Überschüssige Energie kannst Du nach Feierabend im Sportbereich an den Geräten oder im hausinternen Squash-Court abbauen.

So kannst du dich bewerben
Bitte sende uns Deine Bewerbungsunterlagen ausschließlich in digitaler Form zu. Deine Bewerbung sollte ein Anschreiben, einen Lebenslauf sowie die letzten beiden Schulzeugnisse enthalten. Für Rückfragen stehe ich natürlich gern zur Verfügung. Wir freuen uns auf Deine Bewerbung.",,2026-06-12T09:54:32.300580+00:00
NRW-3436-6558,ausbildung_nrw_ae,dSPACE GmbH,Paderborn,Rathenaustraße 26 33102 Paderborn,Ausbildung | Fachinformatiker/in - Anwendungsentwicklung (2026),dual,,,,87,company,info@dspace.de,https://www.dspace.com/de/gmb/home/career/jobfinder/stellen.cfm?fuseaction=einzel&jid=36046&t=Ausbildung%20%2D%20Fachinformatiker%20%28m%2Fw%2Fd%29%20f%C3%BCr%20Anwendungsentwicklung,email,"Kontakt
+49 5251 1638-0
info@dspace.de
https://www.dspace.com/de/gmb/home/career.cfm
Rathenaustraße 26
33102 Paderborn
Lara Rose de Sousa
HR Specialist
+ 49 5251 1638 1380
lrosedesousa@dspace.de
Social Media
Standort
+
–
⤢
info@ausbildung.nrw
Kontakt
Datenschutz
Impressum
Ausbildung.NRW ist ein Kooperationsprojekt der Industrie- und Handelskammern in Nordrhein-Westfalen.
umgesetzt von der www.spieker.agency",,dSPACE GmbH | Ausbildung | Fachinformatiker/in - Anwendungsentwicklung (2026) | Paderborn,tidak,belum,tinggi,"Fachinformatiker/in - Anwendungsentwicklung (2026)

Fachinformatiker/in - Anwendungsentwicklung in Paderborn (2026)
Industriekaufmann/frau in Paderborn (2026)
Bachelor Informatik in Paderborn (2026)
Fachinformatiker/in - Systemintegration in Paderborn (2026)
Bachelor of Science Wirtschaftsinformatik in Paderborn (2026)
Elektroniker/in – Geräte und Systeme in Paderborn (2026)
Fachkraft – Lagerlogistik in Paderborn (2026)
Elektroniker/in – Betriebstechnik in Paderborn (2026)
Angebote
Duales Studium
Berufsfelderkundungstag
Sonstiges
Praktikum
Duale Ausbildung

Schon gewusst?
- Wir arbeiten an den Zukunftstechnologien der Automobilindustrie
- Internationales Team
- Gute Übernahmechancen nach erfolgreichem Ausbildungsabschluss
- Umfangreiches Firmenfitnessprogramm in Kooperation mit EGYM Wellpass
- Attraktive Vergütung und ein zusätzliches 13. Monatsgehalt
- Optimale Prüfungsvorbereitung
- Mentoren zur Unterstützung bei Aufgaben
- Eigenverantwortliche Projekte während der Ausbildung
- Flexible Arbeitszeiten
Mehr Informationen

So kannst du dich bewerben
Wir freuen uns über deine Bewerbung mit vollständigen Unterlagen (Anschreiben, Lebenslauf, Kopien der letzten beiden Schulzeugnisse, eventuell Praktikumsbescheinigungen) über das Bewerberportal auf unserer Homepage: https://www.dspace.com/de/gmb/home/career/schuelerinnen-und-schueler.cfm Für den Ausbildungsbeginn am 01. August 2025 suchen wir ab sofort wieder motivierte Talente!
Mehr Informationen",,2026-06-12T09:54:50.779637+00:00
NRW-4321-8953,ausbildung_nrw_ae,Mettenmeier GmbH,Paderborn,Klingenderstr. 10 - 14 33100 Paderborn,Ausbildung | Fachinformatiker/in - Anwendungsentwicklung (2026),dual,,,,87,company,personal@mettenmeier.de,https://www.mettenmeier.de/,email,"Kontakt
05251 150-353
personal@mettenmeier.de
https://www.mettenmeier.de/
Klingenderstr. 10 - 14
33100 Paderborn
M
Martina Sicken
Personalwesen
05251 150-329
martina.sicken@mettenmeier.de
Social Media
Standort
+
–
⤢
info@ausbildung.nrw
Kontakt
Datenschutz
Impressum
Ausbildung.NRW ist ein Kooperationsprojekt der Industrie- und Handelskammern in Nordrhein-Westfalen.
umgesetzt von der www.spieker.agency",,Mettenmeier GmbH | Ausbildung | Fachinformatiker/in - Anwendungsentwicklung (2026) | Paderborn,tidak,belum,tinggi,"Fachinformatiker/in - Anwendungsentwicklung (2026)

Fachinformatiker/in - Anwendungsentwicklung in Paderborn (2026)
Mehr Informationen
Fachinformatiker/in - Systemintegration in Paderborn (2026)
Mehr Informationen
Kaufmann/frau - IT-System-Management in Paderborn (2026)
Mehr Informationen
Duales Studium Informatik in Paderborn (2026)
Mehr Informationen
Angebote
Duales Studium
Berufsfelderkundungstag
Praktikum
Duale Ausbildung

Schon gewusst?
Eine Ausbildung ist reines lernen – diese Annahme ist bei uns weit gefehlt.
Die Ausbildung bei Mettenmeier bietet dir eine spannende Zeit über das Berufliche und Schulische hinaus. Neben der reinen Ausbildung erhältst du Weiterbildungen und Schulungen wie zum Beispiel in Excel, Word und auch deine Englischkenntnisse werden weiter ausgebaut. Darüber hinaus gibt es verschiedene Veranstaltung, wie ein Fahrsicherheitstraining oder die Gesundheitstage. Schon zu Beginn erhältst du Aufgaben mit Verantwortung und kannst zeigen, was in dir steckt. Die Interessen und Wünsche der Auszubildenden werden bei Mettenmeier durch eine Jugend- und Auszubildendenvertretung repräsentiert.
Du beendest demnächst die Schule oder hast festgestellt, dass ein Studium doch nichts für dich ist und du lieber aktiv in ein Unternehmen einsteigen willst? Dann informiere dich gerne über unsere technischen und kaufmännischen Ausbildungsberufe. Oder möchtest du neben deinem Studium erste Einblicke in die Praxis erlangen? Wir bieten Studentinnen und Studenten die Möglichkeit sich als studentische Hilfskraft in unser Unternehmen einzubringen und unser Team zu unterstützen. Durch das Gleitzeitmodell kann das Studium optimal mit der Arbeitszeit verknüpft werden.
Mehr Informationen

So kannst du dich bewerben",,2026-06-12T09:57:09.867477+00:00
NRW-3160-6044,ausbildung_nrw_ae,Raynet GmbH,Paderborn,Technologiepark 22 33100 Paderborn,"Ausbildung | Fachinformatiker/in - Anwendungsentwicklung (2026, 2027)",dual,,,,87,company,bewerbungen@raynet.de,https://raynet.de/karriere/fachinformatiker-in-fuer-anwendungsentwicklung-m-w-x/,email,"Bei besonderen Leistungen & viel Engagement hast Du die Chance auf den Titel “Azubi des Monats” und darfst zur Belohnung einen Monat kostenfrei unseren Azubiwagen fahren. Darauf kannst Du Dich ebenfalls freuen: • Viel Platz für eigenverantwortliches Handeln, frische Ideen und neue Herausforderungen • Flache Hierarchien, direkte Ansprechpartner und schnelle Entscheidungswege • Vielfältige Aufgaben und Projekte in einem innovativen Umfeld • Junges, dynamisches Team in einem modernen Büro • Teamevents & Work-Life-Balance • Individuelle Weiterbildungsmaßnahmen • Eine anspruchsvolle, praxisnahe und zukunftsorientierte Ausbildung mit • vielen Weiterentwicklungsmöglichkeiten in einem international wachsenden Unternehmen • Hauseigenes Fitnessstudio mit Sauna • 85 m² große Dachterrasse mit Panoramablick über Paderborn • Ladesäulen für E-Bike und E-Auto • Kaffee-, Tee- & Wasserflatrate sowie Obst & Süßigkeiten • Zuschuss zur Nutzung des ÖPNV
Mehr Informationen
Kontakt
05251 54009-0
Kontakt
Datenschutz
Impressum
Ausbildung.NRW ist ein Kooperationsprojekt der Industrie- und Handelskammern in Nordrhein-Westfalen.
umgesetzt von der www.spieker.agency",,"Raynet GmbH | Ausbildung | Fachinformatiker/in - Anwendungsentwicklung (2026, 2027) | Paderborn",tidak,belum,tinggi,"Fachinformatiker/in - Anwendungsentwicklung (2026, 2027)

Fachinformatiker/in - Anwendungsentwicklung in Paderborn (2026, 2027)
Mehr Informationen
Fachinformatiker/in - Systemintegration in Paderborn (2026, 2027)
Mehr Informationen
Kaufmann/frau – Büromanagement in Paderborn (2027)
Mehr Informationen
Kaufmann/frau - Digitalisierungsmanagement in Paderborn (2027)
Mehr Informationen
Angebote
Duales Studium
Duale Ausbildung

Schon gewusst?

So kannst du dich bewerben
Schreib uns einfach eine E-Mail mit Deinem Anschreiben, Lebenslauf und Zeugnissen an bewerbungen@raynet.de oder bewirb Dich direkt über das Online-Formular auf unserer Website.
bewerbungen@raynet.de
https://www.raynet.de
Technologiepark 22
33100 Paderborn
Simon Fröhlich
Chief Finance & Operating Officer | Ausbildungsleitung
(05251) 54009-0
bewerbungen@raynet.de
Social Media
Standort
+
–
⤢
info@ausbildung.nrw",,2026-06-12T09:58:18.134569+00:00
NRW-3239-6205,ausbildung_nrw_ae,TEAM GmbH,Paderborn,Hermann-Löns-Str. 88 33104 Paderborn,Ausbildung | Fachinformatiker/in - Anwendungsentwicklung,dual,,,,87,company,bewerbung@team-pb.de,https://www.team-pb.de/karriere/ausbildung-studium-praktikum/,email,"Kontakt
05254/8008-0
Kontakt
Datenschutz
Impressum
Ausbildung.NRW ist ein Kooperationsprojekt der Industrie- und Handelskammern in Nordrhein-Westfalen.
umgesetzt von der www.spieker.agency",,TEAM GmbH | Ausbildung | Fachinformatiker/in - Anwendungsentwicklung | Paderborn,tidak,belum,tinggi,"Fachinformatiker/in - Anwendungsentwicklung

Fachinformatiker/in - Anwendungsentwicklung in Paderborn
Mehr Informationen
Bachelor of Science Wirtschaftsinformatik in Paderborn
Mehr Informationen
Angebote
Duales Studium
Praktikum
Duale Ausbildung

Du stehst auf eine Welt rund um die Informatik, Kommunikation und Teamarbeit? Dann bist du als junges Talent bei uns genau richtig. Aber schau doch selbst… Die TEAM GmbH ist als Oracle Platinum Partner auf die Konzeption und Realisierung moderner IT-Lösungen auf Basis von Standardsoftware oder als Individualentwicklung spezialisiert. Wir entwickeln komplexe Lösungen für nationale und internationale Kunden. Wir haben den Anspruch, zukunftsorientierte Lösungen und Architekturen passgenau für die Unternehmen bereit zu stellen, so dass der Return on Invest in kürzester Zeit erfolgen kann. Die enge Partnerschaft zu Oracle schafft hervorragende Möglichkeiten, neueste Technologiekonzepte zeitnah in die Praxis zu überführen - dazu benötigen wir Nachwuchs! Erfahre mehr unter: www.team-pb.de/karriere/ausbildung/ (Bitte den Link einfach kopieren und im Browser einfügen) Gestalte die digitale Zukunft – bei TEAM! Das ist bei uns gelebte Praxis. Unsere Ausbildungen haben alle etwas gemeinsam: sie bieten anspruchsvolle Aufgaben, die du in einem engagierten Team am Standort in Paderborn übernimmst. Als langjähriger Ausbildungspartner sind wir ein erfahrener Wegbegleiter an deiner Seite – wir bieten jungen Menschen die Chance zu einer innovativen und spannenden Berufsausbildung. Im Rahmen von Kooperationen mit einer Vielzahl von Schulen bieten wir auch Schulpraktika an und lassen uns gerne über die Schulter schauen. Mit einer Ausbildung bei TEAM legst du den Grundstein für deine weiteren Karriereschritte. Bist du interessiert und fühlst dich angesprochen? Dann bist du unser Nachwuchs - wir sollten uns kennenlernen!
Mehr Informationen
Schon gewusst?
www.team-pb.de/karriere/ www.team-pb.de/karriere/ausbildung/ www.team-pb.de/karriere/duales-studium/

So kannst du dich bewerben
Bitte lass uns deine Bewerbungsunterlagen ausschließlich elektronisch zukommen. Nutze hier bitte: bewerbung@team-pb.de oder alternativ www.team-pb.de/karriere/ Deine Bewerbung sollte ein Anschreiben, einen Lebenslauf sowie die zwei aktuellsten Zeugnisse enthalten. Praktikumsbescheinigungen oder Zertifikate sind ebenfalls gerne gesehen. Wir freuen uns auf dich!
bewerbung@team-pb.de
https://www.team-pb.de
Hermann-Löns-Str. 88
33104 Paderborn
T
Tina Sommer
Personal
05254/8008-75
ts@team-pb.de
Social Media
Standort
+
–
⤢
info@ausbildung.nrw",,2026-06-12T09:59:17.355577+00:00
NRW-4574-8476,ausbildung_nrw_ae,WABSOLUTE GmbH,Paderborn,Technologiepark 14 33100 Paderborn,"Ausbildung | Fachinformatiker/in - Anwendungsentwicklung (2025, 2026)",dual,,,,87,company,anja.dueker@wabsolute.de,https://wabsolute.de/career/ausbildung-fachinformatik-anwendungsentwicklung-mensch,email,"Kontakt
05251 2027877
anja.dueker@wabsolute.de
https://www.wabsolute.de
Technologiepark 14
33100 Paderborn
Anja Düker
COO
05251 2027877
anja.dueker@wabsolute.de
Social Media
Standort
+
–
⤢
info@ausbildung.nrw
Kontakt
Datenschutz
Impressum
Ausbildung.NRW ist ein Kooperationsprojekt der Industrie- und Handelskammern in Nordrhein-Westfalen.
umgesetzt von der www.spieker.agency",,"WABSOLUTE GmbH | Ausbildung | Fachinformatiker/in - Anwendungsentwicklung (2025, 2026) | Paderborn",tidak,belum,tinggi,"Fachinformatiker/in - Anwendungsentwicklung (2025, 2026)

Fachinformatiker/in - Anwendungsentwicklung in Paderborn (2025, 2026)
Mehr Informationen
Kaufmann/frau - Digitalisierungsmanagement in Paderborn (2025, 2026)
Mehr Informationen
Angebote
Duales Studium
Duale Ausbildung

Schon gewusst?
Als ganzheitliches Ausbildungsmanagement sorgt APPRENTIO für eine hohe Ausbildungsqualität, bessere Prozesse und geringere Kosten. Perfekt für alle Auszubildende, Dual Studierende und Trainees. Natürlich nutzen wir unsere Lösung auch, um unsere eigenen Nachwuchskräfte bestmöglich zu qualifizieren!

So kannst du dich bewerben
Schreib uns einfach eine E-Mail mit deinem Anschreiben, Lebenslauf und Zeugnissen an jobs@wabsolute.de oder bewirb dich direkt über das Online-Formular auf unserer Website. Überzeugt uns deine Bewerbung, laden wir dich zu einem persönlichen Gespräch ein.",,2026-06-12T09:59:41.484051+00:00
NRW-3840-7234,ausbildung_nrw_ae,BENTELER Gruppe,Paderborn,Marienloher Str. 27 33104 Paderborn,Ausbildung | Fachinformatiker/in - Anwendungsentwicklung (2026),dual,,,,80,company,Deine.Ausbildung@benteler.com,https://career.benteler.jobs/job-invite/44037/,email,"Kontakt
05254 81 209441
Deine.Ausbildung@benteler.com
http://www.benteler.de/ausbildung
Marienloher Str. 27
33104 Paderborn
T
Tim Schaefer
BENTELER Human Resources
+49525481148116
Deine.Ausbildung@benteler.com
Y
Yvonne Brenke
BENTELER Human Resources
+49 5254 81148115
Deine.Ausbildung@benteler.com
Social Media
Standort
+
–
⤢
Standorte
Ziegeleistraße 7
33165 Lichtenau-Kleinenberg
Lütkefeld 7
34414 Warburg
Frachtstraße 10-14
33602 Bielefeld
Marienloherstr. 27
33104 Paderborn
Niederdarmer Str. 5
49811 Lingen (Ems)
info@ausbildung.nrw
Kontakt
Datenschutz
Impressum
Ausbildung.NRW ist ein Kooperationsprojekt der Industrie- und Handelskammern in Nordrhein-Westfalen.
umgesetzt von der www.spieker.agency",,BENTELER Gruppe | Ausbildung | Fachinformatiker/in - Anwendungsentwicklung (2026) | Paderborn,tidak,belum,tinggi,"Fachinformatiker/in - Anwendungsentwicklung (2026)

Fachinformatiker/in - Anwendungsentwicklung in Paderborn (2026)
Mehr Informationen
Fachinformatiker/in - Systemintegration in Paderborn (2026)
Mehr Informationen
Industriekaufmann/frau in Paderborn (2026)
Mehr Informationen
Industriemechaniker/in in Lichtenau-Kleinenberg / Warburg / Paderborn / Lingen (Ems) (2026)
Mehr Informationen
Mechatroniker/in in Paderborn / Lichtenau-Kleinenberg / Warburg (2026)
Mehr Informationen
Verfahrenstechnologe/in Metall - Stahlumformung in Paderborn / Lingen (Ems) (2026)
Mehr Informationen
Werkstoffprüfer/in - Metalltechnik in Paderborn (2026)
Mehr Informationen
Werkzeugmechaniker/in in Paderborn / Lichtenau-Kleinenberg / Warburg (2026)
Mehr Informationen
Zerspanungsmechaniker/in in Paderborn (2026)
Mehr Informationen
Elektroniker/in – Betriebstechnik in Bielefeld (2026)
Mehr Informationen
Angebote
Duales Studium
Berufsfelderkundungstag
Praktikum
Duale Ausbildung

Schon gewusst?
Verbinde praktische Ausbildung und Studium - mit einem dualen Studium bei BENTELER! Hier findest du alle unsere Kombinationsstudiums-Stellenangebote: www.benteler.de/duales-studium

So kannst du dich bewerben
Für junge Menschen ist eine Berufsausbildung bei BENTELER eine Top-Chance für einen Berufseinstieg beim größten Arbeitgeber in Paderborn oder bei einem der vielen weiteren BENTELER-Standorte in Deutschland.
Durch Kooperationen mit Schulen, Schülerpraktika und Schnuppertage wollen wir dir nicht nur interessante Ausbildungsmöglichkeiten näherbringen, sondern auch die Möglichkeit zu einer Karriere in einem internationalen Erfolgsunternehmen eröffnen.
Dabei ist es egal, ob du im Metall-, Elektro- oder IT-Bereich startest, ob Berufsausbildung oder Kombinationsstudium - starte mit einer Ausbildung bei BENTELER in deine erfolgreiche berufliche Zukunft.
Bewirb dich jetzt!
Wir suchen ständig nach qualifiziertem Nachwuchs.
www.benteler.de/ausbildung
Mehr Informationen",,2026-06-12T09:53:44.181269+00:00
NRW-4568-8461,ausbildung_nrw_ae,S&N Invent GmbH,Paderborn,Klingenderstrasse 5 33100 Paderborn,Ausbildung | Fachinformatiker/in - Anwendungsentwicklung (2025),dual,,,,80,company,matthew.langham@sn-invent.de,https://karriere.sn-invent.de/job/ausbildung-fachinformatiker-anwendungsentwicklung-paderborn/,email,"Kontakt
052511581557
matthew.langham@sn-invent.de
https://www.sn-invent.de
Klingenderstrasse 5
33100 Paderborn
M
Matthew Langham
Ausbildungsleiter
052511581557
matthew.langham@sn-invent.de
Social Media
Standort
+
–
⤢
info@ausbildung.nrw
Kontakt
Datenschutz
Impressum
Ausbildung.NRW ist ein Kooperationsprojekt der Industrie- und Handelskammern in Nordrhein-Westfalen.
umgesetzt von der www.spieker.agency",,S&N Invent GmbH | Ausbildung | Fachinformatiker/in - Anwendungsentwicklung (2025) | Paderborn,tidak,belum,tinggi,"Fachinformatiker/in - Anwendungsentwicklung (2025)

Fachinformatiker/in - Anwendungsentwicklung in Paderborn (2025)
Mehr Informationen
Fachinformatiker/in - Systemintegration in Paderborn (2025)
Mehr Informationen
Angebote
Duales Studium
Berufsfelderkundungstag
Praktikum
Duale Ausbildung

Schon gewusst?
Seit über zwei Jahrzehnten rocken wir als anerkannter Ausbildungsbetrieb die IT-Welt! Mit unserem Know-How in der IT-Beratung und Softwareentwicklung ist unser Bereich „Professional Education“ der Place-to-Be für alle, die nach mehr streben! Hier erwartet dich keine 0815-Ausbildung, sondern maßgeschneiderte Möglichkeiten für eine praxisnahe IHK-Ausbildung mit Extraportion Qualifikation. Tauche ein und entdecke deine IT-Passion bei uns!
Mehr Informationen

So kannst du dich bewerben
Alle Stellenangebote findest Du unter https://karriere.sn-invent.de/jobboard/",,2026-06-12T09:58:36.279856+00:00
NRW-4372-8091,ausbildung_nrw_ae,DIXENO GmbH,Paderborn,Busdorfmauer 15 33098 Paderborn,"Ausbildung | Fachinformatiker/in - Anwendungsentwicklung (2025, 2026)",dual,,,,73,company,info@dixeno.de,https://,email,"Kontakt
05251 / 20209 30
info@dixeno.de
https://www.dixeno.de
Busdorfmauer 15
33098 Paderborn
H
Holger Genth
Software Developer / Ausbilder
05251 / 20209 49
h.genth@dixeno.de
Social Media
Standort
+
–
⤢
Standorte
Busdorfmauer 15
33098 Paderborn
Eulenstraße 59a
22765 Hamburg
Schwester-Aicharda-Str. 10a
59755 Arnsberg-Neheim
info@ausbildung.nrw
Kontakt
Datenschutz
Impressum
Ausbildung.NRW ist ein Kooperationsprojekt der Industrie- und Handelskammern in Nordrhein-Westfalen.
umgesetzt von der www.spieker.agency",,"DIXENO GmbH | Ausbildung | Fachinformatiker/in - Anwendungsentwicklung (2025, 2026) | Paderborn",tidak,belum,tinggi,"Fachinformatiker/in - Anwendungsentwicklung (2025, 2026)

Fachinformatiker/in - Anwendungsentwicklung in Paderborn (2025, 2026)
Angebote
Duales Studium
Sonstiges
Praktikum
Duale Ausbildung

So kannst du dich bewerben
Auf unserer Website findest Du jederzeit unsere aktuellen Ausbildungs- und Studienangebote. Darüber hinaus freuen wir uns immer über eingehende Initiativbewerbungen. Teile uns einfach mit, was Du gemacht hast und welcher Bereich in unserem Unternehmen Dich interessiert. Wir melden uns auf jeden Fall bei Dir zurück.",,2026-06-12T09:54:48.151174+00:00
10000-1202708578-S,fachinformatiker_ae,PHOENIX CONTACT GmbH & Co. KG,Paderborn,Paderborn,Duales Studium | Fachinformatiker/in - Anwendungsentwicklung,dual,,,,73,ba_portal,,https://www.arbeitsagentur.de/jobsuche/jobdetail/10000-1202708578-S,ba_portal,,https://www.arbeitsagentur.de/jobsuche/jobdetail/10000-1202708578-S,PHOENIX CONTACT GmbH & Co. KG | Duales Studium | Fachinformatiker/in - Anwendungsentwicklung | Paderborn,ya,belum,rendah,"Du möchtest nach der Schule in eine spannende Ausbildung oder ein Duales Studium starten? Wenn du den Grundstein für deine berufliche Karriere legen willst, bist du bei uns genau richtig. Wir haben interessante Ausbildungsberufe und attraktive Studiengänge für dich im Angebot.

Wir freuen uns auf deine Bewerbung und wünschen viel Erfolg.

### Aufgaben:

- Erstellung von anwendungsorientierten Lösungen im Industrieumfeld
- Einrichtung von Robotern, intelligenten Sensoren, Automatisierungs- und Netzwerktechnik 
- Entwicklung von Software für inhouse Anwendungen und Kundenprojekten
- Service und Support im Automatisierungsumfeld

### Anforderungen:

- Gute Fachhochschulreife oder allgemeine Hochschulreife
- Mathematik Leistungskurs wünschenswert
- Analytisches Denken
- Teamfähigkeit, Spaß an der Arbeit, Motivation, Neugierde und Engagement
- Leistungsorientiert, gute organisatorische und kommunikative Fähigkeiten

### Folgende Fächer sind im Dualen Studium Technische Informatik integriert:

- Mathematik
- Rechnerorganisation und Betriebssysteme
- Programmiersprachen
- Algorithmen und Datenstrukturen
- Software-Design

**Dualer Partner im Studium:**
Hochschule: Technische Hochschule Ostwestfalen-Lippe, Lemgo
Abschluss: B.Sc. - Bachelor of Science
Ausbildungsberuf: Fachinformatiker m/w/d oder Elektroniker für Geräte und Systeme m/w/d
Regelstudienzeit: 6 Semester
Gesamte Ausbildungszeit: 4 Jahre

Wenn du Interesse an diesem Traumjob hast, bewerbe dich bitte online über unsere Homepage.","### Anforderungen:
- Gute Fachhochschulreife oder allgemeine Hochschulreife
- Mathematik Leistungskurs wünschenswert
- Analytisches Denken
- Teamfähigkeit, Spaß an der Arbeit, Motivation, Neugierde und Engagement
- Leistungsorientiert, gute organisatorische und kommunikative Fähigkeiten
Fachhochschulreife",2026-06-11T09:15:01.766557+00:00
