id_referensi,kategori,nama_perusahaan,kota,alamat,jenis_ausbildung,spesialisasi,tahun_mulai,bulan_mulai,gaji,skor_kelengkapan,tipe_website,email_bewerbung,link_bewerbung,cara_apply,kontak_hr,link_arbeitsagentur,ringkasan,butuh_manual,status_lamaran,prioritas,deskripsi,persyaratan,tanggal_scrape
10000-1203185821-S,fachinformatiker_dpa,Evonik Operations GmbH,"Marl, Westfalen","Paul-Baumann-Str. 1, 45772 Marl, Westfalen",Duales Studium | Industriekaufmann/-frau,dual,2026,9,1.100 €/Monat,100,ba_portal,ausbildung-marl@evonik.com,https://www.arbeitsagentur.de/jobsuche/jobdetail/10000-1203185821-S,email,**Ansprechpartner:** Oliver Lesch ([ausbildung-marl@evonik.com](mailto:ausbildung-marl@evonik.com)),https://www.arbeitsagentur.de/jobsuche/jobdetail/10000-1203185821-S,"Evonik Operations GmbH | Duales Studium | Industriekaufmann/-frau | Marl, Westfalen",tidak,belum,tinggi,"## Ausbildung 2026 Fachinformatiker Bachelor of Science (m/w/d) - Marl

Wir haben keine Bewerbungsfristen. Solange die Stelle ausgeschrieben ist, kannst du deine Bewerbung einreichen. Je früher du dich bewirbst, umso besser stehen deine Chancen.

### **Was wir bieten** 

Wir bieten dir eine abwechslungsreiche und qualitativ hochwertige Ausbildung in verschiedensten Berufen der Naturwissenschaft, Technik, Logistik, Gastronomie und der kaufmännischen Verwaltung. Bei uns als top Ausbildungsbetrieb kannst du dich unter anderem über die folgenden Vorteile freuen:

- **Ausbildungsvergütung** 
Bereits im ersten Ausbildungsjahr erhältst du über 1.100 €/Monat Gehalt. Danach steigt dein Monatsgehalt pro Ausbildungsjahr. On top erhältst du noch Zusatzleistungen wie Urlaubs- und Weihnachtsgeld.
- **Urlaub und Arbeitszeit** 
Wir bieten dir eine gute Work-Life-Balance mit 30 Urlaubstagen und modernen Arbeitszeitmodellen.
- **Spaß bei der Arbeit** 
Wir bieten dir ein gutes Arbeitsklima mit vielseitigen Praxiseinsätzen in großartigen Teams
- **kostenfreie Lernunterstützung** Wir bieten dir Unterstützung beim Lernen und eine gute Betreuung durch den Betrieb

…und vieles mehr!

### **Verantwortlichkeiten**

Theoriephasen an der Westfälischen Hochschule in Gelsenkirchen:

- Studium bietet eine Kombination aus betriebswirtschaftlichem und informationstechnischem Wissen
- Fundiertes theoretisches Grundwissen mit Praxisbezug
- Lernen Softwarelösungen zur Unterstützung betriebswirtschaftlicher Aufgabenstellungen zu erstellen und zum Einsatz zu bringen, wie auch Geschäftsprozesse zu erfassen, analysieren und optimieren
- Digitalisierung und Automatisierung kreativ vorantreiben und damit die Leistungsangebote optimieren

Die betriebliche Ausbildung: 

- Entwicklung, Installation und Optimierung neuer IT-Systeme und Cloud Services 
- Anwendungen von Programmiersprachen  
- Testen neuer Software und Hardware 
- Analyse von IT-gestützten Geschäftsprozessen
- Mitarbeit an IT-Projekten 
- Daten- und Prozessanalyse zur Optimierung von IT-Systemen 

**Ausbildungsdauer:** 3 Jahre Ausbildung / 8 Semester Studium

**Ausbildungsbeginn:** 01.09.2026

**Ausbildungsstandort:** Chemiepark Marl und Westfälische Hochschule Gelsenkirchen 

**Ansprechpartner:** Oliver Lesch ([ausbildung-marl@evonik.com](mailto:ausbildung-marl@evonik.com)) 

### **Anforderungen**

- Allgemeine Hochschulreife 
- Gute Mathematik-, Informatik- und Englischkenntnisse 



- Kommunikationsfähigkeit und gewandte Ausdrucksweise in Wort und Schrift  
- Interesse an digitalen Lösungen und Programmieren sicherer Systeme 
- Freude an der IT-Branche und der Digitalisierung 
- Lust auf Analyse von Zahlen, Algorithmen und Datenstrukturen 
- Verantwortungsbewusstsein, Zuverlässigkeit und Teamfähigkeit 
- Sorgfalt, Konzentrationsfähigkeit und eigenverantwortliche Lernbereitschaft  

### **AUSBILDUNG GESCHAFFT – WAS DANN?**

Als Bachelor of Science (m/w/d) des Studiengangs Wirtschaftsinformatik hast du vielfältige Entwicklungsmöglichkeiten, beispielweise im Projektmanagement oder in der Systementwicklung.  Deine berufliche Reise kann natürlich noch weitergehen: Wie wäre es zum Beispiel durch interne Workshops oder mit einem berufsbegleitendem Masterstudium? Das Ziel wählst du! 

Hinweis: Aufgrund unseres Recruitingsystems Workday und teilweise automatisierten Prozessschritten werden wir im weiteren Bewerbungsprozess deine persönliche Anrede auf die Sie-Form umstellen.

### **Ihre Bewerbung** 

Um eine schnellstmögliche Bearbeitung Ihrer Bewerbung zu gewährleisten und die Umwelt zu schonen, bewerben Sie sich bitte online über unser [Karriereportal](https://evonik.wd3.myworkdayjobs.com/de-DE/External_Careers). Weitere Informationen über Evonik als Arbeitgeber finden Sie unter [https://careers.evonik.com](https://careers.evonik.com/).

**Ihr Talent Acquisition Manager:**

Anna Waterkotte, Lara Ide, Mara Winkelhagen, Oliver Lesch, Sonja Kensbock, Vanessa Jordan

Unternehmen ist Evonik Operations GmbH","### **Anforderungen**
- Allgemeine Hochschulreife
- Gute Mathematik-, Informatik- und Englischkenntnisse
Abitur / Allgemeine Hochschulreife",2026-06-11T08:16:29.048505+00:00
10000-1206744232-S,fachinformatiker_dpa,SYNEQT GmbH,"Marl, Westfalen","Marl, Westfalen",Duales Studium | Industriekaufmann/-frau,dual,2027,9,1.100 €/Monat,100,ba_portal,ausbildung-marl@evonik.com,https://www.arbeitsagentur.de/jobsuche/jobdetail/10000-1206744232-S,email,**Ansprechpartner:&#160;**Oliver Lesch ([ausbildung-marl@evonik.com](mailto:ausbildung-marl@evonik.com)),https://www.arbeitsagentur.de/jobsuche/jobdetail/10000-1206744232-S,"SYNEQT GmbH | Duales Studium | Industriekaufmann/-frau | Marl, Westfalen",tidak,belum,tinggi,"### Ausbildung 2027 Fachinformatiker Bachelor of Science (m/w/d) - Marl

Wir haben keine Bewerbungsfristen. Solange die Stelle ausgeschrieben ist, kannst du deine Bewerbung einreichen. Je früher du dich bewirbst, umso besser stehen deine Chancen.

**Was wir bieten**

Wir bieten dir eine abwechslungsreiche und qualitativ hochwertige Ausbildung in verschiedensten Berufen der Naturwissenschaft, Technik, Logistik, Gastronomie und der kaufmännischen Verwaltung. Bei uns als top Ausbildungsbetrieb kannst du dich unter anderem über die folgenden Vorteile freuen:

- **Ausbildungsvergütung**
Bereits im ersten Ausbildungsjahr erhältst du über 1.100 €/Monat Gehalt. Danach steigt dein Monatsgehalt pro Ausbildungsjahr. On top erhältst du noch Zusatzleistungen wie Urlaubs- und Weihnachtsgeld.
- **Urlaub und Arbeitszeit&#160;**
Wir bieten dir eine gute Work-Life-Balance mit 30 Urlaubstagen und modernen Arbeitszeitmodellen.
- **Spaß bei der Arbeit**
Wir bieten dir ein gutes Arbeitsklima mit vielseitigen Praxiseinsätzen in großartigen Teams.
- **kostenfreie Lernunterstützung&#160;**
Wir bieten dir Unterstützung beim Lernen und eine gute Betreuung durch den Betrieb

Weitere **Benefits** findest du auf der **Landing-Page** unserer **Ausbildungsseite**.

**Verantwortlichkeiten**

Theoriephasen an der Westfälischen Hochschule in Gelsenkirchen:

- Studium bietet eine Kombination aus betriebswirtschaftlichem und informationstechnischem Wissen
- Fundiertes theoretisches Grundwissen mit Praxisbezug
- Lernen Softwarelösungen zur Unterstützung betriebswirtschaftlicher Aufgabenstellungen zu erstellen und zum Einsatz zu bringen, wie auch Geschäftsprozesse zu erfassen, analysieren und optimieren
- Digitalisierung und Automatisierung kreativ vorantreiben und damit die Leistungsangebote optimieren

Die betriebliche Ausbildung:

- Entwicklung, Installation und Optimierung neuer IT-Systeme und Cloud Services
- Anwendungen von Programmiersprachen
- Testen neuer Software und Hardware
- Analyse von IT-gestützten Geschäftsprozessen
- Mitarbeit an IT-Projekten
- Daten- und Prozessanalyse zur Optimierung von IT-Systemen

**Ausbildungsdauer:** 3 Jahre Ausbildung / 8 Semester Studium

**Ausbildungsbeginn:** 01.09.2027

**Ausbildungsstandort:** Chemiepark Marl und Westfälische Hochschule Gelsenkirchen

**Ansprechpartner:&#160;**Oliver Lesch ([ausbildung-marl@evonik.com](mailto:ausbildung-marl@evonik.com))

**Anforderungen**:

- Allgemeine Hochschulreife
- Gute Mathematik-, Informatik- und Englischkenntnisse
- Kommunikationsfähigkeit und gewandte Ausdrucksweise in Wort und Schrift
- Interesse an digitalen Lösungen und Programmieren sicherer Systeme
- Freude an der IT-Branche und der Digitalisierung
- Lust auf Analyse von Zahlen, Algorithmen und Datenstrukturen
- Verantwortungsbewusstsein, Zuverlässigkeit und Teamfähigkeit
- Sorgfalt, Konzentrationsfähigkeit und eigenverantwortliche Lernbereitschaft

**AUSBILDUNG GESCHAFFT – WAS DANN?**

Als Bachelor of Science (m/w/d) des Studiengangs Wirtschaftsinformatik hast du vielfältige Entwicklungsmöglichkeiten, beispielweise im Projektmanagement oder in der Systementwicklung.  Deine berufliche Reise kann natürlich noch weitergehen: Wie wäre es zum Beispiel durch interne Workshops oder mit einem berufsbegleitendem Masterstudium? Das Ziel wählst du!

Hinweis: Aufgrund unseres Recruitingsystems Workday und teilweise automatisierten Prozessschritten werden wir im weiteren Bewerbungsprozess deine persönliche Anrede auf die Sie-Form umstellen.

## Deine Vorteile bei uns

Bei uns sollst du dich von Anfang an wohlfühlen. Hierauf kannst du dich bei uns freuen:

### Attraktive tarifliche Zusatzleistungen

Zukunftsbetrag von 23 % der monatlichen Ausbildungsvergütung.

### Fahrtkostenzuschuss

Abhängig von der Entfernung deines Wohnortes zu deinem Evonik-Standort bzw. Berufsschule/Hochschule, erhältst du von uns einen Zuschuss zu deinen Fahrtkosten.

### Einführungswoche

Gemeinsame Aktionswoche, um den Start in die Ausbildung zu erleichtern.

### Gut versorgt

Ob Kantine oder Altersvorsorge – bei uns wirst du gut versorgt.

### Moderne Ausstattung

Weg von Papier und Stift - bei uns nutzt du während deiner Ausbildung personalisierte Notebooks oder iPads.

### Flexibles Lernen mit der Evonik-Mediathek

In mehreren Sprachen und rund um die Uhr - von Lernplänen, Q&As bis hin zu Quizzes und Games ist alles dabei!","**Anforderungen**:
- Allgemeine Hochschulreife
- Gute Mathematik-, Informatik- und Englischkenntnisse
- Kommunikationsfähigkeit und gewandte Ausdrucksweise in Wort und Schrift
- Interesse an digitalen Lösungen und Programmieren sicherer Systeme
- Freude an der IT-Branche und der Digitalisierung
- Lust auf Analyse von Zahlen, Algorithmen und Datenstrukturen
- Verantwortungsbewusstsein, Zuverlässigkeit und Teamfähigkeit
- Sorgfalt, Konzentrationsfähigkeit und eigenverantwortliche Lernbereitschaft
Abitur / Allgemeine Hochschulreife",2026-06-11T08:16:28.774080+00:00
10000-1205799125-S,fachinformatiker_ae_2026,HEGLA GmbH & Co. KG,Beverungen,"Industriestr. 21, 37688 Beverungen",Duales Studium | Fachinformatiker/in - Anwendungsentwicklung,dual,2026,,,93,ba_portal,jobs@hegla.de,https://www.arbeitsagentur.de/jobsuche/jobdetail/10000-1205799125-S,email,"Ihr Ansprechpartner
Heike Strerath | Personalabteilung",https://www.arbeitsagentur.de/jobsuche/jobdetail/10000-1205799125-S,HEGLA GmbH & Co. KG | Duales Studium | Fachinformatiker/in - Anwendungsentwicklung | Beverungen,tidak,belum,tinggi,"Vielfältige Menschen und Kompetenzen sind das Herz der HEGLA und führen zu Lösungen, die uns zu einem Technologie- und Marktführer für Lösungen zur Verarbeitung, Automation, Digitalisierung sowie Veredelung von Flach-, Fahrzeug- und Funktionsglas gemacht haben. Weltweit setzen sich über 750 Mitarbeiter\*innen für Qualität „Made in Germany“, Hightech und die Zufriedenheit unserer Kund\*innen ein.

Als Arbeitgeber mit internationaler Ausrichtung, einem weltweit gefragten Pro­gramm aus Hightech-Produkten und größten Qualitätsansprüchen ist es unser Ziel, jedem unserer Azubis eine Ausbildung mit besten Perspektiven für die Zukunft zu bieten.

Du bist ein Multi-Tasker und hast die Motivation neben einem Studium direkt in die Arbeitspraxis einzusteigen? Du zeichnest Dich durch ein hohes technisches Verständnis aus und hast Interesse an der Programmierung? Dann bewirb Dich bei uns um ein Duales Studium zum Bachelor of Engineering mit Fachrichtung Elektrotechnik (m/w/d)!

### **Dein Duales Studium bei HEGLA:**

HEGLA bietet in Zusammenarbeit mit der Privaten Fachhochschule für Wirtschaft und Technik Diepholz (PHWT) ein duales Studium zum Bachelor of Engineering mit Fachrichtung Elektrotechnik (m/w/d) an. Das praxisorientierte Studium bietet Dir regelmäßig abwechselnde berufspraktische und fachwissenschaftliche Ausbildungsphasen. Zusätzlich zum Bachelor-Abschluss beinhaltet das duale Studium die Ausbildung zum Fachinformatiker für Anwendungsentwicklung (m/w/d). Neben Deinem Studium lernst Du den eigenverantwortlichen Einsatz und die Nutzung von IT-Techniken, die Steuerung unserer Maschinen sowie deren Fernbetreuung. Bereits während der Ausbildung bist Du unter Nutzung geeigneter Methoden der Softwaretechnik, Programmiersprache und Entwicklungs­werkzeugen an Softwareprojekten beteiligt und wirst umfassend und praxisnah eingebunden.

Alle Informationen zum Studium an der PHWT findest Du [hier.](https://www.phwt.de/fuer-studieninteressierte/das-duale-studium-an-der-phwt/)

### **Das bringst Du mit:**

- Neugier und Freude am Umgang mit dem Computer,
- Sehr gutes Zahlenverständnis und Interesse an technischen Zusammenhängen,
- Durchhaltevermögen, Einsatzbereitschaft sowie gute Team- und Kommunikationsfähigkeit,
- Abitur oder Fachhochschulreife in Kombination mit der entsprechenden Eignungsprüfung,
- Gute schulische Leistungen in Mathematik, Physik / Technik und Englisch.

### **Dauer des Dualen Studiums:**

7 Semester mit Blockunterricht, PHWT Diepholz

### **Ablauf:**

- 3 Semester Grundstudium
- Danach Schwerpunktauswahl: Automatisationstechnik oder Softwareentwicklung
- Ausbildung zum Fachinformatiker für Anwendungsentwicklung (m/w/d) inklusive Abschlussprüfung nach 2 1/2 Jahren

### **Duales Studium bei HEGLA – Karrierestart beim Global-Player:**

Werde Teil unseres Teams und starte Deine Zukunft bei einem der erfolgreichsten Maschinenbau-Unternehmen für die glasverarbeitende Industrie. Wir bieten Dir eine abwechslungsreiche Ausbildung/duales Studium, bei der Du aktiv und mit eigenen Projekten in die betrieblichen Abläufe eines Global-Players eingebunden wirst. Dabei lernst Du die verschiedenen Abteilungen kennen und sammelst vielfältige Erfahrungen in den Arbeitsbereichen unseres international tätigen Unternehmens.
Haben wir Dein Interesse geweckt? Dann freuen wir uns, Dich kennenzulernen.

### **Benefits:**

- Fundierte Ausbildung fürs Leben,
- Vergütung nach Tarifvertrag,
- Flexible Arbeitszeiten durch Gleitzeitmodell,
- 30 Urlaubstage im Jahr,
- Weihnachts- und Urlaubsgeld,
- Vorteilsprogramme, z. B. Corporate Benefit,
- Lademöglichkeiten für E-Autos auf dem Betriebsgelände,
- Langfristige Perspektive in einem Unternehmen mit High-Tech Produkten.

Ihr Ansprechpartner
Heike Strerath | Personalabteilung

+49 5273 905-136
jobs@hegla.de
[JETZT BEWERBEN](https://www.hegla.com/de/karriere/stellenangebote/online-bewerbung/?tx_leonexjob_showjob%5Baction%5D=showApplicationForm&tx_leonexjob_showjob%5Bcontroller%5D=Job&tx_leonexjob_showjob%5Bjob%5D=25&tx_powermail_pi1%5Bjobname%5D=Duales%20Studium%20Bachelor%20of%20Engineering%20%28m%2Fw%2Fd%29%20%E2%80%93%20Fachrichtung%20Elektrotechnik%202027&tx_powermail_pi1%5Bjobs%5D=25&tx_powermail_pi1%5Blocation%5D=Beverungen&cHash=e27a2594f6b7e8750e120e74e8723681)

### **HEGLA als Arbeitgeber**

HEGLA bietet Ihnen nicht nur irgendeine Stelle, sondern eine Aufgabe mit Ver­antwortung und erfolgsver­sprechender Perspektive.  Wir wollen unsere Mitarbeiter\*innen bei ihrer beruflichen Entwicklung begleiten.  Partnerschaftlich durch Wertschätzung und mit Erfolg.  Das ist die HEGLA.

[MEHR ERFAHREN](https://www.hegla.com/de/unternehmen/unternehmensphilosophie/)","### **Das bringst Du mit:**
- Neugier und Freude am Umgang mit dem Computer,
- Sehr gutes Zahlenverständnis und Interesse an technischen Zusammenhängen,
- Durchhaltevermögen, Einsatzbereitschaft sowie gute Team- und Kommunikationsfähigkeit,
- Abitur oder Fachhochschulreife in Kombination mit der entsprechenden Eignungsprüfung,
- Gute schulische Leistungen in Mathematik, Physik / Technik und Englisch.",2026-06-11T08:15:40.622281+00:00
NRW-1854-3526,ausbildung_nrw_ae,proLogistik GmbH,Dortmund,Fallgatter 1 44369 Dortmund,Ausbildung | Fachinformatiker/in - Anwendungsentwicklung (2025),dual,,,,93,company,hr@prologistik.com,https://prologistik-group.jobs.personio.de/job/1365428?display=de,email,"Kontakt
023151940
hr@prologistik.com
https://www.prologistik.com
Fallgatter 1
44369 Dortmund
S
Saskia Wessing
Team Manager Recruiting & Personalmarketing
023151940
hr@prologistik.com
Social Media
Standort
+
–
⤢
Standorte
Fallgatter 1
44263 Dortmund
Ritterstraße 19
33602 Bielefeld
info@ausbildung.nrw
Kontakt
Datenschutz
Impressum
Ausbildung.NRW ist ein Kooperationsprojekt der Industrie- und Handelskammern in Nordrhein-Westfalen.
umgesetzt von der www.spieker.agency",,proLogistik GmbH | Ausbildung | Fachinformatiker/in - Anwendungsentwicklung (2025) | Dortmund,tidak,belum,tinggi,"Fachinformatiker/in - Anwendungsentwicklung (2025)

Fachinformatiker/in - Anwendungsentwicklung in Dortmund / Bielefeld (2025)
Mehr Informationen
Stellenangebote
Angebote
Duales Studium
Berufsfelderkundungstag
Duale Ausbildung (Vollzeit)
Praktikum

Unser Bewerbungsverfahren: Nachdem wir deine Bewerbungsunterlagen erhalten haben, erhältst du von uns eine Eingangsbestätigung. Im Anschluss daran nehmen wir uns in der Regel etwa eine Woche Zeit, um deine Unterlagen sorgfältig zu prüfen. Wenn dein Profil zu unseren Vorstellungen passt, melden wir uns anschließend bei dir, um ein gemeinsames Gespräch zum Kennenlernen (telefonisch, per Teams oder vor Ort) zu vereinbaren. Nach unserem Kennenlernen beraten wir uns intern. Wenn alles passt, melden wir uns bei dir, um ein vertiefendes Folgegespräch (online oder vor Ort) zu vereinbaren. Vor Ort hast du die Möglichkeit unsere Räumlichkeiten und die Kolleg*innen kennenzulernen. Innerhalb von sieben Tagen nach deinem Gespräch hörst du dann wieder von uns. Bei einem Match bekommst du dein Vertragsangebot im Normalfall innerhalb von 2 Tagen per E-Mail und das Original im Anschluss per Post. Wir freuen uns jetzt schon!
Mehr Informationen

Schon gewusst?

So kannst du dich bewerben
Dann schick uns deine Bewerbungsunterlagen über das Bewerbungsformular der Stelle, für die du dich interessierst (hier sind alle auf einen Blick: Stellenangebote - proLogistik Group) oder ganz klassisch per E-Mail an bewerbung@prologistik.com. Bei Fragen vor oder während des Bewerbungsprozesses kannst du dich jederzeit an Saskia Wessing (Team Managerin Recruiting & Employer Branding) unter derselben E-Mail oder per Telefon unter +49 231 51940 wenden.
Mehr Informationen","Unser Bewerbungsverfahren: Nachdem wir deine Bewerbungsunterlagen erhalten haben, erhältst du von uns eine Eingangsbestätigung. Im Anschluss daran nehmen wir uns in der Regel etwa eine Woche Zeit, um deine Unterlagen sorgfältig zu prüfen. Wenn dein Profil zu unseren Vorstellungen passt, melden wir uns anschließend bei dir, um ein gemeinsames Gespräch zum Kennenlernen (telefonisch, per Teams oder vor Ort) zu vereinbaren. Nach unserem Kennenlernen beraten wir uns intern. Wenn alles passt, melden wir uns bei dir, um ein vertiefendes Folgegespräch (online oder vor Ort) zu vereinbaren. Vor Ort hast du die Möglichkeit unsere Räumlichkeiten und die Kolleg*innen kennenzulernen. Innerhalb von sieben Tagen nach deinem Gespräch hörst du dann wieder von uns. Bei einem Match bekommst du dein Vertragsangebot im Normalfall innerhalb von 2 Tagen per E-Mail und das Original im Anschluss per Post. Wir freuen uns jetzt schon!
Mehr Informationen",2026-06-12T09:58:13.059307+00:00
10000-1203944913-S,fachinformatiker_ae_2026,it-motive AG,Duisburg,"Zum Walkmüller 6, 47269 Duisburg",Duales Studium | Fachinformatiker/in - Anwendungsentwicklung,dual,2026,,gehalt (inkl. Zuschüsse),93,ba_portal,ausbildung@it-motive.de,https://www.arbeitsagentur.de/jobsuche/jobdetail/10000-1203944913-S,email,03 60878-0,https://www.arbeitsagentur.de/jobsuche/jobdetail/10000-1203944913-S,it-motive AG | Duales Studium | Fachinformatiker/in - Anwendungsentwicklung | Duisburg,tidak,belum,tinggi,"Duales Studium Wirtschaftsinformatik B.Sc. (m/w/d)

Bei uns entwickelst du Softwarelösungen für unsere Kunden und lernst mit verschiedenen IT-Systemen umzugehen. Du lernst Software zu konzipieren, umzusetzen, zu dokumentieren und zu präsentieren. All dies tust du im Kontext von SAP, aber auch von Webshops, Konfiguratoren und Katalogsystemen.

Das klingt für dich interessant und du hast Lust? Dann werde Teil unseres Teams und absolviere dein 4-jähriges Duales Studium an unserem Standort in Duisburg!

Dich erwarten spannende Aufgaben:
•	Erlernen von Programmiersprachen
•	Konzipieren und Umsetzen von Softwarelösungen
•	Software testen, dokumentieren und präsentieren
•	Mitarbeit in der Entwicklung kundenspezifischer Anwendungen
•	Unternehmensprozesse verstehen und optimieren

Damit überzeugst du uns:
•	Mindestens Fachhochschulreife
•	Begeisterung für Computertechnik und Programmierung
•	Ein gutes mathematisches und logisches Verständnis
•	Bereitschaft, immer etwas Neues zu lernen
•	Eigeninitiative und Motivation
•	Offenheit, Teamfähigkeit sowie Empathie

Deine Vorteile bei uns:
•	Sehr gute Übernahmechancen
•	Überdurchschnittliches Ausbildungsgehalt (inkl. Zuschüsse)
•	Intensive Betreuung durch das Ausbildungsteam mit einer sehr guten Vorbereitung auf die Abschlussprüfung
•	Kollegiale und freundliche Atmosphäre
•	Spannende Projekte bei namhaften Kunden
•	Flexible Arbeitszeiten und die Möglichkeit von Homeoffice
•	30 Tage Urlaub im Jahr
•	Regelmäßige Teamevents/ Ausbildungsevents
•	Kostenlose Mitgliedschaft im Fitnessstudio (FitX, McFit oder Fitpoint Duisburg)

Wir freuen uns auf deine vollständigen Bewerbungsunterlagen (Anschreiben, Lebenslauf, Zeugnisse) in einem PDF-File.


IT-Motive AG
Zum Walkmüller 6
47269 Duisburg
Telefon: +49 (0) 203 60878-0
Telefax: +49 (0) 203 60878-222
E-Mail: ausbildung@it-motive.de
www.it-motive.de",,2026-06-11T08:15:33.301979+00:00
10001-1002809087-S,fachinformatiker_ae,wareconsult GmbH & Co. KG,Emmingen-Liptingen,"Friedrich-Wöhler-Str. 3, 78576 Emmingen-Liptingen",Duales Studium | Fachinformatiker/in - Anwendungsentwicklung,dual,,,,93,ba_portal,bewerbung@wareconsult.de,https://www.arbeitsagentur.de/jobsuche/jobdetail/10001-1002809087-S,email,+49 7465 31195 0,https://www.arbeitsagentur.de/jobsuche/jobdetail/10001-1002809087-S,wareconsult GmbH & Co. KG | Duales Studium | Fachinformatiker/in - Anwendungsentwicklung | Emmingen-Liptingen,tidak,belum,tinggi,"Studieren und direkt in echten Projekten mitwirken. Lerne Softwareentwicklung dort, wo Lösungen täglich im Einsatz sind.

## Dein duales Studium bei uns

Bei wareconsult lernst du Informatik nicht nur aus Vorlesungen, sondern direkt in Kundenprojekten. Wir entwickeln maßgeschneiderte Anwendungen, Schnittstellen und betreiben IT-Plattformen für Unternehmen aus Medizintechnik, Automotive, Energiewirtschaft, Industrie und weiteren Branchen. Du arbeitest im Team, bekommst Verantwortung und siehst, wie sich Ideen in Lösungen verwandeln.

## Das erwartet dich

- Praxisphasen in der Softwareentwicklung: von der Idee bis zur fertigen Anwendung
- Mitarbeit in Projekten für verschiedene Branchen
- Einblicke in moderne Technologien, Programmiersprachen und Tools
- Zusammenarbeit mit erfahrenen Entwicklerinnen und Entwicklern
- Kontinuierliche Unterstützung, damit Studium und Praxis gut zusammenpassen

## Das bringst du mit

- Allgemeine Hochschulreife oder Fachabitur für die DHBW-Zulassung
- Interesse an Informatik, Mathematik und Technik
- Erste Programmiererfahrung ist von Vorteil
- Analytisches Denken und Freude am Lösen von Problemen
- Eigeninitiative und Lernbereitschaft

## Darauf kannst du dich freuen

- Sehr gute Chancen auf Übernahme nach dem Studium
- Anspruchsvolle, abwechslungsreiche Projekte mit echtem Nutzen
- Betriebliche Weiterbildung während und nach dem Studium
- Flexible Arbeitszeiten
- Zuschuss fürs Fitnessstudio und optional für einen Tanzkurs in unserer Partnertanzschule
- Team-Events vom Escape Room bis zur Weihnachtsfeier
- Kleine Extras wie Geburtstagsüberraschungen
- Moderne Ausstattung und ein Team, das dich unterstützt

**So bewirbst du dich**

Sende deine Unterlagen an [bewerbung@wareconsult.de](https://mailto:bewerbung@wareconsult.de).

Wir melden uns spätestens am nächsten Arbeitstag (Mo–Fr) bei dir.

**wareconsult GmbH & Co. KG**
Friedrich-Wöhler-Str. 3
78576 Emmingen-Liptingen
T: +49 7465 31195 0
D: +49 7465 31195 30
[info@wareconsult.de](https://mailto:info@wareconsult.de)
[www.wareconsult.de](http://www.wareconsult.de/)

Weitere Informationen findest Du unter https://www.wareconsult.de/duales-studium-informatikstudium-bachelor/","## Das bringst du mit
- Allgemeine Hochschulreife oder Fachabitur für die DHBW-Zulassung
- Interesse an Informatik, Mathematik und Technik
- Erste Programmiererfahrung ist von Vorteil
- Analytisches Denken und Freude am Lösen von Problemen
- Eigeninitiative und Lernbereitschaft
Abitur / Allgemeine Hochschulreife",2026-06-11T09:14:57.080271+00:00
10000-1202565730-S,fachinformatiker_ae,VKF Renzel GmbH,Isselburg,46419 Isselburg,Duales Studium | Fachinformatiker/in - Anwendungsentwicklung,dual,,,,93,ba_portal,bewerbung@vkf-renzel.de,https://www.arbeitsagentur.de/jobsuche/jobdetail/10000-1202565730-S,email,02874 / 910-248,https://www.arbeitsagentur.de/jobsuche/jobdetail/10000-1202565730-S,VKF Renzel GmbH | Duales Studium | Fachinformatiker/in - Anwendungsentwicklung | Isselburg,tidak,belum,tinggi,"# Informatik-Betriebswirt VWA Dualer Studiengang Bachelor of Arts - Wirtschaftsinformatik (m/w/d)

**Das erlernst du in diesem Beruf**

• Analysieren und Erstellen von betrieblichen Organisationskonzepten
• Entwickeln von Datenbanken und Anwendungssoftware
• Entwickeln von webbasierten Infomations- und Wissensmanagementsystemen
• Beratung bei Anschaffungen von Hard- und Software
• Analysieren der eingesetzten IT-Systeme auf Effektivität, Sicherheit und Wirtschaftlichkeit
• Anwenderschulungen

## Worauf kommt es an?

**Fachübergreifend**

- Kommunikation
- Unternehmensmanagement
- Mitarbeiterführung
- Arbeitstechniken
- Englisch

**Fachbezogen**

- BWL
- Softwareentwicklung
- Netzwerkbetriebssysteme
- Betriebsbezogene Komponenten der DV
- Medientechnologie und Mediengestaltung
- Datenbanken

### **Deine Benefits bei VKF Renzel**

- Welcome-Box zur Begrüßung
- 50 € für Fahrtkosten und Kostenübernahme für Bücher und Vorbereitungskurse
- Betriebliche Altersvorsorge (BAV)
- Einen Laptop / Tablet für die Berufsschule
- 30 Tage Urlaub bei einer 5-Tage-Woche
- Weihnachts- und Urlaubsgeld
- Einen Zuschuss zur vermögenswirksamen Leistung
- Jährlich Weihnachtsfeier und After-Work-Partys
- Schulungen
- Ruhezonen im Außenbereich
- Massagen, einen Gesundheitstag, kostenloses Wasser und Obsttage
- Basketball- und Tischtennisbereich und unseren Renzel-Balance-Walk

**Dauer:**
3,5 Jahre/7 Semester (verkürzte Berufsausbildung in 18 Monaten und Abschluss Studium nach 7 Semestern)

**Lernorte:**
Ausbildungsbetrieb in Isselburg
Berufsschule in Datteln
Studium an der IHK Münster und Standorten der Westfälischen Hochschule sowie als Webinar

**Voraussetzung**
Allgemeine Hochschulreife oder fachgebundene Hochschulreife (schulischer und fachpraktischer Teil)

## Du hast Interesse?

**Bitte sende uns dein Bewerbungsanschreiben, deinen Lebenslauf und Zeugnisse von dir zu.**
**Bitte nutze das PDF-Format\* mit insgesamt max. 8 MB.**

- PDF-Dateien lassen sich aus Textprogrammen heraus speichern

**Lieber auf dem klassischen Weg?**
Dann sende deine vollständigen Bewerbungsunterlagen an:

VKF Renzel GmbH
Herr Ansgar Hügging
Im Geer 15
46419 Isselburg
Tel.: 02874 / 910-248
eMail: bewerbung@vkf-renzel.de","**Voraussetzung**
Allgemeine Hochschulreife oder fachgebundene Hochschulreife (schulischer und fachpraktischer Teil)
Fachgebundene Hochschulreife",2026-06-11T09:14:57.992865+00:00
ASD-998030000476326586,ausbildungsstellen_si,Azubiyo,Lay,Debeka-Platz 1 56073 Lay Rheinland-Pfalz,Ausbildung | Fachinformatiker Systemintegration (w/m/d),dual,,,"1.355 €, 1.432 €, 1.520 €",93,company,jennifer.scherf@debeka.de,https://www.azubiyo.de/bewerbung/,email,"Haben Sie uns mit Ihrer Bewerbung überzeugt, lernen wir uns bei einem Videochat oder Telefoninterview persönlich kennen. Bei der Gelegenheit stellen wir Ihnen auch erste Kontaktpersonen vor.
Im weiteren Auswahlverfahren laden wir Sie zum Bewerbertag in unsere Hauptverwaltung ein. Freuen Sie sich auf eine Gruppendiskussion, berufsspezifische Fallbesprechungen und eine offene Fragerunde mit unseren Azubis. Außerdem knüpfen Sie erste Kontakte zu den Menschen, die unsere Auszubildenden begleiten und lotsen.
Wir sind gespannt auf Ihre Bewerbung über unsere Website! Sie sind auf der Suche nach einer praxisnäheren Alternative zum Studium? Wir freuen uns, auch von Ihnen zu hören.
Senden Sie uns bitte",,Azubiyo | Ausbildung | Fachinformatiker Systemintegration (w/m/d) | Lay,tidak,belum,tinggi,"Fachinformatiker Systemintegration (w/m/d)

Abitur

- Sie sind kommunikativ und arbeiten gerne im Team.Das bieten wir Ihnen
Work-Life-Balance: Flexible Arbeitszeiten, 30 Urlaubstage, Heiligabend und Silvester arbeitsfrei
Strukturierte Aus- und Weiterbildung: Seminare und E-Learnings, interne Qualifizierungsmaßnahmen, eine intensive Vorbereitung auf die IHK-Prüfungen, Begleitung von Praxis- und Bachelorarbeiten
Attraktive Vergütung: 14 überdurchschnittliche Monatsgehälter:
1. Ausbildungsjahr 1.355 Euro pro Monat
2. Ausbildungsjahr 1.432 Euro pro Monat
3. Ausbildungsjahr 1.520 Euro pro Monat
(zzgl. monatlich 40 Euro vermögenswirksame Leistungen; Ausbildungsvergütung Stand 01.08.2025)
Sport & Gesundheit: Betriebssportangebot, Betriebliche Krankenversicherung
Karriere: Sehr gute Übernahmechancen, vielfältige Entwicklungsmöglichkeiten
Moderne Arbeitsumgebung: New Work-Elemente, höhenverstellbare Schreibtische, Curved-Bildschirme, Betriebsrestaurant und Cafeteria mit Außenterrassen
Weitere Benefits: Vergünstigungen für Mitarbeitende, Zuschuss zum Deutschlandticket, Firmenevents und vieles mehr
Ausbildung und duales Studium
Bei sehr guten Leistungen stehen Ihnen die Möglichkeit eines ausbildungsbegleiteten oder berufsbegleiteten Studiums offen – so können Sie Ihre Praxis im Unternehmen optimal ergänzen. Oder Sie nutzen die individuellen Weiterbildungsangebote unserer Akademie, um sich zusätzlich zu qualifizieren.
Der Bewerbungsprozess
Bewerben können Sie sich jeweils ab Juli für den Start im nächsten Jahr.",Abitur,2026-06-13T12:44:35.406855+00:00
ASD-998030002350218713,ausbildungsstellen_si,Azubiyo,Lay,Debeka-Platz 1 56073 Lay Rheinland-Pfalz,Ausbildung | Fachinformatiker Daten- & Prozessanalyse (w/m/d),dual,,,"1.355 €, 1.432 €, 1.520 €",93,company,lucas.stahlhofen@debeka.de,https://www.azubiyo.de/bewerbung/,email,"Haben Sie uns mit Ihrer Bewerbung überzeugt, lernen wir uns bei einem Videointerview persönlich kennen. Bei der Gelegenheit stellen wir Ihnen auch erste Kontaktpersonen vor.
Im weiteren Auswahlverfahren laden wir Sie zum Bewerbertag in unsere Hauptverwaltung ein. Freuen Sie sich auf eine Gruppendiskussion, berufsspezifische Fallbesprechungen und eine offene Fragerunde mit unseren Azubis. Außerdem knüpfen Sie erste Kontakte zu den Menschen, die unsere Auszubildenden begleiten und lotsen.
Wir sind gespannt auf Ihre Bewerbung über unsere Website!
Senden Sie uns bitte",,Azubiyo | Ausbildung | Fachinformatiker Daten- & Prozessanalyse (w/m/d) | Lay,tidak,belum,tinggi,"Fachinformatiker Daten- & Prozessanalyse (w/m/d)

Fachabitur

- Sie sind kommunikativ und arbeiten gerne im Team.Das bieten wir Ihnen
Work-Life-Balance: Flexible Arbeitszeiten, 30 Urlaubstage, Heiligabend und Silvester arbeitsfrei
Strukturierte Aus- und Weiterbildung: Seminare und E-Learnings, interne Qualifizierungsmaßnahmen, eine intensive Vorbereitung auf die IHK-Prüfungen, Begleitung von Praxis- und Bachelorarbeiten
Attraktive Vergütung: 14 überdurchschnittliche Monatsgehälter:
1. Ausbildungsjahr 1.355 Euro pro Monat
2. Ausbildungsjahr 1.432 Euro pro Monat
3. Ausbildungsjahr 1.520 Euro pro Monat
(zzgl. monatlich 40 Euro vermögenswirksame Leistungen;
Ausbildungsvergütung Stand 01.08.2025)
Sport & Gesundheit: Betriebssportangebot, Betriebliche Krankenversicherung
Karriere: Sehr gute Übernahmechancen, vielfältige Entwicklungsmöglichkeiten
Moderne Arbeitsumgebung: New Work-Elemente, höhenverstellbare Schreibtische, Curved-Bildschirme, Betriebsrestaurant und Cafeteria mit Außenterrassen
Weitere Benefits: Vergünstigungen für Mitarbeitende, Zuschuss zum Deutschlandticket, Firmenevents und vieles mehr
Ausbildung und duales Studium
Bei sehr guten Leistungen stehen Ihnen die Möglichkeit eines ausbildungsbegleiteten oder berufsbegleiteten Studiums offen – so können Sie Ihre Praxis im Unternehmen optimal ergänzen. Oder Sie nutzen die individuellen Weiterbildungsangebote unserer Akademie, um sich zusätzlich zu qualifizieren.
Der Bewerbungsprozess
Bewerben können Sie sich jeweils ab Juli für den Start im nächsten Jahr.",Fachabitur,2026-06-13T12:54:02.417018+00:00
ASD-998030003513544119,ausbildungsstellen_si,Azubiyo,Lay,Debeka-Platz 1 56073 Lay Rheinland-Pfalz,Ausbildung | Fachinformatiker Anwendungsentwicklung (w/m/d),dual,,,"1.355 €, 1.432 €, 1.520 €",93,company,lucas.stahlhofen@debeka.de,https://www.azubiyo.de/bewerbung/,email,"Haben Sie uns mit Ihrer Bewerbung überzeugt, lernen wir uns bei einem Videochat oder Telefoninterview persönlich kennen. Bei der Gelegenheit stellen wir Ihnen auch erste Kontaktpersonen vor.
Im weiteren Auswahlverfahren laden wir Sie zum Bewerbertag in unsere Hauptverwaltung ein. Freuen Sie sich auf eine Gruppendiskussion, berufsspezifische Fallbesprechungen und eine offene Fragerunde mit unseren Azubis. Außerdem knüpfen Sie erste Kontakte zu den Menschen, die unsere Auszubildenden begleiten und lotsen.
Wir sind gespannt auf Ihre Bewerbung über unsere Website! Sie sind auf der Suche nach einer praxisnäheren Alternative zum Studium? Wir freuen uns, auch von Ihnen zu hören.
Senden Sie uns bitte",,Azubiyo | Ausbildung | Fachinformatiker Anwendungsentwicklung (w/m/d) | Lay,tidak,belum,tinggi,"Fachinformatiker Anwendungsentwicklung (w/m/d)

Abitur

- Sie sind kommunikativ und arbeiten gerne im TeamDas bieten wir Ihnen
Work-Life-Balance: Flexible Arbeitszeiten, 30 Urlaubstage, Heiligabend und Silvester arbeitsfrei
Strukturierte Aus- und Weiterbildung: Seminare und E-Learnings, interne Qualifizierungsmaßnahmen, eine intensive Vorbereitung auf die IHK-Prüfungen, Begleitung von Praxis- und Bachelorarbeiten
Attraktive Vergütung: 14 überdurchschnittliche Monatsgehälter:
1. Ausbildungsjahr 1.355 Euro pro Monat
2. Ausbildungsjahr 1.432 Euro pro Monat
3. Ausbildungsjahr 1.520 Euro pro Monat
(zzgl. monatlich 40 Euro vermögenswirksame Leistungen; Ausbildungsvergütung Stand 01.08.2025)
Sport & Gesundheit: Betriebssportangebot, Betriebliche Krankenversicherung
Karriere: Sehr gute Übernahmechancen, vielfältige Entwicklungsmöglichkeiten
Moderne Arbeitsumgebung: New Work-Elemente, höhenverstellbare Schreibtische, Curved-Bildschirme, Betriebsrestaurant und Cafeteria mit Außenterrassen
Weitere Benefits: Vergünstigungen für Mitarbeitende, Zuschuss zum Deutschlandticket, Firmenevents und vieles mehr
Ausbildung und duales Studium
Bei sehr guten Leistungen stehen Ihnen die Möglichkeit eines ausbildungsbegleiteten oder berufsbegleiteten Studiums offen – so können Sie Ihre Praxis im Unternehmen optimal ergänzen. Oder Sie nutzen die individuellen Weiterbildungsangebote unserer Akademie, um sich zusätzlich zu qualifizieren.
Der Bewerbungsprozess
Bewerben können Sie sich jeweils ab Juli für den Start im nächsten Jahr.",Abitur,2026-06-13T12:58:29.451820+00:00
10001-1000596362-S,fachinformatiker_ae,CHEFS CULINAR West GmbH & Co. KG,Weeze,"Holtumsweg 26, 47652 Weeze",Duales Studium | Fachinformatiker/in - Anwendungsentwicklung,dual,,,,93,ba_portal,hr-ccwest@chefsculinar.de,https://www.arbeitsagentur.de/jobsuche/jobdetail/10001-1000596362-S,email,"- Du bearbeitest Aufgaben eigenständig, um die Fachabteilung bei Fragen und Problemen zu unterstützen.
- Du bist richtig gut und hast durch Leistung überzeugt? Dann hast Du gute Aussichten unser Team langfristig zu verstärken.",https://www.arbeitsagentur.de/jobsuche/jobdetail/10001-1000596362-S,CHEFS CULINAR West GmbH & Co. KG | Duales Studium | Fachinformatiker/in - Anwendungsentwicklung | Weeze,tidak,belum,tinggi,"CHEFS CULINAR West ist eingebunden in die CHEFS CULINAR-Unternehmensgruppe, die mit über 7.700 Mitarbeitern Marktführer in der bundesweiten Belieferung von Großverbrauchern ist. Mit einem Vollsortiment, bestehend aus allen Lebensmittelbereichen sowie Technik, Ausstattung und Systemlösungen, sind wir der zuverlässige Partner für Hotel, Gastronomie und Gemeinschaftsverpflegung.

### **Über deine Ausbildung**

- Dich erwartet ein technisch modernes und innovatives Arbeitsumfeld, auf Basis modernster Hard- und Software, sowie eine umfassende Betreuung durch kompetente Ausbilder, die Dir mit Rat und Tat zur Seite stehen.
- An 2-3 Tagen pro Woche besuchst Du die Hochschule Niederrhein (Campus Krefeld) und arbeitest an Deinem Studium.
- Du erhältst Einblick in unterschiedlichste Bereiche und sammelst dort Praxiswissen und Erfahrungen.
- Du erlernst gemeinsam mit unseren Fachexperten die Konzeption, Entwicklung und Anpassung unserer Softwaresysteme.
- Du bearbeitest Aufgaben eigenständig, um die Fachabteilung bei Fragen und Problemen zu unterstützen.
- Du bist richtig gut und hast durch Leistung überzeugt? Dann hast Du gute Aussichten unser Team langfristig zu verstärken.

### **Du besitzt** 

- die allgemeine oder fachgebundene Hochschulreife.
- ein gutes Zahlenverständnis und logisches Denkvermögen.
- eine hohe Lernbereitschaft, Zuverlässigkeit und Flexibilität.
- gute Deutsch- und Englisch-Kenntnisse.
- Interesse an IT-Prozessen, Programmiersprachen und technischen Abläufen.
- Freude im Team und mit Kollegen lösungsorientiert zusammen zu arbeiten.

### **Wir bieten**

Wir unterstützen dich…

… auf deinem Weg ins Büro.
Wer mag schon Stress am Morgen: Dank ausreichend kostenfreien Parkplätzen kannst du ganz entspannt in deinen Arbeitstag starten. Und: Bei uns gestaltest du deine Arbeitszeiten selbst. Unsere flexible Gleitzeit macht es möglich!

… in deiner Freizeit.
Du erhältst 30 Tage bezahlten Urlaub, bei besonderen Ereignissen sogar noch Tage on top. Auch für die Urlaubskasse und Weihnachtsgeschenke gibt’s einen Bonus. Sparfüchse nutzen die Vorteile von Corporate Benefits!

… an deinem Arbeitsplatz.
Getränke gibt es kostenlos und geschlemmt wird zu moderaten Preisen in der hauseigenen Kantine. Ein modernes Büro und eine intensive Betreuung durch erfahrene Ausbilder und Trainer schaffen die Basis für eine lockere Atmosphäre und kreatives Arbeiten im Team.

… und darüber hinaus.
Bei uns ist kein Tag wie der andere. Während deiner Ausbildung lernst du unsere verschiedenen Fachabteilungen kennen. Und auch nach Feierabend gilt: Egal ob sportliche Challenges und außerbetriebliche Events –Langeweile kennen wir nicht!

### **Wir freuen uns auf deine Bewerbung!**

**CHEFS CULINAR West GmbH & Co. KG**
Lucia Eykholt
Holtumsweg 26
47652 Weeze
E-Mail: hr-ccwest@chefsculinar.de",Fachgebundene Hochschulreife,2026-06-11T09:14:53.237007+00:00
10000-1202572173-S,fachinformatiker_ae_2026,BRAND GMBH + CO KG,Wertheim am Main,"Otto-Schott-Str. 25, 97877 Wertheim am Main",Duales Studium,dual,2026,,,93,ba_portal,jobs@mybrandgroup.de,https://www.arbeitsagentur.de/jobsuche/jobdetail/10000-1202572173-S,email,"Du bist der erste Ansprechpartner, wenn es Probleme mit einem Computer gibt? Du bist ein Mathe-Experte und das Lösen komplexer Problemstellungen liegt dir?",https://www.arbeitsagentur.de/jobsuche/jobdetail/10000-1202572173-S,BRAND GMBH + CO KG | Duales Studium | Wertheim am Main,tidak,belum,tinggi,"## Bewirb dich gerne jetzt für das Jahr 2026!

Du bist der erste Ansprechpartner, wenn es Probleme mit einem Computer gibt? Du bist ein Mathe-Experte und das Lösen komplexer Problemstellungen liegt dir?

Dann liegst du mit einem Dualen Studium im Bereich Angewandte Informatik bei der Brand Gruppe genau richtig. In den Praxisphasen programmierst du Softwarelösungen für mechatronische Geräte, den Anlagenbau, die Qualitätssicherung und für die Produktion.

## Gute Gründe für dein Studium bei der Brand Gruppe

### Theorie und Praxis

Die Theoriephasen deines Studiums finden an der Dualen Hochschule Baden-Württemberg (DHBW) in Mosbach statt. Die Praxisphasen deines Dualen Studiums absolvierst du bei der Brand Gruppe am Standort Wertheim.

### Umfassende Betreuung

Praxis-Luft schnupperst du während den Praxisphasen deines Dualen Studiums. Hier erhältst du Einblicke in zahlreiche Abteilungen innerhalb der Brand Gruppe und übernimmst eigenständig Aufgaben. Erfahrene Ausbilder begleiten dich, durch regelmäßige Schulungen sichern wir die Qualität der Betreuung.

### Familiäres Betriebsklima

Bei uns wird das ""WIR"" groß geschrieben! Um den Zusammenhalt unseres Teams zu stärken, bieten wir dir rund um dein Studium viele Highlights und gemeinsame Aktivitäten. Von der Betriebsführung bis zum Azubiausflug, von der Schulung bis zum Feedbackgespräch: Bei uns erlebst du eine strukturierte Ausbildung mit anerkannt hohem Niveau.

### Internationale Unternehmensgruppe

Eine Besonderheit ist der unternehmensübergreifende Einsatz innerhalb unserer Gruppe. So ist es unseren Studierenden möglich, auch in unseren Tochter- und Schwestergesellschaften Praxiserfahrung zu sammeln. Für Interessierte, die internationale Praxisluft schnuppern möchten, bieten wir ein Auslandspraktikum bei unserer amerikanischen Tochtergesellschaft bzw. eine finanzielle Unterstützung bei einem Auslandssemester an.

## Dein Studienverlauf

- Dauer des Studiums: 3 Jahre, Theorie an der DHBW in Mosbach und Praxis im 3-monatigen Wechsel
- Vermittlung vertiefter Kenntnisse in Software- und Web-Engineering sowie Anwendungsentwicklung
- Erarbeiten der Informatik Kerngebiete wie Algorithmen und Datenstrukturen, Betriebssysteme, Datenbanken und Programmiersprachen

## Deine Aufgaben bei uns

- Entwickeln von Softwarelösungen für mechatronische Geräte
- Entwickeln von Softwarelösungen für Anlagen und Vorrichtungen im Bereich Produktion, Anlagenbau, Qualitätssicherung und Fertigungstechnik
- Entwickeln von Anwender- und Systemsoftware
- Aufbau und Administration von Netzwerksystemen

## Das bringst Du mit

- Spaß am Umgang mit dem Computer
- Lust auf präzises, konzentriertes und eigenverantwortliches Arbeiten
- Begeisterung für Analyse- und Optimierungsprozesse
- Teamfähigkeit
- überdurchschnittliches Engagement
- Gute Leistungen in den naturwissenschaftlichen Fächern sowie Mathematik
- Interesse an technischen Aufgabenbereichen

## Unsere Benefits.

- Hohe Ausbildungsqualität
- Starke Community
- Theorie & Praxis
- Attraktive Zusatzleistungen
- Teamspirit
- Internationale Unternehmensgruppe
- Work-Like Balance
- Gesundheit & Sport
- Onboarding & Networking
- Deine Karrierechancen

Interesse geweckt? Dann bewirb Dich jetzt!

jobs@mybrandgroup.de
BRAND GMBH + CO KG
Otto-Schott-Straße 25
97877 Wertheim
www.brand.de

Fragen zum Studium beantwortet Dir:

Frau Saskia Blum
Tel.:09342 808 1817","## Das bringst Du mit
- Spaß am Umgang mit dem Computer
- Lust auf präzises, konzentriertes und eigenverantwortliches Arbeiten
- Begeisterung für Analyse- und Optimierungsprozesse
- Teamfähigkeit
- überdurchschnittliches Engagement
- Gute Leistungen in den naturwissenschaftlichen Fächern sowie Mathematik
- Interesse an technischen Aufgabenbereichen",2026-06-11T08:15:45.961423+00:00
10000-1206274916-S,fachinformatiker_ae_2026,Guehring KG,"Albstadt, Württemberg","Albstadt, Württemberg",Duales Studium | Fachinformatiker/in - Anwendungsentwicklung,dual,2026,,,87,ba_portal,kathrin.stricker@guehring.de,https://www.arbeitsagentur.de/jobsuche/jobdetail/10000-1206274916-S,email,"KONTAKT
Kathrin Stricker
D: 07431/17-21229",https://www.arbeitsagentur.de/jobsuche/jobdetail/10000-1206274916-S,"Guehring KG | Duales Studium | Fachinformatiker/in - Anwendungsentwicklung | Albstadt, Württemberg",tidak,belum,tinggi,"Du kennst uns.  Das weißt Du nur noch nicht.  Morgens beim ersten Blick auf Dein Smartphone oder wenn Du ins Auto steigst: Wir stellen die Werkzeuge her, mit denen Teile in der Elektrotechnik oder für die Automobilindustrie bearbeitet werden – und vieles mehr.

**Um diese und neue Technologien zu gestalten, brauchen wir Dich!**
**(M/W/D) ALBSTADT 2026**

**Kombi-Studium KI Management**

**Das erwartet Dich:**

Das Kombi-Studium KI Management verbindet die Ausbildung zum/r Fachinformatiker/in für Anwendungsentwicklung mit einem Hochschulstudium der Fachrichtung KI Management: In 4,5 Jahren absolvierst Du 1,5 Jahre Ausbildung und 6 Semester Studium und erhältst am Ende zwei Abschlüsse – den Facharbeiterbrief und den Bachelor of Science.


**Schwerpunkte in der Ausbildung:**

• verschiedene Programmiersprachen
• Testen von Systemen und Anwendungen
• Programmierlogik und -methoden
• Dokumentation von Anwendungslösungen
• Anwendungslösungen entwerfen, realisieren oder anpassen
• Datenmodelle
• Sicherheitsaspekte bei der Entwicklung von Softwareanwendungen
Schwerpunkte im Studium:
• Grundlagen der Betriebswirtschaftslehre
• Grundlagen der Künstlichen Intelligenz und des maschinellen Lernens
• Datenmanagement und Data Analytics
• Digitale Geschäftsmodelle und Innovationsstrategien
• Projektmanagement und agile Methoden
• Recht, Ethik und Verantwortung in der KI

**Alles, was Du wissen musst:**
Studiendauer:
4,5 Jahre
Voraussetzung:
Abitur
Ausbildungsstandort:
Albstadt, Baden-Württemberg
Bildungspartner:
 [https://www.gsz-zak.de/](https://https//www.gsz-zak.de/)
[ https://www.hs-albsig.de/studienangebot/bachelorstudiengaenge/ki-management/#:\~:text=Transformation%20aktiv%20mitzugestalten.-,Informatik,-Diese%20Vertiefung%20fokussiert](https://https//www.hs-albsig.de/studienangebot/bachelorstudiengaenge/ki-management/#:~:text=Transformation%20aktiv%20mitzugestalten.-,Informatik,-Diese%20Vertiefung%20fokussiert)

**Das bieten wir Dir:**

• 30 Urlaubstage pro Jahr
• 35-Stunden-Woche
• Übernahme bei guter Leistung im Betrieb und in der Berufsschule
• Die Möglichkeit, Auslandserfahrung zu sammeln
• Kooperationen mit Fitness-Studios, badkap und Burger King
• Fahrrad-Leasing
• Corporate Benefits: Rabatte und Sonderkonditionen bei über 1.500 Anbietern, z.B. Adidas, Apple oder Expedia.
• Altersvorsorgewirksame Leistungen
• Betriebsrat & Jugend- und Auszubildendenvertretung
• 1. Ausbildungsjahr: 1.303,50 €
• 2. Ausbildungsjahr: 1.377,50 €
• 3. Ausbildungsjahr: 1.488,50 €
ab 3. Ausbildungsjahr: Stipendium (in Höhe der Ausbildungsvergütung des 3. Ausbildungsjahres)

KONTAKT
Kathrin Stricker
D: 07431/17-21229
T: 07431/17-0
F: 07431/17-21341
kathrin.stricker@guehring.de

NOCH FRAGEN?
Weitere Informationen zu deinem Traumberuf findest du in unserer
oder auf unserer
.
[https://jobs.guehring.de/Vacancies/1537/Application/CheckLogin/1?lang=ger](https://https//jobs.guehring.de/Vacancies/1537/Application/CheckLogin/1?lang=ger)

© Gühring KG","Voraussetzung:
Abitur
Ausbildungsstandort:
Albstadt, Baden-Württemberg
Bildungspartner:
[https://www.gsz-zak.de/](https://https//www.gsz-zak.de/)
[ https://www.hs-albsig.de/studienangebot/bachelorstudiengaenge/ki-management/#:\~:text=Transformation%20aktiv%20mitzugestalten.-,Informatik,-Diese%20Vertiefung%20fokussiert](https://https//www.hs-albsig.de/studienangebot/bachelorstudiengaenge/ki-management/#:~:text=Transformation%20aktiv%20mitzugestalten.-,Informatik,-Diese%20Vertiefung%20fokussiert)",2026-06-11T08:15:40.904964+00:00
10000-1204011179-S,fachinformatiker_ae_2026,ENERCON GmbH,"Aurich, Ostfriesland","Dreekamp 5, 26605 Aurich, Ostfriesland",Duales Studium | Industriekaufmann/-frau,dual,2026,,,87,ba_portal,studenten@enercon.de,https://www.arbeitsagentur.de/jobsuche/jobdetail/10000-1204011179-S,email,"- Du durchläufst verschiedene Abteilungen im Unternehmen, wie z.B. Materialwirtschaft, Buchhaltung, Personalabteilung, Projektmanagement und Vertrieb
- Du agierst als Schnittstelle zwischen der IT und den jeweiligen Fachbereichen",https://www.arbeitsagentur.de/jobsuche/jobdetail/10000-1204011179-S,"ENERCON GmbH | Duales Studium | Industriekaufmann/-frau | Aurich, Ostfriesland",tidak,belum,tinggi,"*Innovative Ideen sind das Markenzeichen unserer Erfolge und treiben uns an. Wir setzen uns mit Leidenschaft dafür ein, Windenergieprojekte weltweit zu realisieren und die energietechnischen Herausforderungen von morgen zu meistern. Du kannst mit deinem Engagement dazu beitragen, die Zukunft der erneuerbaren Energien zu gestalten.*
 

## **Allgemeine Informationen**

Das duale Studium bieten wir in Kooperation mit der IT & Business School (IBS) in Oldenburg an. Die Regelstudienzeit an der IBS beträgt 7 Semester (3,5 Jahre).

Im August 2026 startest Du mit einer Praxisphase im Unternehmen am Standort Aurich oder Oldenburg und absolvierst zusätzlich eine Ausbildung zum/zur Industriekaufmann/-frau oder Fachinformatiker/-in in Fachrichtung Anwendungsentwicklung.
 

## **Deine Aufgaben**

- Du löst selbstständig Probleme betriebwirtschaftlicher und/oder informations- & kommunikationstechnischer Art 
- Du kümmerst dich um Systemanalyse, - entwicklung, und Betreuung der Informations- und Datenverarbeitungssysteme
- Du befasst dich mit rechnerischen, organisatorischen und verwaltenden Arbeiten
- Du durchläufst verschiedene Abteilungen im Unternehmen, wie z.B. Materialwirtschaft, Buchhaltung, Personalabteilung, Projektmanagement und Vertrieb
- Du agierst als Schnittstelle zwischen der IT und den jeweiligen Fachbereichen 
 

## **Deine Qualifikationen**

- Abitur oder Fachhochschulreife
- Gute Noten in Mathematik, Deutsch, Englisch, ggf. Betriebswirtschaft und Informatik
- Interesse an IT und  betriebswirtschaftlichen Zusammenhängen 
- Selbstbewusstes Auftreten
- Team - und Kommunikative Fähigkeiten
- Programmierkenntnisse sind von Vorteil aber kein muss
 

## **Deine Benefits**

- Anspruch auf 30 Tage bezahlten Urlaub pro Jahr
- Spannende und abwechslungsreiche Tätigkeiten
- Unterstützung durch Lerngruppen und Prüfungsvorbereitung
- Ganzheitliches Engagement bei der Betrieblichen Gesundheitsförderung
- Mitarbeiterevents, die für frischen Wind sorgen
 
Finde mehr über Deine individuellen Benefits heraus – Deine zukünftige Personalabteilung hilft Dir gerne dabei.
 

### **Kontakt**

Tim Lösekann
studenten@enercon.de","## **Deine Qualifikationen**
- Abitur oder Fachhochschulreife
- Gute Noten in Mathematik, Deutsch, Englisch, ggf. Betriebswirtschaft und Informatik
- Interesse an IT und  betriebswirtschaftlichen Zusammenhängen
- Selbstbewusstes Auftreten
- Team - und Kommunikative Fähigkeiten
- Programmierkenntnisse sind von Vorteil aber kein muss",2026-06-11T08:15:40.281766+00:00
NRW-3259-6246,ausbildung_nrw_ae,reisewitz GmbH & Co KG,Bad Lippspringe,Am Vorderflöß 20a 33175 Bad Lippspringe,"Ausbildung | Fachinformatiker/in - Anwendungsentwicklung (2025, 2026)",dual,,,,87,company,bewerbung@reisewitz.com,https://reisewitzkarriere.recruitee.com/o/fachinformatiker-anwendungsentwicklung-mwd,email,"Kontakt
05252200900
Kontakt
Datenschutz
Impressum
Ausbildung.NRW ist ein Kooperationsprojekt der Industrie- und Handelskammern in Nordrhein-Westfalen.
umgesetzt von der www.spieker.agency",,"reisewitz GmbH & Co KG | Ausbildung | Fachinformatiker/in - Anwendungsentwicklung (2025, 2026) | Bad Lippspringe",tidak,belum,tinggi,"Fachinformatiker/in - Anwendungsentwicklung (2025, 2026)

Fachinformatiker/in - Anwendungsentwicklung in Bad Lippspringe (2025, 2026)
Kaufmann/frau - IT-System-Management in Bad Lippspringe (2025, 2026)
Duales Studium Wirtschaftsinformatik in Bad Lippspringe (2025, 2026)
Angebote
Duales Studium
Duale Ausbildung

Schon gewusst?
Für dieses Jahr haben wir noch freie Ausbildungsplätze!

So kannst du dich bewerben
Besuche einfach unser Bewerbungsportal unter reisewitzkarriere.recruitee.com und fülle das Bewerbungsformular online aus. Dort kannst du alle erforderlichen Informationen hochladen, einschließlich deines Lebenslaufs, Anschreibens und relevanter Zeugnisse.
Wenn du auf der Suche nach spannenden Herausforderungen und einer aussichtsreichen Karriere bist, dann bewirb dich bei uns!
Mehr Informationen
Nutze die Gelegenheit und werde Teil unseres erfolgreichen Teams. Wir freuen uns auf deine Bewerbung!
bewerbung@reisewitz.com
https://reisewitz.com/karriere/
Am Vorderflöß 20a
33175 Bad Lippspringe
Christina Dillmann
Personalmanagement
05252200900
bewerbung@reisewitz.com
Social Media
Standort
+
–
⤢
info@ausbildung.nrw",,2026-06-12T09:58:26.917893+00:00
10001-1001687606-S,fachinformatiker_ae,Computacenter AG & Co. oHG,Berlin,"Mariendorfer Damm 1, 12099 Berlin",Duales Studium | Fachinformatiker/in - Anwendungsentwicklung,dual,,,Jahr 1: 1146 EUR/Monat | Jahr 2: 1252 EUR/Monat | Jahr 3: 1388 EUR/Monat,87,ba_portal,,https://www.arbeitsagentur.de/jobsuche/jobdetail/10001-1001687606-S,ba_portal,"Solltest Du vorab noch Fragen haben, wende Dich gerne an unsere kostenlose Karriere-Hotline unter +49 800 4682326. Für weitere Informationen besuche uns gerne auf unserer Homepage.",https://www.arbeitsagentur.de/jobsuche/jobdetail/10001-1001687606-S,Computacenter AG & Co. oHG | Duales Studium | Fachinformatiker/in - Anwendungsentwicklung | Berlin,ya,belum,rendah,"**Deine Aufgaben**

In der Hochschule lernst Du die Basis, bei uns kannst Du das Gelernte sofort anwenden. Das macht das Lernen leichter und effizienter. Du bist vom ersten Tag des Studiums Teil unseres Consultancy Teams. Du kannst nicht nur hautnah erleben, wie wir digitale Lösungen für unsere unterschiedlichsten Kunden erstellen, sondern wirst von Anfang an beteiligt.

Als Student:in der Wirtschaftsinformatik wirst Du bei uns sowohl die organisatorische als auch die technologische Seite bei der Konzeption, Umsetzung und Einführung von digitalen Lösungen kennenlernen. Ob bei unseren internationalen Großkunden oder für eine moderne Öffentliche Verwaltung: reibungslose Abläufe, sichere Lösungsansätze und der Einsatz moderner Technologien sind Deine Welt.

Das Hochschulstudium Wirtschaftsinformatik absolvierst Du an der TH Brandenburg. Diese Theoriephasen wechseln sich blockweise mit Praxisphasen in unserer Berliner Geschäftsstelle ab.

**Dein Profil**

- [Fach-]Abitur
- Begeisterung für die Wirkung moderner IT-Lösungen
- Erste Erfahrungen im Programmieren wünschenswert
- im Idealfall sogar schon erste praktische Erfahrungen, z.B. im Rahmen eines Schülerpraktikums

Wir suchen kreative Menschen, die Lust haben, gemeinsam im Team digitale Lösungen zu entwickeln und zum Einsatz zu bringen. Es reizt Dich, Dein Organisationstalent und Deine technische Begabung einzusetzen und selbstständig Lösungen zu erarbeiten.

Wir bieten

eigenes Notebook
regelmäßige Trainings, sowohl fachspezifisch als auch berufsübergreifend
sehr gute Übernahmechancen – durchschnittliche Übernahmequote: 84%
Prämien bei guten und sehr guten Abschlüssen

Ausbildung bei Computacenter:

Mach IT auch zu Deiner Zukunft und starte Deine Ausbildung bei uns – Europas führendem herstellerübergreifenden IT-Dienstleister. Hier arbeiten rund 18.000 Menschen weltweit an großen Projekten für internationale Kunden. Dazu zählen unter anderem die Mehrheit der DAX-40-Unternehmen, aber auch öffentliche Auftraggeber auf Länder- und Bundesebene.

Deine Bewerbung:

Wir freuen uns auf Deine Online-Bewerbung, unabhängig von Geschlecht, Alter, sexueller Orientierung, Nationalität, ethnischer und sozialer Herkunft sowie Religion. Bewerbungen von schwerbehinderten Menschen sind bei Computacenter willkommen und werden bei gleicher Eignung bevorzugt berücksichtigt.

Bitte bewirb Dich ausschließlich für einen der Standorte, die in der Anzeige angegeben sind, da wir nur dort diesen Beruf ausbilden. Reiche dabei bitte Deine vollständigen Unterlagen ein (Anschreiben, Lebenslauf und mindestens Deine letzten beiden Schulzeugnisse und etwaige Praktikumsbescheinigungen).

Solltest Du vorab noch Fragen haben, wende Dich gerne an unsere kostenlose Karriere-Hotline unter +49 800 4682326. Für weitere Informationen besuche uns gerne auf unserer Homepage.","**Dein Profil**
- [Fach-]Abitur
- Begeisterung für die Wirkung moderner IT-Lösungen
- Erste Erfahrungen im Programmieren wünschenswert
- im Idealfall sogar schon erste praktische Erfahrungen, z.B. im Rahmen eines Schülerpraktikums
Fachhochschulreife",2026-06-11T09:15:01.112690+00:00
NRW-1136-1784,ausbildung_nrw_ae,HEGLA GmbH & Co. KG,Beverungen,Industriestraße 21 37688 Beverungen,Ausbildung | Fachinformatiker/in - Anwendungsentwicklung (2027),dual,,,,87,company,jobs@hegla.de,https://www.hegla.com/de/karriere/stellenangebote/jobangebot/ausbildung-fachinformatiker-fachrichtung-anwendungsentwicklung-mwd-beverungen/,email,"Kontakt
+49 52 73 / 9 05 - 0
jobs@hegla.de
https://www.hegla.com
Industriestraße 21
37688 Beverungen
H
Heike Strerath
Personalabteilung
+49 5273 905136
jobs@hegla.de
Social Media
Standort
+
–
⤢
info@ausbildung.nrw
Kontakt
Datenschutz
Impressum
Ausbildung.NRW ist ein Kooperationsprojekt der Industrie- und Handelskammern in Nordrhein-Westfalen.
umgesetzt von der www.spieker.agency",,HEGLA GmbH & Co. KG | Ausbildung | Fachinformatiker/in - Anwendungsentwicklung (2027) | Beverungen,tidak,belum,tinggi,"Fachinformatiker/in - Anwendungsentwicklung (2027)

Fachinformatiker/in - Anwendungsentwicklung in Beverungen (2027)
Bachelor of Engineering Elektrotechnik/Energietechnik in Beverungen (2027)
Stellenangebote
Angebote
Duales Studium
Duale Ausbildung (Vollzeit)
Praktikum

Werde Teil unseres Teams und starte Deine Zukunft bei einem der erfolgreichsten Maschinenbau-Unternehmen für die glasverarbeitende Industrie. Wir bieten Dir eine abwechslungsreiche Ausbildung, bei der Du aktiv in die betrieblichen Abläufe eines Global-Players eingebunden wirst. Dabei lernst Du die verschiedenen Abteilungen kennen und sammelst vielfältige Erfahrungen in den Arbeitsbereichen unseres international tätigen Unternehmens.
Haben wir Dein Interesse geweckt? Dann freuen wir uns, Dich kennenzulernen.
Schon gewusst?

So kannst du dich bewerben
Sende uns Deine Unterlagen an jobs@hegla.de oder bewirb Dich direkt auf www.hegla.com/de/karriere.
Mehr Informationen
Auf unserem Azubi-Blog berichten Dir HEGLA-Auszubildende aus Ihrem Berufsalltag bei uns im Unternehmen und geben Dir hilfreiche Tipps zu Themen wie Bewerbung und Prüfungen. Entdecke, was unsere Azubis zu erzählen haben: www.hegla.com/de/karriere/azubiblog/",,2026-06-12T09:56:01.334906+00:00
NRW-4225-7791,ausbildung_nrw_ae,Böllhoff Gesellschaft für Ausbildung und Perspektive GmbH,Bielefeld,Archimedesstraße 1-4 33649 Bielefeld,Ausbildung | Fachinformatiker/in - Anwendungsentwicklung (2026),dual,,,,87,company,akonkol@boellhoff.com,https://jobs.boellhoff.com/Ausbildung-Fachinformatiker-fuer-Anwendungsentwicklung-mwd-de-f5598.html,email,"Kontakt
0521/4482-1275
akonkol@boellhoff.com
https://www.boellhoff.com/de-de/
Archimedesstraße 1-4
33649 Bielefeld
Alina Konkol
Referentin kaufmännische & IT Ausbildung
0521/4482-1275
akonkol@boellhoff.com
Christian Löwen
Technischer Ausbilder
+49521448201
CLoewen@boellhoff.com
Social Media
Standort
+
–
⤢
Standorte
Archimedesstraße 1-4
33649 Bielefeld
Am Alten Bahndamm 15
08606 Oelsnitz/Vogtl.
Gewerbestraße 10
04420 Markranstädt
Marie-Curie-Straße 10
71364 Winnenden
Parkring 4
85748 Garching bei München
Finsterwalder Str. 29b
03249 Sonnewalde
info@ausbildung.nrw
Kontakt
Datenschutz
Impressum
Ausbildung.NRW ist ein Kooperationsprojekt der Industrie- und Handelskammern in Nordrhein-Westfalen.
umgesetzt von der www.spieker.agency",,Böllhoff Gesellschaft für Ausbildung und Perspektive GmbH | Ausbildung | Fachinformatiker/in - Anwendungsentwicklung (2026) | Bielefeld,tidak,belum,tinggi,"Fachinformatiker/in - Anwendungsentwicklung (2026)

Fachinformatiker/in - Anwendungsentwicklung in Bielefeld (2026)
Zerspanungsmechaniker/in in Bielefeld (2026)
Werkzeugmechaniker/in in Bielefeld (2026)
Maschinen- und Anlagenführer/in in Bielefeld (2025)
Fachinformatiker/in - Digitale Vernetzung in Bielefeld (2026)
Maschinen- und Anlagenführer/in in Bielefeld (2026)
Werkstoffprüfer/in - Metalltechnik in Bielefeld (2026, 2025)
Angebote
Duales Studium
Berufsfelderkundungstag
Praktikum
Duale Ausbildung

Schon gewusst?
Eine Besonderheit bei uns: Unser Instagram Kanal wird von unseren Azubis geführt. Wenn du also Lust hast, selbst aktiv zu werden – und News und Stories aus deinem Ausbildungsleben zu teilen und zu posten, dann freuen wir uns darauf!

So kannst du dich bewerben
Du bewirbst dich über unser Karriereportal und lädst deine Bewerbungsunterlagen direkt für die ausgewählte Stelle hoch.
Über folgenden Link gelangst du zu unserem Karriereportal:
https://www.boellhoff.com/de/karriere/offene-stellen/",,2026-06-12T09:54:11.677001+00:00
NRW-4225-7792,ausbildung_nrw_dpa,Böllhoff Gesellschaft für Ausbildung und Perspektive GmbH,Bielefeld,Archimedesstraße 1-4 33649 Bielefeld,Ausbildung | Fachinformatiker/in - Daten- und Prozessanalyse (2026),dual,,,,87,company,akonkol@boellhoff.com,https://jobs.boellhoff.com/Ausbildung-Fachinformatiker-fuer-Daten-und-Prozessanalyse--de-f5597.html,email,"Kontakt
0521/4482-1275
akonkol@boellhoff.com
https://www.boellhoff.com/de-de/
Archimedesstraße 1-4
33649 Bielefeld
Alina Konkol
Referentin kaufmännische & IT Ausbildung
0521/4482-1275
akonkol@boellhoff.com
Christian Löwen
Technischer Ausbilder
+49521448201
CLoewen@boellhoff.com
Social Media
Standort
+
–
⤢
Standorte
Archimedesstraße 1-4
33649 Bielefeld
Am Alten Bahndamm 15
08606 Oelsnitz/Vogtl.
Gewerbestraße 10
04420 Markranstädt
Marie-Curie-Straße 10
71364 Winnenden
Parkring 4
85748 Garching bei München
Finsterwalder Str. 29b
03249 Sonnewalde
info@ausbildung.nrw
Kontakt
Datenschutz
Impressum
Ausbildung.NRW ist ein Kooperationsprojekt der Industrie- und Handelskammern in Nordrhein-Westfalen.
umgesetzt von der www.spieker.agency",,Böllhoff Gesellschaft für Ausbildung und Perspektive GmbH | Ausbildung | Fachinformatiker/in - Daten- und Prozessanalyse (2026) | Bielefeld,tidak,belum,tinggi,"Fachinformatiker/in - Daten- und Prozessanalyse (2026)

Fachinformatiker/in - Daten- und Prozessanalyse in Bielefeld (2026)
Kaufmann/frau – Groß- und Außenhandelsmanagement in Bielefeld (2026)
Industriekaufmann/frau in Bielefeld (2026)
Fachinformatiker/in - Systemintegration in Bielefeld (2026)
Fachinformatiker/in - Anwendungsentwicklung in Bielefeld (2026)
Zerspanungsmechaniker/in in Bielefeld (2026)
Werkzeugmechaniker/in in Bielefeld (2026)
Maschinen- und Anlagenführer/in in Bielefeld (2025)
Fachinformatiker/in - Digitale Vernetzung in Bielefeld (2026)
Maschinen- und Anlagenführer/in in Bielefeld (2026)
Werkstoffprüfer/in - Metalltechnik in Bielefeld (2026, 2025)
Angebote
Duales Studium
Berufsfelderkundungstag
Praktikum
Duale Ausbildung

Schon gewusst?
Eine Besonderheit bei uns: Unser Instagram Kanal wird von unseren Azubis geführt. Wenn du also Lust hast, selbst aktiv zu werden – und News und Stories aus deinem Ausbildungsleben zu teilen und zu posten, dann freuen wir uns darauf!

So kannst du dich bewerben
Du bewirbst dich über unser Karriereportal und lädst deine Bewerbungsunterlagen direkt für die ausgewählte Stelle hoch.
Über folgenden Link gelangst du zu unserem Karriereportal:
https://www.boellhoff.com/de/karriere/offene-stellen/",,2026-06-12T10:00:22.365028+00:00
NRW-3511-6681,ausbildung_nrw_ae,MARCANT AG,Bielefeld,Herforder Str. 163 a 33609 Bielefeld,Ausbildung | Fachinformatiker/in - Anwendungsentwicklung (2025),dual,,,,87,company,bewerbung@marcant.net,https://,email,"Kontakt
0521/95945-0
Kontakt
Datenschutz
Impressum
Ausbildung.NRW ist ein Kooperationsprojekt der Industrie- und Handelskammern in Nordrhein-Westfalen.
umgesetzt von der www.spieker.agency",,MARCANT AG | Ausbildung | Fachinformatiker/in - Anwendungsentwicklung (2025) | Bielefeld,tidak,belum,tinggi,"Fachinformatiker/in - Anwendungsentwicklung (2025)

Fachinformatiker/in - Anwendungsentwicklung in Bielefeld (2025)
Mehr Informationen
Fachinformatiker/in - Systemintegration in Bielefeld (2025)
Mehr Informationen
Kaufmann/frau – Büromanagement in Bielefeld (2025)
Mehr Informationen
Kaufmann/frau - IT-System-Management in Bielefeld (2025)
Mehr Informationen
Angebote
Duales Studium
Praktikum
Duale Ausbildung

Schon gewusst?
Work-Life-Balance ist bei uns keine hohle Phrase – davon profitierst Du: Gemeinsame Events, die monatliche Büromassage, ein Fitnessangebot, gemeinsames Grillen und die Verschnaufpause am hauseigenen Teich runden unser Angebot ab. Softdrinks, Kaffee, Tee und Obst zur freien Verfügung.

So kannst du dich bewerben
Sende uns deine Bewerbungsunterlagen inkl. Eintrittsdatum an: Adresse: MARCANT AG, - Personal -, Herforder Str. 163a, 33609 Bielefeld, oder an Mail: bewerbung@marcant.net Weitere Infos: www.marcant.net, Telefon +49 521 95945-0 Deine Bewerbung sollte ein Anschreiben, Dein Lebenslauf und deine Zeugnisse erhalten.
bewerbung@marcant.net
https://www.marcant.net
Herforder Str. 163 a
33609 Bielefeld
S
Sabine Hewett
Leiterin Personal- und Organisationsentwicklung
0521 95945-0
bewerbung@marcant.net
Social Media
Standort
+
–
⤢
info@ausbildung.nrw",,2026-06-12T09:56:58.337119+00:00
NRW-399-749,ausbildung_nrw_ae,Herbrand Gruppe,Bocholt,Westend 38-40 46399 Bocholt,Ausbildung | Fachinformatiker/in - Anwendungsentwicklung,dual,,,,87,company,bewerbung@herbrand.de,https://herbrand-gruppe.jobs.personio.de/job/1214369?_pc=2451709#apply,email,"Kontakt
02832 124422
Kontakt
Datenschutz
Impressum
Ausbildung.NRW ist ein Kooperationsprojekt der Industrie- und Handelskammern in Nordrhein-Westfalen.
umgesetzt von der www.spieker.agency",,Herbrand Gruppe | Ausbildung | Fachinformatiker/in - Anwendungsentwicklung | Bocholt,tidak,belum,tinggi,"Fachinformatiker/in - Anwendungsentwicklung

Fachinformatiker/in - Anwendungsentwicklung in Bocholt
Mehr Informationen
Karosserie- und Fahrzeugbaumechaniker/in in Goch / Krefeld
Mehr Informationen
Kaufmann/frau – Marketingkommunikation in Kevelaer
Mehr Informationen
Mediengestalter/in Digital und Print - Digitalmedien in Kevelaer
Mehr Informationen
Kaufmann/frau – Groß- und Außenhandelsmanagement in Kevelaer / Straelen / Geldern / Goch / Kleve / Emmerich am Rhein / Wesel / Rhede / Bocholt / Gescher / Bocholt / Krefeld / Mönchengladbach / Mönchengladbach / Neuss / Heinsberg / Bergheim / Xanten
Mehr Informationen
Elektroniker/in - Energie- und Gebäudetechnik (Handwerk) in Krefeld (2027)
Mehr Informationen
Duales Studium Betriebswirtschaftslehre in Kevelaer / Goch (2026, 2027)
Mehr Informationen
Duales Studium - Wirtschaftsingenieurswesen (Ausbildung + B. Sc.) in Kevelaer (2026, 2027)
Mehr Informationen
Duales Studium - Informatik (Ausbildung + B.Sc.) in Goch / Bocholt (2026, 2027)
Mehr Informationen
Angebote
Duales Studium
Duale Ausbildung (Vollzeit)
Praktikum
Einstiegsqualifizierung (EQ)

Schon gewusst?
Eine vielfältige Markenpalette trifft auf eine spannende, abwechslungsreiche Ausbildung – finde Deinen Traumjob in der Herbrand Gruppe und absolviere bei uns Deine „Ausbildung mit Stern“. Für Deine Zukunft bieten wir Dir viele Vorteile und ein ideales Karrieresprungbrett.
Entdecke Deine Vorteile bei uns:
- spannende Events
- regelmäßige Inhouse-Trainings
- überdurchschnittliche Ausbildungsvergütung
- 30 Tage Urlaub
- Betriebliche Altersvorsorge
- Projektaufgaben sowie Teilnahme an Ausbildungsinitiativen
- Unterstützung bei der Prüfungsvorbereitung
- Ausbildungsverkürzung möglich
Mehr Informationen

So kannst du dich bewerben
Bewirb Dich jetzt. Gehe hierzu einfach auf die Seite Deines Wunsch-Berufes, klicke auf den Link zur Bewerbung und lade Deine Bewerbungsunterlagen hoch. Wir freuen uns auf Deine Bewerbung!
bewerbung@herbrand.de
https://www.herbrand.de/ausbildung
Wettener Straße 18
47623 Kevelaer
K
Kristina Mertens-Janßen
Leitung Ausbildung & Personalentwicklung
02832124422
k.mertens@herbrand.de
Social Media
Standort
+
–
⤢
Standorte
Hubertusstraße 1
47638 Straelen
Weseler Straße 158
47608 Geldern
Daimlerstraße 33
47574 Goch
Dieselstraße 6
47533 Kleve
Tackenweide 33
46446 Emmerich am Rhein
Oberndorfstraße 5-9
46483 Wesel
Alfred-Nobel-Straße 1
46414 Rhede
Robert-Bosch-Straße 8
46397 Bocholt
Grenzlandring 40
48712 Gescher
Westend 38-40
46399 Bocholt
Magdeburger Straße 80
47800 Krefeld
Europark Fichtenhain B1
47807 Krefeld
Krefelder Straße 180
41063 Mönchengladbach
Krefelder Straße 365
41066 Mönchengladbach
Hammer Landstraße 41-43
41460 Neuss
Industriestraße 3
52525 Heinsberg
Oswaldstraße 1 - 3
50126 Bergheim
Sonsbecker Straße 46
46509 Xanten
info@ausbildung.nrw",,2026-06-12T09:56:06.686432+00:00
10000-1204258726-S,fachinformatiker_ae_2026,Airbus Operations GmbH Werk Bremen,Bremen,"Airbus-Allee 1, 28199 Bremen",Duales Studium | Fachinformatiker/in - Anwendungsentwicklung,dual,2026,9,,87,ba_portal,bewerbung.ausbildung@airbus.co,https://www.arbeitsagentur.de/jobsuche/jobdetail/10000-1204258726-S,email,,https://www.arbeitsagentur.de/jobsuche/jobdetail/10000-1204258726-S,Airbus Operations GmbH Werk Bremen | Duales Studium | Fachinformatiker/in - Anwendungsentwicklung | Bremen,tidak,belum,tinggi,"## Duales Studium Bachelor of Science Informatik: Software- und Systemtechnik mit integrierter Berufsausbildung zum Fachinformatiker (d/m/w) FR Anwendungsentwicklung zum 01.09.2026



**Tätigkeitsbeschreibung:**

**Ready to shape the future? Starte Dein Duales Studium Bachelor of Science Informatik Software- und Systemtechnik mit integrierter Berufsausbildung zum Fachinformatiker (d/m/w) FR Anwendungsentwicklung zum 01.09.2026**
 

Als Informatiker (d/m/w) befasst Du Dich mit der Entwicklung von Software und IT-Systemen. Du konzipierst, entwickelst und realisierst technische Lösungen zur Unterstützung der Produktion sowie der zugehörigen Prozesse im Bereich der Übertragung, Vermittlung und Verarbeitung von Informationen.



**Make it happen, make it fly. Dich erwartet:**



- Ein 3,5-jähriges Studium an der [Hochschule Bremen](https://www.hs-bremen.de/studieren/studiengang/informatik-software-und-systemtechnik-b-sc/)
- Integrierte Berufsausbildung zum Fachinformatiker (d/m/w) mit Fachrichtung Anwendungsentwicklung (mit dem Abschluss vor der Handelskammer)
- Kernfächer Deines Studiums: Erstellen von Softwareprojekten, Grundlagen der Elektrotechnik, IT Sicherheit, Netzwerktechnik und Projektmanagement
- Systemanalysen und die Strukturierung von Problemlösungen
- Arbeiten an Projekten in den Bereichen Softwareentwicklung, Big Data, Internet of things, Research & Technology, etc.



Nach erfolgreichem Abschluss ist eine Übernahme bei Airbus Operations möglich.



**Unser Bordservice für Dich:**

- Attraktive Vergütung auf Grundlage des IG Metall Tarifvertrags
- Unbefristete Übernahme nach Deinem Studium
- Möglichkeit eines Auslandspraxiseinsatzes und/oder eines Auslandssemesters
- 35-Stunden-Woche
- Flexible Arbeitszeitmodelle
- Starke AIRzubi-Community (Events & Team-Wochen - mit der Möglichkeit, selbst fliegen zu lernen!)
- „Airbus-Stadt”: Gesundheitsdienste, Foodtrucks, vielfältige Kantinen u.v.m.
- Fahrrad-Leasing
- Hochwertige und enge Betreuung durch Mentorenprogramme, Entwicklungsgespräche sowie umfassende Weiterbildungsmöglichkeiten über die Ausbildung hinaus
- Studium an einer renommierten Hochschule ohne Studiengebühren für Dich
- Möglichkeit, an der nachhaltigen Zukunft von Airbus mitzuwirken
- Viele weitere Benefits, damit Du Dich während Deiner Ausbildung wohlfühlst



**Deine Bordkarte:**

- **Du & Deine Leidenschaften!**
- Schulabschluss: Fachhochschulreife/allgemeine Hochschulreife
- Gute Leistungen in den Fächern Mathematik und ggf. Informatik
- Bei internationalen Schulabschlüssen: C1-Sprachkenntnisse in Deutsch

 

**✈ Do YOU share our passion? Lass Deine Bewerbung zu uns rüberfliegen! ✈** 

Alle Unterlagen vollständig? [Hier](http://ausbildungunddualesstudiumunterlagencheckliste.events.airbus.com/)[ ](http://ausbildungunddualesstudiumunterlagencheckliste.events.airbus.com/)findest Du eine Checkliste für Deine vollständige Bewerbung.



**Wichtig**: Du möchtest Dich auf mehrere Stellen bewerben? Dann bewirb Dich zuerst auf Deinen absoluten Favoriten an dem von Dir priorisierten Standort, da wir Mehrfachbewerbungen chronologisch bearbeiten.



**Wir freuen uns auf Dich!**



Vielleicht ebenso interessant für Dich: B. Eng. Automatisierungstechnik (w/m/d) am Standort Bremen 

Du hast noch offene **Fragen**? Schau dazu gern in unsere [FAQ](https://www.airbus.com/en/careers/students-and-graduates/apprentices)s. 

Falls du dort nicht fündig wirst, kannst du uns auch gern eine E-Mail schreiben an:

[bewerbung.ausbildung@airbus.co](mailto:bewerbung.ausbildung@airbus.com)m.



Diese Tätigkeit erfordert ein Bewusstsein für mögliche Compliance-Risiken und integres Verhalten. Beide Punkte sind Grundvoraussetzungen für den Erfolg, den guten Ruf und das nachhaltige Wachstum des Unternehmens.

**Tätigkeitsfamilie:**

Durch das Übermitteln eines Lebenslaufs oder einer Bewerbung erklären Sie sich damit einverstanden, dass Airbus Informationen über Sie verwendet und speichert, um Ihre Bewerbung oder ein zukünftiges Beschäftigungsverhältnis nachzuverfolgen. Diese Informationen werden ausschließlich von Airbus verwendet.
Airbus strebt eine Belegschaft und Arbeitsatmosphäre an, die sich durch Vielfalt und Integration auszeichnen. Wir freuen uns über jede Bewerbung, unabhängig vom sozialen und kulturellen Hintergrund, Alter, Geschlecht, Behinderungsstatus, von der sexuellen Orientierung und Konfession des Bewerbers.

Airbus ist und bleibt der Chancengleichheit für alle verpflichtet. Daher werden wir im Rahmen eines Einstellungsverfahrens niemals um Vorabzahlungen jeglicher Art an uns oder Drittanbieter fragen. Jede Verkörperung von Airbus zu diesem Zweck sollte an [emsom@airbus.com](mailto:emsom@airbus.com) gemeldet werden.



Bei Airbus unterstützen wir Dich dabei, einfacher und flexibler zu arbeiten, sich zu vernetzen und zusammenzuarbeiten. Wo immer möglich, fördern wir flexible Arbeitsregelungen, um innovatives Denken und Arbeiten zu stärken. ","Diese Tätigkeit erfordert ein Bewusstsein für mögliche Compliance-Risiken und integres Verhalten. Beide Punkte sind Grundvoraussetzungen für den Erfolg, den guten Ruf und das nachhaltige Wachstum des Unternehmens.
**Tätigkeitsfamilie:**
Abitur / Allgemeine Hochschulreife",2026-06-11T08:15:42.460048+00:00
NRW-3646-6899,ausbildung_nrw_ae,poe GmbH & Co. KG,Büren,Bahnhofstraße 6-8 33142 Büren,Ausbildung | Fachinformatiker/in - Anwendungsentwicklung,dual,,,,87,company,ichwill@poe.de,https://www.poe.de/karriere,email,"Kontakt
+492951984920
ichwill@poe.de
https://www.poe.de
Bahnhofstraße 6-8
33142 Büren
Dietmar Papenkordt
Geschäftsführer
+49 (2951) 984920
ichwill@poe.de
Social Media
Standort
+
–
⤢
info@ausbildung.nrw
Kontakt
Datenschutz
Impressum
Ausbildung.NRW ist ein Kooperationsprojekt der Industrie- und Handelskammern in Nordrhein-Westfalen.
umgesetzt von der www.spieker.agency",,poe GmbH & Co. KG | Ausbildung | Fachinformatiker/in - Anwendungsentwicklung | Büren,tidak,belum,tinggi,"Fachinformatiker/in - Anwendungsentwicklung

Fachinformatiker/in - Anwendungsentwicklung in Büren
Mehr Informationen
Fachinformatiker/in - Daten- und Prozessanalyse in Büren
Mehr Informationen
Duales Studium Informatik in Büren
Mehr Informationen
Duales Studium Wirtschaftsinformatik in Büren
Mehr Informationen
Kaufmann/frau – Büromanagement in Büren
Mehr Informationen
Angebote
Duales Studium
Praktikum
Duale Ausbildung

Schon gewusst?
Du findest uns auch immer wieder auf den Veranstaltungen der IHK und der Agentur für Arbeit, wo du uns gerne persönlich kennenlernen kannst.

So kannst du dich bewerben
Worauf wartest Du noch? An unserer Superhelden-Landebahn in Büren steht der Briefkasten für deine Bewerbung. Schick uns einfach eine E-Mail an ichwill@poe.de mit Anschreiben, Lebenslauf und deinem letzten (Abschluss)zeugnis verschicken. ps: Bitte die notwendigen Anlagen ausschließlich als PDF anhängen. Alle anderen Dateiformate werden von unserem System nicht angenommen.",,2026-06-12T09:58:11.294290+00:00
NRW-3646-6900,ausbildung_nrw_dpa,poe GmbH & Co. KG,Büren,Bahnhofstraße 6-8 33142 Büren,Ausbildung | Fachinformatiker/in - Daten- und Prozessanalyse,dual,,,,87,company,ichwill@poe.de,https://www.poe.de/karriere,email,"Kontakt
+492951984920
ichwill@poe.de
https://www.poe.de
Bahnhofstraße 6-8
33142 Büren
Dietmar Papenkordt
Geschäftsführer
+49 (2951) 984920
ichwill@poe.de
Social Media
Standort
+
–
⤢
info@ausbildung.nrw
Kontakt
Datenschutz
Impressum
Ausbildung.NRW ist ein Kooperationsprojekt der Industrie- und Handelskammern in Nordrhein-Westfalen.
umgesetzt von der www.spieker.agency",,poe GmbH & Co. KG | Ausbildung | Fachinformatiker/in - Daten- und Prozessanalyse | Büren,tidak,belum,tinggi,"Fachinformatiker/in - Daten- und Prozessanalyse

Fachinformatiker/in - Daten- und Prozessanalyse in Büren
Mehr Informationen
Duales Studium Informatik in Büren
Mehr Informationen
Duales Studium Wirtschaftsinformatik in Büren
Mehr Informationen
Kaufmann/frau – Büromanagement in Büren
Mehr Informationen
Angebote
Duales Studium
Praktikum
Duale Ausbildung

Schon gewusst?
Du findest uns auch immer wieder auf den Veranstaltungen der IHK und der Agentur für Arbeit, wo du uns gerne persönlich kennenlernen kannst.

So kannst du dich bewerben
Worauf wartest Du noch? An unserer Superhelden-Landebahn in Büren steht der Briefkasten für deine Bewerbung. Schick uns einfach eine E-Mail an ichwill@poe.de mit Anschreiben, Lebenslauf und deinem letzten (Abschluss)zeugnis verschicken. ps: Bitte die notwendigen Anlagen ausschließlich als PDF anhängen. Alle anderen Dateiformate werden von unserem System nicht angenommen.",,2026-06-12T10:00:57.067945+00:00
NRW-925-2563,ausbildung_nrw_ae,AMCON Software GmbH,Cloppenburg,Osterstraße 15 49661 Cloppenburg,Ausbildung | Fachinformatiker/in - Anwendungsentwicklung (2026),dual,,,,87,company,bewerbung@amcon.de,https://amcon.de/karriere/ausbildung/fachinformatik-anwendungsentwicklung/,email,"Kontakt
0447191420
Kontakt
Datenschutz
Impressum
Ausbildung.NRW ist ein Kooperationsprojekt der Industrie- und Handelskammern in Nordrhein-Westfalen.
umgesetzt von der www.spieker.agency",,AMCON Software GmbH | Ausbildung | Fachinformatiker/in - Anwendungsentwicklung (2026) | Cloppenburg,tidak,belum,tinggi,"Fachinformatiker/in - Anwendungsentwicklung (2026)

Fachinformatiker/in - Anwendungsentwicklung in Cloppenburg (2026)
Mehr Informationen
Fachinformatiker/in - Systemintegration in Cloppenburg (2026)
Mehr Informationen
Duales Studium Wirtschaftsinformatik in Cloppenburg (2026)
Mehr Informationen
Angebote
Duales Studium
Duale Ausbildung (Vollzeit)
Praktikum

Schon gewusst?
2024 wurde uns das Qualitätssiegel „TOP AUSBILDUNG“ verliehen.

So kannst du dich bewerben
Sende uns Deine Bewerbungsunterlagen an bewerbung@amcon.de.
bewerbung@amcon.de
https://www.amcon.de
Osterstraße 15
49661 Cloppenburg
I
Isabel Tolzmann
Personal
0447191420
bewerbung@amcon.de
Social Media
Standort
+
–
⤢
info@ausbildung.nrw",,2026-06-12T09:53:13.061297+00:00
NRW-3389-6458,ausbildung_nrw_ae,Weidmüller Interface GmbH & Co. KG,Detmold,Klingenbergstr. 26 32758 Detmold,Ausbildung | Fachinformatiker/in - Anwendungsentwicklung (2026),dual,,,,87,partner_portal,ausbildung@weidmueller.com,https://www.weidmueller.de/de/karriere/fuer_schuelerinnen_und_schueler/ausbildung/ausbildung_in_detmold/fachinformatiker_fachrichtung_anwendungsentwicklung_in_detmold.jsp,email,"Kontakt
05231 40 280
ausbildung@weidmueller.com
www.weidmueller.com/ausbildung
Klingenbergstr. 26
32758 Detmold
V
Vivien Siegbert
Ausbilderin
+49 5231 14-291874
ausbildung@weidmueller.com
M
Matthias Krist
Technischer Ausbilder
+49 5231 14-291045
matthias.krist@weidmueller.com
A
Alexander Wirth
Technischer Ausbilder
+49 5231 14-291338
alexander.wirth@weidmueller.com
V
Vivien Siegbert
Ausbilderin
+49 5231 14-291874
vivien.siegbert@weidmueller.com
J
Janja Neuhaus
Kaufmännische Ausbilderin
+49 5231 14-292712
janja.neuhaus@weidmueller.com
T
Torben Müller
Technischer Ausbilder
+49 5231 14-292622
torben.mueller2@weidmueller.com
Social Media
Standort
+
–
⤢
Standorte
Zukunftsmeile 2
33102 Paderborn
info@ausbildung.nrw
Kontakt
Datenschutz
Impressum
Ausbildung.NRW ist ein Kooperationsprojekt der Industrie- und Handelskammern in Nordrhein-Westfalen.
umgesetzt von der www.spieker.agency",,Weidmüller Interface GmbH & Co. KG | Ausbildung | Fachinformatiker/in - Anwendungsentwicklung (2026) | Detmold,tidak,belum,tinggi,"Fachinformatiker/in - Anwendungsentwicklung (2026)

Fachinformatiker/in - Anwendungsentwicklung in Detmold / Paderborn (2026)
Mehr Informationen
Elektroniker/in – Geräte und Systeme in Detmold / Paderborn (2026)
Mehr Informationen
Mechatroniker/in in Detmold (2026)
Mehr Informationen
Werkzeugmechaniker/in in Detmold (2026)
Mehr Informationen
Bachelor of Science Wirtschaftsinformatik in Detmold (2026)
Mehr Informationen
Bachelor of Engineering Elektrotechnik/Energietechnik in Detmold (2026)
Mehr Informationen
Duales Studium Wirtschaftsingenieurswesen in Detmold (2026)
Mehr Informationen
Duales Studium Logistikmanagement in Detmold (2026)
Mehr Informationen
Praxisintegriertes Studium Technische Informatik in Detmold (2026)
Mehr Informationen
Duales Studium Informatik in Paderborn (2026)
Mehr Informationen
Angebote
Duales Studium
Praktikum
Duale Ausbildung

Weidmüller ist seit 170 Jahren ein unabhängiges Familienunternehmen. Rund 5.000 Mitarbeiter unterstützen Kunden und Partner auf der ganzen Welt mit Produkten, Lösungen und Services im industriellen Umfeld von Energie, Signalen und Daten. Als Partner der Industrial Connectivity steht Weidmüller für innovative, nachhaltige und wertschöpfende Lösungen für individuelle Anforderungen. Die Unternehmensgruppe Weidmüller verfügt über Produktionsstätten, Vertriebsgesellschaften und Vertretungen in mehr als 80 Ländern. Gemeinsam lernen. Steht Dir frei. Eine Ausbildung bei Weidmüller verspricht Dir eine hervorragende Grundlage für einen optimalen Start ins Berufsleben. Dich intensiv und individuell einzuarbeiten, nehmen wir persönlich: indem wir Deine Entwicklung fördern und Dir große Freiräume lassen, um Deine eigenen Ideen zu verwirklichen. Anhand abwechslungsreicher Aufgaben lernst Du früh, Verantwortung zu übernehmen, und machst Dich, zusätzlich zu Deinem Arbeitsbereich, mit weiteren Themenfeldern bekannt. Gemeinsam mit anderen Auszubildenden* aus verschiedenen Berufen wächst Du an den Herausforderungen über Dich hinaus. Damit schaffst Du die besten Voraussetzungen für eine Übernahme in eine spannende Anstellung mit hervorragenden Entwicklungsperspektiven.
Mehr Informationen

Schon gewusst?
Du wirst...
...individuell durch unsere Ausbilder betreut
...lernst in optimal ausgestatteten Ausbildungswerkstätten
...nimmst an regelmäßigen Teamevents teil
...an spannenden Projekten teilnehmen
...die Möglichkeit haben an Austauschprogrammen im In- und Ausland teilzunehmen
...tariflich nach den IG-Metall Vereinbarungen bezahlt
...zum erfolgreichen Ausbildungsabschluss eine Prämie erhalten
...nach flexiblen Arbeitszeiten mit Gleitzeitkonto arbeiten
Mehr Informationen

So kannst du dich bewerben
Bewirb Dich jetzt unter https://www.weidmueller.de/de/jobboard/. Wir freuen uns auf Deine Bewerbung!","Weidmüller ist seit 170 Jahren ein unabhängiges Familienunternehmen. Rund 5.000 Mitarbeiter unterstützen Kunden und Partner auf der ganzen Welt mit Produkten, Lösungen und Services im industriellen Umfeld von Energie, Signalen und Daten. Als Partner der Industrial Connectivity steht Weidmüller für innovative, nachhaltige und wertschöpfende Lösungen für individuelle Anforderungen. Die Unternehmensgruppe Weidmüller verfügt über Produktionsstätten, Vertriebsgesellschaften und Vertretungen in mehr als 80 Ländern. Gemeinsam lernen. Steht Dir frei. Eine Ausbildung bei Weidmüller verspricht Dir eine hervorragende Grundlage für einen optimalen Start ins Berufsleben. Dich intensiv und individuell einzuarbeiten, nehmen wir persönlich: indem wir Deine Entwicklung fördern und Dir große Freiräume lassen, um Deine eigenen Ideen zu verwirklichen. Anhand abwechslungsreicher Aufgaben lernst Du früh, Verantwortung zu übernehmen, und machst Dich, zusätzlich zu Deinem Arbeitsbereich, mit weiteren Themenfeldern bekannt. Gemeinsam mit anderen Auszubildenden* aus verschiedenen Berufen wächst Du an den Herausforderungen über Dich hinaus. Damit schaffst Du die besten Voraussetzungen für eine Übernahme in eine spannende Anstellung mit hervorragenden Entwicklungsperspektiven.
Mehr Informationen",2026-06-12T09:59:45.514416+00:00
10001-1003018077-S,fachinformatiker_ae,Wortmann KG Internationale Schuhproduktionen,Detmold,"Klingenbergstraße 1-3, 32758 Detmold",Ausbildung | Fachinformatiker/in - Anwendungsentwicklung,dual,,,,87,ba_portal,,https://www.arbeitsagentur.de/jobsuche/jobdetail/10001-1003018077-S,ba_portal,**DEIN KONTAKT**,https://www.arbeitsagentur.de/jobsuche/jobdetail/10001-1003018077-S,Wortmann KG Internationale Schuhproduktionen | Ausbildung | Fachinformatiker/in - Anwendungsentwicklung | Detmold,ya,belum,rendah,"# Jobbeschreibung

Mode ist unsere Leidenschaft - und das bereits seit über 55 Jahren. Saison für Saison entwickeln wir als familiengeführte Unternehmensgruppe erfolgreiche Kollektionen, die inzwischen in über 70 Ländern und 15.000 Schuhgeschäften zu finden sind. Unsere Maxime lautet: Immer ein bisschen mehr tun als der Wettbewerb, Dinge ausprobieren, ausgetretene Pfade vermeiden und die Bodenhaftung nicht verlieren. Dass dieses Konzept aufgeht, spiegelt unsere Erfolgsgeschichte wider. Werde Teil dieses Erfolgs und bewirb Dich beim europäischen Marktführer der Branche.

Denn sei es im dualen Studium oder in der klassischen Ausbildung zum Industriekaufmann/-frau, alle Wege führen die Karriereleiter hinauf. Zahlreiche Beispielkarrieren belegen dies – vom Azubi zur Führungskraft bis hin zum Geschäftsführer. Möchtest Du vorab in unserer Ausbildungswelt eintauchen? Dann besuche unseren Azubi-Blog und Instagram-Kanal (wortmann\_karriere). Dort berichten unsere Azubis und dual Studierenden nämlich von ihrem Alltag bei Wortmann und dem Leben an der Uni bzw. Berufsschule.

Du möchtest Theorie und Praxis verbinden? Dann starte zum **01. August 2027** Deine **Ausbildung zum Fachinformatiker Anwendungsentwicklung (m/w/d)** bei uns.

**Ausbildungsverlauf:**

- Die Ausbildungsdauer beträgt 3 Jahre (Verkürzung möglich).
- Der Berufsschulunterricht findet in Blockform am privaten bib International College in Paderborn statt.
- Während der Praxisphasen im Unternehmen bist Du hauptsächlich im IT-Application Development eingesetzt, lernst in Form von Schnupperkursen aber auch den IT-Service und den Vertrieb kennen.
- Um Dir den Einstieg in den Arbeitsalltag zu erleichtern, bekommst Du einen Azubi-Paten an die Hand.
- Du erhältst viel Verantwortung durch Projektarbeiten, die Mitarbeit am Azubi-Blog oder im Instagram-Team.
- Durch Seminare, Teamtrainings und Azubifahrten fördern wir Deine persönliche und fachliche Weiterbildung.
- Du erhältst ein Sprachtraining in Englisch mit anerkanntem Abschlusszertifikat.
- Wir garantieren Dir hohe Übernahmequoten und somit eine langfristige Perspektive in einem erfolgreichen, innovativen Unternehmensumfeld.

**Was uns ausmacht:**

- Ein modernes Arbeitsumfeld mit Gestaltungsspielraum, flachen Hierarchien und einer familiären Unternehmenskultur.
- Alles, was Du zum Arbeiten benötigst: Klimatisierte Büros, kostenlose Parkplätze sowie eine moderne Arbeitsplatzumgebung.
- Durch die Gleitzeitregelung der Arbeitszeit bieten wir Dir ein hohes Maß an Flexibilität.
- Mit uns profitierst Du von Sonderkonditionen und Angeboten bei verschiedensten Vertragspartnern über das Portal corporate benefits.
- Durch einen Mitarbeiterrabatt in unserem Fabrikverkauf sowie im Tamaris Onlineshop füllt sich der Schuhschrank wie von allein.
- Fit und entspannt im Alltag: Durch verschiedene kostenlose Betriebssportgruppen, eine Kooperation mit lokalen Fitnessstudios sowie mit dem Anbieter sportnavi.de.
- Wir feiern Erfolg und Gemeinschaft: Arbeitgeberfinanzierte Team-Events und Firmenfeiern sind ein fester Bestandteil unserer Unternehmenskultur.
- Wir wurden vom Wirtschaftsmagazin „Capital“ und der Talent-Plattform Ausbildung.de bereits zum siebten Mal in Folge als einer der besten Ausbildungsbetriebe Deutschlands mit 5 von 5 Sternen ausgezeichnet.

# Stellenanforderungen

**Was Dich ausmacht:**

- Du interessierst Dich für neue Technologien und moderne Softwareentwicklung.
- Du hast bereits erste Erfahrung in der Programmierung gesammelt, sei es in der Schule oder privat.
- Die Begriffe Datentyp, Variable und Prozedur sind keine Fremdwörter für Dich.
- Du denkst gerne um die Ecke und findest kreative Lösungen, wo andere nur Probleme sehen.
- Du hast Bock, Dich in einer Welt voller Veränderung ständig weiterzuentwickeln.
- Du packst Dinge an, anstatt nur darüber zu reden – „Hands-On“ ist für Dich kein Fremdwort.
- Du strebst Dein Abitur, die Fachgebundene Hochschulreife oder die Fachhochschulreife an oder hast einen der genannten Schulabschlüsse bereits erfolgreich bestanden.
- Du kannst gute Durchschnittsnoten in den naturwissenschaftlichen Fächern, insbesondere in Mathematik und den IT-relevanten Fächern, vorweisen.
- Deine Deutschkenntnisse entsprechen mindestens dem Niveau B2.
- Du hast schon erste Erfahrungen gesammelt oder möchtest Dich neu orientieren? Dann bewirb Dich für einen Restart bei uns!

Trifft unsere Beschreibung genau auf Dich zu? Dann stell' Dich mit Deinen vollständigen Bewerbungsunterlagen bei uns vor:

- Motivationsschreiben: Warum Du? Warum wir?
- Tabellarischer Lebenslauf
- Die letzten 2 Schulzeugnisse
- Sonstige Qualifikationsnachweise

Wir freuen uns auf Dich!

**DEIN KONTAKT**

**Alexandra Löhr**
HR Coordinator Young Professionals

Wortmann KG
Internationale Schuhproduktionen
Personalmanagement
Klingenbergstraße 1-3
32758 Detmold","# Stellenanforderungen
**Was Dich ausmacht:**
Fachhochschulreife",2026-06-11T09:12:47.202184+00:00
NRW-30-205,ausbildung_nrw_ae,Peopleware,Düsseldorf,Speditionstraße 5 40221 Düsseldorf,Ausbildung | Fachinformatiker/in - Anwendungsentwicklung (2026),dual,,,,87,company,jobs@peopleware.com,https://jobs.peopleware.com/o/ausbildung-fachinformatiker-anwendungsentwicklung-wmd-2026,email,"Kontakt
0211 781781-0
jobs@peopleware.com
https://jobs.peopleware.com/
Speditionstraße 5
40221 Düsseldorf
Olga Puchalski
HR Generalist
0211 781781-0
jobs@peopleware.com
Social Media
Standort
+
–
⤢
Standorte
Karl-Liebknecht-Straße 12
04107 Leipzig
info@ausbildung.nrw
Kontakt
Datenschutz
Impressum
Ausbildung.NRW ist ein Kooperationsprojekt der Industrie- und Handelskammern in Nordrhein-Westfalen.
umgesetzt von der www.spieker.agency",,Peopleware | Ausbildung | Fachinformatiker/in - Anwendungsentwicklung (2026) | Düsseldorf,tidak,belum,tinggi,"Fachinformatiker/in - Anwendungsentwicklung (2026)

Fachinformatiker/in - Anwendungsentwicklung in Düsseldorf (2026)
Mehr Informationen
Angebote
Duales Studium
Duale Ausbildung (Vollzeit)

Schon gewusst?
🤖 Das bieten wir dir:
Wir lassen dich nicht allein: Deine erfahrenen Ausbilder:innen, begleiten dich vom ersten Tag an bis zu deinem IHK-Abschluss, inklusive intensiver Prüfungsvorbereitung.
Übernahme: Bei erfolgreich bestandener Ausbildung und passender Eignung geht deine Reise selbstverständlich mit uns weiter.
Langjährige Ausbildungsexpertise: Die Ausbildung zum Fachinformatiker Anwendungsentwicklung (w/m/d) bieten wir seit 2015 an und bringen unser Know-how jährlich in die Förderung engagierter Talente ein.
High-end IT-Equipment: Für die Zeit deiner Ausbildung statten wir dich direkt am ersten Tag mit einem MacBook aus.
All-inclusive: Von kostenlosen, täglichen Mahlzeiten (Frühstück, Mittagessen, Snacks), kostenfreien Tickets für den öffentlichen Personennahverkehr über eine betriebliche Altersvorsorge bis hin zu einer überdurchschnittlichen Vergütung - wir bieten dir ein Rundum-Sorglos-Paket.
Mehr Informationen

So kannst du dich bewerben
Über unser Bewerbungsformular kannst du direkt all deine Unterlagen bei uns einreichen.",,2026-06-12T09:58:05.795892+00:00
10000-1204132155-S,fachinformatiker_ae_2026,aft automotive GmbH,"Greven, Westfalen","Werner-von-Siemens-Str. 7, 48268 Greven, Westfalen",Duales Studium | Fachinformatiker/in - Systemintegration,dual,2026,,,87,ba_portal,,https://www.arbeitsagentur.de/jobsuche/jobdetail/10000-1204132155-S,ba_portal,Deine Ansprechpartnerin:,https://www.arbeitsagentur.de/jobsuche/jobdetail/10000-1204132155-S,"aft automotive GmbH | Duales Studium | Fachinformatiker/in - Systemintegration | Greven, Westfalen",ya,belum,rendah,"Was macht die aft automotive GmbH?

Als mittelständischer Automobil-Systemlieferant sind wir stolz darauf, innovative Wege zu be-schreiten. Wir entwickeln und produzieren mit rund 850 Mitarbeitern an weltweit vier Standorten Leitungssysteme, funktionale Bauteile und Kunststoffkomponenten im Bereich der Medienführung für Fahrzeuge aller Art sowie Batteriezellgehäuse, die in Elektrofahrzeugen eingesetzt werden. Dabei setzen wir auf höchste Standards und kreative Lösungsansätze, um die Mobilität der Zukunft zu gestalten.

Werde Teil unseres dynamischen Teams, das die Welt der technischen Herausforderungen mit Begeisterung und Fachkenntnis angeht. Wir suchen dual Studierende, die mit Engagement und Begeisterung in das Berufsleben starten wollen!

**Dein Duales Studium**

• Ausbildung heißt für uns: Gut auf zukünftige Aufgaben vorbereitet zu werde Von Tag eins bist du Teil des Teams und lernst das Unternehmen von der Pike auf kennen. Im Betrieb durchläufst du die Abteilungen des IT Bereiches.

• Du suchst die Vielfalt? Wir bieten die Mischung aus Studium und Ausbildung Du kannst dich nicht entscheiden, ob Ausbildung oder Studium für dich das passende ist? Auf die Praxis willst du nicht verzichten? Dann mache beides! In vier Jahren erlangst du sowohl den Abschluss als Fachinformatiker Systemintegration (m/w/d) / Anwendungsentwicklung (m/w/d) IHK als auch einen Bachelor of Science im Bereich Wirtschaftsinformatik.

• Theorie und Praxis sind eng verbunden

Neben der betrieblichen Praxis wirst du über dein Studium an der Hochschule zum/-r Experten/-in auf deinem Gebiet ausgebildet. Das Duale Studium an der Westfälischen Hochschule in Bocholt läuft dabei wie folgt ab:

1. - 2. Jahr: Ausbildung als Fachinformatiker Systemintegration (m/w/d) / Anwendungsentwicklung (m/w/d) im Betrieb und Grundstudium an der Hochschule an zwei Tagen in der Woche

3. - 4. Jahr: Vollzeitstudium und Praxisphasen im Betrieb

**Das bringst du mit**

• Du besitzt mindestens die Fachhochschulreife oder einen vergleichbaren Abschluss mit Hochschulzugangsberechtigung

• Du bringst sehr gutes Ausdruckvermögen sowie ausgeprägte Englischkenntnisse mit

• Man merkt deine Begeisterung für Informatik und du bist sattelfest im Umgang mit den gängigen Office-Programmen

• Eigeninitiative und Verantwortungsbewusstsein sind für dich genauso selbstverständlich wie Teamwork und Kommunikationsfähigkeit

**Darauf kannst du dich bei uns freuen**

• Familiäre und moderne Unternehmenskultur

• 30 Tage Urlaub

• Firmenfitness

• Frisches Obst

• Weiterbildungsmöglichkeiten

• Mitarbeiterevents

• Gute Verkehrsanbindung und kostenlose Parkplätze

• Optionale Auslandsaufenthalte

• Prämien bei sehr guten Leistungen

• Übernahmegarantie bei sehr guten Leistungen

**Du willst in der spannenden Welt der Automobilbranche durchstarten?**

Bewirb dich für den Ausbildungsbeginn Sommer 2026 mit deinem Lebenslauf und deinen letzten zwei Schulzeugnissen über unsere Website:

www.aft-automotive.de/karriere

Deine Ansprechpartnerin:

Frau Höhn

Personalabteilung

aft automotive GmbH

Werner-von-Siemens-Str. 7

48268 Greven-Reckenfeld

+49 (0) 2575 97782-10","**Das bringst du mit**
• Du besitzt mindestens die Fachhochschulreife oder einen vergleichbaren Abschluss mit Hochschulzugangsberechtigung",2026-06-11T08:15:05.092807+00:00
10001-1002022406-S,fachinformatiker_ae_2026,Stahlkontor GmbH & Co KG,"Hagen, Westfalen","Preußerstr. 28, 58135 Hagen, Westfalen",Duales Studium | Fachinformatiker/in - Anwendungsentwicklung,dual,2026,,50 € pro Monat,87,ba_portal,,https://www.arbeitsagentur.de/jobsuche/jobdetail/10001-1002022406-S,ba_portal,,https://www.arbeitsagentur.de/jobsuche/jobdetail/10001-1002022406-S,"Stahlkontor GmbH & Co KG | Duales Studium | Fachinformatiker/in - Anwendungsentwicklung | Hagen, Westfalen",ya,belum,rendah,"Als Systemlieferant ist Stahlkontor mit ca. 400 Mitarbeitern einer der führenden deutschen Spezialisten für die Bearbeitung von Sonderstählen, Aluminium und Titan für verschiedenste Industrien. Die Leidenschaft für die Entwicklung komplexer Komponenten ist unser Antrieb. Diese Leidenschaft teilen wir mit unseren Mitarbeitern, unseren Kunden und vielleicht auch bald mit Dir.

Starte deine Ausbildung mit Stahlkraft!

**Ausbildung Ausbildung zum/r Fachinformatiker/in (m/w/d) - Fachrichtung Systemintegration mit parallelem Studium (Verbund- o. duales Modell)**

**Deine Aufgaben:**

- Mitwirkung bei der Planung, Entwicklung und Umsetzung von Softwarelösungen
- Unterstützung bei der Programmierung, Anpassung und Weiterentwicklung von Anwendungen
- Analyse von Anforderungen sowie Erstellung technischer Konzepte und Spezifikationen
- Testen, Dokumentieren und Optimieren von Anwendungen und Schnittstellen
- Fehleranalyse und -behebung in bestehenden Programmen und Systemen
- Beratung und Support für Anwender:innen bei softwarebezogenen Fragen
- Erstellung von Benutzeranleitungen und technischer Dokumentation
- Umgang mit modernen Entwicklungsumgebungen, Programmiersprachen und IT-Sicherheitsstandards

**Dein Profil:**

- Allgemeine Hochschulreife
- Interesse an IT, Softwareentwicklung und technischen Zusammenhängen
- Gute analytische Fähigkeiten und Problemlösungskompetenz
- Sorgfältige und verantwortungsbewusste Arbeitsweise
- Teamfähigkeit und Kommunikationsstärke
- Grundkenntnisse in Microsoft Windows und idealerweise erste IT-Erfahrung (z. B. durch Praktikum, Schule, Freizeit)
- Lernbereitschaft, Eigeninitiative und Zuverlässigkeit
- Disziplin und Belastbarkeit
- Ausdauer und Organisationsgeschick – du bist bereit für ein anspruchsvolles Doppelprogramm aus Ausbildung und Studium

**Wir bieten:**

- Angenehmes, familiäres und wertschätzendes Betriebsklima
- Übertarifliches Ausbildungsgehalt
- 35-Stunden-Arbeitswoche
- 30 Urlaubstage pro Jahr
- Hohe Übernahmechance
- Prämien für gute schulische Leistungen (Schulnoten, Zwischenprüfung und Zeugnisse)
- Sachbezugskarte in Höhe von 50 € pro Monat
- Kostenübernahme für Literatur und Prüfungsvorbereitung
- Attraktive Einmalzahlungen für bestandene Prüfungen
- Zuschuss zur betrieblichen Altersvorsorge
- Mitarbeiter werben Mitarbeiter
- DoQtor Facharztservice
- Online Rabattportal
- Individuelle Begleitung bei der Auswahl des passenden Studiengangs (z. B. Betriebswirtschaft an der FH Südwestfalen oder Business Administration an der FOM)
- Lukrative Beteiligung an den Studienkosten – je nach Studienmodell und individueller Vereinbarung

Bei Stahlkontor bekommst du mehr als nur eine Ausbildung - Du bekommst eine Chance zu wachsen. Es erwarten Dich vielseitige und eigenverantwortliche Aufgaben in einem wachsenden Unternehmen. Mach heute den ersten Schritt in deine Zukunft!

Wir freuen uns über Deine aussagekräftige Bewerbung!

**Dein direkter Weg zu uns:**

**Stahlkontor GmbH & Co. KG**

Preußerstraße 28

58135 Hagen","- Analyse von Anforderungen sowie Erstellung technischer Konzepte und Spezifikationen
- Testen, Dokumentieren und Optimieren von Anwendungen und Schnittstellen
- Fehleranalyse und -behebung in bestehenden Programmen und Systemen
- Beratung und Support für Anwender:innen bei softwarebezogenen Fragen
- Erstellung von Benutzeranleitungen und technischer Dokumentation
- Umgang mit modernen Entwicklungsumgebungen, Programmiersprachen und IT-Sicherheitsstandards
Abitur / Allgemeine Hochschulreife",2026-06-11T08:14:11.244824+00:00
ASD-990570000011889514,ausbildungsstellen_si,Finanz Informatik GmbH & Co. KG,Hannover,Laatzener Str. 5 30539 Hannover Niedersachsen,Ausbildung | Duales Studium Wirtschaftsinformatik (B. Sc.) - Anwendungsentwicklung / Start 2027,dual,,,"1. Jahr: 1397 €
2. Jahr: 1559 €
3. Jahr: 1720 €",87,company,ausbildung@f-i.de,https://www.ausbildung.de/ratgeber/bewerbung/,email,"- Kontaktfreude und Spaß an der Arbeit im Team
- Begeisterung für IT-Themen und neue Technologien
- Analytisches Denkvermögen
- Organisationstalent und Flexibilität
- Selbstständigkeit und Engagement
- Gute Noten in Mathematik
- Deutsches Sprachniveau mind. B2
- Fachhochschulreife oder Allgemeine Hochschulreife
Dein Duales Studium Wirtschaftsinformatik Anwendungsentwicklung (B.Sc.) im Überblick:
- Dauer: 6 Semester
- Start: 1. August
- Standort: Hannover
- Partnerhochschule: Hochschule Weserbergland in Hameln
- Studienform: Blockphasen",,Finanz Informatik GmbH & Co. KG | Ausbildung | Duales Studium Wirtschaftsinformatik (B. Sc.) - Anwendungsentwicklung / Start 2027 | Hannover,tidak,belum,tinggi,"Duales Studium Wirtschaftsinformatik (B. Sc.) - Anwendungsentwicklung / Start 2027

Deine Aufgaben:
- Entwicklung und Wartung von zukunftsweisenden Softwarelösungen für die Sparkassen-Finanzgruppe
- Arbeit mit diversen Programmiersprachen wie Java, JavaScript, SQL, Python und vielen mehr
- Gestaltung von benutzerfreundlichen Oberflächen
- Automatisierung von Build- und Deployment-Prozessen
- Verantwortungsvolle Projekte mit Gestaltungsspielraum

Dein Profil:

Deine Benefits bei der Finanz Informatik:
- Faire Vergütung inkl. Übernahme der Ausbildungs-/Studienkosten
- Semesterpauschale: Je Theorieblock eine freiwillige Pauschale in Höhe von 1.300,00 € bzw. 2.000,00 € (abhängig von der Entfernung zur Hochschule) für Verpflegung, Übernachtung, Fahrtkosten und Verwaltungsgebühr der Hochschule
- Flexible Arbeitszeiten
- Weiterbildung
- Kantine
- Jobticket
- Attraktive Zusatzleistungen
- Mobiles Arbeiten
- Fitnessförderung
- Barrierefrei
- Betriebssport & e-sports
- 30 Tage Urlaub
- Optionales Auslandssemester
- Beste Zukunftsaussichten, gepaart mit einer hohen Übernahmequote
- Azubi- und Firmenevents
- Zusatzleistungen, wie vermögenswirksame Leistungen i. H. v. 40 € monatlich, Alters- und Hinterbliebenenversorgung
Deine Zukunft:
Nach deinem erfolgreichen Abschluss stehen dir bei uns vielfältige Karrierewege offen. Ob als Softwareentwickler:in, IT-Berater:in oder Projektleiter:in – deine Expertise ist in vielen Bereichen gefragt. Gestalte aktiv die digitale Zukunft mit und profitiere von zahlreichen Weiterbildungsmöglichkeiten.
Bereit für die Herausforderung? Bewirb dich jetzt und starte deine Karriere!",Dein Profil:,2026-06-13T12:12:24.948951+00:00
NRW-1565-5608,ausbildung_nrw_dpa,BNP Brinkmann GmbH & Co. KG,Hörstel,Kreimershoek 11 48477 Hörstel,Ausbildung | Fachinformatiker/in - Daten- und Prozessanalyse (2026),dual,,,,87,company,Bewerbung@bnp-brinkmann.de,https://bnp-brinkmann.de/stellenangebot/ausbildung-zum-fachinformatiker-in-daten-und-prozessanalyse/,email,"Kontakt
05459933690
Kontakt
Datenschutz
Impressum
Ausbildung.NRW ist ein Kooperationsprojekt der Industrie- und Handelskammern in Nordrhein-Westfalen.
umgesetzt von der www.spieker.agency",,BNP Brinkmann GmbH & Co. KG | Ausbildung | Fachinformatiker/in - Daten- und Prozessanalyse (2026) | Hörstel,tidak,belum,tinggi,"Fachinformatiker/in - Daten- und Prozessanalyse (2026)

Fachinformatiker/in - Daten- und Prozessanalyse in Hörstel (2026)
Mehr Informationen
Maschinen- und Anlagenführer/in in Hörstel (2026)
Mehr Informationen
Produktionsmechaniker/in – Textil in Hörstel (2026)
Mehr Informationen
Stellenangebote
Angebote
Duales Studium
Berufsfelderkundungstag
Duale Ausbildung (Vollzeit)
Praktikum
Einstiegsqualifizierung (EQ)

Schon gewusst?
Unsere Gesamtbetriebsfläche umfasst beeindruckende 50.000 m² – das entspricht der Fläche von 7 Fußballfeldern.
Ziemlich groß, oder?

So kannst du dich bewerben
-Besuche einfach unsere Karriereseite und reiche deine Bewerbung bequem online ein. Unter folgendem Link: https://bnp-brinkmann.de/karriere/
-Oder sende uns deine Unterlagen direkt per E-Mail an Bewerbung@bnp-brinkmann.de
-Wenn du Fragen hast oder mehr erfahren möchtest, ruf uns gerne an unter 05459 9336 0.
Wir freuen uns auf deine Bewerbung!
Mehr Informationen
Bewerbung@bnp-brinkmann.de
https://www.bnp-brinkmann.de
Kreimershoek 11
48477 Hörstel
Milena Friedrich
Personalabteilung
0545993360
Bewerbung@bnp-brinkmann.de
Social Media
Standort
+
–
⤢
info@ausbildung.nrw",,2026-06-12T10:00:17.118710+00:00
10001-1002992313-S,fachinformatiker_ae,CBR Service GmbH,Isernhagen,"Imkerstr. 4, 30916 Isernhagen",Ausbildung | Kaufmann/-frau - Büromanagement,dual,2026,8,gehalt bis zu 1.450 €,87,ba_portal,,https://www.arbeitsagentur.de/jobsuche/jobdetail/10001-1002992313-S,ba_portal,,https://www.arbeitsagentur.de/jobsuche/jobdetail/10001-1002992313-S,CBR Service GmbH | Ausbildung | Kaufmann/-frau - Büromanagement | Isernhagen,ya,belum,rendah,"Mit aktuell 25 Auszubildenden und Dual Studierenden in unseren kaufmännischen Bereichen und der IT der CBR Fashion Group sind wir ein starkes Team. Unsere Nachwuchstalente übernehmen von Anfang an die volle Verantwortung in ihren Einsatzgebieten und organisieren gemeinsam abteilungsübergreifende Projekte. Freu dich auf spannende Aufgaben und gemeinsame Momente  – sei es bei erfrischenden Drinks auf der Dachterrasse oder unseren After Work Events.

Starte zum\*\* 01.08.2026 **deine Ausbildung oder dein Duales Studium in Isernhagen bei Hannover bei der** CBR Fashion Group\*\*.

### DAS ERWARTET DICH

- Du wirst von Anfang an in das operative Tagesgeschäft eingebunden und begleitest spannende Projekte
- Die enge Zusammenarbeit mit verschiedenen Fachbereichen ermöglicht dir wertvolle Einblicke in ein dynamisches Fashionumfeld
- Freu dich auf viel Raum zum Mitgestalten, Weiterentwickeln und Lernen in einem offenen und innovationsfreudigen Team
- Je nach Bereich erwarten dich zusätzlich individuelle, spannende Aufgaben:
    - Als\*\* Kaufmann/-frau für Büromanagement (m/w/d) **erhältst du** \*\*Einblicke in die Abteilungen People & Culture, Accounting, Customer Service, Logistics und Marketing – mit individuellen Schwerpunkten, die zu deinen Stärken passen
    - \*\*Fachinformatiker/-in für Anwendungsentwicklung (m/w/d) \*\*tauchen in die Welt der IT-Systeme, Programmiersprachen und Softwareentwicklungen ein – du setzt Ideen in Codes um und entwickelst digitale Lösungen
    - Im\*\* Dualen Studium Wirtschaftsinformatik (m/w/d)\*\* verbinden wir Theorie und Praxis in Kooperation mit der FHDW oder Leibniz FH – du arbeitest an spannenden IT-Projekten, Softwarelösungen und Datenanalysen

### DAS BRINGST DU MIT

- Einen guten Realschulabschluss oder (Fach-)Abitur
- Interesse an kaufmännischen Themen sowie an IT und technischen Zusammenhängen
- Analytisches Denkvermögen, gute Deutschkenntnisse und ein sicherer Umgang mit MS-Office-Programmen
- Teamfähigkeit, Kommunikationsstärke und Motivation für spannende Projekte
- Selbstständige und strukturierte Arbeitsweise sowie Motivation, Neues zu lernen

### WORKING WITH US

- \*\*Starting strong:\*\* Ausbildungsgehalt bis zu 1.450 € oder ein Studiengehalt bis zu 1.650 € plus Deutschlandticket, Urlaubs- und Weihnachtsgeld, sowie einen Urlaubsanspruch von 30 Tagen
- \*\*Grow with Us:\*\* Nach erfolgreichem Abschluss deiner Ausbildung haben wir die Möglichkeit deinen weiteren Karriereweg  gemeinsam zu gestalten!
- \*\*Be yourself:\*\* Ob Sneaker oder Sakko, bei uns zählt nicht, was du trägst, sondern wer du bist. Komm so, wie du dich wohlfühlst und zeig, was in dir steckt
- \*\*Open Mindset:\*\* Dich erwartet ein Umfeld mit flachen Hierarchien und kurzen Entscheidungswegen, ein individuelles Onboarding mit inspirierenden Welcome Days sorgt dafür, dass du dich von Anfang an gut aufgehoben fühlst
- \*\*Workplace:\*\* Unser Headquarter bietet dir Sonnenterrassen und eine direkte Lage am Kirchhorster See. Dank optimaler Verkehrsanbindung bist du schnell bei uns, egal ob über die Autobahn oder mit öffentlichen Verkehrsmitteln
- \*\*Wear what we love: \*\*Profitiere von 50 % Rabatt auf unsere Marken CECIL, Street One, Street One Studio und Street One MEN und werde selbst zum Markenbotschafter unserer Looks
- \*\*#OneTEAM:\*\* #OneTEAM: Gemeinsam erreichen wir mehr, feiern Erfolge, wachsen an neuen Herausforderungen und stärken den Zusammenhalt bei regelmäßigen Events

Bereit für den nächsten Schritt? Werde Teil unseres Teams und bring deine Stärken ein, um die Erfolgsgeschichte der CBR Fashion Group weiterzuschreiben. Wir freuen uns auf deine Bewerbung inklusive **Lebenslauf, Zeugnissen** und einem kurzen **Motivationsschreiben**!

CBR Fashion Group
[www.cbr.de](https://www.cbr.de/career)","### DAS BRINGST DU MIT
- Einen guten Realschulabschluss oder (Fach-)Abitur
- Interesse an kaufmännischen Themen sowie an IT und technischen Zusammenhängen
- Analytisches Denkvermögen, gute Deutschkenntnisse und ein sicherer Umgang mit MS-Office-Programmen
- Teamfähigkeit, Kommunikationsstärke und Motivation für spannende Projekte
- Selbstständige und strukturierte Arbeitsweise sowie Motivation, Neues zu lernen
Mittlere Reife / Realschulabschluss",2026-06-11T09:15:07.376785+00:00
10001-1002992356-S,fachinformatiker_ae_2026,CBR Service GmbH,Isernhagen,"Imkerstr. 4, 30916 Isernhagen",Ausbildung | Fachinformatiker/in - Anwendungsentwicklung,dual,2026,8,2. Jahr und 1.450 €,87,ba_portal,,https://www.arbeitsagentur.de/jobsuche/jobdetail/10001-1002992356-S,ba_portal,,https://www.arbeitsagentur.de/jobsuche/jobdetail/10001-1002992356-S,CBR Service GmbH | Ausbildung | Fachinformatiker/in - Anwendungsentwicklung | Isernhagen,ya,belum,rendah,"Mit aktuell 25 Auszubildenden und Dual Studierenden in unseren kaufmännischen Bereichen und der IT von Street One sind wir ein starkes Team. Unsere Nachwuchstalente übernehmen von Anfang an die volle Verantwortung in ihren Einsatzgebieten und organisieren gemeinsam abteilungsübergreifende Projekte. Freu dich auf spannende Aufgaben und gemeinsame Momente  – sei es bei erfrischenden Drinks auf der Dachterrasse oder unseren After Work Events.

Werde Teil unseres erfolgreichen Modeunternehmens und gewinne tiefe Einblicke in die Abläufe unserer Abteilungen. Unsere Ausbildung ist so individuell wie Du: nach einem Einblick in unsere IT-Systeme, Softwareentwicklung, Programmiersprachen und die Betreuung unserer Anwender, gestalten wir deinen Ausbildungsplan individuell weiter – mit Abteilungen, die zu deinen Interessen und Stärken passen.

Starte zum\*\* 01.08.2026 \*\*deine Ausbildung an unserem Headquarter in **Isernhagen bei Hannover** als \*\*Fachinformatiker (m/w/d) für Anwendungsentwicklung\*\*!

### WORKING WITH US

- \*\*Starting strong:\*\* 1.200 € im 1. Ausbildungsjahr, 1.350 € im 2. Jahr und 1.450 € im 3. Jahr plus Deutschlandticket, Urlaubs- und Weihnachtsgeld, sowie 30 Tage Urlaub
- \*\*Grow with Us:\*\* Nach erfolgreichem Abschluss deiner Ausbildung haben wir die Möglichkeit deinen weiteren Karriereweg  gemeinsam zu gestalten
- \*\*Be yourself:\*\* Ob Sneaker oder Sakko, bei uns zählt nicht, was du trägst, sondern wer du bist. Komm so, wie du dich wohlfühlst und zeig, was in dir steckt
- \*\*Open Mindset:\*\* Dich erwartet ein Umfeld mit flachen Hierarchien und kurzen Entscheidungswegen, ein individuelles Onboarding mit inspirierenden Welcome Days sorgt dafür, dass du dich von Anfang an gut aufgehoben fühlst
- \*\*Workplace:\*\* Unser Headquarter bietet dir Sonnenterrassen und eine direkte Lage am Kirchhorster See. Dank optimaler Verkehrsanbindung bist du schnell bei uns, egal ob über die Autobahn oder mit öffentlichen Verkehrsmitteln
- \*\*Wear what we love:\*\* Profitiere von 50 % Rabatt auf unsere Marken CECIL, Street One, Street One Studio und Street One MEN und werde selbst zum Markenbotschafter unserer Looks
- \*\*#OneTEAM:\*\* Gemeinsam erreichen wir mehr, feiern Erfolge, wachsen an neuen Herausforderungen und stärken den Zusammenhalt bei regelmäßigen Events

### DAS BRINGST DU MIT

- Du hast einen soliden Realschulabschluss oder (Fach-)Abitur in der Tasche und glänzt besonders in Deutsch, Mathematik & Englisch
- Technisches Verständnis und analytisches Denkvermögen sowie erste Erfahrungen mit Office-Produkten
- Interesse an Informationstechnologien sowie technischen Zusammenhängen
- Teamwork ist dein Ding – du packst gerne mit an und bringst Projekte gemeinsam nach vorne und übernimmst auch gerne mal Verantwortung
- Mit deinem Organisationstalent behältst du den Überblick und setzt smarte Prioritäten

Bereit für den nächsten Schritt? Werde Teil unseres Teams und bring deine Stärken ein, um die Erfolgsgeschichte der CBR Fashion Group weiterzuschreiben. Wir freuen uns auf deine Bewerbung inklusive **Lebenslauf, Zeugnissen** und einem kurzen **Motivationsschreiben**!

CBR Fashion Group
[www.cbr.de](https://www.cbr.de/career)","### DAS BRINGST DU MIT
- Du hast einen soliden Realschulabschluss oder (Fach-)Abitur in der Tasche und glänzt besonders in Deutsch, Mathematik & Englisch
- Technisches Verständnis und analytisches Denkvermögen sowie erste Erfahrungen mit Office-Produkten
- Interesse an Informationstechnologien sowie technischen Zusammenhängen
- Teamwork ist dein Ding – du packst gerne mit an und bringst Projekte gemeinsam nach vorne und übernimmst auch gerne mal Verantwortung
- Mit deinem Organisationstalent behältst du den Überblick und setzt smarte Prioritäten
Mittlere Reife / Realschulabschluss",2026-06-11T08:13:52.597826+00:00
10000-1205412906-S,fachinformatiker_ae_2026,Debeka Kranken- und Lebensversicherungsverein a.G.,Koblenz am Rhein,"Debeka-Platz 1, 56073 Koblenz am Rhein",Duales Studium,dual,2026,,,87,ba_portal,Lucas.Stahlhofen@debeka.de,https://www.arbeitsagentur.de/jobsuche/jobdetail/10000-1205412906-S,email,"Bewerben können Sie sich jeweils ab Juli für den Start im nächsten Jahr.Haben Sie uns mit Ihrer Bewerbung überzeugt, lernen wir uns bei einem Videointerview persönlich kennen. Bei der Gelegenheit stellen wir Ihnen auch erste Kontaktpersonen vor.Im weiteren Auswahlverfahren laden wir Sie zum Bewerbertag in unsere Hauptverwaltung ein. Freuen Sie sich auf eine Gruppendiskussion, berufsspezifische Fallbesprechungen und eine offene Fragerunde mit unseren dual Studierenden. Außerdem knüpfen Sie erste Kontakte zu den Menschen, die unsere „Dualos“ begleiten und lotsen.Wir sind gespannt auf Ihre Bewerbung über unsere Website – auch Studienwechsler sind bei uns willkommen!Senden Sie uns bitte",https://www.arbeitsagentur.de/jobsuche/jobdetail/10000-1205412906-S,Debeka Kranken- und Lebensversicherungsverein a.G. | Duales Studium | Koblenz am Rhein,tidak,belum,tinggi,"Studium oder Ausbildung? Kombinieren Sie das Beste aus beiden Welten: mit unserem dualen Studium. Entfalten Sie Ihr volles Potenzial und starten Sie richtig durch. Als größter Ausbilder der Versicherungsbranche haben wir eine Menge zu bieten: individuelle Förderung, ein starkes Wir-Gefühl und hervorragende Perspektiven.

**Ihr Beitrag für das WIR** 

- Sie konzipieren und entwickeln Software-Anwendungen, restrukturieren Prozesse und stellen einen reibungslosen technischen IT-Betrieb sicher.
- Sie arbeiten mit verschiedenen Programmierlogiken, -methoden und -sprachen (z. B. Java).
- Sie wirken in spannenden Projekten mit.
- Sie unterstützen Ihre Kolleginnen und Kollegen.
- Sie bringen sich aktiv in abwechselnden Theorie- und Praxisphasen ein.

Sie erlangen zwei Abschlüsse in 3,5 Jahren: Parallel zum Wirtschaftsinformatikstudium (Bachelor of Science) an der Hochschule Mainz bilden wir Sie zum/r Fachinformatiker/in mit den Schwerpunkten Anwendungsentwicklung, Systemintegration oder Daten- & Prozessanalyse aus.Im Fokus Ihres Studiums stehen Informationstechnologien in Unternehmen sowie jene Kompetenzen, dank denen Sie komplexe, integrierende Geschäftsprozesse mit modernen IT-Systemen abwickeln können (https://www.hs-mainz.de/studium/studiengaenge/wirtschaft/wirtschaftsinformatik-dual-bsc/uebersicht/).Für Ihre Praxis-, Projekt- und Bachelor-Arbeiten erlernen Sie die Grundlagen des wissenschaftlichen Arbeitens.

**Das wünschen wir uns** 

- Sie haben (bald) ein gutes bis sehr gutes Abitur.
- Sie interessieren sich für Wirtschaft, Informatik und Mathematik.
- Sie sind neugierig, engagiert und haben Freude an der Lösung komplexer Herausforderungen.
- Sie sind bereit, sich persönlich und fachlich weiterzuentwickeln.
- Sie sind kommunikativ und arbeiten gerne im Team.

**Das bieten wir Ihnen** 

- **Work-Life-Balance** :Flexible Arbeitszeiten, 30 Urlaubstage, Heiligabend und Silvester arbeitsfrei.
- **Strukturierte Aus- und Weiterbildung** :Seminare und E-Learnings, interne Qualifizierungsmaßnahmen, eine intensive Vorbereitung auf die IHK-Prüfungen, Begleitung von Praxis- und Bachelorarbeiten
- **Attraktive Vergütung** :14 überdurchschnittliche Monatsgehälter:1. Ausbildungsjahr 1.355 Euro pro Monat2. Ausbildungsjahr 1.432 Euro pro Monat3. Ausbildungsjahr 1.520 Euro pro Monat(zzgl. monatlich 40 Euro vermögenswirksame Leistungen; Ausbildungsvergütung Stand 01.08.2025)
- **Sport & Gesundheit** :Betriebssportangebot, Betriebliche Krankenversicherung
- **Karriere** :Sehr gute Übernahmechancen, vielfältige Entwicklungsmöglichkeiten
- **Moderne Arbeitsumgebung** :New Work-Elemente, höhenverstellbare Schreibtische, Curved-Bildschirme, Betriebsrestaurant und Cafeteria mit Außenterrassen
- **Weitere Benefits** :Vergünstigungen für Mitarbeitende, Zuschuss zum Deutschlandticket, Firmenevents und vieles mehr

**Der Bewerbungsprozess** 

Bewerben können Sie sich jeweils ab Juli für den Start im nächsten Jahr.Haben Sie uns mit Ihrer Bewerbung überzeugt, lernen wir uns bei einem Videointerview persönlich kennen. Bei der Gelegenheit stellen wir Ihnen auch erste Kontaktpersonen vor.Im weiteren Auswahlverfahren laden wir Sie zum Bewerbertag in unsere Hauptverwaltung ein. Freuen Sie sich auf eine Gruppendiskussion, berufsspezifische Fallbesprechungen und eine offene Fragerunde mit unseren dual Studierenden. Außerdem knüpfen Sie erste Kontakte zu den Menschen, die unsere „Dualos“ begleiten und lotsen.Wir sind gespannt auf Ihre Bewerbung über unsere Website – auch Studienwechsler sind bei uns willkommen!Senden Sie uns bitte

- Ihren Lebenslauf,
- alle Zeugnisse der Oberstufe und
- (falls vorhanden) aussagekräftige Praktikums- und/oder Arbeitszeugnisse u. ä.

Vielen Dank.

**Bei Fragen wenden Sie sich gerne an:** 
Lucas Stahlhofen
Telefonnummer:
+49 (261) 4985798
E-Mail-Adresse:
Lucas.Stahlhofen@debeka.de",,2026-06-11T08:15:44.239117+00:00
10000-1204051311-S,fachinformatiker_ae_2026,RAPS GmbH & Co. KG,Kulmbach,"Adalbert-Raps-Str. 1, 95326 Kulmbach",Duales Studium | Fachinformatiker/in - Anwendungsentwicklung,dual,2026,,,87,ba_portal,ausbildung@raps.de,https://www.arbeitsagentur.de/jobsuche/jobdetail/10000-1204051311-S,email,,https://www.arbeitsagentur.de/jobsuche/jobdetail/10000-1204051311-S,RAPS GmbH & Co. KG | Duales Studium | Fachinformatiker/in - Anwendungsentwicklung | Kulmbach,tidak,belum,tinggi,"Seit über 95 Jahren steht RAPS als Ingredientspezialist für besten Geschmack, hohe Innovationskraft und kundenspezifisch zugeschnittene Lösungen. Als international agierendes Unternehmen beschäftigt die RAPS-Gruppe weltweit mehr als 900 Mitarbeiter in den Bereichen Produktion, Vertrieb, Forschung & Entwicklung und Verwaltung. Regional verwurzelt, weltoffen und mit marktführender Expertise blicken wir auf eine lange Unternehmensgeschichte zurück. Für unsere Teams sind wir regelmäßig auf der Suche nach neuen Talenten.

BEWERBUNG
Möchtest du Teil unseres Teams werden? Dann überzeuge uns mit deiner Bewerbung. Diese sollte neben einem aussagekräftigen Anschreiben, einen tabellarischen Lebenslauf, deine letzten beiden Schulzeugnisse sowie Praktikumsbeurteilungen und sonstige Qualifikationsbescheinigungen beinhalten. Die Unterlagen lässt du uns bevorzugt per E-Mail zukommen. Bitte führe die Daten in eine PDF-Datei zusammen.

RAPS GmbH & Co. KG
z.Hd. z.Hd. Alexandra Dressel
Adalbert-Raps-Str. 1
95326 Kulmbach
E-Mail: ausbildung@raps.de
www.raps.com

**[Ausbildungsvergütung Praxisphasen:]()**

1.Ausbildungslehrjahr 1.288,50 EUR

2.Ausbildungslehrjahr 1.418,50 EUR

3.Ausbildungslehrjahr 1.543,50 EUR

4.Ausbildungslehrjahr 1.631,5 EUR

In den Theoriephasen erhält der Student (m/w/d) ein Stipendium.

Arbeitszeit: 38-Stunden-Woche mit Gleitzeit

Urlaub: 30 Tage pro Jahr

Verbundstudium Hochschule Dual: Fachinformatiker (m/w/d) Fachrichtung Anwendungsentwicklung & Wirtschaftsinformatik (B.Sc.)

Die Ausbildung ist eine Kombination aus einer IHK-Ausbildung zum Fachinformatiker (m/w/d) Fachrichtung Anwendungsentwicklung und einem Fachhochschulstudium Wirtschaftsinformatik (B.Sc.). Du erlangst beide Abschlüsse innerhalb von 4,5 Jahren. Hierzu verbringst du das erste Jahr deiner Ausbildung im Unternehmen und in der Berufsschule. Die restlichen 3,5 Jahre studierst du an der Fachhochschule Hof. In den Semesterferien und begleitend zu deiner Bachelorarbeit wirst du auch während der Studienzeit praktisch in unserem Unternehmen ausgebildet.

Dauer der Ausbildung: 4,5 Jahre, Abschluss der IHK-Ausbildung nach 2,5 Jahren

Ausbildungsinhalte während der Praxisphasen:
•	Aufbau von Basiswissen in allen relevanten Abteilungen
•	Selbstständige Planung und Bearbeitung von IT-Projekten

Schwerpunkte im Studiengang:
IT-Management, Geschäftsprozessmodellierung, Datenbanken, SAP-Programmierung, Software-Entwicklung, Systemanalyse, Supply Chain Management, strategisches Marketing

Kooperationspartner:
•	Fachhochschule Hof
•	Berufsschule Bayreuth (Blockunterricht)

Voraussetzungen:
•	schulisch: Fachabitur oder Abitur mit guten Noten in den Fächern Deutsch, Mathe, Englisch & IT
•	persönlich: hohe Einsatzbereitschaft, technisches Verständnis, logisches Denken, Teamfähigkeit, Affinität für IT","Möchtest du Teil unseres Teams werden? Dann überzeuge uns mit deiner Bewerbung. Diese sollte neben einem aussagekräftigen Anschreiben, einen tabellarischen Lebenslauf, deine letzten beiden Schulzeugnisse sowie Praktikumsbeurteilungen und sonstige Qualifikationsbescheinigungen beinhalten. Die Unterlagen lässt du uns bevorzugt per E-Mail zukommen. Bitte führe die Daten in eine PDF-Datei zusammen.
RAPS GmbH & Co. KG
z.Hd. z.Hd. Alexandra Dressel
Adalbert-Raps-Str. 1
95326 Kulmbach
E-Mail: ausbildung@raps.de
www.raps.com",2026-06-11T08:14:56.016531+00:00
10001-1002688108-S,fachinformatiker_ae,Südwestrundfunk Anstalt des öf fentlichen Rechts Ausland Bade n-Baden,Mainz am Rhein,"Am Fort Gonsenheim 139, 55122 Mainz am Rhein",Duales Studium | Fachinformatiker/in - Anwendungsentwicklung,dual,,,Jahr 1: 1403 EUR/Monat | Jahr 2: 1513 EUR/Monat | Jahr 3: 1625 EUR/Monat,87,ba_portal,,https://www.arbeitsagentur.de/jobsuche/jobdetail/10001-1002688108-S,ba_portal,,https://www.arbeitsagentur.de/jobsuche/jobdetail/10001-1002688108-S,Südwestrundfunk Anstalt des öf fentlichen Rechts Ausland Bade n-Baden | Duales Studium | Fachinformatiker/in - Anwendungsentwicklung | Mainz am Rhein,ya,belum,rendah,"**Du willst Medien gestalten, Websites programmieren und gleichzeitig ins Management eintauchen? Dann haben wir genau das Richtige für dich - bewirb dich auf ein Bachelorstudium „Digital Media“ mit integrierter Berufsausbildung als Fachinformatiker\*in Anwendungsentwicklung und werde Teil unseres SWR Teams!**

## **📣 DAS ERWARTET DICH WÄHREND DEINES DUALEN STUDIUMS**

- Umfassende Einblicke in die Arbeit und Abläufe des Medienhauses SWR
- Schwerpunktmäßige Arbeit in den IT-Bereichen des Hauses
- Einblicke in die Front- und Backend-Entwicklung unserer Online-Produkte und Begleitung der Live-Gänge
- Eigenständige Umsetzung eigener, kleiner Projekte mit Unterstützung unserer erfahrenen Expert\*innen aus allen Bereichen
- Vertiefung deines erlernten Wissens in der Praxis unseres Unternehmens, interessante Einblicke in verschiedene Bereiche des Hauses und selbstständige Bearbeitung eigener Aufgaben

## **✔️ DAS BRINGST DU SCHON MIT**

**Für die Ausbildungsvariante**

- Eine gute bis sehr gute Fachhochschulreife mit Studierfähigkeitsbescheinigung, die fachgebundene oder allgemeine Hochschulreife, jeweils mit Schwerpunkten in den technischen und naturwissenschaftlichen Fächern
- IT-Grundkenntnisse
- Erste Programmierkenntnisse sind von Vorteil

**Für die berufsintegrierende Variante**

- Eine erfolgreich abgeschlossene Ausbildung als Fachinformatiker\*in in der Fachrichtung Anwendungsentwicklung oder eine vergleichbare Ausbildung
- Erste Erfahrung mit aktuellen Entwicklungsmethoden und Vorgehenskonzepten, Vorkenntnisse im Bereich Content-Management-Systeme sowie in der App-Entwicklung für Mobilgeräte sind von Vorteil
- Gute Kenntnisse in Java, JavaScript, HTML und CSS

**Darüber hinaus**

- Kommunikationsfähigkeit und gutes Ausdrucksvermögen in Wort und Schrift (Deutsch und Englisch)
- Eigeninitiative und hohe Lernbereitschaft
- Sehr gute analytische und kreative Fähigkeiten verbunden mit hohem Engagement und einer strukturierten Arbeitsweise

## **DEINE BENEFITS**

Neben einem umfassenden dualen Ausbildungssystem in einem multimedialen Unternehmen profitierst du bei uns von zahlreichen Benefits!

## VIELFALT IM SWR

Der SWR verfolgt das Ziel der beruflichen Chancengleichheit von Frauen und Männern und fordert daher Frauen auf, sich zu bewerben.

Wir sind Unterzeichner der „Charta der Vielfalt“ und fördern die Vielfalt in unserer Belegschaft. Deine Bewerbung ist bei uns willkommen, unabhängig von Geschlecht, kultureller oder sozialer Herkunft, Religion, Weltanschauung, Alter, sexueller Orientierung oder einer Behinderung.","## **✔️ DAS BRINGST DU SCHON MIT**
**Für die Ausbildungsvariante**
Fachhochschulreife",2026-06-11T09:14:38.561730+00:00
NRW-479-4253,ausbildung_nrw_dpa,Rasting GmbH,Meckenheim,Eisbachstr. / Am Pannacker 53340 Meckenheim,Ausbildung | Fachinformatiker/in - Daten- und Prozessanalyse,dual,,,,87,company,oliver.sturm@rasting.de,https://,email,"Trotz der heutigen Größe steht das Unternehmen zu seinen Wurzeln als familiäre Metzgerei. Noch heute sind ein offener Umgang und Macherqualität gefragt. Das gilt in der Produktion ebenso wie in der Logistik und dem direkten Kontakt mit den EDEKA Kaufleuten in der Region Rhein-Ruhr.
Durch die vielfältigen Aufgabenbereiche bietet RASTING spannende Entwicklungsmöglichkeiten. Unabhängig von Alter, Geschlecht oder Nationalität – hier kann sich jeder einbringen und wachsen.
RASTING gehört zu den größten Ausbildungsbetrieben in Essen und Meckenheim – derzeit sind an beiden Standorten insgesamt 44 Auszubildende in verschiedenen Berufen beschäftigt. Das Unternehmen ermöglicht aus Überzeugung seit über 40 Jahren jungen Menschen den Start in ihre persönliche Karriere. Mit Erfolg - regelmäßig werden Führungspositionen aus den eigenen Reihen besetzt.
Mehr Informationen
Kontakt
0222588033831
oliver.sturm@rasting.de
https://www.rasting.de
Eisbachstr. / Am Pannacker
53340 Meckenheim
O
Oliver Sturm
Leiter Aus- und Weiterbildung
0222588033831
oliver.sturm@rasting.de
Standort
+
–
⤢
Standorte
Deilbachtal 114
45257 Essen
info@ausbildung.nrw
Kontakt
Datenschutz
Impressum
Ausbildung.NRW ist ein Kooperationsprojekt der Industrie- und Handelskammern in Nordrhein-Westfalen.
umgesetzt von der www.spieker.agency",,Rasting GmbH | Ausbildung | Fachinformatiker/in - Daten- und Prozessanalyse | Meckenheim,tidak,belum,tinggi,"Fachinformatiker/in - Daten- und Prozessanalyse

Fachinformatiker/in - Daten- und Prozessanalyse in Meckenheim / Essen
Kaufmann/frau – Büromanagement in Meckenheim / Essen
Mehr Informationen
Fachkraft – Lebensmitteltechnik in Meckenheim / Essen
Mehr Informationen
Angebote
Duales Studium
Berufsfelderkundungstag
Duale Ausbildung (Vollzeit)
Sonstiges
Praktikum
Einstiegsqualifizierung (EQ)

Schon gewusst?
Die Geschichte von RASTING reicht bis ins 19. Jahrhundert zurück - auf eine traditionsreiche Familienmetzgerei in Bad Godesberg.
Die Zusammenarbeit zwischen RASTING und EDEKA begann 1955 als RASTING einer der ersten Lieferanten für die neu entstehenden Fleischabteilungen in den EDEKA-Supermärkten wurde.
1964 gründete sich aufgrund des schnellen Wachstums und der engen Zusammenarbeit die RASTING GmbH & Co. KG, die alle Anteile an EDEKA übertrug.
Nachdem die Produktionskapazitäten in Bad Godesberg nicht mehr ausreichten, zog das Unternehmen 1968 in neue Räumlichkeiten am Schlachthof Bonn um. 1984 wurde der heutige Standort in Meckenheim gebaut. 1999 erfolgte die Übernahme des Fleischhofs der EDEKA Essen.
Mehr Informationen

So kannst du dich bewerben
Bitte erstellen Sie ein kurzes Anschreiben, einen Lebenslauf und senden Sie ein aktuelles Schul- bzw. Abschlusszeugnis. Senden Sie Ihre Bewerbung gerne per E-Mail an bewerbung@rasting.de.
Hinweis: Aus Sicherheits­gründen ist es nur möglich Dateien im PDF-Format mit max. 10 MB Dateigröße zu empfangen.",,2026-06-12T10:00:59.560643+00:00
NRW-467-4184,ausbildung_nrw_ae,HKS Informatik GmbH,Moers,Uerdinger Straße 99 – 101 47441 Moers,Ausbildung | Fachinformatiker/in - Anwendungsentwicklung,dual,,,,87,company,info@hksinformatik.de,https://www.hksinformatik.de/karriere/karrierestart,email,"Kontakt
+49 2841 88 05 70
info@hksinformatik.de
https://www.hksinformatik.de
Uerdinger Straße 99 – 101
47441 Moers
R
René Hüls
Sekretariat
+49 2841 88 05 70
Kontakt
Datenschutz
Impressum
Ausbildung.NRW ist ein Kooperationsprojekt der Industrie- und Handelskammern in Nordrhein-Westfalen.
umgesetzt von der www.spieker.agency",,HKS Informatik GmbH | Ausbildung | Fachinformatiker/in - Anwendungsentwicklung | Moers,tidak,belum,tinggi,"Fachinformatiker/in - Anwendungsentwicklung

Fachinformatiker/in - Anwendungsentwicklung in Moers
Fachinformatiker/in - Systemintegration in Moers
Fachinformatiker/in - Daten- und Prozessanalyse in Moers
Kaufmann/frau - IT-System-Management in Moers
Mehr Informationen
Kaufmann/frau – Büromanagement in Moers
Angebote
Duales Studium
Duale Ausbildung (Vollzeit)
Praktikum

Schon gewusst?
Du hast bereits eine Ausbildung erfolgreich abgeschlossen oder möchtest nach der Schule lieber nur studieren? Dafür haben wir ebenfalls die passenden Angebote für Dich.
Auch bei dieser Variante arbeiten wir mit der Hochschule für Oekonomie & Management (FOM) zusammen, sodass Du Dein Studium dort auch nach oder alternativ zu einer Ausbildung beginnen kannst. Unter dem folgenden Link findest Du wieder alle relevanten Informationen: Duales Studium an der FOM
Zusätzlich bieten wir in Zusammenarbeit mit der Fachhochschule der Wirtschaft (FHDW) in Mettmann ein duales Studienmodell an, bei dem Du in einem dreimonatigen Wechsel Theorie- mit Praxisphasen verbinden kannst. Auch hier unterstützen wir Dich, sodass Du bei dieser Option ebenfalls direkt Dein eigenes Geld verdienen kannst. Alle Informationen findest Du unter: Duales Studium an der FHDW
Mehr Informationen

So kannst du dich bewerben
Interessiert? Dann schicke uns Deine aussagekräftigen Bewerbungsunterlagen mit Lichtbild und letztem Zeugnis als PDF-Dokument per E-Mail zu.
Du hast vielleicht schon eine andere Ausbildung oder ein Studium angefangen und möchtest Dich umorientieren? Auch das ist kein Problem, denn Studienaussteiger oder -wechsler sind ebenfalls herzlich willkommen.
Mehr Informationen
Bewerbung@hksinformatik.de
Daniel Bauten
Geschäftsführer & Ausbilder
+49 2841 88 05 70
Bewerbung@hksinformatik.de
Standort
+
–
⤢
info@ausbildung.nrw",,2026-06-12T09:56:15.058277+00:00
NRW-467-4186,ausbildung_nrw_dpa,HKS Informatik GmbH,Moers,Uerdinger Straße 99 – 101 47441 Moers,Ausbildung | Fachinformatiker/in - Daten- und Prozessanalyse,dual,,,,87,company,info@hksinformatik.de,https://www.hksinformatik.de/karriere/karrierestart,email,"Kontakt
+49 2841 88 05 70
info@hksinformatik.de
https://www.hksinformatik.de
Uerdinger Straße 99 – 101
47441 Moers
R
René Hüls
Sekretariat
+49 2841 88 05 70
Kontakt
Datenschutz
Impressum
Ausbildung.NRW ist ein Kooperationsprojekt der Industrie- und Handelskammern in Nordrhein-Westfalen.
umgesetzt von der www.spieker.agency",,HKS Informatik GmbH | Ausbildung | Fachinformatiker/in - Daten- und Prozessanalyse | Moers,tidak,belum,tinggi,"Fachinformatiker/in - Daten- und Prozessanalyse

Fachinformatiker/in - Daten- und Prozessanalyse in Moers
Kaufmann/frau - IT-System-Management in Moers
Mehr Informationen
Kaufmann/frau – Büromanagement in Moers
Angebote
Duales Studium
Duale Ausbildung (Vollzeit)
Praktikum

Schon gewusst?
Du hast bereits eine Ausbildung erfolgreich abgeschlossen oder möchtest nach der Schule lieber nur studieren? Dafür haben wir ebenfalls die passenden Angebote für Dich.
Auch bei dieser Variante arbeiten wir mit der Hochschule für Oekonomie & Management (FOM) zusammen, sodass Du Dein Studium dort auch nach oder alternativ zu einer Ausbildung beginnen kannst. Unter dem folgenden Link findest Du wieder alle relevanten Informationen: Duales Studium an der FOM
Zusätzlich bieten wir in Zusammenarbeit mit der Fachhochschule der Wirtschaft (FHDW) in Mettmann ein duales Studienmodell an, bei dem Du in einem dreimonatigen Wechsel Theorie- mit Praxisphasen verbinden kannst. Auch hier unterstützen wir Dich, sodass Du bei dieser Option ebenfalls direkt Dein eigenes Geld verdienen kannst. Alle Informationen findest Du unter: Duales Studium an der FHDW
Mehr Informationen

So kannst du dich bewerben
Interessiert? Dann schicke uns Deine aussagekräftigen Bewerbungsunterlagen mit Lichtbild und letztem Zeugnis als PDF-Dokument per E-Mail zu.
Du hast vielleicht schon eine andere Ausbildung oder ein Studium angefangen und möchtest Dich umorientieren? Auch das ist kein Problem, denn Studienaussteiger oder -wechsler sind ebenfalls herzlich willkommen.
Mehr Informationen
Bewerbung@hksinformatik.de
Daniel Bauten
Geschäftsführer & Ausbilder
+49 2841 88 05 70
Bewerbung@hksinformatik.de
Standort
+
–
⤢
info@ausbildung.nrw",,2026-06-12T10:00:33.849065+00:00
ASD-998030000953974819,ausbildungsstellen_si,Azubiyo,Oldenburg,26133 Oldenburg Niedersachsen,Ausbildung | Duales Studium der Wirtschaftsinformatik Anwendungsentwicklung 2027 (all genders),dual,,,"1.120 €, 1.190 €, 1.250 €, 1.300 €, 25 €",87,company,ausbildung@cewe.de,https://www.azubiyo.de/bewerbung/,email,,,Azubiyo | Ausbildung | Duales Studium der Wirtschaftsinformatik Anwendungsentwicklung 2027 (all genders) | Oldenburg,tidak,belum,tinggi,"Duales Studium der Wirtschaftsinformatik Anwendungsentwicklung 2027 (all genders)

Deine Aufgaben:
Gemeinsam mit der IBS Oldenburg bieten wir dir die perfekte Kombi aus dualem Studium Wirtschaftsinformatik (B.S.) + Ausbildung als Fachinformatiker:in Anwendungsentwicklung - doppelte Power für deinen Karriere-Start in der IT-Welt:
Praxis im Entwicklungsteam + echten CEWE-Projekten
+
Theorie auf Hochschulniveau – immer praxisnah & up to date
Was dich bei uns erwartet:
- Programmierung mit modernen Techniken & Tools
- Systemarchitektur, Hardware, Betriebssysteme & Netzwerke
- Analyse von Ist-Zuständen & Entwicklung smarter Lösungen
- Spannende Einblicke in KI-Projekte & Automatisierung
- Mitarbeit an IT-Projekten – von der Idee bis zur Umsetzung
- BWL-Grundlagen, Projektmanagement & ProzessoptimierungWährend du bei CEWE praktische-Erfahrung sammelst, bringt dich die IBS mit fundierter Theorie auf ein starkes akademisches Top-Level!

Dein Profil:
- Abitur, Fachhochschulreife oder vergleichbarer Abschluss
- Englischkenntnisse im Niveau B2 zwingend erfoderlich zum Ausbildungsstart!
- Gute Noten in Mathe, Englisch & Deutsch
- Interesse an Technik, Programmierung & Wirtschaft
- Erste IT-Kenntnisse: Programmieren (z. B. Schule, Freizeit, Praktika)

- Teamspirit, Kommunikationsfreude & Neugier auf NeuesDeine Benefits:
- Vergütung:
- 1.120 € (1. Jahr)
- 1.190 € (2. Jahr)
- 1.250 € (3. Jahr)
- 1.300 € (4. Jahr)
- Weihnachtsgeld (13. Ausbildungsvergütung) + Urlaubsgeld
- Monatlich 25 € Gutschein für verschiedene OnlineshopsUnd obendrauf gibt’s ein iPad zum Ausbildungsstart
- 30 Urlaubstage
- Fahrtkostenzuschuss (ab 11 km)
- Ausbildungseinsätze sind im In- und Ausland möglich
- Lernpat:innen zum Start
- Sehr gute Übernahmechancen + Weiterbildungsmöglichkeiten
- Schulbuchkosten? Übernehmen wir!
- Mobiles Arbeiten möglich
- Hansefit, Sportangebote & Gesundheitsaktionen
- Mitarbeiteraktien, Altersvorsorge & mehr
- Parkplätze, Fahrradstellplätze & Bushaltestelle direkt vorm Haus
- Kennenlernfahrt zu Ausbildungsbeginn... und vieles mehr!
Wichtiger Hinweis:","Dein Profil:
- Abitur, Fachhochschulreife oder vergleichbarer Abschluss
- Englischkenntnisse im Niveau B2 zwingend erfoderlich zum Ausbildungsstart!
- Gute Noten in Mathe, Englisch & Deutsch
- Interesse an Technik, Programmierung & Wirtschaft
- Erste IT-Kenntnisse: Programmieren (z. B. Schule, Freizeit, Praktika)",2026-06-13T12:47:28.681075+00:00
NRW-1576-13329,ausbildung_nrw_ae,EWE NETZ GmbH,Oldenburg,Cloppenburger Straße 302 26133 Oldenburg,Ausbildung | Fachinformatiker/in - Anwendungsentwicklung (2027),dual,,,,87,company,ausbildung@ewe.de,https://ewe.wd3.myworkdayjobs.com/de-DE/EWE/job/Oldenburg/Auszubildender-zum-Fachinformatiker-fr-Anwendungsentwicklung--w-d-m----2027_5413/apply,email,"Kontakt
0441 48082880
ausbildung@ewe.de
https://www.ewe-netz.de/
Cloppenburger Straße 302
26133 Oldenburg
T
Team Nachwuchssicherung
Bereich Aus- und Weiterbildung
0441 48082880
ausbildung@ewe.de
Social Media
Standort
+
–
⤢
Standorte
Oldenburger Str. 52
26655 Westerstede
Neue Str. 23
26316 Varel
Am Stadion 1b
26919 Brake (Unterweser)
Humphry-Davy-Straße 41
27472 Cuxhaven
Kührstedter Str. 82
27624 Geestland
Maibuscher Str. 1
27798 Hude
Molkereiweg 33
28790 Schwanewede
Stubbener Landstraße 1
27616 Beverstedt
Stockenkamp 11
27793 Wildeshausen
Boschstraße 10
28857 Syke
Bürgerparkstraße 13
49661 Cloppenburg
Mühlenstraße 30
49751 Sögel
Konrad-Zuse-Straße 20
26789 Leer (Ostfriesland)
Harpertshausener Str. 11
26409 Wittmund
Jannes-Ohling-Straße 17
26736 Krummhörn
3.Südwieke 29/31
26817 Rhauderfehn
Schützenstraße 9
26670 Uplengen
Gnarrenburger Str. 88
27432 Bremervörde
Gierenberg 26
21698 Harsefeld
Bremer Str. 9a
27367 Sottrum
Zinnhütte 5
21255 Tostedt
Brunskamp 6
21220 Seevetal
Am Markt 24
26506 Norden
Oldenburger Str. 236
26180 Rastede
Friedrich-Ebert-Straße 13
26954 Nordenham
Otto-Peschel-Straße 12B
21745 Hemmoor
Große Straße 28-30
27356 Rotenburg (Wümme)
Hegermühlenstraße 58
15344 Strausberg
Chausseestraße 1
15745 Wildau
Große Str. 8
49477 Ibbenbüren
Krahnstraße 30
49074 Osnabrück
Hasestraße 15
49716 Meppen
Meppener Str. 6
49740 Haselünne
Ringstraße 11
26897 Esterwegen
Mühlenstraße 15
27383 Scheeßel
Bredenhop 13c
32609 Hüllhorst
Große Str. 72
49377 Vechta
Stickgraser Allee 2
27751 Delmenhorst
Schwingestraße 38
21717 Fredenbeck
Marktpl. 29
26603 Aurich
Steinstraße 6
26427 Esens
Alter Markt 16
26441 Jever
Marktstraße 41
26382 Wilhelmshaven
Lange Str. 22
27404 Zeven
Meppener Str. 6
49740 Haselünne
Hasestraße 15
49716 Meppen
Glückaufstraße 11
49124 Georgsmarienhütte
Plettenberger Str. 50
49324 Melle
Neddenheider Straße 4
27777 Ganderkesee
Deverweg 29
26871 Papenburg
Moorstraße 8
26169 Friesoythe
Krahnstraße 30
49074 Osnabrück
Emsstraße 24
48431 Rheine
Kanalstraße Nord 85
26629 Großefehn
Bakumer Straße 72
49393 Lohne
Max-Planck-Str. 21
27283 Verden
Jade-Weser-Park 6a
26419 Schortens
Bremer Str. 40
49624 Löningen
Soltauer Str. 39
29633 Munster
Wiesenstr. 58
21717 Fredenbeck
info@ausbildung.nrw
Kontakt
Datenschutz
Impressum
Ausbildung.NRW ist ein Kooperationsprojekt der Industrie- und Handelskammern in Nordrhein-Westfalen.
umgesetzt von der www.spieker.agency",,EWE NETZ GmbH | Ausbildung | Fachinformatiker/in - Anwendungsentwicklung (2027) | Oldenburg,tidak,belum,tinggi,"Fachinformatiker/in - Anwendungsentwicklung (2027)

Fachinformatiker/in - Anwendungsentwicklung in Oldenburg (2027)
Mehr Informationen
Kaufmann/frau – Büromanagement in Oldenburg (2027)
Mehr Informationen
Kaufmann/frau - IT-System-Management in Oldenburg (2027)
Mehr Informationen
Hauswirtschafter/in in Oldenburg (2027)
Mehr Informationen
Koch/Köchin in Oldenburg (2027)
Mehr Informationen
Kaufmann/frau im Einzelhandel / Handelsfachwirt in Oldenburg / Brake (Unterweser) / Cuxhaven / Leer (Ostfriesland) / Bremervörde / Harsefeld / Tostedt / Norden (2027)
Mehr Informationen
Kaufmann/frau - Einzelhandel in Oldenburg / Vechta / Aurich / Haselünne (2026)
Mehr Informationen
Kaufmann/frau - Einzelhandel in Oldenburg / Brake (Unterweser) / Cuxhaven / Leer (Ostfriesland) / Bremervörde / Harsefeld / Tostedt / Norden / Ibbenbüren / Vechta / Haselünne / Georgsmarienhütte / Melle (2027)
Mehr Informationen
Stellenangebote
Angebote
Duale Ausbildung
Praktikum
Duales Studium

Schon gewusst?
Der EnergieCampus von EWE ­– Leben und Lernen an einem Ort
Du würdest gern eine Ausbildung im Bereich Energie beginnen, wohnst aber zu weit entfernt von Oldenburg, um täglich zu pendeln? Kein Problem: Auf unserem EnergieCampus in Oldenburg kannst du während der Woche wohnen und gemeinsam mit anderen Auszubildenden lernen und deine Freizeit verbringen.
Als dual Studierender profitierst du ebenfalls von den vielfältigen Weiterbildungs-, Sport- und Freizeitangeboten des EnergieCampus.
Weitere Informationen unter https://www.ewe.com/de/karriere/schueler-und-ausbildung/wohnen-und-leben
Der EWE-Azubiblog – reinklicken lohnt sich!
Neugierig, wie es bei EWE läuft? Dann schau doch mal auf unserem Azubiblog vorbei! Dort berichten unsere Auszubildenden und dual Studierenden regelmäßig über ihren Alltag bei uns. Neben spannenden Einblicken in die einzelnen Berufsfelder und Studiengänge gibt es auch Berichte über den „Joballtag“, die Schule und das Campusleben sowie interessante Veranstaltungstipps. Aber schau doch einfach selbst: azubiblog.ewe.com
Mehr Informationen

So kannst du dich bewerben
Du hast die Schule erfolgreich abgeschlossen und suchst einen interessanten Ausbildungsplatz mit Zukunft? Dann bewirb dich bei uns. Wir freuen uns über junge Menschen, die Lust auf neue Denkweisen haben und wissen, wo ihre persönlichen Stärken liegen.
Wir freuen uns auf deine Bewerbung!
Mehr Informationen",,2026-06-12T09:55:31.681127+00:00
NRW-2460-4585,ausbildung_nrw_ae,VRG GmbH,Oldenburg,"Mittelkamp, 110-118 26125 Oldenburg",Ausbildung | Fachinformatiker/in - Anwendungsentwicklung (2027),dual,,,,87,company,selina.brunken@vrg.de,https://ausbildung.vrg.de/,email,"Kontakt
0441 3907-437
selina.brunken@vrg.de
VRG - Digitale Dienstleistungen & Software
Mittelkamp, 110-118
26125 Oldenburg
S
Selina Brunken
Personal / Recruiting
0441 3907-437
selina.brunken@vrg.de
Social Media
Profil bei Homepage Azubi Seite
Standort
+
–
⤢
Standorte
Mittelkamp 110-118
26125 Oldenburg
Langenhorner Chaussee 625
22419 Hamburg
Meerbuscher Str. 68
40670 Meerbusch
Märkisches Ufer 34
10179 Berlin
Steigerstrasse 1
99096 Erfurt
Gostritzer Str. 63
01217 Dresden
Monzastraße 4
63225 Langen
Konrad-Zuse-Straße 98
71034 Böblingen
Einsteinring 28
85609 Aschheim-Dornach
info@ausbildung.nrw
Kontakt
Datenschutz
Impressum
Ausbildung.NRW ist ein Kooperationsprojekt der Industrie- und Handelskammern in Nordrhein-Westfalen.
umgesetzt von der www.spieker.agency",,VRG GmbH | Ausbildung | Fachinformatiker/in - Anwendungsentwicklung (2027) | Oldenburg,tidak,belum,tinggi,"Fachinformatiker/in - Anwendungsentwicklung (2027)

Fachinformatiker/in - Anwendungsentwicklung in Oldenburg (2027)
Mehr Informationen
Fachinformatiker/in - Systemintegration in Oldenburg (2027)
Mehr Informationen
Kaufmann/frau – Büromanagement in Meerbusch / Langen (2027)
Mehr Informationen
Duales Studium - Digital Business (Ausbildung, B.A.) in Oldenburg (2027)
Mehr Informationen
Duales Studium - Sozialmanagement (Ausbildung + B.A. ) in Oldenburg (2027)
Mehr Informationen
Fachinformatiker/in - Daten- und Prozessanalyse in Oldenburg (2027)
Mehr Informationen
Kaufmann/frau - IT-System-Management in Oldenburg (2027)
Mehr Informationen
Angebote
Duales Studium
Duale Ausbildung (Vollzeit)
Praktikum

Schon gewusst?
Unser Engagement für Nachhaltigkeit 🌍💚
Nachhaltige IT-Infrastruktur 🌱
Wir setzen auf energieeffiziente Rechenzentren und klimafreundliche Technologien, um den CO₂-Fußabdruck unserer IT-Lösungen zu minimieren.
Verantwortung für die Zukunft ♻️
Ob papierlose Prozesse, ressourcenschonendes Arbeiten oder nachhaltige Mobilitätskonzepte – wir engagieren uns aktiv für eine grünere Zukunft.
Hier blüht uns was: Eine grüne Zukunft 🌸🐝
Vor unserer Kantine in Oldenburg erstreckt sich eine große Blühwiese – auf den ersten Blick wild, auf den zweiten ein echtes Herzensprojekt! Gemeinsam mit unserem regionalen Partner ImmerBunt haben wir bereits über 5.000 m² Blühwiese rund um die VRG-Gebäude geschaffen. 2023 haben wir das Projekt mit ImmerBunt-Blühkästen sogar in die Oldenburger Innenstadt gebracht.
Sichtbares Wachstum: Bäume pflanzen 🌳🌎
Unsere Mitarbeitenden fragten: „Können wir nicht auch Bäume pflanzen?“ – und wir haben gehandelt! Gemeinsam mit PLANT-MY-TREE® setzen wir auf nachhaltige Aufforstung. Bäume binden CO₂, verbessern die Luftqualität und schaffen wertvollen Lebensraum für Tiere und Pflanzen. Dank der DIN ISO 9001:2015-Zertifizierung durch den TÜV Rheinland stellen wir sicher, dass unser Engagement langfristig wirkt.
Mehr Informationen

So kannst du dich bewerben
Online Bewerbung einreichen
Deine Bewerbung landet direkt bei unserem Recruiting-Team, das deine Unterlagen checkt und eine erste Vorauswahl trifft. Achte darauf, dass du vollständige Unterlagen einreichst – also deinen Lebenslauf, deine Zeugnisse und ein Anschreiben.",,2026-06-12T09:59:37.710050+00:00
NRW-2460-4588,ausbildung_nrw_dpa,VRG GmbH,Oldenburg,"Mittelkamp, 110-118 26125 Oldenburg",Ausbildung | Fachinformatiker/in - Daten- und Prozessanalyse (2027),dual,,,,87,company,selina.brunken@vrg.de,https://ausbildung.vrg.de/,email,"Kontakt
0441 3907-437
selina.brunken@vrg.de
VRG - Digitale Dienstleistungen & Software
Mittelkamp, 110-118
26125 Oldenburg
S
Selina Brunken
Personal / Recruiting
0441 3907-437
selina.brunken@vrg.de
Social Media
Profil bei Homepage Azubi Seite
Standort
+
–
⤢
Standorte
Mittelkamp 110-118
26125 Oldenburg
Langenhorner Chaussee 625
22419 Hamburg
Meerbuscher Str. 68
40670 Meerbusch
Märkisches Ufer 34
10179 Berlin
Steigerstrasse 1
99096 Erfurt
Gostritzer Str. 63
01217 Dresden
Monzastraße 4
63225 Langen
Konrad-Zuse-Straße 98
71034 Böblingen
Einsteinring 28
85609 Aschheim-Dornach
info@ausbildung.nrw
Kontakt
Datenschutz
Impressum
Ausbildung.NRW ist ein Kooperationsprojekt der Industrie- und Handelskammern in Nordrhein-Westfalen.
umgesetzt von der www.spieker.agency",,VRG GmbH | Ausbildung | Fachinformatiker/in - Daten- und Prozessanalyse (2027) | Oldenburg,tidak,belum,tinggi,"Fachinformatiker/in - Daten- und Prozessanalyse (2027)

Fachinformatiker/in - Daten- und Prozessanalyse in Oldenburg (2027)
Mehr Informationen
Kaufmann/frau - IT-System-Management in Oldenburg (2027)
Mehr Informationen
Angebote
Duales Studium
Duale Ausbildung (Vollzeit)
Praktikum

Schon gewusst?
Unser Engagement für Nachhaltigkeit 🌍💚
Nachhaltige IT-Infrastruktur 🌱
Wir setzen auf energieeffiziente Rechenzentren und klimafreundliche Technologien, um den CO₂-Fußabdruck unserer IT-Lösungen zu minimieren.
Verantwortung für die Zukunft ♻️
Ob papierlose Prozesse, ressourcenschonendes Arbeiten oder nachhaltige Mobilitätskonzepte – wir engagieren uns aktiv für eine grünere Zukunft.
Hier blüht uns was: Eine grüne Zukunft 🌸🐝
Vor unserer Kantine in Oldenburg erstreckt sich eine große Blühwiese – auf den ersten Blick wild, auf den zweiten ein echtes Herzensprojekt! Gemeinsam mit unserem regionalen Partner ImmerBunt haben wir bereits über 5.000 m² Blühwiese rund um die VRG-Gebäude geschaffen. 2023 haben wir das Projekt mit ImmerBunt-Blühkästen sogar in die Oldenburger Innenstadt gebracht.
Sichtbares Wachstum: Bäume pflanzen 🌳🌎
Unsere Mitarbeitenden fragten: „Können wir nicht auch Bäume pflanzen?“ – und wir haben gehandelt! Gemeinsam mit PLANT-MY-TREE® setzen wir auf nachhaltige Aufforstung. Bäume binden CO₂, verbessern die Luftqualität und schaffen wertvollen Lebensraum für Tiere und Pflanzen. Dank der DIN ISO 9001:2015-Zertifizierung durch den TÜV Rheinland stellen wir sicher, dass unser Engagement langfristig wirkt.
Mehr Informationen

So kannst du dich bewerben
Online Bewerbung einreichen
Deine Bewerbung landet direkt bei unserem Recruiting-Team, das deine Unterlagen checkt und eine erste Vorauswahl trifft. Achte darauf, dass du vollständige Unterlagen einreichst – also deinen Lebenslauf, deine Zeugnisse und ein Anschreiben.",,2026-06-12T10:01:21.323570+00:00
NRW-3278-6267,ausbildung_nrw_dpa,Connext Communication GmbH,Paderborn,Balhorner Feld 11 33106 Paderborn,Ausbildung | Fachinformatiker/in - Daten- und Prozessanalyse (2025),dual,,,,87,company,thomas.plet@connext.de,https://connext.de/connext/karriere/ausbildung.aspx,email,"Kontakt
0525177111097
thomas.plet@connext.de
https://www.connext.de/connext/karriere/stellenangebote.aspx
Balhorner Feld 11
33106 Paderborn
Thomas Plet
Personalreferent
0525177111097
thomas.plet@connext.de
S
Stefanie Disse
Personalreferentin
05251-771-115
sdi@connext.de
C
Christina Zweigle
Personalleitung
05251771242
cz@connext.de
Standort
+
–
⤢
info@ausbildung.nrw
Kontakt
Datenschutz
Impressum
Ausbildung.NRW ist ein Kooperationsprojekt der Industrie- und Handelskammern in Nordrhein-Westfalen.
umgesetzt von der www.spieker.agency",,Connext Communication GmbH | Ausbildung | Fachinformatiker/in - Daten- und Prozessanalyse (2025) | Paderborn,tidak,belum,tinggi,"Fachinformatiker/in - Daten- und Prozessanalyse (2025)

Fachinformatiker/in - Daten- und Prozessanalyse in Paderborn (2025)
Mehr Informationen
Bachelor of Science Wirtschaftsinformatik in Paderborn (2025)
Mehr Informationen
Bachelor Informatik in Paderborn (2025)
Mehr Informationen
Fachinformatiker/in - Systemintegration in Paderborn (2025)
Mehr Informationen
Fachinformatiker/in - Anwendungsentwicklung in Paderborn (2025)
Mehr Informationen
Kaufmann/frau - IT-System-Management in Paderborn (2025)
Mehr Informationen
Koch/Köchin in Paderborn (2025)
Mehr Informationen
Hotelfachmann/frau in Paderborn (2025)
Mehr Informationen
Angebote
Duales Studium
Sonstiges
Praktikum
Duale Ausbildung

Schon gewusst?
Im Betriebsrestaurant unseres Seminar- und Tagungshotels (Hotel Vivendi) kannst Du täglich aus mehreren reichhaltigen Speisen auswählen, die für Dich als Mitarbeiter*in vergünstigt sind. Die Getränkeverpflegung ist übrigens kostenlos. Überschüssige Energie kannst Du nach Feierabend im Sportbereich an den Geräten oder im hausinternen Squash-Court abbauen.

So kannst du dich bewerben
Bitte sende uns Deine Bewerbungsunterlagen ausschließlich in digitaler Form zu. Deine Bewerbung sollte ein Anschreiben, einen Lebenslauf sowie die letzten beiden Schulzeugnisse enthalten. Für Rückfragen stehe ich natürlich gern zur Verfügung. Wir freuen uns auf Deine Bewerbung.",,2026-06-12T10:00:24.451814+00:00
NRW-3278-6272,ausbildung_nrw_ae,Connext Communication GmbH,Paderborn,Balhorner Feld 11 33106 Paderborn,Ausbildung | Fachinformatiker/in - Anwendungsentwicklung (2025),dual,,,,87,company,thomas.plet@connext.de,https://connext.de/connext/karriere/ausbildung.aspx,email,"Kontakt
0525177111097
thomas.plet@connext.de
https://www.connext.de/connext/karriere/stellenangebote.aspx
Balhorner Feld 11
33106 Paderborn
Thomas Plet
Personalreferent
0525177111097
thomas.plet@connext.de
S
Stefanie Disse
Personalreferentin
05251-771-115
sdi@connext.de
C
Christina Zweigle
Personalleitung
05251771242
cz@connext.de
Standort
+
–
⤢
info@ausbildung.nrw
Kontakt
Datenschutz
Impressum
Ausbildung.NRW ist ein Kooperationsprojekt der Industrie- und Handelskammern in Nordrhein-Westfalen.
umgesetzt von der www.spieker.agency",,Connext Communication GmbH | Ausbildung | Fachinformatiker/in - Anwendungsentwicklung (2025) | Paderborn,tidak,belum,tinggi,"Fachinformatiker/in - Anwendungsentwicklung (2025)

Fachinformatiker/in - Anwendungsentwicklung in Paderborn (2025)
Mehr Informationen
Kaufmann/frau - IT-System-Management in Paderborn (2025)
Mehr Informationen
Koch/Köchin in Paderborn (2025)
Mehr Informationen
Hotelfachmann/frau in Paderborn (2025)
Mehr Informationen
Angebote
Duales Studium
Sonstiges
Praktikum
Duale Ausbildung

Schon gewusst?
Im Betriebsrestaurant unseres Seminar- und Tagungshotels (Hotel Vivendi) kannst Du täglich aus mehreren reichhaltigen Speisen auswählen, die für Dich als Mitarbeiter*in vergünstigt sind. Die Getränkeverpflegung ist übrigens kostenlos. Überschüssige Energie kannst Du nach Feierabend im Sportbereich an den Geräten oder im hausinternen Squash-Court abbauen.

So kannst du dich bewerben
Bitte sende uns Deine Bewerbungsunterlagen ausschließlich in digitaler Form zu. Deine Bewerbung sollte ein Anschreiben, einen Lebenslauf sowie die letzten beiden Schulzeugnisse enthalten. Für Rückfragen stehe ich natürlich gern zur Verfügung. Wir freuen uns auf Deine Bewerbung.",,2026-06-12T09:54:32.300580+00:00
NRW-3436-6558,ausbildung_nrw_ae,dSPACE GmbH,Paderborn,Rathenaustraße 26 33102 Paderborn,Ausbildung | Fachinformatiker/in - Anwendungsentwicklung (2026),dual,,,,87,company,info@dspace.de,https://www.dspace.com/de/gmb/home/career/jobfinder/stellen.cfm?fuseaction=einzel&jid=36046&t=Ausbildung%20%2D%20Fachinformatiker%20%28m%2Fw%2Fd%29%20f%C3%BCr%20Anwendungsentwicklung,email,"Kontakt
+49 5251 1638-0
info@dspace.de
https://www.dspace.com/de/gmb/home/career.cfm
Rathenaustraße 26
33102 Paderborn
Lara Rose de Sousa
HR Specialist
+ 49 5251 1638 1380
lrosedesousa@dspace.de
Social Media
Standort
+
–
⤢
info@ausbildung.nrw
Kontakt
Datenschutz
Impressum
Ausbildung.NRW ist ein Kooperationsprojekt der Industrie- und Handelskammern in Nordrhein-Westfalen.
umgesetzt von der www.spieker.agency",,dSPACE GmbH | Ausbildung | Fachinformatiker/in - Anwendungsentwicklung (2026) | Paderborn,tidak,belum,tinggi,"Fachinformatiker/in - Anwendungsentwicklung (2026)

Fachinformatiker/in - Anwendungsentwicklung in Paderborn (2026)
Industriekaufmann/frau in Paderborn (2026)
Bachelor Informatik in Paderborn (2026)
Fachinformatiker/in - Systemintegration in Paderborn (2026)
Bachelor of Science Wirtschaftsinformatik in Paderborn (2026)
Elektroniker/in – Geräte und Systeme in Paderborn (2026)
Fachkraft – Lagerlogistik in Paderborn (2026)
Elektroniker/in – Betriebstechnik in Paderborn (2026)
Angebote
Duales Studium
Berufsfelderkundungstag
Sonstiges
Praktikum
Duale Ausbildung

Schon gewusst?
- Wir arbeiten an den Zukunftstechnologien der Automobilindustrie
- Internationales Team
- Gute Übernahmechancen nach erfolgreichem Ausbildungsabschluss
- Umfangreiches Firmenfitnessprogramm in Kooperation mit EGYM Wellpass
- Attraktive Vergütung und ein zusätzliches 13. Monatsgehalt
- Optimale Prüfungsvorbereitung
- Mentoren zur Unterstützung bei Aufgaben
- Eigenverantwortliche Projekte während der Ausbildung
- Flexible Arbeitszeiten
Mehr Informationen

So kannst du dich bewerben
Wir freuen uns über deine Bewerbung mit vollständigen Unterlagen (Anschreiben, Lebenslauf, Kopien der letzten beiden Schulzeugnisse, eventuell Praktikumsbescheinigungen) über das Bewerberportal auf unserer Homepage: https://www.dspace.com/de/gmb/home/career/schuelerinnen-und-schueler.cfm Für den Ausbildungsbeginn am 01. August 2025 suchen wir ab sofort wieder motivierte Talente!
Mehr Informationen",,2026-06-12T09:54:50.779637+00:00
NRW-4321-8953,ausbildung_nrw_ae,Mettenmeier GmbH,Paderborn,Klingenderstr. 10 - 14 33100 Paderborn,Ausbildung | Fachinformatiker/in - Anwendungsentwicklung (2026),dual,,,,87,company,personal@mettenmeier.de,https://www.mettenmeier.de/,email,"Kontakt
05251 150-353
personal@mettenmeier.de
https://www.mettenmeier.de/
Klingenderstr. 10 - 14
33100 Paderborn
M
Martina Sicken
Personalwesen
05251 150-329
martina.sicken@mettenmeier.de
Social Media
Standort
+
–
⤢
info@ausbildung.nrw
Kontakt
Datenschutz
Impressum
Ausbildung.NRW ist ein Kooperationsprojekt der Industrie- und Handelskammern in Nordrhein-Westfalen.
umgesetzt von der www.spieker.agency",,Mettenmeier GmbH | Ausbildung | Fachinformatiker/in - Anwendungsentwicklung (2026) | Paderborn,tidak,belum,tinggi,"Fachinformatiker/in - Anwendungsentwicklung (2026)

Fachinformatiker/in - Anwendungsentwicklung in Paderborn (2026)
Mehr Informationen
Fachinformatiker/in - Systemintegration in Paderborn (2026)
Mehr Informationen
Kaufmann/frau - IT-System-Management in Paderborn (2026)
Mehr Informationen
Duales Studium Informatik in Paderborn (2026)
Mehr Informationen
Angebote
Duales Studium
Berufsfelderkundungstag
Praktikum
Duale Ausbildung

Schon gewusst?
Eine Ausbildung ist reines lernen – diese Annahme ist bei uns weit gefehlt.
Die Ausbildung bei Mettenmeier bietet dir eine spannende Zeit über das Berufliche und Schulische hinaus. Neben der reinen Ausbildung erhältst du Weiterbildungen und Schulungen wie zum Beispiel in Excel, Word und auch deine Englischkenntnisse werden weiter ausgebaut. Darüber hinaus gibt es verschiedene Veranstaltung, wie ein Fahrsicherheitstraining oder die Gesundheitstage. Schon zu Beginn erhältst du Aufgaben mit Verantwortung und kannst zeigen, was in dir steckt. Die Interessen und Wünsche der Auszubildenden werden bei Mettenmeier durch eine Jugend- und Auszubildendenvertretung repräsentiert.
Du beendest demnächst die Schule oder hast festgestellt, dass ein Studium doch nichts für dich ist und du lieber aktiv in ein Unternehmen einsteigen willst? Dann informiere dich gerne über unsere technischen und kaufmännischen Ausbildungsberufe. Oder möchtest du neben deinem Studium erste Einblicke in die Praxis erlangen? Wir bieten Studentinnen und Studenten die Möglichkeit sich als studentische Hilfskraft in unser Unternehmen einzubringen und unser Team zu unterstützen. Durch das Gleitzeitmodell kann das Studium optimal mit der Arbeitszeit verknüpft werden.
Mehr Informationen

So kannst du dich bewerben",,2026-06-12T09:57:09.867477+00:00
NRW-3160-6044,ausbildung_nrw_ae,Raynet GmbH,Paderborn,Technologiepark 22 33100 Paderborn,"Ausbildung | Fachinformatiker/in - Anwendungsentwicklung (2026, 2027)",dual,,,,87,company,bewerbungen@raynet.de,https://raynet.de/karriere/fachinformatiker-in-fuer-anwendungsentwicklung-m-w-x/,email,"Bei besonderen Leistungen & viel Engagement hast Du die Chance auf den Titel “Azubi des Monats” und darfst zur Belohnung einen Monat kostenfrei unseren Azubiwagen fahren. Darauf kannst Du Dich ebenfalls freuen: • Viel Platz für eigenverantwortliches Handeln, frische Ideen und neue Herausforderungen • Flache Hierarchien, direkte Ansprechpartner und schnelle Entscheidungswege • Vielfältige Aufgaben und Projekte in einem innovativen Umfeld • Junges, dynamisches Team in einem modernen Büro • Teamevents & Work-Life-Balance • Individuelle Weiterbildungsmaßnahmen • Eine anspruchsvolle, praxisnahe und zukunftsorientierte Ausbildung mit • vielen Weiterentwicklungsmöglichkeiten in einem international wachsenden Unternehmen • Hauseigenes Fitnessstudio mit Sauna • 85 m² große Dachterrasse mit Panoramablick über Paderborn • Ladesäulen für E-Bike und E-Auto • Kaffee-, Tee- & Wasserflatrate sowie Obst & Süßigkeiten • Zuschuss zur Nutzung des ÖPNV
Mehr Informationen
Kontakt
05251 54009-0
Kontakt
Datenschutz
Impressum
Ausbildung.NRW ist ein Kooperationsprojekt der Industrie- und Handelskammern in Nordrhein-Westfalen.
umgesetzt von der www.spieker.agency",,"Raynet GmbH | Ausbildung | Fachinformatiker/in - Anwendungsentwicklung (2026, 2027) | Paderborn",tidak,belum,tinggi,"Fachinformatiker/in - Anwendungsentwicklung (2026, 2027)

Fachinformatiker/in - Anwendungsentwicklung in Paderborn (2026, 2027)
Mehr Informationen
Fachinformatiker/in - Systemintegration in Paderborn (2026, 2027)
Mehr Informationen
Kaufmann/frau – Büromanagement in Paderborn (2027)
Mehr Informationen
Kaufmann/frau - Digitalisierungsmanagement in Paderborn (2027)
Mehr Informationen
Angebote
Duales Studium
Duale Ausbildung

Schon gewusst?

So kannst du dich bewerben
Schreib uns einfach eine E-Mail mit Deinem Anschreiben, Lebenslauf und Zeugnissen an bewerbungen@raynet.de oder bewirb Dich direkt über das Online-Formular auf unserer Website.
bewerbungen@raynet.de
https://www.raynet.de
Technologiepark 22
33100 Paderborn
Simon Fröhlich
Chief Finance & Operating Officer | Ausbildungsleitung
(05251) 54009-0
bewerbungen@raynet.de
Social Media
Standort
+
–
⤢
info@ausbildung.nrw",,2026-06-12T09:58:18.134569+00:00
NRW-3239-6205,ausbildung_nrw_ae,TEAM GmbH,Paderborn,Hermann-Löns-Str. 88 33104 Paderborn,Ausbildung | Fachinformatiker/in - Anwendungsentwicklung,dual,,,,87,company,bewerbung@team-pb.de,https://www.team-pb.de/karriere/ausbildung-studium-praktikum/,email,"Kontakt
05254/8008-0
Kontakt
Datenschutz
Impressum
Ausbildung.NRW ist ein Kooperationsprojekt der Industrie- und Handelskammern in Nordrhein-Westfalen.
umgesetzt von der www.spieker.agency",,TEAM GmbH | Ausbildung | Fachinformatiker/in - Anwendungsentwicklung | Paderborn,tidak,belum,tinggi,"Fachinformatiker/in - Anwendungsentwicklung

Fachinformatiker/in - Anwendungsentwicklung in Paderborn
Mehr Informationen
Bachelor of Science Wirtschaftsinformatik in Paderborn
Mehr Informationen
Angebote
Duales Studium
Praktikum
Duale Ausbildung

Du stehst auf eine Welt rund um die Informatik, Kommunikation und Teamarbeit? Dann bist du als junges Talent bei uns genau richtig. Aber schau doch selbst… Die TEAM GmbH ist als Oracle Platinum Partner auf die Konzeption und Realisierung moderner IT-Lösungen auf Basis von Standardsoftware oder als Individualentwicklung spezialisiert. Wir entwickeln komplexe Lösungen für nationale und internationale Kunden. Wir haben den Anspruch, zukunftsorientierte Lösungen und Architekturen passgenau für die Unternehmen bereit zu stellen, so dass der Return on Invest in kürzester Zeit erfolgen kann. Die enge Partnerschaft zu Oracle schafft hervorragende Möglichkeiten, neueste Technologiekonzepte zeitnah in die Praxis zu überführen - dazu benötigen wir Nachwuchs! Erfahre mehr unter: www.team-pb.de/karriere/ausbildung/ (Bitte den Link einfach kopieren und im Browser einfügen) Gestalte die digitale Zukunft – bei TEAM! Das ist bei uns gelebte Praxis. Unsere Ausbildungen haben alle etwas gemeinsam: sie bieten anspruchsvolle Aufgaben, die du in einem engagierten Team am Standort in Paderborn übernimmst. Als langjähriger Ausbildungspartner sind wir ein erfahrener Wegbegleiter an deiner Seite – wir bieten jungen Menschen die Chance zu einer innovativen und spannenden Berufsausbildung. Im Rahmen von Kooperationen mit einer Vielzahl von Schulen bieten wir auch Schulpraktika an und lassen uns gerne über die Schulter schauen. Mit einer Ausbildung bei TEAM legst du den Grundstein für deine weiteren Karriereschritte. Bist du interessiert und fühlst dich angesprochen? Dann bist du unser Nachwuchs - wir sollten uns kennenlernen!
Mehr Informationen
Schon gewusst?
www.team-pb.de/karriere/ www.team-pb.de/karriere/ausbildung/ www.team-pb.de/karriere/duales-studium/

So kannst du dich bewerben
Bitte lass uns deine Bewerbungsunterlagen ausschließlich elektronisch zukommen. Nutze hier bitte: bewerbung@team-pb.de oder alternativ www.team-pb.de/karriere/ Deine Bewerbung sollte ein Anschreiben, einen Lebenslauf sowie die zwei aktuellsten Zeugnisse enthalten. Praktikumsbescheinigungen oder Zertifikate sind ebenfalls gerne gesehen. Wir freuen uns auf dich!
bewerbung@team-pb.de
https://www.team-pb.de
Hermann-Löns-Str. 88
33104 Paderborn
T
Tina Sommer
Personal
05254/8008-75
ts@team-pb.de
Social Media
Standort
+
–
⤢
info@ausbildung.nrw",,2026-06-12T09:59:17.355577+00:00
NRW-4574-8476,ausbildung_nrw_ae,WABSOLUTE GmbH,Paderborn,Technologiepark 14 33100 Paderborn,"Ausbildung | Fachinformatiker/in - Anwendungsentwicklung (2025, 2026)",dual,,,,87,company,anja.dueker@wabsolute.de,https://wabsolute.de/career/ausbildung-fachinformatik-anwendungsentwicklung-mensch,email,"Kontakt
05251 2027877
anja.dueker@wabsolute.de
https://www.wabsolute.de
Technologiepark 14
33100 Paderborn
Anja Düker
COO
05251 2027877
anja.dueker@wabsolute.de
Social Media
Standort
+
–
⤢
info@ausbildung.nrw
Kontakt
Datenschutz
Impressum
Ausbildung.NRW ist ein Kooperationsprojekt der Industrie- und Handelskammern in Nordrhein-Westfalen.
umgesetzt von der www.spieker.agency",,"WABSOLUTE GmbH | Ausbildung | Fachinformatiker/in - Anwendungsentwicklung (2025, 2026) | Paderborn",tidak,belum,tinggi,"Fachinformatiker/in - Anwendungsentwicklung (2025, 2026)

Fachinformatiker/in - Anwendungsentwicklung in Paderborn (2025, 2026)
Mehr Informationen
Kaufmann/frau - Digitalisierungsmanagement in Paderborn (2025, 2026)
Mehr Informationen
Angebote
Duales Studium
Duale Ausbildung

Schon gewusst?
Als ganzheitliches Ausbildungsmanagement sorgt APPRENTIO für eine hohe Ausbildungsqualität, bessere Prozesse und geringere Kosten. Perfekt für alle Auszubildende, Dual Studierende und Trainees. Natürlich nutzen wir unsere Lösung auch, um unsere eigenen Nachwuchskräfte bestmöglich zu qualifizieren!

So kannst du dich bewerben
Schreib uns einfach eine E-Mail mit deinem Anschreiben, Lebenslauf und Zeugnissen an jobs@wabsolute.de oder bewirb dich direkt über das Online-Formular auf unserer Website. Überzeugt uns deine Bewerbung, laden wir dich zu einem persönlichen Gespräch ein.",,2026-06-12T09:59:41.484051+00:00
NRW-3839-7218,ausbildung_nrw_ae,myconsult GmbH,Salzkotten,Geseker Str. 5 33154 Salzkotten,Ausbildung | Fachinformatiker/in - Anwendungsentwicklung (2025),dual,,,,87,company,personal@myconsult.de,https://myconsult.de/de/offene-stellen/ausbildung-zum-fachinformatikerin-fuer-anwendungsentwicklung-wmd,email,"Kontakt
05258-937770
personal@myconsult.de
https://myconsult.de/
Geseker Str. 5
33154 Salzkotten
Alexandra Quirll
Leiterin Personal & Organisation
05258-93777 11
personal@myconsult.de
Social Media
Standort
+
–
⤢
info@ausbildung.nrw
Kontakt
Datenschutz
Impressum
Ausbildung.NRW ist ein Kooperationsprojekt der Industrie- und Handelskammern in Nordrhein-Westfalen.
umgesetzt von der www.spieker.agency",,myconsult GmbH | Ausbildung | Fachinformatiker/in - Anwendungsentwicklung (2025) | Salzkotten,tidak,belum,tinggi,"Fachinformatiker/in - Anwendungsentwicklung (2025)

Fachinformatiker/in - Anwendungsentwicklung in Salzkotten (2025)
Mehr Informationen
Kaufmann/frau – Büromanagement in Salzkotten (2025)
Mehr Informationen
Stellenangebote
Angebote
Duales Studium
Berufsfelderkundungstag
Praktikum
Duale Ausbildung

myconsult ist ein aufstrebendes, deutschlandweit agierendes Beratungsunternehmen mit Sitz in Salzkotten bei Paderborn. Als kompetenter Partner für Prozessanalyse und -gestaltung, für die digitale Transformation und ganzheitliche Organisationsentwicklung, die Auswahl und Einführung von IT-Anwendungssystemen sowie Softwareentwicklung unterstützen wir unsere Kunden seit mehr als 20 Jahren bedürfnisgerecht mit professionellen Beratungsleistungen. Ausgezeichnet mit dem „Top Consultant“-Siegel greifen wir auf eine langjährige Beratungsexpertise und -erfahrung zurück. Wir bieten ein einzigartiges Team, herausfordernde Aufgaben und individuelle Entwicklungsmöglichkeiten.
Mehr Informationen
Schon gewusst?
Wir wissen, dass unsere Mitarbeiter:innen Herz und Motor unseres Unternehmens sind. Wir sind uns als „Familienfreundliches Unternehmen 2023 im Kreis Paderborn“ unserer Verantwortung bewusst und stehen für ein partnerschaftliches Miteinander nach innen wie außen. Als inhabergeführtes Beratungsunternehmen sind wir Motor der digitalen Transformation für unsere Kunden und bauen dabei auf kluge Köpfe. Wir bieten ein einzigartiges Team, herausfordernde Aufgaben und individuelle Entwicklungsmöglichkeiten. Dabei fangen wir früh an, denken voraus und unterstützen als Förderer den Studienfonds OWL im Rahmen des Deutschlandstipendiums und knüpfen so Kontakt zu den Spitzenkräften von morgen. Zudem bilden wir seit vielen Jahren erfolgreich Fachinformatiker:innen für Anwendungsentwicklung aus sowie ab dem Ausbildungsjahr 2023/2024 erstmals Kaufleute für Bürokommunikation. Wir freuen uns auf deine Bewerbung!
Mehr Informationen

So kannst du dich bewerben
Bitte sende uns deine vollständigen Bewerbungsunterlagen elektronisch in Form eines pdf-Dokuments an personal@myconsult.de. Deine Bewerbungsunterlagen setzen sich zusammen aus einem Anschreiben, deinem tabellarischen Lebenslauf und deinem letzten Zeugnis sowie evtl. vorhandenen Praktikumsnachweisen.",,2026-06-12T09:57:25.400881+00:00
10001-1002775633-S,fachinformatiker_ae,easyKaufmann Solutions GmbH,Schramberg,"Rottweiler Str. 56, 78713 Schramberg",Duales Studium | Fachinformatiker/in - Anwendungsentwicklung,dual,,,Jahr 1: 800 EUR/Monat | Jahr 2: 900 EUR/Monat | Jahr 3: 1000 EUR/Monat,87,ba_portal,,https://www.arbeitsagentur.de/jobsuche/jobdetail/10001-1002775633-S,ba_portal,,https://www.arbeitsagentur.de/jobsuche/jobdetail/10001-1002775633-S,easyKaufmann Solutions GmbH | Duales Studium | Fachinformatiker/in - Anwendungsentwicklung | Schramberg,ya,belum,rendah,"### Duales Studium **Wirtschaftsinformatik**

Die easyKaufmann Solutions GmbH ist ein deutschlandweit tätiges Systemhaus und begleitet seit über 30 Jahren mittelständische Unternehmen bei der Einführung ganzheitlicher IT-Lösungen.

Zur Verstärkung unseres Teams suchen wir Studierende für ein **duales Studium im Bereich Wirtschaftsinformatik**.

### Deine Aufgaben

- Mitarbeit an IT- und Digitalisierungsprojekten
- Unterstützung bei der Einführung und Betreuung von ERP-Systemen
- Analyse und Optimierung von Geschäftsprozessen
- Schnittstelle zwischen IT und Fachabteilungen
- Erstellung von Dokumentationen und Auswertungen

### Dein Profil

- (Fach-)Abitur
- Interesse an IT und betriebswirtschaftlichen Zusammenhängen
- Analytische Denkweise und strukturierte Arbeitsweise
- Teamfähigkeit und Eigeninitiative

### Wir bieten dir

- Praxisnahes duales Studium
- Persönliche Betreuung
- Gute Übernahmechancen
- Modernes Arbeitsumfeld

### Interesse?

Dann freuen wir uns auf deine Bewerbung!","### Dein Profil
- (Fach-)Abitur
- Interesse an IT und betriebswirtschaftlichen Zusammenhängen
- Analytische Denkweise und strukturierte Arbeitsweise
- Teamfähigkeit und Eigeninitiative
Fachhochschulreife",2026-06-11T09:14:50.999833+00:00
10000-1202974863-S,fachinformatiker_ae_2026,Gebauer GmbH,Solingen,"Obere Dammstr. 8-10, 42653 Solingen",Duales Studium | Fachinformatiker/in - Anwendungsentwicklung,dual,2026,,,87,ba_portal,ausbildung@timeline.de,https://www.arbeitsagentur.de/jobsuche/jobdetail/10000-1202974863-S,email,,https://www.arbeitsagentur.de/jobsuche/jobdetail/10000-1202974863-S,Gebauer GmbH | Duales Studium | Fachinformatiker/in - Anwendungsentwicklung | Solingen,tidak,belum,tinggi,"## **Über uns**

Starte deine IT-Karriere bei einem mehrfach ausgezeichneten Ausbildungsbetrieb!

Die **Gebauer GmbH** ist ein wachsendes, familiäres Technologieunternehmen aus Solingen und Headquarter der **TimeLine® Business Solutions Group**. Wir entwickeln und vertreiben die ERP-Software TimeLine®, die weltweit von mittelständischen Industrieunternehmen genutzt wird. Mit rund 250 Mitarbeitenden an verschiedenen Standorten (Deutschland, Schweiz, Spanien, Polen, Slowakei, Rumänien, Bulgarien, Indien und den Niederlanden) betreuen wir über 1.300 Kunden mit mehr als 25.000 Installationen – und wachsen weiter.

Deshalb suchen wir schon heute nach den Kolleg:innen der Zukunft und suchen zum **1. September 2026** an unserem Stammsitz in Solingen mehrere Auszubildende zum/zur

**Duales Studium Wirtschaftsinformatik B. Sc.**
*in Kombination mit einer Ausbildung zum / zur Fachinformatiker/in (m/w/d)*
*Fachrichtung Anwendungsentwicklung*

## **Deine Vorteile bei uns**

### **Ausbildung**

- Über 25 Jahre Erfahrung in der Ausbildung
- Von der IHK mehrfach für herausragende Ausbildung ausgezeichnet
- Hohe Übernahmequote - Wir bilden für den eigenen Bedarf aus
- Betreuung durch Ausbilder:innen und erfahrenen Mentoren
- Innovative neue IT-Themen bei denen Du mitwirken kannst
- Intensive Prüfungsvorbereitung sowie Trainings – intern und extern
- Praxiserfahrung durch Mitwirkung in Kundenprojekten

 **Team & Kultur**

- Freundliches, familiäres Umfeld – hier kennt man sich und unterstützt sich gegenseitig
- Kollegiales Umfeld und unkomplizierte Strukturen, in dem jede Stimme gehört wird und Zusammenarbeit auf Augenhöhe stattfindet
- Spaß und Ausgleich: LAN-Partys, Gaming-Nights, Kicker und Tischtennis
- Gemeinsame Erlebnisse: Azubi-Event, Sommerfest, Weihnachtsfeier

### **Vergütung & Extras**

- Top-Ausbildungsvergütung + Urlaubsgeld + Weihnachtsgeld
- 30 Tage Urlaub für Deine Work-Life-Balance
- Moderne, ergonomische Arbeitsplätze und kreative Lounge-Bereiche
- Corporate Benefits
- Gute Verkehrsanbindung
- Und vieles mehr!

###  **Was Du mitbringst**

- Interesse an IT, Softwareentwicklung und Wirtschaft
- (Fach-)Hochschulreife oder vergleichbare Qualifikation
- Motivation Neues zu lernen
- Teamfähigkeit und Freude am Austausch mit Menschen
- Erste Programmierkenntnisse sind von Vorteil

### **Deine Ausbildung**

Zum Start Deiner Ausbildung heißen wir Dich in einer Kennenlernphase willkommen, sodass Du bei uns einen guten Einstieg hast und Dich bei uns wohl fühlst. Im ersten Jahr lernst Du in unserem internen Schulungsprogramm alles von Grund auf und erweiterst deine Soft- und Hard-Skills. In echten Kundenprojekten unterstützt Du dann als Teammitglied im Kundengeschäft und sammelst viel Praxiserfahrung; immer gestützt durch Deine Ausbilder:innen und Mentor:innen.
**Ein besonderer Vorteil:** In jedem Ausbildungsjahrgang starten mehrere Azubis gleichzeitig, so hast du immer ein Team um Dich, mit dem Du gemeinsam lernen und wachsen kannst.

### **Karriere & Entwicklungsperspektiven**

Es muss nicht immer ein Studium sein, wichtig ist was wirklich zu **Dir** passt. Wenn Du nach der Ausbildung ein Studium machen willst, unterstützen wir Dich gerne.

- Möglichkeit zum berufsbegleitenden Studium oder zum Bachelor Professional
- Zertifizierungen, die Deine Skills stärken und Deine professionelle Entwicklung fördern
- Perspektive langfristig Verantwortung zu übernehmen, z. B. als Team-Lead

**Diversity & Inklusion**

Wir leben eine offene Unternehmenskultur

- Chancengleichheit unabhängig von Herkunft, Geschlecht oder Hintergrund
- Ein Arbeitsumfeld, in dem jede:r sich willkommen fühlt und die eigenen Stärken einbringen kann

## **So bewirbst Du Dich**

Klingt spannend? Dann bewirb dich jetzt – wir freuen uns auf Dich!
Sende deine Bewerbung einfach digital als **eine PDF-Datei** (Anschreiben, Lebenslauf, Zeugnisse) an: **ausbildung@timeline.de**

Erzähl uns, was Dich an Softwareentwicklung fasziniert und welche Kenntnisse Du mitbringst. Mehr Infos findest Du unter: 🌐 [www.timeline.group](http://www.timeline.group)

Werde Teil unseres Teams, gestalte die digitale Zukunft mit und lerne alles, was Du für eine erfolgreiche IT-Karriere brauchst – wir freuen uns auf Dich!","- (Fach-)Hochschulreife oder vergleichbare Qualifikation
- Motivation Neues zu lernen
- Teamfähigkeit und Freude am Austausch mit Menschen
- Erste Programmierkenntnisse sind von Vorteil",2026-06-11T08:15:31.335288+00:00
NRW-279-345,ausbildung_nrw_ae,Gebauer GmbH,Solingen,Obere Dammstraße 8-10 42653 Solingen,Ausbildung | Fachinformatiker/in - Anwendungsentwicklung (2026),dual,,,,87,company,ausbildung@timeline.de,https://www.timeline.group/karriere/ausbildungsprogramm/,email,"Kontakt
0212 / 230 350
ausbildung@timeline.de
https://www.timeline.de
Obere Dammstraße 8-10
42653 Solingen
Daniela Wortmann
Head of People and Culture
0212 / 230 350
ausbildung@timeline.de
Social Media
Standort
+
–
⤢
info@ausbildung.nrw
Kontakt
Datenschutz
Impressum
Ausbildung.NRW ist ein Kooperationsprojekt der Industrie- und Handelskammern in Nordrhein-Westfalen.
umgesetzt von der www.spieker.agency",,Gebauer GmbH | Ausbildung | Fachinformatiker/in - Anwendungsentwicklung (2026) | Solingen,tidak,belum,tinggi,"Fachinformatiker/in - Anwendungsentwicklung (2026)

Fachinformatiker/in - Anwendungsentwicklung in Solingen (2026)
Mehr Informationen
Duales Studium Wirtschaftsinformatik in Solingen (2026)
Mehr Informationen
Kaufmann/frau - IT-System-Management in Solingen (2026)
Mehr Informationen
Kaufmann/frau - Digitalisierungsmanagement in Solingen (2026)
Mehr Informationen
Stellenangebote
Angebote
Duales Studium
Duale Ausbildung (Vollzeit)
Duale Ausbildung

Schon gewusst?
- 2021, 2022 und 2024 wurden wir von der IHK für hervorragende Ausbildungsleistungen ausgezeichnet -
Das bieten wir Dir:
- ausgezeichnetes Arbeitsklima
- modernste Büroausstattung
- eigenverantwortliches Arbeiten
- interne Weiterbildungsmaßnahmen
- junges Ausbilderteam
- kostenlose Kaltgetränke u. Kaffee-Bar
- persönliches Mitwachsen in einem aufstrebenden Unternehmen
- spannende Firmen-Events
- Prüfungsvorbereitungskurse intern und extern
Mehr Informationen

So kannst du dich bewerben
Bitte sende Deine Bewerbung ausschließlich digital und alle Dateien zusammengefasst in einer einzigen PDF-Datei mit Anschreiben, Lebenslauf und Zeugnissen an ausbildung@timeline.de.
Nähere Informationen für Deine Bewerbung und zu unserem Ausbildungsprogramm findest Du hier.
Mehr Informationen",,2026-06-12T09:55:40.880215+00:00
NRW-4072-7604,ausbildung_nrw_ae,Wilhelm Modersohn GmbH & Co. KG (Teil von Leviat),Spenge,Industriestr. 23 32139 Spenge,Ausbildung | Fachinformatiker/in - Anwendungsentwicklung,dual,,,,87,company,info@modersohn.de,https://,email,"Kontakt
+4952258799-0
info@modersohn.de
https://www.modersohn.eu/karriere
Industriestr. 23
32139 Spenge
Gabriele Wächter
Metallverarbeitung
052258799130
g.waechter@modersohn.de
Social Media
Standort
+
–
⤢
info@ausbildung.nrw
Kontakt
Datenschutz
Impressum
Ausbildung.NRW ist ein Kooperationsprojekt der Industrie- und Handelskammern in Nordrhein-Westfalen.
umgesetzt von der www.spieker.agency",,Wilhelm Modersohn GmbH & Co. KG (Teil von Leviat) | Ausbildung | Fachinformatiker/in - Anwendungsentwicklung | Spenge,tidak,belum,tinggi,"Fachinformatiker/in - Anwendungsentwicklung

Fachinformatiker/in - Anwendungsentwicklung in Spenge
Mehr Informationen
Mediengestalter/in Digital und Print - Gestaltung und Technik in Spenge
Mehr Informationen
Angebote
Duales Studium
Berufsfelderkundungstag
Praktikum
Duale Ausbildung

Schon gewusst?
Wir haben unseren Mitarbeitern einiges zu bieten! Unsere Benefits: • 30 Tage Urlaub • Urlaubs-/Weihnachtsgeld • Altersvorsorge • Bonuszahlungen/Prämien • Familienfreundliches Unternehmen • Firmenfahrzeug (Auto, E-Bike) • Gesundheitsvorsorge • Mitarbeiter-Events • Weiterbildungsangebote • Kostenloses Obst und Getränke

So kannst du dich bewerben
Haben wir Dein Interesse geweckt? Dann sende uns Deine vollständigen Bewerbungsunterlagen per E-Mail an karriere@modersohn.de oder postalisch an nachstehende Adresse. Wilhelm Modersohn GmbH & Co. KG Personalabteilung Gabriele Wächter Industriestraße 23 32139 Spenge",,2026-06-12T09:59:51.914079+00:00
10001-1001905640-S,fachinformatiker_ae_2026,MPA Pharma GmbH,Trittau,"Otto-Hahn-Str. 11, 22946 Trittau",Duales Studium | Fachinformatiker/in - Anwendungsentwicklung,dual,2026,8,,87,ba_portal,Christoph.Wolschon@MPAPharma.de,https://www.arbeitsagentur.de/jobsuche/jobdetail/10001-1001905640-S,email,"Bei Rückfragen wenden Sie sich bitte an
Christoph Wolschon
Christoph.Wolschon@MPAPharma.de",https://www.arbeitsagentur.de/jobsuche/jobdetail/10001-1001905640-S,MPA Pharma GmbH | Duales Studium | Fachinformatiker/in - Anwendungsentwicklung | Trittau,tidak,belum,tinggi,"Werden Sie Teil des MPA Pharma Teams!

Als international tätiges, dynamisch wachsendes Unternehmen mit Kernkompetenzen in den Bereichen Import und Vertrieb von EU-Arzneimitteln, Handel mit qualitativ hochwertigen Arzneimitteln und Medizinprodukten sowie Lohnherstellung für Drittfirmen sind wir ständig auf der Suche nach Interessenten für das duale Studium, Auszubildenden und Praktikanten.

Innerhalb der MPA Pharma Gruppe bieten wir spannende Berufsperspektiven in der Pharmabranche: einen interessanten Arbeitsplatz in einem modernen Unternehmen mit flachen Hierarchien und schnellen Entscheidungswegen sowie die Zusammenarbeit in multinationalen Teams.

Duales Studium der Wirtschaftsinformatik (B.Sc.) ab 01.08.2026

Im Rahmen Ihres dreijährigen Studiums in Kombination mit einer Ausbildung zum Fachinformatiker mit Fachrichtung Systemintegration oder Anwendungsentwicklung lernen Sie unsere Unternehmensbereiche in einem spannenden Mix aus Theorie und Praxis auf inter-/ nationaler Ebene von A bis Z kennen. Dabei werden Sie von einem motivierten Team unterstützt. Ein mit der Dualen Hochschule SH abgestimmter Lehrplan bietet die Grundlage, um das während der Theoriephasen erlernte Wissen in folgenden Praxisphasen unmittelbar anwenden zu können. Mit spannenden Projektarbeiten, bei denen Sie sofort Verantwortung übernehmen und sich aktiv einbringen, fordern und fördern wir Sie, um Sie für Ihre künftige Laufbahn vorzubereiten. Als Schnittstellendisziplin zwischen Informatik, Wirtschaftswissenschaften und besonders der Betriebswirtschaftslehre verbindet die Wirtschaftsinformatik diese Felder alle miteinander.

Weitere Qualifikationen wie AEVO, div. Fremdsprachenzertifikate u.a. werden von uns unterstützt.

Ihr Profil
•	Abitur oder Fachhochschulreife mit gutem Abschluss; gerne mit be-reits abgeschlossener Berufsausbildung
•	Hohes Maß an Eigeninitiative und Eigenverantwortung
•	Analytisches Denkvermögen
•	Interesse an wirtschaftlichen Zusammenhängen
•	Interesse an Informationstechnik
•	Begeisterung für unternehmerisches Handeln

Sind Sie neugierig geworden?

Gut, gesichert, günstig – EU-Arzneimittel von MPA Pharma
Die MPA Pharma Gruppe ist ein international tätiges, dynamisch wachsendes Unternehmen mit Kernkompetenzen in den Bereichen Re- und Parallelimport von EU-Arzneimitteln, Handel mit qualitativ hochwertigen Arzneimitteln und Medizinprodukten sowie Lohnfertigung für Drittfirmen. Als ein Marktführer verfügen wir über 35 Jahre Erfahrung im pharmazeutischen Markt, erschließen stetig neue Handelskanäle und steigern so unseren europaweit anerkannten Erfolg.

Wir schaffen spannende Herausforderungen und internationale Berufsperspektiven für aufgeschlossene Menschen wie Sie, die ihre Ideen in unser erfolgreiches Team einbringen und die Entwicklung des Unternehmens mitgestalten wollen. Wir bieten einen interessanten Arbeitsplatz in einem modernen Unternehmen mit flachen Hierarchien und die Zusammenarbeit in multikulturellen Teams.

Bei Rückfragen wenden Sie sich bitte an
Christoph Wolschon
Christoph.Wolschon@MPAPharma.de","Weitere Qualifikationen wie AEVO, div. Fremdsprachenzertifikate u.a. werden von uns unterstützt.
Ihr Profil
•	Abitur oder Fachhochschulreife mit gutem Abschluss; gerne mit be-reits abgeschlossener Berufsausbildung
•	Hohes Maß an Eigeninitiative und Eigenverantwortung
•	Analytisches Denkvermögen
•	Interesse an wirtschaftlichen Zusammenhängen
•	Interesse an Informationstechnik
•	Begeisterung für unternehmerisches Handeln",2026-06-11T08:15:40.152734+00:00
NRW-2393-4908,ausbildung_nrw_ae,SIEGENIA GRUPPE,Wilnsdorf,Industriestraße 1-3 57234 Wilnsdorf,Ausbildung | Fachinformatiker/in - Anwendungsentwicklung (2026),dual,,,,87,company,nina.herter@siegenia.com,https://jobs.siegenia.com/job/Wilnsdorf-Niederdielfen-Ausbildung-2026-als-Fachinformatiker-Anwendungsentwicklung-%28mwd%29-57234/1184330401/,email,"Kontakt
027139311565
nina.herter@siegenia.com
https://www.siegenia.com
Industriestraße 1-3
57234 Wilnsdorf
N
Nina Herter
Leitung Personalentwicklung & Ausbildung
027139311565
nina.herter@siegenia.com
Social Media
Standort
+
–
⤢
Standorte
Duisburger Straße 8
57234 Wilnsdorf
Siemensstr. 10
42551 Velbert
Am Fohlengarten 6
54411 Hermeskeil
Am Weiher
54421 Reinsfeld
Im Gewerbepark
66687 Wadern
info@ausbildung.nrw
Kontakt
Datenschutz
Impressum
Ausbildung.NRW ist ein Kooperationsprojekt der Industrie- und Handelskammern in Nordrhein-Westfalen.
umgesetzt von der www.spieker.agency",,SIEGENIA GRUPPE | Ausbildung | Fachinformatiker/in - Anwendungsentwicklung (2026) | Wilnsdorf,tidak,belum,tinggi,"Fachinformatiker/in - Anwendungsentwicklung (2026)

Fachinformatiker/in - Anwendungsentwicklung in Wilnsdorf (2026)
Kaufmann/frau - E-Commerce in Wilnsdorf (2026)
Industriekaufmann/frau in Wilnsdorf (2026)
Mechatroniker/in in Wilnsdorf (2026)
Werkzeugmechaniker/in in Wilnsdorf (2026)
Fachinformatiker/in - Systemintegration in Wilnsdorf (2026)
Fachlagerist/in in Wilnsdorf (2026)
Maschinen- und Anlagenführer/in in Wilnsdorf (2026)
Angebote
Duales Studium
Duale Ausbildung (Vollzeit)
Einstiegsqualifizierung (EQ)

Schon gewusst?
Schon gewusst?
Bei uns gestaltest du mit – auch deine Arbeitszeit!
Während deiner Ausbildung hast du einmal im Jahr die Möglichkeit, deine wöchentliche Arbeitszeit flexibel anzupassen. Du kannst dabei zwischen 35, 37,5 oder 40 Stunden wählen – je nachdem, was gerade am besten zu deinem Leben passt.
Ob du mehr Zeit für Hobbys brauchst, dich auf Prüfungen konzentrieren willst oder einfach lieber etwas mehr verdienst: Du entscheidest, was zu dir passt.
Mehr Informationen

So kannst du dich bewerben
Bewirb dich bitte ausschließlich über unser Karriereportal mit deinen ausführlichen Bewerbungsunterlagen bestehend aus Anschreiben (optional), Lebenslauf und relevanten Anlagen (Zeugnisse, Zertifikate).",,2026-06-12T09:58:45.698930+00:00
NRW-1654-9800,ausbildung_nrw_ae,onOffice GmbH,Aachen,Charlottenburger Allee 5 52068 Aachen,Ausbildung | Fachinformatiker/in - Anwendungsentwicklung (2026),dual,,,,80,company,d.joeris@onoffice.com,https://onoffice.com/jobs-und-bewerbung/ausbildung-fachinformatiker-in-anwendungsentwicklung-m-w-d/,email,"Kontakt
024144686174
d.joeris@onoffice.com
https://onoffice.com/karriere/
Charlottenburger Allee 5
52068 Aachen
Dirk Jöris
Senior Marketing Manager HR
024144686174
d.joeris@onoffice.com
Anika Hüdepohl
Human Resource Managerin
024144686138
Kontakt
Datenschutz
Impressum
Ausbildung.NRW ist ein Kooperationsprojekt der Industrie- und Handelskammern in Nordrhein-Westfalen.
umgesetzt von der www.spieker.agency",,onOffice GmbH | Ausbildung | Fachinformatiker/in - Anwendungsentwicklung (2026) | Aachen,tidak,belum,tinggi,"Fachinformatiker/in - Anwendungsentwicklung (2026)

Fachinformatiker/in - Anwendungsentwicklung in Aachen (2026)
Mehr Informationen
Duales Studium – Mathematisch-technische Softwareentwicklung – MATSE (Ausbildung + B.Sc.) in Aachen (2026)
Mehr Informationen
Stellenangebote
Angebote
Duales Studium
Duale Ausbildung (Vollzeit)

Schon gewusst?
Ausbildungsqualität: Echte Projekte von Anfang an
Echte Kundenprojekte, ein strukturierter Ausbildungsplan und persönliche Ausbilder begleiten dich jeden Tag. CBS-Studierende lernen durch Rotation mehrere Fachbereiche kennen.

So kannst du dich bewerben
Finde deine Ausbildung oder dein duales Studium! In jedem Angebot ist die passende Online-Bewerbung direkt enthalten: https://onoffice.com/karriere/ausbildung/
bewerbung@onoffice.com
Social Media
Standort
+
–
⤢
info@ausbildung.nrw",,2026-06-12T09:58:03.926501+00:00
NRW-195-246,ausbildung_nrw_ae,regio iT gesellschaft für informationstechnologie mbh,Aachen,Lombardenstraße 24 52070 Aachen,Ausbildung | Fachinformatiker/in - Anwendungsentwicklung (2026),dual,,,,80,company,ausbildung@regioit.de,https://,email,"Kontakt
0241 41359 0
ausbildung@regioit.de
https://www.regioit.de
Lombardenstraße 24
52070 Aachen
Stephan von Helden
Ausbildungsleiter
0241 41359 0
ausbildung@regioit.de
Kevin Schroeder
Ausbilder
0241 41359 0
ausbildung@regioit.de
Social Media
Standort
+
–
⤢
Standorte
Mühlenstraße 51
53721 Siegburg
Walter-Scheel-Platz 3
42651 Solingen
Langer Weg 7a
33332 Gütersloh
info@ausbildung.nrw
Kontakt
Datenschutz
Impressum
Ausbildung.NRW ist ein Kooperationsprojekt der Industrie- und Handelskammern in Nordrhein-Westfalen.
umgesetzt von der www.spieker.agency",,regio iT gesellschaft für informationstechnologie mbh | Ausbildung | Fachinformatiker/in - Anwendungsentwicklung (2026) | Aachen,tidak,belum,tinggi,"Fachinformatiker/in - Anwendungsentwicklung (2026)

Fachinformatiker/in - Anwendungsentwicklung in Aachen (2026)
Mehr Informationen
Kaufmann/frau - Digitalisierungsmanagement in Aachen / Siegburg (2026)
Mehr Informationen
Duales Studium Wirtschaftsinformatik in Aachen / Siegburg (2026)
Mehr Informationen
Duales Studium Betriebswirtschaftslehre in Aachen / Siegburg (2026)
Mehr Informationen
Mathematisch-technische/r Software- Entwickler/in in Aachen (2026)
Mehr Informationen
Industriekaufmann/frau in Aachen (2026)
Mehr Informationen
Angebote
Duales Studium
Berufsfelderkundungstag
Duale Ausbildung (Vollzeit)
Duale Ausbildung (Teilzeit)
Praktikum
Einstiegsqualifizierung (EQ)

Schon gewusst?
Das kannst Du von uns erwarten:
- flexible Arbeitszeit (ohne Kernarbeitszeit)
- Massagen, Sportangebote, Obst & Getränke
- Corporate Benefits & betriebliche Altersvorsorge
- faire Vergütung nach dem Tarifvertrag TVAöD

So kannst du dich bewerben
Unser Bewerbungsprozess läuft voll digital ab.
In 7 kleinen Schritten bist Du ganz schnell an Deinem Ziel: dem Start ins Berufsleben.
Bewirb Dich dazu gerne direkt über unser Karriereportal für eine Ausbildung, ein duales Studium oder auch für ein Praktikum/eine Berufsfelderkundung.
Mehr Informationen",,2026-06-12T09:58:20.001283+00:00
10000-1206273089-S,fachinformatiker_ae,EST Schraub/Steuerungst.GmbH & Co.KG,"Aalen, Württemberg","Kreidestr. 5, 73432 Aalen, Württemberg",Ausbildung | Fachinformatiker/in - Anwendungsentwicklung,dual,,,,80,ba_portal,,https://www.arbeitsagentur.de/jobsuche/jobdetail/10000-1206273089-S,ba_portal,,https://www.arbeitsagentur.de/jobsuche/jobdetail/10000-1206273089-S,"EST Schraub/Steuerungst.GmbH & Co.KG | Ausbildung | Fachinformatiker/in - Anwendungsentwicklung | Aalen, Württemberg",ya,belum,rendah,"Die Schule neigt sich dem Ende zu und Du möchtest gerne Deine Ausbildung oder Dein Duales Studium bei einem Unternehmen mit internationalem Tätigkeitsfeld starten?
Mit uns baust Du beispielweise die Anlagen, die dabei helfen, dass die Autos von morgen auf der Straße fahren. Ohne uns, wäre z.B. der Zusammenbau eines Motors ziemlich lang und schwierig.
Klingt spannend für Dich? Mit einer Ausbildung oder Studium kannst Du ein Teil von uns sein – ein Teil von **WIR.**

Wir bieten einen Ausbildungsplatz Fachinformatiker-Anwendungsentwicklung an unserem Standort in Aalen-Ebnat.

Das bringst Du mit: 

- einen Realschulabschluss
- gute Englischkenntnisse
- PC-Kenntnisse 

Wir freuen uns auf Deine Bewerbung!","Das bringst Du mit:
- einen Realschulabschluss
- gute Englischkenntnisse
- PC-Kenntnisse
Mittlere Reife / Realschulabschluss",2026-06-11T09:13:58.645935+00:00
NRW-1676-3274,ausbildung_nrw_ae,Herholz Vertrieb GmbH & Co. KG,Ahaus,Eichenallee 82-88 48683 Ahaus,Ausbildung | Fachinformatiker/in - Anwendungsentwicklung,dual,,,,80,company,personal@herholz.de,https://www.tueren-karriere.de/ausbildung/detail/fachinformatiker-in-anwendungsentwicklung-m-w-d-1/,email,"Kontakt
0256168902
personal@herholz.de
https://www.tueren-karriere.de/ausbildung
Eichenallee 82-88
48683 Ahaus
C
Christian Nickenig
Personalreferent
0256168902
personal@herholz.de
D
Daniel Trott
Bereichsleitung Personal
0256168902
personal@herholz.de
Social Media
Standort
+
–
⤢
info@ausbildung.nrw
Kontakt
Datenschutz
Impressum
Ausbildung.NRW ist ein Kooperationsprojekt der Industrie- und Handelskammern in Nordrhein-Westfalen.
umgesetzt von der www.spieker.agency",,Herholz Vertrieb GmbH & Co. KG | Ausbildung | Fachinformatiker/in - Anwendungsentwicklung | Ahaus,tidak,belum,tinggi,"Fachinformatiker/in - Anwendungsentwicklung

Fachinformatiker/in - Anwendungsentwicklung in Ahaus
Mehr Informationen
Fachinformatiker/in - Systemintegration in Ahaus
Mehr Informationen
Angebote
Duales Studium
Berufsfelderkundungstag
Duale Ausbildung (Vollzeit)
Sonstiges
Praktikum

Schon gewusst?
Die Herholz-Akademie ist eine zentrale Organisation zur Bündelung der Aus- und Weiterbildung von Auszubildenden und bietet eine moderne und inspirierende Lernumgebung. Hier werden langjähriges Wissen und wertvolle Erfahrungen im Ausbildungsbereich gebündelt, um den angehenden Fachkräften die bestmögliche Ausbildung bieten zu können.",,2026-06-12T09:56:09.187663+00:00
NRW-3088-5863,ausbildung_nrw_ae,Tobit Laboratories AG,Ahaus,Parallelstr. 41 48683 Ahaus,Ausbildung | Fachinformatiker/in - Anwendungsentwicklung (2026),dual,,,,80,company,talent.scout@tobit.software,https://tobit.com/trainee,email,"Kontakt
025619130
talent.scout@tobit.software
http://www.tobit.com
Parallelstr. 41
48683 Ahaus
C
Carolin Heßling
Talent Scout
025619130
talent.scout@tobit.software
Social Media
Standort
+
–
⤢
info@ausbildung.nrw
Kontakt
Datenschutz
Impressum
Ausbildung.NRW ist ein Kooperationsprojekt der Industrie- und Handelskammern in Nordrhein-Westfalen.
umgesetzt von der www.spieker.agency",,Tobit Laboratories AG | Ausbildung | Fachinformatiker/in - Anwendungsentwicklung (2026) | Ahaus,tidak,belum,tinggi,"Fachinformatiker/in - Anwendungsentwicklung (2026)

Fachinformatiker/in - Anwendungsentwicklung in Ahaus (2026)
Mehr Informationen
Duales Studium - Informatik (Ausbildung + B.Sc.) in Ahaus (2026)
Mehr Informationen
Mediengestalter/in Digital und Print in Ahaus (2026)
Mehr Informationen
Fachinformatiker/in - Systemintegration in Ahaus (2026)
Mehr Informationen
Duales Studium - Marketing & Digitale Medien in Ahaus (2026)
Mehr Informationen
Kaufmann/frau – Marketingkommunikation in Ahaus (2026)
Mehr Informationen
Mediengestalter/in Digital und Print - Designkonzeption in Ahaus (2026)
Mehr Informationen
Kaufmann/frau - Digitalisierungsmanagement in Ahaus (2026)
Mehr Informationen
Elektroniker/in – Betriebstechnik in Ahaus (2026)
Mehr Informationen
Angebote
Duales Studium
Duale Ausbildung (Vollzeit)
Praktikum

Schon gewusst?
Vergiss, was Du über Ausbildung zu wissen glaubst.
- Vergiss graue Büros. Willkommen in der Tobit.Town.
- Vergiss langweilige Azubi-Jobs. Bei uns machst Du Zeug, das wirklich zählt.
- Vergiss das förmliche ""Sie"". Wir sind alle per Du.

So kannst du dich bewerben
Du hast Interesse an diesem Ausbildungsplatz?
Dann bewirb Dich ganz einfach online über unser Bewerbungsportal!
👉 Hier geht’s zum Bewerbungsportal",,2026-06-12T09:59:25.379099+00:00
10001-1003087492-S,fachinformatiker_ae_2026,Mettler-Toledo GmbH,"Albstadt, Württemberg","Unter dem Malesfelsen 34, 72458 Albstadt, Württemberg",Duales Studium | Fachinformatiker/in - Anwendungsentwicklung,dual,2026,,,80,ba_portal,Katharina.Weber@mt.com,https://www.arbeitsagentur.de/jobsuche/jobdetail/10001-1003087492-S,email,,https://www.arbeitsagentur.de/jobsuche/jobdetail/10001-1003087492-S,"Mettler-Toledo GmbH | Duales Studium | Fachinformatiker/in - Anwendungsentwicklung | Albstadt, Württemberg",tidak,belum,tinggi,"### Deine Aufgaben

Unsere innovativen Waagen sind einfach Weltklasse! In unserem Innovations- und Kompetenzzentrum Albstadt legen wir den Fokus in der Waagen-Entwicklung auf Hardware und Software sowie auf Produktion und Logistik. Die Berücksichtigung von Computervernetzung und Industrie 4.0 machen unsere Wägetechnik einzigartig.

Dein Kombistudium ist auf eine Dauer von 4,5 Jahren ausgelegt, in denen Du eine **Ausbildung zum Fachinformatiker (m/w/d) in der Fachrichtung Anwendungsentwicklung** abschließt und einen **Abschluss als Bachelor of Engineering in Technischer Informatik an der Hochschule Albstadt-Sigmaringen** erlangst.

Während Deines Kombistudiums erlernst Du nicht nur einen Ausbildungsberuf, sondern verzahnst dieses praktische Wissen und Können zeitnah mit einem Studium. Mehr Praxis geht nicht!

In unserer Ausbildungswerkstatt werden Dir zunächst alle notwendigen Fertigkeiten und Kenntnisse anhand von Projekten und Schulungen praxisnah vermittelt. Danach durchläufst Du verschiedene Fachabteilungen wie die IT-Abteilung, die Qualitätssicherung, das Software-Test-Team und diverse Softwareentwicklungsabteilungen in unserem Haus. Dabei arbeitest Du an realen und auch internationalen Projekten hautnah mit und erlebst, wie aus Marktforschung oder Kundenwünschen über Projekte diverse Softwarelösungen entstehen, die unseren Kunden helfen, erfolgreicher zu werden. Das Praxissemester sowie die Bachelorarbeit absolvierst Du in unserem Unternehmen.

Dein Profil

- Du hast die Fachhochschulreife oder das Abitur erfolgreich erlangt oder wirst Deinen Abschluss in diesem Schuljahr erhalten
- Du begeisterst Dich für technische Zusammenhänge, IT und Programmiersprachen
- Du hast Freude am Lernen und an der Entdeckung neuer Themengebiete und Aufgabenstellungen
- Analytisches und logisches Denken fällt Dir leicht
- Du bist zuverlässig und bringst eine hohe Eigeninitiative und Selbstverantwortung mit

### Unser Angebot

- Eine spannende Ausbildung in einem innovativen und internationalen Unternehmen
- Eine attraktive Ausbildungsvergütung im Rahmen des Tarifvertrags der Metall- und Elektroindustrie inklusive Urlaubs- und Weihnachtsgeld
- Verschiedene Erfolgsprämien wie eine Zeugnisprämie
- Eine dynamische Teamkultur mit regelmäßigen Events wie Teambuildings und Fahrsicherheitstrainings
- Eine 35-Stunden-Woche mit einem Berufsschulanteil von 1,5 Tagen pro Woche
- Flexible Arbeitszeiten mit Gleitzeitkonto sowie 30 Tage Urlaub pro Jahr
- Kostenlose Lademöglichkeiten für Dein privates Elektro- oder Hybrid-Fahrzeug sowie E-Bike
- Fahrgeldpauschale

Weitere Vorteile wie eine Kantine, kostenloses Wasser und Kaffee, Betriebssport und Parkplätze direkt auf dem Firmengelände sowie verschiedene Angebote zur Gesundheitsvorsorge sind für uns selbstverständlich – wir erwähnen es aber trotzdem.

### **BEWIRB DICH JETZT – Wir freuen uns auf Dich!**

Bitte nutze zum Übermitteln Deiner vollständigen Bewerbungsunterlagen unser Online Portal. 

Für Fragen steht Dir Katharina Weber unter Katharina.Weber@mt.com gerne zur Verfügung.

### Über Mettler Toledo

METTLER TOLEDO ist ein weltweit führender Anbieter von Präzisionsinstrumenten und Dienstleistungen. In Labor-, Prozessanalytik-, Industrie-, Produktinspektions- und Einzelhandelsanwendungen sind wir bekannt für Innovation und Qualität. Unser Vertriebs-und Servicenetzwerk zählt zu den umfangreichsten der Branche. Unsere Produkte werden in mehr als 140 Ländern verkauft, und wir sind unmittelbar in ca. 40 Ländern präsent. Weitere Informationen finden Sie unter www.mt.com.

### Chancengleichheit

Wir setzen uns für Chancengleichheit ein und legen Wert auf Vielfalt in unserem Unternehmen. Wir ermöglichen die Beschäftigung unabhängig von Rasse, Hautfarbe, Religion, Geschlecht, Alter, nationaler Herkunft, Behinderung, sexueller Orientierung, Geschlechtsidentität, genetischen Informationen oder einer anderen geschützten Klassifizierung. Wenn Sie weitere Informationen zu Ihren gesetzlichen Rechten als Bewerber (m/w/d) wünschen, klicken Sie bitte [**hier(opens in new window)**](https://www.mt.com/us/en/home/microsites/sustainability/reporting.html).","Dein Profil
- Du hast die Fachhochschulreife oder das Abitur erfolgreich erlangt oder wirst Deinen Abschluss in diesem Schuljahr erhalten
- Du begeisterst Dich für technische Zusammenhänge, IT und Programmiersprachen
- Du hast Freude am Lernen und an der Entdeckung neuer Themengebiete und Aufgabenstellungen
- Analytisches und logisches Denken fällt Dir leicht
- Du bist zuverlässig und bringst eine hohe Eigeninitiative und Selbstverantwortung mit",2026-06-11T08:15:42.175996+00:00
NRW-2816-5350,ausbildung_nrw_dpa,BEUMER Maschinenfabrik GmbH & Co. KG,Beckum,Oelder Straße 40 59269 Beckum,Ausbildung | Fachinformatiker/in - Daten- und Prozessanalyse (2026),dual,,,,80,company,bewerbungen.bm@beumer.com,https://smrtr.io/rGzzt,email,"Kontakt
02521240
Kontakt
Datenschutz
Impressum
Ausbildung.NRW ist ein Kooperationsprojekt der Industrie- und Handelskammern in Nordrhein-Westfalen.
umgesetzt von der www.spieker.agency",,BEUMER Maschinenfabrik GmbH & Co. KG | Ausbildung | Fachinformatiker/in - Daten- und Prozessanalyse (2026) | Beckum,tidak,belum,tinggi,"Fachinformatiker/in - Daten- und Prozessanalyse (2026)

Fachinformatiker/in - Daten- und Prozessanalyse in Beckum (2026)
Mehr Informationen
Fachinformatiker/in - Systemintegration in Beckum (2026)
Mehr Informationen
Fachkraft für Metalltechnik - Montagetechnik in Beckum (2026)
Mehr Informationen
Elektroniker/in – Betriebstechnik in Beckum (2026)
Mehr Informationen
Angebote
Duales Studium
Berufsfelderkundungstag
Duale Ausbildung (Vollzeit)
Praktikum

So kannst du dich bewerben
Sende uns mit deiner Bewerbung über unsere Karriereseite bitte folgende Unterlagen zu:
bewerbungen.bm@beumer.com
https://www.beumergroup.com/de/
Oelder Straße 40
59269 Beckum
M
Marie Schoepke
Junior People & Culture Manager
02521240
bewerbungen.bm@beumer.com
Social Media
Standort
+
–
⤢
info@ausbildung.nrw",,2026-06-12T10:00:15.415658+00:00
NRW-3771-7116,ausbildung_nrw_ae,BDE Engineering GmbH,Beverungen,Industriestraße 10 37688 Beverungen,Ausbildung | Fachinformatiker/in - Anwendungsentwicklung,dual,,,,80,company,info@bde-engineering.de,https://null/,email,"Kontakt
05273367700
info@bde-engineering.de
https://www.bde-engineering.de
Industriestraße 10
37688 Beverungen
A
Alina Gette
Vertriebsassistenz
05273367700
a.gette@bde-engineering.de
Social Media
Standort
+
–
⤢
info@ausbildung.nrw
Kontakt
Datenschutz
Impressum
Ausbildung.NRW ist ein Kooperationsprojekt der Industrie- und Handelskammern in Nordrhein-Westfalen.
umgesetzt von der www.spieker.agency",,BDE Engineering GmbH | Ausbildung | Fachinformatiker/in - Anwendungsentwicklung | Beverungen,tidak,belum,tinggi,"Fachinformatiker/in - Anwendungsentwicklung

Fachinformatiker/in - Anwendungsentwicklung in Beverungen
Fachinformatiker/in - Daten- und Prozessanalyse in Beverungen
Fachinformatiker/in - Systemintegration in Beverungen
Kaufmann/frau - IT-System-Management in Beverungen
Angebote
Duales Studium
Praktikum
Einstiegsqualifizierung (EQ)
Duale Ausbildung

Die BDE Engineering entwickelt Software-Lösungen im Rahmen der Digitalisierung und Industrie 4.0. Das Manufacturing Execution System PROefficient ermöglicht Unternehmen, sich über die gesamte Wertschöpfungskette hinweg, zukunftsorientiert aufzustellen. Daten der Maschinen werden an die MES Suite PROefficient geliefert, in Echtzeit verarbeitet, visualisiert, ausgewertet und somit für jedes System der smart factory bedarfsgerecht zur Verfügung gestellt. Als ein bedeutender Bestandteil der digitalen Transformation, können zudem die umfangreichen Daten in verschiedenen Kennzahlen dargestellt werden. Seit über 25 Jahren entwickeln wir Lösungen zur Produktionsdatenerfassung (MES-System PROefficient) und Produktionsvisualisierung (PROvis). Weltweite Systeminstallationen in allen Branchen der Fertigungsindustrie unterstreichen unser zukunftsorientiertes Handeln. Wir bieten umfassendes Know-How und Produkte im Bereich MES, Maschinendatenerfassung, Betriebsdatenerfassung, Kennzahlen (KPI / OEE), Dashboard Management, Qualitätsmanagement, ANDON-Board Monitoring, Mobile Devices, Etikettendruck, Energiedaten, Grafische Auftragsplanung und Vorbeugende Instandhaltung. Als zuverlässiger MES-Anbieter, zeigen wir Verbesserungspotentiale im Live-Betrieb auf und gestalten Herstellungsprozesse effizient und nachhaltig.
Mehr Informationen
Schon gewusst?
Wir bieten: - Professionelle, zielorientierte, sowie hilfsbereite und freundliche Kollegen - Teamwork: Lockere Arbeistatmosphäre, viel Freiraum für Ideen - Ein breites Spektrum an hochinteressanten Kundenanforderungen, die alle produktiven Branchen umfasst - Kostenfreies Mineralwasser, Obst und Sportmöglichkeiten

So kannst du dich bewerben
Haben wir Dein Interesse geweckt? Dann freuen wir uns auf Deine Bewerbung unter: bewerbung@bde-engineering.de Bitte beachte bei Deiner Bewerbung unseren Bewerbungsleitfaden. Wir freuen uns auf Dich! https://www.bde-engineering.de/de/jobs_oberpunkt/jobs/bewerbungsleitfaden/",,2026-06-12T09:53:40.706610+00:00
NRW-3771-7117,ausbildung_nrw_dpa,BDE Engineering GmbH,Beverungen,Industriestraße 10 37688 Beverungen,Ausbildung | Fachinformatiker/in - Daten- und Prozessanalyse,dual,,,,80,company,info@bde-engineering.de,https://null/,email,"Kontakt
05273367700
info@bde-engineering.de
https://www.bde-engineering.de
Industriestraße 10
37688 Beverungen
A
Alina Gette
Vertriebsassistenz
05273367700
a.gette@bde-engineering.de
Social Media
Standort
+
–
⤢
info@ausbildung.nrw
Kontakt
Datenschutz
Impressum
Ausbildung.NRW ist ein Kooperationsprojekt der Industrie- und Handelskammern in Nordrhein-Westfalen.
umgesetzt von der www.spieker.agency",,BDE Engineering GmbH | Ausbildung | Fachinformatiker/in - Daten- und Prozessanalyse | Beverungen,tidak,belum,tinggi,"Fachinformatiker/in - Daten- und Prozessanalyse

Fachinformatiker/in - Daten- und Prozessanalyse in Beverungen
Fachinformatiker/in - Systemintegration in Beverungen
Kaufmann/frau - IT-System-Management in Beverungen
Angebote
Duales Studium
Praktikum
Einstiegsqualifizierung (EQ)
Duale Ausbildung

Die BDE Engineering entwickelt Software-Lösungen im Rahmen der Digitalisierung und Industrie 4.0. Das Manufacturing Execution System PROefficient ermöglicht Unternehmen, sich über die gesamte Wertschöpfungskette hinweg, zukunftsorientiert aufzustellen. Daten der Maschinen werden an die MES Suite PROefficient geliefert, in Echtzeit verarbeitet, visualisiert, ausgewertet und somit für jedes System der smart factory bedarfsgerecht zur Verfügung gestellt. Als ein bedeutender Bestandteil der digitalen Transformation, können zudem die umfangreichen Daten in verschiedenen Kennzahlen dargestellt werden. Seit über 25 Jahren entwickeln wir Lösungen zur Produktionsdatenerfassung (MES-System PROefficient) und Produktionsvisualisierung (PROvis). Weltweite Systeminstallationen in allen Branchen der Fertigungsindustrie unterstreichen unser zukunftsorientiertes Handeln. Wir bieten umfassendes Know-How und Produkte im Bereich MES, Maschinendatenerfassung, Betriebsdatenerfassung, Kennzahlen (KPI / OEE), Dashboard Management, Qualitätsmanagement, ANDON-Board Monitoring, Mobile Devices, Etikettendruck, Energiedaten, Grafische Auftragsplanung und Vorbeugende Instandhaltung. Als zuverlässiger MES-Anbieter, zeigen wir Verbesserungspotentiale im Live-Betrieb auf und gestalten Herstellungsprozesse effizient und nachhaltig.
Mehr Informationen
Schon gewusst?
Wir bieten: - Professionelle, zielorientierte, sowie hilfsbereite und freundliche Kollegen - Teamwork: Lockere Arbeistatmosphäre, viel Freiraum für Ideen - Ein breites Spektrum an hochinteressanten Kundenanforderungen, die alle produktiven Branchen umfasst - Kostenfreies Mineralwasser, Obst und Sportmöglichkeiten

So kannst du dich bewerben
Haben wir Dein Interesse geweckt? Dann freuen wir uns auf Deine Bewerbung unter: bewerbung@bde-engineering.de Bitte beachte bei Deiner Bewerbung unseren Bewerbungsleitfaden. Wir freuen uns auf Dich! https://www.bde-engineering.de/de/jobs_oberpunkt/jobs/bewerbungsleitfaden/",,2026-06-12T10:00:11.382576+00:00
NRW-3755-7080,ausbildung_nrw_ae,bluecue consulting GmbH & Co. KG,Bielefeld,August-Schroeder-Str. 4 33602 Bielefeld,Ausbildung | Fachinformatiker/in - Anwendungsentwicklung,dual,,,,80,company,info@bluecue.de,https://null/,email,"Kontakt
0521/9227 9800
info@bluecue.de
https://www.bluecue.de/karriere
August-Schroeder-Str. 4
33602 Bielefeld
Nico Lüdemann
Geschäftsführender Gesellschafter
0521/9227 9800
nico.luedemann@bluecue.de
Social Media
Standort
+
–
⤢
info@ausbildung.nrw
Kontakt
Datenschutz
Impressum
Ausbildung.NRW ist ein Kooperationsprojekt der Industrie- und Handelskammern in Nordrhein-Westfalen.
umgesetzt von der www.spieker.agency",,bluecue consulting GmbH & Co. KG | Ausbildung | Fachinformatiker/in - Anwendungsentwicklung | Bielefeld,tidak,belum,tinggi,"Fachinformatiker/in - Anwendungsentwicklung

Fachinformatiker/in - Anwendungsentwicklung in Bielefeld
Kaufmann/frau - Digitalisierungsmanagement in Bielefeld
Fachinformatiker/in - Systemintegration in Bielefeld
Angebote
Duales Studium
Berufsfelderkundungstag
Praktikum
Duale Ausbildung

So kannst du dich bewerben
Bewirb' Dich gerne über unser Bewerbungsportal unter: www.bluecue.de/karriere Deine Bewerbung sollte ein Anschreiben, Deinen Lebenslauf und Deine letzten beiden Zeugnisse enthalten. Wir freuen uns auf Dich!",,2026-06-12T09:53:49.316336+00:00
NRW-4410-8140,ausbildung_nrw_ae,NTT DATA Business Solutions AG,Bielefeld,Königsbreede 1 33605 Bielefeld,Ausbildung | Fachinformatiker/in - Anwendungsentwicklung (2026),dual,,,,80,company,Verena.Weissflog@nttdata.com,https://careers.nttdata-solutions.com/job/Dresden-Auszubildender-f%C3%BCr-Fachinformatik-Anwendungsentwicklung-f%C3%BCr-2025-SN-01237/1089802401/,email,"Kontakt
0723114546370
Verena.Weissflog@nttdata.com
https://nttdata-solutions.com/de/karriere/
Königsbreede 1
33605 Bielefeld
Verena
Weissflog
+49 521 91 448-0
careers-solutions-de@bs.nttdata.com
Social Media
Standort
+
–
⤢
info@ausbildung.nrw
Kontakt
Datenschutz
Impressum
Ausbildung.NRW ist ein Kooperationsprojekt der Industrie- und Handelskammern in Nordrhein-Westfalen.
umgesetzt von der www.spieker.agency",,NTT DATA Business Solutions AG | Ausbildung | Fachinformatiker/in - Anwendungsentwicklung (2026) | Bielefeld,tidak,belum,tinggi,"Fachinformatiker/in - Anwendungsentwicklung (2026)

Fachinformatiker/in - Anwendungsentwicklung in Bielefeld (2026)
Mehr Informationen
Fachinformatiker/in - Systemintegration in Bielefeld (2026)
Mehr Informationen
Kaufmann/frau – Büromanagement in Bielefeld (2026)
Mehr Informationen
Duales Studium Wirtschaftsinformatik in Bielefeld (2026)
Mehr Informationen

Schon gewusst?
Wir haben insgesamt stets rund 45 Auszubildende durch alle Jahrgänge und Berufsbilder. So herrscht ein reger Austausch untereinander. Zusätzlich gibt es ca. 15 Dualstudierende.

So kannst du dich bewerben
Wir freuen uns über Deine Onlinebewerbung über unser Stellenportal: Karriere bei NTT DATA Business Solutions (nttdata-solutions.com)",,2026-06-12T09:57:55.340060+00:00
NRW-4520-11657,ausbildung_nrw_dpa,STOCKMEIER Gruppe,Bielefeld ,Am Stadtholz 37 33609 Bielefeld,Ausbildung | Fachinformatiker/in - Daten- und Prozessanalyse (2026),dual,,,,80,company,sarah.buschke@stockmeier.com,https://jobs.stockmeier.com/de/einstieg-bei-stockmeier/ausbildung-und-studium-in-der-stockmeier-gruppe/,email,"Kontakt
0521 3037 5715
sarah.buschke@stockmeier.com
https://www.stockmeier.com
Am Stadtholz 37
33609 Bielefeld
S
Sarah Buschke
HR Ausbildungsreferentin
0521 3037 5715
sarah.buschke@stockmeier.com
Standort
+
–
⤢
info@ausbildung.nrw
Kontakt
Datenschutz
Impressum
Ausbildung.NRW ist ein Kooperationsprojekt der Industrie- und Handelskammern in Nordrhein-Westfalen.
umgesetzt von der www.spieker.agency",,STOCKMEIER Gruppe | Ausbildung | Fachinformatiker/in - Daten- und Prozessanalyse (2026) | Bielefeld,tidak,belum,tinggi,"Fachinformatiker/in - Daten- und Prozessanalyse (2026)

Fachinformatiker/in - Daten- und Prozessanalyse in Bielefeld (2026)
Mehr Informationen
Angebote
Duales Studium
Berufsfelderkundungstag
Duale Ausbildung (Vollzeit)
Praktikum
Einstiegsqualifizierung (EQ)

Schon gewusst?
Bei uns zählen deine fachliche Entwicklung und du als Mensch. Unsere Ausbildung bereitet dich mit einem durchdachten Konzept optimal auf deinen Berufsweg vor.

So kannst du dich bewerben",,2026-06-12T10:01:16.101224+00:00
NRW-2659-4927,ausbildung_nrw_ae,Hetkamp GmbH,Borken,Alter Kasernenring 8 46325 Borken,Ausbildung | Fachinformatiker/in - Anwendungsentwicklung (2026),dual,,,,80,company,kontakte@hetkamp-edv.de,https://www.hetkamp-gmbh.de/unternehmen/karriere/,email,"Als IT-Unternehmen stehen wir natürlich voll hinter der Digitalisierung, aber der persönliche Kontakt zu unseren Kunden und auch untereinander ist uns sehr wichtig. Offene Bürotüren, gemeinsame Betriebsausflüge und Grillen im Sommer sind nur einige Beispiele unserer Unternehmenskultur.
Wir sind eine große Familie, respektieren, unterstützen und fordern einander. Auch der Spaß kommt bei uns nicht zu kurz.
Mehr Informationen
Kontakt
0286192210
kontakte@hetkamp-edv.de
https://www.hetkamp-gmbh.de
Alter Kasernenring 8
46325 Borken
Pia Gericks
Assistentin der Geschäftsleitung
0286192210
pia.gericks@hetkamp-gmbh.de
Social Media
Standort
+
–
⤢
info@ausbildung.nrw
Kontakt
Datenschutz
Impressum
Ausbildung.NRW ist ein Kooperationsprojekt der Industrie- und Handelskammern in Nordrhein-Westfalen.
umgesetzt von der www.spieker.agency",,Hetkamp GmbH | Ausbildung | Fachinformatiker/in - Anwendungsentwicklung (2026) | Borken,tidak,belum,tinggi,"Fachinformatiker/in - Anwendungsentwicklung (2026)

Fachinformatiker/in - Anwendungsentwicklung in Borken (2026)
Mehr Informationen
Angebote
Duales Studium
Duale Ausbildung (Vollzeit)

Dann bist du bei uns genau richtig! Wir bieten dir ein angenehmes Arbeitsklima in einer dynamischen IT-Welt.
Unsere Mitarbeiter sind der Kern des Unternehmens und unseres Erfolges. Die meisten unserer Mitarbeiter sind schon lange Teil der Hetkamp GmbH und wir tun viel dafür, dass das so bleibt. Bei uns herrscht eine offene und familiäre Kultur mit flachen Hierarchien.

So kannst du dich bewerben
Du hast Interesse an diesem Ausbildungsplatz?
Dann bewirb Dich ganz einfach online über unser Bewerbungsportal!
👉 Hier geht’s zum Bewerbungsportal",,2026-06-12T09:56:11.026642+00:00
NRW-3962-7479,ausbildung_nrw_ae,UNITY AG,Büren,Lindberghring 1 33142 Büren,Ausbildung | Fachinformatiker/in - Anwendungsentwicklung (2026),dual,,,,80,company,karriere@unity.de,https://jobs.unity-innovation-alliance.com/Fachinformatiker-Anwendungsentwicklung-Ausbildung-zum-0108-de-j800.html,email,"Kontakt
+49 221 789587-728
karriere@unity.de
https://www.unity.de/de/
Lindberghring 1
33142 Büren
M
Markus Stephan
Talent Acquisition & Employer Branding Manager
+49 221789587-728
karriere@unity.de
Social Media
Standort
+
–
⤢
info@ausbildung.nrw
Kontakt
Datenschutz
Impressum
Ausbildung.NRW ist ein Kooperationsprojekt der Industrie- und Handelskammern in Nordrhein-Westfalen.
umgesetzt von der www.spieker.agency",,UNITY AG | Ausbildung | Fachinformatiker/in - Anwendungsentwicklung (2026) | Büren,tidak,belum,tinggi,"Fachinformatiker/in - Anwendungsentwicklung (2026)

Fachinformatiker/in - Anwendungsentwicklung in Büren (2026)
Mehr Informationen
Angebote
Duales Studium
Praktikum
Duale Ausbildung

So kannst du dich bewerben
Deine vollständigen Bewerbungsunterlagen (Anschreiben, Lebenslauf, Praktikumszeugnisse sowie die letzten zwei Schulzeugnisse) kannst du ganz einfach online über unser Jobportal (https://jobs.unity-innovation-alliance.com/) einreichen.",,2026-06-12T09:59:34.251207+00:00
10000-1204306195-S,fachinformatiker_ae_2026,Schaeffler Digital Solutions GmbH,"Chemnitz, Sachsen","Chemnitz, Sachsen",Ausbildung | Fachinformatiker/in - Anwendungsentwicklung,dual,2026,,,80,ba_portal,,https://www.arbeitsagentur.de/jobsuche/jobdetail/10000-1204306195-S,ba_portal,,https://www.arbeitsagentur.de/jobsuche/jobdetail/10000-1204306195-S,"Schaeffler Digital Solutions GmbH | Ausbildung | Fachinformatiker/in - Anwendungsentwicklung | Chemnitz, Sachsen",ya,belum,rendah,"Ausbildung im Bereich Fachinformatik Anwendungsentwicklung (m/w/d) 2026 

Du bist technikbegeistert und voller Ideen, mit denen Du die Welt bewegen willst?  Dann ist eine Ausbildung oder ein duales Studium bei Schaeffler genau das Richtige für Dich.  Als führender Anbieter von Wälzlagern für sämtliche Industrien und wichtiger Partner im internationalen Automobilbau bietet Dir Schaeffler ein hervorragendes Umfeld für Deinen Start in die Berufswelt. 
Die Schaeffler Digital Solutions GmbH entwickelt und integriert webbasierte Software für vielfältige Industrieanwendungen.  Der Hauptschwerpunkt liegt auf der Erfassung und Auswertung von Daten aus verschiedensten Maschinensteuerungen und Sensoren.  Durch Schwingungsüberwachung, Visualisierung von Maschinendaten und Funktionalitäten zum Energiemonitoring können unsere Kunden die Produktivität ihrer Anlagen steigern. 

Im Überblick
• Ausbildungsbeginn: 1. August 2026
• Ausbildungsdauer: 3 Jahre
• Vorpraktikum möglich (max. 3 Monate)

Ausbildungsschwerpunkte
• Planen, Vorbereiten und Durchführen von Arbeitsaufgaben innerhalb eines agilen Entwicklungsteams
• Unterstützung in der Konzeption und Umsetzung von kundenspezifischen Softwareanwendungen
• Mitwirkung in der Sicherstellung der Qualität von Softwareanwendungen
• Programmieren von Softwarelösungen
• Selbstständige Fehleranalyse und -behebung sowie Erstellung von Fehlerberichten

Dein Profil
• Abschluss der Mittleren Reife, Fachhochschulreife oder der Allgemeinen Hochschulreife
• Erste Kenntnisse im Programmieren von Vorteil
• Selbstorganisation und Lernbereitschaft
• Begeisterung für die Mitarbeit in einem agilen Entwicklungsteam
• Sehr gute Deutsch- und Englischkenntnisse

Unser Angebot
• Offene, innovationsgetriebene Unternehmenskultur
• Arbeiten in dynamischen und inspirierenden Teams
• Spannende Einführungstage sowie Teamevents
• Betreuung durch persönliche Ansprechpersonen während der gesamten Ausbildung
• Gute Berufsperspektiven und umfassendes Weiterentwicklungsangebot
• Flexible Arbeitszeiten
• Attraktive Gesundheits- und Sportangebote, z. B. durch die Schaeffler Health Coach App
• Weitere Benefits wie Mitarbeitendenrabatte und das Deutschlandticket
Du willst Teil eines internationalen Hightech-Unternehmens werden?  Dann bewirb Dich mit Deinem Lebenslauf, Deinen letzten zwei Zeugnissen einer allgemeinbildenden Schule und gerne einem Anschreiben.  Wir freuen uns, Dich kennenzulernen. 
Wichtiger Hinweis
Falls Du zum Zeitpunkt der Bewerbung jünger als 16 Jahre bist, lade bitte die Einwilligungserklärung (bit.ly/schaefflerdatenverarbeitung) herunter.  Das ausgefüllte und unterschriebene Dokument lädst Du dann bitte als Anlage bei Deiner Bewerbung hoch.  8 Abs. 1 Datenschutzgrundverordnung). 
AddThis
Google Analytics ist ein Webanalysedienst, der von Google angeboten wird und der den Verkehr auf der Website nachverfolgt und meldet.","Dein Profil
• Abschluss der Mittleren Reife, Fachhochschulreife oder der Allgemeinen Hochschulreife
• Erste Kenntnisse im Programmieren von Vorteil
• Selbstorganisation und Lernbereitschaft
• Begeisterung für die Mitarbeit in einem agilen Entwicklungsteam
• Sehr gute Deutsch- und Englischkenntnisse",2026-06-11T08:14:05.133708+00:00
12462-1581764-1-S,fachinformatiker_ae,BMW AG,Dingolfing,84130 Dingolfing,Duales Studium | Fachinformatiker/in - Anwendungsentwicklung,dual,2027,9,,80,company,,https://www.arbeitsagentur.de/jobsuche/jobdetail/12462-1581764-1-S,ba_portal,Du hast noch Fragen? Hilfreiche Tipps zu deiner Bewerbung und dem Bewerbungsprozess findest duhier  .,https://www.arbeitsagentur.de/jobsuche/jobdetail/12462-1581764-1-S,BMW AG | Duales Studium | Fachinformatiker/in - Anwendungsentwicklung | Dingolfing,ya,belum,rendah,"Stellenreferenz: 185944


Mit unseren Marken BMW, MINI, Rolls-Royce und BMW Motorrad sind wir einer der weltweit führenden Premium-Hersteller von Automobilen sowie Motorrädern und darüber hinaus Anbieter von Premium-Finanz- und Mobilitätsdienstleistungen.


Du möchtest an Zukunftsthemen arbeiten, IT-Profi werden und magst Herausforderungen? Dann ist dieses Studium genau das Richtige für dich. Denn hier bist du am Puls der Zeit und mittendrin. Mit deinem dualen Studium trägst du dazu bei, die BMW Group fit für die Zukunft zu machen und begleitest uns auf dem Weg zur Tech-Company. Egal ob autonomes Fahren, vernetzte Fahrzeuge, Data Analytics, App Entwicklung, Cyber Security oder agile Softwareentwicklung – ohne dich läuft es nicht!


Was lernst du bei uns?

-
- Grundlagenkenntnisse über die BMW IT-Welt und Mitwirkung bei ihrer       Weiterentwicklung.


-
- Selbstständige Planung und Umsetzung agiler IT-Projekte.


-
- Umsetzen von Anforderungen unserer Kund:innen in IT-Lösungen.


-
- Anwendung von Softwareentwicklungswerkzeugen für anwendungsgerechte und     ergonomische Bedienoberflächen.


-
- Beheben von Fehlern durch den Einsatz von Experten- und Diagnosesystemen.


-
- Programmiersprachen (bspw. Java oder C++).


-
- Einsetzen deiner persönlichen Stärken in verschiedensten Abteilungen.


-
-Theoretische Kenntnisse in spannenden Vorlesungen des Studiums wie bspw. Software   Engineering, IT-Systeme, Algorithmen oder Datenstrukturen und deren Verbindung zur     angewandten Mathematik.


Was erwartet dich nach dem dualen Studium?

-
- Innovative IT-Projekte.


-
- Mitarbeit in und Steuerung von agilen Teams.


-
- Entwicklung interner IT-Tools und -Services.


-
- Spannende Einsatzbereiche wie Forschung und Entwicklung im Themenfeld autonomes - Fahren, Optimierung von Prozessen in der Produktion, Entwicklung intelligenter Services für Fahrzeugsysteme unserer Kund:innen etc.


-
- Persönliche Weiterentwicklung und Verantwortungsübernahme in Projekt- und   Führungspositionen möglich.


Was bringst du mit?

-
- Motivation, Eigeninitiative und Verantwortungsbewusstsein.


-
- Freude an der Zusammenarbeit mit anderen Menschen im multikulturellen/internationalen Umfeld.


-
- Interesse an IT und Programmierung.


-
- Analytisches Denkvermögen.


-
- Spaß am Lösen von Problemen.


-
- Verständnis für betriebswirtschaftliche Zusammenhänge und Prozesse.


-
- Offenheit gegenüber Neuem.


-
- Serviceorientierung und Kommunikationsstärke.


-
- Freude an Informatik und Mathe.


-
- Gute Deutschkenntnisse.


-
- (Fach-) Hochschulreife oder Abitur.


Ausbildungs- und Studiendauer.

4,5 Jahre


Mehr Infos zum Programmablauf sowie zu den Studieninhalten erhältst duhier  .


Startdatum: ab 01.09.2027


Hilfreiche Tipps zu deiner Bewerbung und dem Bewerbungsprozess findest duhier  .


Wir bei der BMW Group legen großen Wert auf Gleichbehandlung und Chancengleichheit. Unsere Recruiting-Entscheidungen basieren auf der Persönlichkeit, den Erfahrungen und Fähigkeiten der Bewerber:innen.

Mehr dazuhier  .


Du hast noch Fragen? Hilfreiche Tipps zu deiner Bewerbung und dem Bewerbungsprozess findest duhier  .


Worauf kannst du dich freuen?

- Attraktive, faire Vergütung inkl. Weihnachts- und Urlaubsgeld.
- Sicherheit durch Übernahmegarantie.*
- Berufsunfähigkeitsversicherung.
- Flexible Arbeitszeiten und Freizeitausgleich.
- Persönliche Förderung.
- Viele Entwicklungsmöglichkeiten.
- Abwechslungsreiche und spannende Aufgaben.
- Attraktive Azubi-Fahrzeugmiete.
- Individuelle Fahrtkostenzuschussregelungen und/oder kostenloses Deutschlandticket.
- Bezuschusste Azubi-Wohnheime (nur am Standort München).
- Vergünstigungen und Mitarbeiterrabatte.
- Betriebsrestaurants und Cafés.
- Fitness- und Freizeitangebote.
- Und vieles mehr siehe  bmw.jobs/waswirbieten   ","- Umsetzen von Anforderungen unserer Kund:innen in IT-Lösungen.
-
- Anwendung von Softwareentwicklungswerkzeugen für anwendungsgerechte und     ergonomische Bedienoberflächen.
Fachgebundene Hochschulreife",2026-06-11T09:14:47.355046+00:00
11070-1449962-1-S,fachinformatiker_ae,KHS GmbH,Dortmund,44143 Dortmund,Duales Studium | Fachinformatiker/in - Anwendungsentwicklung,dual,2026,8,,80,company,,https://www.jobstairs.de/de/stellenangebot-b-sc-wirtschaftsinformatik-fachinformatiker-fuer-anwendungsentwicklung-mwd-duales-studium-2026-khs-gmbh-44143-dortmund--1989754.html,portal,Ansprechpartner:,https://www.arbeitsagentur.de/jobsuche/jobdetail/11070-1449962-1-S,KHS GmbH | Duales Studium | Fachinformatiker/in - Anwendungsentwicklung | Dortmund,tidak,belum,sedang,"B. Sc. Wirtschaftsinformatik + Fachinformatiker für Anwendungsentwicklung (m/w/d) - Duales Studium - 2026

<>Ausbildung
B. Sc. Wirtschaftsinformatik + Fachinformatiker für Anwendungsentwicklung (m/w/d) - Duales Studium - 2026

KHS ist ein Tochterunternehmen der Salzgitter AG. Als einer der weltweit führenden Hersteller von Abfüll- und Ver­packungsanlagen in den Bereichen Getränke und flüssige Lebensmittel spielen wir in der Weltklasse. Seit über 150 Jahren schaffen wir regelmäßig wegweisende Technologien. Doch weltklasse bleiben wir nur, wenn wir für unser großes KHS-Team immer wieder Leute finden, die so ticken wie wir. Wenn du also Leidenschaft, Anspruch und Teamgeist mitbringst, dann freuen wir uns auf deine Bewerbung!

Dich interessieren sowohl wirtschaftliche Fragestellungen, als auch die neusten Trends in der Informationstechnologie? Darüber hinaus bist du strukturiert, kreativ und IT-affin? Dann passt das duale Studium Wirtschaftsinformatik mit der Ausbildung zum Fachinformatiker für Anwendungsentwicklung (m/w/d) perfekt zu dir. Bewirb dich jetzt bei uns und eigne dir das Beste aus zwei Welten an: wirtschaftswissenschaftliche Kenntnisse sowie technologisches Know-how rund um IT-Architekturen und moderne Betriebssysteme. Du lernst alles darüber Digitalstrategien zu entwickeln und Systeme zu implementieren.

Ausbildungsdauer:

3 Jahre Ausbildung zum Fachinformatiker (m/w/d) für Anwendungsentwicklung

Studienzeit:   7 Semester ausbildungs-/berufsbegleitend an der FOM Dortmund

Praxisanteil:

Im Zuge Ihrer Ausbildung erlangen Sie weitgreifende Kenntnisse über Softwareentwicklung, welche unmittelbar beim Einsatz im Unternehmen Anwendung finden. Mögliche Einsatzabteilungen während der Ausbildung sind:

- IT SAP Services
- IT Application Services
- IT Infrastructure & Services
- Prozessmanagement
- Zentralbereich Einkauf & Logistik
- Zentralbereich Vertrieb & Service


Studium:

Parallel zur Ausbildung im Betrieb und dem Besuch der Berufsschule wird ein Studium zum Bachelor of Science Wirtschaftsinformatik absolviert. Mögliche Studieninhalte sind:

- Algorithmen und Datenstrukturen
- Prozesssysteme
- Datenbanken
- Informations- und Sicherheitsmanagement
- Investition und Finanzierung
- Wirtschaftsrecht
- Business Intelligence
- Software-Engineering


Einsatzort: Dortmund / Nordrhein-Westfalen

Ausbildungsbeginn: 01.08.2026

Bewerbungsschluss: 31.07.2026

Ihre Aufgaben:

- Customizing der KHS-spezifischen SAP-Systemlandschaft
- Fehleranalyse und Korrektur in diversen Programmen
- Mitarbeit bei der ständigen Weiterentwicklung der ERP-Systeme
- Beratung der Fachbereiche bei Prozess- und IT-Fragen
- Analyse und Optimierung von Geschäftsprozessen
- Umsetzung von prozessualen Anforderungen in SAP-Systemen


Ihre Voraussetzungen:

- Fachhochschulreife o. Allgemeine Hochschulreife
- Sehr gute Kenntnisse in Mathematik und Informatik, sowie gute Englischkenntnisse
- Erste Programmiererfahrungen von Vorteil
- Interesse an informationstechnischen und betriebswirtschaftlichen Zusammenhängen
- Analytisch-strukturiertes Denkvermögen
- Engagement, eine schnelle Auffassungsgabe und Offenheit für neue Herausforderungen
- Flexibilität, Eigeninitiative und Teamfähigkeit
- Überzeugendes Auftreten


Willst auch du Teil eines weltklasse Teams werden? Dann bewirb dich jetzt! Wir freuen uns darauf, dich kennenzulernen.

Bewerbungsunterlagen für den Ausbildungsbeginn in 2026 reichst du bitte möglichst bis zum 31.07.2026 ein!

Jetzt bewerben!  

Ansprechpartner:

Personalmanagement Mitte

Hannah Reinz

KHS GmbH

Telefon: +49 231 569 1957","- Umsetzung von prozessualen Anforderungen in SAP-Systemen
Ihre Voraussetzungen:
Fachgebundene Hochschulreife",2026-06-11T09:13:39.703859+00:00
NRW-423-610,ausbildung_nrw_ae,SMF GmbH,Dortmund,Paul-Henri-Spaak-Str. 5 44263 Dortmund,Ausbildung | Fachinformatiker/in - Anwendungsentwicklung (2026),dual,,,,80,company,karriere@smf.de,https://www.smf.de/ausbildung-fachinformatikerin-fuer-anwendungsentwicklung-sap/,email,"Kontakt
+49 231 96440
karriere@smf.de
https://www.smf.de/
Paul-Henri-Spaak-Str. 5
44263 Dortmund
D
Denise Kopp
Personalreferentin & Ausbildungsleiterin
+49 231 96440
karriere@smf.de
M
Marc Handel
Personalreferent
+49 231 96440
karriere@smf.de
Social Media
Standort
+
–
⤢
info@ausbildung.nrw
Kontakt
Datenschutz
Impressum
Ausbildung.NRW ist ein Kooperationsprojekt der Industrie- und Handelskammern in Nordrhein-Westfalen.
umgesetzt von der www.spieker.agency",,SMF GmbH | Ausbildung | Fachinformatiker/in - Anwendungsentwicklung (2026) | Dortmund,tidak,belum,tinggi,"Fachinformatiker/in - Anwendungsentwicklung (2026)

Fachinformatiker/in - Anwendungsentwicklung in Dortmund (2026)
Mehr Informationen
Kaufmann/frau - Digitalisierungsmanagement in Dortmund (2026)
Mehr Informationen
Angebote
Duales Studium
Berufsfelderkundungstag
Duale Ausbildung (Vollzeit)

Schon gewusst?
Wir suchen motivierte Auszubildende, die jeden Tag gerne zur Arbeit kommen und gemeinsam mit uns die besten Lösungen für unsere Kunden entwickeln. Bei uns kannst du dir ein Bild machen, in welchem Berufsbereich du glücklich werden kannst.

So kannst du dich bewerben
Wir sind ein familiäres Unternehmen, das Ideen vorantreibt. Bringe deine Ideen mit ein. Entdecke auf unserem Stellenportal unsere aktuellen Stellenangebote. Wir freuen uns auf deine Bewerbung!
https://www.smf.de/karriere-bei-smf/
Bewirb dich bei uns und lerne unsere Welt der modernen IT kennen! Die IT-Branche ist so vielfältig, wie die Menschen, die in ihr arbeiten. Was uns vereint: Das, was wir machen, machen wir mit Leidenschaft!
Darum gibt es bei uns IT-Nerds, Beratungsgurus, Erbsenzählerinnen, Binärbäcker, Accountaholics, Pixelschubser, Sourcecode Whisperer, Datendenkerinnen, Werbefuzzies, Progger, Hutaufhaber, Papiertiger und viele mehr.
Mehr Informationen",,2026-06-12T09:58:57.049244+00:00
NRW-423-611,ausbildung_nrw_dpa,SMF GmbH,Dortmund,Paul-Henri-Spaak-Str. 5 44263 Dortmund,Ausbildung | Fachinformatiker/in - Daten- und Prozessanalyse (2026),dual,,,,80,company,karriere@smf.de,https://www.smf.de/ausbildung-fachinformatikerin-fachinformatiker-fuer-daten-und-prozessanalyse-w-m-d/,email,"Kontakt
+49 231 96440
karriere@smf.de
https://www.smf.de/
Paul-Henri-Spaak-Str. 5
44263 Dortmund
D
Denise Kopp
Personalreferentin & Ausbildungsleiterin
+49 231 96440
karriere@smf.de
M
Marc Handel
Personalreferent
+49 231 96440
karriere@smf.de
Social Media
Standort
+
–
⤢
info@ausbildung.nrw
Kontakt
Datenschutz
Impressum
Ausbildung.NRW ist ein Kooperationsprojekt der Industrie- und Handelskammern in Nordrhein-Westfalen.
umgesetzt von der www.spieker.agency",,SMF GmbH | Ausbildung | Fachinformatiker/in - Daten- und Prozessanalyse (2026) | Dortmund,tidak,belum,tinggi,"Fachinformatiker/in - Daten- und Prozessanalyse (2026)

Fachinformatiker/in - Daten- und Prozessanalyse in Dortmund (2026)
Mehr Informationen
Fachinformatiker/in - Anwendungsentwicklung in Dortmund (2026)
Mehr Informationen
Kaufmann/frau - Digitalisierungsmanagement in Dortmund (2026)
Mehr Informationen
Angebote
Duales Studium
Berufsfelderkundungstag
Duale Ausbildung (Vollzeit)

Schon gewusst?
Wir suchen motivierte Auszubildende, die jeden Tag gerne zur Arbeit kommen und gemeinsam mit uns die besten Lösungen für unsere Kunden entwickeln. Bei uns kannst du dir ein Bild machen, in welchem Berufsbereich du glücklich werden kannst.

So kannst du dich bewerben
Wir sind ein familiäres Unternehmen, das Ideen vorantreibt. Bringe deine Ideen mit ein. Entdecke auf unserem Stellenportal unsere aktuellen Stellenangebote. Wir freuen uns auf deine Bewerbung!
https://www.smf.de/karriere-bei-smf/
Bewirb dich bei uns und lerne unsere Welt der modernen IT kennen! Die IT-Branche ist so vielfältig, wie die Menschen, die in ihr arbeiten. Was uns vereint: Das, was wir machen, machen wir mit Leidenschaft!
Darum gibt es bei uns IT-Nerds, Beratungsgurus, Erbsenzählerinnen, Binärbäcker, Accountaholics, Pixelschubser, Sourcecode Whisperer, Datendenkerinnen, Werbefuzzies, Progger, Hutaufhaber, Papiertiger und viele mehr.
Mehr Informationen",,2026-06-12T10:01:07.420173+00:00
NRW-6090-13416,ausbildung_nrw_dpa,TIMOCOM GmbH,Erkrath,Timocom Platz 1 40699 Erkrath,Ausbildung | Fachinformatiker/in - Daten- und Prozessanalyse (2026),dual,,,,80,company,abodner@timocom.com,https://karriere.timocom.de/jobs/744000126951684-ausbildung-fachinformatiker-in-daten-und-prozessanalyse-2026-m-w-d-,email,"Kontakt
04921188264072
abodner@timocom.com
https://www.timocom.de/
Timocom Platz 1
40699 Erkrath
Alexandra Bodner
Talent Acquisition Manager
04921188264072
abodner@timocom.com
Social Media
Standort
+
–
⤢
info@ausbildung.nrw
Kontakt
Datenschutz
Impressum
Ausbildung.NRW ist ein Kooperationsprojekt der Industrie- und Handelskammern in Nordrhein-Westfalen.
umgesetzt von der www.spieker.agency",,TIMOCOM GmbH | Ausbildung | Fachinformatiker/in - Daten- und Prozessanalyse (2026) | Erkrath,tidak,belum,tinggi,"Fachinformatiker/in - Daten- und Prozessanalyse (2026)

Fachinformatiker/in - Daten- und Prozessanalyse in Erkrath (2026)
Mehr Informationen
Angebote
Duales Studium
Duale Ausbildung (Vollzeit)
Duale Ausbildung

So kannst du dich bewerben
Bewerbung: Du bewirbst dich am besten online über unser Bewerbungstool. Den Link dazu findest du auf jeder Stellenanzeige. Neben deinen Kontaktdaten brauchen wir nur deinen Lebenslauf – ein klassisches Anschreiben ist nicht nötig.
Interview: Wir wollen einen persönlichen Eindruck von dir gewinnen: Nach einem Telefoninterview tauschst du dich mit dem Fachbereich und dem Recruiting in entspannter Atmosphäre über Erwartungen, Vorstellungen und Rahmenbedingungen aus. Natürlich kannst du auch alle deine Fragen stellen.
Kennenlerntag: Stimmt die Chemie? Dann lernst du deine direkten Kolleg*innen im Arbeitsumfeld kennen. Vielleicht wartet zum Aufwärmen auch eine kleine Arbeitsaufgabe auf dich. Die Dauer des Kennenlerntages hängt von der Position ab, auf die du dich beworben hast. In jedem Fall wird der Tagesablauf individuell geplant.
Entscheidung: Du hast – genauso wie wir – etwas Zeit, um deinen Kennenlerntag Revue passieren zu lassen. Schon nach wenigen Tagen melden wir uns und geben dir einen Ausblick auf dein Onboarding als neuer TIMO.
Während des gesamten Bewerbungsprozesses ist uns eine ehrliche und transparente Kommunikation wichtig: Wir halten dich über den aktuellen Stand deiner Bewerbung kontinuierlich auf dem Laufenden. Schließlich sollst du dich von Anfang an wohlfühlen.
Mehr Informationen",,2026-06-12T10:01:17.788790+00:00
12511-2026X0000050878-S,fachinformatiker_ae,ifm group services gmbh,Friedrichshafen,88045 Friedrichshafen,Ausbildung | Fachinformatiker/in - Anwendungsentwicklung,dual,,,,80,partner_portal,maren.marte@ifm.com,https://deinjob.de/jobmanager-arbeitsagentur/231230646?utm_source=arbeitsagentur&utm_medium=arbeitsagentur,email,,https://www.arbeitsagentur.de/jobsuche/jobdetail/12511-2026X0000050878-S,ifm group services gmbh | Ausbildung | Fachinformatiker/in - Anwendungsentwicklung | Friedrichshafen,tidak,belum,tinggi,"Nur das, was man liebt, macht man wirklich mit 100% Leidenschaft und Herzblut.
Als potenzieller Arbeitgeber fordern wir dazu auf, das zu tun, was man liebt. Und wir bieten dafür das Spielfeld. In einem internationalen, innovativen Unternehmen, in dem jede:r persönliche Stärken und Leidenschaften ausleben kann. Mit einer Arbeit, die sinnvoll ist, mit vielfältigen Aufgabenbereichen, Respekt, Offenheit, Vielfalt, Mut und Wertschätzung sowie viel Freiraum, sich weiterzuentwickeln. Denn bei ifm zu arbeiten heißt: Do what you love.

Duales Studium Informatik - Angewandte Informatik (m/w/d) (2027)

Die Aufgabe::

- Softwareentwicklung: Du programmierst moderne Softwaresysteme und entwickelst Anwendungen unter Anwendung von objektorientiertem Software-Engineering.
- Betriebssysteme entwickeln: Du lernst, moderne Betriebssysteme zu entwickeln und dafür zu sorgen, dass sie effizient und zuverlässig laufen.
- Kommunikations- und Netztechnik: Du beschäftigst dich mit der Entwicklung von Kommunikationslösungen und der Netzwerktechnik.
- Praxisnah durchstarten: Setze dein Wissen aus der DHBW direkt in der Praxis um und sammle wertvolle Erfahrungen im Unternehmen.
- Verantwortung übernehmen: Sei mittendrin statt nur dabei – Werde aktiv in Geschäftsprozesse eingebunden und bringe deine Ideen in spannende Projekte ein.
- Selbstständig Lösungen entwickeln: Arbeite eigenständig an praxisnahen Aufgaben und entwickle in deinen Projektarbeiten sowie der Bachelorarbeit konkrete Lösungen für betriebliche Herausforderungen.

- Möchtest du mehr erfahren? Weitere Infos zum Studienablauf findest du an der DHBW. 
Das Profil::

- Schulabschluss: Du hast deine allgemeine Hochschulreife oder Fachhochschulreife inklusive Bescheinigung über die bestandene Deltaprüfung erfolgreich abgeschlossen.
- Interessen: Du begeisterst dich für Informatik, Programmierung und technischen Lösungen sowie moderne Technologien.
- Teamplayer: Du arbeitest gerne im Team, trägst aktiv zum gemeinsamen Erfolg bei und unterstützt deine Kolleg:innen bei der Erreichung gemeinsamer Ziele.
- Verantwortungsbewusstsein: Du übernimmst Verantwortung, zeigst Eigeninitiative und bringst dich engagiert bei der Umsetzung von Lösungen ein.
Wir bieten::

- Attraktive Ausbildungsvergütung: Du startest mit 1.391,19 € im ersten Jahr und steigerst dich bis zu 1.576,76 € zum Ende hin.
- Zusätzliche finanzielle Vorteile: Neben deinem Gehalt bekommst du Weihnachts- & Urlaubsgeld, Prämien, Mitarbeitervorteile sowie Unterstützung für Fahrtkosten und Bücher.
- Work-Life-Balance: Durch ein Gleitzeitkonto und 30 Urlaubstage bleibt genug Zeit für dich.
- Sichere Zukunft: Nach der Ausbildung erwartet dich ein zukunftssicherer Arbeitsplatz mit tollen Perspektiven.
- Individuelle Entwicklung: Du übernimmst von Anfang an spannende Aufgaben, kannst eigene Ideen einbringen und profitierst von zielgerichteten Weiterbildungsmöglichkeiten.
- Gesundheit & Inspiration: Freu dich auf coole Sportangebote, inspirierende Vorträge und die Möglichkeit einer betrieblichen Altersvorsorge.
- Ausland: Bei uns erhältst du die Möglichkeit, auf einen spannenden Auslandsaufenthalt. 

ifm group services gmbh
Frau Maren Marte
Tettnang
maren.marte@ifm.com","Das Profil::
- Schulabschluss: Du hast deine allgemeine Hochschulreife oder Fachhochschulreife inklusive Bescheinigung über die bestandene Deltaprüfung erfolgreich abgeschlossen.
- Interessen: Du begeisterst dich für Informatik, Programmierung und technischen Lösungen sowie moderne Technologien.
- Teamplayer: Du arbeitest gerne im Team, trägst aktiv zum gemeinsamen Erfolg bei und unterstützt deine Kolleg:innen bei der Erreichung gemeinsamer Ziele.
- Verantwortungsbewusstsein: Du übernimmst Verantwortung, zeigst Eigeninitiative und bringst dich engagiert bei der Umsetzung von Lösungen ein.
Wir bieten::",2026-06-11T09:14:30.651959+00:00
10000-1203546393-S,fachinformatiker_ae,IT-HAUS GmbH,Föhren bei Trier,"Europa-Allee 28, 54343 Föhren bei Trier",Duales Studium | Kaufmann/-frau - IT-System-Management,dual,,,,80,ba_portal,,https://www.arbeitsagentur.de/jobsuche/jobdetail/10000-1203546393-S,ba_portal,Für weitere Infos kannst Du uns gerne kontaktieren.,https://www.arbeitsagentur.de/jobsuche/jobdetail/10000-1203546393-S,IT-HAUS GmbH | Duales Studium | Kaufmann/-frau - IT-System-Management | Föhren bei Trier,ya,belum,rendah,"###### Wir gestalten IT

# Ausbildungsintegriertes Studium Wirtschaftsinformatik 2026 (m/w/d)

*Festanstellung, Vollzeit*
*Föhren*



### Deine Aufgaben

Das duale ausbildungsintegrierte Studium stellt die perfekte Verknüpfung zwischen wissenschaftlicher Theorie und realen Praxiserfahrungen dar. Diese Studienform bietet die Kombination einer staatlich anerkannten Ausbildung (IHK) mit einem Bachelorstudium der Wirtschaftsinformatik an der Hochschule Trier sowie Einsätzen in der Unternehmenspraxis. Wir bieten das duale ausbildungsintegrierte Studium im Bereich Wirtschaftsinformatik gepaart mit einem unserer Ausbildungsberufe Kaufmann für IT-Systemmanagement (m/w/d), Fachinformatiker für Anwendungsentwicklung (m/w/d) oder Fachinformatiker für Systemintegration (m/w/d) an.
Insgesamt dauert das duale ausbildungsintegrierte Studium vier Jahre, in denen zwei Abschlüsse (Ausbildung + Studium) erzielt werden.
Für weitere Infos kannst Du uns gerne kontaktieren.

### Dein Profil

Als duale/r Student/in in unserem Unternehmen solltest Du dich für betriebswirtschaftliche Zusammenhänge und IT begeistern, Spaß am Arbeiten mit Daten und Zahlen haben sowie über eine analytische Denkweise verfügen. Für einen Berufseinstieg als duale/r Student/in benötigst Du mindestens eine gute Fachhochschulreife.

[Jetzt bewerben](https://it-haus-gmbh.jobs.personio.de/job/2269780?display=de#apply)","### Dein Profil
Als duale/r Student/in in unserem Unternehmen solltest Du dich für betriebswirtschaftliche Zusammenhänge und IT begeistern, Spaß am Arbeiten mit Daten und Zahlen haben sowie über eine analytische Denkweise verfügen. Für einen Berufseinstieg als duale/r Student/in benötigst Du mindestens eine gute Fachhochschulreife.
Fachhochschulreife",2026-06-11T09:15:06.482567+00:00
10000-1203546459-S,fachinformatiker_ae_2026,IT-HAUS GmbH,Föhren bei Trier,"Europa-Allee 28, 54343 Föhren bei Trier",Duales Studium | Fachinformatiker/in - Anwendungsentwicklung,dual,2026,,,80,ba_portal,,https://www.arbeitsagentur.de/jobsuche/jobdetail/10000-1203546459-S,ba_portal,Für weitere Infos kannst Du uns gerne kontaktieren.,https://www.arbeitsagentur.de/jobsuche/jobdetail/10000-1203546459-S,IT-HAUS GmbH | Duales Studium | Fachinformatiker/in - Anwendungsentwicklung | Föhren bei Trier,ya,belum,rendah,"###### Wir gestalten IT

# Ausbildungsintegriertes Studium Wirtschaftsinformatik 2026 (m/w/d)

*Festanstellung, Vollzeit*
*Föhren*



### Deine Aufgaben

Das duale ausbildungsintegrierte Studium stellt die perfekte Verknüpfung zwischen wissenschaftlicher Theorie und realen Praxiserfahrungen dar. Diese Studienform bietet die Kombination einer staatlich anerkannten Ausbildung (IHK) mit einem Bachelorstudium der Wirtschaftsinformatik an der Hochschule Trier sowie Einsätzen in der Unternehmenspraxis. Wir bieten das duale ausbildungsintegrierte Studium im Bereich Wirtschaftsinformatik gepaart mit einem unserer Ausbildungsberufe Kaufmann für IT-Systemmanagement (m/w/d), Fachinformatiker für Anwendungsentwicklung (m/w/d) oder Fachinformatiker für Systemintegration (m/w/d) an.
Insgesamt dauert das duale ausbildungsintegrierte Studium vier Jahre, in denen zwei Abschlüsse (Ausbildung + Studium) erzielt werden.
Für weitere Infos kannst Du uns gerne kontaktieren.

### Dein Profil

Als duale/r Student/in in unserem Unternehmen solltest Du dich für betriebswirtschaftliche Zusammenhänge und IT begeistern, Spaß am Arbeiten mit Daten und Zahlen haben sowie über eine analytische Denkweise verfügen. Für einen Berufseinstieg als duale/r Student/in benötigst Du mindestens eine gute Fachhochschulreife.

[Jetzt bewerben](https://it-haus-gmbh.jobs.personio.de/job/2269780?display=de#apply)","### Dein Profil
Als duale/r Student/in in unserem Unternehmen solltest Du dich für betriebswirtschaftliche Zusammenhänge und IT begeistern, Spaß am Arbeiten mit Daten und Zahlen haben sowie über eine analytische Denkweise verfügen. Für einen Berufseinstieg als duale/r Student/in benötigst Du mindestens eine gute Fachhochschulreife.",2026-06-11T08:14:13.517401+00:00
10000-1203546513-S,fachinformatiker_ae_2026,IT-HAUS GmbH,Föhren bei Trier,"Europa-Allee 28, 54343 Föhren bei Trier",Duales Studium | Fachinformatiker/in - Systemintegration,dual,2026,,,80,ba_portal,,https://www.arbeitsagentur.de/jobsuche/jobdetail/10000-1203546513-S,ba_portal,Für weitere Infos kannst Du uns gerne kontaktieren.,https://www.arbeitsagentur.de/jobsuche/jobdetail/10000-1203546513-S,IT-HAUS GmbH | Duales Studium | Fachinformatiker/in - Systemintegration | Föhren bei Trier,ya,belum,rendah,"###### Wir gestalten IT

# Ausbildungsintegriertes Studium Wirtschaftsinformatik 2026 (m/w/d)

*Festanstellung, Vollzeit*
*Föhren*



### Deine Aufgaben

Das duale ausbildungsintegrierte Studium stellt die perfekte Verknüpfung zwischen wissenschaftlicher Theorie und realen Praxiserfahrungen dar. Diese Studienform bietet die Kombination einer staatlich anerkannten Ausbildung (IHK) mit einem Bachelorstudium der Wirtschaftsinformatik an der Hochschule Trier sowie Einsätzen in der Unternehmenspraxis. Wir bieten das duale ausbildungsintegrierte Studium im Bereich Wirtschaftsinformatik gepaart mit einem unserer Ausbildungsberufe Kaufmann für IT-Systemmanagement (m/w/d), Fachinformatiker für Anwendungsentwicklung (m/w/d) oder Fachinformatiker für Systemintegration (m/w/d) an.
Insgesamt dauert das duale ausbildungsintegrierte Studium vier Jahre, in denen zwei Abschlüsse (Ausbildung + Studium) erzielt werden.
Für weitere Infos kannst Du uns gerne kontaktieren.

### Dein Profil

Als duale/r Student/in in unserem Unternehmen solltest Du dich für betriebswirtschaftliche Zusammenhänge und IT begeistern, Spaß am Arbeiten mit Daten und Zahlen haben sowie über eine analytische Denkweise verfügen. Für einen Berufseinstieg als duale/r Student/in benötigst Du mindestens eine gute Fachhochschulreife.

[Jetzt bewerben](https://it-haus-gmbh.jobs.personio.de/job/2269780?display=de#apply)","### Dein Profil
Als duale/r Student/in in unserem Unternehmen solltest Du dich für betriebswirtschaftliche Zusammenhänge und IT begeistern, Spaß am Arbeiten mit Daten und Zahlen haben sowie über eine analytische Denkweise verfügen. Für einen Berufseinstieg als duale/r Student/in benötigst Du mindestens eine gute Fachhochschulreife.",2026-06-11T08:15:36.967830+00:00
10001-1000333760-S,fachinformatiker_ae,Digital Life Sciences GmbH,Gescher,"Am Campus 13, 48712 Gescher",Duales Studium | Fachinformatiker/in - Anwendungsentwicklung,dual,,,,80,ba_portal,,https://www.arbeitsagentur.de/jobsuche/jobdetail/10001-1000333760-S,ba_portal,"- Während der gesamten Ausbildung unterstützen und begleiten wir Dich und bereiten Dich bestmöglich auf Deine Abschlüsse vor. Unsere Ausbildungsleitung steht Dir jeder Zeit bei Fragen und Problemen mit Rat und Tat zur Seite
- Wir bieten eine moderne technische Ausstattung
- Wir bieten die Möglichkeit der Übernahme in eine Festanstellung bei guter Leistung",https://www.arbeitsagentur.de/jobsuche/jobdetail/10001-1000333760-S,Digital Life Sciences GmbH | Duales Studium | Fachinformatiker/in - Anwendungsentwicklung | Gescher,ya,belum,rendah,"## Dein Traumjob »

Du möchtest:

- Studieren und gleichzeitig den Alltag in der Praxis kennenlernen?
- In einem jungen, dynamischen Team bei der Weiterentwicklung unserer Produkte mitwirken?
- Deine gewonnenen Kenntnisse optimal im Unternehmen einsetzen?
- Verantwortung übernehmen und eigene Ideen einbringen?

Dann bist Du bei uns genau richtig! Lerne in 3,5 Jahren mit uns die Themengebiete der Informatik und BWL näher kennen. Neben der Ausbildung zum/zur Fachinformatiker/-in Anwendungsentwicklung schließt du dein Studium Bachelor of Arts – Wirtschaftsinformatik ab.

## Du passt perfekt zu uns, wenn Du »

- die allgemeine oder fachgebundene Hochschulreife hast
- gute bis sehr gute schulische Noten in Mathematik, Informatik und Englisch hast
- dich für die IT begeisterst und an betriebswirtschaftlichen Abläufen interessiert bist
- eine hohe Lernbereitschaft und Motivation sowie eigenständige und strukturierte Arbeitsweise mitbringst
- Spaß an der Arbeit im Team hast

## Deine Benefits »

- Wir übernehmen die Studien- und Prüfungsgebühren und Du bekommst natürlich eine ansprechende Ausbildungsvergütung
- Zusätzlich zu deinen Urlaubstagen hast du Studientage, die Du zum Beispiel zum Lernen oder Schreiben der Bachelorarbeit nutzen kannst
- Während der gesamten Ausbildung unterstützen und begleiten wir Dich und bereiten Dich bestmöglich auf Deine Abschlüsse vor. Unsere Ausbildungsleitung steht Dir jeder Zeit bei Fragen und Problemen mit Rat und Tat zur Seite
- Wir bieten eine moderne technische Ausstattung
- Wir bieten die Möglichkeit der Übernahme in eine Festanstellung bei guter Leistung

Ob beim gemeinsamen Eis oder spontanen Grillen in der Mittagspause – bei uns kommen auch der Spaß und das soziale Miteinander nie zu kurz

## Jetzt kennenlernen

Du kannst Dich mit **uns** und der **Stelle identifizieren**? Dann bewirb Dich!

Wir freuen uns Dich kennen zu lernen und das mit Deinen **Schwächen** und **Stärken**, denn auch wir sind nicht perfekt. Aber zusammen können wir dem näher kommen: **uns weiterentwickeln, Stärken ausbauen und Schwächen überwinden**.

Solltest du noch Fragen haben, dann schreib uns einfach unter **karriere[at]digital-ls.de** oder rufe uns an unter **+49 2542 20201–198.**",Abitur / Allgemeine Hochschulreife,2026-06-11T09:14:54.647139+00:00
NRW-1610-5854,ausbildung_nrw_ae,group24 AG,Gescher,Schüringsweg 6 48712 Gescher,Ausbildung | Fachinformatiker/in - Anwendungsentwicklung (2026),dual,,,,80,company,jobs@group24.de,https://www.group24.de/unternehmen/jobs/ausbildung-fachinformatiker-anwendungsentwicklung-m-w-d-zum-01-08-2026-990404,email,"Kontakt
jobs@group24.de
https://www.group24.de/unternehmen/ausbildung/
Schüringsweg 6
48712 Gescher
Lara Brumann
Human Resources
025429598212
jobs@group24.de
Social Media
Profil bei TikTok
Standort
+
–
⤢
info@ausbildung.nrw
Kontakt
Datenschutz
Impressum
Ausbildung.NRW ist ein Kooperationsprojekt der Industrie- und Handelskammern in Nordrhein-Westfalen.
umgesetzt von der www.spieker.agency",,group24 AG | Ausbildung | Fachinformatiker/in - Anwendungsentwicklung (2026) | Gescher,tidak,belum,tinggi,"Fachinformatiker/in - Anwendungsentwicklung (2026)

Fachinformatiker/in - Anwendungsentwicklung in Gescher (2026)
Mehr Informationen
Fachinformatiker/in - Systemintegration in Gescher (2027)
Mehr Informationen
Duales Studium - Wirtschaftsinformatik (Praxis + B.Sc.) in Gescher (2026)
Mehr Informationen
Kaufmann/frau – Groß- und Außenhandelsmanagement in Gescher (2027)
Mehr Informationen
Kaufmann/frau - Digitalisierungsmanagement in Gescher (2027)
Mehr Informationen
Kaufmann/frau – Büromanagement in Gescher (2026)
Mehr Informationen
Duales Studium - Wirtschaftsinformatik (Praxis + B.Sc.) in Gescher (2027)
Mehr Informationen
Angebote
Duales Studium
Berufsfelderkundungstag
Duale Ausbildung (Vollzeit)
Praktikum

Schon gewusst?
Einzeln genial, als Team unschlagbar.
Bei uns erlebst Du Startup-Feeling. Du arbeitest in einem innovativen und dynamischen IT-Unternehmen, denn wir haben keine altmodischen oder festgefahrenen Strukturen. Teamspirit wird bei uns großgeschrieben. Wir sehen uns als ein großartiges Team, in dem jeder ein offenes Ohr für den anderen hat. Gemeinsame Pausen, ein Wochenendbierchen und ein offener Austausch sind für uns selbstverständlich.
Mehr Informationen

So kannst du dich bewerben
Du hast Interesse an diesem Ausbildungsplatz?
Dann bewirb Dich ganz einfach online über unser Bewerbungsportal!
👉 Hier geht’s zum Bewerbungsportal",,2026-06-12T09:55:53.060301+00:00
NRW-2997-5751,ausbildung_nrw_ae,Nitto Advanced Film Gronau,Gronau (Westf.),Jöbkesweg 11 48599 Gronau (Westf.),Ausbildung | Fachinformatiker/in - Anwendungsentwicklung,dual,,,,80,company,afg-bewerbung-gronau@nitto.com,https://www.ausbildung.de/unternehmen/nitto-advanced-film-gronau-gmbh/stellen/,email,"Unbewusst kommt jede/r mit unseren Nitto Produkten in Kontakt!
Die Nitto Advanced Film Gronau GmbH ist seit über 50 Jahren ein Spezialist im Bereich der Kunststofffolienextrusion und beschäftigt heute ca. 700 Mitarbeitende. Innerhalb des Nitto-Konzerns gehört das Unternehmen zur Business Unit Advanced Film Solutions und zählt in Europa zu den international führenden Anbietern von Folien und folienbasierten Produkten. Unsere Produktpalette umfasst hochwertige, bedruckte Verpackungsfolien, Hygienekomponenten, technische Kaschier- und Etikettenfolien sowie Oberflächenschutzfolien und Meltblown-Vliese.
Zur gesamten Nitto-Familie gehören über 100 Unternehmen mit mehr als 30.000 Beschäftigten, die stets neue Innovationen mit unseren Kunden realisieren.
Mehr Informationen
Unbewusst kommt jede/r mit unseren Nitto Produkten in Kontakt! Die Nitto Advanced Film Gronau GmbH ist seit über 50 Jahren ein Spezialist im Bereich der Kunststofffolienextrusion.
Kontakt
02562919284
Kontakt
Datenschutz
Impressum
Ausbildung.NRW ist ein Kooperationsprojekt der Industrie- und Handelskammern in Nordrhein-Westfalen.
umgesetzt von der www.spieker.agency",,Nitto Advanced Film Gronau | Ausbildung | Fachinformatiker/in - Anwendungsentwicklung | Gronau (Westf.),tidak,belum,tinggi,"Fachinformatiker/in - Anwendungsentwicklung

Fachinformatiker/in - Anwendungsentwicklung in Gronau (Westf.)
Mehr Informationen
Mechatroniker/in in Gronau (Westf.)
Mehr Informationen
Stellenangebote
Angebote
Duales Studium
Berufsfelderkundungstag
Duale Ausbildung (Vollzeit)
Praktikum
Einstiegsqualifizierung (EQ)

Schon gewusst?

So kannst du dich bewerben
Du hast Interesse an diesem Ausbildungsplatz?
Dann bewirb Dich ganz einfach online über unser Bewerbungsportal!
👉 Hier geht’s zum Bewerbungsportal
afg-bewerbung-gronau@nitto.com
https://careers.nitto.com/EMEA/lp/AFG%20-%20landing%20page/9875b7987866ed2a/?locale=en_US
Jöbkesweg 11
48599 Gronau (Westf.)
Reinhard Lammers
Human Resources Development
02562919284
Reinhard.Lammers@nitto.com
Jutta Sundermann
Human Resources Development
02562919434
Jutt.Sundermann@nitto.com
Lars Dujesiefken
Teamlead HR Learning & Development
02562919168
Lars.Dujesiefken@nitto.com
Social Media
Standort
+
–
⤢
info@ausbildung.nrw",,2026-06-12T09:57:39.689077+00:00
10000-1203517447-S,fachinformatiker_ae_2026,Sartorius Corporate Administration GmbH,Göttingen,"Otto-Brenner-Str. 20, 37079 Göttingen",Duales Studium,dual,2026,8,"1. Jahr, 1.439 €",80,ba_portal,,https://www.arbeitsagentur.de/jobsuche/jobdetail/10000-1203517447-S,ba_portal,,https://www.arbeitsagentur.de/jobsuche/jobdetail/10000-1203517447-S,Sartorius Corporate Administration GmbH | Duales Studium | Göttingen,ya,belum,rendah,"Starte durch bei einem der größten Arbeitgeber der Region und werde Teil der Lösung im Kampf gegen Krankheiten weltweit. Für die Sartorius Corporate Administration GmbH suchen wir dich für ein Duales Studium im Bereich Bachelor of Science Informatik (x|w|m) am Standort Göttingen. Du lernst die Entwicklung von hard- und softwaregesteuerten Geräten und Verfahren.

Das Duale Studium beginnt am 01.08.2026 und dauert 3,5 Jahre. Unsere Partner-Hochschule ist die Ostfalia Hochschule für
angewandte Wissenschaften in Wolfenbüttel.



**Das erwartet dich** 

- Du erforscht und entwickelst hard- und softwaregesteuerte Geräte und Verfahren
- Du bist im IT-Bereich oder unserem Metrologie-Zentrum eingesetzt
- Du absolvierst während des Dualen Studiums die Ausbildung zum Fachinformatiker Anwendungsentwicklung
- Du lernst unterschiedliche Abteilungen kennen und steigst direkt in spannende, oft auch internationale Projekte ein  
- Wir unterstützen dich bei der Prüfungsvorbereitung und bei deiner persönlichen und fachlichen Entwicklung  

**Was uns überzeugt**

- Du bringst ein ausgeprägtes technisches Interesse sowie erste Erfahrungen im Programmieren mit
- Du bist überdurchschnittlich engagiert und arbeitest selbstständig
- Du bringst sehr gute Kommunikationsfähigkeiten mit und hast Freude an der Arbeit in internationalen Teams
- Du hast dein Abitur mit sehr guten Leistungen in Mathematik, Englisch, Informatik und Physik abgeschlossen

**Davon profitierst du**

Als internationales, börsennotiertes Unternehmen bieten wir dir viele Vorteile: 

- Attraktive Bezahlung: 1.334 €|Monat im 1. Jahr, 1.439 €|Monat im 2. Jahr, 1.509 €|Monat im 3. Jahr sowie Urlaubs- und Weihnachtsgeld (Stand 07/2025)
- Übernahme-Quote von fast 100% 
- Flexible Arbeitszeiten, 35 h|Woche mit Gleitzeit, Home Office-Möglichkeiten, 30 Tage Urlaub  
- Azubi-Coach, der dich begleitet und eine spannende Kennenlernwoche
- Großer Campus mit schönem Außenbereich, Open Space-Büros, Dachterrassen, kostenfreies Fitness-Studio und WLAN
- Betriebsrestaurant mit Bio - und veganem Angebot, italienisches Bistro mit Eisverkauf  
- Eigener Laptop, modernes Azubi-Lab auf 50 m² mit 3D-Drucker und Smartboard 
- Kostenfreies Parkhaus und gute Busanbindungen, finanzielle Unterstützung beim Umzug ab einer bestimmten Entfernung
- Familiäres Arbeitsklima, Zusammenhalt und Teamspirit 



Du möchtest noch mehr über Sartorius erfahren? Dann schau auf **[www.sartorius.de/ausbildung](http://www.sartorius.de/ausbildung)** vorbei.  Wir freuen uns auf deine Bewerbung. 



**Über Sartorius**  

Sartorius ist Teil der Lösung im Kampf gegen Krebs, Demenz und viele andere Krankheiten. Unsere Technologien helfen wissenschaftliche Erkenntnisse schneller in Medikamente für Patienten weltweit zu übersetzen.

Wir suchen ambitionierte Teamplayer und kreative Köpfe, die zu diesem Ziel beitragen und ihre Karriere in einem dynamischen globalen Umfeld vorantreiben wollen. 

Werden auch Sie Teil der Lösung. Wir freuen uns auf Ihre Bewerbung. 

[www.sartorius.de/karriere](https://www.sartorius.de/karriere)","- Du bringst ein ausgeprägtes technisches Interesse sowie erste Erfahrungen im Programmieren mit
- Du bist überdurchschnittlich engagiert und arbeitest selbstständig
- Du bringst sehr gute Kommunikationsfähigkeiten mit und hast Freude an der Arbeit in internationalen Teams
- Du hast dein Abitur mit sehr guten Leistungen in Mathematik, Englisch, Informatik und Physik abgeschlossen",2026-06-11T08:15:46.834528+00:00
NRW-2534-9149,ausbildung_nrw_dpa,Sartorius Corporate Administration GmbH,Göttingen,Otto-Brenner-Straße 20 37079 Göttingen,Ausbildung | Fachinformatiker/in - Daten- und Prozessanalyse (2026),dual,,,,80,company,recruiting@sartorius.com,https://sartorius.wd3.myworkdayjobs.com/de-DE/sartoriuscareers/job/Campus-Gttingen/Ausbildungsplatz-Fachinformatiker-fr-Daten--und-Prozessanalyse--x-w-m-_R37177,email,"Kontakt
+495513085668
recruiting@sartorius.com
https://www.sartorius.com/en
Otto-Brenner-Straße 20
37079 Göttingen
J
Jessica Reyes-Fernandez
HRM
0551 308 0
Recruiting@Sartorius.com
Standort
+
–
⤢
info@ausbildung.nrw
Kontakt
Datenschutz
Impressum
Ausbildung.NRW ist ein Kooperationsprojekt der Industrie- und Handelskammern in Nordrhein-Westfalen.
umgesetzt von der www.spieker.agency",,Sartorius Corporate Administration GmbH | Ausbildung | Fachinformatiker/in - Daten- und Prozessanalyse (2026) | Göttingen,tidak,belum,tinggi,"Fachinformatiker/in - Daten- und Prozessanalyse (2026)

Fachinformatiker/in - Daten- und Prozessanalyse in Göttingen (2026)
Mehr Informationen
Mechatroniker/in in Göttingen (2026)
Mehr Informationen
Physiklaborant/in in Göttingen (2026)
Mehr Informationen
Werkzeugmechaniker/in in Göttingen (2026)
Mehr Informationen
Angebote
Duales Studium
Duale Ausbildung (Vollzeit)
Praktikum

So kannst du dich bewerben
Bitte bewirb dich ausschließlich über unser Bewerbungsportal auf ausgeschriebene Positionen. Bewerbungen per E-Mail können wir leider nicht berücksichtigen.
Checkliste für deine Online-Bewerbung
- Persönliches Anschreiben",,2026-06-12T10:01:01.715991+00:00
NRW-4223-7790,ausbildung_nrw_ae,Miele & Cie. KG,Gütersloh,Carl-Miele-Straße 29 33332 Gütersloh,Ausbildung | Fachinformatiker/in - Anwendungsentwicklung (2026),dual,,,,80,company,gt-ausbildung@miele.de,https://ausbildung.miele.de/offer/ausbildung-als-fachkraft-fur-lagerl/cf9c17b7-7aae-470c-b071-f4210037af2a,email,"Kontakt
05241 / 89 62789
gt-ausbildung@miele.de
ausbildung.miele.de
Carl-Miele-Straße 29
33332 Gütersloh
S
Stefanie Herweg
Ausbildungsleitung
05241/8962789
stefanie.herweg@miele.com
Social Media
Standort
+
–
⤢
Standorte
Carl-Miele-Straße 29
33332 Gütersloh
info@ausbildung.nrw
Kontakt
Datenschutz
Impressum
Ausbildung.NRW ist ein Kooperationsprojekt der Industrie- und Handelskammern in Nordrhein-Westfalen.
umgesetzt von der www.spieker.agency",,Miele & Cie. KG | Ausbildung | Fachinformatiker/in - Anwendungsentwicklung (2026) | Gütersloh,tidak,belum,tinggi,"Fachinformatiker/in - Anwendungsentwicklung (2026)

Fachinformatiker/in - Anwendungsentwicklung in Gütersloh (2026)
Fachinformatiker/in - Systemintegration in Gütersloh (2026)
Industriemechaniker/in in Gütersloh (2026)
Kaufmann/frau – Dialogmarketing in Gütersloh (2026)
Mechatroniker/in in Gütersloh (2026)
Bachelor of Engineering Elektrotechnik in Gütersloh (2026)
Bachelor of Science Wirtschaftsinformatik in Gütersloh (2026)
Fachkraft – Lagerlogistik in Gütersloh (2026)
Maschinen- und Anlagenführer/in in Gütersloh (2026)
Bachelor of Arts Betriebswirtschaftslehre in Gütersloh (2026)
Bachelor of Engineering Wirtschaftsingenieur/Energiewirtschaft in Gütersloh (2026)
Angebote
Duales Studium
Berufsfelderkundungstag
Praktikum
Duale Ausbildung

Schon gewusst?
Miele bietet dir viele Vorteile!
- 30 Tage und mehr Urlaub
- Flexible Arbeitszeitmodelle und Home-Office
- Urlaubs- und Weihnachtsgeld
- Fitness- und Sportangebote
- viele Mitarbeiterrabatte
- Weiterbildungsangebote
- Fahrtkostenzuschuss
Mehr Informationen

So kannst du dich bewerben",,2026-06-12T09:57:17.325572+00:00
NRW-2960-5518,ausbildung_nrw_ae,Stahlkontor GmbH Co. KG,Hagen,Preußerstr. 28 58135 Hagen,Ausbildung | Fachinformatiker/in - Anwendungsentwicklung (2026),dual,,,,80,company,a.krasevec@stahlkontor.de,https://stahlkontor.com/karriere/ausbildung/,email,"Kontakt
02331/9030755
a.krasevec@stahlkontor.de
https://stahlkontor.com/
Preußerstr. 28
58135 Hagen
Adriana Krasevec
Head of Talent Strategy & Development
02331/9030755
a.krasevec@stahlkontor.de
S
Sibylle Drawe
Human Resources
02331/9030357
s.drawe@stahlkontor.de
Social Media
Standort
+
–
⤢
info@ausbildung.nrw
Kontakt
Datenschutz
Impressum
Ausbildung.NRW ist ein Kooperationsprojekt der Industrie- und Handelskammern in Nordrhein-Westfalen.
umgesetzt von der www.spieker.agency",,Stahlkontor GmbH Co. KG | Ausbildung | Fachinformatiker/in - Anwendungsentwicklung (2026) | Hagen,tidak,belum,tinggi,"Fachinformatiker/in - Anwendungsentwicklung (2026)

Fachinformatiker/in - Anwendungsentwicklung in Hagen (2026)
Zerspanungsmechaniker/in Metall - Frästechnik in Hagen (2026)
Stellenangebote
Angebote
Duales Studium
Berufsfelderkundungstag
Duale Ausbildung (Vollzeit)
Duale Ausbildung (Teilzeit)
Sonstiges
Praktikum
Einstiegsqualifizierung (EQ)

Schon gewusst?
Wir sind einer der führenden Spezialisten für hochpräzise Stahlverarbeitung.
Bei uns erhältst du eine praxisnahe Ausbildung mit modernen Maschinen und aktueller Technik.
Viele unserer ehemaligen Azubis haben bei uns Karriere gemacht – einige leiten heute ganze Teams!

So kannst du dich bewerben
Mach heute den ersten Schritt in deine Zukunft.
Bei Stahlkontor bekommst du mehr als nur eine Ausbildung - du bekommst eine Chance zu wachsen.
Am besten bewirbst du dich online über folgenden Link: https://stahlkontor.com/karriere/ausbildung/",,2026-06-12T09:59:06.542840+00:00
NRW-1544-2608,ausbildung_nrw_ae,MIT Unternehmensberatung GmbH,Herdecke,Mühlenstr. 9 58313 Herdecke,Ausbildung | Fachinformatiker/in - Anwendungsentwicklung (2026),dual,,,,80,company,r.schoeneborn@mit-b2b.de,https://mit-unternehmensberatung.de/karriere/,email,"Kontakt
+4915790362762
r.schoeneborn@mit-b2b.de
https://mit-unternehmensberatung.de/
Mühlenstr. 9
58313 Herdecke
R
Rabea Schöneborn
Personalmanagerin
+4915790362762
r.schoeneborn@mit-b2b.de
Standort
+
–
⤢
info@ausbildung.nrw
Kontakt
Datenschutz
Impressum
Ausbildung.NRW ist ein Kooperationsprojekt der Industrie- und Handelskammern in Nordrhein-Westfalen.
umgesetzt von der www.spieker.agency",,MIT Unternehmensberatung GmbH | Ausbildung | Fachinformatiker/in - Anwendungsentwicklung (2026) | Herdecke,tidak,belum,tinggi,"Fachinformatiker/in - Anwendungsentwicklung (2026)

Fachinformatiker/in - Anwendungsentwicklung in Herdecke (2026)
Mehr Informationen
Angebote
Duales Studium
Duale Ausbildung (Vollzeit)
Praktikum

So kannst du dich bewerben
Sende gerne deine vollständigen Bewerbungsunterlagen inklusive Lebenslauf und Zeugnisse an career@mit-b2b.de.",,2026-06-12T09:57:20.998311+00:00
NRW-3996-7540,ausbildung_nrw_ae,bugatti GmbH,Herford,Hansastr. 55 32049 Herford,"Ausbildung | Fachinformatiker/in - Anwendungsentwicklung (2026, 2027)",dual,,,,80,company,a.zoeller@bugatti.de,https://www.bugatti-fashion.com/de/unternehmen/karriere/,email,"Kontakt
05221-884 200
a.zoeller@bugatti.de
https://www.bugatti-fashion.com/de/
Hansastr. 55
32049 Herford
Anna-Christina Zöller
Personalreferentin
05221-884 200
a.zoeller@bugatti.de
Social Media
Standort
+
–
⤢
info@ausbildung.nrw
Kontakt
Datenschutz
Impressum
Ausbildung.NRW ist ein Kooperationsprojekt der Industrie- und Handelskammern in Nordrhein-Westfalen.
umgesetzt von der www.spieker.agency",,"bugatti GmbH | Ausbildung | Fachinformatiker/in - Anwendungsentwicklung (2026, 2027) | Herford",tidak,belum,tinggi,"Fachinformatiker/in - Anwendungsentwicklung (2026, 2027)

Fachinformatiker/in - Anwendungsentwicklung in Herford (2026, 2027)
Mehr Informationen
Angebote
Duales Studium
Berufsfelderkundungstag
Praktikum
Duale Ausbildung

Wir bieten Dir nicht nur eine Ausbildung, sondern ein einzigartiges Erlebnis! Spannende Projekte, abwechslungsreiche Stationen und ein dynamisches Team erwarten Dich. Wir legen großen Wert darauf, Deine individuellen Talente zu fördern und Dich auf Deinem Weg zu begleiten. Mit unserem durchdachten Ausbildungskonzept sorgen wir dafür, dass Du bestens für Deine berufliche Zukunft gerüstet bist.
READY FOR A NEW JOURNEY?
Mehr Informationen
Schon gewusst?
Da bieten wir Dir:
/ Du übernimmst bei uns abwechslungsreiche Aufgaben
/ Durch Workshops und Trainings bieten wir Dir Möglichkeiten zur persönlichen Weiterentwicklung
/ Wir wollen, dass Du unsere Mode trägst deshalb erhältst Du bei uns attraktive Einkaufsvorteile
/ Da wir als Familienunternehmen langfristig denken, setzen wir darauf, unsere Auszubildenden nach der Ausbildung zu übernehmen
/ Die zentrale Lage Deines Arbeitsplatzes, Parkplätze und die gute Anbindung an das Verkehrsnetz garantieren kurze Wege und leichte Erreichbarkeit
Mehr Informationen

So kannst du dich bewerben
Sende uns Deine Bewerbung an ausbildung@bugatti.de oder nutze unser Bewerbungsportal auf unserer Homepage unter https://www.bugatti-fashion.com/de/unternehmen/karriere/",,2026-06-12T09:54:06.714058+00:00
NRW-4119-13447,ausbildung_nrw_ae,DTS Systeme GmbH,Herford,Schrewestraße 2 32051 Herford,"Ausbildung | Fachinformatiker/in - Anwendungsentwicklung (2026, 2027)",dual,,,,80,company,ausbildung@dts.de,https://,email,"Kontakt
05221 101 3821
ausbildung@dts.de
https://dts.de/de/karriere/ausbildung-studium
Schrewestraße 2
32051 Herford
Julius Borgert
People & Culture Manager
052211013956
Julius.Borgert@dts.de
Social Media
Standort
+
–
⤢
Standorte
Soester Straße 13
48155 Münster
Otto-Lilienthal-Straße 16 A
28199 Bremen
Alte Wittener Straße 70
44803 Bochum
Sonninstraße 26
20097 Hamburg
Berliner Ring 89
64625 Bensheim
Am Borsigturm 48
13507 Berlin
Vahrenwalder Straße 271
30179 Hannover
Luise-Ullrich-Strasse 20
80636 München
Äußere Sulzbacher Straße 118
90491 Nürnberg
info@ausbildung.nrw
Kontakt
Datenschutz
Impressum
Ausbildung.NRW ist ein Kooperationsprojekt der Industrie- und Handelskammern in Nordrhein-Westfalen.
umgesetzt von der www.spieker.agency",,"DTS Systeme GmbH | Ausbildung | Fachinformatiker/in - Anwendungsentwicklung (2026, 2027) | Herford",tidak,belum,tinggi,"Fachinformatiker/in - Anwendungsentwicklung (2026, 2027)

Fachinformatiker/in - Anwendungsentwicklung in Herford (2026, 2027)
Mehr Informationen
Fachinformatiker/in - Systemintegration in Herford (2026, 2027)
Mehr Informationen
Angebote
Duales Studium
Praktikum
Duale Ausbildung

Schon gewusst?

So kannst du dich bewerben
Es ist etwas passendes für dich dabei? - Perfekt! Wir freuen uns auf deine Bewerbung über unser Karriereportal https://dts.de/de/karriere/stellenanzeigen oder wenn du möchtest, können wir uns auch gerne vorab unverbindlich austauschen. Du kannst mich jederzeit per E-Mail oder auch gerne telefonisch erreichen.
Das ""Du"" gehört zu unserer Firmenphilosophie - gerne möchten wir daher unseren Bewerbungsprozess ebenfalls in Du-Form durchführen. Wir freuen uns daher sehr auf Deine Bewerbung. Werde ein Teil unseres Teams und bringe Dein fachliches Wissen sowie Deine positiven Charaktereigenschaften mit ein!",,2026-06-12T09:54:52.632652+00:00
10000-1206391391-S,fachinformatiker_ae,Schüller Möbelwerk GmbH,Herrieden,"Rother Str. 1, 91567 Herrieden",Duales Studium | Fachinformatiker/in - Anwendungsentwicklung,dual,,,,80,ba_portal,,https://www.arbeitsagentur.de/jobsuche/jobdetail/10000-1206391391-S,ba_portal,,https://www.arbeitsagentur.de/jobsuche/jobdetail/10000-1206391391-S,Schüller Möbelwerk GmbH | Duales Studium | Fachinformatiker/in - Anwendungsentwicklung | Herrieden,ya,belum,rendah,"## Ausbildungsbereich im Fokus: Hier machen wir dein Talent zu deiner Karriere

Immer am Puls der Zeit - Setze mit uns die richtigen Weichen für deine berufliche Zukunft! Auch im Bereich IT bieten wir dir die Möglichkeit eines dualen Studiums an. Das umfassende Wissen, dass du dir aneignest, kannst du direkt bei uns in der Praxis anwenden und verfestigen. Lerne die spannende Welt der IT kennen und leiste so deinen Beitrag zum Vorantreiben der Digitalisierung.

**Die Fakten auf einen Blick:**

✓ Berufsschule: Ansbach + Hochschule Ansbach
✓ Dauer: 4,5 Jahre mit Start im September
✓ Sehr gute Übernahmechance
✓ Weiterentwicklungsmöglichkeiten im Unternehmen

## Das packen wir zusammen an:

- Entwicklung und Programmierung spezifischer Software
- Testen und Anpassen bestehender Anwendungen
- Entwickeln von anwendungsgerechter Bedienoberflächen
- Erkennen von Zukunftstrends
- Ausarbeitung effizienter IT-Lösungen
- Aufgaben entsprechend der Studienschwerpunktwahl

## Das wünschen wir uns:

- Fachhochschulreife oder die allgemeine Hochschulreife
- Gute Noten, insbesondere in Mathe, Englisch und IT  
- Einsatzbereitschaft, Teamfähigkeit, Zuverlässigkeit und logisches Denkvermögen

## Deine Benefits – weil du mehr verdienst als nur Gehalt:

- **Mentorenprogramm:** Dein persönlicher Weg zum Erfolg – unser Mentorenprogramm bietet persönliche Betreuung durch erfahrene Ausbilderinnen und Ausbilder, die dich auf deinem Weg begleiten und unterstützten.
- **Moderner Bürokomplex:&#160;**Produktivität in moderner Umgebung – unser Bürokomplex bietet ausreichend Platz und gut ausgestattete Büros für eine produktive und gesunde Arbeitsatmosphäre.
- **Weiterentwicklung:&#160;**Seminare, Workshops und Weiterbildungen – in unserem 800qm großen Schüller-Lern-Center fördern wir mit unserem Team der Kompetenzentwicklung Ihre fachliche und persönliche Entwicklung.
- **Zukunft mit Aussicht:** Sicherheit im Beruf ist ein beruhigendes Gefühl – darum bieten wir dir eine langfristige Perspektive, hohe Übernahmechancen und vielfältigen Einsatzmöglichkeiten in der Schüller Möbelwerk GmbH.
- **Auslandssemester:&#160;**Global denken, internationale handeln – unser Studienprogramm bietet die Möglichkeit eines Auslandsaufenthaltes während des dualen Studiums, um internationale Erfahrungen zu sammeln und den Horizont zu erweitern.
- **Mitarbeiterausstattung:** Hochwertig ausgestattet von Anfang an – du erhältst eine hochwertige Ausstattung, die zu deinem Einsatzbereich passt. Von Sicherheitsschuhen, praktischen Arbeitshosen, hochwertigen Polos und Hemden bis hin zu einem modernen Laptop für die gesamte Ausbildungszeit.
- **Kochwerk:&#160;**Mahlzeit! – wähle aus unserem vielseitigen Angebot an frisch zubereiteten warmen und kalten Gerichten. Für entspannte Pausen sorgen moderne Aufenthaltsräume.
- **Feedbackkultur:** Offen im Austausch – ob im Jahresgespräch oder im Alltag: Wir leben eine offene Feedbackkultur, die auf Vertrauen, Ehrlichkeit und gegenseitiger Wertschätzung basiert.
- **Teamveranstaltungen:** Mehr als nur eine Ausbildung – bei gemeinsamen Aktionen wie Azubi-Sommerevent, Weihnachtsfeier, Teamevents, Onboardingtagen und freiwilligem Engagement im Orga-Team kommen Spaß und Austausch untereinander nicht zu kurz.
- **Gesundheitsmanagement:** Deine Gesundheit im Fokus – Wir bieten Vorsorgetermine im Haus, ein Online-Fitnessportal und spannende Vorträge, um dein Wohlbefinden zu unterstützen an.
- **Familienunternehmen:&#160;**Arbeiten mit Herz und Haltung – als familiengeführtes Unternehmen leben wir Zusammenhalt, Verlässlichkeit und eine werteorientierte Unternehmenskultur.
- **Präsente:&#160;**Überraschungen, die Freude bereiten – dazu gehören Eis im Sommer, Weihnachtsgeld sowie Noten- und Zeugnisprämien.
- **Vorteilsprogramm:&#160;**Mehr drin für dich – mit unserer Schüller-Wertekarte und exklusiven Rabatten über Corporate Benefits profitierst du von attraktiven Extras und Vergünstigungen.
- **Parkhaus:&#160;**Sicheres Parken inklusive – unser Parkhaus bietet eine kostenlose überdachte Parkfläche für Autos, Roller und Fahrräder, um deine Mobilität zu erleichtern.",Fachhochschulreife,2026-06-11T09:14:56.178985+00:00
10000-1203356333-S,fachinformatiker_ae_2026,Loco-Soft Vertriebs GmbH,Lindlar,"Schlosserstr. 33, 51789 Lindlar",Duales Studium | Fachinformatiker/in - Anwendungsentwicklung,dual,2026,,,80,ba_portal,bewerbung@loco-soft.de,https://www.arbeitsagentur.de/jobsuche/jobdetail/10000-1203356333-S,email,,https://www.arbeitsagentur.de/jobsuche/jobdetail/10000-1203356333-S,Loco-Soft Vertriebs GmbH | Duales Studium | Fachinformatiker/in - Anwendungsentwicklung | Lindlar,tidak,belum,tinggi,"Loco-Soft ist das meistgenutzte Warenwirtschaft-System in Autohäusern und Kfz-Betrieben im deutschsprachigen Raum. Unser Programm wird von über 20 Automobilherstellern und –importeuren empfohlen. Rund 3.400 Autohäuser in Deutschland, Österreich und der Schweiz arbeiten täglich mit Loco-Soft. Um auch weiterhin den vielfältigen Anforderungen gerecht zu werden, suchen wir für Sommer 2026 tatkräftige Unterstützung für unser eigenständiges Entwickler-Team.

Informationen zum dualen Studium

- Duale Ausbildung in Betrieb, Berufsschule und Fachhochschule
- Ausbildungsberuf: Fachinformatiker (m/w/d) der Fachrichtung Anwendungsentwicklung
- Studiengang: Duales Bachelor Studium im Bereich Informatik über 7 Semester an der FOM Hochschule, Standort Köln
- Dauer: 3 Jahre bis zum IHK-Abschluss (Verkürzung möglich) & 7 Semester Regelstudienzeit bis zum Bachelor Abschluss
- Vergütung: 1. Ausbildungsjahr 1.400 €, 2. Ausbildungsjahr 1.450 €, 3. Ausbildungsjahr 1.500 €
- Voraussetzung: Fachabitur oder Abitur. Beste Chancen haben Schüler:innen mit einem Notenschnitt von 2,5 oder besser
- Übernahme aller Studiengebühren durch Loco-Soft
- Duale Studenten erhalten ein eigenes Apple iPad inkl. Pencil zum Lernen

Was Dich erwartet / Deine Aufgaben

- Umfängliche Analyse von Kunden- und Prozessanforderungen
- Weitsichtige Planung von Softwarekonzepten
- Eigenmotiviertes und kreatives Entwickeln von Softwarelösungen
- Allgemeinverständliches Dokumentieren der erarbeiteten Lösungen
- Kollegiales Abstimmen und Unterstützen im Team

Was wir erwarten / Dein Profil

- Vorkenntnisse in einer oder mehreren Programmiersprachen
- Freude an Teamarbeit
- Bereitschaft, die IT-Komponenten als kreatives Arbeitsmittel zu nutzen
- Selbstständiges Eindenken in komplexe mathematische Zusammenhänge

Was wir bieten / Deine Perspektive

- Berufseinstieg in einer Zukunftsbranche
- intensive Einarbeitung durch Ausbilder*in & interne Schulungen
- flache Hierarchie und familiärer Umgang
- Förderung Deiner Stärken und deren Weiterentwicklung
- umfangreiche Zusatzleistungen wie kostenfreie Kaffee-, Obst- und Sportangebote, betriebliche Altersvorsorge, Freizeiträume inkl. Massagesessel
- regelmäßige Team-Events
- modernes Arbeitsumfeld
- anteilige Tätigkeit im Homeoffice nach Einarbeitung möglich
- Unser Ziel: unbefristete Übernahme aller Azubis / dualer Studenten nach der Ausbildung

Interesse? Dann freuen wir uns über Deine aussagekräftige Bewerbung (per E-Mail an [bewerbung@loco-soft.de](mailto:bewerbung@loco-soft.de) mit PDF-Anhang oder direkt über die Homepage)

Mehr Infos unter: www.loco-soft.de/ausbildung","Loco-Soft ist das meistgenutzte Warenwirtschaft-System in Autohäusern und Kfz-Betrieben im deutschsprachigen Raum. Unser Programm wird von über 20 Automobilherstellern und –importeuren empfohlen. Rund 3.400 Autohäuser in Deutschland, Österreich und der Schweiz arbeiten täglich mit Loco-Soft. Um auch weiterhin den vielfältigen Anforderungen gerecht zu werden, suchen wir für Sommer 2026 tatkräftige Unterstützung für unser eigenständiges Entwickler-Team.
Informationen zum dualen Studium",2026-06-11T08:15:28.767616+00:00
14332-00002f25dc7001-S,fachinformatiker_ae_2026,REMONDIS IT Services GmbH,Lünen,"Brunnenstraße 138, 44536 Lünen",Duales Studium | Fachinformatiker/in - Anwendungsentwicklung,dual,2026,8,,80,company,,https://www.arbeitsagentur.de/jobsuche/jobdetail/14332-00002f25dc7001-S,ba_portal,,https://www.arbeitsagentur.de/jobsuche/jobdetail/14332-00002f25dc7001-S,REMONDIS IT Services GmbH | Duales Studium | Fachinformatiker/in - Anwendungsentwicklung | Lünen,ya,belum,rendah,"Im Auftrag der Zukunft – Wir bewegen Ideen: Aus Wertstoff wird Rohstoff, aus Biomasse Strom, aus Abfall Wärme, aus Wasser Leben. Mehr als 40.000 Menschen arbeiten bei REMONDIS an ganzheitlichen Lösungen, die Fortschritt und Ressourcenschonung in Einklang bringen. Gemeinsam, wieder und wieder, weltweit.

Duales Studium – Softwaretechnik (m/w/d)

- Firmensitz Lünen // zum 01.08.2026
- Stellen-Nr.: 157187

Deine Qualifikationen auf einen Blick

- Dein Abitur oder Fachabitur schließt Du mit guten bis sehr guten Leistungen in Deutsch, Mathematik, Englisch und Informatik ab
- Du hast ein ausgeprägtes Interesse an IT-Themen und begeisterst dich für Computertechnik, Programmiersprachen und mathematisch-technische Aufgaben
- Darüber hinaus besitzt du ein logisches und ana­lytisches Denkvermögen
- Idealerweise konntest du bereits erste praktische Erfahrungen durch Praktika, Nebenjobs oder private Projekte sammeln
- Kommunikationsstärke und Freude an der Arbeit im Team runden Dein Profil ab

So sieht Deine Ausbildung bei uns aus

- Dein duales Bachelorstudium absolvierst du im Bereich der Softwaretechnik an der Fachhochschule Dortmund
- In neun Semestern (4,5 Jahre) erreichst Du neben dem Bachelor of Science auch den IHK-Ausbil­dungs­abschluss zum Fachinformatiker (m/w/d) in der Fachrichtung Anwendungsentwicklung
- Dabei ergänzen wir das Studium an der Fachhochschule um abwechslungsreiche Praxiseinheiten in unseren verschiedenen Abteilungen, z. B. der Anwendungsentwicklung und der IT-Infrastruktur, in denen Du als Teil des Teams mitwirkst
- In deiner betrieblichen Ausbildung lernst du u. a., wie moderne Software entsteht – von der Planung über die Entwicklung bis hin zur Einführung
- Du besuchst 3x pro Woche die Fachhochschule Dortmund und hast so die Möglichkeit, Theorie und Praxis perfekt miteinander zu verknüpfen
- Nach deinem Studium hast du nicht nur einen Bachelor-Abschluss in der Tasche, sondern auch eine abgeschlossene Berufsausbildung – und damit beste Chancen für deinen Einstieg in die IT-Welt

Das macht die REMONDIS business IT aus

- Sehr gute Rahmenbedingungen: Eine übertarifliche Ausbildungsvergütung, Urlaubs- und Weihnachtsgeld, ein flexibles Arbeitszeitmodell sowie eine moderne IT-Ausstattung
- Mentoring: Eine intensive und persönliche Betreuung durch unser erfahrenes Ausbildungsteam während der gesamten Ausbildungszeit
- Veranstaltungen: Einführungstage und Azubi-Events fördern den Zusammenhalt unter unseren Nachwuchskräften
- Prämie: Gute Leistungen in der Abschlussprüfung belohnen wir mit einer zusätzlichen Prämie
- Übernahme: In unserem stetig wachsenden Unternehmen stehen Dir vielfältige Übernahmechancen und Entwicklungsmöglichkeiten nach der Ausbildung offen
- Weiterbildung: Mit unseren modernen E-Learning-Plattformen fördern wir Deine individuelle Lern- und Karriereentwicklung und bieten dir eine intensive Prüfungsvorbereitung
- Mitarbeiterrabatte: Mit attraktiven Corporate-Benefits erhältst Du Vergünstigungen bei vielen Kooperationspartnern (z.B. in den Bereichen Fitness, Reisen, Mode und Elektronik)

Die Zukunft gehört Dir: Bewirb Dich jetzt mit Deinem persönlichen Anschreiben, Lebenslauf, den letzten beiden Schulzeugnissen sowie möglichen weiteren Unterlagen auf www.remondis-it.de

REMONDIS business IT solutions GmbH // Romina Manig // +49 2306 106 1562","Deine Qualifikationen auf einen Blick
- Dein Abitur oder Fachabitur schließt Du mit guten bis sehr guten Leistungen in Deutsch, Mathematik, Englisch und Informatik ab
- Du hast ein ausgeprägtes Interesse an IT-Themen und begeisterst dich für Computertechnik, Programmiersprachen und mathematisch-technische Aufgaben
- Darüber hinaus besitzt du ein logisches und ana­lytisches Denkvermögen
- Idealerweise konntest du bereits erste praktische Erfahrungen durch Praktika, Nebenjobs oder private Projekte sammeln
- Kommunikationsstärke und Freude an der Arbeit im Team runden Dein Profil ab",2026-06-11T08:15:41.863453+00:00
NRW-1584-2748,ausbildung_nrw_ae,MIBS AG,Mülheim an der Ruhr,Wasserstraße 3-7 45468 Mülheim an der Ruhr,Ausbildung | Fachinformatiker/in - Anwendungsentwicklung (2026),dual,,,,80,company,join@mibs-ag.de,https://karriere.mibs-ag.de/jobposting/a7efd31731d19322ca3b49b55f11b608ab85e8220?ref=homepage,email,"Kontakt
0208 300 45 0
join@mibs-ag.de
https://www.mibs-ag.de
Wasserstraße 3-7
45468 Mülheim an der Ruhr
A
Annika Kalendek
Talent Acquisition
0208 300 45 0
join@mibs-ag.de
Social Media
Profil bei Kununu
Profil bei LinkTree
Standort
+
–
⤢
Standorte
Wasserstraße 3-7
45468 Mülheim an der Ruhr
info@ausbildung.nrw
Kontakt
Datenschutz
Impressum
Ausbildung.NRW ist ein Kooperationsprojekt der Industrie- und Handelskammern in Nordrhein-Westfalen.
umgesetzt von der www.spieker.agency",,MIBS AG | Ausbildung | Fachinformatiker/in - Anwendungsentwicklung (2026) | Mülheim an der Ruhr,tidak,belum,tinggi,"Fachinformatiker/in - Anwendungsentwicklung (2026)

Fachinformatiker/in - Anwendungsentwicklung in Mülheim an der Ruhr (2026)
Mehr Informationen
Angebote
Duales Studium
Duale Ausbildung (Vollzeit)
Praktikum

Schon gewusst?
Wir bilden intensiv aus - Ausbildung ist unsere DNA und das seit über 20 Jahren. Gehen wir ein Ausbildungsverhältnis ein, möchten wir eine langfristige Beziehung aufbauen. Aus diesem Grund sind wir seit 2021 wiederkehrend Ausbilder des Jahres und können uns über eine Übernahmequote von über 80% freuen.

So kannst du dich bewerben",,2026-06-12T09:57:13.653250+00:00
12462-1582922-1-S,fachinformatiker_ae,BMW AG,München,80809 München,Duales Studium | Fachinformatiker/in - Anwendungsentwicklung,dual,2027,9,,80,company,,https://www.arbeitsagentur.de/jobsuche/jobdetail/12462-1582922-1-S,ba_portal,Du hast noch Fragen? Hilfreiche Tipps zu deiner Bewerbung und dem Bewerbungsprozess findest du hier  .,https://www.arbeitsagentur.de/jobsuche/jobdetail/12462-1582922-1-S,BMW AG | Duales Studium | Fachinformatiker/in - Anwendungsentwicklung | München,ya,belum,rendah,"Stellenreferenz: 181679


Mit unseren Marken BMW, MINI, Rolls-Royce und BMW Motorrad sind wir einer der weltweit führenden Premium-Hersteller von Automobilen sowie Motorrädern und darüber hinaus Anbieter von Premium-Finanz- und Mobilitätsdienstleistungen.


Hinweis: Dieser Studiengang wird als Studium mit vertiefter Praxis angeboten.


Du möchtest an Zukunftsthemen arbeiten, IT-Profi werden und magst Herausforderungen? Dann ist dieses Studium genau das Richtige für dich. Denn hier bist du am Puls der Zeit und mittendrin. Mit deinem dualen Studium trägst du dazu bei, die BMW Group fit für die Zukunft zu machen und begleitest uns auf dem Weg zur Tech-Company. Egal ob autonomes Fahren, vernetzte Fahrzeuge, Data Analytics, App Entwicklung, Cyber Security oder agile Softwareentwicklung – ohne dich läuft es nicht!


Was lernst du bei uns?

-       Grundlagenkenntnisse über die BMW IT-Welt und Mitwirkung bei ihrer Weiterentwicklung.

-       Selbstständige Planung und Umsetzung agiler IT-Projekte.

-       Umsetzen von Anforderungen unserer Kund:innen in IT-Lösungen.

-       Anwendung von Softwareentwicklungswerkzeugen für anwendungsgerechte und ergonomische Bedienoberflächen.

-       Beheben von Fehlern durch den Einsatz von Experten- und Diagnosesystemen.

-       Programmiersprachen (bspw. Java oder C++).

-       Einsetzen deiner persönlichen Stärken in verschiedensten Abteilungen.

-       Theoretische Kenntnisse in spannenden Vorlesungen des Studiums wie bspw. Software-Engineering, IT-Systeme, Algorithmen oder Datenstrukturen und deren Verbindung zur angewandten Mathematik.


Was erwartet dich nach dem dualen Studium?

-       Innovative IT-Projekte.

-       Mitarbeit in und Steuerung von agilen Teams.

-       Entwicklung interner IT-Tools und -Services.

-       Spannende Einsatzbereiche wie Forschung und Entwicklung im Themenfeld autonomes Fahren, Optimierung von Prozessen in der Produktion, Entwicklung intelligenter Services für Fahrzeugsysteme unserer Kund:innen etc.

-       Persönliche Weiterentwicklung und Verantwortungsübernahme in Projekt- und Führungspositionen möglich.


Was bringst du mit?

-       Motivation, Eigeninitiative und Verantwortungsbewusstsein.

-       Freude an der Zusammenarbeit mit anderen Menschen im multikulturellen/internationalen Umfeld.

-       Interesse an IT und Programmierung.

-       Analytisches Denkvermögen.

-       Spaß am Lösen von Problemen.

-       Verständnis für betriebswirtschaftliche Zusammenhänge und Prozesse.

-       Offenheit gegenüber Neuem.

-       Serviceorientierung und Kommunikationsstärke.

-       Freude an Informatik und Mathe.

-       Gute Deutschkenntnisse.

-       (Fach-) Hochschulreife oder Abitur.


Ausbildungs- und Studiendauer.

4,5 Jahre


Mehr Infos zum Programmablauf sowie zu den Studieninhalten erhältst duhier  .


Startdatum: ab 01.09.2027


Hilfreiche Tipps zu deiner Bewerbung und dem Bewerbungsprozess findest du unter https://www.bmwgroup.jobs/de/de/jobs/richtig-bewerben.html  


Wir bei der BMW Group legen großen Wert auf Gleichbehandlung und Chancengleichheit. Unsere Recruiting-Entscheidungen basieren auf der Persönlichkeit, den Erfahrungen und Fähigkeiten der Bewerber:innen.

Mehr dazu unter www.bmwgroup.jobs/chancengleichheit﻿  


Du hast noch Fragen? Hilfreiche Tipps zu deiner Bewerbung und dem Bewerbungsprozess findest du hier  .


Worauf kannst du dich freuen?

- Attraktive, faire Vergütung inkl. Weihnachts- und Urlaubsgeld.
- Hervorragende Übernahmechancen.
- Berufsunfähigkeitsversicherung.
- Flexible Arbeitszeiten und Freizeitausgleich.
- Persönliche Förderung.
- Viele Entwicklungsmöglichkeiten.
- Abwechslungsreiche und spannende Aufgaben.
- Attraktive Azubi-Fahrzeugmiete.
- Individuelle Fahrtkostenzuschussregelungen und/oder kostenloses Deutschlandticket.
- Bezuschusste Azubi-Wohnheime (nur am Standort München).
- Vergünstigungen und Mitarbeiterrabatte.
- Betriebsrestaurants und Cafés.
- Fitness- und Freizeitangebote.
- Und vieles mehr siehe  bmw.jobs/waswirbieten﻿   ","-       Umsetzen von Anforderungen unserer Kund:innen in IT-Lösungen.
-       Anwendung von Softwareentwicklungswerkzeugen für anwendungsgerechte und ergonomische Bedienoberflächen.
Fachgebundene Hochschulreife",2026-06-11T09:14:46.460522+00:00
20471-2240552-S,fachinformatiker_ae,Hoffmann SE,München,"Haberlandstraße 55, 81241 München",Ausbildung | Fachinformatiker/in - Anwendungsentwicklung,dual,,,,80,company,recruiting@hoffmann-group.com,https://www.arbeitsagentur.de/jobsuche/jobdetail/20471-2240552-S,email,"- Direkter Ansprechpartner (m/w/d)
- Kostenfreies Betriebsrestaurant mit Frühstücksbuffet und Mittagsmenü aus regionalen, biologischen Produkten \- vegetarische Alternative vorhanden
- Kostenloser Werkbezug auf den gesamten Hoffmann-Katalog",https://www.arbeitsagentur.de/jobsuche/jobdetail/20471-2240552-S,Hoffmann SE | Ausbildung | Fachinformatiker/in - Anwendungsentwicklung | München,tidak,belum,tinggi,"### Dein Beruf
  Du begeisterst dich für hochmoderne Technologien und Programmierung im Bereich Cloud Entwicklung und Internet der Dinge? Du hast immer Weiterentwicklungen und Verbesserungen im Blick? Du wolltest schon immer wissen, wie ein Global Player im Werkzeughandel, sich in der digitalen Transformation wandelt und digitale Geschäftsmodelle erschließt? Dann ist das duale Studium Duales Studium Informatik genau das Richtige für dich.  
### Das lernst du in deinem Studium
  Während deines dualen Studiums lernst du den kompletten Produktlebenszyklus von digitalen Plattformprodukten kennen. Von deren Konzeptionierung über die Ausgestaltung ihrer Architektur und der tatsächlichen Entwicklung im Rahmen eines Minimum Viable Products (MVP), bis hin zum Marktlaunch und der folgenden kontinuierlichen Weiterentwicklung deines Produkts. Dazu erlernst du die Grundlagen der Programmierung und vertiefst individuell Interessenbereiche gemeinsam mit dem passenden Fachbereich bei Hoffmann. So erhältst du einen tiefen Einblick in die spannende Welt der Digitalisierung im Kontext des Werkzeughandels und der Industrie 4.0. Das ermöglicht dir hinter die allseits präsenten Buzzwords wie ,,Internet of Things"" und ,,digitale Transformation"" zu blicken und die digitale Zukunft bei einem Marktführer im Werkzeughandel mitzugestalten.  Im ersten Studienjahr beginnt, neben den Grundlagen der Programmierung und dem Erlernen der Hoffmann Basics, die Spezialisierung ,,Software Engineering"". Bereits ab dem zweiten Studienjahr führst du selbstständig mit den betreffenden Fachbereichen eigene Software-Projekte. Parallel erlernst du an der Hochschule IU alle grundlegenden theoretischen Konzepte sowie vertieftes Wissen in den Bereichen Datenstrukturen, Algorithmen, Betriebssysteme, Digitale Technologien, UX Design, und vieles mehr. Nach einer ausführlichen Praxisphase im dritten Studienjahr schließt du dein duales Studium mit einer Bachelorarbeit im Kontext eines eigenständigen Entwicklungsprojekts ab.   
### Unser dualer Partner \- IU Internationale Hochschule
  Studieren, aber auch im Job was bewegen. Du willst beides? Dann mach beides! Denn mit einem dualen Studium an der IU kannst Du studieren und gleichzeitig arbeiten: Du wechselst regelmäßig zwischen Theorie-Veranstaltungen an der IU und Praxisphasen im Unternehmen \- und bereitest Dich so perfekt auf Deinen Berufseinstieg vor.  An der IU kannst Du in ganz unterschiedlichen Bereichen mit einem dualen Studium durchstarten \- und das deutschlandweit mit über 35 Studienorten. Einige Studiengänge kannst Du sogar ortsunabhängig am virtuellen Campus studieren. Damit bist Du maximal flexibel. Bildung auf Deine Art \- die IU macht's möglich!  Das duale Studium ist darauf ausgelegt dich zu einem eigenständigen Full-Stack Entwickler (m/w/d) mit Verständnis für die Business Aspekte der digitalen Transformation von Unternehmen auszubilden. Du wolltest immer schon mal wissen wie eine Data Science Abteilung arbeitet, oder wie Unternehmen sich gegen Cyberkriminalität wappnen? Kein Problem, all das und noch viele weitere Fachbereiche von Hoffmann wirst du im Laufe des dualen Studiums kennenlernen.   
### Das bringst du mit

 
- Du hast das Fachabitur oder Abitur
- Du bist zuverlässig, engagiert und fokussiert
- Neue Technologien und Programmierung begeistern dich
- Du hast Lust Neues zu lernen, dich zu verändern und dich ständig weiterzuentwickeln
- Du liebst es im Team zu arbeiten, hast Spaß an Projekten und übernimmst gerne Verantwortung
- Dein Ziel ist es die digitale Zukunft mitzugestalten
- Du hast im besten Fall schon erste Erfahrungen in der Programmierung durch Praktika, Nebenjobs oder eigenständiges Ausprobieren gesammelt
- Du interessierst dich für digitale Plattformen und deren Geschäftsmodelle
- Du bist fit in Englisch und kannst mehr als nach dem Weg fragen



### Das bietet dir Hoffmann

 
- Direkter Ansprechpartner (m/w/d)
- Kostenfreies Betriebsrestaurant mit Frühstücksbuffet und Mittagsmenü aus regionalen, biologischen Produkten \- vegetarische Alternative vorhanden
- Kostenloser Werkbezug auf den gesamten Hoffmann-Katalog
- EGYM Wellpass-Mitgliedschaft (Zugang zu über 8.000 Sporteinrichtungen, wie Fitness\- und Yogastudios, Schwimmbädern oder auch Crossfit\- und Boulderhallen) oder
- monatlicher Zuschuss für den Besuch eines Fitnessstudios und Betriebsarzt
- Fahrtkostenerstattung
- Auslandsaufenthalt
- Praxisnahe Seminare und flexibles Lernen mit einer Lern-App
- Flexible Arbeitszeiten (38,5h Arbeitswoche)
- Überdurchschnittliche Bezahlung
- Kaffee, Wasser, Tee und Obst zur freien Verfügung
- Sehr gute Übernahmechancen
- Eigener Firmenlaptop
- Verantwortung von Anfang an

  **Ein Studium bei uns bedeutet..** ... Spaß und Spannung durch vielseitige Projekte und anspruchsvolle Aufgaben  ... du wirst zu einem wahren Profi deiner Fachrichtung  ... individuelle Förderung durch Seminare und Fortbildungen, die dich optimal auf deine berufliche Zukunft vorbereiten  ... gemeinsam im Team Verantwortung für die Planung und Durchführung von aufregenden Events und Aktionen zu übernehmen  **Dein Weg zu uns** Wir möchten Sie herzlich dazu ermutigen, sich für die ausgeschriebene Position zu bewerben, selbst wenn Sie nicht alle der oben beschriebenen Qualifikationen vorweisen können. Uns ist in erster Linie wichtig, dass Sie Freude an der Arbeit empfinden und den Wunsch verspüren, etwas zu bewegen. Bei unserer Auswahl legen wir großen Wert auf Vielfalt und Offenheit. Daher heißen wir alle Bewerbungen herzlich willkommen, unabhängig von Geschlecht, Nationalität, ethnischer und sozialer Herkunft, Religion/Weltanschauung, Beeinträchtigungen, Alter sowie sexueller Orientierung und Identität. Starte jetzt deinen Hoffmann Coup und mache den ersten Schritt in dein Berufsleben mit einer Ausbildung in der Hoffmann Group!   Wir freuen uns auf deine Online-Bewerbung! **Kontakt** Findest Du Dich hier wieder? Bei Fragen stehen wir Dir jederzeit unter der recruiting@hoffmann-group.com oder +49 89 8391-9000 zur Verfügung. Willst Du nähere Informationen zu unserem Bewerbungsprozess, dann schau gerne auf unserer Karriereseite vorbei. Hoffmann SE, Martina Buitkamp \- Corporate Human Resources. Haberlandstraße 55, 81241 Deutschland, Internet: www.hoffmann-group.com **Wer wir sind** Mehr als 4.000 hoch motivierte MitarbeiterInnen in über 50 Ländern machen mit ihrer Leistung die Hoffmann Group zu dem, was sie heute ist: Europas führender Partner für Qualitätswerkzeuge, Betriebseinrichtungen und Persönliche Schutzausrüstung. Unser gesundes Wachstum spiegelt sich unter anderem im weltweiten Jahresumsatz von mehr als 1,5 Mrd. Euro Umsatz in 2023 wider. Als Familienunternehmen bieten wir eine Arbeitsumgebung, die von gegenseitigem Vertrauen geprägt ist und in der sich Leistung und Engagement lohnen. Wir fördern Eigeninitiative, Kreativität und eigenverantwortliches, ergebnisorientiertes Handeln.","### Das bringst du mit
- Du hast das Fachabitur oder Abitur
- Du bist zuverlässig, engagiert und fokussiert
- Neue Technologien und Programmierung begeistern dich
- Du hast Lust Neues zu lernen, dich zu verändern und dich ständig weiterzuentwickeln
- Du liebst es im Team zu arbeiten, hast Spaß an Projekten und übernimmst gerne Verantwortung
- Dein Ziel ist es die digitale Zukunft mitzugestalten
- Du hast im besten Fall schon erste Erfahrungen in der Programmierung durch Praktika, Nebenjobs oder eigenständiges Ausprobieren gesammelt
- Du interessierst dich für digitale Plattformen und deren Geschäftsmodelle
- Du bist fit in Englisch und kannst mehr als nach dem Weg fragen",2026-06-11T09:14:27.926114+00:00
NRW-2836-5274,ausbildung_nrw_ae,wp.DATA Kommunikations GmbH,Neuss,Fuggerstraße 9 41468 Neuss,Ausbildung | Fachinformatiker/in - Anwendungsentwicklung,dual,,,,80,company,jobs@wpdata.com,https://www.wpdata.com/karriere/,email,"Du kannst dich ganz einfach über das Kontaktformular auf unserer Website, über die IHK-Lehrstellenbörse oder direkt per E-Mail an die hinterlegte Ansprechperson bewerben.
Kontakt
021314037-100
jobs@wpdata.com
https://www.wpdata.com
Fuggerstraße 9
41468 Neuss
Jürgen Seifert
Geschäftsführer/ SAP Consulting
+49(2131)4037-0
jobs@wpdata.com
Rainer Schumacher
Geschäftsführer/ IT Consulting
+49(2131)4037-0
jobs@wpdata.com
Social Media
Standort
+
–
⤢
info@ausbildung.nrw
Kontakt
Datenschutz
Impressum
Ausbildung.NRW ist ein Kooperationsprojekt der Industrie- und Handelskammern in Nordrhein-Westfalen.
umgesetzt von der www.spieker.agency",,wp.DATA Kommunikations GmbH | Ausbildung | Fachinformatiker/in - Anwendungsentwicklung | Neuss,tidak,belum,tinggi,"Fachinformatiker/in - Anwendungsentwicklung

Fachinformatiker/in - Anwendungsentwicklung in Neuss
Mehr Informationen
Angebote
Duales Studium
Duale Ausbildung (Vollzeit)

So kannst du dich bewerben
Du möchtest Teil unseres Teams werden? Dann freuen wir uns auf deine Bewerbung!
Wir freuen uns auf deine Bewerbung!
Mehr Informationen",,2026-06-12T09:59:57.832721+00:00
NRW-311-859,ausbildung_nrw_ae,"Westnetz GmbH,  Aus- und Weiterbildungszentrum Niederzier",Niederzier,Rurbenden 25 52382 Niederzier,"Ausbildung | Fachinformatiker/in - Anwendungsentwicklung (2027, 2028)",dual,,,,80,company,awz-niederzier@westnetz.de,https://ausbildung.westnetz.de/,email,"Kontakt
02428491111
awz-niederzier@westnetz.de
https://www.westnetz.de/de/karriere/schueler-innen.html
Rurbenden 25
52382 Niederzier
R
Recruitingteam Niederzier
Recruitingteam Niederzier
02428/49-1111
awz-niederzier@westnetz.de
Social Media
Standort
+
–
⤢
info@ausbildung.nrw
Kontakt
Datenschutz
Impressum
Ausbildung.NRW ist ein Kooperationsprojekt der Industrie- und Handelskammern in Nordrhein-Westfalen.
umgesetzt von der www.spieker.agency",,"Westnetz GmbH,  Aus- und Weiterbildungszentrum Niederzier | Ausbildung | Fachinformatiker/in - Anwendungsentwicklung (2027, 2028) | Niederzier",tidak,belum,tinggi,"Fachinformatiker/in - Anwendungsentwicklung (2027, 2028)

Fachinformatiker/in - Anwendungsentwicklung in Niederzier (2027, 2028)
Mehr Informationen
Angebote
Duales Studium
Berufsfelderkundungstag
Duale Ausbildung (Vollzeit)
Praktikum

Schon gewusst?
Wir haben einiges zu bieten
Ein attraktiver Arbeitgeber hat viele Vorteile
- Eine attraktive Brutto-Ausbildungsvergütung von 1.333,00 € im ersten Ausbildungsjahr bis 1.623,00 € im vierten Ausbildungsjahr
- 750 € Startprämie nach dem vierten Ausbildungsmonat
- Hochwertiges Tablet oder Laptop während der Ausbildung
- Jahresvertrag nach erfolgreich abgeschlossener Ausbildung
- Vergünstigte Mahlzeiten in der Kantine
Mehr Informationen

So kannst du dich bewerben
Wir sehen Dich! Du uns auch?
Wir freuen uns auf Deine Bewerbung unter ausbildung.westnetz.de",,2026-06-12T09:59:50.175141+00:00
13649-10246770AZ-S,fachinformatiker_ae,DATEV eG,"Nürnberg, Mittelfranken","90429 Nürnberg, Mittelfranken",Ausbildung | Fachinformatiker/in - Anwendungsentwicklung,dual,,,,80,partner_portal,,https://www.azubi.de/ausbildungsplatz/10246770?utm_campaign=job&utm_medium=premiumcpc&utm_source=BAG&utm_content=job,portal,"* Betreuung: Wir bieten dir eine individuelle Ausbildungs- und Einsatzplanung sowie persönliche und fachliche Betreuung durch kompetente Ansprechpartner:innen.
* Attraktive Vergütung und Benefits: Neben einer fairen Bezahlung profitierst du von zahlreichen Vorteilen, wie flexiblen Arbeitszeiten, der Möglichkeit zum mobilen Arbeiten und einem modern ausgestatteten Arbeitsplatz.
* Flexible Arbeitsgestaltung: Du hast die Möglichkeit, das Studium und die Arbeit so zu gestalten, dass sie zu deinem Leben passen. Flexibilität und eine gute Work-Life-Balance sind uns wichtig.",https://www.arbeitsagentur.de/jobsuche/jobdetail/13649-10246770AZ-S,"DATEV eG | Ausbildung | Fachinformatiker/in - Anwendungsentwicklung | Nürnberg, Mittelfranken",tidak,belum,sedang,"Das ist dein Arbeitsumfeld:

Bei DATEV arbeitest du nicht nur in einem Team, sondern bist von Anfang an Teil einer Gemeinschaft, die rund 200 Auszubildende und dual Studierende umfasst. Du bist in verschiedene Aufgaben eingebunden, die sowohl herausfordernd als auch abwechslungsreich sind. Gemeinsam sorgen wir für exzellente Kundenberatung und langfristige Geschäftsbeziehungen. Du arbeitest in einem dynamischen und innovativen Umfeld, das neuen Ideen und Weiterentwicklungen stets offen gegenübersteht.

Das solltest du mitbringen:

* Voraussetzungen: Du hast einen mittleren Schulabschluss oder Abitur/Fachabitur mit guten Ergebnissen.
* Erfahrung: Erste Erfahrungen in der Nutzung von Programmiersprachen im schulischen oder privaten Bereich sind von Vorteil, aber kein Muss.
* Kommunikationsstärke: Du fühlst dich wohl im Gespräch mit anderen und bringst dich aktiv ein.
* Teamfähigkeit: Du hast Spaß daran, sowohl im Team zu arbeiten als auch eigenverantwortlich Aufgaben zu übernehmen.
* Logisches Denkvermögen: Es fällt dir leicht logische Zusammenhänge zu erfassen und Neues zu lernen.
* Digitale Affinität: Du fühlst dich in der digitalen Welt wohl und willst sie aktiv mitgestalten.

Das bieten wir dir:

* Betreuung: Wir bieten dir eine individuelle Ausbildungs- und Einsatzplanung sowie persönliche und fachliche Betreuung durch kompetente Ansprechpartner:innen.
* Attraktive Vergütung und Benefits: Neben einer fairen Bezahlung profitierst du von zahlreichen Vorteilen, wie flexiblen Arbeitszeiten, der Möglichkeit zum mobilen Arbeiten und einem modern ausgestatteten Arbeitsplatz.
* Flexible Arbeitsgestaltung: Du hast die Möglichkeit, das Studium und die Arbeit so zu gestalten, dass sie zu deinem Leben passen. Flexibilität und eine gute Work-Life-Balance sind uns wichtig.
* Und vieles mehr…

Das sind deine Aufgaben:

* Programmierung: Du lernst verschiedene Programmiersprachen kennen, z. B. Java oder C# und nutzt sie in echten Softwareprojekten.
* Entwicklung von Softwarelösungen: Du entwickelst gemeinsam mit deinem Team Softwarelösungen für echte Kundenbedürfnisse.
* Qualitätssicherung: Du testest Anwendungen automatisiert und findest dabei Fehler, bevor sie beim Kunden ankommen.
* Agilität: Du arbeitest mit modernen Entwicklungsmethoden wie Scrum oder Kanban – das heißt: kurze Abstimmungen, klare Ziele, schnelle Ergebnisse.","* Voraussetzungen: Du hast einen mittleren Schulabschluss oder Abitur/Fachabitur mit guten Ergebnissen.
* Erfahrung: Erste Erfahrungen in der Nutzung von Programmiersprachen im schulischen oder privaten Bereich sind von Vorteil, aber kein Muss.
* Kommunikationsstärke: Du fühlst dich wohl im Gespräch mit anderen und bringst dich aktiv ein.
* Teamfähigkeit: Du hast Spaß daran, sowohl im Team zu arbeiten als auch eigenverantwortlich Aufgaben zu übernehmen.
* Logisches Denkvermögen: Es fällt dir leicht logische Zusammenhänge zu erfassen und Neues zu lernen.
* Digitale Affinität: Du fühlst dich in der digitalen Welt wohl und willst sie aktiv mitgestalten.",2026-06-11T09:11:28.016613+00:00
10000-1202576713-S,fachinformatiker_ae_2026,Oldenburgische Landesbank AG,Oldenburg (Oldb),"Stau 15/17, 26122 Oldenburg (Oldb)",Duales Studium | Fachinformatiker/in - Anwendungsentwicklung,dual,2026,,gehalt (gemäß Tarifvertrag ab 01.08.2025)**,80,ba_portal,,https://www.arbeitsagentur.de/jobsuche/jobdetail/10000-1202576713-S,ba_portal,,https://www.arbeitsagentur.de/jobsuche/jobdetail/10000-1202576713-S,Oldenburgische Landesbank AG | Duales Studium | Fachinformatiker/in - Anwendungsentwicklung | Oldenburg (Oldb),ya,belum,rendah,"## Duales Studium Wirtschaftsinformatik 2026 (m/w/d)



Die OLB ist eine breit aufgestellte Universalbank mit norddeutschem Ursprung und bundesweiter Präsenz. Mit uns ist Bankgeschäft einfach – wir sind unkompliziert, klar und smart. Dank grundsolidem Banking seit über 150 Jahren und einem klugen Wachstumskurs haben wir uns zu einem bedeutenden Finanzinstitut in Europa entwickelt. In der OLB sind uns gegenseitige Wertschätzung, ein ehrlicher Umgang und die Begegnung auf Augenhöhe wichtig. Außerdem wollen wir etwas bewegen – und entwickeln uns dynamisch weiter. All das sind wir, für all das stehen wir. Wir sind Team OLB – bist du dabei?



**#schonentschieden?**

Du hast Lust auf ein duales Studium im IT-Bereich und willst dabei Theorie und Praxis bestmöglich kombinieren? Dann bist du bei uns genau richtig.

**Studien- und Ausbildungsdauer**

- Nach 2,Jahren Abschluss Fachinformatiker Anwendungsentwicklung (w/m/d)
- Nach 3,5 Jahren Bachelor of Science Wirtschaftsinformatik (w/m/d)



**Nach deinem Abschluss**

- Vielfältige Entwicklungswege, abgestimmt auf deine persönlichen Wünsche und Ziele



**Ausbildungsorte**

- Abteilung Informationstechnologie in der OLB-Zentrale in Oldenburg
- Hospitation in Bankfiliale
- IBS IT & Business School Oldenburg

Weitere Infos zum Studium findest du [hier](https://www.ibs-ol.de/wirtschaftsinformatik)



**Arbeitszeit**

- 39 Stunden Woche
- 30 Tage Jahresurlaub
- Heiligabend + Silvester frei
- Sonderurlaub für Bachelorarbeit



**Ausbildungsgehalt (gemäß Tarifvertrag ab 01.08.2025)**

1. Ausbildungsjahr 1.350 EUR brutto

2. Ausbildungsjahr 1.420 EUR brutto

3. Ausbildungsjahr 1.500 EUR brutto

Nach bestandener Prüfung IHK Fachinformatiker Anwendungsentwicklung (w/m/d): 1.800 Euro brutto (bis zum Abschluss deines Studiums)

- Mindestens 13 Gehälter/Jahr (nach Tarifvertrag im privaten Bankgewerbe)
- Vermögenswirksame Leistungen: 40 Euro jeden Monat



**Deine Gesundheit ist uns wichtig**

- Betriebssport
- Seminare zu Work-Life-Balance und Umgang mit Stress



**Das erwartet dich bei uns**

- **30 Tage Urlaub** im Jahr und zusätzlich 2 freie Tage an Heiligabend und Silvester
- **Praxisorientierung**: umfassende Einblicke mit verantwortungsvollen Aufgaben
- **OLB-Team:** familiäre und moderne Arbeitsatmosphäre mit Du-Kultur
- Finanzielle Zuschüsse: **Lernmittelzuschuss** in Höhe von insgesamt 650 Euro während der Ausbildung, z.B. für Tablet und Lernmittel
- Darüber hinaus vielseitige **Weiterentwicklungsmöglichkeiten** durch moderne E-Learnings, die dich in deiner Ausbildung begleiten und unterstützen
- **Mobilität**: z.B. Zuschüsse zum Deutschlandticket, zu Fahrtkosten und Hotelkostenübernahme
- **Teambuilding**: Firmenevents wie zum Beispiel unser jährliches Sommerfest, regelmäßige Azubievents
- **Umfangreiche Mitarbeiterkonditionen**: Kostenloses Girokonto XL inkl. Kreditkarte Gold, vergünstigte Versicherungstarife bei der Allianz
- **Betriebliche Altersvorsorge**



Du willst wissen, wer wir als OLB sind? Dann schau dir [hier](https://www.olb.de/olb/karriere/die-olb-bank-als-arbeitgeber/arbeitgeber-mit-zukunft#DeineVorteile) an, was uns besonders macht.



#schonentschieden? Dann komm ins Team OLB.

Wir freuen uns auf deine Bewerbung. Bis bald!",,2026-06-11T08:15:17.204877+00:00
NRW-3840-7234,ausbildung_nrw_ae,BENTELER Gruppe,Paderborn,Marienloher Str. 27 33104 Paderborn,Ausbildung | Fachinformatiker/in - Anwendungsentwicklung (2026),dual,,,,80,company,Deine.Ausbildung@benteler.com,https://career.benteler.jobs/job-invite/44037/,email,"Kontakt
05254 81 209441
Deine.Ausbildung@benteler.com
http://www.benteler.de/ausbildung
Marienloher Str. 27
33104 Paderborn
T
Tim Schaefer
BENTELER Human Resources
+49525481148116
Deine.Ausbildung@benteler.com
Y
Yvonne Brenke
BENTELER Human Resources
+49 5254 81148115
Deine.Ausbildung@benteler.com
Social Media
Standort
+
–
⤢
Standorte
Ziegeleistraße 7
33165 Lichtenau-Kleinenberg
Lütkefeld 7
34414 Warburg
Frachtstraße 10-14
33602 Bielefeld
Marienloherstr. 27
33104 Paderborn
Niederdarmer Str. 5
49811 Lingen (Ems)
info@ausbildung.nrw
Kontakt
Datenschutz
Impressum
Ausbildung.NRW ist ein Kooperationsprojekt der Industrie- und Handelskammern in Nordrhein-Westfalen.
umgesetzt von der www.spieker.agency",,BENTELER Gruppe | Ausbildung | Fachinformatiker/in - Anwendungsentwicklung (2026) | Paderborn,tidak,belum,tinggi,"Fachinformatiker/in - Anwendungsentwicklung (2026)

Fachinformatiker/in - Anwendungsentwicklung in Paderborn (2026)
Mehr Informationen
Fachinformatiker/in - Systemintegration in Paderborn (2026)
Mehr Informationen
Industriekaufmann/frau in Paderborn (2026)
Mehr Informationen
Industriemechaniker/in in Lichtenau-Kleinenberg / Warburg / Paderborn / Lingen (Ems) (2026)
Mehr Informationen
Mechatroniker/in in Paderborn / Lichtenau-Kleinenberg / Warburg (2026)
Mehr Informationen
Verfahrenstechnologe/in Metall - Stahlumformung in Paderborn / Lingen (Ems) (2026)
Mehr Informationen
Werkstoffprüfer/in - Metalltechnik in Paderborn (2026)
Mehr Informationen
Werkzeugmechaniker/in in Paderborn / Lichtenau-Kleinenberg / Warburg (2026)
Mehr Informationen
Zerspanungsmechaniker/in in Paderborn (2026)
Mehr Informationen
Elektroniker/in – Betriebstechnik in Bielefeld (2026)
Mehr Informationen
Angebote
Duales Studium
Berufsfelderkundungstag
Praktikum
Duale Ausbildung

Schon gewusst?
Verbinde praktische Ausbildung und Studium - mit einem dualen Studium bei BENTELER! Hier findest du alle unsere Kombinationsstudiums-Stellenangebote: www.benteler.de/duales-studium

So kannst du dich bewerben
Für junge Menschen ist eine Berufsausbildung bei BENTELER eine Top-Chance für einen Berufseinstieg beim größten Arbeitgeber in Paderborn oder bei einem der vielen weiteren BENTELER-Standorte in Deutschland.
Durch Kooperationen mit Schulen, Schülerpraktika und Schnuppertage wollen wir dir nicht nur interessante Ausbildungsmöglichkeiten näherbringen, sondern auch die Möglichkeit zu einer Karriere in einem internationalen Erfolgsunternehmen eröffnen.
Dabei ist es egal, ob du im Metall-, Elektro- oder IT-Bereich startest, ob Berufsausbildung oder Kombinationsstudium - starte mit einer Ausbildung bei BENTELER in deine erfolgreiche berufliche Zukunft.
Bewirb dich jetzt!
Wir suchen ständig nach qualifiziertem Nachwuchs.
www.benteler.de/ausbildung
Mehr Informationen",,2026-06-12T09:53:44.181269+00:00
NRW-4568-8461,ausbildung_nrw_ae,S&N Invent GmbH,Paderborn,Klingenderstrasse 5 33100 Paderborn,Ausbildung | Fachinformatiker/in - Anwendungsentwicklung (2025),dual,,,,80,company,matthew.langham@sn-invent.de,https://karriere.sn-invent.de/job/ausbildung-fachinformatiker-anwendungsentwicklung-paderborn/,email,"Kontakt
052511581557
matthew.langham@sn-invent.de
https://www.sn-invent.de
Klingenderstrasse 5
33100 Paderborn
M
Matthew Langham
Ausbildungsleiter
052511581557
matthew.langham@sn-invent.de
Social Media
Standort
+
–
⤢
info@ausbildung.nrw
Kontakt
Datenschutz
Impressum
Ausbildung.NRW ist ein Kooperationsprojekt der Industrie- und Handelskammern in Nordrhein-Westfalen.
umgesetzt von der www.spieker.agency",,S&N Invent GmbH | Ausbildung | Fachinformatiker/in - Anwendungsentwicklung (2025) | Paderborn,tidak,belum,tinggi,"Fachinformatiker/in - Anwendungsentwicklung (2025)

Fachinformatiker/in - Anwendungsentwicklung in Paderborn (2025)
Mehr Informationen
Fachinformatiker/in - Systemintegration in Paderborn (2025)
Mehr Informationen
Angebote
Duales Studium
Berufsfelderkundungstag
Praktikum
Duale Ausbildung

Schon gewusst?
Seit über zwei Jahrzehnten rocken wir als anerkannter Ausbildungsbetrieb die IT-Welt! Mit unserem Know-How in der IT-Beratung und Softwareentwicklung ist unser Bereich „Professional Education“ der Place-to-Be für alle, die nach mehr streben! Hier erwartet dich keine 0815-Ausbildung, sondern maßgeschneiderte Möglichkeiten für eine praxisnahe IHK-Ausbildung mit Extraportion Qualifikation. Tauche ein und entdecke deine IT-Passion bei uns!
Mehr Informationen

So kannst du dich bewerben
Alle Stellenangebote findest Du unter https://karriere.sn-invent.de/jobboard/",,2026-06-12T09:58:36.279856+00:00
AD-3ffb2e0e-c94c-45d8-924f-82c2157c9fd1,ausbildung_de_ae,iglo GmbH,Reken,Aeckern 1 48734 Reken Nordrhein-Westfalen,Ausbildung | Fachinformatiker/in für Anwendungsentwicklung (m/w/d) (duales Studium möglich),dual,,,"1. Jahr: 1099 €
2. Jahr: 1254 €
3. Jahr: 1512 €",80,company,ausbildung-reken@iglo.com,https://www.ausbildung.de/direktbewerbung/ausbildung-fachinformatiker-in-fuer-anwendungsentwicklung-m-w-d-bei-iglo-gmbh-in-reken-a0ffd127-46d9-4249-946a-fdbc07e30a23/,email,,,iglo GmbH | Ausbildung | Fachinformatiker/in für Anwendungsentwicklung (m/w/d) (duales Studium möglich) | Reken,tidak,belum,tinggi,"Fachinformatiker/in für Anwendungsentwicklung (m/w/d) (duales Studium möglich)

Das erwartet Dich während Deiner 3-jährigen Ausbildung:
- Du lernst ein breites Spektrum der Informatik kennen mit vielfältigen Einsatzmöglichkeiten während und nach der Ausbildung
- Du arbeitest mit aktuellen Tools und Frameworks wie Azure DevOps, Git, Kubernetes, .NET und Blazor
- Du erhältst Einblicke in Software-Architektur, Clean Code und TDD
- Du arbeitest mit relationalen Datenbanken
- Du installierst und konfigurierst IT-Systeme
- Du vernetzt Dich mit Expert*innen aus den Fachabteilungen und lernst den gesamten Produktionsstandort kennen
- Du wirkst an der Weiter- und Neuentwicklung unserer IT-Systeme, des User-Supports und der Infrastruktur, sowie an Projekten zu den Themen Digitalisierung und Industrie 4.0 mit
- Du wirst während Deiner Ausbildung durch Deine Ausbilderin sowie eine Patin oder einen Paten begleitet
- Optional kann die Ausbildung auch als Duales Studium durchgeführt werden
Wenn Du folgende Fragen mit JA beantworten kannst, dann bewirb Dich bei uns!
- Besitzt/erwirbst Du die Hoch- oder Fachhochschulreife?
- Hast Du gute Noten in den MINT-Fächern sowie gute Englischkenntnisse?
- Interessieren Dich Programmierung und Softwaredesign?
- MS-Office Produkte wie Outlook, Excel und OneNote sind für Dich kein Neuland?
- Besitzt Du technisches Verständnis und magst es kundenorientiert zu handeln und Kolleg*innen bei fachspezifischen Problemen zu unterstützen?
- Bist Du kreativ und arbeitest gern im Team, kannst Du logisch und abstrakt denken?
Freu Dich auf:
eine facettenreiche Ausbildung in einem zukunftsorientierten und wachsenden Unternehmen. Du arbeitest in einem europaweit agierenden Konzern, welcher in allen Bereichen tiefe Einblicke in die Prozesse bietet. Schon in der Ausbildung erhältst Du eine hohe tarifliche Vergütung und 30 Urlaubstage. Zudem gibt es regelmäßig Azubi-Events und weitere betriebliche Angebote.
Was wir Dir zusätzlich bieten:
- Team-Events, Betriebsausflüge
- Ideen & Mitbestimmung
- betriebliches Gesundheitsmanagement
- Fortbildungen und Workshops
- Zuschuss zu Fahrtkosten (Tankkarte) oder Job Ticket
- Ausbildungs-Paten
- hauseigene Kantine mit Frühstücksbuffet
- Vergünstigungen im werkseigenen Fabrikverkauf
- 13. Gehalt plus Urlaubsgeld
- 38 Stunden Woche
Bewirb Dich jetzt!
Noten und Schulabschluss sind wichtig, aber noch entscheidender ist Deine Persönlichkeit und ob Du zu der Stelle passt! Du möchtest Verantwortung übernehmen, neue Herausforderungen entdecken und wünschst Dir einen Arbeitgeber, der Dich dabei unterstützt? - Dann ist iglo genau das Richtige für Dich!

Mittlere Reife",Mittlere Reife,2026-06-11T11:19:47.790552+00:00
10000-1206407145-S,fachinformatiker_ae_2026,Stadtverwaltung Rheine,Rheine,"Klosterstr. 14, 48431 Rheine",Ausbildung | Fachinformatiker/in - Systemintegration,dual,2027,8,"Vergütung (brutto) im ersten Ausbildungsjahr 1.368,26 €",80,ba_portal,,https://www.arbeitsagentur.de/jobsuche/jobdetail/10000-1206407145-S,ba_portal,,https://www.arbeitsagentur.de/jobsuche/jobdetail/10000-1206407145-S,Stadtverwaltung Rheine | Ausbildung | Fachinformatiker/in - Systemintegration | Rheine,ya,belum,rendah,"Starte deine Zukunft bei der Stadt Rheine!

Auszubildende/r zum/zur Fachinformatiker/-in Systemintegration (m/w/d)

Beginn: 01.08.2027

Du interessierst dich für IT-Systeme und möchtest verstehen, wie digitale Infrastruktur im Hintergrund funktioniert? Dann starte deine Ausbildung bei der Stadtverwaltung Rheine.

Als Fachinformatiker/-in für Systemintegration sorgst du dafür, dass die IT in der Verwaltung zuverlässig funktioniert. Du richtest Systeme ein, betreust die IT-Infrastruktur und unterstützt dabei, Anwendungen im Arbeitsalltag sinnvoll einzusetzen. Außerdem hilfst du Kolleginnen und Kollegen bei technischen Fragen und sorgst dafür, dass sie sicher und effizient mit den Systemen arbeiten können. 

Warum wir - und warum du bei uns gut aufgehoben bist:

Mit rund 80.000 Einwohnerinnen und Einwohnern ist Rheine eine lebendige Stadt im Städtedreieck Münster–Osnabrück–Enschede. Mehr als 850 Mitarbeitende sowie rund 30 Auszubildende und dual Studierende sorgen täglich dafür, dass unsere Stadt funktioniert und sich weiterentwickelt.

Bei uns arbeitest du von Anfang an im Team mit und übernimmst schnell eigene Aufgaben – immer mit Unterstützung erfahrener Kolleginnen und Kollegen. Du bekommst Einblicke in verschiedene IT-Bereiche und arbeitest an Aufgaben, die direkt den Arbeitsalltag der Verwaltung betreffen. Außerdem gibt es regelmäßig Projekte und Veranstaltungen, bei denen du dich mit anderen Auszubildenden vernetzen kannst.

Das erwartet dich in der Ausbildung:

- eine dreijährige Ausbildung mit Fachpraxis in der EDV-Abteilung der Stadtverwaltung Rheine und Berufsschulunterricht an den kaufmännischen Schulen Tecklenburger Land in Ibbenbüren
- Berufsschulunterricht in den ersten beiden Ausbildungsjahren an zwei Tagen in der Woche, im dritten Jahr einmal wöchentlich
- monatliche Vergütung (brutto) im ersten Ausbildungsjahr 1.368,26 €, im zweiten Ausbildungsjahr 1.418,20 € und im dritten Ausbildungsjahr 1.464,02 € (Stand: 01.05.2026)
- vermögenswirksame Leistungen auf Antrag sowie das Deutschlandticket
- Jahressonderzahlung und eine Prämie bei erfolgreicher Abschlussprüfung

Das solltest du mitbringen:

- Fachoberschulreife (bei Ausbildungsbeginn)
- Du arbeitest gerne im Team, bist zuverlässig und gehst Aufgaben strukturiert und gewissenhaft an.
- Du hast Interesse an IT und digitalen Prozessen in der öffentlichen Verwaltung.
- Du analysierst gerne Probleme, denkst dich in komplexe Zusammenhänge ein und triffst überlegte Entscheidungen.
- Du hast Interesse daran, digitale Abläufe in der Verwaltung aktiv mitzugestalten.

Klingt nach dir? Dann bewirb dich!

Ende der Bewerbungsfrist: 31. Juli 2026

Am einfachsten geht es über das Online-Bewerbungsportal über den Link [https://karriere.rheine.de/v8n1o](https://karriere.rheine.de/v8n1o). Weitere Informationen findest du unter https://www.rheine.de/ausbildung. Bewerbungen schwerbehinderter Menschen sind ausdrücklich willkommen.

Wenn du Fragen hast, hilft dir gerne Herr Michael Staggenborg, Telefon 05971 939-234.

Stadt Rheine
Der Bürgermeister
Fachbereich Interner Service
Klosterstraße 14
48431 Rheine",Mittlere Reife / Realschulabschluss,2026-06-11T08:15:43.332174+00:00
10000-1203335869-S,fachinformatiker_ae_2026,Salzgitter Flachstahl GmbH,Salzgitter,"Eisenhüttenstr. 99, 38239 Salzgitter",Duales Studium | Fachinformatiker/in - Anwendungsentwicklung,dual,2026,,,80,ba_portal,,https://www.arbeitsagentur.de/jobsuche/jobdetail/10000-1203335869-S,ba_portal,,https://www.arbeitsagentur.de/jobsuche/jobdetail/10000-1203335869-S,Salzgitter Flachstahl GmbH | Duales Studium | Fachinformatiker/in - Anwendungsentwicklung | Salzgitter,ya,belum,rendah,"Im Rahmen des StuPrax (STUdium im PRAXisverbund) der [Salzgitter Flachstahl GmbH](https://www.salzgitter-flachstahl.de/ ""Salzgitter Flachstahl GmbH"") bieten wir Dir die Möglichkeit, eine interessante Berufsausbildung und ein herausforderndes Studium optimal zu verzahnen.
Du erhältst in den ersten 2 Jahren eine Ausbildung als Fachinformatiker Fachrichtung Anwendungsentwicklung (w/m/d). Die Berufsausbildung erfolgt parallel zum Informatikstudium. Nach weiteren 1 1/2 Jahren endet dies mit der Erlangung des Abschlusses als Bachelor of Science an der Ostfalia Hochschule, Wolfenbüttel.

Deine monatliche Vergütung pro Monat in Euro:

- 1. + 2. Semester: 1.101 €
- 3. + 4. Semester: 1.156 €
- 5. Semester: 1.239 €
- 6. Semester: 1.345 €
- 7. Semester: 4.540,84 €

Zusätzlich übernehmen wir Deine Beiträge zum Studentenwerk und zu den Verwaltungskosten der Hochschule.

### Deine Aufgaben

- Entwurf, Programmierung, Integration und Pflege von Informationssystemen
- Auswertung und Analyse von z. B. Produktionsdaten
- Entwurf, Programmierung, Integration und Pflege von Datenbankanwendungen und Informationssystemen
- Sicherstellung und Verbesserung der Datenqualität
- Technische Kundenberatung: Bildung der Schnittstelle zwischen unseren Kunden, der Forschung und Entwicklung, den Produktionsbetrieben usw.
- Zusätzlich zur Berufsausbildung absolvierst Du Dein Studium an der Ostfalia Hochschule, Wolfenbüttel

### Dein Profil

- Hochschulzugangsberechtigung / Fachhochschulzugangsberechtigung (Note mind. 2,4 bzw. 2,0)
- Gute bis sehr gute Noten in naturwissenschaftlichen Fächern, insbesondere Mathematik und Physik
- Gute Kenntnisse in Englisch und Informatik
- Begeisterung für Technik
- Überdurchschnittliche Eigeninitiative, Leistungsbereitschaft sowie Leistungsmotivation
- Analytische, selbständige sowie eigenverantwortliche Denk- und Arbeitsweise

### Unser Angebot

- Ein vielseitiges, interessantes und praxisbezogenes Duales Studium in einem international tätigen und zukunftsorientierten Unternehmen
- Gute Übernahmechancen nach erfolgreichem Abschluss des Studiums sowie vielfältige Weiterbildungs- und Entwicklungsmöglichkeiten
- Eine moderne und mitarbeiterorientierte Firmenkultur mit familiärer Arbeitsatmosphäre
- Attraktive Konditionen (z.B. 30 Tage Urlaub/Jahr, überdurchschnittliche Ausbildungsvergütung und Sozialleistungen wie Gesundheitsförderung und Sportangebote)

Ausbildungsdauer: 3,5 Jahre.

Du bist interessiert?

Dann bewirb dich einfach online.

Wir freuen uns darauf, Dich kennenzulernen.","### Dein Profil
- Hochschulzugangsberechtigung / Fachhochschulzugangsberechtigung (Note mind. 2,4 bzw. 2,0)
- Gute bis sehr gute Noten in naturwissenschaftlichen Fächern, insbesondere Mathematik und Physik
- Gute Kenntnisse in Englisch und Informatik
- Begeisterung für Technik
- Überdurchschnittliche Eigeninitiative, Leistungsbereitschaft sowie Leistungsmotivation
- Analytische, selbständige sowie eigenverantwortliche Denk- und Arbeitsweise",2026-06-11T08:15:39.938784+00:00
NRW-3639-6886,ausbildung_nrw_ae,PTx Trimble,Salzkotten,Franz-Kleine-Straße 18 33154 Salzkotten,Ausbildung | Fachinformatiker/in - Anwendungsentwicklung (2026),dual,,,,80,company,info-me@ptxtrimble.com,https://mueller-elektronik.de/microsite-karriere/ausbildungsangebot-salzkotten/,email,"Kontakt
+49 5258 98340
info-me@ptxtrimble.com
https://www.mueller-elektronik.de/
Franz-Kleine-Straße 18
33154 Salzkotten
Benedikt Krüger
Ausbilder Fachinformatik Anwendungsentwicklung
+49 5258 9834 - 1321
b.krueger-vollmari@ptxag.com
J
Julian Köhler
Ausbilder Elektroniker für Geräte und Systeme
+49 5258 9834 -1952
julian.koehler@ptxag.com
D
Dagmar Mertens
Ausbilderin kaufmännische Ausbildung
+49 5258 9834 -1223
julia.holtgreve@ptxtrimble.com
Social Media
Standort
+
–
⤢
info@ausbildung.nrw
Kontakt
Datenschutz
Impressum
Ausbildung.NRW ist ein Kooperationsprojekt der Industrie- und Handelskammern in Nordrhein-Westfalen.
umgesetzt von der www.spieker.agency",,PTx Trimble | Ausbildung | Fachinformatiker/in - Anwendungsentwicklung (2026) | Salzkotten,tidak,belum,tinggi,"Fachinformatiker/in - Anwendungsentwicklung (2026)

Fachinformatiker/in - Anwendungsentwicklung in Salzkotten (2026)
Industriekaufmann/frau in Salzkotten (2026)
Elektroniker/in – Geräte und Systeme in Salzkotten (2025, 2026)
Angebote
Duales Studium
Berufsfelderkundungstag
Praktikum
Duale Ausbildung

Schon gewusst?
Die Ausbildung bei PTx Trimble ist anders als die meisten anderen Ausbildungen. Wir haben keinen starren Plan, dem du in deiner Ausbildung folgen wirst. Dein Weg in der Ausbildung richtet sich nach deinen Fähigkeiten und Talenten. Wir schnüren individuelle Aufgabenpakete, die dich fachlich und persönlich bilden werden. Die Projekte, die du während der Ausbildung bearbeiten wirst, sind echte Projekte, die deinen Kollegen ihre Arbeit vereinfachen und dich gleichzeitig auf deinen zukünftigen Einsatz bei PTx Trimble vorbereiten.
Mehr Informationen

So kannst du dich bewerben
Postfach auf - Bewerbung rein - Azubi sein!",,2026-06-12T09:58:16.287987+00:00
NRW-677-13584,ausbildung_nrw_ae,technotrans SE,Sassenberg,Robert-Linnemann-Straße 17 48336 Sassenberg,Ausbildung | Fachinformatiker/in - Anwendungsentwicklung (2027),dual,,,,80,company,anna-lena.freese@technotrans.de,https://karriere.technotrans.de/Vacancies/1411/Description/1?lang=%20ger,email,"Kontakt
02583/301-1022
anna-lena.freese@technotrans.de
https://www.technotrans.de/home
Robert-Linnemann-Straße 17
48336 Sassenberg
Anna-Lena Offers
Ausbildungsleiterin
02583/301-1022
anna-lena.offers@technotrans.de
Marie Berheide
Specialist Talent Acquisition
+49 2583 301 1250
marie.berheide@technotrans.de
Social Media
Profil bei TikTok
Standort
+
–
⤢
info@ausbildung.nrw
Kontakt
Datenschutz
Impressum
Ausbildung.NRW ist ein Kooperationsprojekt der Industrie- und Handelskammern in Nordrhein-Westfalen.
umgesetzt von der www.spieker.agency",,technotrans SE | Ausbildung | Fachinformatiker/in - Anwendungsentwicklung (2027) | Sassenberg,tidak,belum,tinggi,"Fachinformatiker/in - Anwendungsentwicklung (2027)

Fachinformatiker/in - Anwendungsentwicklung in Sassenberg (2027)
Mehr Informationen
Technische/r Systemplaner/in – Elektrotechnische Systeme in Sassenberg (2027)
Mehr Informationen
Bachelor of Engineering Elektrotechnik in Sassenberg (2027)
Mehr Informationen
Stellenangebote
Angebote
Duales Studium
Berufsfelderkundungstag
Duale Ausbildung (Vollzeit)
Praktikum

So kannst du dich bewerben
Bewirb dich in nur 90 Sekunden direkt über unsere Unternehmenshomepage. Dort kannst du ein Anschreiben, Lebenslauf sowie dein aktuellstes Schulzeugnis mit hochladen.",,2026-06-12T09:59:19.417256+00:00
NRW-1498-2516,ausbildung_nrw_ae,Günther Spelsberg GmbH + Co. KG,Schalksmühle,Im Gewerbepark 1 58579 Schalksmühle,Ausbildung | Fachinformatiker/in - Anwendungsentwicklung (2025),dual,,,,80,company,ausbildung@spelsberg.de,https://www.spelsberg.de/ueber-uns/karriere/ausbildung/ausbildung-fachinformatikerin-fuer-anwendungsentwicklung-mwd-2025-azu000066/schalksmuehle/,email,"Kontakt
02355 892106
ausbildung@spelsberg.de
https://www.spelsberg.de/ueber-uns/karriere/ausbildung/
Im Gewerbepark 1
58579 Schalksmühle
Hannah Baumann
Personalreferentin Personalentwicklung
02355 892106
hba@spelsberg.de
C
Carolin Gabel
Personalwesen
02355 892119
cgb@spelsberg.de
Social Media
Profil bei Instagram Azubis
Standort
+
–
⤢
info@ausbildung.nrw
Kontakt
Datenschutz
Impressum
Ausbildung.NRW ist ein Kooperationsprojekt der Industrie- und Handelskammern in Nordrhein-Westfalen.
umgesetzt von der www.spieker.agency",,Günther Spelsberg GmbH + Co. KG | Ausbildung | Fachinformatiker/in - Anwendungsentwicklung (2025) | Schalksmühle,tidak,belum,tinggi,"Fachinformatiker/in - Anwendungsentwicklung (2025)

Fachinformatiker/in - Anwendungsentwicklung in Schalksmühle (2025)
Mehr Informationen
Kaufmann/frau - Digitalisierungsmanagement in Schalksmühle (2025)
Mehr Informationen
Angebote
Duales Studium
Berufsfelderkundungstag
Duale Ausbildung (Vollzeit)
Praktikum

Zusammenhalt wird bei Spelsberg großgeschrieben – und das seit über 120 Jahren. Als Familienbetrieb setzen wir auf ein starkes Team und die individuellen Talente unserer Mitarbeiter:innen. Wir bieten unseren Auszubildenden regelmäßige Azubi-Tage, an denen der gemeinsame Austausch im Mittelpunkt steht – und der Spaß natürlich nicht zu kurz kommt. In spannenden Azubi-Projekten kannst du außerdem eigene Idee einbringen. Du profitierst von einer individuellen Betreuung durch deine Ausbilder:innen und kannst dich während deiner gesamten Ausbildung auf das Spelsberg Team verlassen, das dir bei Fragen und Anliegen stets zur Seite steht. Mit uns bist du optimal auf deine anstehenden Prüfungen vorbereitet – sodass deiner weiteren Karriere nichts mehr im Weg steht.
Mehr Informationen
Schon gewusst?
Bei Spelsberg hast du die Möglichkeit, ein Duales Studium im kaufmännischen, gewerblich-technischen oder im IT-Bereich zu absolvieren.
Wir kooperieren mit mehreren Partner-Hochschulen und übernehmen für dich selbstverständlich die anfallenden Studiengebühren.

So kannst du dich bewerben
Bitte bewirb dich über unser Online-Bewerbungsportal auf unserer Internetseite.
Füge in deiner Bewerbung auf deinen Wunsch-Ausbildungsberuf einfach einen Vermerk hinzu, dass du an einem dualen Studium interessiert bist. Über die Einzelheiten (Studiengang und Hochschule) können wir uns gerne im Bewerbungsprozess unterhalten.
Mehr Informationen",,2026-06-12T09:55:57.366106+00:00
NRW-783-1278,ausbildung_nrw_ae,ALSO Deutschland GmbH,"Soest, Germany","Lange Wende 43 59494 Soest, Germany",Ausbildung | Fachinformatiker/in - Anwendungsentwicklung,dual,,,,80,company,human-resources-de@also.com,https://,email,"Kontakt
02921991321
anna-lena.ruehlmann@also.com
https://www.also.com
Lange Wende 43
59494 Soest, Germany
Anna-Lena Rühlmann
Ausbildungsleitung
02921990
anna-lena.ruehlmann@also.com
Social Media
Standort
+
–
⤢
Standorte
Christian Pommer Straße 35
38112 Braunschweig
schlesische straße 130
94315 Straubing
Lange Wende 43
59494 Soest
info@ausbildung.nrw
Kontakt
Datenschutz
Impressum
Ausbildung.NRW ist ein Kooperationsprojekt der Industrie- und Handelskammern in Nordrhein-Westfalen.
umgesetzt von der www.spieker.agency",,"ALSO Deutschland GmbH | Ausbildung | Fachinformatiker/in - Anwendungsentwicklung | Soest, Germany",tidak,belum,tinggi,"Fachinformatiker/in - Anwendungsentwicklung

Fachinformatiker/in - Anwendungsentwicklung in Soest, Germany
Mehr Informationen
Duales Studium Betriebswirtschaftslehre in Soest, Germany
Mehr Informationen
Fachkraft – Lagerlogistik in Soest, Germany
Mehr Informationen
Kaufmann/frau - E-Commerce in Soest, Germany
Mehr Informationen
Kaufmann/frau - IT-System-Management in Soest, Germany
Mehr Informationen
Angebote
Duales Studium
Berufsfelderkundungstag
Duale Ausbildung (Vollzeit)
Sonstiges
Praktikum

So kannst du dich bewerben
Alles klar?
Hast Du Deinen Traumberuf entdeckt? Weißt Du, welche Karriere Du bei uns starten möchtest? Dann freuen wir uns auf Deine Bewerbung.",,2026-06-12T09:53:03.733624+00:00
10001-1001676623-S,fachinformatiker_ae_2026,BHS Corrugated Maschinen- und Anlagenbau GmbH,Weiherhammer,"Paul-Engel-Str. 1, 92729 Weiherhammer",Duales Studium | Fachinformatiker/in - Anwendungsentwicklung,dual,2026,,,80,ba_portal,,https://www.arbeitsagentur.de/jobsuche/jobdetail/10001-1001676623-S,ba_portal,,https://www.arbeitsagentur.de/jobsuche/jobdetail/10001-1001676623-S,BHS Corrugated Maschinen- und Anlagenbau GmbH | Duales Studium | Fachinformatiker/in - Anwendungsentwicklung | Weiherhammer,ya,belum,rendah,"## **BHS Corrugated**

 
BHS Corrugated ist mit mehr als 3.500 MitarbeiterInnen an ihrem Hauptsitz in Weiherhammer sowie in mehr als 20 Ländern weltweit vertreten und ist der führende Lösungsanbieter der Wellpappenindustrie. 
Unser Produktportfolio umfasst Hochleistungs-Wellpappenanlagen, Single-Pass-Inkjet Digitaldruck, digital gesteuerte Intralogistik und datengetriebene Prozesse. Diese Lösungen werden abgesichert von Lifecycle Services, die es unseren Kunden ermöglichen, der Konkurrenz einen Schritt voraus zu sein und neue Performance-Standards zu setzen.
 
**Informationen zum Bachelorstudiengang Industrie-4.0-Informatik:**

Das Studium der Industrie-4.0-Informatik beschäftigt sich mit den modernen Informatikbereichen wie Data Analytics, Cyberphysische Systeme, Industrial Ethernet oder Informationssicherheit. Hintergrund hierzu ist der der Wandel der industriellen Produktion, in der die reale und virtuelle Welt, Industrie und Informatik immer schneller zusammenwachsen. Die „Industrie 4.0“ und die „Digitalisierung“ stellen neue Herausforderungen an Informatiker und Ingenieure, aber auch an die Wirtschaft. Moderne Unternehmen brauchen Fachkräfte, die an der Schnittstelle zwischen Informatik und Ingenieurswissenschaften arbeiten. Hier setzt der Studiengang „Industrie-4.0-Informatik“ an.
In der neuen digital vernetzten Produktionswelt werden die Übergänge zwischen Maschinenbau, Elektrotechnik und Informatik fließend. Die Industrie setzt vermehrt auf dezentrale, hochvernetzte Produktionseinheiten, welche flexibel umgestaltet werden können. Aber auch intelligente Werkunterstützungssysteme, die die Zusammenarbeit von Mensch und Maschine in der Produktion verdichten, stellen neue Anforderungen an Ingenieure (m/w/d). Industrie-4.0-Informatik studieren bedeutet: Programmier-Können mit soliden Ingenieurkenntnissen und modernem IT-Methodenwissen verbinden und anwenden.

**Allgemeine Studieninhalte:**

- Grundlagen der Ingenieurswissenschaften
- Kern-Informatik
- spezieller Anwendungsbereich „Industrie 4.0“
- fachübergreifende Grundlagen und Schlüsselkompetenzen
- Praxis

**Schwerpunkt Industrie 4.0:**

- Cyberphysische Systeme, Sensoren-Aktoren-Netze
- Embedded Systems und eingebettete Intelligenz
- Internet of Things, Produktgedächtnisse
- Big Data / Data Analytics
- Intelligente Mensch-Maschine-Schnittstellen, Werker-Führungssysteme, Fabrik-Apps
- Echtzeitbetriebssysteme
- Cybersicherheit, Netzwerksicherheit, Penetration Testing
- Innovative Fabriksysteme/Fertigungsleittechnik
 
Das Studium führt in sechs Präsenzsemestern und einem Praxissemester zum Bachelor of Engineering (B.Eng.).

**Informationen zum Ausbildungsberuf Fachinformatiker (m/w/d) - Anwendungsentwicklung:**

Fachinformatiker (m/w/d) im Bereich Anwendungsentwicklung setzen fachspezifische Anforderungen in komplexe Hard- und Softwaresysteme um. Sie analysieren, planen und realisieren informations- und telekommunikationstechnische Systeme. Weiter führen sie neue oder modifizierte Systeme der Informations- und Telekommunikationstechnik ein. Kunden und Benutzern stehen sie für die fachliche Beratung, Betreuung und Schulung zur Verfügung. Typische Einsatzgebiete in der Fachrichtung Anwendungsentwicklung sind z.B. kaufmännische Systeme, technische Systeme, Expertensysteme, mathematisch-wissenschaftliche Systeme oder Multimedia-Systeme.

**Ausbildungsinhalte:**

- Konzeption und Realisierung kundenspezifischer Softwareanwendungen
- Testen und Dokumentieren von Anwendungen
- Modifizierung bestehender Anwendungen
- Einsetzen von Methoden der Projektplanung, -durchführung und -kontrolle
- Anwendung von Software-Entwicklungswerkzeugen
- Entwicklung anwendungsgerechter und ergonomischer Bedienoberflächen
- Behebung von Fehlern durch den Einsatz von Experten- und Diagnosesystemen

**Voraussetzungen**

Abitur bzw. Fachhochschulreife
 
**Ausbildungsdauer**

4,5 Jahre
 

## **Wir bieten...**

- eine fachliche und persönliche Berufsausbildung auf höchstem Niveau
- eine den Anforderungen und Aufgaben entsprechend angepasste Ausbildungsvergütung
- 30 Tage Urlaub, Urlaubs- und Weihnachtsgeld
- Sonderurlaub (Nachmittag) an Kirwamontag und Faschingsdienstag
- Unterstützung für die individuelle Altersvorsorge
- Zeugnisprämie
- kompetente und praxiserfahrene Ausbilder
- Kennenlern- und Bildungstage zu Ausbildungsbeginn
 
**Deine Vorteile:**
- individuell angepasste Ausbildungsmöglichkeiten eines Hidden Champions
- umfangreiche Fort- und Weiterbildungsangebote
- Möglichkeit von Montage- und Auslandseinsätzen
- unbeschränkte Karriere- und Aufstiegsmöglichkeiten innerhalb des BHS-Konzerns
- unmittelbare Umsetzung von Theorie in Praxis
- Besuch von Sprachkursen
 
**Des Weiteren:**
- Organisation und Teilnahme am jährlichen BHS-Betriebsfest
- finanzieller Zuschuss und Freistellung (Prüfung) für PKW-Führerschein
- Erstattung der Fahrtkosten für die Berufsschule
- kostenlose Arbeitskleidung für gewerbliche Auszubildende","In der neuen digital vernetzten Produktionswelt werden die Übergänge zwischen Maschinenbau, Elektrotechnik und Informatik fließend. Die Industrie setzt vermehrt auf dezentrale, hochvernetzte Produktionseinheiten, welche flexibel umgestaltet werden können. Aber auch intelligente Werkunterstützungssysteme, die die Zusammenarbeit von Mensch und Maschine in der Produktion verdichten, stellen neue Anforderungen an Ingenieure (m/w/d). Industrie-4.0-Informatik studieren bedeutet: Programmier-Können mit soliden Ingenieurkenntnissen und modernem IT-Methodenwissen verbinden und anwenden.
**Allgemeine Studieninhalte:**",2026-06-11T08:15:09.362426+00:00
NRW-315-4075,ausbildung_nrw_ae,Barmenia Krankenversicherung AG,Wuppertal,Barmenia-Allee 1 42119 Wuppertal,Ausbildung | Fachinformatiker/in - Anwendungsentwicklung (2027),dual,,,,80,company,ausbildung@barmenia.de,https://karriere.barmenia.blog/innendienst/ausbildung/fachinformatiker-in-der-anwendungsentwicklung/,email,"Kontakt
0202-4383752
ausbildung@barmenia.de
https://www.barmenia.de
Barmenia-Allee 1
42119 Wuppertal
M
Martin Dudek
Referent für Berufsausbildung
0202-4383348
martin.dudek@barmenia.de
Social Media
Standort
+
–
⤢
info@ausbildung.nrw
Kontakt
Datenschutz
Impressum
Ausbildung.NRW ist ein Kooperationsprojekt der Industrie- und Handelskammern in Nordrhein-Westfalen.
umgesetzt von der www.spieker.agency",,Barmenia Krankenversicherung AG | Ausbildung | Fachinformatiker/in - Anwendungsentwicklung (2027) | Wuppertal,tidak,belum,tinggi,"Fachinformatiker/in - Anwendungsentwicklung (2027)

Fachinformatiker/in - Anwendungsentwicklung in Wuppertal (2027)
Mehr Informationen
Koch/Köchin in Wuppertal (2027)
Mehr Informationen
Fachinformatiker/in - Anwendungsentwicklung in Wuppertal (2027)
Mehr Informationen
Fachinformatiker/in - Systemintegration in Wuppertal (2027)
Mehr Informationen
Kaufmann/frau - Versicherungen und Finanzanlagen in Wuppertal (2026)
Mehr Informationen
Kaufmann/frau - Versicherungen und Finanzanlagen in Wuppertal (2026, 2027)
Mehr Informationen
Angebote
Duales Studium
Duale Ausbildung (Vollzeit)
Praktikum

Schon gewusst?
Schon gewusst? Aus der Barmenia und der Gothaer wird die BarmeniaGothaer – Aus zwei starken Partnern wächst ein neues Unternehmen.

So kannst du dich bewerben
Bewirb dich einfach und direkt über unsere Online-Bewerbung unter: https://karriere.barmenia.blog/innendienst/ausbildung/
Wir freuen uns von dir zu hören!",,2026-06-12T09:53:38.588278+00:00
NRW-260-343,ausbildung_nrw_ae,Böhme & Weihs GmbH,Wuppertal,Linderhauser Str. 153 42279 Wuppertal,"Ausbildung | Fachinformatiker/in - Anwendungsentwicklung (2025, 2026)",dual,,,,80,company,info@boehme-weihs.de,https://job.proalpha.com/de/Ausbildung-zum-Fachinformatiker-Anwendungsentwicklung-mwd-de-j1090.html,email,"Kontakt
+49 202 / 38434 - 0
info@boehme-weihs.de
https://www.boehme-weihs.de
Linderhauser Str. 153
42279 Wuppertal
S
Schulze-Bentrop
Head of R&D Apllication and Operations
+49 202 / 38434 - 0
info@boehme-weihs.de
K
Karsten Wegelin
Ausbildungsleiter
+49 202 / 38434 - 0
info@boehme-weihs.de
Social Media
Standort
+
–
⤢
info@ausbildung.nrw
Kontakt
Datenschutz
Impressum
Ausbildung.NRW ist ein Kooperationsprojekt der Industrie- und Handelskammern in Nordrhein-Westfalen.
umgesetzt von der www.spieker.agency",,"Böhme & Weihs GmbH | Ausbildung | Fachinformatiker/in - Anwendungsentwicklung (2025, 2026) | Wuppertal",tidak,belum,tinggi,"Fachinformatiker/in - Anwendungsentwicklung (2025, 2026)

Fachinformatiker/in - Anwendungsentwicklung in Wuppertal (2025, 2026)
Mehr Informationen
Angebote
Duales Studium
Berufsfelderkundungstag
Duale Ausbildung (Vollzeit)
Praktikum

Schon gewusst?
https://www.boehme-weihs.de/de/q-blog

So kannst du dich bewerben
Gemeinsam wachsen!
Werden Sie ein Teil von Böhme & Weihs, einem Unternehmen der proALPHA Gruppe.
Sie wollen sich selbst weiterentwickeln und eine sichere Zukunft mit viel Gestaltungsfreiraum? Dann werden Sie bei uns Teil eines großen Ganzen: Ob businessorientiert oder technischer Schwerpunkt, unsere Jobs sind so vielfältig wie die Menschen, die bei uns arbeiten.
Aktuelle Stellenangebote bei Böhme & Weihs
Hier finden Sie den Job, der zu Ihnen passt.
Wir freuen uns auf Ihre Bewerbung
Hier geht's zum Jobportal
Mehr Informationen",,2026-06-12T09:54:09.231879+00:00
NRW-365-3000,ausbildung_nrw_ae,Stadt Wuppertal,Wuppertal,Johannes-Rau-Platz 1 42275 Wuppertal,Ausbildung | Fachinformatiker/in - Anwendungsentwicklung,dual,,,,80,company,ausbildung@stadt.wuppertal.de,https://www.wuppertal.de/microsite/wuppertalent/ausbildungsberufe/fachinformatiker-in-fachrichtung-anwendungsentwicklung.php,email,"Kontakt
02025634004
ausbildung@stadt.wuppertal.de
https://www.wuppertalent.de
Johannes-Rau-Platz 1
42275 Wuppertal
A
Ausbildungsteam
Azubihotline
02025634004
ausbildung@stadt.wuppertal.de
Social Media
Profil bei Karrierehomepage
Standort
+
–
⤢
info@ausbildung.nrw
Kontakt
Datenschutz
Impressum
Ausbildung.NRW ist ein Kooperationsprojekt der Industrie- und Handelskammern in Nordrhein-Westfalen.
umgesetzt von der www.spieker.agency",,Stadt Wuppertal | Ausbildung | Fachinformatiker/in - Anwendungsentwicklung | Wuppertal,tidak,belum,tinggi,"Fachinformatiker/in - Anwendungsentwicklung

Fachinformatiker/in - Anwendungsentwicklung in Wuppertal
Mehr Informationen
Fachinformatiker/in - Daten- und Prozessanalyse in Wuppertal
Mehr Informationen
Fachinformatiker/in - Systemintegration in Wuppertal
Mehr Informationen
Fachkraft – Lagerlogistik in Wuppertal
Mehr Informationen
Forstwirt/in in Wuppertal
Mehr Informationen
Geomatiker/in in Wuppertal
Mehr Informationen
IT-System-Elektroniker/in in Wuppertal
Mehr Informationen
Kaufmann/frau – Dialogmarketing in Wuppertal
Mehr Informationen
Kaufmann/frau - IT-System-Management in Wuppertal
Mehr Informationen
Koch/Köchin in Wuppertal
Mehr Informationen
Straßenwärter/in in Wuppertal
Mehr Informationen
Tiermedizinische/r Fachangestellte/r in Wuppertal
Mehr Informationen
Tierpfleger/in - Zootierpflege in Wuppertal
Mehr Informationen
Vermessungstechniker/in in Wuppertal
Mehr Informationen
Duales Studium - Bachelor of Laws im Ordnungsdienst (LL. B.) in Wuppertal
Mehr Informationen
Erzieher/in (staatl. anerkannte Ausbildung) in Wuppertal
Mehr Informationen
Kinderpfleger/in (staatl. anerkannte, praxisintegrierte Ausbildung) in Wuppertal
Mehr Informationen
Medizinische/r Fachangestellte/r in Wuppertal
Mehr Informationen
Kraftfahrzeugmechatroniker/in (KFZ) - Nutzfahrzeugtechnik in Wuppertal
Mehr Informationen
Duales Studium - Vermessungstechnik (Ausbildung + B. Eng.) in Wuppertal
Mehr Informationen
Duales Studium - Geoinformatik und Vermessung (Ausbildung + B.Eng.) in Wuppertal
Mehr Informationen
Duales Studium - Bachelor of Laws (LL. B.) in Wuppertal
Mehr Informationen
Verwaltungswirt/in in Wuppertal
Mehr Informationen
Duales Studium - Verwaltungsinformatik (Praxisintegriert + B. A.) in Wuppertal
Mehr Informationen
Verwaltungswirt/in - Ordnungsdienst in Wuppertal
Mehr Informationen
Duales Studium - Kindheitspädagogik (praxisintegriert + B.A.) in Wuppertal
Mehr Informationen
Angebote
Duales Studium
Duale Ausbildung (Vollzeit)
Praktikum

Schon gewusst?

So kannst du dich bewerben
Wir freuen uns über jede Bewerbung unabhängig von ethnischer, kultureller oder sozialer Herkunft, geschlechtlicher Identität, sexueller Orientierung, Weltanschauung, Religion, Alter oder Behinderung der Interessierten sowie deren Familienaufgaben. Schwerbehinderte Bewerberinnen und Bewerber werden bei gleicher Eignung besonders berücksichtigt.",,2026-06-12T09:59:04.271069+00:00
NRW-365-3001,ausbildung_nrw_dpa,Stadt Wuppertal,Wuppertal,Johannes-Rau-Platz 1 42275 Wuppertal,Ausbildung | Fachinformatiker/in - Daten- und Prozessanalyse,dual,,,,80,company,ausbildung@stadt.wuppertal.de,https://www.wuppertal.de/microsite/wuppertalent/ausbildungsberufe/fachinformatiker-in-fachrichtung-daten-und-prozessanalyse.php,email,"Kontakt
02025634004
ausbildung@stadt.wuppertal.de
https://www.wuppertalent.de
Johannes-Rau-Platz 1
42275 Wuppertal
A
Ausbildungsteam
Azubihotline
02025634004
ausbildung@stadt.wuppertal.de
Social Media
Profil bei Karrierehomepage
Standort
+
–
⤢
info@ausbildung.nrw
Kontakt
Datenschutz
Impressum
Ausbildung.NRW ist ein Kooperationsprojekt der Industrie- und Handelskammern in Nordrhein-Westfalen.
umgesetzt von der www.spieker.agency",,Stadt Wuppertal | Ausbildung | Fachinformatiker/in - Daten- und Prozessanalyse | Wuppertal,tidak,belum,tinggi,"Fachinformatiker/in - Daten- und Prozessanalyse

Fachinformatiker/in - Daten- und Prozessanalyse in Wuppertal
Mehr Informationen
Fachinformatiker/in - Systemintegration in Wuppertal
Mehr Informationen
Fachkraft – Lagerlogistik in Wuppertal
Mehr Informationen
Forstwirt/in in Wuppertal
Mehr Informationen
Geomatiker/in in Wuppertal
Mehr Informationen
IT-System-Elektroniker/in in Wuppertal
Mehr Informationen
Kaufmann/frau – Dialogmarketing in Wuppertal
Mehr Informationen
Kaufmann/frau - IT-System-Management in Wuppertal
Mehr Informationen
Koch/Köchin in Wuppertal
Mehr Informationen
Straßenwärter/in in Wuppertal
Mehr Informationen
Tiermedizinische/r Fachangestellte/r in Wuppertal
Mehr Informationen
Tierpfleger/in - Zootierpflege in Wuppertal
Mehr Informationen
Vermessungstechniker/in in Wuppertal
Mehr Informationen
Duales Studium - Bachelor of Laws im Ordnungsdienst (LL. B.) in Wuppertal
Mehr Informationen
Erzieher/in (staatl. anerkannte Ausbildung) in Wuppertal
Mehr Informationen
Kinderpfleger/in (staatl. anerkannte, praxisintegrierte Ausbildung) in Wuppertal
Mehr Informationen
Medizinische/r Fachangestellte/r in Wuppertal
Mehr Informationen
Kraftfahrzeugmechatroniker/in (KFZ) - Nutzfahrzeugtechnik in Wuppertal
Mehr Informationen
Duales Studium - Vermessungstechnik (Ausbildung + B. Eng.) in Wuppertal
Mehr Informationen
Duales Studium - Geoinformatik und Vermessung (Ausbildung + B.Eng.) in Wuppertal
Mehr Informationen
Duales Studium - Bachelor of Laws (LL. B.) in Wuppertal
Mehr Informationen
Verwaltungswirt/in in Wuppertal
Mehr Informationen
Duales Studium - Verwaltungsinformatik (Praxisintegriert + B. A.) in Wuppertal
Mehr Informationen
Verwaltungswirt/in - Ordnungsdienst in Wuppertal
Mehr Informationen
Duales Studium - Kindheitspädagogik (praxisintegriert + B.A.) in Wuppertal
Mehr Informationen
Angebote
Duales Studium
Duale Ausbildung (Vollzeit)
Praktikum

Schon gewusst?

So kannst du dich bewerben
Wir freuen uns über jede Bewerbung unabhängig von ethnischer, kultureller oder sozialer Herkunft, geschlechtlicher Identität, sexueller Orientierung, Weltanschauung, Religion, Alter oder Behinderung der Interessierten sowie deren Familienaufgaben. Schwerbehinderte Bewerberinnen und Bewerber werden bei gleicher Eignung besonders berücksichtigt.",,2026-06-12T10:01:12.655190+00:00
NRW-4865-9565,ausbildung_nrw_dpa,Einkaufsbüro Deutscher Eisenhändler GmbH,Wuppertal (Stadt),EDE Platz 1 42389 Wuppertal (Stadt),Ausbildung | Fachinformatiker/in - Daten- und Prozessanalyse (2026),dual,,,,80,company,ausbildung@ede.de,https://karriere.ede.de/offer/ausbildung-zum-fachinformatiker-fur/4da11fd3-20fd-43e6-936e-c620376ec145,email,"Kontakt
020260968135
ausbildung@ede.de
https://www.ede.de
EDE Platz 1
42389 Wuppertal (Stadt)
K
Katharina Rülke
HR Business Partner Ausbildung
020260968135
ausbildung@ede.de
Social Media
Standort
+
–
⤢
info@ausbildung.nrw
Kontakt
Datenschutz
Impressum
Ausbildung.NRW ist ein Kooperationsprojekt der Industrie- und Handelskammern in Nordrhein-Westfalen.
umgesetzt von der www.spieker.agency",,Einkaufsbüro Deutscher Eisenhändler GmbH | Ausbildung | Fachinformatiker/in - Daten- und Prozessanalyse (2026) | Wuppertal (Stadt),tidak,belum,tinggi,"Fachinformatiker/in - Daten- und Prozessanalyse (2026)

Fachinformatiker/in - Daten- und Prozessanalyse in Wuppertal (Stadt) (2026)
Mehr Informationen
Duales Studium – General Management (Praxis + B.A.) in Wuppertal (Stadt) (2026)
Mehr Informationen
Bachelor of Science Wirtschaftsinformatik in Wuppertal (Stadt) (2026)
Mehr Informationen
Angebote
Duales Studium
Berufsfelderkundungstag
Duale Ausbildung (Vollzeit)
Praktikum

Wir bieten Vielfalt – in Menschen,
Berufen und Möglichkeiten.
Wir verbinden Industrie und
Handel – mit smarter Logistik und
starkem Netzwerk.
Wir vernetzen Marken und Märkte
europaweit.
Bei uns kannst du Projekte mitgestalten,
deine Ideen einbringen und Verantwortung
übernehmen.
Wir lernen voneinander:
Du von uns – und wir von dir.
Mehr Informationen
Wir bieten dir den Raum, deine Stärken einzusetzen und dich weiterzuentwickeln.
Starte durch, bring deine Ideen ein und gestalte mit uns die Zukunft.
Mehr Informationen
Schon gewusst?
Abteilungswechsel - Du lernst viele Bereiche des Unternehmens kennen.
Fachwissen - Schulungen & Austausch mit den Kolleg:innen machen dich fit.
Entwicklung - Finde heraus, was dir liegt - wir unterstützen dich dabei.
Projekte - Dein Engagement und deine Ideen sind gefragt.
Austausch - Gemeinsam stark durch Tipps und Erfahrungen deiner Mitazubis.
Flexible Arbeitszeiten und mobiles Arbeiten – je nach Tätigkeit und Einsatzbereich.
Business Benefits - Auch für dich!
Mehr Informationen

So kannst du dich bewerben
Bewirb dich ganz einfach digital über unser Online-Bewerberportal.
Klicke dafür ganz einfach auf folgenden Link:
https://karriere.ede.de/Ausbildung",,2026-06-12T10:00:30.261345+00:00
ASD-998030000777014043,ausbildungsstellen_si,Azubiyo,,,Ausbildung | Rund um die Ausbildung,dual,2026,5,"1.368,26 €, 1.418,20 €, 1.464,02 €, 1.368 €, 1.418 €, 1.464 €",73,company,melina.miethe@rheine.de,https://www.azubiyo.de/bewerbung/,email,"Kontakt
Mediadaten
Terminvereinbarung
Referenzen
Für Lehrkräfte
Arbeitshefte
Kopiervorlagen
Linktipps Schulhomepage
Newsletter
Häufige Fragen
Datenschutz Cookie-Einstellungen Nutzungsbedingungen Bildnachweis Barrierefreiheit Impressum Kontakt Karriere
instagram
facebook
youtube
linkedin
tiktok
Stellenalarm
Schließen
Verpasse keine Jobs!
Lass dir freie Stellen per WhatsApp oder E-Mail zusenden!
Du suchst:
Wie können wir dich erreichen?
Per Whatsapp
Per E-Mail
Ich stimme den Datenschutzbestimmungen zu.",,Azubiyo | Ausbildung | Rund um die Ausbildung,tidak,belum,tinggi,"Rund um die Ausbildung

Das erwartet dich
Mehr als 850 Mitarbeitende sowie rund 30 Auszubildende und dual Studierende sorgen täglich dafür, dass die Stadt funktioniert und sich weiterentwickelt.
Während deiner Ausbildung arbeitest du in der IT-Abteilung und bekommst Einblicke in verschiedene Systeme und digitale Prozesse der Verwaltung. Du übernimmst schnell eigene Aufgaben und wirst dabei von erfahrenen Kolleginnen und Kollegen unterstützt. Zusätzlich kannst du dich bei Projekten und gemeinsamen Aktionen mit anderen Auszubildenden vernetzen.
Das bekommst du
Ausbildungsvergütung (brutto) von 1.368,26 € im 1. Jahr, 1.418,20 € im 2. Jahr und 1.464,02 € im 3. Jahr (Stand 01.05.2026)
Jahressonderzahlung
Prämie bei erfolgreichem Abschluss
Deutschlandticket
vermögenswirksame Leistungen (auf Antrag)
Das lernst du
Einrichtung und Betreuung von IT-Systemen
Unterstützung der Mitarbeitenden bei IT-Fragen
Analyse und Lösung technischer Probleme
Arbeit mit Netzwerken und digitalen Anwendungen
Mitwirkung an der Digitalisierung der Verwaltung
Bewerbungsfrist: 31.07.2026
Ansprechperson
Michael Staggenborg, michael.staggenborg@rheine.de, Tel.: 05971 939-234
weitere Informationen
Stadt Rheine - Ausbildung
Jetzt bewerben
Ausbildungsvergütung
1. Jahr: 1.368 € nach Tarifvertrag
2. Jahr: 1.418 € nach Tarifvertrag
3. Jahr: 1.464 € nach Tarifvertrag

Das solltest du mitbringen
Fachoberschulreife
Interesse an IT, digitalen Prozessen und Technik
Freude am Lösen technischer Probleme
analytisches Denken und strukturierte Arbeitsweise
Teamfähigkeit und Zuverlässigkeit
Motivation, digitale Verwaltung mitzugestalten

Deine Vorteile
Hohe Über­nah­me­quote
Betr. Alters­vor­sorge
Gute An­bin­dung
Events
Flexible Arbeitszeit
(Optionaler) Auslandsaufenthalt
Park­plätze
Barriere­frei­heit
Azubi-Frei­zei­ten
Ge­sund­heits­maß­nah­men
Vermögens­wirksame Leistungen
Jobfahrrad
Kantine
Jetzt bewerben
Bitte nenne bei deiner Bewerbung die Referenz-Nr: AZY-BG6C56G5 Kopieren
Stadt Rheine
Bilder & Videos
Über den Ausbildungsbetrieb
Übereinstimmung mit deinen Stärken & Wünschen: ?
ohne Matching
mit Matching
Das wird von dir erwartet:
Besonders hilfreiche Stärken
Sorgfalt & Genauigkeit
Weitere nützliche Stärken
Analytische Fähigkeiten
Eigeninitiative und Entscheidungsfreude
Neugierde und Lernbereitschaft
Selbstorganisation
Geforderte Schulleistungen
Schulabschluss: Mittlere Reife
Abschlussnote: gut - befriedigend
Mathematik: gut - befriedigend
Deutsch: gut - befriedigend
Englisch: gut - befriedigend
Hilfreiche schulische Interessen
Naturwissenschaften, IT, Technik (MINT)
Wirtschaft & Recht (WIWI)
Das kommt auf dich zu:
Arbeitsumfeld
Büro
Mögliche Arbeitszeitmodelle
flexible Zeiten, Gleitzeit
Reisetätigkeit
Keine Dienstreisen oder nur in Ausnahmefällen
Hier erfährst du, warum uns bei Azubiyo gendergerechte Sprache wichtig ist.
Azubiyo ist eine der führenden Spezial-Jobbörsen für
Ausbildung und Duales Studium.
Für Bewerber
Alle Städte
Alle Berufe
Berufswahltest
Welcher Beruf passt zu mir?
Häufige Fragen
Für Arbeitgeber
Stelle buchen","Das solltest du mitbringen
Fachoberschulreife
Interesse an IT, digitalen Prozessen und Technik
Freude am Lösen technischer Probleme
analytisches Denken und strukturierte Arbeitsweise
Teamfähigkeit und Zuverlässigkeit
Motivation, digitale Verwaltung mitzugestalten",2026-06-13T12:46:20.689257+00:00
NRW-67-13475,ausbildung_nrw_ae,NEW AG,41236 Mönchengladbach,Odenkirchener Straße 201 41236 41236 Mönchengladbach,Ausbildung | Fachinformatiker/in - Anwendungsentwicklung (2027),dual,,,,73,company,tanja.passoth@new.de,https://jobs.new.de/jobportal/new-ag/viewAusschreibung/2026-099.html,email,"Kontakt
021666882752
tanja.passoth@new.de
https://www.new.de
Odenkirchener Straße 201
41236 41236 Mönchengladbach
T
Tanja Passoth
Ausbilderin
021666882752
tanja.passoth@new.de
S
Sahra Schüring
Ausbilderin
02166 688-2899
sahra.schuering@new.de
Social Media
Standort
+
–
⤢
info@ausbildung.nrw
Kontakt
Datenschutz
Impressum
Ausbildung.NRW ist ein Kooperationsprojekt der Industrie- und Handelskammern in Nordrhein-Westfalen.
umgesetzt von der www.spieker.agency",,NEW AG | Ausbildung | Fachinformatiker/in - Anwendungsentwicklung (2027) | 41236 Mönchengladbach,tidak,belum,tinggi,"Fachinformatiker/in - Anwendungsentwicklung (2027)

Fachinformatiker/in - Anwendungsentwicklung in 41236 Mönchengladbach (2027)
Mehr Informationen
Fachinformatiker/in - Daten- und Prozessanalyse in 41236 Mönchengladbach (2027)
Mehr Informationen
Fachinformatiker/in - Digitale Vernetzung in 41236 Mönchengladbach (2027)
Mehr Informationen
Fachinformatiker/in - Systemintegration in 41236 Mönchengladbach (2027)
Mehr Informationen
Immobilienkaufmann/frau in 41236 Mönchengladbach (2027)
Mehr Informationen
Industriekaufmann/frau in 41236 Mönchengladbach (2027)
Mehr Informationen
Kaufmann/frau – Büromanagement in 41236 Mönchengladbach (2027)
Mehr Informationen
Kraftfahrzeugmechatroniker/in (KFZ) - System- und Hochvolttechnik in 41236 Mönchengladbach (2027)
Mehr Informationen
Kraftfahrzeugmechatroniker/in (KFZ) - Nutzfahrzeugtechnik in 41236 Mönchengladbach (2027)
Mehr Informationen
Kraftfahrzeugmechatroniker/in (KFZ) - PKW in 41236 Mönchengladbach (2027)
Mehr Informationen
Duales Studium – Mathematisch-technische Softwareentwicklung – MATSE (Ausbildung + B.Sc.) in 41236 Mönchengladbach (2027)
Mehr Informationen
Fachkraft – Fahrbetrieb in 41236 Mönchengladbach (2027)
Mehr Informationen
Bachelor of Arts Betriebswirtschaftslehre in 41236 Mönchengladbach (2027)
Mehr Informationen
Bachelor of Science Wirtschaftsinformatik in 41236 Mönchengladbach (2027)
Mehr Informationen
Angebote
Duales Studium
Berufsfelderkundungstag
Duale Ausbildung (Vollzeit)
Praktikum

So kannst du dich bewerben
Bewirb dich gerne online über unsere Karriereseite.
www.new.de/karriere/ausbildung-schuelerpraktika",,2026-06-12T09:57:37.729248+00:00
NRW-67-13476,ausbildung_nrw_dpa,NEW AG,41236 Mönchengladbach,Odenkirchener Straße 201 41236 41236 Mönchengladbach,Ausbildung | Fachinformatiker/in - Daten- und Prozessanalyse (2027),dual,,,,73,company,tanja.passoth@new.de,https://jobs.new.de/jobportal/new-ag/viewAusschreibung/2026-096.html,email,"Kontakt
021666882752
tanja.passoth@new.de
https://www.new.de
Odenkirchener Straße 201
41236 41236 Mönchengladbach
T
Tanja Passoth
Ausbilderin
021666882752
tanja.passoth@new.de
S
Sahra Schüring
Ausbilderin
02166 688-2899
sahra.schuering@new.de
Social Media
Standort
+
–
⤢
info@ausbildung.nrw
Kontakt
Datenschutz
Impressum
Ausbildung.NRW ist ein Kooperationsprojekt der Industrie- und Handelskammern in Nordrhein-Westfalen.
umgesetzt von der www.spieker.agency",,NEW AG | Ausbildung | Fachinformatiker/in - Daten- und Prozessanalyse (2027) | 41236 Mönchengladbach,tidak,belum,tinggi,"Fachinformatiker/in - Daten- und Prozessanalyse (2027)

Fachinformatiker/in - Daten- und Prozessanalyse in 41236 Mönchengladbach (2027)
Mehr Informationen
Fachinformatiker/in - Digitale Vernetzung in 41236 Mönchengladbach (2027)
Mehr Informationen
Fachinformatiker/in - Systemintegration in 41236 Mönchengladbach (2027)
Mehr Informationen
Immobilienkaufmann/frau in 41236 Mönchengladbach (2027)
Mehr Informationen
Industriekaufmann/frau in 41236 Mönchengladbach (2027)
Mehr Informationen
Kaufmann/frau – Büromanagement in 41236 Mönchengladbach (2027)
Mehr Informationen
Kraftfahrzeugmechatroniker/in (KFZ) - System- und Hochvolttechnik in 41236 Mönchengladbach (2027)
Mehr Informationen
Kraftfahrzeugmechatroniker/in (KFZ) - Nutzfahrzeugtechnik in 41236 Mönchengladbach (2027)
Mehr Informationen
Kraftfahrzeugmechatroniker/in (KFZ) - PKW in 41236 Mönchengladbach (2027)
Mehr Informationen
Duales Studium – Mathematisch-technische Softwareentwicklung – MATSE (Ausbildung + B.Sc.) in 41236 Mönchengladbach (2027)
Mehr Informationen
Fachkraft – Fahrbetrieb in 41236 Mönchengladbach (2027)
Mehr Informationen
Bachelor of Arts Betriebswirtschaftslehre in 41236 Mönchengladbach (2027)
Mehr Informationen
Bachelor of Science Wirtschaftsinformatik in 41236 Mönchengladbach (2027)
Mehr Informationen
Angebote
Duales Studium
Berufsfelderkundungstag
Duale Ausbildung (Vollzeit)
Praktikum

So kannst du dich bewerben
Bewirb dich gerne online über unsere Karriereseite.
www.new.de/karriere/ausbildung-schuelerpraktika",,2026-06-12T10:00:50.940386+00:00
INDEED-f07dba8623ad4292,indeed_de_ae,SIEGENIA GRUPPE,57234 Wilnsdorf,57234 57234 Wilnsdorf NW,Ausbildung | Duales Studium 2026 mit zum Fachinformatiker Anwendungsentwicklung (m/w/d),dual,,,"Vollzeit, Berufsausbildung",73,empty,,https://www.hiringlab.org/de/,portal,"Deine persönliche Kontaktperson:
Personalmanagement
Nina Herter
+49 271 39311565
Wir freuen uns auf deine Bewerbung!
6961",,SIEGENIA GRUPPE | Ausbildung | Duales Studium 2026 mit zum Fachinformatiker Anwendungsentwicklung (m/w/d) | 57234 Wilnsdorf,tidak,belum,sedang,"Duales Studium 2026 mit Ausbildung zum Fachinformatiker Anwendungsentwicklung (m/w/d)

Das erwartet Dich bei uns:
3-jährige Berufsausbildung zum Fachinformatiker Anwendungsentwicklung (m/w/d) mit Möglichkeit der vorzeitigen Abschlussprüfung nach 2,5 Ausbildungsjahren
Ausbildungsbegleitendes Studium im Bereich IT Management, z. B. ""Informatik"" oder ""Angewandte Künstliche Intelligenz"" (B.Sc.) an der FOM Hochschule Siegen
Übernahme der Studiengebühren und der Erhalt einer monatlichen Ausbildungsvergütung Anschließende Perspektive zur unbefristeten Übernahme als Modulbetreuer im Bereich IT Enterprise Application Services
Deine Aufgaben während der Ausbildung:
Kennenlernen der SAP-Systemlandschaft und Grundfunktionen
Einführung in ABAP-Programmierung und erste kleine Anpassungen
Arbeiten mit SAP Fiori/UI5: Grundlagen und einfache Oberflächen
Verständnis für S/4HANA-Architekturen und Datenmodelle Einarbeitung in Cloud- und Schnittstellen-Technologien sowie die SAP Technology Plattform (BTP)
Deine Aufgaben nach Abschluss des Studiums:
Flexibilität und Kreativität Den Karrierewunsch, in einer globalen IT-Abteilung mit vielfältigen Aufgaben tätig zu sein

Umsetzung komplexer Anforderungen in SAP S/4HANA-Umgebung (u.a. ABAP OO, CDS Views, SAP Fiori)
Optimierung von Prozessen, technologische Beratung der SAP-Modulverantwortlichen und Keyuser
Integration von KI/AI-Services und Implementierung von Automatisierterungsszenarien auf der SAP BTP (u.a. SAP Build)
Implementierung von Integrationsszenarien und Schnitstellen (u.a. OData, BTP Integration Suite) Mitwirkung an Cloud- und Innovationsprojekten im Bereich SAP (u.a. im Bereich Clean Core, Analytics)
Das bringst Du mit:
Sehr gute allgemeine Hochschulreife oder Fachhochschulreife
Neugier an IT-Systemen und Digitalisierung, sowie den dahinterstehenden Prozessen
Freude an Informatik und Software
Belastbarkeit und Konzentrationsfähigkeit

Das bieten wir dir:
Kantine
Gesundheitsprogramme
Flexible Arbeitszeiten
Umfangreiches Schulungsangebot
Betriebliche Altersvorsorge
Umfassendes Onboarding
30 Tage Urlaub
Urlaubs- und Weihnachtsgeld
Gruppenunfallversicherung
Auslandsaufenthalte
Werksunterricht
Digitale Ausstattung
Umfangreiche Sonderzahlungen
Teilzeitausbildung
Nachhaltigkeitsprojekte
Wahl der Wochenarbeitszeit
Überdurchschnittliches Ausbildungsgehalt
Eigenes Ausbildungszentrum
Hohe Übernahmequote
Deine Bewerbung","Umsetzung komplexer Anforderungen in SAP S/4HANA-Umgebung (u.a. ABAP OO, CDS Views, SAP Fiori)
Optimierung von Prozessen, technologische Beratung der SAP-Modulverantwortlichen und Keyuser
Integration von KI/AI-Services und Implementierung von Automatisierterungsszenarien auf der SAP BTP (u.a. SAP Build)
Implementierung von Integrationsszenarien und Schnitstellen (u.a. OData, BTP Integration Suite) Mitwirkung an Cloud- und Innovationsprojekten im Bereich SAP (u.a. im Bereich Clean Core, Analytics)
Das bringst Du mit:
Sehr gute allgemeine Hochschulreife oder Fachhochschulreife
Neugier an IT-Systemen und Digitalisierung, sowie den dahinterstehenden Prozessen
Freude an Informatik und Software
Belastbarkeit und Konzentrationsfähigkeit",2026-06-13T11:44:43.800548+00:00
NRW-2629-5082,ausbildung_nrw_ae,VYGON Germany GmbH,Aachen,Prager Ring 100 52070 Aachen,Ausbildung | Fachinformatiker/in - Anwendungsentwicklung (2025),dual,,,,73,company,karriere@vygon.com,https://www.vygon.de/unternehmen/stellenanzeigen/ausbildung-zum-fachinformatiker-m-w-d-fachrichtung-anwendungsentwicklung-2/,email,"Kontakt
0241/9130-163
karriere@vygon.com
https://www.vygon.de
Prager Ring 100
52070 Aachen
M
Markus Patzelt
Gruppenleiter Personal- und Sozialwesen
0241/9130-163
karriere@vygon.com
Social Media
Standort
+
–
⤢
info@ausbildung.nrw
Kontakt
Datenschutz
Impressum
Ausbildung.NRW ist ein Kooperationsprojekt der Industrie- und Handelskammern in Nordrhein-Westfalen.
umgesetzt von der www.spieker.agency",,VYGON Germany GmbH | Ausbildung | Fachinformatiker/in - Anwendungsentwicklung (2025) | Aachen,tidak,belum,tinggi,"Fachinformatiker/in - Anwendungsentwicklung (2025)

Fachinformatiker/in - Anwendungsentwicklung in Aachen (2025)
Mehr Informationen
Stellenangebote
Angebote
Duales Studium
Berufsfelderkundungstag
Duale Ausbildung (Vollzeit)
Praktikum
Einstiegsqualifizierung (EQ)",,2026-06-12T09:59:39.721576+00:00
ASD-998030001845249591,ausbildungsstellen_si,Azubiyo,"Amberg, Atzlricht, Bernricht, Eglsee bei Amberg, Fuchsstein, Gailoh, G&#228;rbershof, Karmens&#246;lden, Lengenloh, Luitpoldh&#246;he, Neubernricht, Raigering, Sch&#228;flohe, Speckmannshof","Carl-Schulz-Platz 1 92224 Amberg, Atzlricht, Bernricht, Eglsee bei Amberg, Fuchsstein, Gailoh, G&#228;rbershof, Karmens&#246;lden, Lengenloh, Luitpoldh&#246;he, Neubernricht, Raigering, Sch&#228;flohe, Speckmannshof Bayern",Ausbildung | Duales Studium Industrie-4.0-Informatik (inkl. zum Fachinformatiker*) in Amberg 2026,dual,,,,73,company,bewerbung@deprag.de,https://www.azubiyo.de/bewerbung/,email,"- Kontakt- und Teamfähigkeit
Einsatzorte:
Praxisphase: DEPRAG, Amberg
Theoriephase: Hochschule deiner Wahl
Weitere Informationen:
Natürlich erhälst du zu Ausbildung und Studium eine leistungsgerechte monatliche Vergütung. Außerdem ist nach Abschluss des dualen Studiums eine große Chance auf die Übernahme im Unternehmen gegeben.
Ansprechpartner und Bewerbung:
- Personalabteilung
bewerbung@deprag.de
- Bitte beziehe dich in einer Bewerbung auf AZUBIYO und gib die unten genannte Referenznummer an.
Mehr Informationen findest du hier.
* Personenbezogene Formulierungen betrachten wir geschlechtsneutral.",,"Azubiyo | Ausbildung | Duales Studium Industrie-4.0-Informatik (inkl. zum Fachinformatiker*) in Amberg 2026 | Amberg, Atzlricht, Bernricht, Eglsee bei Amberg, Fuchsstein, Gailoh, G&#228;rbershof, Karmens&#246;lden, Lengenloh, Luitpoldh&#246;he, Neubernricht, Raigering, Sch&#228;flohe, Speckmannshof",tidak,belum,tinggi,"Duales Studium Industrie-4.0-Informatik (inkl. Ausbildung zum Fachinformatiker*) in Amberg 2026

Voraussetzungen:
- Überdurchschnittliches Abitur
- Ziel- und leistungsorientierte Arbeitsweise
- Gute Englischkenntnisse
- Technisches Grundlagenwissen
- Sicherer Umgang mit PC-Anwendungen","Voraussetzungen:
- Überdurchschnittliches Abitur
- Ziel- und leistungsorientierte Arbeitsweise
- Gute Englischkenntnisse
- Technisches Grundlagenwissen
- Sicherer Umgang mit PC-Anwendungen",2026-06-13T12:51:34.573386+00:00
AZDE-10650724,azubi_de_fi,Fr. Fassmer GmbH & Co. KG,"Berne, Kreis Wesermarsch","27804 Berne, Kreis Wesermarsch DE",Ausbildung | Duales Studium Wirtschaftsinformatik,dual,2026,8,"1. Ausbildungsjahr: 1.332 €
1. Ausbildungsjahr: 1.366 €
1. Ausbildungsjahr: 1.400 €
1. Ausbildungsjahr: 1.434 €
1. Ausbildungsjahr: 1.332 €
1. Ausbildungsjahr: 1.366 €
1. Ausbildungsjahr: 1.400 €
1. Ausbildungsjahr: 1.434 €
1. Ausbildungsjahr: 1.332 €
1. Ausbildungsjahr: 1.366 €
1. Ausbildungsjahr: 1.400 €
1. Ausbildungsjahr: 1.434 €
1. Ausbildungsjahr: 1.332 €
1. Ausbildungsjahr: 1.366 €
1. Ausbildungsjahr: 1.400 €
1. Ausbildungsjahr: 1.434 €",73,empty,,https://www.azubi.de/ausbildungsplatz/10650724-b-duales-studium-wirtschaftsinformatik/apply,portal,"Kontakt:
Melanie Lerbs (Personalreferentin), Tel.: +49 4406 942-6020
Aufgaben",,"Fr. Fassmer GmbH & Co. KG | Ausbildung | Duales Studium Wirtschaftsinformatik | Berne, Kreis Wesermarsch",tidak,belum,sedang,"Duales Studium Wirtschaftsinformatik

Einleitung
Was ist ein duales Studium und was ist der Vorteil?
Ein duales Studium ist eine Kombination aus Theorie und Praxis. Das bedeutet, die theoretischen Inhalte werden an der Fachhochschule gelehrt und bei Fassmer werden Dir die praktischen Inhalte vermittelt. Zudem ist das Studium mit einer Ausbildung in einem anerkannten Ausbildungsberuf verbunden.

Wir übernehmen die kompletten Studiengebühren und Du erhältst neben dem Studium eine monatliche Ausbildungsvergütung. Nach bestandenem Studium hast Du einen anerkannten akademischen Grad, Bachelor / Master und eine Berufsausbildung.
Studiengang: Wirtschaftsinformatik
Studienabschluss: Bachelor of Arts
Ausbildungsberuf: Fachinformatiker (m/w/d) Systemintegration
Partnerhochschule: Private Hochschule für Wirtschaft und Technik (phwt), Vechta
Studiendauer: 7 Semester
Ausbildungsbeginn: 15.08.2026
Informationen zum Studiengang direkt auf der Webseite der phwt:
Informationen zum Studienablauf dual, B.A. (https://www.phwt.de/duales-studium-wirtschaftsinformatik/)
****
Ausbildungsverlauf mit integrierter Ausbildung:
1. Semester: Studium / Betriebliche Ausbildung
2. Semester: Studium / Betriebliche Ausbildung
3. Semester: Studium / Betriebliche Ausbildung / Ausbildungsprüfung Teil 1
4. Semester: Studium / Betriebliche Ausbildung
5. Semester: Studium / Betriebliche Ausbildung / Ausbildungsprüfung Teil 2
6. Semester: Studium / Betriebliche Ausbildung
7. Semester: Studium Anfertigung der Abschlussarbeit zum Betriebsthema
Was bringst du mit:
- (Fach-) Hochschulreife oder einen gleichwertigen Abschluss
- Interesse für den Fachbereich und Begeisterung für unsere Projekte
- Freude am Lernen, Engagement, Teamfähigkeit, eigenständige und sorgfältige Arbeitsweise
Wir bieten dir:
- Sehr gute Rahmenbedingungen mit einer 35-Stunden-Woche und einer überdurchschnittlichen Vergütung (Stand 01.09.2022) sowie weiteren Sonderzahlungen - 1. Ausbildungsjahr 1.332 € pro Monat
- 1. Ausbildungsjahr 1.366 € pro Monat
- 1. Ausbildungsjahr 1.400 € pro Monat
- 1. Ausbildungsjahr 1.434 € pro Monat
- Attraktives Arbeits- und Lernumfeld durch die enge Betreuung und regelmäßigen Feedbackgesprächen mit den Verantwortlichen während des gesamten Studiums sowie die Unterstützung bei den Prüfungsvorbereitungen
- Sichere Perspektiven durch die Möglichkeit einer Festanstellung nach Abschluss des Studiums
- Gesundheit & Team Spirit dank eines umfangreichen Sportangebotes mit Egym-Wellpass, Corporate Benefits und regelmäßigen Duali-Treffen zum gemeinsamen Austausch und Kennenlernen","Einleitung
Was ist ein duales Studium und was ist der Vorteil?
Ein duales Studium ist eine Kombination aus Theorie und Praxis. Das bedeutet, die theoretischen Inhalte werden an der Fachhochschule gelehrt und bei Fassmer werden Dir die praktischen Inhalte vermittelt. Zudem ist das Studium mit einer Ausbildung in einem anerkannten Ausbildungsberuf verbunden.",2026-06-13T10:34:51.689668+00:00
AZDE-11757564,azubi_de_fi,Hegla GmbH & Co. KG,Beverungen,37688 Beverungen DE,Ausbildung | Duales Studium Bachelor of Engineering (m/w/d) – Fachrichtung Elektrotechnik 2027,dual,,,"//www.hegla.com/de/karriere/stellenangebote/online-bewerbung/?tx_leonexjob_showjob%5Baction%5D=showApplicationForm&tx_leonexjob_showjob%5Bcontroller%5D=Job&tx_leonexjob_showjob%5Bjob%5D=25&tx_powermail_pi1%5Bjobname%5D=Duales%20Studium%20Bachelor%20of%20Engineering%20%28m%2Fw%2Fd%29%20%E2%80%93%20Fachrichtung%20Elektrotechnik%202027&tx_powermail_pi1%5Bjobs%5D=25&tx_powermail_pi1%5Blocation%5D=Beverungen&cHash=e27a2594f6b7e8750e120e74e8723681)
HEGLA als Arbeitgeber
HEGLA bietet Ihnen nicht nur irgendeine Stelle, sondern eine Aufgabe mit Ver­antwortung und erfolgsver­sprechender Perspektive. Wir wollen unsere Mitarbeiter*innen bei ihrer beruflichen Entwicklung begleiten. Partnerschaftlich durch Wertschätzung und mit Erfolg. Das ist die HEGLA.
MEHR ERFAHREN (https://www.hegla.com/de/unternehmen/unternehmensphilosophie/)",73,empty,jobs@hegla.de,https://www.azubi.de/ausbildungsplatz/11757564-b-duales-studium-bachelor-of-engineering-m-w-d-fachrichtung-elektrotechnik-2027/apply,email,"Ihr Ansprechpartner
Heike Strerath | Personalabteilung
+49 5273 905-136
jobs@hegla.de
JETZT BEWERBEN (https://www.hegla.com/de/karriere/stellenangebote/online-bewerbung/?tx_leonexjob_showjob%5Baction%5D=showApplicationForm&tx_leonexjob_showjob%5Bcontroller%5D=Job&tx_leonexjob_showjob%5Bjob%5D=25&tx_powermail_pi1%5Bjobname%5D=Duales%20Studium%20Bachelor%20of%20Engineering%20%28m%2Fw%2Fd%29%20%E2%80%93%20Fachrichtung%20Elektrotechnik%202027&tx_powermail_pi1%5Bjobs%5D=25&tx_powermail_pi1%5Blocation%5D=Beverungen&cHash=e27a2594f6b7e8750e120e74e8723681)
HEGLA als Arbeitgeber
HEGLA bietet Ihnen nicht nur irgendeine Stelle, sondern eine Aufgabe mit Ver­antwortung und erfolgsver­sprechender Perspektive. Wir wollen unsere Mitarbeiter*innen bei ihrer beruflichen Entwicklung begleiten. Partnerschaftlich durch Wertschätzung und mit Erfolg. Das ist die HEGLA.
MEHR ERFAHREN (https://www.hegla.com/de/unternehmen/unternehmensphilosophie/)
Aufgaben",,Hegla GmbH & Co. KG | Ausbildung | Duales Studium Bachelor of Engineering (m/w/d) – Fachrichtung Elektrotechnik 2027 | Beverungen,tidak,belum,tinggi,"Duales Studium Bachelor of Engineering (m/w/d) – Fachrichtung Elektrotechnik 2027

Einleitung
Vielfältige Menschen und Kompetenzen sind das Herz der HEGLA und führen zu Lösungen, die uns zu einem Technologie- und Marktführer für Lösungen zur Verarbeitung, Automation, Digitalisierung sowie Veredelung von Flach-, Fahrzeug- und Funktionsglas gemacht haben. Weltweit setzen sich über 750 Mitarbeiter*innen für Qualität „Made in Germany“, Hightech und die Zufriedenheit unserer Kund*innen ein.
Als Arbeitgeber mit internationaler Ausrichtung, einem weltweit gefragten Pro­gramm aus Hightech-Produkten und größten Qualitätsansprüchen ist es unser Ziel, jedem unserer Azubis eine Ausbildung mit besten Perspektiven für die Zukunft zu bieten.
Du bist ein Multi-Tasker und hast die Motivation neben einem Studium direkt in die Arbeitspraxis einzusteigen? Du zeichnest Dich durch ein hohes technisches Verständnis aus und hast Interesse an der Programmierung? Dann bewirb Dich bei uns um ein Duales Studium zum Bachelor of Engineering mit Fachrichtung Elektrotechnik (m/w/d)!
Dein Duales Studium bei HEGLA:
HEGLA bietet in Zusammenarbeit mit der Privaten Fachhochschule für Wirtschaft und Technik Diepholz (PHWT) ein duales Studium zum Bachelor of Engineering mit Fachrichtung Elektrotechnik (m/w/d) an. Das praxisorientierte Studium bietet Dir regelmäßig abwechselnde berufspraktische und fachwissenschaftliche Ausbildungsphasen. Zusätzlich zum Bachelor-Abschluss beinhaltet das duale Studium die Ausbildung zum Fachinformatiker für Anwendungsentwicklung (m/w/d). Neben Deinem Studium lernst Du den eigenverantwortlichen Einsatz und die Nutzung von IT-Techniken, die Steuerung unserer Maschinen sowie deren Fernbetreuung. Bereits während der Ausbildung bist Du unter Nutzung geeigneter Methoden der Softwaretechnik, Programmiersprache und Entwicklungs­werkzeugen an Softwareprojekten beteiligt und wirst umfassend und praxisnah eingebunden.
Alle Informationen zum Studium an der PHWT findest Du hier. (https://www.phwt.de/fuer-studieninteressierte/das-duale-studium-an-der-phwt/)
Das bringst Du mit:
- Neugier und Freude am Umgang mit dem Computer,
- Sehr gutes Zahlenverständnis und Interesse an technischen Zusammenhängen,
- Durchhaltevermögen, Einsatzbereitschaft sowie gute Team- und Kommunikationsfähigkeit,
- Abitur oder Fachhochschulreife in Kombination mit der entsprechenden Eignungsprüfung,
- Gute schulische Leistungen in Mathematik, Physik / Technik und Englisch.
Dauer des Dualen Studiums:
7 Semester mit Blockunterricht, PHWT Diepholz
Ablauf:
- 3 Semester Grundstudium
- Danach Schwerpunktauswahl: Automatisationstechnik oder Softwareentwicklung
- Ausbildung zum Fachinformatiker für Anwendungsentwicklung (m/w/d) inklusive Abschlussprüfung nach 2 1/2 Jahren
Duales Studium bei HEGLA – Karrierestart beim Global-Player:

Werde Teil unseres Teams und starte Deine Zukunft bei einem der erfolgreichsten Maschinenbau-Unternehmen für die glasverarbeitende Industrie. Wir bieten Dir eine abwechslungsreiche Ausbildung/duales Studium, bei der Du aktiv und mit eigenen Projekten in die betrieblichen Abläufe eines Global-Players eingebunden wirst. Dabei lernst Du die verschiedenen Abteilungen kennen und sammelst vielfältige Erfahrungen in den Arbeitsbereichen unseres international tätigen Unternehmens.
Haben wir Dein Interesse geweckt? Dann freuen wir uns, Dich kennenzulernen.
Benefits:
- Fundierte Ausbildung fürs Leben,
- Vergütung nach Tarifvertrag,
- Flexible Arbeitszeiten durch Gleitzeitmodell,
- 30 Urlaubstage im Jahr,
- Weihnachts- und Urlaubsgeld,
- Vorteilsprogramme, z. B. Corporate Benefit,
- Lademöglichkeiten für E-Autos auf dem Betriebsgelände,
- Langfristige Perspektive in einem Unternehmen mit High-Tech Produkten.","Einleitung
Vielfältige Menschen und Kompetenzen sind das Herz der HEGLA und führen zu Lösungen, die uns zu einem Technologie- und Marktführer für Lösungen zur Verarbeitung, Automation, Digitalisierung sowie Veredelung von Flach-, Fahrzeug- und Funktionsglas gemacht haben. Weltweit setzen sich über 750 Mitarbeiter*innen für Qualität „Made in Germany“, Hightech und die Zufriedenheit unserer Kund*innen ein.
Als Arbeitgeber mit internationaler Ausrichtung, einem weltweit gefragten Pro­gramm aus Hightech-Produkten und größten Qualitätsansprüchen ist es unser Ziel, jedem unserer Azubis eine Ausbildung mit besten Perspektiven für die Zukunft zu bieten.
Du bist ein Multi-Tasker und hast die Motivation neben einem Studium direkt in die Arbeitspraxis einzusteigen? Du zeichnest Dich durch ein hohes technisches Verständnis aus und hast Interesse an der Programmierung? Dann bewirb Dich bei uns um ein Duales Studium zum Bachelor of Engineering mit Fachrichtung Elektrotechnik (m/w/d)!
Dein Duales Studium bei HEGLA:
HEGLA bietet in Zusammenarbeit mit der Privaten Fachhochschule für Wirtschaft und Technik Diepholz (PHWT) ein duales Studium zum Bachelor of Engineering mit Fachrichtung Elektrotechnik (m/w/d) an. Das praxisorientierte Studium bietet Dir regelmäßig abwechselnde berufspraktische und fachwissenschaftliche Ausbildungsphasen. Zusätzlich zum Bachelor-Abschluss beinhaltet das duale Studium die Ausbildung zum Fachinformatiker für Anwendungsentwicklung (m/w/d). Neben Deinem Studium lernst Du den eigenverantwortlichen Einsatz und die Nutzung von IT-Techniken, die Steuerung unserer Maschinen sowie deren Fernbetreuung. Bereits während der Ausbildung bist Du unter Nutzung geeigneter Methoden der Softwaretechnik, Programmiersprache und Entwicklungs­werkzeugen an Softwareprojekten beteiligt und wirst umfassend und praxisnah eingebunden.
Alle Informationen zum Studium an der PHWT findest Du hier. (https://www.phwt.de/fuer-studieninteressierte/das-duale-studium-an-der-phwt/)
Das bringst Du mit:
- Neugier und Freude am Umgang mit dem Computer,
- Sehr gutes Zahlenverständnis und Interesse an technischen Zusammenhängen,
- Durchhaltevermögen, Einsatzbereitschaft sowie gute Team- und Kommunikationsfähigkeit,
- Abitur oder Fachhochschulreife in Kombination mit der entsprechenden Eignungsprüfung,
- Gute schulische Leistungen in Mathematik, Physik / Technik und Englisch.
Dauer des Dualen Studiums:
7 Semester mit Blockunterricht, PHWT Diepholz
Ablauf:
- 3 Semester Grundstudium
- Danach Schwerpunktauswahl: Automatisationstechnik oder Softwareentwicklung
- Ausbildung zum Fachinformatiker für Anwendungsentwicklung (m/w/d) inklusive Abschlussprüfung nach 2 1/2 Jahren
Duales Studium bei HEGLA – Karrierestart beim Global-Player:",2026-06-13T10:38:02.995820+00:00
10000-1203355335-S,fachinformatiker_ae,Flender GmbH,Bocholt,"Alfred-Flender-Str. 77, 46395 Bocholt",Duales Studium | Fachinformatiker/in - Systemintegration,dual,,,,73,ba_portal,,https://www.arbeitsagentur.de/jobsuche/jobdetail/10000-1203355335-S,ba_portal,,https://www.arbeitsagentur.de/jobsuche/jobdetail/10000-1203355335-S,Flender GmbH | Duales Studium | Fachinformatiker/in - Systemintegration | Bocholt,ya,belum,rendah,"***Duales Studium Bachelor of Science Wirtschaftsinformatik + Fachinformatiker\*in Systemintegration (m/w/d)***

***Ausbildungsdauer / Studiendauer: 4 Jahre***
***Hochschule: Westfälische Hochschule Bocholt***

*Für unseren Ausbildungsstandort Bocholt suchen wir engagierte Verstärkung.*

**Spannende Aufgaben erwarten dich:**

· Zu deinen Aufgaben gehört die Entwicklung und Optimierung von Softwarelösungen, um die Effizienz und Benutzerfreundlichkeit im Unternehmen zu steigern.

· Du programmierst maßgeschneiderte Anwendungen und setzt diese gezielt für verschiedene Geschäftsprozesse ein.

· Du planst und konzipierst Programme, um optimale technische Lösungen für unterschiedliche Anforderungen zu schaffen.

**Voraussetzungen:**

· Allgemeine Hochschulreife oder Fachhochschulreife (schulischer und fachpraktischer Teil)

· Du hast ein großes Interesse an IT, KI und Softwareentwicklung.

· Du arbeitest strukturiert, genau und kannst technische Prozesse optimieren.

· Du bist kommunikativ und arbeitest gerne im Team.

**Was du von uns erwarten kannst:**

· Ausbildungsvergütung nach dem Tarifvertrag der IG Metall

· 35-Stunden-Woche, keine Wochenendarbeit und keine Wechselschichten während der Ausbildung

· 30 Tage Urlaub, Urlaubs- und Weihnachtsgeld

· Entwicklungs- und Weiterbildungsmöglichkeiten

· Sehr gute Übernahmechancen

· Attraktive und vielfältige Aufgabenbereiche

· Kollegiales und wertschätzendes Betriebsklima

Flender is an Equal Opportunity and Affirmative Action Employer encouraging diversity in the workplace. All qualified applicants will receive consideration for employment without regard to their race, color, creed, religion, national origin, citizenship status, ancestry, sex, age, physical or mental disability unrelated to ability, marital status, family responsibilities, pregnancy, genetic information, sexual orientation, gender expression, gender identity, transgender, sex stereotyping, order of protection status, protected veteran or military status, or an unfavorable discharge from military service, and other categories protected by federal, state or local law.","· Du planst und konzipierst Programme, um optimale technische Lösungen für unterschiedliche Anforderungen zu schaffen.
**Voraussetzungen:**
Fachhochschulreife",2026-06-11T09:13:41.203540+00:00
NRW-3016-5666,ausbildung_nrw_ae,HOPPECKE Batterien GmbH & Co. KG,Brilon,Bontkirchener Straße 1 59929 Brilon,"Ausbildung | Fachinformatiker/in - Anwendungsentwicklung (2026, 2027)",dual,,,,73,company,Elena.Albracht@hoppecke.com,https://jobs.hoppecke.com/Ausbildung-zum-Fachinformatiker-Anwendungsentwicklung-2026-de-j1155.html,email,"Kontakt
0296361244
Elena.Albracht@hoppecke.com
https://www.hoppecke.com
Bontkirchener Straße 1
59929 Brilon
E
Elena Albracht
HR Business Partner Young Professionals
0296361244
Elena.Albracht@hoppecke.com
Social Media
Standort
+
–
⤢
info@ausbildung.nrw
Kontakt
Datenschutz
Impressum
Ausbildung.NRW ist ein Kooperationsprojekt der Industrie- und Handelskammern in Nordrhein-Westfalen.
umgesetzt von der www.spieker.agency",,"HOPPECKE Batterien GmbH & Co. KG | Ausbildung | Fachinformatiker/in - Anwendungsentwicklung (2026, 2027) | Brilon",tidak,belum,tinggi,"Fachinformatiker/in - Anwendungsentwicklung (2026, 2027)

Fachinformatiker/in - Anwendungsentwicklung in Brilon (2026, 2027)
Mehr Informationen
Fachinformatiker/in - Systemintegration in Brilon (2026, 2027, 2025)
Mehr Informationen
Industriekaufmann/frau in Brilon (2026, 2027)
Mehr Informationen
Industriemechaniker/in in Brilon (2025, 2026, 2027)
Mehr Informationen
Maschinen- und Anlagenführer/in in Brilon (2025, 2026, 2027)
Mehr Informationen
Mechatroniker/in in Brilon (2025, 2026, 2027)
Mehr Informationen
Technische/r Produktdesigner/in - Maschinen- und Anlagenkonstruktion in Brilon (2026, 2027)
Mehr Informationen
Werkzeugmechaniker/in in Brilon (2026, 2027)
Mehr Informationen
Angebote
Duales Studium
Berufsfelderkundungstag
Duale Ausbildung (Vollzeit)
Praktikum

So kannst du dich bewerben
Schau gerne auf unserer Homepage im Bereich Karriere vorbei. Dort hast du auch die Möglichkeit dich direkt online zu bewerben. Stellenangebote und Jobs bei HOPPECKE",,2026-06-12T09:56:17.579029+00:00
10000-1205240042-S,fachinformatiker_ae,PharmLog Pharma Logistik GmbH,Bönen,"Siemensstr. 1, 59199 Bönen",Duales Studium | Fachinformatiker/in - Anwendungsentwicklung,dual,,,Jahr 1: 1100 EUR/Monat | Jahr 2: 1200 EUR/Monat | Jahr 3: 1300 EUR/Monat,73,ba_portal,,https://www.arbeitsagentur.de/jobsuche/jobdetail/10000-1205240042-S,ba_portal,,https://www.arbeitsagentur.de/jobsuche/jobdetail/10000-1205240042-S,PharmLog Pharma Logistik GmbH | Duales Studium | Fachinformatiker/in - Anwendungsentwicklung | Bönen,ya,belum,rendah,"**Wer wir sind und was wir bieten:**

- Ein gesundes und wachstumsorientiertes Unternehmen mit derzeit 380 Mitarbeitern

- Flexible Arbeitszeitregelung (Gleitzeit)

- Optimale Verzahnung von Arbeitsalltag und Berufsschule

- Eine attraktive Vergütung (13 Gehälter)

- Eine interessante und vielseitige Ausbildung mit Freiraum für Impulse

- Interne Schulungen und Möglichkeiten zur Weiterbildung

- Sehr gute Übernahmechancen nach der Ausbildung

- Ein angenehmes Betriebsklima mit flachen Hierarchien und kurzen Entscheidungswegen

- Eine arbeitgeberfinanzierte Gruppenunfallversicherung

- Ein betriebsinternes Bistro (Kantine), bezuschusst durch den Arbeitgeber



**Ausbildungsdauer**

9 Semester

nach 6 Semestern IHK-Abschluss zum Fachinformatiker (m/w/d), Fachrichtung Anwendungsentwicklung oder Systemintegration nach 9 Semestern Bachelor of Science (B.Sc.), Vertiefungsrichtung Softwaretechnik oder Netztechnik und Systemintegration



**Aufgabengebiet**

    Entwicklung, Installation und Betreuung von Softwarelösungen

    Einsatz von verschiedenen Programmiersprachen (PL/SQL, SAP ABAP, MySQL / MariaDB und MS-SQL)

    Installation, Pflege und Administration von Netzwerken und Servern mit unterschiedlichen Betriebssystemen (Linux und Microsoft Windows)

    Entwicklung und Implementierung von Maßnahmen und Strategien im Bereich der IT-Sicherheit

    Installation und Betreuung von PC-Arbeitsplätzen sowie von mobilen Endgeräten

    Anschaffung, Konfiguration und Verwaltung verschiedener Peripheriegeräte

    First- und Second Level Support für Mitarbeiter

    Übernahme von Beratungs- und Schulungstätigkeiten für interne und externe Anwender, sowie Erstellung von Dokumentationen

    Projektplanung und -management



**Ausbildungsbegleitender Unterricht**

In Ergänzung zu Ihrer praxisnahen Arbeit im Unternehmen nehmen Sie an den Lehrveranstaltungen der Fachhochschule Dortmund teil. Dort erfolgt die Vermittlung und Vertiefung Ihrer Kompetenzen im Bereich Softwaretechnik, Systemtechnik, Netztechnik sowie Systemintegration. Diese Kombination aus praktischer Anwendung und theoretischer Ausbildung bietet Ihnen eine umfassende und fundierte Qualifikation für die Herausforderungen des Berufsalltags.



Weitere Informationen finden Sie unter:

https://www.fh-dortmund.de/studiengaenge/informatik-dual-bachelor.php

**Ausbildungsvergütung**

    ab dem 1. Semester: 1.100 € / Monat

    ab dem 3. Semester: 1.200 € / Monat

    ab dem 5. Semester: 1.300 € / Monat



Darüber hinaus übernimmt PharmLog die anfallenden Semesterbeiträge.","In Ergänzung zu Ihrer praxisnahen Arbeit im Unternehmen nehmen Sie an den Lehrveranstaltungen der Fachhochschule Dortmund teil. Dort erfolgt die Vermittlung und Vertiefung Ihrer Kompetenzen im Bereich Softwaretechnik, Systemtechnik, Netztechnik sowie Systemintegration. Diese Kombination aus praktischer Anwendung und theoretischer Ausbildung bietet Ihnen eine umfassende und fundierte Qualifikation für die Herausforderungen des Berufsalltags.
Weitere Informationen finden Sie unter:
Fachhochschulreife",2026-06-11T09:14:36.706267+00:00
10000-1204912093-S,fachinformatiker_ae_2026,adesso SE,Dortmund,"Adessoplatz 1, 44269 Dortmund",Duales Studium | Fachinformatiker/in - Anwendungsentwicklung,dual,2026,8,,73,ba_portal,,https://www.arbeitsagentur.de/jobsuche/jobdetail/10000-1204912093-S,ba_portal,,https://www.arbeitsagentur.de/jobsuche/jobdetail/10000-1204912093-S,adesso SE | Duales Studium | Fachinformatiker/in - Anwendungsentwicklung | Dortmund,ya,belum,rendah,"adesso steht für IT-Exzellenz und damit auch für exzellente Entwicklungsmöglichkeiten für alle adessi. Wir wachsen gemeinsam und lernen voneinander – an unseren Projekten, im Team und mit herausragenden Trainingsangeboten. Wir haben IT im Herzen, die Branche im Blick und den Erfolg unserer Kunden im Sinn. Denn erfolgreiches Geschäft entsteht durch innovative Ideen, zukunftsfähige Strategien und kluge IT-Lösungen. Immer sind dabei Menschen beteiligt, die etwas bewegen wollen und das einfach machen. Wir gestalten und bauen Software, die unsere Kunden begeistert. In Projekten, die uns fordern. Und das in einem Umfeld, das uns Spaß macht, in der Erfolg gemeinsam entsteht und sich alle wohlfühlen.

### **DEINE ROLLE**

- **Praxisbezug:** Du kombinierst Studium und Berufsausbildung, lernst Theorie an der Hochschule und sammelst Praxis im IT-Team.
- **Studium und Praxis:** Studiere an der Fachhochschule Dortmund oder Hochschule Niederrhein und arbeite parallel in unserem Software Development-Team. Du startest am 01.08.2026 in Dortmund oder am 01.09.2026 in Köln.
- **Integrierte Berufsausbildung:** Du kombinierst dein Studium mit der Ausbildung zur Fachinformatikerin oder zum Fachinformatiker Anwendungsentwicklung (IHK).
- **Spannende Projekte:** Du sammelst Praxis in IT-Projekten und gestaltest innovative Softwarelösungen für unsere Kundschaft aktiv mit.
- **Spezialisierungsmöglichkeiten:** Du vertiefst dich in Themen wie Softwaretechnik, Web-Engineering oder Datenbanksicherheit.
- **Begleitung und Förderung:&#160;**Wir begleiten dich mit erfahrenen Teammitgliedern und unterstützen dich bei deinem Studium und deiner Entwicklung.

### **DEIN PROFIL**

- **Abschluss:** Du hast die Fachhochschul- oder Hochschulreife erfolgreich abgeschlossen.
- **Mathematisches Verständnis:&#160;**Du punktest mit guten Noten in Mathematik und Informatik.
- **Programmierkenntnisse:&#160;**Du bringst erste Erfahrungen in einer Programmiersprache mit.
- **Technologiebegeisterung:** Du interessierst dich für moderne Technologien und deren Anwendung.
- **Teamgeist:** Du arbeitest gern mit anderen zusammen und teilst deine Ideen im Team.
- **Sprachkenntnisse:&#160;**Deine sehr guten Deutsch- sowie guten Englischkenntnisse ermöglichen dir eine sichere Kommunikation.

### Deine Benefits

- **Bleib gesund und fit:** Wir fördern die Gesundheit unserer adessi mit sportlichen Zuschüssen wie vergünstigten Fitnessmitgliedschaften, Übernahme Platzmiete für bspw. Badminton, Padel Tennis oder Fußball und regelmäßigen Vorsorgeuntersuchungen.
- **Finde deine Work-Life-Balance:** Unser Auszeitprogramm und flexible Arbeitsmodelle helfen dir dabei, Beruf und Privatleben optimal in Einklang zu bringen.
- **Zeit für die Familie:** Unser Ziel ist es, die beiden Welten – Familien- und Arbeitsleben – miteinander zu vereinen. Hierfür unterstützen wir unsere adessi bestmöglich mit zahlreichen Angeboten, wie z. B. Kinderferienbetreuung, Kita-Kooperationen, Eltern-Kind-Büros oder Events, bei denen die ganze Familie willkommen ist.
- **Lerne und wachse mit uns:** Mit über 400 Trainingsangeboten und unserer digitalen Lernplattform unterstützen wir deine kontinuierliche Weiterentwicklung.
- **Erlebe echten Teamgeist:** Gemeinsame Events, Welcome Days, Firmenläufe oder das Patensystem stärken unseren Zusammenhalt und lassen dich von Anfang an Teil des Teams sein.
- **Engagement, das belohnt wird:** Dein Einsatz zahlt sich aus – mit Prämien für Empfehlungen, Vorträge, die Betreuung von Abschlussarbeiten sowie attraktiven Vergünstigungen über unser Corporate-Benefits-Portal.
- **Sei mobil und flexibel:** JobRad-Angebote, Zuschüsse für das Deutschlandticket und die Möglichkeit, bis zu zwei Monate mobil aus dem EU-Ausland zu arbeiten, bieten dir maximale Flexibilität.
- **Sicher in deine Zukunft:** Unser hauseigener, unabhängiger Versicherungsberater und -makler alleato hat für dich stets individuelle Lösungen für Altersvorsorge oder Krankenversicherung parat.","### **DEIN PROFIL**
- **Abschluss:** Du hast die Fachhochschul- oder Hochschulreife erfolgreich abgeschlossen.
- **Mathematisches Verständnis:&#160;**Du punktest mit guten Noten in Mathematik und Informatik.
- **Programmierkenntnisse:&#160;**Du bringst erste Erfahrungen in einer Programmiersprache mit.
- **Technologiebegeisterung:** Du interessierst dich für moderne Technologien und deren Anwendung.
- **Teamgeist:** Du arbeitest gern mit anderen zusammen und teilst deine Ideen im Team.
- **Sprachkenntnisse:&#160;**Deine sehr guten Deutsch- sowie guten Englischkenntnisse ermöglichen dir eine sichere Kommunikation.",2026-06-11T08:14:37.491830+00:00
AD-4edcce79-d369-4713-9f6c-5ad30585ee09,ausbildung_de_ae,Continentale Krankenversicherung a.G.,Dortmund,Continentale-Allee 1 44269 Dortmund Nordrhein-Westfalen,Ausbildung | Duales Studium Informatik (B.Sc.) und Fachinformatiker (m/w/d) Anwendungsentwicklung an der FH Dortmund Start: August 2027,dual,,,,73,company,Nele.Bothe@continentale.de,https://karriere.continentale.de/de/p/ausbildung_duales-studium/jobs/45752/apply,email,,,Continentale Krankenversicherung a.G. | Ausbildung | Duales Studium Informatik (B.Sc.) und Fachinformatiker (m/w/d) Anwendungsentwicklung an der FH Dortmund Start: August 2027 | Dortmund,tidak,belum,tinggi,"Duales Studium Informatik (B.Sc.) und Ausbildung Fachinformatiker (m/w/d) Anwendungsentwicklung an der FH Dortmund Start: August 2027

- Urlaub: 30 Tage Urlaub pro Jahr bieten beste Voraussetzungen, um fremde Länder zu entdecken und den Akku wieder voll aufzuladen.
- Zusatzleistungen: Freuen Sie sich auf Extras wie Weihnachts- und Urlaubsgeld, vermögenswirksame Leistungen in Höhe von 40 Euro pro Monat, Fahrtkostenzuschüsse sowie einen Bücherzuschuss. Weiterhin übernehmen wir die Reise- und Übernachtungskosten beim Besuch von Seminaren, Semesterbeiträge sowie weitere Unterstützungsleistungen wie bspw. Studienbeihilfen.
- Weiterbildungsmöglichkeiten: Schon während Ihrer Ausbildung/Ihres Studiums unterstützen wir Ihre Weiterentwicklung mit gezielten Schulungen, Seminaren und Workshops.
- Events für dual Studierende: Ein erstes Kennenlernen findet bereits vor Ausbildungsbeginn statt. Während Ihres dualen Studiums nehmen Sie an zahlreichen Ausflügen sowie an gemeinsamen Abendessen nach Veranstaltungen wie den standortübergreifenden Netzwerktreffen teil.
- Zukunftsperspektiven: Nach Ihrem Abschluss bieten wir Ihnen sehr gute Übernahme- sowie Weiterbildungsmöglichkeiten. Wir freuen uns, Sie langfristig fördern zu dürfen.
- Betriebliches Gesundheitsmanagement: Die Gesundheit unserer Mitarbeitenden liegt uns am Herzen: Mit Vorsorgeuntersuchungen, Impfungen, Betriebssport oder interessanten Seminaren sorgen wir für das Wohlbefinden unserer Mitarbeitenden.
individuell. erfolgreich. verbunden.
Gemeinsam stark im Continentale Versicherungsverbund: Die Continentale, die EUROPA und die Mannheimer haben sich zu einem Versicherungsverbund auf Gegenseitigkeit zusammengeschlossen. Als grundsolider Versicherer bietet die Continentale für Privatpersonen sowie kleine und mittelständische Unternehmen Versicherungsschutz aus einer Hand.
Als Arbeitgeber sind wir ein zuverlässiger und sicherer Partner. Wir stellen den Menschen in den Mittelpunkt: Wir fordern und fördern Leistung und Qualität und übertragen Ihnen Verantwortung. So können Sie entscheidend zum Unternehmenserfolg beitragen – gemeinsam gestalten wir erfolgreich Zukunft. Durch gegenseitige Unterstützung und offene Kommunikation finden wir immer wieder neue Ideen. Sind Sie wie wir? Dann bewerben Sie sich jetzt!
Ihre Ansprechperson
Nele Bothe
0231 919-4690 Continentale Krankenversicherung a.G.
Continentale-Allee 1
44269 Dortmund
Alle Geschlechter sind willkommen. Aufgrund der besseren Lesbarkeit wird nur die männliche Form verwendet.
Sämtliche Personenbezeichnungen gelten für alle Geschlechter.","- Urlaub: 30 Tage Urlaub pro Jahr bieten beste Voraussetzungen, um fremde Länder zu entdecken und den Akku wieder voll aufzuladen.
- Zusatzleistungen: Freuen Sie sich auf Extras wie Weihnachts- und Urlaubsgeld, vermögenswirksame Leistungen in Höhe von 40 Euro pro Monat, Fahrtkostenzuschüsse sowie einen Bücherzuschuss. Weiterhin übernehmen wir die Reise- und Übernachtungskosten beim Besuch von Seminaren, Semesterbeiträge sowie weitere Unterstützungsleistungen wie bspw. Studienbeihilfen.
- Weiterbildungsmöglichkeiten: Schon während Ihrer Ausbildung/Ihres Studiums unterstützen wir Ihre Weiterentwicklung mit gezielten Schulungen, Seminaren und Workshops.
- Events für dual Studierende: Ein erstes Kennenlernen findet bereits vor Ausbildungsbeginn statt. Während Ihres dualen Studiums nehmen Sie an zahlreichen Ausflügen sowie an gemeinsamen Abendessen nach Veranstaltungen wie den standortübergreifenden Netzwerktreffen teil.
- Zukunftsperspektiven: Nach Ihrem Abschluss bieten wir Ihnen sehr gute Übernahme- sowie Weiterbildungsmöglichkeiten. Wir freuen uns, Sie langfristig fördern zu dürfen.
- Betriebliches Gesundheitsmanagement: Die Gesundheit unserer Mitarbeitenden liegt uns am Herzen: Mit Vorsorgeuntersuchungen, Impfungen, Betriebssport oder interessanten Seminaren sorgen wir für das Wohlbefinden unserer Mitarbeitenden.
individuell. erfolgreich. verbunden.
Gemeinsam stark im Continentale Versicherungsverbund: Die Continentale, die EUROPA und die Mannheimer haben sich zu einem Versicherungsverbund auf Gegenseitigkeit zusammengeschlossen. Als grundsolider Versicherer bietet die Continentale für Privatpersonen sowie kleine und mittelständische Unternehmen Versicherungsschutz aus einer Hand.
Als Arbeitgeber sind wir ein zuverlässiger und sicherer Partner. Wir stellen den Menschen in den Mittelpunkt: Wir fordern und fördern Leistung und Qualität und übertragen Ihnen Verantwortung. So können Sie entscheidend zum Unternehmenserfolg beitragen – gemeinsam gestalten wir erfolgreich Zukunft. Durch gegenseitige Unterstützung und offene Kommunikation finden wir immer wieder neue Ideen. Sind Sie wie wir? Dann bewerben Sie sich jetzt!
Ihre Ansprechperson
Nele Bothe
0231 919-4690 Continentale Krankenversicherung a.G.
Continentale-Allee 1
44269 Dortmund
Alle Geschlechter sind willkommen. Aufgrund der besseren Lesbarkeit wird nur die männliche Form verwendet.
Sämtliche Personenbezeichnungen gelten für alle Geschlechter.",2026-06-11T11:22:40.539890+00:00
NRW-294-602,ausbildung_nrw_ae,Innosoft GmbH,Dortmund,Martin-Schmeißer-Weg 15 44227 Dortmund,Ausbildung | Fachinformatiker/in - Anwendungsentwicklung,dual,,,,73,company,pedde@innosoft.de,https://www.innosoft.de/karriere/,email,"Kontakt
+49 231 427 885 - 275
pedde@innosoft.de
https://www.innosoft.de
Martin-Schmeißer-Weg 15
44227 Dortmund
P
Pedde
Ausbilder
+49 231 427 885 - 275
pedde@innosoft.de
Social Media
Standort
+
–
⤢
info@ausbildung.nrw
Kontakt
Datenschutz
Impressum
Ausbildung.NRW ist ein Kooperationsprojekt der Industrie- und Handelskammern in Nordrhein-Westfalen.
umgesetzt von der www.spieker.agency",,Innosoft GmbH | Ausbildung | Fachinformatiker/in - Anwendungsentwicklung | Dortmund,tidak,belum,tinggi,"Fachinformatiker/in - Anwendungsentwicklung

Fachinformatiker/in - Anwendungsentwicklung in Dortmund
Angebote
Duales Studium
Duale Ausbildung (Vollzeit)
Sonstiges
Praktikum",,2026-06-12T09:56:26.708755+00:00
NRW-3346-6388,ausbildung_nrw_ae,"Frank Möller, shor.tcut, Software Entwicklung",Dörentrup,Nordsraße 6 / Mühlenstraße 4 32694 Dörentrup,Ausbildung | Fachinformatiker/in - Anwendungsentwicklung,dual,,,,73,company,office@shor.tcut.de,https://null/,email,"Kontakt
-49 (0) 5265 247 870
office@shor.tcut.de
https://shor.tcut.de
Nordsraße 6 / Mühlenstraße 4
32694 Dörentrup
Frank Möller
Inhaber
+49 (0) 5265 247 870
office@shor.tcut.de
Social Media
Standort
+
–
⤢
info@ausbildung.nrw
Kontakt
Datenschutz
Impressum
Ausbildung.NRW ist ein Kooperationsprojekt der Industrie- und Handelskammern in Nordrhein-Westfalen.
umgesetzt von der www.spieker.agency",,"Frank Möller, shor.tcut, Software Entwicklung | Ausbildung | Fachinformatiker/in - Anwendungsentwicklung | Dörentrup",tidak,belum,tinggi,"Fachinformatiker/in - Anwendungsentwicklung

Fachinformatiker/in - Anwendungsentwicklung in Dörentrup
Angebote
Duales Studium
Berufsfelderkundungstag
Praktikum
Duale Ausbildung

So kannst du dich bewerben
Sende uns Deine Bewerbung an office@shor.tcut.de und erzähl uns ein wenig über Dich! Für dieses Jahr haben wir die Ausbildungsstellen besetzt. Wenn Du ab 2023 einen Ausbildungsplatz suchst, kannst du dich gerne bewerben.",,2026-06-12T09:55:33.537952+00:00
NRW-2607-4858,ausbildung_nrw_ae,A.u.K. Müller GmbH & Co. KG,Düsseldorf,Dresdener Str. 162 40595 Düsseldorf,Ausbildung | Fachinformatiker/in - Anwendungsentwicklung,dual,,,,73,company,a.friedrich@akmueller.de,https://www.akmueller.de/akm-karriere-portal/ausbildung/fachinformatiker-m/w/d-anwendungsentwicklung,email,"Kontakt
0211 7391 255
a.friedrich@akmueller.de
https://www.akmueller.de
Dresdener Str. 162
40595 Düsseldorf
A
A. Friedrich
Leiterin Personalwesen
0211 7391 255
a.friedrich@akmueller.de
Social Media
Standort
+
–
⤢
info@ausbildung.nrw
Kontakt
Datenschutz
Impressum
Ausbildung.NRW ist ein Kooperationsprojekt der Industrie- und Handelskammern in Nordrhein-Westfalen.
umgesetzt von der www.spieker.agency",,A.u.K. Müller GmbH & Co. KG | Ausbildung | Fachinformatiker/in - Anwendungsentwicklung | Düsseldorf,tidak,belum,tinggi,"Fachinformatiker/in - Anwendungsentwicklung

Fachinformatiker/in - Anwendungsentwicklung in Düsseldorf
Mehr Informationen
Fachinformatiker/in - Systemintegration in Düsseldorf
Mehr Informationen
Duales Studium - Maschinenbau (Praxis + B.Eng.) in Düsseldorf
Mehr Informationen
Duales Studium - Softwareentwicklung (Ausbildung + B.Sc.) in Düsseldorf
Mehr Informationen
Angebote
Duales Studium
Berufsfelderkundungstag
Duale Ausbildung (Vollzeit)
Sonstiges
Praktikum

So kannst du dich bewerben
Du interessierst Dich für einen Einstieg in die Welt der Ventiltechnik? Dann schicke uns Deine Bewerbung an ausbildung@akmueller.de",,2026-06-12T09:52:56.051831+00:00
NRW-1608-2843,ausbildung_nrw_ae,A. Kayser Automotive Systems GmbH,Einbeck,Hullerser Landstraße 43 37574 Einbeck,Ausbildung | Fachinformatiker/in - Anwendungsentwicklung (2025),dual,,,,73,empty,D.Bochmann@kayser-automotive.com,https://kayser-karriere.dvinci-hr.com/de/jobs/20308/ausbildung-zum-fachinformatiker-mwd-fur-anwendungs-entwicklung,email,"Kontakt
05561 79022169
D.Bochmann@kayser-automotive.com
www.kayser-automotive.com
Hullerser Landstraße 43
37574 Einbeck
Denise Bochmann
Ausbildungsleiterin
05561 79022169
D.Bochmann@kayser-automotive.com
Social Media
Standort
+
–
⤢
info@ausbildung.nrw
Kontakt
Datenschutz
Impressum
Ausbildung.NRW ist ein Kooperationsprojekt der Industrie- und Handelskammern in Nordrhein-Westfalen.
umgesetzt von der www.spieker.agency",,A. Kayser Automotive Systems GmbH | Ausbildung | Fachinformatiker/in - Anwendungsentwicklung (2025) | Einbeck,tidak,belum,tinggi,"Fachinformatiker/in - Anwendungsentwicklung (2025)

Fachinformatiker/in - Anwendungsentwicklung in Einbeck (2025)
Mehr Informationen
Duales Studium Mechatronik in Einbeck (2025)
Mehr Informationen
Maschinen- und Anlagenführer/in in Einbeck (2025)
Mehr Informationen
Angebote
Duales Studium
Duale Ausbildung (Vollzeit)
Praktikum

Schon gewusst?
• 30 Tage Urlaub
• 37 Stunden wöchentlich
• Betriebliches Gesundheitsmanagement
• Betriebsarzt
• Mitarbeiterrabatte
• Sport- und Fitnessangebote
• Vermögenswirksame Leistungen
• Rotationskonzept
• Gute Ausbildungsvergütung nach Tarifvertrag
• Fahrtkostenzuschuss
• Hohe Übernahmechancen
• Kostenlose Schulbücher und Büromittel
Mehr Informationen

Zusammen können wir uns weiterentwickeln, deine Karriere erfolgreich vorantreiben und gemeinsam nachhaltig und clever die Mobilität von Morgen gestalten. Informiere und bewirb dich jetzt!
Mehr Informationen",,2026-06-12T09:52:52.284086+00:00
ASD-998030003275152242,ausbildungsstellen_si,Azubiyo,"Epe, Gronau (Westfalen)","J&#246;bkesweg 19-23 48599 Epe, Gronau (Westfalen) Nordrhein-Westfalen",Ausbildung | Duales Studium Informatik.Softwaresysteme + Fachinformatiker für Anwendungsentwicklung (m/w/d) 2027,dual,,,,73,company,ausbildung@monari.de,https://www.azubiyo.de/bewerbung/,email,,,"Azubiyo | Ausbildung | Duales Studium Informatik.Softwaresysteme + Fachinformatiker für Anwendungsentwicklung (m/w/d) 2027 | Epe, Gronau (Westfalen)",tidak,belum,tinggi,"Duales Studium Informatik.Softwaresysteme + Fachinformatiker für Anwendungsentwicklung (m/w/d) 2027

DAS BRINGST DU MIT
- Einen guten Schulabschluss (Fachhochschulreife oder Abitur)
- Interesse an digitalen Medien
- Gutes Zahlenverständnis und Englisch- sowie MS-Office-Kenntnisse
- Teamfähigkeit, Zuverlässigkeit und eine gute Kommunikationsfähigkeit
DAUER
3 Jahre
STUDIENABSCHLÜSSE
2 (Bachelor of Science und Fachinformatiker/-in für Anwendungsentwicklung)
Link zur Stellenanzeige
Link zur Ausbildungsseite
___________________________________
WIR FREUEN UNS AUF DEINE BEWERBUNG
monari GmbH | Personalabteilung | Jöbkesweg 19-23 | 48599 Gronau |
ausbildung@monari.de | T +49 2562 714 – 6402

DARAUF KANNST DU DICH FREUEN
- Spannende, abwechslungsreiche Ausbildung in einem Unternehmen
mit kurzen Kommunikationswegen
- Motiviertes Team in einer lockeren Arbeitsatmosphäre
- Neues, stylisches Headoffice mit attraktivem Bistro und Outdoorbereich
- Regelmäßiger Austausch und Feedbackgespräche","DAS BRINGST DU MIT
- Einen guten Schulabschluss (Fachhochschulreife oder Abitur)
- Interesse an digitalen Medien
- Gutes Zahlenverständnis und Englisch- sowie MS-Office-Kenntnisse
- Teamfähigkeit, Zuverlässigkeit und eine gute Kommunikationsfähigkeit
DAUER
3 Jahre
STUDIENABSCHLÜSSE
2 (Bachelor of Science und Fachinformatiker/-in für Anwendungsentwicklung)
Link zur Stellenanzeige
Link zur Ausbildungsseite
___________________________________
WIR FREUEN UNS AUF DEINE BEWERBUNG
monari GmbH | Personalabteilung | Jöbkesweg 19-23 | 48599 Gronau |
ausbildung@monari.de | T +49 2562 714 – 6402",2026-06-13T12:57:32.597082+00:00
10000-1205460876-S,fachinformatiker_dpa,Deutsche Bank AG,Frankfurt am Main,60311 Frankfurt am Main,Duales Studium | Fachinformatiker/in - Daten- und Prozessanalyse,dual,,,,73,ba_portal,,https://www.arbeitsagentur.de/jobsuche/jobdetail/10000-1205460876-S,ba_portal,,https://www.arbeitsagentur.de/jobsuche/jobdetail/10000-1205460876-S,Deutsche Bank AG | Duales Studium | Fachinformatiker/in - Daten- und Prozessanalyse | Frankfurt am Main,ya,belum,rendah,"**Herzlich willkommen!**

Wir freuen uns darauf, dich auf deinem Weg ins Berufsleben zu begleiten und gemeinsam deine Fähigkeiten zu entwickeln. Unsere global ausgerichtete Bank mit all ihren Möglichkeiten steht dir offen.

Du willst Wirtschaft und IT verbinden? In unserem ausbildungsintegrierten Studium Wirtschaftsinformatik gestaltest du die digitale Zukunft der Deutschen Bank. Dabei sind Theorie und Praxis eng miteinander verzahnt. Du hast nach 2 Jahren einen IHK-Abschluss als Fachinformatiker:in und nach 3,5 Jahren außerdem einen Bachelor of Science in der Tasche. Beste Voraussetzungen, um beruflich in jeder Hinsicht durchzustarten.

**Aufgaben während der Ausbildung:**

— Aktiv an digitalen Lösungen mitarbeiten und unsere Produkte und Services im Bereich Technology, Data & Innovation verbessern

— Im Tagesgeschäft und in Projekten an der Schnittstelle von Technologie und Praxis mitwirken

— An innovativen IT-Themen wie Cloud, Künstliche Intelligenz, Cyber-Securitiy, Softwareentwicklung und Datenanalyse mitwirken

— Schrittweise eigene Aufgaben & Projekte übernehmen, die unsere Syteme smarter machen und Prozesse effizienter gestalten

**Fähigkeiten:**

— Gutes (Fach-) Abitur

— Interesse an IT und Wirtschaft

— Kommunikations- und Konfliktfähigkeit

— Ausdauer und Kreativität

— Analytische und sprachliche Fähigkeiten

— Hohe Lern- und Leistungsbereitschaft

**Deine ausbildungsintegriertes Studium bei uns ist …**

**Facettenreich**

Ergreife die Chance, in Technology, Data & Innvoation Prozesse und Lösungen in echten Projekten zu entwickeln, die unsere Bank noch leistungsfähiger machen.

**Innovativ & zukunftssicher**

Erlebe Digitalisierung, Künstliche Intelligenz, Innovation & Nachhaltigkeit hautnah.

**Vernetzt & karrierestark**

Werde Teil eines starken (inter-) nationalen Netzwerks mit Top-Perspektiven.

**Individuell, flexibel & vielfältig**

Setze eigene Schwerpunkte und gestalte deine Einsätze nach deinen Stärken und Interessen.

**Gehalt und mehr**

- 1. Ausbildungsjahr: 1.470 EUR
- 2. Ausbildungsjahr: 1.550 EUR
- Nach erfolgreichem IHK-Abschluss bis zum Abschluss der Bachelorthesis: Teilzeit Arbeitsvertrag nach Bankentarif
- individueller Bonus
- Kostenloses Gehaltskonto
- Vermögenswirksame Leistungen
- Belegschaftsaktien und Betriebsrente
- Lernmittel-, Miet- und Fahrtkostenzuschüsse möglich
- 30 Tage Urlaub (den 24.12. und 31.12. gibt es gleich noch obendrauf)

**Hier kannst du dich bewerben:**

careers.db.com/ausbildung-studium","Du willst Wirtschaft und IT verbinden? In unserem ausbildungsintegrierten Studium Wirtschaftsinformatik gestaltest du die digitale Zukunft der Deutschen Bank. Dabei sind Theorie und Praxis eng miteinander verzahnt. Du hast nach 2 Jahren einen IHK-Abschluss als Fachinformatiker:in und nach 3,5 Jahren außerdem einen Bachelor of Science in der Tasche. Beste Voraussetzungen, um beruflich in jeder Hinsicht durchzustarten.
**Aufgaben während der Ausbildung:**",2026-06-11T08:16:24.691519+00:00
ASD-998030000897560008,ausbildungsstellen_si,Azubiyo,"H&#252;rth, Alst&#228;dten / Burbach, Efferen, Fischenich, Gleuel, Herm&#252;lheim, Kalscheuren, Kendenich, Knapsack, Sielsdorf, Stotzheim bei Herm&#252;lheim","Max-Planck-Stra&#223;e 2 50354 H&#252;rth, Alst&#228;dten / Burbach, Efferen, Fischenich, Gleuel, Herm&#252;lheim, Kalscheuren, Kendenich, Knapsack, Sielsdorf, Stotzheim bei Herm&#252;lheim Nordrhein-Westfalen",Ausbildung Fachinformatiker/in (m/w/d) - Anwendungsentwicklung Köln,dual,,,,73,company,,https://www.azubiyo.de/bewerbung/,portal,"Dein Ansprechpartner:
Michael Reinold, Tel. 0221 / 99510-1414",,"Azubiyo | Ausbildung Fachinformatiker/in (m/w/d) - Anwendungsentwicklung Köln | H&#252;rth, Alst&#228;dten / Burbach, Efferen, Fischenich, Gleuel, Herm&#252;lheim, Kalscheuren, Kendenich, Knapsack, Sielsdorf, Stotzheim bei Herm&#252;lheim",tidak,belum,sedang,"Ausbildung Fachinformatiker/in (m/w/d) - Anwendungsentwicklung Köln

Fachabitur

Wir bieten dir neben der Ausbildung auch die Möglichkeit ein Duales Studium zu absolvieren. Hier gehen Theorie und Praxis Hand in Hand! Mit einem dualen Studium kannst Du gleichzeitig studieren und Berufserfahrungen sammeln. Die im Hörsaal erworbenen theoretischen Kenntnisse kennen in den Praxisphasen direkt im laufenden Betrieb ein- und umgesetzt werden. So bereitest Du Dich optimal auf den Berufseinstieg in eine verantwortungsvolle Position vor. Und das alles bereits während des Studiums mit einem guten Gehalt.
Übrigens: Für unsere Ausbildungsarbeit sind wir von der Industrie- und Handelskammer zu Köln und als Best Place To Learn ausgezeichnet worden.
Wir freuen uns auf deine Bewerbung über unser Bewerbungsportal.",Fachabitur,2026-06-13T12:47:06.149542+00:00
NRW-4724-11034,ausbildung_nrw_ae,itc. Training & Consulting GmbH,Hannover,Günther-Wagner-Allee 5 30177 Hannover,Ausbildung | Fachinformatiker/in - Anwendungsentwicklung,dual,,,,73,company,bborkowski@tc-itc.de,https://www.tc-itc.de/,email,"Kontakt
+49 511 123119-10
bborkowski@tc-itc.de
https://www.tc-itc.de
Günther-Wagner-Allee 5
30177 Hannover
B
Burkhard Borkowski
Geschäftsführer
+49 511 123119-10
bborkowski@tc-itc.de
D
Dr. Katja Barfus-Müller
Geschäftsführerin
+49 174 3165091
kbarfus-mueller@tc-itc.de
Standort
+
–
⤢
info@ausbildung.nrw
Kontakt
Datenschutz
Impressum
Ausbildung.NRW ist ein Kooperationsprojekt der Industrie- und Handelskammern in Nordrhein-Westfalen.
umgesetzt von der www.spieker.agency",,itc. Training & Consulting GmbH | Ausbildung | Fachinformatiker/in - Anwendungsentwicklung | Hannover,tidak,belum,tinggi,"Fachinformatiker/in - Anwendungsentwicklung

Fachinformatiker/in - Anwendungsentwicklung in Hannover
Mehr Informationen
Angebote
Duales Studium
Duale Ausbildung (Vollzeit)",,2026-06-12T09:56:41.481747+00:00
10000-1206387734-S,fachinformatiker_dpa,Bernard Krone Holding SE & Co. KG,Haselünne,49740 Haselünne,Duales Studium | Fachinformatiker/in - Daten- und Prozessanalyse,dual,2027,8,,73,ba_portal,,https://www.arbeitsagentur.de/jobsuche/jobdetail/10000-1206387734-S,ba_portal,,https://www.arbeitsagentur.de/jobsuche/jobdetail/10000-1206387734-S,Bernard Krone Holding SE & Co. KG | Duales Studium | Fachinformatiker/in - Daten- und Prozessanalyse | Haselünne,ya,belum,rendah,"Als führender Hersteller in der Land- und Nutzfahrzeugtechnik sind wir auf der Suche nach Mitarbeitern (m/w/d), die die Geschichte der KRONE Gruppe erfolgreich weiter schreiben möchten.
Als familiengeführtes Unternehmen bieten wir den nötigen Raum für Kreativität, Eigeninitiative und Entfaltung. Weltweit mehr als 5.000 Mitarbeiter (m/w/d) gehören zum aktuellen KRONE Team. Hochmotiviert und dynamisch tragen wir alle mit unseren Taten und Talenten zur heutigen und zukünftigen KRONE Erfolgsstory bei.

Verstärke unser Team und finde Deinen Platz bei der Bernard Krone Holding SE & Co. KG an unserem Standort in Spelle, Werlte, Haselünne oder Herzlake ab dem 01.08.2027 als

Dualstudierender zum **Bachelor of Science (m/w/d) Wirtschaftsinformatik & Nachhaltige IT**

Als Bachelor of Science (m/w/d) Wirtschaftsinformatik bei KRONE erwartet Dich nicht nur eine spannende und aufschlussreiche Zeit bei uns im Unternehmen, sondern Du setzt zugleich den Startschuss Deiner beruflichen Karriere. Wenn Du nicht nur an der Wirtschaft sondern auch an der IT interessiert bist und Dich zusammenhängende Themen in den Bereichen interessieren, dann wird das der perfekte Mix für Dich sein. Du verbindest während deiner theoretischen Phasen am Institut für duale Studiengänge am Standort Lingen wirtschaftswissenschaftliches Fachwissen mit angewandter Informatik und kannst dieses während der Praxispahse im Unternehmen demonstrieren.

**Du lernst**

- Durchführung von Tests bei bestehenden Anwendungen
- Anpassung von Programmen
- Fehlerbehebung und Fehleranalyse
- Dokumentation von Lösungen
- Anforderungsanalyse und Beratung in den Fachabteilungen
- Entwicklung von Webanwendungen (Server, Web und Apps)

**Mögliche Einsatzgebiete während der Praxisphasen&#160;&#160;&#160;&#160;**

- IT-Abteilung an den Standorten Spelle, Werlte oder Haselünne (Ausbildungsbetrieb Krone Business Center DigITal GmbH & Co. KG)
- Elektronikentwicklung am Standort Spelle (Ausbildungsbetrieb Maschinenfabrik Bernard Krone GmbH & Co. KG)

**Du bringst mit&#160;&#160;**

- Allgemeine Hochschulreife oder Fachhochschulreife mit einschlägiger, abgeschlossener Berufsausbildung
- Technische Grundkenntnisse bzw. IT-Affinität
- Kommunikations- und Teamfähigkeit
- Gute Noten in den naturwissenschaftlichen Fächern, sowie in Deutsch und Englisch
- Selbstständiges und verantwortungsbewusstes Arbeiten

**Hochschulstandort**

Hochschule Osnabrück, Campus Lingen, Institut für duale Studiengänge

**Integrierte Berufsausbildung**

Fachinformatiker für Systemintegration (m/w/d)

Für Deine Bewerbung nutze bitte unser Online- Bewerbungsformular unter www.krone.de/karriere.","- Anforderungsanalyse und Beratung in den Fachabteilungen
- Entwicklung von Webanwendungen (Server, Web und Apps)
Abitur / Allgemeine Hochschulreife",2026-06-11T08:16:24.378954+00:00
NRW-853-12734,ausbildung_nrw_ae,2G Energy AG,Heek,Benzstraße 3 48619 Heek,"Ausbildung | Fachinformatiker/in - Anwendungsentwicklung (2026, 2027, 2028)",dual,,,,73,company,t.hewing@2-g.de,https://karriere.2-g.com/Ausbildung-Fachinformatiker-fuer-Anwendungsentwicklung--de-j37.html,email,"Kontakt
+49 2568 93470
t.hewing@2-g.de
https://2-g.com/de
Benzstraße 3
48619 Heek
T
Tim Hewing
Personalreferent
+49 2568 9347 0
personal@2-g.de
Social Media
Standort
+
–
⤢
info@ausbildung.nrw
Kontakt
Datenschutz
Impressum
Ausbildung.NRW ist ein Kooperationsprojekt der Industrie- und Handelskammern in Nordrhein-Westfalen.
umgesetzt von der www.spieker.agency",,"2G Energy AG | Ausbildung | Fachinformatiker/in - Anwendungsentwicklung (2026, 2027, 2028) | Heek",tidak,belum,tinggi,"Fachinformatiker/in - Anwendungsentwicklung (2026, 2027, 2028)

Fachinformatiker/in - Anwendungsentwicklung in Heek (2026, 2027, 2028)
Industriekaufmann/frau in Heek (2027, 2028)
Mehr Informationen
Fachinformatiker/in - Systemintegration in Heek (2027, 2028)
Mehr Informationen
Kaufmann/frau - Digitalisierungsmanagement in Heek (2027, 2028)
Mehr Informationen
Technische/r Produktdesigner/in in Heek (2027, 2028)
Mehr Informationen
Angebote
Duales Studium
Berufsfelderkundungstag
Duale Ausbildung (Vollzeit)
Praktikum
Duale Ausbildung

So kannst du dich bewerben",,2026-06-12T09:52:48.326198+00:00
NRW-342-422,ausbildung_nrw_ae,DÖRKEN,Herdecke,Wetterstraße 58 58313 Herdecke,Ausbildung | Fachinformatiker/in - Anwendungsentwicklung (2026),dual,,,,73,company,lvormann@doerken.de,https://8105225516.karriereportal.cloud/job/57,email,"Kontakt
0233063414
lvormann@doerken.de
https://www.doerken.com/de/de/start
Wetterstraße 58
58313 Herdecke
L
Lys Vormann
Personalreferentin Recruiting & Ausbildung
0233063414
lvormann@doerken.de
Standort
+
–
⤢
info@ausbildung.nrw
Kontakt
Datenschutz
Impressum
Ausbildung.NRW ist ein Kooperationsprojekt der Industrie- und Handelskammern in Nordrhein-Westfalen.
umgesetzt von der www.spieker.agency",,DÖRKEN | Ausbildung | Fachinformatiker/in - Anwendungsentwicklung (2026) | Herdecke,tidak,belum,tinggi,"Fachinformatiker/in - Anwendungsentwicklung (2026)

Fachinformatiker/in - Anwendungsentwicklung in Herdecke (2026)
Mehr Informationen
Fachinformatiker/in - Systemintegration in Herdecke (2026)
Mehr Informationen
Duales Studium Informatik in Herdecke (2026)
Mehr Informationen
Industriemechaniker/in in Herdecke (2026)
Mehr Informationen
Elektroniker/in – Betriebstechnik in Herdecke (2026)
Mehr Informationen
Fachlagerist/in in Herdecke (2026)
Mehr Informationen
Kunststoff- und Kautschuktechnologe/in in Herdecke (2026)
Mehr Informationen
Verfahrensmechaniker/in – Beschichtungstechnik in Herdecke (2026)
Mehr Informationen
Duales Studium - Wirtschaftsingenieurswesen (B. Sc.) in Herdecke (2026)
Mehr Informationen
Werkstoffprüfer/in - Metalltechnik in Herdecke (2026)
Mehr Informationen
Industriekaufmann/frau in Herdecke (2026)
Mehr Informationen
Bachelor of Science Wirtschaftsinformatik in Herdecke (2026)
Mehr Informationen
Elektroniker/in – Automatisierungstechnik (Industrie) in Herdecke (2026)
Mehr Informationen
Lacklaborant/in in Herdecke (2026)
Mehr Informationen
Angebote
Duales Studium
Berufsfelderkundungstag
Duale Ausbildung (Vollzeit)
Praktikum

So kannst du dich bewerben
Wir nehmen deine Bewerbung gerne direkt über unsere Homepage (Bewerbermanagement) entgegen. Nutze dazu einfach den Button ""Jetzt bewerben"", den du in jeder Ausschreibung findest.",,2026-06-12T09:54:54.828604+00:00
INDEED-851b8154ba65d2fc,indeed_de_ae,Schneider Electric,Herzogenaurach,Herzogenaurach BY,Ausbildung | Duales Studium | TH Nürnberg | ausbildungsintegriert | ProLeiT | Herzogenaurach | 2026 (w/m/d),dual,,,Berufsausbildung,73,empty,ausbildung-dach@se.com,https://www.hiringlab.org/de/,email,,,Schneider Electric | Ausbildung | Duales Studium | TH Nürnberg | ausbildungsintegriert | ProLeiT | Herzogenaurach | 2026 (w/m/d) | Herzogenaurach,tidak,belum,tinggi,"Duales Studium | TH Nürnberg | ausbildungsintegriert | ProLeiT | Herzogenaurach | 2026 (w/m/d)

Das lernst Du:
Intuitive Bedienoberflächen entwickeln : Du gestaltest clevere und moderne Benutzeroberflächen in C# und WPF – damit komplexe Maschinen einfach zu bedienen sind.
Programmieren mit Tiefgang: Du lernst verschiedene Programmiersprachen kennen und entwickelst Software, die echte Produktionsprozesse steuert.
Industrie live erleben: Du bist direkt vor Ort bei unseren Kund:innen, wenn wir Produktionsprozesse analysieren und verbessern.
Mit Daten die Zukunft steuern: Du programmierst Datenbankabläufe in SQL, die unseren Kund*innen in Echtzeit zeigen, was in ihrer Produktion passiert.
Prozessleitsysteme optimieren: Du arbeitest an der Weiterentwicklung unserer Systeme – praxisnah und mit eigenen Projekten.
Das erwartet Dich bei uns – weil Du mehr verdienst als nur eine Ausbildung:
Top Ausbildungsvergütung , die sich wirklich sehen lassen kann
Teamspirit & Wohlfühlatmosphäre – bei uns zählt jeder, und das spürt man
Individuelle Förderung – wir unterstützen Dich gezielt in Deiner fachlichen und persönlichen Entwicklung
Zukunft mit Perspektive – mit einer hohen Übernahmechance stehen dir alle Türen offen

Nicht der klassische Lebenslauf? Wir schätzen Vielfalt – ob Studienabbruch, Umweg oder Neuanfang: Deine Bewerbung ist bei uns willkommen! Und keine Sorge: Du musst nicht alle Voraussetzungen erfüllen – überzeug uns einfach mit Deiner Persönlichkeit und Motivation!
Dein nächster Schritt?

Attraktive Mitarbeiterrabatte – z. B. über Corporate Benefits
Finanzielle Extras wie unser Aktienprogramm – weil Du Teil unseres Erfolgs bist
Azubi-Camp und Azubi-Netzwerk – lerne andere Azubis kennen, wachse über Dich hinaus und baue dein Netzwerk auf
Arbeiten auf Augenhöhe – Wertschätzung und Respekt sind bei uns selbstverständlich
Das liegt uns am Herzen:
Du bringst mindestens eine vollständige Fachhochschulreife mit und Mathe und Physik schrecken Dich nicht ab!
Teamgeist: Wir sind One ProLeiT – dafür suchen wir echte Teamplayer, die nicht zum Lachen in den Keller gehen.
Leidenschaft : Du begeisterst Dich für IT, Computer, Coding.
Neugierde & Kreativität: Du hast Lust Neues zu lernen, Vorhandenes zu hinterfragen und neue Wege zu gehen.","Nicht der klassische Lebenslauf? Wir schätzen Vielfalt – ob Studienabbruch, Umweg oder Neuanfang: Deine Bewerbung ist bei uns willkommen! Und keine Sorge: Du musst nicht alle Voraussetzungen erfüllen – überzeug uns einfach mit Deiner Persönlichkeit und Motivation!
Dein nächster Schritt?",2026-06-13T11:05:22.832264+00:00
10000-1206336037-S,fachinformatiker_ae_2026,geoCapture GmbH,Hopsten,"Rheiner Str. 3, 48496 Hopsten",Duales Studium | Fachinformatiker/in - Anwendungsentwicklung,dual,2027,8,,73,ba_portal,,https://www.arbeitsagentur.de/jobsuche/jobdetail/10000-1206336037-S,ba_portal,,https://www.arbeitsagentur.de/jobsuche/jobdetail/10000-1206336037-S,geoCapture GmbH | Duales Studium | Fachinformatiker/in - Anwendungsentwicklung | Hopsten,ya,belum,rendah,"Programmierung und Geschäftsprozesse faszinieren dich? Dann starte dein

# **Duales Studium der Wirtschaftsinformatik (B.Sc.)**

und werde Teil unseres jungen, erfolgreichen Teams!

Bei uns vertiefst du dein Wissen in Softwareentwicklung, Datenbanken und IT-gestützten Geschäftsprozessen. Mit Unterstützung erfahrener Kollegen und mit modernster technischer Ausstattung entwickelst du praxisnahe Anwendungen, automatisierst Abläufe und optimierst unsere Unternehmenssoftware. Parallel eignest du dir an der Hochschule fundierte Kenntnisse in Informatik, Softwarearchitektur und Betriebswirtschaft an.

Dein Studienstart ist der **01.08.2027** an der Hochschule Osnabrück am Campus Lingen.

**Du lernst:**

- Betriebswirtschaftslehre, Informatik und Softwareentwicklung
- Mitarbeit im Tagesgeschäft
- Entwickeln von modernen Internetanwendungen
- Datenbanksprache SQL
- Vielseitige Programmiersprachen und Dateiformate (HTML, Javascript, PHP, Symfony 4, XML)
- Betriebssystem Windows
- Und natürlich die Technik der GPS-Ortung
- Nach 2 Jahren: IHK-Prüfung in einem kaufmännischen oder informationstechnischen Ausbildungsberuf
- Im 3. Jahr: Anfertigung der Bachelorarbeit

**Du bringst mit:**

- Guter Schulabschluss (mindestens Fachhochschulreife)
- Berufsfachschule für IT von Vorteil (z.B. ITA/BITA)
- Kenntnisse in Office-Lösungen
- Sehr gute Kenntnisse und Spaß an IT
- Gute Mathematik-, Physik- und Informatikkenntnisse
- Gute Englischkenntnisse
- Führerschein PKW

**Deine Benefits:**

- Tankgutscheine
- Handyvertrag
- Flexible Arbeitszeiten
- Vermögenswirksame Leistungen
- Betriebliche Altersvorsorge
- Rückenschule
- Regelmäßige Weiterbildungen
- Freie Getränke
- Zuschuss zum Mittagessen
- Modernes Arbeitsumfeld
- Regelmäßige Firmenevents

**geoCapture GmbH**
Anne Niemann
Rheiner Str. 3
48496 Hopsten

Tel. 05458 9366680","**Du bringst mit:**
- Guter Schulabschluss (mindestens Fachhochschulreife)
- Berufsfachschule für IT von Vorteil (z.B. ITA/BITA)
- Kenntnisse in Office-Lösungen
- Sehr gute Kenntnisse und Spaß an IT
- Gute Mathematik-, Physik- und Informatikkenntnisse
- Gute Englischkenntnisse
- Führerschein PKW",2026-06-11T08:15:41.204440+00:00
10001-1001405076-S,fachinformatiker_ae_2026,HUNKLER GmbH,"Karlsruhe, Baden","Bannwaldallee 32, 76185 Karlsruhe, Baden",Duales Studium,dual,2026,,,73,ba_portal,,https://www.arbeitsagentur.de/jobsuche/jobdetail/10001-1001405076-S,ba_portal,,https://www.arbeitsagentur.de/jobsuche/jobdetail/10001-1001405076-S,"HUNKLER GmbH | Duales Studium | Karlsruhe, Baden",ya,belum,rendah,"## Unser Unternehmen

Wir sind ältester Oracle-Partner in Deutschland und unsere inhaltlichen Schwerpunkte sind Oracle-Datenbanken, Oracle Engineered Systems und Oracle Cloud Computing.

Unseren Kunden bieten wir qualifiziertes Consulting rund um Konzepte, Projekte und Services, die individuell auf ihre Bedürfnisse zugeschnitten sind. Wir realisieren Infrastruktur- und Datenbanklösungen und leisten Unterstützung bei der Anwendungsentwicklung auf Oracle-Basis. Umfangreiche Serviceleistungen bis hin zur Remote-Administration von Kundendatenbanken runden das Angebot ab.

Wenn du dich angesprochen fühlst, dann bring dich ein als:

# Bachelor-Studiengang DHBW Karlsruhe 2026: Fachrichtung Wirtschaftsinformatik, Schwerpunkt Sales & Consulting

## Schwerpunkte des Studiums

- Grundlagen der Betriebs- und Volkswirtschaftslehre
- Branchenorientierte Methoden der Wirtschaftsinformatik
- Vertiefung in Consulting, Kundenverhalten sowie Sales Management
- Verhandlungs-/Servicemanagement, Change Management

## Das bieten wir dir

- Ein modernes Arbeitsumfeld mit eigenem Laptop für die Dauer der Ausbildung
- Interne Fortbildungen und Schulungen
- Kostenloses Wasser und Warmgetränke
- Verkehrsgünstige Anbindung
- 30 Urlaubstage pro Jahr
- Übernahme nach guter erfolgreicher 3-jähriger Ausbildung mit entsprechender Entwicklungsmöglichkeit nach deinen Neigungen

## Jetzt bewerben

In Kombination mit einem Studium an der Dualen Hochschule Baden-Württemberg Karlsruhe bieten wir dir die Möglichkeit, einen Abschluss als Bachelor of Science im Studiengang Wirtschaftsinformatik zu erlangen.

Solltest du Interesse an dieser interessanten und vielseitigen Ausbildung haben, sende uns deine Bewerbung.",,2026-06-11T08:15:46.260109+00:00
14756-83f68bd074034359-S,fachinformatiker_ae,SIEMPELKAMP Maschinen- und Anlagenbau GmbH,Krefeld,"Siempelkampstr. 75, 47803 Krefeld",Ausbildung | Fachinformatiker/in - Anwendungsentwicklung,dual,,,,73,partner_portal,,https://www.ausbildung.de/unternehmen/g-siempelkamp-gmbh-co-kg/stellen/ausbildung-fachinformatiker-in-fuer-anwendungsentwicklung-m-w-d-duales-studium-8sywt6rm/?utm_campaign=kooperation&utm_medium=jobfeed&utm_source=bundesagentur,portal,,https://www.arbeitsagentur.de/jobsuche/jobdetail/14756-83f68bd074034359-S,SIEMPELKAMP Maschinen- und Anlagenbau GmbH | Ausbildung | Fachinformatiker/in - Anwendungsentwicklung | Krefeld,tidak,belum,sedang,"Das duale Studium im Überblick

Zu den Ausbildungsschwerpunkten zählen u.a. das Errichten und Testen komplexer technischer Systeme am Betriebsstandort, die Software-Installation und Hardware-Integration in neue und bestehende Systeme, die Fehlerbehebung während der Integrationsphase oder auch im laufenden Betrieb sowie das Einrichten von Netzwerken und Netzwerkkomponenten entsprechend der Systemanforderung sowie der Installation von Client-Server-Systemen der Automatisierungstechnik
- Planung und Konfiguration von IT-System der Automatisierungstechnik 
- Durchführung von internen Schulungen

Die Voraussetzungen für das duale Studium

 - Fachhochschulreife oder allgemeine Hochschulreife

 - Interesse an Informatik, Softwareentwicklung und digitalen Prozessen

 - Freude am logischen Denken, Analysieren und Problemlösen

 - Erste Erfahrungen im Programmieren oder im IT-Umfeld von Vorteil

 - Grundkenntnisse im Umgang mit Computersystemen

 - Gutes mathematisches Verständnis

 - Selbstständige, strukturierte Arbeitsweise sowie Teamfähigkeit

 - Sehr gute Deutschkenntnisse

Das bieten wir

 - Gute Übernahme- und Entwicklungsperspektiven nach erfolgreichem Abschluss

 - Kollegiales Arbeitsumfeld mit kurzen Entscheidungswegen

 - Unterstützung bei Prüfungen, Projekt- und Abschlussarbeiten","Zu den Ausbildungsschwerpunkten zählen u.a. das Errichten und Testen komplexer technischer Systeme am Betriebsstandort, die Software-Installation und Hardware-Integration in neue und bestehende Systeme, die Fehlerbehebung während der Integrationsphase oder auch im laufenden Betrieb sowie das Einrichten von Netzwerken und Netzwerkkomponenten entsprechend der Systemanforderung sowie der Installation von Client-Server-Systemen der Automatisierungstechnik
- Planung und Konfiguration von IT-System der Automatisierungstechnik
- Durchführung von internen Schulungen",2026-06-11T09:13:05.286605+00:00
10000-1206519530-S,fachinformatiker_ae_2026,RTRC GmbH,Lingen (Ems),"Am Seitenkanal 8, 49811 Lingen (Ems)",Duales Studium | Fachinformatiker/in - Anwendungsentwicklung,dual,2027,,,73,ba_portal,,https://www.arbeitsagentur.de/jobsuche/jobdetail/10000-1206519530-S,ba_portal,,https://www.arbeitsagentur.de/jobsuche/jobdetail/10000-1206519530-S,RTRC GmbH | Duales Studium | Fachinformatiker/in - Anwendungsentwicklung | Lingen (Ems),ya,belum,rendah,"ROSEN Mitarbeiterinnen und Mitarbeiter besitzen die Leidenschaft für Technologien und Innovationen. Unser Claim „empowered by technology“ ist der Schlüssel zu unseren herausragenden und einzigartigen Produkten und Dienstleistungen, sowohl in der Öl und Gas - als auch in verschiedensten anderen Industrien. Im Fokus unserer Forschung und unserer Lösungen steht der sichere Betrieb von industriellen Anlagen – zum Schutz von Mensch und Umwelt.

Wir suchen für das Ausbildungsjahr 2027 engagierte und zuverlässige Studenten (m/w/d) für den **dualen Studiengang Informatik,** mit Spaß an selbstständiger und eigenverantwortlicher Arbeit.

**Das erwartet Dich**

Du tüftelst gerne, hast Spaß daran, geniale Lösungen zu finden und möchtest mehr über Big Data und KI lernen? Dann ist unser **Dualer Studiengang Informatik** sicherlich genau das richtige für dich! 
 
In **acht Semestern** machst du mit uns deinen Abschluss als **“Bachelor of Science”&#160;**und erhältst in einem Mix aus Vorlesungen und Praxisphase umfangreiche Einblicke in Themengebiete der Informatik - vom Programmieren über Datenverarbeitung bis hin zu Künstlicher Intelligenz. 
 
**Das lernst du bei uns:&#160;**

- Du konzipierst und programmierst objektorientierte Anwendungen 
- Du lernst die Analyse, Dokumentation und Verbesserung von bestehenden und neuen Anwendungen kennen 
- Du unterstützt bei Design und Entwicklung von Datenbanken 
- Du erstellst automatisierte Tests 
- Du machst dich vertraut mit der Erweiterung bzw. Anpassung der Anwendungsentwicklung bestehender kundenspezifischer Informations- und Kommunikationssysteme 
- Du lernst, vielfältige Entwurfsmuster zu beherrschen 
- Du wirst kompetent in der Nutzung von Versionsverwaltungssystemen 
- Du machst dich fit in Sachen Störungsbehebung 
- Du befasst dich in deiner Bachelorarbeit mit einer innerbetrieblichen Problemstellung und betrachtest diese auf wissenschaftlicher Grundlage 
- Du erwirbst zusätzlichen den IHK Abschluss als**&#160;Fachinformatiker für Anwendungsentwicklung (m/w/d)&#160;**

**Das bringst Du mit**

✌️Du hast **Abitur oder Fachhochschulreife** und bringst ein solides Englisch mit. 
✨Du bist an **Softwareentwicklung&#160;**interessiert und hast gute Informatik- und Computerkenntnisse. 
❤️ Du arbeitest **sorgfältig,&#160;**bist **zuverlässig** und möchtest Teil eines **starken Teams** werden. 

Du kannst alle Punkte abhaken?✅Dann passt du perfekt zu uns! Mit dem richtigen **Engagement&#160;**kannst du bei uns viel erreichen und richtig durchstarten.✈️ 

**Das bieten wir**

- Es geht am**&#160;1. August 2027** los 
- Du bekommst folgendes Bruttogehalt: 
**1. Lehrjahr: 1.353 Euro**
**2. Lehrjahr: 1.401 Euro**
**3. Lehrjahr: 1.533 Euro**
**4. Lehrjahr: 1.648 Euro**
- Du bekommst ein umfangreiches **Einführungsprogramm**, das dich optimal auf deine Ausbildung bei ROSEN vorbereitet 
- **Wir bezahlen deine Schulbücher&#160;**
- Du profitierst von vergünstigten Mitgliedschaften im Fitnessstudio und anderen Sportvereinen (über Egym Wellpass) 
- Dich erwarten eine super **Azubifahrt** und Team-Events 
- Du arbeitest in einem **internationalen Unternehmen** mit modernen Arbeitsplätzen 
- Du bekommst monatlich attraktive Mitarbeiterrabatte auf viele Produkte über unser Corporate-Benefits-Programm 
- Wir bilden für den Eigenbedarf aus! Du hast gute Chancen, nach der Ausbildung übernommen zu werden und dich weiterzuentwickeln. 

**Das sind wir**

Die ROSEN Gruppe ist ein weltweit führender Anbieter von innovativen Lösungen in allen Bereichen der Integritätsprozesskette. Seit den Anfängen als Ein-Mann-Betrieb im Jahr 1981 ist ROSEN rasant gewachsen und ist heute eine in mehr als 110 Ländern operierende Technologiegruppe mit über 4.000 hochqualifizierten MitarbeiterInnen.

Der Leistungsumfang der ROSEN Gruppe:

- Inspektionen von industriellen Anlagen, um den sicheren und verlässlichen Betrieb nach den höchsten Standards zu gewährleisten
- Individuelles Engineering, das effizientes Anlagen-Integritätsmanagement ermöglicht
- Produktion und Vertrieb mit neuartigen Produkten und Systemen
- Marktorientierte, aktuelle Forschung und Entwicklung nach dem neuesten Stand der Technik, die Produkte und Dienstleistungen mit ""Mehrwert"" bietet

Mehr Informationen zur ROSEN Gruppe unter [www.rosen-group.com](http://www.rosen-group.com/).","**Das bringst Du mit**
✌️Du hast **Abitur oder Fachhochschulreife** und bringst ein solides Englisch mit.
✨Du bist an **Softwareentwicklung&#160;**interessiert und hast gute Informatik- und Computerkenntnisse.
❤️ Du arbeitest **sorgfältig,&#160;**bist **zuverlässig** und möchtest Teil eines **starken Teams** werden.
Abitur / Allgemeine Hochschulreife",2026-06-11T08:15:39.258099+00:00
NRW-1783-9515,ausbildung_nrw_ae,HELLA Corporate Center GmbH,Lippstadt,Rixbecker Straße 75 59552 Lippstadt,Ausbildung | Fachinformatiker/in - Anwendungsentwicklung (2026),dual,,,,73,company,Katharina.Eilhard@forvia.com,https://hella.csod.com/ux/ats/careersite/3/home/requisition/16779?c=hella&lang=en-US,email,"Kontakt
02941-38-8969
Katharina.Eilhard@forvia.com
https://www.hella.com
Rixbecker Straße 75
59552 Lippstadt
K
Katharina Eilhard
Berufsausbildung
02941-38-8969
hella.berufsausbildung@forvia.com
Standort
+
–
⤢
info@ausbildung.nrw
Kontakt
Datenschutz
Impressum
Ausbildung.NRW ist ein Kooperationsprojekt der Industrie- und Handelskammern in Nordrhein-Westfalen.
umgesetzt von der www.spieker.agency",,HELLA Corporate Center GmbH | Ausbildung | Fachinformatiker/in - Anwendungsentwicklung (2026) | Lippstadt,tidak,belum,tinggi,"Fachinformatiker/in - Anwendungsentwicklung (2026)

Fachinformatiker/in - Anwendungsentwicklung in Lippstadt (2026)
Mehr Informationen
Angebote
Duales Studium
Duale Ausbildung (Vollzeit)
Praktikum",,2026-06-12T09:56:03.194693+00:00
NRW-4141-8613,ausbildung_nrw_ae,Nolte Küchen GmbH & Co. KG,Löhne,Anni-Nolte-Str. 1-4 32584 Löhne,Ausbildung | Fachinformatiker/in - Anwendungsentwicklung (2026),dual,,,,73,company,info@nolte-kuechen.de,https://jobs.nolte-kuechen.com/Ausbildung-zum-Fachinformatiker-mwd-fuer-Anwendungsentwick-de-j732.html,email,"Kontakt
057328990
info@nolte-kuechen.de
https://www.nolte-kuechen.com/de-DE/privatkunden/jobs-und-karriere/ausbildung-und-studium
Anni-Nolte-Str. 1-4
32584 Löhne
Jovana Matkic
Personalmanagement Bereich Ausbildung
+495732 8990
jovana.matkic@nolte-kuechen.de
Social Media
Standort
+
–
⤢
Standorte
Spenger Str. 47
49328 Melle
Anni-Nolte-Str. 1-4
32584 Löhne
info@ausbildung.nrw
Kontakt
Datenschutz
Impressum
Ausbildung.NRW ist ein Kooperationsprojekt der Industrie- und Handelskammern in Nordrhein-Westfalen.
umgesetzt von der www.spieker.agency",,Nolte Küchen GmbH & Co. KG | Ausbildung | Fachinformatiker/in - Anwendungsentwicklung (2026) | Löhne,tidak,belum,tinggi,"Fachinformatiker/in - Anwendungsentwicklung (2026)

Fachinformatiker/in - Anwendungsentwicklung in Löhne (2026)
Mehr Informationen
Fachinformatiker/in - Systemintegration in Löhne (2026)
Mehr Informationen
Holzmechaniker/in in Löhne (2026)
Mehr Informationen
Industriekaufmann/frau in Löhne (2026)
Mehr Informationen
Angebote
Duales Studium
Berufsfelderkundungstag
Sonstiges
Praktikum
Duale Ausbildung

So kannst du dich bewerben
Bereit, mit uns Küchenträume zu verwirklichen?
Dann bewirb dich jetzt: Ausbildung und Studium bei Nolte
Du hast noch Fragen?
Unsere Kollegin Jovana Matkic ist gerne für dich da.
Schreib uns einfach. Wir unterstützen dich verlässlich und persönlich.",,2026-06-12T09:57:45.969171+00:00
NRW-3054-8767,ausbildung_nrw_ae,MAIT Germany GmbH,Mettmann,Willettstraße 11 40822 Mettmann,Ausbildung | Fachinformatiker/in - Anwendungsentwicklung (2026),dual,,,,73,company,peopledevelopment@mait.de,https://mait.career.softgarden.de/jobs/58388637/Ausbildung-Fachinformatik-Anwendungsentwicklung-2026-w-m-d-/,email,"Kontakt
+49741 1752 0
peopledevelopment@mait.de
https://www.mait.de
Willettstraße 11
40822 Mettmann
Clara Brosch
HR Manager
+49741 1752 0
peopledevelopment@mait.de
Social Media
Standort
+
–
⤢
Standorte
Harpener Heide 7
44805 Bochum
Willettstraße 11
40822 Mettmann
Robert-Bosch-Straße 1
44629 Herne
Winterstraße 51b
33649 Bielefeld
info@ausbildung.nrw
Kontakt
Datenschutz
Impressum
Ausbildung.NRW ist ein Kooperationsprojekt der Industrie- und Handelskammern in Nordrhein-Westfalen.
umgesetzt von der www.spieker.agency",,MAIT Germany GmbH | Ausbildung | Fachinformatiker/in - Anwendungsentwicklung (2026) | Mettmann,tidak,belum,tinggi,"Fachinformatiker/in - Anwendungsentwicklung (2026)

Fachinformatiker/in - Anwendungsentwicklung in Mettmann / Herne (2026)
Mehr Informationen
Fachinformatiker/in - Systemintegration in Mettmann / Bochum (2026)
Mehr Informationen
Duales Studium Wirtschaftsinformatik in Mettmann / Bochum / Herne / Bielefeld (2026)
Mehr Informationen
Duales Studium Betriebswirtschaftslehre in Mettmann / Bielefeld (2026)
Mehr Informationen
Duales Studium Maschinenbau in Bochum (2026)
Mehr Informationen
Duales Studium Informatik in Herne (2026)
Mehr Informationen
Technische/r Produktdesigner/in in Herne (2026)
Mehr Informationen
Angebote
Duales Studium
Berufsfelderkundungstag
Duale Ausbildung (Vollzeit)
Duale Ausbildung (Teilzeit)
Praktikum

So kannst du dich bewerben
Ausbildung oder duales Studium? Hier findest du alle Infos!
https://mait.de/mait-macht/ausbildung/
https://mait.de/mait-macht/duales-studium/
We MAIT you join us
https://mait.career.softgarden.de/
Du brauchst noch ein paar Bewerbungstipps mit auf den Weg? Die geben wir dir gerne!
https://mait.de/ausbildung-studium/bewerbungstipps/
Mehr Informationen",,2026-06-12T09:56:56.407277+00:00
NRW-4312-7970,ausbildung_nrw_ae,KROHNE Pressure Solutions GmbH,Minden,Gewerbepark Meißen 14 32423 Minden,"Ausbildung | Fachinformatiker/in - Anwendungsentwicklung (2026, 2027)",dual,,,,73,empty,kps.bewerbung@krohne.com,https://career.krohne.com/de/ausbildung-or-studium-or-praktika/starte-deine-zukunft-bei-krohne-in-minden/starte-deine-zukunft-bei-krohne-in-minden,email,"Kontakt
+49 571 972169-0
Kontakt
Datenschutz
Impressum
Ausbildung.NRW ist ein Kooperationsprojekt der Industrie- und Handelskammern in Nordrhein-Westfalen.
umgesetzt von der www.spieker.agency",,"KROHNE Pressure Solutions GmbH | Ausbildung | Fachinformatiker/in - Anwendungsentwicklung (2026, 2027) | Minden",tidak,belum,tinggi,"Fachinformatiker/in - Anwendungsentwicklung (2026, 2027)

Fachinformatiker/in - Anwendungsentwicklung in Minden (2026, 2027)
Mehr Informationen
Fachinformatiker/in - Systemintegration in Minden (2026, 2027)
Mehr Informationen
Kaufmann/frau – Büromanagement in Minden (2026, 2027)
Mehr Informationen
Technische/r Produktdesigner/in in Minden (2026, 2027)
Mehr Informationen
Duales Studium - Wirtschaftsinformatik (Praxis + B.Sc.) in Minden (2026, 2027)
Mehr Informationen
Duales Studium - Mechatronik & Automatisierung (Praxis + B.Eng.) in Minden (2026, 2027)
Mehr Informationen
Duales Studium - Maschinenbau (Praxis + B.Eng.) in Minden (2026, 2027)
Mehr Informationen
Duales Studium - Elektrotechnik (Praxis + B. Eng.) in Minden (2026, 2027)
Mehr Informationen
Duales Studium - Software Engineering (Praxis + B.Sc.) in Minden (2026, 2027)
Mehr Informationen
Duales Studium - Wirtschaftsingenieurswesen (Praxis + B. Eng.) in Minden (2026, 2027)
Mehr Informationen
Angebote
Duales Studium
Berufsfelderkundungstag
Praktikum
Duale Ausbildung

Schon gewusst?
Wir bieten flexible Arbeitszeiten, eine attraktive Vergütung und eine familiäre Arbeitsatmosphäre.

So kannst du dich bewerben
Du hast Lust auf anspruchsvolle und abwechslungsreiche Aufgaben mit langfristiger Perspektive? Dann schicke deine Bewerbung als PDF-Datei an kps.bewerbung@krohne.com
kps.bewerbung@krohne.com
www.krohne.com
Gewerbepark Meißen 14
32423 Minden
S
Svenja Niederstucke
Human Resources / Personalwesen
057197216917
kps.bewerbung@krohne.com
Standort
+
–
⤢
info@ausbildung.nrw",,2026-06-12T09:56:43.483202+00:00
NRW-4605-8531,ausbildung_nrw_dpa,Melitta Business Service Center GmbH & Co. KG,Minden,Ringstraße 99 32427 Minden,Ausbildung | Fachinformatiker/in - Daten- und Prozessanalyse (2026),dual,,,,73,company,bettina.schoettker@melitta.de,https://www.melitta-group.com/de/karriere,email,"Kontakt
0571864127
bettina.schoettker@melitta.de
https://www.melitta-group.com/de/karriere
Ringstraße 99
32427 Minden
B
Bettina Schöttker
Training & Develepment
0571864127
bettina.schoettker@melitta.de
Standort
+
–
⤢
info@ausbildung.nrw
Kontakt
Datenschutz
Impressum
Ausbildung.NRW ist ein Kooperationsprojekt der Industrie- und Handelskammern in Nordrhein-Westfalen.
umgesetzt von der www.spieker.agency",,Melitta Business Service Center GmbH & Co. KG | Ausbildung | Fachinformatiker/in - Daten- und Prozessanalyse (2026) | Minden,tidak,belum,tinggi,"Fachinformatiker/in - Daten- und Prozessanalyse (2026)

Fachinformatiker/in - Daten- und Prozessanalyse in Minden (2026)
Mehr Informationen
Angebote
Duales Studium
Duale Ausbildung

So kannst du dich bewerben
Schüler",,2026-06-12T10:00:39.386743+00:00
NRW-4450-8206,ausbildung_nrw_ae,WAGO GmbH & Co. KG,Minden,Hansastr. 27 32423 Minden,Ausbildung | Fachinformatiker/in - Anwendungsentwicklung (2026),dual,,,,73,company,susanne.wette@wago.com,https://www.wago.de/karriere,email,"Kontakt
0571/88749493
susanne.wette@wago.com
https://www.wago.de
Hansastr. 27
32423 Minden
S
Susanne Wette
Referentin Ausbildung
0571/88749493
susanne.wette@wago.com
Standort
+
–
⤢
info@ausbildung.nrw
Kontakt
Datenschutz
Impressum
Ausbildung.NRW ist ein Kooperationsprojekt der Industrie- und Handelskammern in Nordrhein-Westfalen.
umgesetzt von der www.spieker.agency",,WAGO GmbH & Co. KG | Ausbildung | Fachinformatiker/in - Anwendungsentwicklung (2026) | Minden,tidak,belum,tinggi,"Fachinformatiker/in - Anwendungsentwicklung (2026)

Fachinformatiker/in - Anwendungsentwicklung in Minden (2026)
Technische/r Produktdesigner/in in Minden (2026)
Mechatroniker/in in Minden (2026)
Maschinen- und Anlagenführer/in in Minden (2026)
Industriemechaniker/in in Minden (2026)
Elektroniker/in – Automatisierungstechnik (Industrie) in Minden (2026)
Elektroniker/in – Betriebstechnik in Minden (2026)
Angebote
Duales Studium
Berufsfelderkundungstag
Praktikum
Duale Ausbildung",,2026-06-12T09:59:43.274561+00:00
10000-1206787661-S,fachinformatiker_ae_2026,HERMOS AG,Mistelgau,"Gartenstr. 19, 95490 Mistelgau",Duales Studium | Fachinformatiker/in - Anwendungsentwicklung,dual,2026,,,73,ba_portal,,https://www.arbeitsagentur.de/jobsuche/jobdetail/10000-1206787661-S,ba_portal,,https://www.arbeitsagentur.de/jobsuche/jobdetail/10000-1206787661-S,HERMOS AG | Duales Studium | Fachinformatiker/in - Anwendungsentwicklung | Mistelgau,ya,belum,rendah,"HERMOS – Zukunft Gemeinsam Entwickeln

Die Kompetenz von HERMOS sind Automations- und IT-Lösungen für Industrie, Energie, Umwelt und Gebäude.
Wir sind ein mittelständisches Unternehmen und beschäftigen derzeit mehr als 500 Mitarbeiter.
Vom Projektmanagement über die Schaltanlagenfertigung bis hin zur individuellen Software-Erstellung erarbeiten wir für unsere Kunden ganzheitliche Lösungen. HERMOS ist ein Unternehmen der Elevion Gruppe.

Spanisch, Französisch oder Latein sind nicht Dein Ding... wohl aber Programmiersprachen?
Den Escape Room knackst Du in Sekundenschnelle? Dann starte Dein Duales Studium bei HERMOS und unterstütze unser IT-Team mit Deinem messerscharfen Verstand!

Während Deines Dualen Studiums wirst Du direkt in unser Kernentwicklungsteam eingebunden, lernst verschiedene Programmiertechniken kennen und erhältst Einblicke in die HERMOS Entwicklungsphilosophie. Ab dem Vertiefungsstudium spezialisierst Du Dich auf ein Thema, z.B. die Automatisierung, IT-Sicherheit oder die Oberflächenprogrammierung. Nach Deinem Abschluss betreust Du eigenständig ein FIS#-Softwaremodul und entwickelst dieses innovativ weiter.

Deine Aufgaben:
» Jahr 1: Berufsausbildung Du wechselst zwischen Betrieb und Berufsschule & schreibst am Ende 
 Deine Zwischenprüfung. Du entwickelst und testest SW-Anwendungen, kümmerst Dich um die
 Fehlerbehebung und schulst Benutzer
» Ab Jahr 2: Studium in Hof Ab jetzt bist Du nur noch während den Semesterferien im Betrieb
» Semester 1–2: Grundstudium Mathemati k, Grundlagen der Programmierung, …
» Semester 3–6 : Verti efungsstudium Module in den Bereichen Informati onssystem, IT-Sicherheit, 
Multi media, Computergrafi k, Automati sierung, …
Die Abschlussprüfung zum Fachinformati ker nach Semester 4
» Semester 7: Praxissemester Projektarbeit an der Hochschule & Bachelorarbeit,
Zusammenarbeit mit IT-Kernentwicklung

Dein Profil
- Du hast das Abitur in der Tasche, studierst gerade oder willst Dich neu orientieren
- Du begeisterst Dich für innovative Technologien aus dem Software- und/oder Hardwarebereich
- Teamgeist und Flexibilität zeichnen Dich aus


Das bieten wir dir:
24/7: Mit unserer Unfallversicherung bist Du beruflich wie privat immer abgesichert

Corporate Benefits: Profitieren von unseren Mitarbeiter-Rabatten bei einer Vielzahl von Anbietern/Online Shops

Frischer Wind: Wir sind ein dynamisches Team, in welches Du Dich aktiv mit einbringen kannst

Gutes Miteinander: Firmenevents und Mitarbeiterausflüge fördern das Gemeinschaftsgefühl und tragen zur positiven Stimmung im Team bei

Perfektes Timing: Wir bieten Dir flexible Arbeitszeiten (bzw. flexibler Arbeitszeitbeginn in der Fertigung) für Deine Work-Life-Balance mit 30 Urlaubstagen

Sichere Zukunft: Wir garantieren Dir bei guten Leistungen Deine Übernahme in die HERMOS-Familie

Sparen: Von den Vermögenswirksamen Leistungen bis hin zum Gutscheinsystem ist alles dabei","Dein Profil
- Du hast das Abitur in der Tasche, studierst gerade oder willst Dich neu orientieren
- Du begeisterst Dich für innovative Technologien aus dem Software- und/oder Hardwarebereich
- Teamgeist und Flexibilität zeichnen Dich aus",2026-06-11T08:15:38.347136+00:00
11858-SDE-98364-STA-S,fachinformatiker_ae_2026,Schwarz Digits,Neckarsulm,74172 Neckarsulm,Ausbildung | Fachinformatiker/in - Anwendungsentwicklung,dual,2026,9,1. Jahr: 1.250€,73,company,,https://www.stellenanzeigen.de/job/detail/SDE-98364/?utm_source=bundesagentur&utm_medium=unpaid-partner&utm_campaign=000,portal,,https://www.arbeitsagentur.de/jobsuche/jobdetail/11858-SDE-98364-STA-S,Schwarz Digits | Ausbildung | Fachinformatiker/in - Anwendungsentwicklung | Neckarsulm,tidak,belum,sedang,"Ausbildung zum Fachinformatiker für Anwendungsentwicklung 2026 

 * Standort: Neckarsulm 
 * Abteilung / Bereich: Ausbildung/Duales Studium/Abiturientenprogramm 
 * Level: Ausbildung 
 * Referenznummer: 1536 
 * Du hast die Mittlere Reife mit guten Noten insbesondere in Mathematik, Informatik und naturwissenschaftlichen Fächern abgeschlossen. 
 * Du hast Interesse am Digitalen Wandel und kannst dich dafür begeistern. 
 * Du arbeitest strukturiert, verantwortungsbewusst und zuverlässig, hast Spaß am Lernen und bist offen für Neues. 
 * Du hast große Freude im Team zusammenzuarbeiten und dein Wissen zu teilen. Dabei bringst du gerne eigene Ideen mit und möchtest aktiv mitwirken. 
 * Du hast bereits erste Erfahrungen mit Programmiersprachen und hast idealerweise deinen ersten Programmierkurs belegt. 

Einleitungstext 

Du brennst für die IT? Also werde Teil unseres Expertenteams und lerne das Spektrum rund um IT-Lösungen des Europas größten Handelsunternehmen kennen. Tauche ein in den lebendigen Spirit der Schwarz Digits und deren spannenden Innovationen. 

Ausbildungsbeginn: 01.09.2026 
Ausbildungsdauer: 3 Jahre 
Praxisort: Raum Heilbronn/Neckarsulm 
Ausbildungsort: Christian- Schmidt- Schule in Neckarsulm 
Vergütung: 1. Jahr: 1.250€, 2. Jahr: 1.350€, 3. Jahr: 1.500€ + Prämie bei gutem oder sehr gutem Bestehen der Abschlussprüfung 
Ausbildungsinfos: Weitere Informationen findest du unter www.css-nsu.de 

Deine Aufgaben 

 * Du erfährst als Fachinformatiker (m/w/d) in der Fachrichtung Anwendungsentwicklung alles über die Entwicklung und den Betrieb von modernen Softwareanwendungen. 
 * Du wirst aktiv in die großen Softwareprojekte für die Zukunft eingebunden! 
 * Du bekommst darüber hinaus Einblicke in die Themen IT-Sicherheit, Datenbanken, Netzwerke und Betriebssysteme. 
 * Du konzipierst, realisierst, testest und wartest die Schwarz Gruppe übergreifenden Anwendungen und kannst dich hier auch immer weiterbilden. 
 * Du eignest dir ein tiefes Verständnis moderner Programmiersprachen wie Go, Kotlin (Java), JavaScript (TypeScript) und Python an. Dabei arbeitest am Tagesgeschäft und Produkten mit und bist Teil der Software-Engineering Community.",,2026-06-11T08:12:30.774778+00:00
ASD-995020000014106806,ausbildungsstellen_si,CEWE Stiftung & Co. KGaA,Oldenburg,Oldenburg Oldenburg,Ausbildung | Duales Studium der Wirtschaftsinformatik Anwendungsentwicklung 2027 (all genders),dual,,,"1.120 €, 1.190 €, 1.250 €, 1.300 €, 25 €",73,partner_portal,ausbildung@cewe.de,,email,,,CEWE Stiftung & Co. KGaA | Ausbildung | Duales Studium der Wirtschaftsinformatik Anwendungsentwicklung 2027 (all genders) | Oldenburg,tidak,belum,tinggi,"Duales Studium der Wirtschaftsinformatik Anwendungsentwicklung 2027 (all genders)

Deine Aufgaben
Coden, analysieren, kreativ denken – du willst mit Technologie echte Probleme lösen und digitale Zukunft gestalten?
Dann werde Teil von CEWE, Europas Nr. 1 für Fotoprodukte – und kombiniere Informatik & Wirtschaft in einem einzigartigen dualen Programm!
Deine Aufgaben:
Gemeinsam mit der IBS Oldenburg bieten wir dir die perfekte Kombi aus dualem Studium Wirtschaftsinformatik (B.S.) + Ausbildung als Fachinformatiker:in Anwendungsentwicklung - doppelte Power für deinen Karriere-Start in der IT-Welt:
Praxis im Entwicklungsteam + echten CEWE-Projekten
+
Theorie auf Hochschulniveau – immer praxisnah & up to date
Was dich bei uns erwartet:
- Programmierung mit modernen Techniken & Tools
- Systemarchitektur, Hardware, Betriebssysteme & Netzwerke
- Analyse von Ist-Zuständen & Entwicklung smarter Lösungen
- Spannende Einblicke in KI-Projekte & Automatisierung
- Mitarbeit an IT-Projekten – von der Idee bis zur Umsetzung
- BWL-Grundlagen, Projektmanagement & Prozessoptimierung
Während du bei CEWE praktische-Erfahrung sammelst, bringt dich die IBS mit fundierter Theorie auf ein starkes akademisches Top-Level!

Dein Profil:
- Abitur, Fachhochschulreife oder vergleichbarer Abschluss
- Englischkenntnisse im Niveau B2 zwingend erfoderlich zum Ausbildungsstart!
- Gute Noten in Mathe, Englisch & Deutsch
- Interesse an Technik, Programmierung & Wirtschaft
- Erste IT-Kenntnisse: Programmieren (z. B. Schule, Freizeit, Praktika)
Dein Profil
Dein Profil:
- Abitur, Fachhochschulreife oder vergleichbarer Abschluss
- Englischkenntnisse im Niveau B2 zwingend erfoderlich zum Ausbildungsstart!
- Gute Noten in Mathe, Englisch & Deutsch
- Interesse an Technik, Programmierung & Wirtschaft
- Erste IT-Kenntnisse: Programmieren (z. B. Schule, Freizeit, Praktika)
- Teamspirit, Kommunikationsfreude & Neugier auf Neues

- Teamspirit, Kommunikationsfreude & Neugier auf NeuesDeine Benefits:
- Vergütung:
- 1.120 € (1. Jahr)
- 1.190 € (2. Jahr)
- 1.250 € (3. Jahr)
- 1.300 € (4. Jahr)
- Weihnachtsgeld (13. Ausbildungsvergütung) + Urlaubsgeld
- Monatlich 25 € Gutschein für verschiedene OnlineshopsUnd obendrauf gibt’s ein iPad zum Ausbildungsstart
- 30 Urlaubstage
- Fahrtkostenzuschuss (ab 11 km)
- Ausbildungseinsätze sind im In- und Ausland möglich
- Lernpat:innen zum Start
- Sehr gute Übernahmechancen + Weiterbildungsmöglichkeiten
- Schulbuchkosten? Übernehmen wir!
- Mobiles Arbeiten möglich
- Hansefit, Sportangebote & Gesundheitsaktionen
- Mitarbeiteraktien, Altersvorsorge & mehr
- Parkplätze, Fahrradstellplätze & Bushaltestelle direkt vorm Haus
- Kennenlernfahrt zu Ausbildungsbeginn... und vieles mehr!
Wichtiger Hinweis:","Dein Profil:
- Abitur, Fachhochschulreife oder vergleichbarer Abschluss
- Englischkenntnisse im Niveau B2 zwingend erfoderlich zum Ausbildungsstart!
- Gute Noten in Mathe, Englisch & Deutsch
- Interesse an Technik, Programmierung & Wirtschaft
- Erste IT-Kenntnisse: Programmieren (z. B. Schule, Freizeit, Praktika)
Dein Profil
Dein Profil:
- Abitur, Fachhochschulreife oder vergleichbarer Abschluss
- Englischkenntnisse im Niveau B2 zwingend erfoderlich zum Ausbildungsstart!
- Gute Noten in Mathe, Englisch & Deutsch
- Interesse an Technik, Programmierung & Wirtschaft
- Erste IT-Kenntnisse: Programmieren (z. B. Schule, Freizeit, Praktika)
- Teamspirit, Kommunikationsfreude & Neugier auf Neues",2026-06-13T12:28:38.455475+00:00
13718-425193126-S,fachinformatiker_ae_2026,Hellmann Worldwide Logistics SE & Co. KG,Osnabrück,49090 Osnabrück,Duales Studium | Fachinformatiker/in - Anwendungsentwicklung,dual,2026,,,73,company,,https://www.arbeitsagentur.de/jobsuche/jobdetail/13718-425193126-S,ba_portal,0151 20340108,https://www.arbeitsagentur.de/jobsuche/jobdetail/13718-425193126-S,Hellmann Worldwide Logistics SE & Co. KG | Duales Studium | Fachinformatiker/in - Anwendungsentwicklung | Osnabrück,ya,belum,rendah,"About Us

Bereit, mit uns die Zukunft zu rocken? Bei Hellmann stellen wir unsere Mitarbeitenden in den Mittelpunkt unseres Handelns, denn für uns zählen Beziehungen. Teil von uns zu werden bedeutet nicht nur, Teil eines globalen Unternehmens zu sein. Es ist eine Einladung, die Zukunft der Logistikbranche gemeinsam mit uns zu gestalten. Unsere Hellmann-Kultur basiert auf unseren vier Werten: Fürsorglich, Unternehmerisch, Zukunftsorientiert und Zuverlässig. Du erkennst Dich in diesen Werten wieder? Dann werde Teil unserer FAMILY, die aus rund 14.000 Mitarbeitenden an mehr als 241 Standorten weltweit besteht. For the better. Together.

 
In unserem dualen Studium BWL Data Science & Künstliche Intelligenz kombinierst du Theoriephasen an unserer Partnerhochschule, der DHBW Lörrach, mit Praxisphasen im Data Analytics & AI Team. Das Studium ist auf den aktuellen Bedarf der Wirtschaft ausgerichtet. Deine Kenntnisse, die du an der Hochschule erwirbst, wendest du in deinen Praxisphasen an spannenden und verantwortungsvollen Aufgaben in einem internationalen Umfeld an und lernst dabei fachliche Kollegen aus den verschiedenen Produktbereichen kennen. Der perfekte Mix aus Theorie und Praxis!

Über den Job:

     * Du wirst fester Bestandteil des Data Analytics & AI Teams
     * Du wirst an Hellmanns Haupt-IT-Standort Osnabrück arbeiten
     * Du bekommst Einblicke in eine weltweit vernetze IT
     * Du lernst moderne Technologien kennen (bspw. arbeitest du mit topaktuellen Cloudtechnologien im Bereich Data Analytics & AI)
     * Du wirst in aktuelle Projekte eingebunden und selbstständig an deinen eigenen Projekten arbeiten

Über Dich:

     * Du hast das (Fach-)Abitur mit sehr guten Noten in Mathematik, vorzugsweise als Leistungskurs
     * Du hast erste Erfahrungen mit Programmierung, z.B. in der Schule oder in deiner Freizeit
     * Du interessierst dich für Technologien & Daten und das Analysieren von Daten bereitet dir Freude
     * Du bist teamfähig und Kommunikation zählt zu Deinen Stärken
     * Du bist begeisterungs- und motivationsfähig für Dein Studienfach
     * Dir fällt Englisch sprechen leicht

Über unsere Vorteile:

     * Urlaubs- und Weihnachtsgeld, attraktive finanzielle Unterstützung des Studiums (bspw. Übernahme Studiengebühren)
     * Eigener Firmenlaptop
     * Hohe Übernahmechancen
     * Theorie- und Praxisphase im Ausland möglich
     * Mehrtägiges Event zum Ausbildungsstart
     * Qualifizierte Betreuer*innen und ein tolles Team stehen Dir mit Rat und Tat zur Seite
     * Netzworking Events

Inklusion und soziale Vielfalt sind fest verankerte Werte in unserer Unternehmenskultur. Unabhängig von Geschlecht, Alter, Behinderungen, Religion, ethnischer Herkunft oder sexueller Identität: Wir freuen uns darauf, Dich kennenzulernen!
Wenn Du von dieser fantastischen Gelegenheit begeistert bist und das Zeug dazu hast, dann klicke auf BEWERBEN!

Daria Soupids 
0151 20340108
 

 

 ",,2026-06-11T08:15:41.497921+00:00
NRW-4372-8091,ausbildung_nrw_ae,DIXENO GmbH,Paderborn,Busdorfmauer 15 33098 Paderborn,"Ausbildung | Fachinformatiker/in - Anwendungsentwicklung (2025, 2026)",dual,,,,73,company,info@dixeno.de,https://,email,"Kontakt
05251 / 20209 30
info@dixeno.de
https://www.dixeno.de
Busdorfmauer 15
33098 Paderborn
H
Holger Genth
Software Developer / Ausbilder
05251 / 20209 49
h.genth@dixeno.de
Social Media
Standort
+
–
⤢
Standorte
Busdorfmauer 15
33098 Paderborn
Eulenstraße 59a
22765 Hamburg
Schwester-Aicharda-Str. 10a
59755 Arnsberg-Neheim
info@ausbildung.nrw
Kontakt
Datenschutz
Impressum
Ausbildung.NRW ist ein Kooperationsprojekt der Industrie- und Handelskammern in Nordrhein-Westfalen.
umgesetzt von der www.spieker.agency",,"DIXENO GmbH | Ausbildung | Fachinformatiker/in - Anwendungsentwicklung (2025, 2026) | Paderborn",tidak,belum,tinggi,"Fachinformatiker/in - Anwendungsentwicklung (2025, 2026)

Fachinformatiker/in - Anwendungsentwicklung in Paderborn (2025, 2026)
Angebote
Duales Studium
Sonstiges
Praktikum
Duale Ausbildung

So kannst du dich bewerben
Auf unserer Website findest Du jederzeit unsere aktuellen Ausbildungs- und Studienangebote. Darüber hinaus freuen wir uns immer über eingehende Initiativbewerbungen. Teile uns einfach mit, was Du gemacht hast und welcher Bereich in unserem Unternehmen Dich interessiert. Wir melden uns auf jeden Fall bei Dir zurück.",,2026-06-12T09:54:48.151174+00:00
10000-1202708578-S,fachinformatiker_ae,PHOENIX CONTACT GmbH & Co. KG,Paderborn,Paderborn,Duales Studium | Fachinformatiker/in - Anwendungsentwicklung,dual,,,,73,ba_portal,,https://www.arbeitsagentur.de/jobsuche/jobdetail/10000-1202708578-S,ba_portal,,https://www.arbeitsagentur.de/jobsuche/jobdetail/10000-1202708578-S,PHOENIX CONTACT GmbH & Co. KG | Duales Studium | Fachinformatiker/in - Anwendungsentwicklung | Paderborn,ya,belum,rendah,"Du möchtest nach der Schule in eine spannende Ausbildung oder ein Duales Studium starten? Wenn du den Grundstein für deine berufliche Karriere legen willst, bist du bei uns genau richtig. Wir haben interessante Ausbildungsberufe und attraktive Studiengänge für dich im Angebot.

Wir freuen uns auf deine Bewerbung und wünschen viel Erfolg.

### Aufgaben:

- Erstellung von anwendungsorientierten Lösungen im Industrieumfeld
- Einrichtung von Robotern, intelligenten Sensoren, Automatisierungs- und Netzwerktechnik 
- Entwicklung von Software für inhouse Anwendungen und Kundenprojekten
- Service und Support im Automatisierungsumfeld

### Anforderungen:

- Gute Fachhochschulreife oder allgemeine Hochschulreife
- Mathematik Leistungskurs wünschenswert
- Analytisches Denken
- Teamfähigkeit, Spaß an der Arbeit, Motivation, Neugierde und Engagement
- Leistungsorientiert, gute organisatorische und kommunikative Fähigkeiten

### Folgende Fächer sind im Dualen Studium Technische Informatik integriert:

- Mathematik
- Rechnerorganisation und Betriebssysteme
- Programmiersprachen
- Algorithmen und Datenstrukturen
- Software-Design

**Dualer Partner im Studium:**
Hochschule: Technische Hochschule Ostwestfalen-Lippe, Lemgo
Abschluss: B.Sc. - Bachelor of Science
Ausbildungsberuf: Fachinformatiker m/w/d oder Elektroniker für Geräte und Systeme m/w/d
Regelstudienzeit: 6 Semester
Gesamte Ausbildungszeit: 4 Jahre

Wenn du Interesse an diesem Traumjob hast, bewerbe dich bitte online über unsere Homepage.","### Anforderungen:
- Gute Fachhochschulreife oder allgemeine Hochschulreife
- Mathematik Leistungskurs wünschenswert
- Analytisches Denken
- Teamfähigkeit, Spaß an der Arbeit, Motivation, Neugierde und Engagement
- Leistungsorientiert, gute organisatorische und kommunikative Fähigkeiten
Fachhochschulreife",2026-06-11T09:15:01.766557+00:00
10001-1001638498-S,fachinformatiker_ae_2026,WITRON Logistik+Informatik GmbH & Co. KG,Parkstein,"Neustädter Str. 21, 92711 Parkstein",Duales Studium | Fachinformatiker/in - Anwendungsentwicklung,dual,2026,,Jahr 1: 1400 EUR/Monat | Jahr 2: 1500 EUR/Monat | Jahr 3: 1600 EUR/Monat,73,ba_portal,,https://www.arbeitsagentur.de/jobsuche/jobdetail/10001-1001638498-S,ba_portal,,https://www.arbeitsagentur.de/jobsuche/jobdetail/10001-1001638498-S,WITRON Logistik+Informatik GmbH & Co. KG | Duales Studium | Fachinformatiker/in - Anwendungsentwicklung | Parkstein,ya,belum,rendah,"Die WITRON Gruppe ist der starke Partner für hochautomatisierte Logistiksysteme. Von der Planung über die Realisierung bis hin zur Wartung. Unsere Teams – für weit mehr zuständig als nur Mechanik, Elektronik, Mechatronik und IT – achten auf den Takt und legen in unseren Hightech-Anlagen Hand an. Professionell, super ausgestattet, mit der vollen Power für die richtige Lösung.

Studieren und gleichzeitig einen Berufsabschluss erwerben! In den ersten 13 Monaten wirst du bei uns in Parkstein und der jeweiligen Berufsschule in deinem gewünschten Beruf ausgebildet. Dann kombinierst du das dazugehörige Bachelorstudium an einer regionalen Hochschule mit deiner regulären Ausbildung. Während der vorlesungsfreien Zeit bist du in die WITRON-Projektarbeit eingebunden und erwirbst somit parallel zum Studium bereits umfangreiche Berufserfahrungen und lernst die betrieblichen Abläufe und Projekte kennen. Diese Praxisphasen werden selbstverständlich vergütet. Eine hohe Übernahmechance nach deinem Studium versteht sich von selbst.

**Wir bieten dir**

- übertarifliche Ausbildungsvergütung & Gewinnbeteiligung
- Führerscheinzuschuss in Höhe von bis zu 1.500 €
- diverse Prämien für gute Leistungen
- stark bezuschusste Verpflegung in unseren 5 Kantinen

**Dein Duales Studium im Überblick**

- Start: jährlich zum 1. September
- Ausbildungsdauer: etwa 4½ Jahre
- Studium: an einer regionalen Hochschule

**Du passt gut zu uns mit**

- allgemeiner bzw. fachgebundener Fachhochschulreife
- guten Noten im technischen bzw. mathematischen Bereich

▶ Gerne kannst du auch ein **Praktikum** bei uns absolvieren.",,2026-06-11T08:15:36.681584+00:00
ASD-998030000368144192,ausbildungsstellen_si,Azubiyo,"Schalksm&#252;hle, Dahlerbr&#252;ck, Heedfeld, Klagebach","Im Gewerbepark 1 58579 Schalksm&#252;hle, Dahlerbr&#252;ck, Heedfeld, Klagebach Nordrhein-Westfalen",Ausbildung | Fachinformatiker:in für Anwendungsentwicklung (m/w/d) - Duales Studium möglich,dual,,,"1.242,96 €, 1.297,67 €, 1.378,93 €",73,company,,https://www.azubiyo.de/bewerbung/,portal,,,"Azubiyo | Ausbildung | Fachinformatiker:in für Anwendungsentwicklung (m/w/d) - Duales Studium möglich | Schalksm&#252;hle, Dahlerbr&#252;ck, Heedfeld, Klagebach",tidak,belum,sedang,"Fachinformatiker:in für Anwendungsentwicklung (m/w/d) - Duales Studium möglich

- Schulabschluss: Fachoberschulreife oder besserDas erwartet Dich

Mittlere Reife

Wir bieten unseren Auszubildenden regelmäßige Azubi-Tage, an denen der gemeinsame Austausch im Mittelpunkt steht – und der Spaß natürlich nicht zu kurz kommt. In spannenden Azubi-Projekten kannst du außerdem eigene Ideen einbringen. Du profitierst von einer individuellen Betreuung durch deine Ausbilder:innen und kannst dich während deiner gesamten Ausbildung auf das Spelsberg-Team verlassen, das dir bei Fragen und Anliegen stets zur Seite steht. Mit uns bist du optimal auf deine anstehenden Prüfungen vorbereitet – sodass deiner weiteren Karriere nichts mehr im Weg steht.
Du interessierst dich für ein duales Studium? Füge in deiner Bewerbung auf deinen Wunsch-Ausbildungsberuf einfach einen Vermerk hinzu, dass du an einem dualen Studium interessiert bist. Über die Einzelheiten (Studiengang und Hochschule) können wir uns gerne im Bewerbungsprozess unterhalten.",Mittlere Reife,2026-06-13T12:43:56.452935+00:00
10000-1202201960-S,fachinformatiker_dpa,HORSCH Maschinen SE & Co. KG,"Schwandorf, Bayern","Schwandorf, Bayern",Ausbildung | Fachinformatiker/in - Daten- und Prozessanalyse,dual,2026,9,,73,ba_portal,,https://www.arbeitsagentur.de/jobsuche/jobdetail/10000-1202201960-S,ba_portal,,https://www.arbeitsagentur.de/jobsuche/jobdetail/10000-1202201960-S,"HORSCH Maschinen SE & Co. KG | Ausbildung | Fachinformatiker/in - Daten- und Prozessanalyse | Schwandorf, Bayern",ya,belum,rendah,"*Willkommen bei HORSCH! Hier startest Du in eine moderne Ausbildung oder duales Studium. In unserer innovativen Umgebung entdeckst Du nicht nur neueste Technologien, sondern auch Deine wahre Begeisterung. Bei HORSCH fördern wir nicht nur Dein Fachwissen, sondern auch Deine persönliche Entwicklung.*

*In einer digitalen Arbeitsweise unterstützen wir Dich dabei, deine Fähigkeiten voll zu entfalten. Werde Teil eines Teams, das nach Spitzenleistungen in der Landtechnik strebt und gleichzeitig Deinen individuellen Entwicklungsweg fördert. Deine Leidenschaft und Talente bestimmen den Weg bei HORSCH!*
 
**Ausbildung als Fachinformatiker (m/w/d) für Daten- & Prozessanalyse in Schwandorf, zum 01.09.2026.**


#Berufsschule: Wiesau
#Dauer: 3 Jahre
#Gehalt: 1.302 – 1.570 €
#Weiterbildung: Finde Dein Talent, werde Spezialist & erlebe Wachstum! Viele verschiedenen interne & externe Weiterbildungsmöglichkeiten.


Bei HORSCH bist Du der IT-Profi. Du überprüfst nicht nur die bestehenden Arbeits- und Geschäftsprozesse, sondern spürst Schwachstellen auf
und bringst frische Ideen für die Verbesserung der Abläufe ein.
Datengesteuerte Prozesse gestaltest Du effizienter und Du treibst die Digitalisierung von Geschäftsabläufen voran. Big Data und Machine Learning gehören zu Deinen Aufgaben


Was bieten wir:

- Moderner Arbeitsplatz mit voller Büroausstattung
- Umfangreiche Schulungsangebote für deine persönliche & fachliche Weiterentwicklung
- Weiter Specials findest du unter: [SPECIALS](http://ausbildung.horsch.com/specials)
 
Check:

- Du bist begeistert von neuen Technologien?
- Du Hast Interesse an IT & Englisch?
- Du bist kreativ und hast Lust neue IT-Lösungen zu entdecken und zu implementieren
 
Dann ist dieser Beruf genau der Richtige für Dich!


Die Mitarbeit in verschiedensten Abteilungen bietet Dir die Möglichkeit herauszufinden, wo Deine Stärken & Talente liegen.
Hast Du Spaß am Lernen & nimmst gerne Herausforderungen an?**** 

**Komm zu uns & bewirb dich jetzt!**


Wir freuen uns über Deine aussagekräftige Bewerbung über unser Bewerbungsmanagementsystem. 
Die Bewerbungsunterlagen werden bei uns digitalisiert.  Mit der Zusendung der Bewerbung erklärst du dich mit der Digitalisierung einverstanden. 
Bitte bewirb Dich erst, wenn Du mindestens 14 Jahre alt bist.  Falls Du jünger als 18 Jahre bist, gehen wir davon aus, dass Deine Erziehungsberechtigten einverstanden sind.",,2026-06-11T08:15:55.343270+00:00
10000-1202203988-S,fachinformatiker_ae_2026,HORSCH Maschinen SE & Co. KG,"Schwandorf, Bayern","Schwandorf, Bayern",Ausbildung | Fachinformatiker/in - Anwendungsentwicklung,dual,2026,9,,73,ba_portal,,https://www.arbeitsagentur.de/jobsuche/jobdetail/10000-1202203988-S,ba_portal,,https://www.arbeitsagentur.de/jobsuche/jobdetail/10000-1202203988-S,"HORSCH Maschinen SE & Co. KG | Ausbildung | Fachinformatiker/in - Anwendungsentwicklung | Schwandorf, Bayern",ya,belum,rendah,"*Willkommen bei HORSCH! Hier startest Du in eine moderne Ausbildung oder duales Studium. In unserer innovativen Umgebung entdeckst Du nicht nur neueste Technologien, sondern auch Deine wahre Begeisterung. Bei HORSCH fördern wir nicht nur Dein Fachwissen, sondern auch Deine persönliche Entwicklung.*

*In einer digitalen Arbeitsweise unterstützen wir Dich dabei, deine Fähigkeiten voll zu entfalten. Werde Teil eines Teams, das nach Spitzenleistungen in der Landtechnik strebt und gleichzeitig Deinen individuellen Entwicklungsweg fördert. Deine Leidenschaft und Talente bestimmen den Weg bei HORSCH!*
 
**Ausbildung als Fachinformatiker (m/w/d) für Anwendungsentwicklung in Schwandorf, zum 01.09.2026.**


#Berufsschule: Wiesau
#Dauer: 3 Jahre
#Gehalt: 1.302 – 1.570 €
#Weiterbildung: Finde Dein Talent, werde Spezialist & erlebe Wachstum! Viele verschiedenen interne & externe Weiterbildungsmöglichkeiten.


Bei HORSCH bringst Du Software-Projekte so richtig zum Leben! Du setzt die Visionen der Fachabteilungen in digitale Realität um und
begleitest die Projekte von der Analyse über die Konzeption bis hin zur Entwicklung. Zudem gehören auch die Installation und Schulung

der Endanwender zu Deinen Aufgaben


Was bieten wir:

- einen modernen Arbeitsplatz inkl. Büroausstattung
- Du lernst modernste Technologien der Softwareentwicklung kennen
- Weitere Specials findest du unter: [SPECIALS](http://ausbildung.horsch.com/specials)
 
Check:

- Du hast Interesse an IT?
- Du bist offen für Herausforderungen & hast Lust IT-Lösungen zu entdecken?
- Du beherrschst grundlegende Englisch-Kenntnisse?
 
Dann ist dieser Beruf genau der Richtige für Dich!


Die Mitarbeit in verschiedensten Abteilungen bietet Dir die Möglichkeit herauszufinden, wo Deine Stärken & Talente liegen.
Hast Du Spaß am Lernen & nimmst gerne Herausforderungen an? 

**Komm zu uns & bewirb dich jetzt!**


Wir freuen uns über Deine aussagekräftige Bewerbung über unser Bewerbungsmanagementsystem. 


Die Bewerbungsunterlagen werden bei uns digitalisiert.  Mit der Zusendung der Bewerbung erklärst du dich mit der Digitalisierung einverstanden. 
Bitte bewirb Dich erst, wenn Du mindestens 14 Jahre alt bist.  Falls Du jünger als 18 Jahre bist, gehen wir davon aus, dass Deine Erziehungsberechtigten einverstanden sind.",,2026-06-11T08:12:50.733257+00:00
NRW-5444-11546,ausbildung_nrw_ae,BSS Bohnenberg GmbH,Solingen,Ahrstr. 1-7 42697 Solingen,Ausbildung | Fachinformatiker/in - Anwendungsentwicklung (2026),dual,2026,6,,73,company,mail@bss.gmbh,https://karriere.rofa-group.com/jobs/ausbildung-zum-fachinformatiker-m-w-d-fachrichtung-anwendungsentwicklung-2026/,email,"Kontakt
+49 212 23560
mail@bss.gmbh
https://www.rofa-group.com/bss/
Ahrstr. 1-7
42697 Solingen
S
Sascha Leyer
Datenbankadministrator und Ausbilder
+49 212 2356150
sascha.leyer@bss.gmbh
Social Media
Standort
+
–
⤢
info@ausbildung.nrw
Kontakt
Datenschutz
Impressum
Ausbildung.NRW ist ein Kooperationsprojekt der Industrie- und Handelskammern in Nordrhein-Westfalen.
umgesetzt von der www.spieker.agency",,BSS Bohnenberg GmbH | Ausbildung | Fachinformatiker/in - Anwendungsentwicklung (2026) | Solingen,tidak,belum,tinggi,"Fachinformatiker/in - Anwendungsentwicklung (2026)

Fachinformatiker/in - Anwendungsentwicklung in Solingen (2026)
Angebote
Duales Studium
Berufsfelderkundungstag
Duale Ausbildung (Vollzeit)
Praktikum

So kannst du dich bewerben
Hier sind unsere Stellenausschreibungen zu finden.",,2026-06-12T09:54:04.898087+00:00
AZDE-10422104,azubi_de_fi,Gebauer GmbH,Solingen,42653 Solingen DE,Ausbildung | Duales Studium Wirtschaftsinformatik + Ausb. Fachinformatik 2026,dual,,,"innen und Mentor:innen.
Ein besonderer Vorteil: In jedem Ausbildungsjahrgang starten mehrere Azubis gleichzeitig, so hast du immer ein Team um Dich, mit dem Du gemeinsam lernen und wachsen kannst.
Karriere & Entwicklungsperspektiven
Es muss nicht immer ein Studium sein, wichtig ist was wirklich zu Dir passt. Wenn Du nach der Ausbildung ein Studium machen willst, unterstützen wir Dich gerne.",73,empty,ausbildung@timeline.de,https://www.azubi.de/ausbildungsplatz/10422104-b-duales-studium-wirtschaftsinformatik-ausb-fachinformatik-2026/apply,email,,,Gebauer GmbH | Ausbildung | Duales Studium Wirtschaftsinformatik + Ausb. Fachinformatik 2026 | Solingen,tidak,belum,tinggi,"Duales Studium Wirtschaftsinformatik + Ausb. Fachinformatik 2026

Einleitung
Über uns
Starte deine IT-Karriere bei einem mehrfach ausgezeichneten Ausbildungsbetrieb!
Die Gebauer GmbH ist ein wachsendes, familiäres Technologieunternehmen aus Solingen und Headquarter der TimeLine® Business Solutions Group. Wir entwickeln und vertreiben die ERP-Software TimeLine®, die weltweit von mittelständischen Industrieunternehmen genutzt wird. Mit rund 250 Mitarbeitenden an verschiedenen Standorten (Deutschland, Schweiz, Spanien, Polen, Slowakei, Rumänien, Bulgarien, Indien und den Niederlanden) betreuen wir über 1.300 Kunden mit mehr als 25.000 Installationen – und wachsen weiter.
Deshalb suchen wir schon heute nach den Kolleg:innen der Zukunft und suchen zum 1. September 2026 an unserem Stammsitz in Solingen mehrere Auszubildende zum/zur
Duales Studium Wirtschaftsinformatik B. Sc.
in Kombination mit einer Ausbildung zum / zur Fachinformatiker/in (m/w/d)
Fachrichtung Anwendungsentwicklung

Deine Vorteile bei uns
Ausbildung
- Über 25 Jahre Erfahrung in der Ausbildung
- Von der IHK mehrfach für herausragende Ausbildung ausgezeichnet
- Hohe Übernahmequote - Wir bilden für den eigenen Bedarf aus
- Betreuung durch Ausbilder:innen und erfahrenen Mentoren
- Innovative neue IT-Themen bei denen Du mitwirken kannst
- Intensive Prüfungsvorbereitung sowie Trainings – intern und extern
- Praxiserfahrung durch Mitwirkung in Kundenprojekten
Team & Kultur
- Freundliches, familiäres Umfeld – hier kennt man sich und unterstützt sich gegenseitig
- Kollegiales Umfeld und unkomplizierte Strukturen, in dem jede Stimme gehört wird und Zusammenarbeit auf Augenhöhe stattfindet
- Spaß und Ausgleich: LAN-Partys, Gaming-Nights, Kicker und Tischtennis
- Gemeinsame Erlebnisse: Azubi-Event, Sommerfest, Weihnachtsfeier
Vergütung & Extras
- Top-Ausbildungsvergütung + Urlaubsgeld + Weihnachtsgeld
- 30 Tage Urlaub für Deine Work-Life-Balance
- Moderne, ergonomische Arbeitsplätze und kreative Lounge-Bereiche
- Corporate Benefits
- Gute Verkehrsanbindung
- Und vieles mehr!
Was Du mitbringst
- Interesse an IT, Softwareentwicklung und Wirtschaft
- (Fach-)Hochschulreife oder vergleichbare Qualifikation
- Motivation Neues zu lernen
- Teamfähigkeit und Freude am Austausch mit Menschen
- Erste Programmierkenntnisse sind von Vorteil
Deine Ausbildung
Zum Start Deiner Ausbildung heißen wir Dich in einer Kennenlernphase willkommen, sodass Du bei uns einen guten Einstieg hast und Dich bei uns wohl fühlst. Im ersten Jahr lernst Du in unserem internen Schulungsprogramm alles von Grund auf und erweiterst deine Soft- und Hard-Skills. In echten Kundenprojekten unterstützt Du dann als Teammitglied im Kundengeschäft und sammelst viel Praxiserfahrung; immer gestützt durch Deine Ausbilder:innen und Mentor:innen.
Ein besonderer Vorteil: In jedem Ausbildungsjahrgang starten mehrere Azubis gleichzeitig, so hast du immer ein Team um Dich, mit dem Du gemeinsam lernen und wachsen kannst.
Karriere & Entwicklungsperspektiven
Es muss nicht immer ein Studium sein, wichtig ist was wirklich zu Dir passt. Wenn Du nach der Ausbildung ein Studium machen willst, unterstützen wir Dich gerne.
- Möglichkeit zum berufsbegleitenden Studium oder zum Bachelor Professional
- Zertifizierungen, die Deine Skills stärken und Deine professionelle Entwicklung fördern
- Perspektive langfristig Verantwortung zu übernehmen, z. B. als Team-Lead
Diversity & Inklusion
Wir leben eine offene Unternehmenskultur
- Chancengleichheit unabhängig von Herkunft, Geschlecht oder Hintergrund
- Ein Arbeitsumfeld, in dem jede:r sich willkommen fühlt und die eigenen Stärken einbringen kann
So bewirbst Du Dich
Klingt spannend? Dann bewirb dich jetzt – wir freuen uns auf Dich!","Einleitung
Über uns
Starte deine IT-Karriere bei einem mehrfach ausgezeichneten Ausbildungsbetrieb!
Die Gebauer GmbH ist ein wachsendes, familiäres Technologieunternehmen aus Solingen und Headquarter der TimeLine® Business Solutions Group. Wir entwickeln und vertreiben die ERP-Software TimeLine®, die weltweit von mittelständischen Industrieunternehmen genutzt wird. Mit rund 250 Mitarbeitenden an verschiedenen Standorten (Deutschland, Schweiz, Spanien, Polen, Slowakei, Rumänien, Bulgarien, Indien und den Niederlanden) betreuen wir über 1.300 Kunden mit mehr als 25.000 Installationen – und wachsen weiter.
Deshalb suchen wir schon heute nach den Kolleg:innen der Zukunft und suchen zum 1. September 2026 an unserem Stammsitz in Solingen mehrere Auszubildende zum/zur
Duales Studium Wirtschaftsinformatik B. Sc.
in Kombination mit einer Ausbildung zum / zur Fachinformatiker/in (m/w/d)
Fachrichtung Anwendungsentwicklung",2026-06-13T10:34:02.183894+00:00
10000-1206387510-S,fachinformatiker_ae,Bernard Krone Holding SE & Co. KG,Spelle,48480 Spelle,Duales Studium | Fachinformatiker/in - Anwendungsentwicklung,dual,2027,8,,73,ba_portal,,https://www.arbeitsagentur.de/jobsuche/jobdetail/10000-1206387510-S,ba_portal,,https://www.arbeitsagentur.de/jobsuche/jobdetail/10000-1206387510-S,Bernard Krone Holding SE & Co. KG | Duales Studium | Fachinformatiker/in - Anwendungsentwicklung | Spelle,ya,belum,rendah,"Als führender Hersteller in der Land- und Nutzfahrzeugtechnik sind wir auf der Suche nach Mitarbeitern (m/w/d), die die Geschichte der KRONE Gruppe erfolgreich weiter schreiben möchten.
Als familiengeführtes Unternehmen bieten wir den nötigen Raum für Kreativität, Eigeninitiative und Entfaltung. Weltweit mehr als 5.000 Mitarbeiter (m/w/d) gehören zum aktuellen KRONE Team. Hochmotiviert und dynamisch tragen wir alle mit unseren Taten und Talenten zur heutigen und zukünftigen KRONE Erfolgsstory bei.

Verstärke unser Team und finde Deinen Platz bei der Bernard Krone Holding SE & Co. KG an unserem Standort in Spelle, Werlte, Haselünne oder Herzlake ab dem 01.08.2027 als

Dualstudierender zum **Bachelor of Science (m/w/d) Wirtschaftsinformatik & Nachhaltige IT**

Als Bachelor of Science (m/w/d) Wirtschaftsinformatik bei KRONE erwartet Dich nicht nur eine spannende und aufschlussreiche Zeit bei uns im Unternehmen, sondern Du setzt zugleich den Startschuss Deiner beruflichen Karriere. Wenn Du nicht nur an der Wirtschaft sondern auch an der IT interessiert bist und Dich zusammenhängende Themen in den Bereichen interessieren, dann wird das der perfekte Mix für Dich sein. Du verbindest während deiner theoretischen Phasen am Institut für duale Studiengänge am Standort Lingen wirtschaftswissenschaftliches Fachwissen mit angewandter Informatik und kannst dieses während der Praxispahse im Unternehmen demonstrieren.

**Du lernst**

- Durchführung von Tests bei bestehenden Anwendungen
- Anpassung von Programmen
- Fehlerbehebung und Fehleranalyse
- Dokumentation von Lösungen
- Anforderungsanalyse und Beratung in den Fachabteilungen
- Entwicklung von Webanwendungen (Server, Web und Apps)

**Mögliche Einsatzgebiete während der Praxisphasen&#160;&#160;&#160;&#160;**

- IT-Abteilung an den Standorten Spelle, Werlte oder Haselünne (Ausbildungsbetrieb Krone Business Center DigITal GmbH & Co. KG)
- Elektronikentwicklung am Standort Spelle (Ausbildungsbetrieb Maschinenfabrik Bernard Krone GmbH & Co. KG)

**Du bringst mit&#160;&#160;**

- Allgemeine Hochschulreife oder Fachhochschulreife mit einschlägiger, abgeschlossener Berufsausbildung
- Technische Grundkenntnisse bzw. IT-Affinität
- Kommunikations- und Teamfähigkeit
- Gute Noten in den naturwissenschaftlichen Fächern, sowie in Deutsch und Englisch
- Selbstständiges und verantwortungsbewusstes Arbeiten

**Hochschulstandort**

Hochschule Osnabrück, Campus Lingen, Institut für duale Studiengänge

**Integrierte Berufsausbildung**

Fachinformatiker für Anwendungsentwicklung (m/w/d)

Für Deine Bewerbung nutze bitte unser Online- Bewerbungsformular unter www.krone.de/karriere.","- Anforderungsanalyse und Beratung in den Fachabteilungen
- Entwicklung von Webanwendungen (Server, Web und Apps)
Abitur / Allgemeine Hochschulreife",2026-06-11T09:14:48.897015+00:00
10000-1206387666-S,fachinformatiker_dpa,Bernard Krone Holding SE & Co. KG,Spelle,48480 Spelle,Duales Studium | Fachinformatiker/in - Systemintegration,dual,2027,8,,73,ba_portal,,https://www.arbeitsagentur.de/jobsuche/jobdetail/10000-1206387666-S,ba_portal,,https://www.arbeitsagentur.de/jobsuche/jobdetail/10000-1206387666-S,Bernard Krone Holding SE & Co. KG | Duales Studium | Fachinformatiker/in - Systemintegration | Spelle,ya,belum,rendah,"Als führender Hersteller in der Land- und Nutzfahrzeugtechnik sind wir auf der Suche nach Mitarbeitern (m/w/d), die die Geschichte der KRONE Gruppe erfolgreich weiter schreiben möchten.
Als familiengeführtes Unternehmen bieten wir den nötigen Raum für Kreativität, Eigeninitiative und Entfaltung. Weltweit mehr als 5.000 Mitarbeiter (m/w/d) gehören zum aktuellen KRONE Team. Hochmotiviert und dynamisch tragen wir alle mit unseren Taten und Talenten zur heutigen und zukünftigen KRONE Erfolgsstory bei.

Verstärke unser Team und finde Deinen Platz bei der Bernard Krone Holding SE & Co. KG an unserem Standort in Spelle, Werlte, Haselünne oder Herzlake ab dem 01.08.2027 als

Dualstudierender zum **Bachelor of Science (m/w/d) Wirtschaftsinformatik & Nachhaltige IT**

Als Bachelor of Science (m/w/d) Wirtschaftsinformatik bei KRONE erwartet Dich nicht nur eine spannende und aufschlussreiche Zeit bei uns im Unternehmen, sondern Du setzt zugleich den Startschuss Deiner beruflichen Karriere. Wenn Du nicht nur an der Wirtschaft sondern auch an der IT interessiert bist und Dich zusammenhängende Themen in den Bereichen interessieren, dann wird das der perfekte Mix für Dich sein. Du verbindest während deiner theoretischen Phasen am Institut für duale Studiengänge am Standort Lingen wirtschaftswissenschaftliches Fachwissen mit angewandter Informatik und kannst dieses während der Praxispahse im Unternehmen demonstrieren.

**Du lernst**

- Durchführung von Tests bei bestehenden Anwendungen
- Anpassung von Programmen
- Fehlerbehebung und Fehleranalyse
- Dokumentation von Lösungen
- Anforderungsanalyse und Beratung in den Fachabteilungen
- Entwicklung von Webanwendungen (Server, Web und Apps)

**Mögliche Einsatzgebiete während der Praxisphasen&#160;&#160;&#160;&#160;**

- IT-Abteilung an den Standorten Spelle, Werlte oder Haselünne (Ausbildungsbetrieb Krone Business Center DigITal GmbH & Co. KG)
- Elektronikentwicklung am Standort Spelle (Ausbildungsbetrieb Maschinenfabrik Bernard Krone GmbH & Co. KG)

**Du bringst mit&#160;&#160;**

- Allgemeine Hochschulreife oder Fachhochschulreife mit einschlägiger, abgeschlossener Berufsausbildung
- Technische Grundkenntnisse bzw. IT-Affinität
- Kommunikations- und Teamfähigkeit
- Gute Noten in den naturwissenschaftlichen Fächern, sowie in Deutsch und Englisch
- Selbstständiges und verantwortungsbewusstes Arbeiten

**Hochschulstandort**

Hochschule Osnabrück, Campus Lingen, Institut für duale Studiengänge

**Integrierte Berufsausbildung**

Fachinformatiker für Daten- und Prozessanalyse (m/w/d)

Für Deine Bewerbung nutze bitte unser Online- Bewerbungsformular unter www.krone.de/karriere.","- Anforderungsanalyse und Beratung in den Fachabteilungen
- Entwicklung von Webanwendungen (Server, Web und Apps)
Abitur / Allgemeine Hochschulreife",2026-06-11T08:16:29.832745+00:00
10000-1206388366-S,fachinformatiker_dpa,Bernard Krone Holding SE & Co. KG,Spelle,48480 Spelle,Duales Studium | Fachinformatiker/in - Daten- und Prozessanalyse,dual,2027,8,,73,ba_portal,,https://www.arbeitsagentur.de/jobsuche/jobdetail/10000-1206388366-S,ba_portal,,https://www.arbeitsagentur.de/jobsuche/jobdetail/10000-1206388366-S,Bernard Krone Holding SE & Co. KG | Duales Studium | Fachinformatiker/in - Daten- und Prozessanalyse | Spelle,ya,belum,rendah,"Als führender Hersteller in der Land- und Nutzfahrzeugtechnik sind wir auf der Suche nach Mitarbeitern (m/w/d), die die Geschichte der KRONE Gruppe erfolgreich weiter schreiben möchten.
Als familiengeführtes Unternehmen bieten wir den nötigen Raum für Kreativität, Eigeninitiative und Entfaltung. Weltweit mehr als 5.000 Mitarbeiter (m/w/d) gehören zum aktuellen KRONE Team. Hochmotiviert und dynamisch tragen wir alle mit unseren Taten und Talenten zur heutigen und zukünftigen KRONE Erfolgsstory bei.

Verstärke unser Team und finden Deinen Platz bei der Bernard Krone Holding SE & Co. KG an unserem Standort in Spelle und Werlte ab dem 01.08.2027 als

Dualstudierender zum **Bachelor of Engineering (m/w/d) Technische Informatik**

Als Bachelor of Engineering (m/w/d) im Bereich technische Informatik bei KRONE erwartet Dich nicht nur eine spannende und aufschlussreiche Zeit bei uns im Unternehmen, sondern Du setzt zugleich den Startschuss Deiner beruflichen Karriere. Dieser Studiengang ist richtig für Dich, wenn Du nicht nur eine Auge für technische Zusammenhänge hast sondern auch an der Informatik interessiert bist. Du verbindest während deiner theoretischen Phasen am Institut für duale Studiengänge am Standort Lingen Ingenieurswissenschaften mit angewandter Informatik und wirst so gut auf die Anforderungen im Unternehmen vorbereitet.

**Dauer des Studiums**

- 3 Jahre

**Du lernst**

- Planung und Weiterentwicklung komplexer IT-Systeme bis Embedded Systems
- Erstellung von Dokumentationsunterlagen
- Qualifizierung von Problemen und Serviceanfragen
- Mitarbeit in interdisziplinären Teams

**Mögliche Einsatzgebiete während der Praxisphasen&#160;&#160;&#160;&#160;**

- IT-Abteilung an den Standorten Spelle, Werlte oder Haselünne (Ausbildungsbetrieb Krone Business Center DigITal GmbH & Co. KG)
- Elektronikentwicklung am Standort Spelle (Ausbildungsbetrieb Maschinenfabrik Bernard Krone GmbH & Co. KG)

**Du bringst mit**

- Allgemeine Hochschulreife oder Fachabitur mit einschlägiger, abgeschlossener Berufsausbildung
- Technische Grundkenntnisse bzw. IT-Affinität
- Kommunikations- und Teamfähigkeit
- Gute Noten in den naturwissenschaftlichen Fächern, sowie in Deutsch und Englisch
- Selbstständiges und verantwortungsbewusstes Arbeiten

**Hochschulstandort**

Hochschule Osnabrück, Campus Lingen, Institut für duale Studiengäng

**Integrierte Berufsausbildung**

Als Bachelor of Engineering (m/w/d) im Bereich technische Informatik bei KRONE erwartet Dich nicht nur eine spannende und aufschlussreiche Zeit bei uns im Unternehmen, sondern Du setzt zugleich den Startschuss Deiner beruflichen Karriere. Dieser Studiengang ist richtig für Dich, wenn Du nicht nur eine Auge für technische Zusammenhänge hast sondern auch an der Informatik interessiert bist. Du verbindest während deiner theoretischen Phasen am Institut für duale Studiengänge am Standort Lingen Ingenieurswissenschaften mit angewandter Informatik und wirst so gut auf die Anforderungen im Unternehmen vorbereitet.

**Dauer des Studiums**

- 3 Jahre

**Du lernst**

- Planung und Weiterentwicklung komplexer IT-Systeme bis Embedded Systems
- Erstellung von Dokumentationsunterlagen
- Qualifizierung von Problemen und Serviceanfragen
- Mitarbeit in interdisziplinären Teams

**Mögliche Einsatzgebiete während der Praxisphasen&#160;&#160;&#160;&#160;**

- IT-Abteilung an den Standorten Spelle, Werlte oder Haselünne (Ausbildungsbetrieb Krone Business Center DigITal GmbH & Co. KG)
- Elektronikentwicklung am Standort Spelle (Ausbildungsbetrieb Maschinenfabrik Bernard Krone GmbH & Co. KG)

**Du bringst mit**

- Allgemeine Hochschulreife oder Fachabitur mit einschlägiger, abgeschlossener Berufsausbildung
- Technische Grundkenntnisse bzw. IT-Affinität
- Kommunikations- und Teamfähigkeit
- Gute Noten in den naturwissenschaftlichen Fächern, sowie in Deutsch und Englisch
- Selbstständiges und verantwortungsbewusstes Arbeiten

**Hochschulstandort**

Hochschule Osnabrück, Campus Lingen, Institut für duale Studiengänge

**Integrierte Berufsausbildung**

Fachinformatiker für Daten- und Prozessanalyse (m/w/d)

Für Deine Bewerbung nutze bitte unser Online- Bewerbungsformular unter www.krone.de/karriere.","Als Bachelor of Engineering (m/w/d) im Bereich technische Informatik bei KRONE erwartet Dich nicht nur eine spannende und aufschlussreiche Zeit bei uns im Unternehmen, sondern Du setzt zugleich den Startschuss Deiner beruflichen Karriere. Dieser Studiengang ist richtig für Dich, wenn Du nicht nur eine Auge für technische Zusammenhänge hast sondern auch an der Informatik interessiert bist. Du verbindest während deiner theoretischen Phasen am Institut für duale Studiengänge am Standort Lingen Ingenieurswissenschaften mit angewandter Informatik und wirst so gut auf die Anforderungen im Unternehmen vorbereitet.
**Dauer des Studiums**
Abitur / Allgemeine Hochschulreife",2026-06-11T08:16:24.070446+00:00
10000-1206388674-S,fachinformatiker_ae,KRONE Business Center DigITAL GmbH & Co. KG,Spelle,"Heinrich-Krone-Str. 10, 48480 Spelle",Duales Studium | Fachinformatiker/in - Anwendungsentwicklung,dual,2027,8,,73,ba_portal,,https://www.arbeitsagentur.de/jobsuche/jobdetail/10000-1206388674-S,ba_portal,,https://www.arbeitsagentur.de/jobsuche/jobdetail/10000-1206388674-S,KRONE Business Center DigITAL GmbH & Co. KG | Duales Studium | Fachinformatiker/in - Anwendungsentwicklung | Spelle,ya,belum,rendah,"Als führender Hersteller in der Landtechnik sind wir auf der Suche nach Mitarbeitern (m/w/d), die die Geschichte der KRONE Gruppe erfolgreich weiter schreiben und gemeinsam mit uns die stärksten Erntemaschinen der Welt herstellen möchten. Als familiengeführtes Unternehmen bieten wir den nötigen Raum für Kreativität, Eigeninitiative und Entfaltung. Weltweit mehr als 5.000 Mitarbeiter (m/w/d) gehören zum aktuellen KRONE Team. Hochmotiviert und dynamisch tragen wir alle mit unseren Taten und Talenten zur heutigen und zukünftigen KRONE Erfolgsstory bei.

Verstärke unser Team und finde Deinen Platz bei der KRONE Business Center DigITAL GmbH & Co.KG an unserem Standort in Spelle ab dem 01.08.2027 als

**Dualstudierender zum Bachelor of Science (m/w/d) Informatik**

Als Bachelor of Science (m/w/d) im Bereich Informatik bei KRONE erwartet Dich nicht nur eine spannende und aufschlussreiche Zeit bei uns im Unternehmen, sondern Du setzt zugleich den Startschuss Deiner beruflichen Karriere. Dieser Studiengang ist richtig für Dich, wenn Du Interesse daran hast, weitere Innovationen voranzutreiben, bestehende Systeme zu optimieren und Fehler zu beheben. Was du dafür brauchst lernst du im dualen Studium an der FH Münster.

**Dauer des Studiums**

- 4 Jahre

**Du lernst**

- Planung und Weiterentwicklung komplexer IT-Systeme bis Embedded Systems
- Erstellung von Dokumentationsunterlagen
- Durchführung von Tests bei bestehenden Anwendungen
- Fehlerbehebung und Fehleranalyse
- Entwicklung von Webanwendungen (Server, Web und Apps)

**Mögliche Einsatzgebiete während der Praxisphasen&#160;&#160;&#160;&#160;**

- IT-Abteilung an den Standorten Spelle oder Haselünne (Ausbildungsbetrieb Krone Business Center DigITal GmbH & Co. KG)

 **Du bringst mit**

- Allgemeine Hochschulreife oder Fachabitur mit einschlägiger, abgeschlossener Berufsausbildung
- Technische Grundkenntnisse bzw. IT-Affinität
- Kommunikations- und Teamfähigkeit
- Gute Noten in den naturwissenschaftlichen Fächern, sowie in Deutsch und Englisch
- Selbstständiges und verantwortungsbewusstes Arbeiten

**Hochschulstandort**

FH Münster, Campus Steinfurt

**Integrierte Berufsausbildung**

Fachinformatiker für Anwendungsentwicklung (m/w/d)

Für Deine Bewerbung nutze bitte unser Online- Bewerbungsformular unter www.krone.de/karriere.","**Du bringst mit**
- Allgemeine Hochschulreife oder Fachabitur mit einschlägiger, abgeschlossener Berufsausbildung
- Technische Grundkenntnisse bzw. IT-Affinität
- Kommunikations- und Teamfähigkeit
- Gute Noten in den naturwissenschaftlichen Fächern, sowie in Deutsch und Englisch
- Selbstständiges und verantwortungsbewusstes Arbeiten
Abitur / Allgemeine Hochschulreife",2026-06-11T09:14:47.064974+00:00
10000-1206388713-S,fachinformatiker_dpa,KRONE Business Center DigITAL GmbH & Co. KG,Spelle,"Heinrich-Krone-Str. 10, 48480 Spelle",Duales Studium | Fachinformatiker/in - Daten- und Prozessanalyse,dual,2027,8,,73,ba_portal,,https://www.arbeitsagentur.de/jobsuche/jobdetail/10000-1206388713-S,ba_portal,,https://www.arbeitsagentur.de/jobsuche/jobdetail/10000-1206388713-S,KRONE Business Center DigITAL GmbH & Co. KG | Duales Studium | Fachinformatiker/in - Daten- und Prozessanalyse | Spelle,ya,belum,rendah,"Als führender Hersteller in der Landtechnik sind wir auf der Suche nach Mitarbeitern (m/w/d), die die Geschichte der KRONE Gruppe erfolgreich weiter schreiben und gemeinsam mit uns die stärksten Erntemaschinen der Welt herstellen möchten. Als familiengeführtes Unternehmen bieten wir den nötigen Raum für Kreativität, Eigeninitiative und Entfaltung. Weltweit mehr als 5.000 Mitarbeiter (m/w/d) gehören zum aktuellen KRONE Team. Hochmotiviert und dynamisch tragen wir alle mit unseren Taten und Talenten zur heutigen und zukünftigen KRONE Erfolgsstory bei.

Verstärke unser Team und finde Deinen Platz bei der KRONE Business Center DigITAL GmbH & Co.KG an unserem Standort in Spelle ab dem 01.08.2027 als

**Dualstudierender zum Bachelor of Science (m/w/d) Informatik**

Als Bachelor of Science (m/w/d) im Bereich Informatik bei KRONE erwartet Dich nicht nur eine spannende und aufschlussreiche Zeit bei uns im Unternehmen, sondern Du setzt zugleich den Startschuss Deiner beruflichen Karriere. Dieser Studiengang ist richtig für Dich, wenn Du Interesse daran hast, weitere Innovationen voranzutreiben, bestehende Systeme zu optimieren und Fehler zu beheben. Was du dafür brauchst lernst du im dualen Studium an der FH Münster.

**Dauer des Studiums**

- 4 Jahre

**Du lernst**

- Planung und Weiterentwicklung komplexer IT-Systeme bis Embedded Systems
- Erstellung von Dokumentationsunterlagen
- Durchführung von Tests bei bestehenden Anwendungen
- Fehlerbehebung und Fehleranalyse
- Entwicklung von Webanwendungen (Server, Web und Apps)

**Mögliche Einsatzgebiete während der Praxisphasen&#160;&#160;&#160;&#160;**

- IT-Abteilung an den Standorten Spelle oder Haselünne (Ausbildungsbetrieb Krone Business Center DigITal GmbH & Co. KG)

 **Du bringst mit**

- Allgemeine Hochschulreife oder Fachabitur mit einschlägiger, abgeschlossener Berufsausbildung
- Technische Grundkenntnisse bzw. IT-Affinität
- Kommunikations- und Teamfähigkeit
- Gute Noten in den naturwissenschaftlichen Fächern, sowie in Deutsch und Englisch
- Selbstständiges und verantwortungsbewusstes Arbeiten

**Hochschulstandort**

FH Münster, Campus Steinfurt

**Integrierte Berufsausbildung**

Fachinformatiker für Daten- und Prozessanalyse (m/w/d)

Für Deine Bewerbung nutze bitte unser Online- Bewerbungsformular unter www.krone.de/karriere.","**Du bringst mit**
- Allgemeine Hochschulreife oder Fachabitur mit einschlägiger, abgeschlossener Berufsausbildung
- Technische Grundkenntnisse bzw. IT-Affinität
- Kommunikations- und Teamfähigkeit
- Gute Noten in den naturwissenschaftlichen Fächern, sowie in Deutsch und Englisch
- Selbstständiges und verantwortungsbewusstes Arbeiten
Abitur / Allgemeine Hochschulreife",2026-06-11T08:16:23.761837+00:00
NRW-733-11574,ausbildung_nrw_ae,ESOMATEC GmbH,Sulingen,Schweriner Straße 1 27232 Sulingen,"Ausbildung | Fachinformatiker/in - Anwendungsentwicklung (2026, 2027, 2028)",dual,,,,73,company,sebastian.spreen@esomatec.com,https://www.esomatec.com/de/stellenangebote.html,email,"Kontakt
04271 7837100
sebastian.spreen@esomatec.com
https://www.esomatec.com
Schweriner Straße 1
27232 Sulingen
S
Sebastian Spreen
Ausbilder
04271 7837100
sebastian.spreen@esomatec.com
Social Media
Standort
+
–
⤢
info@ausbildung.nrw
Kontakt
Datenschutz
Impressum
Ausbildung.NRW ist ein Kooperationsprojekt der Industrie- und Handelskammern in Nordrhein-Westfalen.
umgesetzt von der www.spieker.agency",,"ESOMATEC GmbH | Ausbildung | Fachinformatiker/in - Anwendungsentwicklung (2026, 2027, 2028) | Sulingen",tidak,belum,tinggi,"Fachinformatiker/in - Anwendungsentwicklung (2026, 2027, 2028)

Fachinformatiker/in - Anwendungsentwicklung in Sulingen (2026, 2027, 2028)
Fachinformatiker/in - Systemintegration in Sulingen (2026, 2027, 2028)
Duales Studium - Informatik und Fachinformatiker/in Anwendungsentwicklung (Ausbildung + B.Sc.) in Sulingen (2026, 2027, 2028)
Angebote
Duales Studium
Duale Ausbildung (Vollzeit)",,2026-06-12T09:55:27.827325+00:00
10000-1204339706-S,fachinformatiker_ae_2026,Takko Holding GmbH,Telgte,"Alfred-Krupp-Str. 21, 48291 Telgte",Duales Studium | Fachinformatiker/in - Anwendungsentwicklung,dual,2026,,,73,ba_portal,,https://www.arbeitsagentur.de/jobsuche/jobdetail/10000-1204339706-S,ba_portal,,https://www.arbeitsagentur.de/jobsuche/jobdetail/10000-1204339706-S,Takko Holding GmbH | Duales Studium | Fachinformatiker/in - Anwendungsentwicklung | Telgte,ya,belum,rendah,"**Duales Studium Wirtschaftsinformatik (Bachelor of Science) (m/w/d) – Ausbildung 2026**

**Das erwartet Dich:**

Während Deines dreieinhalbjährigen Dualen Studiums machst Du nicht nur Deine Ausbildung zum Fachinformatiker Anwendungsentwicklung (m|w|d), sondern Du studierst auch berufsbegleitend Wirtschaftsinformatik. 

**Praktische Ausbildung:** praktische Kenntnisse lernst du in unserer Zentrale in Telgte von Deinen erfahrenen Kolleginnen und Kollegen und durch eigenes Ausprobieren. Du durchläufst bei uns alle IT-Abteilungen, unterstützt bei der Einführung von Tools, unterstützt unsere Fachabteilungen und arbeitest in verschiedenen Projekten mit.

**Theoretische Ausbildung:** Du studierst sechs Semester an der Hochschule Osnabrück. Die Vorlesungen finden auf dem Campus in Lingen statt.

**Das bringst Du mit:**

- Fachhochschulreife oder Abitur
- Lust an der Arbeit mit IT-gestützten Systemen
- Lern- und Leistungsbereitschaft

**Darauf kannst Du Dich freuen:**

· **Bachelor-Abschluss**: Qualifizierte Ausbildung mit einem anerkannten IHK-Abschluss als Fachinformatiker Systemintegration und den Bachelor of Science (m/w/d)

- Persönliche Betreuung: Intensive Unterstützung und Förderung sowie Hilfe bei der Prüfungsvorbereitung
- Attraktive Vergütung: Ausbildungsvergütung inkl. Übernahme aller Studien- und Prüfungsgebühren und stellen Dir ein Auto für die Fahrten zur Uni, Urlaubs- und Weihnachtsgeld
- Urlaub: Sechs Wochen Urlaub pro Jahr
- Karrierechancen: Sicherer Arbeitsplatz, sehr gute Übernahmechancen nach der Ausbildung und vielfältige Karriereperspektiven
- Willkommensveranstaltungen: Einführungsveranstaltungen für alle neuen Auszubildenden
- Mitarbeiterrabatte: Willkommensgutschein im Wert von 100 Euro zum Ausbildungsstart, 20% Personalrabatt bei Takko, vergünstigter Zugang zu Fitnessstudios wie McFit, die Möglichkeit deinen Hund mit ins Büro zu bringen und [vieles mehr](https://jobs.takko.com/de-de/schueler/duales-studium/wirtschaftsinformatik ""https://jobs.takko.com/de-de/schueler/ausbildung-zentrale/fachinformatiker-systemintegration"")","**Das bringst Du mit:**
- Fachhochschulreife oder Abitur
- Lust an der Arbeit mit IT-gestützten Systemen
- Lern- und Leistungsbereitschaft",2026-06-11T08:15:24.500627+00:00
10001-1001119977-S,fachinformatiker_ae,ALTE OLDENBURGER Krankenversicherung AG,Vechta,"Alte-Oldenburger-Platz 1, 49377 Vechta",Duales Studium | Fachinformatiker/in - Anwendungsentwicklung,dual,,,Jahr 1: 1455 EUR/Monat | Jahr 2: 1532 EUR/Monat | Jahr 3: 1620 EUR/Monat,73,ba_portal,,https://www.arbeitsagentur.de/jobsuche/jobdetail/10001-1001119977-S,ba_portal,,https://www.arbeitsagentur.de/jobsuche/jobdetail/10001-1001119977-S,ALTE OLDENBURGER Krankenversicherung AG | Duales Studium | Fachinformatiker/in - Anwendungsentwicklung | Vechta,ya,belum,rendah,"Die ideale Ausbildungswahl für alle, die ihr erworbenes Wissen direkt im Arbeitsalltag anwenden möchten! Du studierst an der **Privaten Hochschule für Wirtschaft und Technik (PHWT)** in Vechta oder an der **Nordakademie** in Elmshorn und wirst parallel dazu in unserem Unternehmen **zum Fachinformatiker oder zur Fachinformatikerin der Fachrichtung Anwendungsentwicklung (m/w/d)** ausgebildet. In nur drei Jahren hast du somit die Möglichkeit, den Bachelor of Arts sowie den IHK-Ausbildungsabschluss zu erwerben. Das duale Studium an der PHWT und an der Nordakademie ist wissenschaftlich fundiert und konsequent praxisorientiert. Das Besondere eines dualen Studiums ist das Ineinandergreifen von Hochschule und Betrieb oder anders ausgedrückt: von Theorie und Praxis.

**Kombiniert wird**

- ein wissenschaftlich fundiertes Studium mit
- einer praktischen Ausbildung in einem Unternehmen.

Das 7-semestrige Studium erfolgt blockweise zum einen an der Hochschule und zum anderen im Unternehmen. Beide Ausbildungsorte sind gleichwertig und unterstützen sich wechselseitig bei der Erreichung der Ziele des dualen Studiums.

**In jedem Semester wechselt**

- eine 10-wöchige Theoriephase an der PHWT in Vechta/Nordakademie in Elmshorn mit
- einer 12- bis 16-wöchigen Betriebsphase im Unternehmen in Vechta.

Die Vernetzung von Theorie und Praxis wird groß geschrieben. Die wechselseitige Integration des Studiums im Unternehmen und an der Hochschule fördert innovatives Denken und Handeln.",Abitur / Allgemeine Hochschulreife,2026-06-11T09:13:35.501012+00:00
NRW-801-1355,ausbildung_nrw_ae,ALTE OLDENBURGER Krankenversicherung AG,Vechta,Alte-Oldenburger-Platz 1 49377 Vechta,Ausbildung | Fachinformatiker/in - Anwendungsentwicklung,dual,,,,73,company,stefan.macke@alte-oldenburger.de,https://aosbildung.de/fiae,email,"Kontakt
04441-905173
stefan.macke@alte-oldenburger.de
https://aosbildung.de
Alte-Oldenburger-Platz 1
49377 Vechta
Stefan Macke
Ausbildungsleiter IT
04441-905173
stefan.macke@alte-oldenburger.de
Ulrich Jaksch
Ausbildungsleiter Versicherung
04441-905205
ulrich.jaksch@alte-oldenburger.de
Social Media
Standort
+
–
⤢
info@ausbildung.nrw
Kontakt
Datenschutz
Impressum
Ausbildung.NRW ist ein Kooperationsprojekt der Industrie- und Handelskammern in Nordrhein-Westfalen.
umgesetzt von der www.spieker.agency",,ALTE OLDENBURGER Krankenversicherung AG | Ausbildung | Fachinformatiker/in - Anwendungsentwicklung | Vechta,tidak,belum,tinggi,"Fachinformatiker/in - Anwendungsentwicklung

Fachinformatiker/in - Anwendungsentwicklung in Vechta
Mehr Informationen
Duales Studium Wirtschaftsinformatik in Vechta
Mehr Informationen
Duales Studium Betriebswirtschaftslehre in Vechta
Mehr Informationen
Stellenangebote
Angebote
Duales Studium
Berufsfelderkundungstag
Duale Ausbildung (Vollzeit)
Praktikum

So kannst du dich bewerben
Am besten bewirbst du dich über unser kurzes Bewerbungsformular: https://aosbildung.de/bewerbung/",,2026-06-12T09:53:07.249895+00:00
NRW-3975-7499,ausbildung_nrw_ae,Beckhoff Automation GmbH & Co. KG,Verl,Hülshorstweg 20 33415 Verl,Ausbildung | Fachinformatiker/in - Anwendungsentwicklung (2026),dual,,,,73,company,talents@beckhoff.com,https://www.beckhoff.com/de-de/unternehmen/stellenangebote/ausbildung-fachinformatiker-m-w-d-fuer-anwendungsentwicklung-verl.html,email,"Kontakt
+49 5246 963-0
talents@beckhoff.com
https://www.beckhoff.com/talents
Hülshorstweg 20
33415 Verl
D
David Neumann
Praxisintegriertes Studium
+49 5246 963-5983
talents@beckhoff.com
F
Fabian Johann-Vorderbrüggen
Ausbildungsberufe
+49 5246 963-4970
talents@beckhoff.com
M
Marcel Grothusheidkamp
Ausbildungsberufe
+49 5246 963-5737
talents@beckhoff.com
Social Media
Standort
+
–
⤢
info@ausbildung.nrw
Kontakt
Datenschutz
Impressum
Ausbildung.NRW ist ein Kooperationsprojekt der Industrie- und Handelskammern in Nordrhein-Westfalen.
umgesetzt von der www.spieker.agency",,Beckhoff Automation GmbH & Co. KG | Ausbildung | Fachinformatiker/in - Anwendungsentwicklung (2026) | Verl,tidak,belum,tinggi,"Fachinformatiker/in - Anwendungsentwicklung (2026)

Fachinformatiker/in - Anwendungsentwicklung in Verl (2026)
Duales Studium - Mechatronik & Automatisierung (Praxis + B.Eng.) in Verl (2026)
Praxisintegriertes Studium Wirtschaftsingenierwesen in Verl (2026)
Duales Studium - Software Engineering (Praxis + B.Sc.) in Verl (2026)
Industriekaufmann/frau in Verl (2026)
Fachkraft – Lagerlogistik in Verl (2026)
Angebote
Duales Studium
Praktikum
Duale Ausbildung",,2026-06-12T09:53:42.389034+00:00
AD-d0105756-4686-43c2-9a8a-de0ee5612af4,ausbildung_de_ae,BWI GmbH,Wilhelmshaven,26382 Wilhelmshaven Niedersachsen,Ausbildung | Duales Studium zum Bachelor of Science in Wirtschaftsinformatik KI & Data Science inkl. zum Fachinformatiker Anwendungsentwicklung (m/w/d),dual,,,,73,company,,https://t.gohiring.com/h/356ba248552bb82c5eab2f5c4e12f69ae98fd28890b8b26dbcebe48544e1b71e,portal,Bei Fragen steht dir das Recruiting-Team unter Angabe der Stellen-ID: 63209 gerne zur Verfügung. Tel.: 02225 988 25000,,BWI GmbH | Ausbildung | Duales Studium zum Bachelor of Science in Wirtschaftsinformatik KI & Data Science inkl. zum Fachinformatiker Anwendungsentwicklung (m/w/d) | Wilhelmshaven,tidak,belum,sedang,"Duales Studium zum Bachelor of Science in Wirtschaftsinformatik KI & Data Science inkl. Ausbildung zum Fachinformatiker Anwendungsentwicklung (m/w/d)

Dein Profil:
- Du hast die allg. Hochschulreife, fachgebundene Hochschulreife oder Fachhochschulreife (Notendurchschnitt 2,8 oder besser wünschenswert)
- Du hast idealerweise Mathematik als Leistungskurs mit guten Leistungen
- Du bist interessiert an allg. Informationstechnologien und Technik sowie an kaufmännischen Aufgabenstellungen
- Du hast Flexibilität und räumliche Mobilität, besonders während der Theoriephasen
- Du besitzt analytisches Denken und mathematisch-technisches Verständnis
- Du hast Eigeninitiative, Kommunikations- und Teamfähigkeit
- Du besitzt sehr gute Deutschkenntnisse in Wort & Schrift

Wir bieten:
- Exzellente Übernahmemöglichkeiten in eine Festanstellung
- Einen langfristig sicheren Arbeitsplatz
- Eine attraktive monatliche Ausbildungsvergütung mit einem Gehalt in Höhe von 1.192 EUR im ersten Ausbildungsjahr, 1.253 EUR im zweiten Ausbildungsjahr und 1.408 EUR im dritten Ausbdilungsjahr zzgl. Kostenübernahme für Reisen nach Paderborn, die dortige Unterkunft und die Studiengebühren von der FH der Wirtschaft
- Eine moderne IT-Ausstattung inkl. Notebook und Diensthandy der neuesten Generation
- Zahlreiche Mitarbeitervergünstigungen, zum Beispiel durch die Benni-Card, kostenlose Angebote zur Gesundheitsförderung, attraktive BWI Mitarbeiterrabatte bekannter Marken und Anbieter und vieles mehr
- Ein Ausbildungsprogramm, das durch das Trendence Institut als „Faire Ausbildung“ zertifiziert wurde
- Vertrauensarbeitszeit und 30 Tage Urlaub, die deine Work-Life-Balance unterstützen
- Arbeitszeit: 40h/Woche inkl. Freistellungen für die Theoriephasen
- Ein angenehmes Arbeitsumfeld, ein wertschätzender Umgang miteinander und großer Teamgeist
- Abwechslungsreiche und gesellschaftlich relevante Aufgaben, um die IT-Sicherheit und Zukunftsfähigkeit Deutschlands zu gewährleisten
Haben wir dein Interesse geweckt?
Dann bewirb dich hier","Dein Profil:
- Du hast die allg. Hochschulreife, fachgebundene Hochschulreife oder Fachhochschulreife (Notendurchschnitt 2,8 oder besser wünschenswert)
- Du hast idealerweise Mathematik als Leistungskurs mit guten Leistungen
- Du bist interessiert an allg. Informationstechnologien und Technik sowie an kaufmännischen Aufgabenstellungen
- Du hast Flexibilität und räumliche Mobilität, besonders während der Theoriephasen
- Du besitzt analytisches Denken und mathematisch-technisches Verständnis
- Du hast Eigeninitiative, Kommunikations- und Teamfähigkeit
- Du besitzt sehr gute Deutschkenntnisse in Wort & Schrift",2026-06-11T11:22:43.920778+00:00
NRW-2075-12079,ausbildung_nrw_ae,Saurer Spinning Solutions GmbH & Co. KG,Übach-Palenberg,Carlstraße 60 52531 Übach-Palenberg,Ausbildung | Fachinformatiker/in - Anwendungsentwicklung (2026),dual,,,,73,company,marina.fell@saurer.com,https://saurer.com/de/karriere/offene-stellen,email,"Kontakt
024519053751
marina.fell@saurer.com
https://saurer.com/de
Carlstraße 60
52531 Übach-Palenberg
M
Marina Fell
Ausbilder
024519053751
marina.fell@saurer.com
Standort
+
–
⤢
info@ausbildung.nrw
Kontakt
Datenschutz
Impressum
Ausbildung.NRW ist ein Kooperationsprojekt der Industrie- und Handelskammern in Nordrhein-Westfalen.
umgesetzt von der www.spieker.agency",,Saurer Spinning Solutions GmbH & Co. KG | Ausbildung | Fachinformatiker/in - Anwendungsentwicklung (2026) | Übach-Palenberg,tidak,belum,tinggi,"Fachinformatiker/in - Anwendungsentwicklung (2026)

Fachinformatiker/in - Anwendungsentwicklung in Übach-Palenberg (2026)
Technische/r Produktdesigner/in in Übach-Palenberg (2026)
Angebote
Duales Studium
Berufsfelderkundungstag
Duale Ausbildung (Vollzeit)
Praktikum

So kannst du dich bewerben
Offene Stellen - Saurer",,2026-06-12T09:58:38.030226+00:00
ASD-998030002642586416,ausbildungsstellen_si,Azubiyo,,,Ausbildung | Rund um die Ausbildung,dual,,,"1.313 €, 1.431 €, 1.551 €",67,company,,https://www.azubiyo.de/bewerbung/,portal,"Individuelle Betreuung und Förderung: Persönliche Ansprechpartner:innen begleiten dich.
Selbstständiges und eigenverantwortliches Arbeiten: Deine Ideen fließen in unsere Lösungen ein.
Anforderungen:
Du hast (bald) Abitur oder Fachabitur.
Du interessierst dich für IT, Softwareentwicklung und wirtschaftliche Themen.
Du sprichst fließend Deutsch (C1) und gut Englisch.
Du denkst logisch, analytisch und arbeitest strukturiert.
Du hast Spaß an Teamarbeit.
So bewirbst du dich:
Bewirb dich online und sende uns:
Kontakt
Mediadaten
Terminvereinbarung
Referenzen
Für Lehrkräfte
Arbeitshefte
Kopiervorlagen
Linktipps Schulhomepage
Newsletter
Häufige Fragen
Datenschutz Cookie-Einstellungen Nutzungsbedingungen Bildnachweis Barrierefreiheit Impressum Kontakt Karriere
instagram
facebook
youtube
linkedin
tiktok
Stellenalarm
Schließen
Verpasse keine Jobs!
Lass dir freie Stellen per WhatsApp oder E-Mail zusenden!
Du suchst:
Wie können wir dich erreichen?
Per Whatsapp
Per E-Mail
Ich stimme den Datenschutzbestimmungen zu.",,Azubiyo | Ausbildung | Rund um die Ausbildung,tidak,belum,sedang,"Rund um die Ausbildung

Deine Aufgaben:
Erlernen von Programmiersprachen und Entwicklungswerkzeugen: Du eignest dir moderne Programmiersprachen und Tools an, um Anwendungen zu entwickeln.
Entwicklung und Anpassung von Softwarelösungen für Banken: Du wirkst an neuen Funktionen und Systemen für Finanzinstitute mit.
Analyse und Optimierung betrieblicher Prozesse mithilfe von IT: Du analysierst Abläufe und unterstützt dabei, sie digital zu verbessern.
Design und Entwicklung von Web- und Benutzeroberflächen: Du entwickelst nutzerfreundliche Oberflächen und Webanwendungen.
Testing, Dokumentation und Qualitätssicherung von Anwendungen: Du testest Software, dokumentierst Ergebnisse und sicherst die Qualität.
Dein duales Studium:
Während deines Studiums verbindest du Hochschulwissen mit der Praxis bei Atruvia.
Vorlesungen: Methodische Softwareentwicklung, Datenbanken, Finanzdienstleistungen, BWL und IT-Management an der Hochschule Weserbergland.
Praxiszeit: Du lernst bankwirtschaftliche Prozesse, IT-Architekturen und Softwareentwicklung direkt im Projektalltag kennen.
Künstliche Intelligenz: Du setzt KI-Tools zielgerichtet ein, interpretierst Daten und entwickelst eigene Ideen mit modernen Technologien.
Projekte: Du arbeitest gemeinsam mit IT-Expert:innen an innovativen Projekten.
Einführungswochen: Teamtraining, Seminare und Vorträge zum Start.
Workshops: Hackathons und Fachworkshops, bei denen du dich mit anderen Azubis und Dualstudierenden vernetzt.
Übernahmeprozess: Sehr gute Chancen auf eine unbefristete Übernahme nach Abschluss.
Was uns ausmacht:
Neue Perspektiven: Du lernst die Banken-IT aus Sicht eines Digitalisierungspartners kennen.
Erstklassige Ausbildung: Strukturierte, mehrfach ausgezeichnete Programme.
Vielfältige Weiterbildungsmöglichkeiten: Fachliche und persönliche Entwicklung stehen im Fokus.
Hervorragende Feedback- und Lernkultur: Regelmäßiges Feedback, offene Kommunikation.
Agile und innovative Projekte: Moderne Technologien, agile Arbeitsweisen.

Was wir bieten:
Mehr als nur Reinschnuppern: Du arbeitest an echten Aufgaben und Projekten mit.
Attraktive Vergütung und Nebenleistungen: 13. & 14. Gehalt, Fahrtkostenzuschuss, vergünstigtes Mittagessen u.v.m.
Offene und motivierende Teamkultur: Hilfsbereite Kolleg:innen und Zusammenarbeit auf Augenhöhe.
Deine Vorteile
Weiter­bildung
Über­durch­schn. Ver­gü­tung
Hohe Über­nah­me­quote
Betr. Alters­vor­sorge
Gute An­bin­dung
Kantine
Events
Flexible Arbeitszeit
Rabatte
Park­plätze
Barriere­frei­heit
Woh­nungs-Un­ter­stüt­zung
Azubi-Frei­zei­ten
Ge­sund­heits­maß­nah­men
Fit­ness­stu­dio
Fahrt­kosten­zu­schuss
Han­dy / Tab­let / Note­book
Mobiles Arbeiten
Jetzt bewerben
Bitte nenne bei deiner Bewerbung die Referenz-Nr: Azubiyo.de Kopieren
Atruvia AG
Bilder & Videos
Über den Ausbildungsbetrieb
Erfahrungen
Übereinstimmung mit deinen Stärken & Wünschen: ?
ohne Matching
mit Matching
Das wird von dir erwartet:
Besonders hilfreiche Stärken
Neugierde und Lernbereitschaft
Selbstorganisation
Weitere nützliche Stärken
Analytische Fähigkeiten
Eigeninitiative und Entscheidungsfreude
Geforderte Schulleistungen
Schulabschluss: Fachabitur
Abschlussnote: Beliebiger Notendurchschnitt
Mathematik: Beliebiger Notendurchschnitt
Deutsch: Beliebiger Notendurchschnitt
Englisch: Beliebiger Notendurchschnitt
Hilfreiche schulische Interessen
Naturwissenschaften, IT, Technik (MINT)
Das kommt auf dich zu:
Arbeitsumfeld
Büro
Personenbeförderung (Zug, Bus, Flugzeug, Schiff, Boot)
Mögliche Arbeitszeitmodelle
flexible Zeiten, Gleitzeit
Reisetätigkeit
gelegentliche Dienstreisen
Besondere Arbeitsumstände
Unternehmen hat über 500 Mitarbeiter
Hier erfährst du, warum uns bei Azubiyo gendergerechte Sprache wichtig ist.
Azubiyo ist eine der führenden Spezial-Jobbörsen für
Ausbildung und Duales Studium.
Für Bewerber
Alle Städte
Alle Berufe
Berufswahltest
Welcher Beruf passt zu mir?
Häufige Fragen
Für Arbeitgeber
Stelle buchen",,2026-06-13T12:55:11.929351+00:00
ASD-998030003397866717,ausbildungsstellen_si,Azubiyo,,,Ausbildung | Rund um die Ausbildung,dual,,,"1.313 €, 1.431 €, 1.551 €",67,company,,https://www.azubiyo.de/bewerbung/,portal,"Individuelle Betreuung und Förderung: Persönliche Ansprechpartner:innen begleiten dich.
Selbstständiges und eigenverantwortliches Arbeiten: Deine Ideen sind gefragt.
Anforderungen:
Du hast (bald) Abitur oder Fachabitur.
Du interessierst dich für Softwareentwicklung und digitale Technologien.
Du sprichst fließend Deutsch (C1) und gut Englisch.
Du denkst logisch, analytisch und arbeitest sorgfältig.
Du arbeitest gerne im Team.
So bewirbst du dich:
Kontakt
Mediadaten
Terminvereinbarung
Referenzen
Für Lehrkräfte
Arbeitshefte
Kopiervorlagen
Linktipps Schulhomepage
Newsletter
Häufige Fragen
Datenschutz Cookie-Einstellungen Nutzungsbedingungen Bildnachweis Barrierefreiheit Impressum Kontakt Karriere
instagram
facebook
youtube
linkedin
tiktok
Stellenalarm
Schließen
Verpasse keine Jobs!
Lass dir freie Stellen per WhatsApp oder E-Mail zusenden!
Du suchst:
Wie können wir dich erreichen?
Per Whatsapp
Per E-Mail
Ich stimme den Datenschutzbestimmungen zu.",,Azubiyo | Ausbildung | Rund um die Ausbildung,tidak,belum,sedang,"Rund um die Ausbildung

Deine Aufgaben:
Entwicklung und Implementierung von Software für Banken: Du programmierst innovative Anwendungen mit aktuellen Programmiersprachen.
Design und Optimierung von IT-Systemen und Architekturen: Du beteiligst dich am Aufbau moderner, skalierbarer IT-Systeme.
Entwicklung von Webanwendungen und nutzerfreundlichen Interfaces: Du entwickelst Webanwendungen und sorgst für eine optimale User Experience.
Testing, Debugging und Performance-Optimierung: Du stellst sicher, dass unsere Software stabil, sicher und performant läuft.
Arbeit mit Datenbanken, Cloud-Technologien und Sicherheitskonzepten: Du setzt Datenbanken, Cloud-Plattformen und IT-Security-Lösungen in Projekten ein.
Dein duales Studium:
In rund drei Jahren erreichst du deinen Abschluss als Bachelor of Science Informatik.
Vorlesungen: Algorithmen, KI, IT-Security, Software Engineering, Datenbanken u.v.m. an der FH Münster.
Praxiszeit: Du lernst moderne Softwareentwicklung, Testing, Datenbanken und Cloud-Technologien direkt in Projekten kennen.
Künstliche Intelligenz: Du setzt KI-Tools im Alltag ein, analysierst Daten und entwickelst eigene Ideen mit modernen Technologien.
Projekte: Du arbeitest in agilen Teams mit IT-Expert:innen an innovativen Lösungen.
Einführungswochen: Gemeinsames Teamtraining, Seminare und erste Einblicke in die Atruvia-Welt.
Workshops: Teilnahme an Hackathons und Fachworkshops, Austausch mit anderen Azubis und Dualstudierenden.
Übernahmeprozess: Sehr gute Chancen auf eine unbefristete Übernahme nach erfolgreichem Abschluss.
Was uns ausmacht:
Neue Perspektiven: Du lernst von den Besten der Banken-IT.
Erstklassige Ausbildung: Strukturiert, praxisnah, mehrfach ausgezeichnet.
Vielfältige Weiterbildungsmöglichkeiten: Du kannst dich fachlich und persönlich weiterentwickeln.
Hervorragende Feedback- und Lernkultur: Regelmäßige Rückmeldungen, offene Kommunikation.
Agile und innovative Projekte: Du arbeitest mit modernen Methoden und Technologien.

Was wir bieten:
Mehr als nur Reinschnuppern: Du übernimmst von Beginn an echte Aufgaben.
Attraktive Vergütung und Nebenleistungen: 13. & 14. Gehalt, Fahrtkostenzuschuss, vergünstigtes Mittagessen u.v.m.
Offene und motivierende Teamkultur: Hilfsbereite Kolleg:innen und Zusammenarbeit auf Augenhöhe.
Deine Vorteile
Weiter­bildung
Über­durch­schn. Ver­gü­tung
Hohe Über­nah­me­quote
Betr. Alters­vor­sorge
Gute An­bin­dung
Kantine
Events
Flexible Arbeitszeit
Rabatte
Park­plätze
Barriere­frei­heit
Woh­nungs-Un­ter­stüt­zung
Azubi-Frei­zei­ten
Ge­sund­heits­maß­nah­men
Fit­ness­stu­dio
Fahrt­kosten­zu­schuss
Han­dy / Tab­let / Note­book
Mobiles Arbeiten
Jetzt bewerben
Bitte nenne bei deiner Bewerbung die Referenz-Nr: Azubiyo.de Kopieren
Atruvia AG
Bilder & Videos
Über den Ausbildungsbetrieb
Erfahrungen
Übereinstimmung mit deinen Stärken & Wünschen: ?
ohne Matching
mit Matching
Das wird von dir erwartet:
Besonders hilfreiche Stärken
Neugierde und Lernbereitschaft
Selbstorganisation
Weitere nützliche Stärken
Analytische Fähigkeiten
Eigeninitiative und Entscheidungsfreude
Geforderte Schulleistungen
Schulabschluss: Fachabitur
Abschlussnote: Beliebiger Notendurchschnitt
Mathematik: Beliebiger Notendurchschnitt
Deutsch: Beliebiger Notendurchschnitt
Englisch: Beliebiger Notendurchschnitt
Hilfreiche schulische Interessen
Naturwissenschaften, IT, Technik (MINT)
Das kommt auf dich zu:
Arbeitsumfeld
Büro
Personenbeförderung (Zug, Bus, Flugzeug, Schiff, Boot)
Mögliche Arbeitszeitmodelle
flexible Zeiten, Gleitzeit
Reisetätigkeit
gelegentliche Dienstreisen
Besondere Arbeitsumstände
Unternehmen hat über 500 Mitarbeiter
Hier erfährst du, warum uns bei Azubiyo gendergerechte Sprache wichtig ist.
Azubiyo ist eine der führenden Spezial-Jobbörsen für
Ausbildung und Duales Studium.
Für Bewerber
Alle Städte
Alle Berufe
Berufswahltest
Welcher Beruf passt zu mir?
Häufige Fragen
Für Arbeitgeber
Stelle buchen",,2026-06-13T12:58:10.426648+00:00
INDEED-a1dddc812554f866,indeed_de_ae,REMONDIS business IT solutions GmbH,44536 Lünen,44536 44536 Lünen NW,Ausbildung | Duales Studium – Softwaretechnik (m/w/d),dual,,,"Berufsausbildung, Duales Studium",67,empty,,https://www.hiringlab.org/de/,portal,,,REMONDIS business IT solutions GmbH | Ausbildung | Duales Studium – Softwaretechnik (m/w/d) | 44536 Lünen,tidak,belum,sedang,"Duales Studium – Softwaretechnik (m/w/d)

Du hast ein ausgeprägtes Interesse an IT-Themen und begeisterst dich für Computertechnik, Programmiersprachen und mathematisch-technische Aufgaben
Darüber hinaus besitzt du ein logisches und analytisches Denkvermögen
Idealerweise konntest du bereits erste praktische Erfahrungen durch Praktika, Nebenjobs oder private Projekte sammeln

Deine Qualifikationen auf einen Blick
Kommunikationsstärke und Freude an der Arbeit im Team runden Dein Profil ab
So sieht Deine Ausbildung bei uns aus
Dein duales Bachelorstudium absolvierst du im Bereich der Softwaretechnik an der Fachhochschule Dortmund
In neun Semestern (4,5 Jahre) erreichst Du neben dem Bachelor of Science auch den IHK-Ausbildungsabschluss zum Fachinformatiker (m/w/d) in der Fachrichtung Anwendungsentwicklung
Dabei ergänzen wir das Studium an der Fachhochschule um abwechslungsreiche Praxiseinheiten in unseren verschiedenen Abteilungen, z. B. der Anwendungsentwicklung und der IT-Infrastruktur, in denen Du als Teil des Teams mitwirkst
In deiner betrieblichen Ausbildung lernst du u. a., wie moderne Software entsteht – von der Planung über die Entwicklung bis hin zur Einführung
Du besuchst 3x pro Woche die Fachhochschule Dortmund und hast so die Möglichkeit, Theorie und Praxis perfekt miteinander zu verknüpfen
Nach deinem Studium hast du nicht nur einen Bachelor-Abschluss in der Tasche, sondern auch eine abgeschlossene Berufsausbildung – und damit beste Chancen für deinen Einstieg in die IT-Welt
Das macht die REMONDIS business IT aus
Sehr gute Rahmenbedingungen: Eine übertarifliche Ausbildungsvergütung, Urlaubs- und Weihnachtsgeld, ein flexibles Arbeitszeitmodell sowie eine moderne IT-Ausstattung
Mentoring: Eine intensive und persönliche Betreuung durch unser erfahrenes Ausbildungsteam während der gesamten Ausbildungszeit
Veranstaltungen: Einführungstage und Azubi-Events fördern den Zusammenhalt unter unseren Nachwuchskräften

Dein Abitur oder Fachabitur schließt Du mit guten bis sehr guten Leistungen in Deutsch, Mathematik, Englisch und Informatik ab
Prämie: Gute Leistungen in der Abschlussprüfung belohnen wir mit einer zusätzlichen Prämie
Übernahme: In unserem stetig wachsenden Unternehmen stehen Dir vielfältige Übernahmechancen und Entwicklungsmöglichkeiten nach der Ausbildung offen
Weiterbildung: Mit unseren modernen E-Learning-Plattformen fördern wir Deine individuelle Lern- und Karriereentwicklung und bieten dir eine intensive Prüfungsvorbereitung
Mitarbeiterrabatte: Mit attraktiven Corporate-Benefits erhältst Du Vergünstigungen bei vielen Kooperationspartnern (z.B. in den Bereichen Fitness, Reisen, Mode und Elektronik)","Deine Qualifikationen auf einen Blick
Kommunikationsstärke und Freude an der Arbeit im Team runden Dein Profil ab
So sieht Deine Ausbildung bei uns aus
Dein duales Bachelorstudium absolvierst du im Bereich der Softwaretechnik an der Fachhochschule Dortmund
In neun Semestern (4,5 Jahre) erreichst Du neben dem Bachelor of Science auch den IHK-Ausbildungsabschluss zum Fachinformatiker (m/w/d) in der Fachrichtung Anwendungsentwicklung
Dabei ergänzen wir das Studium an der Fachhochschule um abwechslungsreiche Praxiseinheiten in unseren verschiedenen Abteilungen, z. B. der Anwendungsentwicklung und der IT-Infrastruktur, in denen Du als Teil des Teams mitwirkst
In deiner betrieblichen Ausbildung lernst du u. a., wie moderne Software entsteht – von der Planung über die Entwicklung bis hin zur Einführung
Du besuchst 3x pro Woche die Fachhochschule Dortmund und hast so die Möglichkeit, Theorie und Praxis perfekt miteinander zu verknüpfen
Nach deinem Studium hast du nicht nur einen Bachelor-Abschluss in der Tasche, sondern auch eine abgeschlossene Berufsausbildung – und damit beste Chancen für deinen Einstieg in die IT-Welt
Das macht die REMONDIS business IT aus
Sehr gute Rahmenbedingungen: Eine übertarifliche Ausbildungsvergütung, Urlaubs- und Weihnachtsgeld, ein flexibles Arbeitszeitmodell sowie eine moderne IT-Ausstattung
Mentoring: Eine intensive und persönliche Betreuung durch unser erfahrenes Ausbildungsteam während der gesamten Ausbildungszeit
Veranstaltungen: Einführungstage und Azubi-Events fördern den Zusammenhalt unter unseren Nachwuchskräften",2026-06-13T10:44:28.585136+00:00
15740-1535-1728440-0-S,fachinformatiker_dpa,Kassenärztl. Bundesvereinigung,Berlin,"Herbert-Lewin-Platz 2, 10623 Berlin",Ausbildung | Fachinformatiker/in - Daten- und Prozessanalyse,dual,2026,10,,67,company,,https://www.arbeitsagentur.de/jobsuche/jobdetail/15740-1535-1728440-0-S,ba_portal,,https://www.arbeitsagentur.de/jobsuche/jobdetail/15740-1535-1728440-0-S,Kassenärztl. Bundesvereinigung | Ausbildung | Fachinformatiker/in - Daten- und Prozessanalyse | Berlin,ya,belum,rendah,"Wir suchen Sie für unser Dezernat Digitalisierung und IT, Abteilung Daten und Automatisierung, für das Duale Studium ""Bachelor of Science Informatik / Data Science"" im Zentrum Berlins für den Studienstart Oktober 2026. Als Teil unseres Teams lernen Sie in verschiedenen Abteilungen der IT in der KBV (z.B. Daten und Automatisierung, Entwicklung, IT in der Arztpraxis, Betrieb und Service, IT Sicherheit) neueste Technologien und echten Teamgeist kennen.
					

Duales Studium - Bachelor of Science Informatik / Data Science

		
Das Dezernat Digitalisierung und IT beschäftigt sich mit einer Vielzahl von spannenden Fragestellungen und Zukunftsthemen. In der Abteilung Daten und Automatisierung arbeiten Sie als Data Engineer, Data Scientist und Data Analyst an anspruchsvollen Projekten und Aufgaben. Wir unterstützen und beraten die Dezernate und Fachabteilungen der KBV zu folgenden Themen:
			

- Beratung zu den Themen Datenanalyse, Datenmanagement und Datennutzung
- Durchführung von komplexen Datenanalysen und Unterstützung der Fachbereiche
- Datenmanagement in Form der Integration von Daten
- Automatisierung von Datenverarbeitungsprozessen und Monitoring mittels Datenlieferungsverwaltung
- Datenaustausch zwischen den Stakeholdern im Gesundheitswesen
- Betreuung Data Warehouse (DWH) und Business Intelligence (BI)
- Einsatz von KI
		
	
- Allgemeine Hochschulreife (Abitur), Fachhochschulreife oder fachgebundene Hochschulreife
- Gute bis sehr gute Leistungen in den Leistungsfächern Mathematik und Informatik
- Ausgeprägte Fähigkeit zu analytischem, logischem und abstraktem Denken
- Lernbereitschaft, Selbstorganisation, strukturierte Arbeitsweise, Zielstrebigkeit sowie gute Kommunikationsfähigkeit in Wort und Schrift
- Abwechslung: Sie genießen die Vorteile eines öffentlichen Arbeitgebers und agieren zugleich in einem innovativen Umfeld
- Frühaufsteher oder Langschläfer? Ihre Arbeitszeit können Sie flexibel durch mobiles Arbeiten und unser Gleitzeitmodell gestalten
- Vergütung: Wir wertschätzen Ihre Arbeit mit einer attraktiven Bezahlung
- Berufliche Entwicklung: Bei uns können Sie wachsen: Wir fördern Sie durch verantwortungsvolle und praxisnahe Aufgaben
- Weitere Benefits: Kantine, Sportangebote sowie Zuschuss zum Firmenticket sind nur einige Beispiele

Die KBV gewährleistet die berufliche Gleichstellung von Frauen und Männern. Schwerbehinderte Menschen werden bei gleicher Eignung besonders berücksichtigt. Die Stelle ist für die Besetzung mit Teilzeitkräften grundsätzlich geeignet. Gerne können Sie auch die externe Bewerbungsfrist über den angegebenen Link nutzen.",,2026-06-11T08:16:23.459855+00:00
AUBI-452811,aubi_plus_fi,DHL Paket GmbH,Bonn,53117 Bonn,Ausbildung | Auszubildende (m/w/d) zur/zum Fachinformatiker*in für Systemintegration,dual,2026,9,"1.368,26 €, 1.418,20 €, 1.464,02 €, 1.368,26 €, 1.418,20 €, 1.464,02 €",67,empty,ausbildung@bafin.de,https://www.aubi-plus.de/bewerbung/,email,Kontakt,,DHL Paket GmbH | Ausbildung | Auszubildende (m/w/d) zur/zum Fachinformatiker*in für Systemintegration | Bonn,tidak,belum,tinggi,"Auszubildende (m/w/d) zur/zum Fachinformatiker*in für Systemintegration

Ausbildungsvergütung
1. Ausbildungsjahr: 1.368,26 €
2. Ausbildungsjahr: 1.418,20 €
3. Ausbildungsjahr: 1.464,02 €
Bewerbungsunterlagen
vollständige Bewerbungsunterlagen
Anschreiben
Lebenslauf
die letzten 2 Schulzeugnisse
Tipp: Beziehe dich in deiner Bewerbung auf AUBI-plus!
Mit bewerbung2go kannst du deine Bewerbungsunterlagen erstellen.
Deine AUBI-plus Jobmail
Lass deinen Bot für dich suchen! Lege deine Suchkriterien fest und lehn dich zurück. Du bekommst aktuelle Stellen für deinen Traumberuf direkt per Mail zugeschickt.
SUCHBOT ERSTELLEN
Ähnliche Suchanfragen:
AUSBILDUNG BONN 2026
AUSBILDUNG IN NORDRHEIN-WESTFALEN
AUSBILDUNG 2026
AUSBILDUNG ALS FACHINFORMATIKER FACHRICHTUNG SYSTEMINTEGRATION (M/W/D) IN BONN
39 weitere Stellen, die dich interessieren könnten
Bachelor of Science Wirtschaftsinformatik in 2026
Deutsche Post DHL
53113 Bonn
01.09.2026
Duales Studium: Bachelor of Arts, BWL-Digital Business Management in 2026
Deutsche Post DHL
53113 Bonn
01.10.2026
Duales Studium: Bachelor of Arts BWL - Digital Commerce Management
DHL Paket GmbH
53113 Bonn
01.08.2026
WEITERE STELLEN LADEN
AUBI-plus
Über uns
Karriere
Partner
FAQ
News & Events
Presse
Blog
Messen & Aktionstage
DEUTSCHES AUSBILDUNGSFORUM
Produkte & Dienstleistungen
Für Ausbildungsbetriebe
Für Hochschulen
Für Schulen
Für Eltern
Besuch uns auch auf:
Region ändern:
AUBI-plus Österreich (deutsch)
AUBI-plus Schweiz (deutsch)
AUBI-plus Italien (deutsch)
AUBI-plus
Impressum
AGB
Datenschutz",,2026-06-13T14:46:14.016820+00:00
INDEED-354c407d326f30a1,indeed_de_ae,Airbus Operations GmbH,Bremen,Bremen HB,Ausbildung | Duales Studium Bachelor of Science Informatik: Software- und Systemtechnik mit integrierter Berufsausbildung zum Fachinformatiker (d/m/w) FR Anwendungsentwicklung zum 01.09.2026,dual,2026,9,Vollzeit,67,empty,bewerbung.ausbildung@airbus.co,https://www.hiringlab.org/de/,email,,,Airbus Operations GmbH | Ausbildung | Duales Studium Bachelor of Science Informatik: Software- und Systemtechnik mit integrierter Berufsausbildung zum Fachinformatiker (d/m/w) FR Anwendungsentwicklung zum 01.09.2026 | Bremen,tidak,belum,tinggi,"Duales Studium Bachelor of Science Informatik: Software- und Systemtechnik mit integrierter Berufsausbildung zum Fachinformatiker (d/m/w) FR Anwendungsentwicklung zum 01.09.2026

Viele weitere Benefits, damit Du Dich während Deiner Ausbildung wohlfühlst
Deine Bordkarte:
Du & Deine Leidenschaften!
Schulabschluss: Fachhochschulreife/allgemeine Hochschulreife
Gute Leistungen in den Fächern Mathematik und ggf. Informatik
Bei internationalen Schulabschlüssen: C1-Sprachkenntnisse in Deutsch
✈ Do YOU share our passion? Lass Deine Bewerbung zu uns rüberfliegen! ✈",,2026-06-13T10:57:52.812390+00:00
AZDE-10314551,azubi_de_fi,SIGNAL IDUNA,Dortmund,Joseph-Scherer-Straße 3 44139 Dortmund,Ausbildung | Duales Studium Informatik B. Sc. (m/w/d),dual,,,"""http://schema.org"",
""@type"": ""BreadcrumbList"",
""numberOfItems"": 3,
""itemListElement"": [",67,empty,,https://www.azubi.de/ausbildungsplatz/10314551-p-duales-studium-informatik-b-sc-m-w-d/apply,portal,"Kontakt
Wir freuen uns auf deine Bewerbung.",,SIGNAL IDUNA | Ausbildung | Duales Studium Informatik B. Sc. (m/w/d) | Dortmund,tidak,belum,sedang,"Duales Studium Informatik B. Sc. (m/w/d)

Einleitung
Wir verändern die Versicherungswelt – und suchen dich, um die Zukunft mitzugestalten. Als einer der größten deutschen Versicherer und Finanzdienstleister mit Hauptsitz in Hamburg und Dortmund haben wir uns in den letzten Jahren grundlegend transformiert. Unsere moderne und agile Arbeitswelt, in der wir nutzenzentriert arbeiten, ist von Offenheit und Mut geprägt. Dabei legen wir viel Wert auf gegenseitige Wertschätzung und Vertrauen. Wir heißen Vielfalt in all ihren Facetten willkommen und glauben, dass unterschiedliche Perspektiven und Erfahrungen entscheidend für Innovation sind. Werde Teil unseres Teams, bring deine Ideen ein und verändere mit uns das Jetzt.
Dein Aufgabengebiet
- ein Studium mit neun Semestern an der Fachhochschule Dortmund ­– mit drei Wochentagen an der FH und zwei im Unternehmen
- Wissensaufbau in den Studien-Schwerpunkten Programmierung, theoretische Informatik und Architekturkonzepte
- ein Überblick über die Arbeit in unseren Abteilungen und die zentralen Abläufe einer Versicherung
- die Mitarbeit an der Analyse, Entwicklung und Umsetzung von Softwareprojekten und IT-Systemen
- Wissen zu den bei uns eingesetzten IT-Technologien, welches dir in Seminaren nähergebracht wird
- zusätzlich zum Studium der Ausbildungsabschluss zum Fachinformatiker (m/w/d) Anwendungsentwicklung
Du
- hast dein Abitur mit guten bis sehr guten Noten in Mathematik
- überzeugst mit deinem logischen und analytischen Denken
- bist technikaffin und begeisterst dich für digitale Medien
- hast Lust, Neues zu lernen und dich voll miteinzubringen
- bist offen, verlässlich und gehst gerne auf Menschen zu
- möchtest Teil eines motivierten Teams werden
- verfügst über verhandlungssichere Deutschkenntnisse in Wort und Schrift (C1)
Bei uns
- wirst du nach erfolgreichem Abschluss übernommen

- bekommst du eine attraktive Ausbildungsvergütung
- im 1. Ausbildungsjahr 1.355 Euro
- im 2. Ausbildungsjahr 1.432 Euro
- im 3. Ausbildungsjahr 1.520 Euro
- wird nicht nur dein Urlaub sondern auch Weihnachten durch eine Sonderzahlung bezuschusst
- profitierst du von flexiblen Arbeitszeiten und kannst an mindestens 2 Tagen pro Woche Zuhause oder mobil arbeiten
- lernst du viele verschiedene Abteilungen und Tätigkeiten kennen
- kannst du von einem Tarifvertrag mit einer 38 Stunden-Woche profitieren
- bekommst du 40€ vermögenswirksame Leistungen
- kannst du von Rabatten bei über 100 Unternehmen und von Vergünstigungen für deine Versicherungsverträge profitieren
- wird die Nutzung von öffentlichen Verkehrsmitteln mit einem Zuschuss gefördert","Einleitung
Wir verändern die Versicherungswelt – und suchen dich, um die Zukunft mitzugestalten. Als einer der größten deutschen Versicherer und Finanzdienstleister mit Hauptsitz in Hamburg und Dortmund haben wir uns in den letzten Jahren grundlegend transformiert. Unsere moderne und agile Arbeitswelt, in der wir nutzenzentriert arbeiten, ist von Offenheit und Mut geprägt. Dabei legen wir viel Wert auf gegenseitige Wertschätzung und Vertrauen. Wir heißen Vielfalt in all ihren Facetten willkommen und glauben, dass unterschiedliche Perspektiven und Erfahrungen entscheidend für Innovation sind. Werde Teil unseres Teams, bring deine Ideen ein und verändere mit uns das Jetzt.
Dein Aufgabengebiet
- ein Studium mit neun Semestern an der Fachhochschule Dortmund ­– mit drei Wochentagen an der FH und zwei im Unternehmen
- Wissensaufbau in den Studien-Schwerpunkten Programmierung, theoretische Informatik und Architekturkonzepte
- ein Überblick über die Arbeit in unseren Abteilungen und die zentralen Abläufe einer Versicherung
- die Mitarbeit an der Analyse, Entwicklung und Umsetzung von Softwareprojekten und IT-Systemen
- Wissen zu den bei uns eingesetzten IT-Technologien, welches dir in Seminaren nähergebracht wird
- zusätzlich zum Studium der Ausbildungsabschluss zum Fachinformatiker (m/w/d) Anwendungsentwicklung
Du
- hast dein Abitur mit guten bis sehr guten Noten in Mathematik
- überzeugst mit deinem logischen und analytischen Denken
- bist technikaffin und begeisterst dich für digitale Medien
- hast Lust, Neues zu lernen und dich voll miteinzubringen
- bist offen, verlässlich und gehst gerne auf Menschen zu
- möchtest Teil eines motivierten Teams werden
- verfügst über verhandlungssichere Deutschkenntnisse in Wort und Schrift (C1)
Bei uns
- wirst du nach erfolgreichem Abschluss übernommen",2026-06-13T10:33:36.220002+00:00
AZDE-10757193,azubi_de_fi,aft automotive GmbH,"Greven, Westfalen","48268 Greven, Westfalen DE",Ausbildung | Wirtschaftsinformatik B. Sc. + Fachinformatiker (m/w/d) - 2026,dual,,,,67,empty,,https://www.azubi.de/ausbildungsplatz/10757193-b-wirtschaftsinformatik-b-sc-ausbildung-fachinformatiker-m-w-d-2026/apply,portal,"Deine Ansprechpartnerin:
Frau Höhn
Personalabteilung
aft automotive GmbH
Werner-von-Siemens-Str. 7
48268 Greven-Reckenfeld
+49 (0) 2575 97782-10
Aufgaben",,"aft automotive GmbH | Ausbildung | Wirtschaftsinformatik B. Sc. + Fachinformatiker (m/w/d) - 2026 | Greven, Westfalen",tidak,belum,sedang,"Wirtschaftsinformatik B. Sc. + Ausbildung Fachinformatiker (m/w/d) - 2026

Einleitung
Was macht die aft automotive GmbH?
Als mittelständischer Automobil-Systemlieferant sind wir stolz darauf, innovative Wege zu be-schreiten. Wir entwickeln und produzieren mit rund 850 Mitarbeitern an weltweit vier Standorten Leitungssysteme, funktionale Bauteile und Kunststoffkomponenten im Bereich der Medienführung für Fahrzeuge aller Art sowie Batteriezellgehäuse, die in Elektrofahrzeugen eingesetzt werden. Dabei setzen wir auf höchste Standards und kreative Lösungsansätze, um die Mobilität der Zukunft zu gestalten.
Werde Teil unseres dynamischen Teams, das die Welt der technischen Herausforderungen mit Begeisterung und Fachkenntnis angeht. Wir suchen dual Studierende, die mit Engagement und Begeisterung in das Berufsleben starten wollen!
Dein Duales Studium
• Ausbildung heißt für uns: Gut auf zukünftige Aufgaben vorbereitet zu werde Von Tag eins bist du Teil des Teams und lernst das Unternehmen von der Pike auf kennen. Im Betrieb durchläufst du die Abteilungen des IT Bereiches.
Das bringst du mit
• Du besitzt mindestens die Fachhochschulreife oder einen vergleichbaren Abschluss mit Hochschulzugangsberechtigung
• Du bringst sehr gutes Ausdruckvermögen sowie ausgeprägte Englischkenntnisse mit
• Man merkt deine Begeisterung für Informatik und du bist sattelfest im Umgang mit den gängigen Office-Programmen
• Eigeninitiative und Verantwortungsbewusstsein sind für dich genauso selbstverständlich wie Teamwork und Kommunikationsfähigkeit
Darauf kannst du dich bei uns freuen
• Familiäre und moderne Unternehmenskultur
• 30 Tage Urlaub
• Firmenfitness
• Frisches Obst
• Weiterbildungsmöglichkeiten
• Mitarbeiterevents
• Gute Verkehrsanbindung und kostenlose Parkplätze
• Optionale Auslandsaufenthalte
• Prämien bei sehr guten Leistungen
• Übernahmegarantie bei sehr guten Leistungen
Du willst in der spannenden Welt der Automobilbranche durchstarten?

• Du suchst die Vielfalt? Wir bieten die Mischung aus Studium und Ausbildung Du kannst dich nicht entscheiden, ob Ausbildung oder Studium für dich das passende ist? Auf die Praxis willst du nicht verzichten? Dann mache beides! In vier Jahren erlangst du sowohl den Abschluss als Fachinformatiker Systemintegration (m/w/d) / Anwendungsentwicklung (m/w/d) IHK als auch einen Bachelor of Science im Bereich Wirtschaftsinformatik.
• Theorie und Praxis sind eng verbunden
Neben der betrieblichen Praxis wirst du über dein Studium an der Hochschule zum/-r Experten/-in auf deinem Gebiet ausgebildet. Das Duale Studium an der Westfälischen Hochschule in Bocholt läuft dabei wie folgt ab:
1. - 1. Jahr: Ausbildung als Fachinformatiker Systemintegration (m/w/d) / Anwendungsentwicklung (m/w/d) im Betrieb und Grundstudium an der Hochschule an zwei Tagen in der Woche
2. - 1. Jahr: Vollzeitstudium und Praxisphasen im Betrieb","Einleitung
Was macht die aft automotive GmbH?
Als mittelständischer Automobil-Systemlieferant sind wir stolz darauf, innovative Wege zu be-schreiten. Wir entwickeln und produzieren mit rund 850 Mitarbeitern an weltweit vier Standorten Leitungssysteme, funktionale Bauteile und Kunststoffkomponenten im Bereich der Medienführung für Fahrzeuge aller Art sowie Batteriezellgehäuse, die in Elektrofahrzeugen eingesetzt werden. Dabei setzen wir auf höchste Standards und kreative Lösungsansätze, um die Mobilität der Zukunft zu gestalten.
Werde Teil unseres dynamischen Teams, das die Welt der technischen Herausforderungen mit Begeisterung und Fachkenntnis angeht. Wir suchen dual Studierende, die mit Engagement und Begeisterung in das Berufsleben starten wollen!
Dein Duales Studium
• Ausbildung heißt für uns: Gut auf zukünftige Aufgaben vorbereitet zu werde Von Tag eins bist du Teil des Teams und lernst das Unternehmen von der Pike auf kennen. Im Betrieb durchläufst du die Abteilungen des IT Bereiches.
Das bringst du mit
• Du besitzt mindestens die Fachhochschulreife oder einen vergleichbaren Abschluss mit Hochschulzugangsberechtigung
• Du bringst sehr gutes Ausdruckvermögen sowie ausgeprägte Englischkenntnisse mit
• Man merkt deine Begeisterung für Informatik und du bist sattelfest im Umgang mit den gängigen Office-Programmen
• Eigeninitiative und Verantwortungsbewusstsein sind für dich genauso selbstverständlich wie Teamwork und Kommunikationsfähigkeit
Darauf kannst du dich bei uns freuen
• Familiäre und moderne Unternehmenskultur
• 30 Tage Urlaub
• Firmenfitness
• Frisches Obst
• Weiterbildungsmöglichkeiten
• Mitarbeiterevents
• Gute Verkehrsanbindung und kostenlose Parkplätze
• Optionale Auslandsaufenthalte
• Prämien bei sehr guten Leistungen
• Übernahmegarantie bei sehr guten Leistungen
Du willst in der spannenden Welt der Automobilbranche durchstarten?",2026-06-13T10:35:08.724577+00:00
ASD-998030001687541304,ausbildungsstellen_si,Azubiyo,Kassel,Altmarkt 1 34125 Kassel Hessen,Ausbildung Fachinformatiker für Anwendungsentwicklung (m/w/d) - Finanzamt Kassel,dual,,,"1.276,85 €, 1.331,43 €, 1.381,51 €",67,company,,https://www.azubiyo.de/bewerbung/,portal,,,Azubiyo | Ausbildung Fachinformatiker für Anwendungsentwicklung (m/w/d) - Finanzamt Kassel | Kassel,tidak,belum,sedang,"Ausbildung Fachinformatiker für Anwendungsentwicklung (m/w/d) - Finanzamt Kassel

Deine Aufgaben
Während Deiner Ausbildung wirst Du Schritt für Schritt an die professionelle Softwareentwicklung herangeführt. Du lernst nicht nur Programmiersprachen und Werkzeuge kennen, sondern arbeitest von Anfang an bei der Entwicklung echter Anwendungen mit, die produktiv eingesetzt werden.
Die praktische Ausbildung erfolgt bei TECLION im Finanzamt Kassel, der theoretische Teil an der zuständigen Berufsschule.
Im Laufe Deiner Ausbildung übernimmst Du – begleitet durch erfahrene Entwicklerinnen und Entwickler – unter anderem folgende Aufgaben:
• Mitarbeit bei der Entwicklung moderner Software- und Webanwendungen
• Implementierung und Weiterentwicklung von Backend- und Frontend-Komponenten
• Arbeiten mit Datenbanken, Schnittstellen und APIs
• Unterstützung bei Tests, Qualitätssicherung und Dokumentation
• Kennenlernen des gesamten Software-Lebenszyklus: von der Anforderung bis zum Betrieb
• Mitarbeit in agilen, interdisziplinären Teams gemeinsam mit Entwicklerinnen und Entwicklern, Data Scientists und dual Studierenden
• Schrittweise Übernahme eigener Aufgaben und kleiner Teilprojekte

Mittlere Reife",Mittlere Reife,2026-06-13T12:51:05.452411+00:00
AZDE-11554556,azubi_de_fi,Hessische Steuerverwaltung,Kassel,Altmarkt 1 34125 Kassel,Ausbildung | Fachinformatiker für Anwendungsentwicklung (m/w/d) - Finanzamt Kassel,dual,2026,8,"• Bewerbungsanschreiben
• Lebenslauf
• Die letzten beiden Schulzeugnisse
• Ggf. Abschlusszeugnis",67,empty,,https://www.azubi.de/ausbildungsplatz/11554556-s-ausbildung-fachinformatiker-fuer-anwendungsentwicklung-m-w-d-finanzamt-kassel/apply,portal,,,Hessische Steuerverwaltung | Ausbildung | Fachinformatiker für Anwendungsentwicklung (m/w/d) - Finanzamt Kassel | Kassel,tidak,belum,sedang,"Ausbildung Fachinformatiker für Anwendungsentwicklung (m/w/d) - Finanzamt Kassel

Deine Aufgaben
Während Deiner Ausbildung wirst Du Schritt für Schritt an die professionelle Softwareentwicklung herangeführt. Du lernst nicht nur Programmiersprachen und Werkzeuge kennen, sondern arbeitest von Anfang an bei der Entwicklung echter Anwendungen mit, die produktiv eingesetzt werden.
Die praktische Ausbildung erfolgt bei TECLION im Finanzamt Kassel, der theoretische Teil an der zuständigen Berufsschule.
Im Laufe Deiner Ausbildung übernimmst Du – begleitet durch erfahrene Entwicklerinnen und Entwickler – unter anderem folgende Aufgaben:
• Mitarbeit bei der Entwicklung moderner Software- und Webanwendungen
• Implementierung und Weiterentwicklung von Backend- und Frontend-Komponenten
• Arbeiten mit Datenbanken, Schnittstellen und APIs
• Unterstützung bei Tests, Qualitätssicherung und Dokumentation
• Kennenlernen des gesamten Software-Lebenszyklus: von der Anforderung bis zum Betrieb
• Mitarbeit in agilen, interdisziplinären Teams gemeinsam mit Entwicklerinnen und Entwicklern, Data Scientists und dual Studierenden
• Schrittweise Übernahme eigener Aufgaben und kleiner Teilprojekte
Unsere Anforderungen
• Interesse an Informatik, Softwareentwicklung und technischen Zusammenhängen
• Freude am logischen Denken und am Lösen von Problemen
• Motivation, Neues zu lernen und Dich fachlich weiterzuentwickeln
• Teamfähigkeit, Zuverlässigkeit und Verantwortungsbewusstsein
• Sorgfältige und strukturierte Arbeitsweise
• Mindestens einen guten Realschulabschluss oder (Fach-)Abitur
Erste Programmiererfahrungen (z. B. durch Schule, Hobbys oder Projekte) sind willkommen, aber keine Voraussetzung.
Unsere Angebote
• Eine fundierte, praxisnahe Ausbildung in einem modernen IT- und KI-Umfeld
• Mitarbeit an realen Softwareprojekten statt reiner Übungsaufgaben
• Persönliche Betreuung und feste Ansprechperson im Team

Einleitung
Über uns
Eine moderne Verwaltung braucht leistungsfähige IT. Die hessische Steuerverwaltung sorgt dafür, dass zentrale gesellschaftliche Aufgaben zuverlässig finanziert werden – und TECLION sorgt dafür, dass dies auch digital zukunftsfähig gelingt.
TECLION ist das KI-Kompetenzzentrum der hessischen Steuerverwaltung mit Sitz im Finanzamt Kassel. Seit 2019 entwickeln wir hier moderne Softwarelösungen und KI-gestützte Anwendungen, um die Arbeit der Steuerverwaltung effizienter, transparenter und nachhaltiger zu gestalten.
In interdisziplinären Teams mit Kolleginnen und Kollegen aus den Bereichen Softwareentwicklung, Data Science, und Steuerrecht entstehen bei uns Webanwendungen, Datenplattformen und KI-Systeme, die hessenweit im Einsatz sind.
Zum 01.08.2026 bieten wir eine Ausbildung zum Fachinformatiker für Anwendungsentwicklung (m/w/d) mit Einsatz bei TECLION an.

• Eine attraktive Ausbildungsvergütung nach TVA-H BBiG
• Gleitende Arbeitszeit und 30 Tage Urlaub pro Jahr
• Einen sicheren, sozialen und familienfreundlichen Arbeitgeber
• Sehr gute Übernahme- und Entwicklungsmöglichkeiten nach der Ausbildung, z. B. bei TECLION oder in der IT der hessischen Steuerverwaltung
Allgemeine Hinweise","Einleitung
Über uns
Eine moderne Verwaltung braucht leistungsfähige IT. Die hessische Steuerverwaltung sorgt dafür, dass zentrale gesellschaftliche Aufgaben zuverlässig finanziert werden – und TECLION sorgt dafür, dass dies auch digital zukunftsfähig gelingt.
TECLION ist das KI-Kompetenzzentrum der hessischen Steuerverwaltung mit Sitz im Finanzamt Kassel. Seit 2019 entwickeln wir hier moderne Softwarelösungen und KI-gestützte Anwendungen, um die Arbeit der Steuerverwaltung effizienter, transparenter und nachhaltiger zu gestalten.
In interdisziplinären Teams mit Kolleginnen und Kollegen aus den Bereichen Softwareentwicklung, Data Science, und Steuerrecht entstehen bei uns Webanwendungen, Datenplattformen und KI-Systeme, die hessenweit im Einsatz sind.
Zum 01.08.2026 bieten wir eine Ausbildung zum Fachinformatiker für Anwendungsentwicklung (m/w/d) mit Einsatz bei TECLION an.",2026-06-13T10:37:04.366403+00:00
AZDE-10322611,azubi_de_fi,Loco-Soft Vertriebs GmbH,Lindlar,51789 Lindlar DE,Ausbildung | Duales Studium Informatik 2026,dual,,,"1. Ausbildungsjahr: 1.400 €
2. Ausbildungsjahr: 1.450 €
3. Ausbildungsjahr: 1.500 €
1. Ausbildungsjahr: 1.400 €
2. Ausbildungsjahr: 1.450 €
3. Ausbildungsjahr: 1.500 €
1. Ausbildungsjahr: 1.400 €
2. Ausbildungsjahr: 1.450 €
3. Ausbildungsjahr: 1.500 €
1. Ausbildungsjahr: 1.400 €
2. Ausbildungsjahr: 1.450 €
3. Ausbildungsjahr: 1.500 €",67,empty,bewerbung@loco-soft.de,https://www.azubi.de/ausbildungsplatz/10322611-b-duales-studium-informatik-2026/apply,email,,,Loco-Soft Vertriebs GmbH | Ausbildung | Duales Studium Informatik 2026 | Lindlar,tidak,belum,tinggi,"Duales Studium Informatik 2026

Was Dich erwartet / Deine Aufgaben
- Umfängliche Analyse von Kunden- und Prozessanforderungen
- Weitsichtige Planung von Softwarekonzepten
- Eigenmotiviertes und kreatives Entwickeln von Softwarelösungen
- Allgemeinverständliches Dokumentieren der erarbeiteten Lösungen
- Kollegiales Abstimmen und Unterstützen im Team

Einleitung
Loco-Soft ist das meistgenutzte Warenwirtschaft-System in Autohäusern und Kfz-Betrieben im deutschsprachigen Raum. Unser Programm wird von über 20 Automobilherstellern und –importeuren empfohlen. Rund 3.400 Autohäuser in Deutschland, Österreich und der Schweiz arbeiten täglich mit Loco-Soft. Um auch weiterhin den vielfältigen Anforderungen gerecht zu werden, suchen wir für Sommer 2026 tatkräftige Unterstützung für unser eigenständiges Entwickler-Team.
Informationen zum dualen Studium
- Duale Ausbildung in Betrieb, Berufsschule und Fachhochschule
- Ausbildungsberuf: Fachinformatiker (m/w/d) der Fachrichtung Anwendungsentwicklung
- Studiengang: Duales Bachelor Studium im Bereich Informatik über 7 Semester an der FOM Hochschule, Standort Köln
- Dauer: 3 Jahre bis zum IHK-Abschluss (Verkürzung möglich) & 7 Semester Regelstudienzeit bis zum Bachelor Abschluss
Was wir erwarten / Dein Profil
- Vorkenntnisse in einer oder mehreren Programmiersprachen
- Freude an Teamarbeit
- Bereitschaft, die IT-Komponenten als kreatives Arbeitsmittel zu nutzen
- Selbstständiges Eindenken in komplexe mathematische Zusammenhänge

- Vergütung: 1. Ausbildungsjahr 1.400 €, 2. Ausbildungsjahr 1.450 €, 3. Ausbildungsjahr 1.500 €
- Voraussetzung: Fachabitur oder Abitur. Beste Chancen haben Schüler:innen mit einem Notenschnitt von 2,5 oder besser
- Übernahme aller Studiengebühren durch Loco-Soft
- Duale Studenten erhalten ein eigenes Apple iPad inkl. Pencil zum Lernen
Was wir bieten / Deine Perspektive
- Berufseinstieg in einer Zukunftsbranche
- intensive Einarbeitung durch Ausbilder*in & interne Schulungen
- flache Hierarchie und familiärer Umgang
- Förderung Deiner Stärken und deren Weiterentwicklung
- umfangreiche Zusatzleistungen wie kostenfreie Kaffee-, Obst- und Sportangebote, betriebliche Altersvorsorge, Freizeiträume inkl. Massagesessel
- regelmäßige Team-Events
- modernes Arbeitsumfeld
- anteilige Tätigkeit im Homeoffice nach Einarbeitung möglich
- Unser Ziel: unbefristete Übernahme aller Azubis / dualer Studenten nach der Ausbildung
Interesse? Dann freuen wir uns über Deine aussagekräftige Bewerbung (per E-Mail an bewerbung@loco-soft.de (bewerbung@loco-soft.de) mit PDF-Anhang oder direkt über die Homepage)
Mehr Infos unter: www.loco-soft.de/ausbildung
Aufgaben","Einleitung
Loco-Soft ist das meistgenutzte Warenwirtschaft-System in Autohäusern und Kfz-Betrieben im deutschsprachigen Raum. Unser Programm wird von über 20 Automobilherstellern und –importeuren empfohlen. Rund 3.400 Autohäuser in Deutschland, Österreich und der Schweiz arbeiten täglich mit Loco-Soft. Um auch weiterhin den vielfältigen Anforderungen gerecht zu werden, suchen wir für Sommer 2026 tatkräftige Unterstützung für unser eigenständiges Entwickler-Team.
Informationen zum dualen Studium
- Duale Ausbildung in Betrieb, Berufsschule und Fachhochschule
- Ausbildungsberuf: Fachinformatiker (m/w/d) der Fachrichtung Anwendungsentwicklung
- Studiengang: Duales Bachelor Studium im Bereich Informatik über 7 Semester an der FOM Hochschule, Standort Köln
- Dauer: 3 Jahre bis zum IHK-Abschluss (Verkürzung möglich) & 7 Semester Regelstudienzeit bis zum Bachelor Abschluss
Was wir erwarten / Dein Profil
- Vorkenntnisse in einer oder mehreren Programmiersprachen
- Freude an Teamarbeit
- Bereitschaft, die IT-Komponenten als kreatives Arbeitsmittel zu nutzen
- Selbstständiges Eindenken in komplexe mathematische Zusammenhänge",2026-06-13T10:33:37.695979+00:00
ASD-998030000051313515,ausbildungsstellen_si,Azubiyo,M&#252;nchen,Leopoldstra&#223;e 37a 80802 M&#252;nchen Bayern,Ausbildung zum Fachinformatiker (all genders) & Duales Studium (Wirtschafts-)Informatik,dual,,,1102 - 1253 EUR,67,company,,https://www.azubiyo.de/bewerbung/,portal,,,Azubiyo | Ausbildung zum Fachinformatiker (all genders) & Duales Studium (Wirtschafts-)Informatik | M&#252;nchen,tidak,belum,sedang,"Ausbildung zum Fachinformatiker (all genders) & Duales Studium (Wirtschafts-)Informatik

Das erwartet Dich
- Eine Ausbildung in Kooperation mit der IHK München und Oberbayern sowie ein akademisches Studium bei unserer renommierten Partnerhochschulen FOM, mit sehr guten Übernahmechancen nach Abschluss
- In wegweisenden (inter-)nationalen Entwicklungsprojekten bei namenhaften Kunden erlernst Du bei uns Programmieren und die Anwendung verschiedener Programmiersprachen
- Spannende Aufgaben und sehr gute Weiterentwicklungsmöglichkeiten
- Training on the job, unser Mentorenprogramm sowie externe & interne Schulungen machen Dich fit in den relevanten IT-Architekturen, HR-Prozessen sowie den unterschiedlichsten Programmiersprachen und -technologien
- Wir übernehmen Deine Studiengebühren und bieten Dir zusätzlich ein faires Gehalt

Fachabitur",Fachabitur,2026-06-13T12:42:02.758477+00:00
INDEED-59dcfcce83d3a5dc,indeed_de_ae,d.velop AG,Meppen,Meppen NI,Ausbildung | Duales Studium Wirtschaftsinformatik & nachhaltige IT in Meppen 2026 (w/m/d),dual,,,"Vollzeit, Berufsausbildung",67,empty,karriere@d-velop.de,https://www.hiringlab.org/de/,email,"Deine Ansprechpartnerin ist Saskia Griesen People and Culture
d.velop AG
Telefon: +49 2542 93076767
E-Mail: karriere@d-velop.de",,d.velop AG | Ausbildung | Duales Studium Wirtschaftsinformatik & nachhaltige IT in Meppen 2026 (w/m/d) | Meppen,tidak,belum,tinggi,"Duales Studium Wirtschaftsinformatik & nachhaltige IT in Meppen 2026 (w/m/d)

Du denkst gerne über knifflige Aufgabenstellungen nach und löst diese mit vollem Einsatz.
Du bist auf Zack, wenn es darum geht, komplexe Zusammenhänge zu verstehen und diese logisch darzustellen.

Darauf kannst Du Dich freuen
Azubifahrt
Azubicars
d.velop Patenschaft
Wir leben Diversität
Unabhängig von Alter, Geschlecht, geschlechtlicher und sexueller Identität, Herkunft, Kultur oder einer Behinderung. Es ist der Mensch in seiner Vielfalt, der uns überzeugt und begeistert. Sei Du selbst, dann passen wir am besten zusammen.
Wir freuen uns auf Deine Bewerbung. Schau wie wir unseren Bewerbungsprozess in weniger als 30 Tagen handhaben.
Noch Fragen?",,2026-06-13T11:48:43.658730+00:00
INDEED-9edd761e69a45756,indeed_de_ae,ConSol Consulting & Solutions Software GmbH,München,München BY,Ausbildung | zum Fachinformatiker – Anwendungsentwicklung (all genders),dual,2026,,Berufsausbildung,67,empty,jobs@consol.de,https://www.hiringlab.org/de/,email,"Für weitere Informationen steht Dir Frau Heike Landau unter +49-89-45841-100 gerne als Ansprechpartnerin zur Verfügung.
Deine Ansprechpartnerin
Heike Landau
Tel.: +49-89-45841-100",,ConSol Consulting & Solutions Software GmbH | Ausbildung | zum Fachinformatiker – Anwendungsentwicklung (all genders) | München,tidak,belum,tinggi,"Ausbildung zum Fachinformatiker – Anwendungsentwicklung (all genders)

Das erwartet Dich bei uns
Ob Ausbildung oder Duales Studium – Bei uns hast Du die Möglichkeit, den Grundstein für Dein erfolgreiches Berufsleben zu legen. Wir freuen uns, Dich in dieser Zeit zu begleiten. Wir sind seit vielen Jahren IHK-Ausbildungsbetrieb und wollen vor allem eins: dass Dir Deine Berufsausbildung Spaß macht und Du bei uns wirklich etwas lernst. Dafür hast Du einen Mentor an Deiner Seite, den Du jederzeit bei allen Fragen ansprechen kannst. Wir achten sehr darauf, dass Du während Deiner Ausbildung unterschiedliche Stationen durchläufst und schon früh Verantwortung übernimmst.
Bei entsprechend gutem Erfolg der Ausbildung kann davon ausgegangen werden, dass Du bei ConSol übernommen wirst.
Für das Ausbildungsjahr 2026/2027 am Standort München suchen wir Auszubildende in der Fachrichtung Anwendungsentwicklung .
Schwerpunkte Deiner Ausbildung
Grundlagen der professionellen IT
Bewährte und neueste Technologien aus dem Java-Umfeld
Webtechnologien und deren Anwendung in Webanwendungen
Professionelle Softwareentwicklung im Team

Dein Profil
Mindestens Fachhochschulreife bzw. Mittlere Reife mit entsprechender Zusatzqualifikation (z.B. Berufserfahrung oder Weiterbildung)
Gute Noten in den naturwissenschaftlichen Fächern
Gute Computerkenntnisse, bevorzugt Unix/Linux
Praktische Erfahrungen mit einer Programmiersprache
Gute Deutsch- und Englischkenntnisse
Das sind wir
Die Werte Mut , Vertrauen , Exzellenz und Klarheit sind viel mehr als nur Begriffe auf Papier. Sie sind für uns Entscheidungsgrundlage, Handlungsorientierung und die Basis, auf der wir unser Unternehmen kontinuierlich verbessern wollen.
Im Jahr
1984
gegründet
Über
250
Mitarbeiter*innen
In
3
verschiedenen Ländern
100%
kreativität
50% der Mitarbeitenden sind im Schnitt seit
10
Jahren im Unternehmen
ÜBER
999
erfolgreiche Projekte
100%
inhabergeführt
4
Standorte
Mehr als
200 Kund*innen
vertrauen ConSol
in Sachen
IT & Software
Zu unseren Kunden-Stories
Wenn es für Dich passt, sollten wir
uns kennenlernen!
Sende uns einfach Deine Bewerbung per E-Mail an jobs@consol.de.","Dein Profil
Mindestens Fachhochschulreife bzw. Mittlere Reife mit entsprechender Zusatzqualifikation (z.B. Berufserfahrung oder Weiterbildung)
Gute Noten in den naturwissenschaftlichen Fächern
Gute Computerkenntnisse, bevorzugt Unix/Linux
Praktische Erfahrungen mit einer Programmiersprache
Gute Deutsch- und Englischkenntnisse
Das sind wir
Die Werte Mut , Vertrauen , Exzellenz und Klarheit sind viel mehr als nur Begriffe auf Papier. Sie sind für uns Entscheidungsgrundlage, Handlungsorientierung und die Basis, auf der wir unser Unternehmen kontinuierlich verbessern wollen.
Im Jahr
1984
gegründet
Über
250
Mitarbeiter*innen
In
3
verschiedenen Ländern
100%
kreativität
50% der Mitarbeitenden sind im Schnitt seit
10
Jahren im Unternehmen
ÜBER
999
erfolgreiche Projekte
100%
inhabergeführt
4
Standorte
Mehr als
200 Kund*innen
vertrauen ConSol
in Sachen
IT & Software
Zu unseren Kunden-Stories
Wenn es für Dich passt, sollten wir
uns kennenlernen!
Sende uns einfach Deine Bewerbung per E-Mail an jobs@consol.de.",2026-06-13T10:47:51.620273+00:00
INDEED-f567b76e7803ab7d,indeed_de_ae,UNIPLUS Software GmbH,Münster,Münster NW,Ausbildung | Duales Studium Informatik / Wirtschaftsinformatik,dual,,,Berufsausbildung,67,empty,,https://www.hiringlab.org/de/,portal,"Bei Rückfragen zur Stelle oder zum Bewerbungsprozess können Sie uns ebenfalls jederzeit per Mail kontaktieren.
Entdecken Sie die wichtigsten Stationen unserer Unternehmens – von den Anfängen bis zu einem starken Partner für Digitalisierung und Prozesse.",,UNIPLUS Software GmbH | Ausbildung | Duales Studium Informatik / Wirtschaftsinformatik | Münster,tidak,belum,sedang,"Duales Studium Informatik / Wirtschaftsinformatik

Fachhochschulreife oder Abitur mit guten Leistungen, insbesondere in Mathematik und naturwissenschaftlichen Fächern
Begeisterung für Informatik und moderne Technologien
Eigeninitiative, Teamgeist und eine strukturierte Arbeitsweise",,2026-06-13T11:28:23.177488+00:00
ASD-994450004293986709,ausbildungsstellen_si,Zahnärztekammer Westfalen-Lippe,Münster (PLZ 48143),48143 Münster (PLZ 48143),Ausbildung | Duales Studium Fachinformatiker (m/w/d),dual,,,"110.000 €, 68.000 €",67,empty,,https://bewerbung.zahnaerzte-wl.de/de/apply?id=8791ec,portal,"Kontakt
Matthias von Schlichtkrull-Guse
Telefon: 0251/507543
matthias.vonschlichtkrull-guse@zahnaerzte-wl.de
Einsatzort
Münster
Zahnärztekammer Westfalen-Lippe
Körperschaft des öffentlichen Rechts
Auf der Horst 29
48147 Münster
www.zahnaerzte-wl.de",,Zahnärztekammer Westfalen-Lippe | Ausbildung | Duales Studium Fachinformatiker (m/w/d) | Münster (PLZ 48143),tidak,belum,sedang,"Duales Studium Fachinformatiker (m/w/d)

Ihre Aufgaben:
- Sie unterstützen bei realen IT-Projekten und wirken aktiv bei der Umsetzung mit
- Sie analysieren die speziellen Anforderungen, beraten hinsichtlich passgenauer Lösungen und setzen diese um
- Sie entwickeln und implementieren u.a. Datenbankstrukturen, Programmerweiterungen, Schnittstellen
- Sie arbeiten mit unserer Kollegenschaft Hand in Hand und lernen von unseren erfahrenen IT-Expert:innen
Das zeichnet Sie aus:
- Starten Sie Ihr Studium an der FH Münster mit (Fach-)Abitur, einem qualifizierten Berufsabschluss oder als staatl. gepr. Techniker:in/Betriebswirt:in
- Sie können Deutsch-Kenntnisse gemäß Sprachniveau B2 nachweisen
- Sie begeistern sich für IT und digitale Technologien
- Eigeninitiative, Teamgeist und Kommunikationsfähigkeit zeichnen Sie aus
- Service-Mentalität ist kein Fremdwort für Sie

Wir bieten Ihnen:
- ein wertschätzendes, offenes und transparentes Arbeitsumfeld und -klima
- ein spannendes und abwechslungsreiches Betätigungsfeld
- geregelte Arbeitszeiten und großzügige Gleitzeitregelungen
- modernes Betriebsrestaurant und Parkplätze
Ihre Bewerbung
Natürlich setzen wir uns für Chancengleichheit im Beruf ein und begrüßen daher alle Bewerbungen - unabhängig von Geschlecht, Herkunft, Behinderung, Alter, Weltanschauung oder sexueller Identität.",,2026-06-13T12:27:29.563168+00:00
10000-1206505433-S,fachinformatiker_ae,UNIPLUS Software GmbH,"Münster, Westfalen","Martin-Luther-King-Weg 5, 48155 Münster, Westfalen",Duales Studium | Fachinformatiker/in - Anwendungsentwicklung,dual,,,,67,ba_portal,,https://www.arbeitsagentur.de/jobsuche/jobdetail/10000-1206505433-S,ba_portal,,https://www.arbeitsagentur.de/jobsuche/jobdetail/10000-1206505433-S,"UNIPLUS Software GmbH | Duales Studium | Fachinformatiker/in - Anwendungsentwicklung | Münster, Westfalen",ya,belum,rendah,"## Duales Studium Informatik / Wirtschaftsinformatik

Münster | duales Studium | zum nächsten Semester 2027

Starten Sie bei UNIPLUS mit einem ausbildungsintegrierten dualen Studium im Bereich Informatik oder Wirtschaftsinformatik – in Kooperation mit Fach-, Hochschulen und Fernuniversitäten, Fachbereich Elektrotechnik und Informatik. Sie kombinieren eine praxisnahe Ausbildung zum Fachinformatiker (m/w/d) in der Fachrichtung Anwendungsentwicklung mit einem wissenschaftlich fundierten Informatikstudium.

Während der vierjährigen Ausbildung wechseln sich Hochschulsemester und Praxisphasen bei UNIPLUS ab. So können Sie theoretisches Wissen unmittelbar anwenden und frühzeitig wertvolle Berufserfahrung sammeln. Das Studium vermittelt Ihnen ein breites Fundament an Fachwissen – von Softwareentwicklung über Datenbanken bis zu Künstlicher Intelligenz – und bereitet Sie optimal auf Ihre berufliche Zukunft vor.

## Das erwartet Sie bei uns

- Kombination aus praktischer Ausbildung und akademischem Studium
- Mitarbeit an spannenden Softwareprojekten im öffentlichen und industriellen Bereich
- Moderne Arbeitsplätze, flexible Homeoffice-Regelungen und ein engagiertes Team
- Individuelle Betreuung und gezielte Entwicklung Ihrer fachlichen Kompetenzen

## Das bringen Sie mit

- Fachhochschulreife oder Abitur mit guten Leistungen, insbesondere in Mathematik und naturwissenschaftlichen Fächern
- Begeisterung für Informatik und moderne Technologien
- Eigeninitiative, Teamgeist und eine strukturierte Arbeitsweise",Fachhochschulreife,2026-06-11T09:14:46.166667+00:00
10000-1204056607-S,fachinformatiker_ae,Wink Stanzwerkzeuge GmbH & Co.,"Neuenhaus, Dinkel","Lerchenstr. 12-18, 49828 Neuenhaus, Dinkel",Duales Studium | Fachinformatiker/in - Anwendungsentwicklung,dual,,,,67,ba_portal,,https://www.arbeitsagentur.de/jobsuche/jobdetail/10000-1204056607-S,ba_portal,,https://www.arbeitsagentur.de/jobsuche/jobdetail/10000-1204056607-S,"Wink Stanzwerkzeuge GmbH & Co. | Duales Studium | Fachinformatiker/in - Anwendungsentwicklung | Neuenhaus, Dinkel",ya,belum,rendah,"Wir sind ein international führender Hersteller von Stanzwerkzeugen für die grafische und verarbeitende Industrie. Weltweit vertrauen renommierte Hersteller von Etiketten, Verpackungen und vielen weiteren gestanzten Produkten auf die Präzisionswerkzeuge und den herausragenden Service von Wink.

Zur Firmengruppe gehören Standorte in Deutschland, Dänemark, Italien und den USA, mit insgesamt rund 400 Mitarbeitern. Als stark expandierender mittelständischer Arbeitgeber bieten wir attraktive Leistungen und eine sichere Perspektive in einem Umfeld zum Wohlfühlen.



### Deine Ausbildung

Lernen und wachsen in einem unterstützenden Umfeld: Studium und Ausbildung in einem - die perfekte Kombination aus Theorie und Praxis. Du erhältst Einblicke in die technischen Prozesse und Programmierung innerhalb unserer Produktion. Du unterstützt die Softwareabteilung und übernimmst eigene Projekte. Entdecke bei uns deine Talente und werde vom ersten Tag an Teil eines starken Teams.



## Fakten

- Ausbildungsdauer: 3 Jahre
- Schule: Hochschule Osnabrück Standort Lingen
- 2 Abschlüsse (m/w/d): Fachinformatiker für Anwendungsentwicklung | Bachelor of Engineering



## Was bringst du mit?

DU...

- … besitzt die allgemeine Hochschulreife.
- … beherrschst Deutsch & Englisch in Wort und Schrift.
- … verfügst über mathematisches Verständnis und logisches Denken.
- … hast Interesse an Technik.
- … arbeitest gerne eigenverantwortlich und bist teamfähig.

## 

## Was bieten wir?

WIR...

- … bieten dir ein modernes Arbeitsumfeld in einem international tätigen Unternehmen.
- … übertragen dir Verantwortung und geben dir früh Gelegenheit, an spannenden Projekten mitzuarbeiten.
- … arbeiten gemeinsam mit dir deine Stärken heraus und fördern dich gezielt.
- … begrüßen dich mit tollen Willkommenstagen für einen gelungenen Start in deine Ausbildung.",Fachhochschulreife,2026-06-11T09:14:50.086646+00:00
10000-1203256217-S,fachinformatiker_ae_2026,F.EE Industrieautomation GmbH & Co. KG,Neunburg vorm Wald,"In der Seugn 20, 92431 Neunburg vorm Wald",Duales Studium | Fachinformatiker/in - Anwendungsentwicklung,dual,2026,,,67,ba_portal,,https://www.arbeitsagentur.de/jobsuche/jobdetail/10000-1203256217-S,ba_portal,,https://www.arbeitsagentur.de/jobsuche/jobdetail/10000-1203256217-S,F.EE Industrieautomation GmbH & Co. KG | Duales Studium | Fachinformatiker/in - Anwendungsentwicklung | Neunburg vorm Wald,ya,belum,rendah,"DIESE AUFGABEN WARTEN AUF DICH IM DUALEN VERBUNDSTUDIUM:
Du begeisterst dich für Softwareentwicklung und behältst auch im „Daten-Dschungel“ den Durchblick? Dann ist das duale Studium Informatik (m/w/d) perfekt für ein IT-Talent wie dich. In unserem Geschäftsbereich Informatik  +  Systeme lernst du alles, was ein Anwendungsentwickler im beruflichen Alltag braucht.

Bevor du in dein Informatik-Studium startest, durchläufst du eine 13-monatige Ausbildung zum Fachinformatiker der Fachrichtung „Anwendungsentwicklung“. Hier lernst du in erster Linie die Programmiersprachen, wie C# oder C++.
Nach der Ausbildung in den Hochsprachen unterstützt du die Entwicklung bzw. Verbesserung unserer Softwareprodukte und passt diese dem Kundenwunsch entsprechend an.
Nach Überprüfung deiner Arbeitsergebnisse übernimmst du auch die Inbetriebnahme der Software beim Kunden und führst Schulungen durch. Du siehst, in unserer Software-Sparte wird es sicherlich nie langweilig.

DAS SOLLTEST DU MITBRINGEN:
Eine Fachhochschul- oder Hochschulreife.
Hervorragendes logisch-mathematisches Denken.
Schnelle Auffassungsgabe, gute Kommunikationsfähigkeit und Teamfähigkeit.
Interesse an der Arbeit mit technischen (End-)Geräten.
Idealerweise erste Programmiererfahrungen.
Spaß am Planen, Entwickeln und Verbessern.
Zuverlässigkeit und Konzentrationsfähigkeit.

DIE FAKTEN ZUM DUALEN STUDIUM:
Dauer: Ca. 4,5 Jahre.
Hochschule: Ostbayerische Technische Hochschule – Standort: Amberg bzw. Regensburg | Hochschule Hof.",,2026-06-11T08:15:31.008827+00:00
AZDE-12525176,azubi_de_fi,KDO Service GmbH,Oldenburg (Oldb),26121 Oldenburg (Oldb) DE,Ausbildung | Duales Studium Wirtschaftsinformatik (B. Sc.),dual,,,"1.315,00 EUR im ersten Jahr, 1.365,00 EUR im zweiten Jahr, 1.415,00 EUR im dritten Jahr und 1.465,00 EUR im vierten Jahr
Diese Stelle wird bei der KDO Service GmbH besetzt. Für Fragen steht dir Martina Schönfisch unter der Telefonnummer 0441 9714-231 oder per E-Mail unter karriere@kdo.de gerne zur Verfügung.
Die KDO ist vielfältig: Wir freuen uns auf deine Bewerbung unabhängig von ethnischer oder sozialer Herkunft, geschlechtlicher Identität, sexueller Orientierung, Behinderung, Alter und religiöser Weltanschauung!
Aufgaben",67,empty,karriere@kdo.de,https://www.azubi.de/ausbildungsplatz/12525176-b-duales-studium-wirtschaftsinformatik-b-sc/apply,email,,,KDO Service GmbH | Ausbildung | Duales Studium Wirtschaftsinformatik (B. Sc.) | Oldenburg (Oldb),tidak,belum,tinggi,"Duales Studium Wirtschaftsinformatik (B. Sc.)

Das erwartet dich bei uns:
- Vertiefte Einblicke in moderne IT-Infrastrukturen sowie verschiedene Technologien, Systeme und Netzwerkarchitekturen
- Planung, Implementierung und Administration von IT-Systemen – von physischen Servern bis hin zu virtualisierten Umgebungen und Cloud-Lösungen
- Analyse von IT-Infrastrukturen hinsichtlich Performance, Sicherheit und Stabilität sowie Entwicklung geeigneter Optimierungsmaßnahmen
- Mitarbeit in interdisziplinären Teams und Zusammenarbeit mit erfahrenen Kolleg*innen
- Aktive Mitgestaltung der digitalen Infrastruktur unseres Unternehmens und unserer Kunden für einen zuverlässigen und zukunftsfähigen IT-Betrieb

Einleitung
Du möchtest Theorie und Praxis optimal verbinden und dabei spannende Einblicke in die Welt der Softwareentwicklung und IT erhalten? Dann ist unser duales Studium Wirtschaftsinformatik genau das Richtige für dich! Bei der KDO gestaltest du deine Zukunft aktiv mit – in einem Umfeld, das Sicherheit, Flexibilität und ein starkes Miteinander lebt.
Bewirb dich jetzt für den Start am 1. August 2027 für ein
Duales Studium Wirtschaftsinformatik (B. Sc.)
(Kennziffer 2026-45)
So läuft das duale Studium bei uns ab:
- Dein Studium beginnt mit einem viersemestrigen Grundstudium, das du mit der IHK-Ausbildung zum Fachinformatiker (m/w/d) Systemintegration abschließt
- Darauf folgt das dreisemestrige Hauptstudium mit dem Abschluss „Bachelor of Science Wirtschaftsinformatik“
- In den Praxisphasen arbeitest du an unserem modernen Standort in der Elsässer Straße und lernst verschiedene Bereiche unseres Unternehmens kennen – mit besonderem Fokus auf Systemintegration
- Die Theoriephasen absolvierst du an der IBS Oldenburg, wo du dein Wissen vertiefst und in neue Technologien eingeführt wirst
Das bringst du mit:
- (Fach-)Abitur mit guten Leistungen, insbesondere in Mathematik und idealerweise Informatik
- Ausgeprägtes Interesse an IT, digitalen Technologien und wirtschaftlichen Zusammenhängen
- Analytische Denkweise sowie Freude daran, komplexe Fragestellungen strukturiert zu lösen
- Teamfähigkeit, Eigeninitiative sowie eine hohe Lern- und Leistungsbereitschaft
- Kommunikationsstärke, Offenheit und sehr gute Deutschkenntnisse (mindestens Niveau C1)
Freu dich auf:
- Gezielte und persönliche Begleitung und Unterstützung während der Ausbildung
- Offenes und teamorientiertes Miteinander mit Ausbilder*innen und Kolleg*innen
- Familiäre, wertschätzende und sichere Arbeitsumgebung
- Zertifiziertes betriebliches Gesundheitsmanagement mit Hansefit, Gesundheitsevents, externen Beratungsangeboten und mehr
- Corporate Benefits wie Mitarbeiterevents, Mitarbeiterrabatte, vergünstigtes Deutschlandticket sowie Altersvorsorge
- 30 Tage Urlaub sowie Heiligabend und Silvester frei

- Deine Ausbildungsvergütung: 1.315,00 EUR im ersten Jahr, 1.365,00 EUR im zweiten Jahr, 1.415,00 EUR im dritten Jahr und 1.465,00 EUR im vierten Jahr
Diese Stelle wird bei der KDO Service GmbH besetzt. Für Fragen steht dir Martina Schönfisch unter der Telefonnummer 0441 9714-231 oder per E-Mail unter karriere@kdo.de gerne zur Verfügung.
Die KDO ist vielfältig: Wir freuen uns auf deine Bewerbung unabhängig von ethnischer oder sozialer Herkunft, geschlechtlicher Identität, sexueller Orientierung, Behinderung, Alter und religiöser Weltanschauung!
Aufgaben","Einleitung
Du möchtest Theorie und Praxis optimal verbinden und dabei spannende Einblicke in die Welt der Softwareentwicklung und IT erhalten? Dann ist unser duales Studium Wirtschaftsinformatik genau das Richtige für dich! Bei der KDO gestaltest du deine Zukunft aktiv mit – in einem Umfeld, das Sicherheit, Flexibilität und ein starkes Miteinander lebt.
Bewirb dich jetzt für den Start am 1. August 2027 für ein
Duales Studium Wirtschaftsinformatik (B. Sc.)
(Kennziffer 2026-45)
So läuft das duale Studium bei uns ab:
- Dein Studium beginnt mit einem viersemestrigen Grundstudium, das du mit der IHK-Ausbildung zum Fachinformatiker (m/w/d) Systemintegration abschließt
- Darauf folgt das dreisemestrige Hauptstudium mit dem Abschluss „Bachelor of Science Wirtschaftsinformatik“
- In den Praxisphasen arbeitest du an unserem modernen Standort in der Elsässer Straße und lernst verschiedene Bereiche unseres Unternehmens kennen – mit besonderem Fokus auf Systemintegration
- Die Theoriephasen absolvierst du an der IBS Oldenburg, wo du dein Wissen vertiefst und in neue Technologien eingeführt wirst
Das bringst du mit:
- (Fach-)Abitur mit guten Leistungen, insbesondere in Mathematik und idealerweise Informatik
- Ausgeprägtes Interesse an IT, digitalen Technologien und wirtschaftlichen Zusammenhängen
- Analytische Denkweise sowie Freude daran, komplexe Fragestellungen strukturiert zu lösen
- Teamfähigkeit, Eigeninitiative sowie eine hohe Lern- und Leistungsbereitschaft
- Kommunikationsstärke, Offenheit und sehr gute Deutschkenntnisse (mindestens Niveau C1)
Freu dich auf:
- Gezielte und persönliche Begleitung und Unterstützung während der Ausbildung
- Offenes und teamorientiertes Miteinander mit Ausbilder*innen und Kolleg*innen
- Familiäre, wertschätzende und sichere Arbeitsumgebung
- Zertifiziertes betriebliches Gesundheitsmanagement mit Hansefit, Gesundheitsevents, externen Beratungsangeboten und mehr
- Corporate Benefits wie Mitarbeiterevents, Mitarbeiterrabatte, vergünstigtes Deutschlandticket sowie Altersvorsorge
- 30 Tage Urlaub sowie Heiligabend und Silvester frei",2026-06-13T10:41:05.056286+00:00
10001-1000927829-S,fachinformatiker_ae,Mühlbauer Group,"Roding, Regen","Josef-Mühlbauer-Platz 1, 93426 Roding, Regen",Duales Studium | Fachinformatiker/in - Anwendungsentwicklung,dual,,,,67,ba_portal,,https://www.arbeitsagentur.de/jobsuche/jobdetail/10001-1000927829-S,ba_portal,,https://www.arbeitsagentur.de/jobsuche/jobdetail/10001-1000927829-S,"Mühlbauer Group | Duales Studium | Fachinformatiker/in - Anwendungsentwicklung | Roding, Regen",ya,belum,rendah,"Deine Aufgaben:

- Hardwarenahes Programmieren (C++, C#) mit Bezug zur Automatisierungstechnik
- Objektorientiertes Designen (OOD)
- Objektorientiertes Analysieren (OOA) sowie UML
- Mitarbeit bei Projekten, um das theoretisch erworbene Wissen anwenden zu können

Dein Profil:

- Gute allgemeine Hochschulreife oder Fachhochschulreife
- Gutes technisches Verständnis sowie räumliches Vorstellungsvermögen
- Bereitschaft zur Mitarbeit in einem multinationalen Team
- Gute Englischkenntnisse in Wort und Schrift
- Hohes Engagement, Eigeninitiative und Begeisterungsfähigkeit 
- Gute kommunikative Kompetenz und Teamfähigkeit

Wir bieten:

- Attraktive finanzielle Zusatzleistungen wie Urlaubsgeld und Gesundheitsprämie
- Zuschuss zur betrieblichen Altersvorsorge und Berufsunfähigkeitsversicherung
- Individuelle Förderung durch die Mühlbauer Academy mittels internen und externen Weiterbildungsmaßnahmen
- Mitarbeiterevents (z. B. Weihnachtsfeier, Volksfestbesuch und Grillfest)
- Internationales Arbeitsumfeld - Möglichkeiten zu temporären Auslandseinsätzen
- Am Standort in Roding erwartet Sie zudem: Kostengünstige Verpflegung in der firmeninternen Kantine, Firmeneigenes Fitnessstudio ""City Fit""
- Viele weitere Benefits finden Sie auf unserer Homepage","Dein Profil:
- Gute allgemeine Hochschulreife oder Fachhochschulreife
- Gutes technisches Verständnis sowie räumliches Vorstellungsvermögen
- Bereitschaft zur Mitarbeit in einem multinationalen Team
- Gute Englischkenntnisse in Wort und Schrift
- Hohes Engagement, Eigeninitiative und Begeisterungsfähigkeit
- Gute kommunikative Kompetenz und Teamfähigkeit
Fachhochschulreife",2026-06-11T09:14:56.783160+00:00
INDEED-25870a408d5f5fcd,indeed_de_ae,Theo Förch GmbH & Co. KG,Theo-Förch-Straße 11/15,"Theo-Förch-Straße 11/15, Neuenstadt am Kocher BW",Ausbildung | Praktikant (m/w/d) IT,dual,,,"Berufsausbildung, Praktikum, Duales Studium",67,empty,bewerbung@foerch.de,https://www.hiringlab.org/de/,email,,,Theo Förch GmbH & Co. KG | Ausbildung | Praktikant (m/w/d) IT | Theo-Förch-Straße 11/15,tidak,belum,tinggi,"Praktikant (m/w/d) IT

In diesem Praktikum erhältst Du spannende Einblicke in die Berufsbilder der Fachinformatiker:innen für Anwendungsentwicklung und Systemintegration sowie in Tätigkeiten, die auch für ein duales Studium der Wirtschaftsinformatik relevant sind. Du lernst verschiedene IT-nahe Abteilungen und Aufgabenfelder kennen, die sowohl in der Ausbildung als auch im Studium eine zentrale Rolle spielen.
Hier ein kurzer Überblick über mögliche Einsatzbereiche während Deines Praktikums:
Service Desk und Client Management
Vertriebs-IT Entwicklung
ERP Systeme
E-Commerce
Digital Workplace und Zentrale IT-Systeme
Das Praktikum bietet Dir die Möglichkeit, erste praktische Erfahrungen zu sammeln, moderne Technologien kennenzulernen und herauszufinden, ob eine Ausbildung oder ein duales Studium im IT-Bereich zu Dir passt.

Wir bieten Dir:
erste praktische Einblicke in das Berufsleben
abwechslungsreiche Tätigkeiten
optimal ausgestattete Arbeitsplätze
Betreuung durch einen Ausbilder (m/w/d)
Mitwirkung in einem dynamischen Team
ein Feedbackgespräch am Ende deines Praktikums
Erstellung einer Praktikumsbestätigung",,2026-06-13T11:42:29.881782+00:00
ASD-995510001956526563,ausbildungsstellen_si,SIEGENIA GRUPPE,Wilnsdorf-Niederdielfen,57234 Wilnsdorf-Niederdielfen,Ausbildung | Duales Studium 2026 mit zum Fachinformatiker Anwendungsentwicklung (m/w/d),dual,,,,67,empty,,https://www.karriere-suedwestfalen.de/registrieren/bewerber,portal,"Deine persönliche Kontaktperson:
Personalmanagement
Nina Herter
+49 271 39311565
Wir freuen uns auf deine Bewerbung!
Kantine, Gesundheitsprogramme, Flexible Arbeitszeiten, Umfangreiches Schulungsangebot
Betriebliche Altersvorsorge, Umfassendes Onboarding, 30 Tage Urlaub, Urlaubs- und Weihnachtsgeld
Gruppenunfallversicherung, Auslandsaufenthalte, Werksunterricht, Digitale Ausstattung
Umfangreiche Sonderzahlungen, Teilzeitausbildung, Nachhaltigkeitsprojekte
Wahl der Wochenarbeitszeit, Überdurchschnittliches Ausbildungsgehalt, Eigenes Ausbildungszentrum
Hohe Übernahmequote",,SIEGENIA GRUPPE | Ausbildung | Duales Studium 2026 mit zum Fachinformatiker Anwendungsentwicklung (m/w/d) | Wilnsdorf-Niederdielfen,tidak,belum,sedang,"Duales Studium 2026 mit Ausbildung zum Fachinformatiker Anwendungsentwicklung (m/w/d)

Das erwartet dich bei uns:
- 3-jährige Berufsausbildung zum Fachinformatiker Anwendungsentwicklung (m/w/d) mit Möglichkeit der vorzeitigen Abschlussprüfung nach 2,5 Ausbildungsjahren
- Ausbildungsbegleitendes Studium im Bereich IT Management, z. B. ""Informatik"" oder ""Angewandte Künstliche Intelligenz"" (B.Sc.) an der FOM Hochschule Siegen
- Übernahme der Studiengebühren und der Erhalt einer monatlichen Ausbildungsvergütung
- Anschließende Perspektive zur unbefristeten Übernahme als Modulbetreuer im Bereich IT Enterprise Application Services
Deine Aufgaben während der Ausbildung:
- Kennenlernen der SAP-Systemlandschaft und Grundfunktionen
- Einführung in ABAP-Programmierung und erste kleine Anpassungen
- Arbeiten mit SAP Fiori/UI5: Grundlagen und einfache Oberflächen
- Verständnis für S/4HANA-Architekturen und Datenmodelle
- Einarbeitung in Cloud- und Schnittstellen-Technologien sowie die SAP Technology Plattform (BTP)
Deine Aufgaben nach Abschluss des Studiums:
- Umsetzung komplexer Anforderungen in SAP S/4HANA-Umgebung (u.a. ABAP OO, CDS Views, SAP Fiori)
- Optimierung von Prozessen, technologische Beratung der SAP-Modulverantwortlichen und Keyuser
- Integration von KI/AI-Services und Implementierung von Automatisierterungsszenarien auf der SAP BTP (u.a. SAP Build)
- Implementierung von Integrationsszenarien und Schnitstellen (u.a. OData, BTP Integration Suite)
- Mitwirkung an Cloud- und Innovationsprojekten im Bereich SAP (u.a. im Bereich Clean Core, Analytics)
Deine Bewerbung

Das bringst du mit:
- Sehr gute allgemeine Hochschulreife oder Fachhochschulreife
- Neugier an IT-Systemen und Digitalisierung, sowie den dahinterstehenden Prozessen
- Freude an Informatik und Software
- Belastbarkeit und Konzentrationsfähigkeit
- Flexibilität und Kreativität
- Den Karrierewunsch, in einer globalen IT-Abteilung mit vielfältigen Aufgaben tätig zu sein

Das bieten wir dir:
- Flexible Arbeitszeiten
- Mitarbeiterparkplatz
- Kantine
- Leistungsbezogene Prämie
- Personalentwicklungs­programm
- Gesundheitsprogramme
- Betriebliche Altersvorsorge
- Werksunterricht
- Auslandsaufenthalte in der Aus­bildung
0271 39311565","Das bringst du mit:
- Sehr gute allgemeine Hochschulreife oder Fachhochschulreife
- Neugier an IT-Systemen und Digitalisierung, sowie den dahinterstehenden Prozessen
- Freude an Informatik und Software
- Belastbarkeit und Konzentrationsfähigkeit
- Flexibilität und Kreativität
- Den Karrierewunsch, in einer globalen IT-Abteilung mit vielfältigen Aufgaben tätig zu sein",2026-06-13T12:34:04.996143+00:00
ASD-999960002281075604,ausbildungsstellen_si,ELA Container GmbH,,,Ausbildung | Stellendetails zu: zum Fachinformatiker/in - Daten- und Prozessanalyse (m/w/d),dual,,,,60,empty,melanie.eissing@container.de,javascript:,email,"Wir schützen die Kontaktdaten des Arbeitgebers vor unerlaubten Zugriffen. Bitte geben Sie die dargestellten Zeichen in das Textfeld ein, um die Kontaktdaten des Arbeitgebers anzuzeigen.
Anderes Bild laden
Audioversion abspielen
Hinweis: Die dargestellten Zeichen enthalten keine Umlaute (ä, ö, ü oder ß), Sonderzeichen oder Leerzeichen.
Dargestellte Zeichen
Absenden
Fußbereich
Stelle betreut durch die BA
Referenz-Nr.: 10000-1203863577-S
Verstoß melden",,ELA Container GmbH | Ausbildung | Stellendetails zu: zum Fachinformatiker/in - Daten- und Prozessanalyse (m/w/d),tidak,belum,tinggi,"Stellendetails zu: Ausbildung zum Fachinformatiker/in - Daten- und Prozessanalyse (m/w/d)

Hundefreundliches Büro: Auf deinen vierbeinigen Freund musst du bei uns nicht verzichten. Denn unter bestimmten Voraussetzungen kannst du deinen Hund einfach mit ins Büro bringen.
So einfach kannst du dich bewerben

Deine Benefits
Abwechslungsreiche Tätigkeiten: Dich erwarten bei ELA eine abwechslungsreiche Tätigkeit in einem weltweit agierenden Unternehmen, ein unkomplizierter Umgang miteinander und vielfältige Möglichkeiten, deine eigenen Ideen einzubringen.
Azubi-Netzwerk: Unsere über 40 bereits beschäftigten Auszubildenden und dual Studierenden erleichtern dir den Start ins Berufsleben und stehen dir bei Fragen jederzeit zur Seite.
Höhenverstellbare Schreibtische: Deine Gesundheit liegt uns am Herzen: Daher bieten wir dir in jedem Büro höhenverstellbare Schreibtische an.
Corporate Benefits: Du bekommst im ELA-Vorteilsportal Corporate Benefits attraktive Rabatt-Angebote von über 1.500 Marken aus allen relevanten Lebensbereichen.
Azubiprojekte und -events: Erlebe neben deiner Arbeit spannende Azubi-Events und Projekte.
Sehr gute Übernahmechancen: Bei uns hast du sehr gute Übernahmechancen nach dem Ende deiner Ausbildungszeit.
Betriebsrestaurant: Unser Betriebsrestaurant versorgt dich täglich mit frischen und leckeren Mittagsgerichten.
Firmenfitness: Unser Firmenfitnessangebot: Tausende Fitnessstudios, Schwimmbäder etc. stehen dir für nur 25 € monatlich in ganz Deutschland und zum Teil auch digital uneingeschränkt zur Verfügung.","Hundefreundliches Büro: Auf deinen vierbeinigen Freund musst du bei uns nicht verzichten. Denn unter bestimmten Voraussetzungen kannst du deinen Hund einfach mit ins Büro bringen.
So einfach kannst du dich bewerben",2026-06-13T14:01:48.169328+00:00
ASD-999960002365837808,ausbildungsstellen_si,ELA Container GmbH,,,Ausbildung | Stellendetails zu: zum Fachinformatiker/in - Anwendungsentwicklung (m/w/d),dual,,,,60,empty,melanie.eissing@container.de,javascript:,email,"Wir schützen die Kontaktdaten des Arbeitgebers vor unerlaubten Zugriffen. Bitte geben Sie die dargestellten Zeichen in das Textfeld ein, um die Kontaktdaten des Arbeitgebers anzuzeigen.
Anderes Bild laden
Audioversion abspielen
Hinweis: Die dargestellten Zeichen enthalten keine Umlaute (ä, ö, ü oder ß), Sonderzeichen oder Leerzeichen.
Dargestellte Zeichen
Absenden
Fußbereich
Stelle betreut durch die BA
Referenz-Nr.: 10000-1203863659-S
Verstoß melden",,ELA Container GmbH | Ausbildung | Stellendetails zu: zum Fachinformatiker/in - Anwendungsentwicklung (m/w/d),tidak,belum,tinggi,"Stellendetails zu: Ausbildung zum Fachinformatiker/in - Anwendungsentwicklung (m/w/d)

Hundefreundliches Büro: Auf deinen vierbeinigen Freund musst du bei uns nicht verzichten. Denn unter bestimmten Voraussetzungen kannst du deinen Hund einfach mit ins Büro bringen.
So einfach kannst du dich bewerben

Deine Benefits
Abwechslungsreiche Tätigkeiten: Dich erwarten bei ELA eine abwechslungsreiche Tätigkeit in einem weltweit agierenden Unternehmen, ein unkomplizierter Umgang miteinander und vielfältige Möglichkeiten, deine eigenen Ideen einzubringen.
Azubi-Netzwerk: Unsere über 40 bereits beschäftigten Auszubildenden und dual Studierenden erleichtern dir den Start ins Berufsleben und stehen dir bei Fragen jederzeit zur Seite.
Höhenverstellbare Schreibtische: Deine Gesundheit liegt uns am Herzen: Daher bieten wir dir in jedem Büro höhenverstellbare Schreibtische an.
Corporate Benefits: Du bekommst im ELA-Vorteilsportal Corporate Benefits attraktive Rabatt-Angebote von über 1.500 Marken aus allen relevanten Lebensbereichen.
Azubiprojekte und -events: Erlebe neben deiner Arbeit spannende Azubi-Events und Projekte.
Sehr gute Übernahmechancen: Bei uns hast du sehr gute Übernahmechancen nach dem Ende deiner Ausbildungszeit.
Betriebsrestaurant: Unser Betriebsrestaurant versorgt dich täglich mit frischen und leckeren Mittagsgerichten.
Firmenfitness: Unser Firmenfitnessangebot: Tausende Fitnessstudios, Schwimmbäder etc. stehen dir für nur 25 € monatlich in ganz Deutschland und zum Teil auch digital uneingeschränkt zur Verfügung.","Hundefreundliches Büro: Auf deinen vierbeinigen Freund musst du bei uns nicht verzichten. Denn unter bestimmten Voraussetzungen kannst du deinen Hund einfach mit ins Büro bringen.
So einfach kannst du dich bewerben",2026-06-13T14:04:14.041695+00:00
INDEED-c06316c00ca03cf9,indeed_de_ae,CBR Service GmbH,30916 Isernhagen,30916 30916 Isernhagen NI,Ausbildung | zum Fachinformatiker (m/w/d) für Anwendungsentwicklung,dual,2026,8,1.200 € – 1.350 € pro Monat - Vollzeit,60,empty,,https://www.hiringlab.org/de/,portal,,,CBR Service GmbH | Ausbildung | zum Fachinformatiker (m/w/d) für Anwendungsentwicklung | 30916 Isernhagen,tidak,belum,sedang,"Ausbildung zum Fachinformatiker (m/w/d) für Anwendungsentwicklung

Mit aktuell 25 Auszubildenden und Dual Studierenden in unseren kaufmännischen Bereichen und der IT von Street One sind wir ein starkes Team. Unsere Nachwuchstalente übernehmen von Anfang an die volle Verantwortung in ihren Einsatzgebieten und organisieren gemeinsam abteilungsübergreifende Projekte. Freu dich auf spannende Aufgaben und gemeinsame Momente – sei es bei erfrischenden Drinks auf der Dachterrasse oder unseren After Work Events.
Werde Teil unseres erfolgreichen Modeunternehmens und gewinne tiefe Einblicke in die Abläufe unserer Abteilungen. Unsere Ausbildung ist so individuell wie Du: nach einem Einblick in unsere IT-Systeme, Softwareentwicklung, Programmiersprachen und die Betreuung unserer Anwender, gestalten wir deinen Ausbildungsplan individuell weiter – mit Abteilungen, die zu deinen Interessen und Stärken passen.
Starte zum 01.08.2026 deine Ausbildung an unserem Headquarter in Isernhagen bei Hannover als Fachinformatiker (m/w/d) für Anwendungsentwicklung !
Ausbildung zum Fachinformatiker (m/w/d) für Anwendungsentwicklung
WORKING WITH US
Starting strong: 1.200 € im 1. Ausbildungsjahr, 1.350 € im 2. Jahr und 1.450 € im 3. Jahr plus Deutschlandticket, Urlaubs- und Weihnachtsgeld, sowie 30 Tage Urlaub
Grow with Us: Nach erfolgreichem Abschluss deiner Ausbildung haben wir die Möglichkeit deinen weiteren Karriereweg gemeinsam zu gestalten
Be yourself: Ob Sneaker oder Sakko, bei uns zählt nicht, was du trägst, sondern wer du bist. Komm so, wie du dich wohlfühlst und zeig, was in dir steckt
Open Mindset: Dich erwartet ein Umfeld mit flachen Hierarchien und kurzen Entscheidungswegen, ein individuelles Onboarding mit inspirierenden Welcome Days sorgt dafür, dass du dich von Anfang an gut aufgehoben fühlst
Workplace: Unser Headquarter bietet dir Sonnenterrassen und eine direkte Lage am Kirchhorster See. Dank optimaler Verkehrsanbindung bist du schnell bei uns, egal ob über die Autobahn oder mit öffentlichen Verkehrsmitteln
Wear what we love: Profitiere von 50 % Rabatt auf unsere Marken CECIL, Street One, Street One Studio und Street One MEN und werde selbst zum Markenbotschafter unserer Looks
#OneTEAM: Gemeinsam erreichen wir mehr, feiern Erfolge, wachsen an neuen Herausforderungen und stärken den Zusammenhalt bei regelmäßigen Events

DAS BRINGST DU MIT
Du hast einen soliden Realschulabschluss oder (Fach-)Abitur in der Tasche und glänzt besonders in Deutsch, Mathematik & Englisch
Technisches Verständnis und analytisches Denkvermögen sowie erste Erfahrungen mit Office-Produkten
Interesse an Informationstechnologien sowie technischen Zusammenhängen
Teamwork ist dein Ding – du packst gerne mit an und bringst Projekte gemeinsam nach vorne und übernimmst auch gerne mal Verantwortung
Mit deinem Organisationstalent behältst du den Überblick und setzt smarte Prioritäten","DAS BRINGST DU MIT
Du hast einen soliden Realschulabschluss oder (Fach-)Abitur in der Tasche und glänzt besonders in Deutsch, Mathematik & Englisch
Technisches Verständnis und analytisches Denkvermögen sowie erste Erfahrungen mit Office-Produkten
Interesse an Informationstechnologien sowie technischen Zusammenhängen
Teamwork ist dein Ding – du packst gerne mit an und bringst Projekte gemeinsam nach vorne und übernimmst auch gerne mal Verantwortung
Mit deinem Organisationstalent behältst du den Überblick und setzt smarte Prioritäten",2026-06-13T10:59:24.401452+00:00
INDEED-2c6c2b51125ff2e8,indeed_de_ae,ante Gruppe,35108 Allendorf,35108 35108 Allendorf HE,Ausbildung | zum Fachinformatiker Anwendungsentwicklung (m/w/d),dual,,,"Vollzeit, Berufsausbildung",60,empty,,https://www.hiringlab.org/de/,portal,,,ante Gruppe | Ausbildung | zum Fachinformatiker Anwendungsentwicklung (m/w/d) | 35108 Allendorf,tidak,belum,sedang,"Ausbildung zum Fachinformatiker Anwendungsentwicklung (m/w/d)

Deine Aufgaben:
lernst Du verschiedene Programmiersprachen und Entwicklungswerkzeuge kennen
verstehst Du wie Software entsteht und wie Du sie entwickeln kannst
planst Du Softwarelösungen mit anwendungsgerechten Benutzeroberflächen
arbeitest Du in Projekten mit

Dein Profil:
Du interessierst Dich für Computer und Netzwerke?
Mathematik und Informatik sind Deine Lieblingsfächer?
Du hast bereits ein Praktikum im Bereich IT gemacht?
Du arbeitest gern im Team und bist kommunikativ?

Das bieten wir Dir:
Du startest mit Einführungstagen zum Ausbildungsstart bei uns
Du erhältst eine persönliche Betreuung durch Deinen Ausbilder, die Personalreferentin für Ausbildung und Deinen Paten
Du bekommst einen auf Dich abgestimmten Ausbildungsplan
Du wirst gezielt auf Deine Abschlussprüfung durch individuelle Prüfungsvorbereitung vorbereitet
Wir garantieren Dir eine 100%ige Übernahme bei entsprechender Leistung nach Deiner Ausbildung
Individuelle Weiterentwicklungsmöglichkeiten im Anschluss an Deine Ausbildung ermöglichen wir Dir gerne (wie z.B. ein duales Studium, Meister- oder Technikerschule)","Dein Profil:
Du interessierst Dich für Computer und Netzwerke?
Mathematik und Informatik sind Deine Lieblingsfächer?
Du hast bereits ein Praktikum im Bereich IT gemacht?
Du arbeitest gern im Team und bist kommunikativ?",2026-06-13T10:43:55.717369+00:00
INDEED-07f511b2b6ccf6fb,indeed_de_ae,GRIMME Landmaschinenfabrik SE & Co. KG,49401 Damme,49401 49401 Damme NI,Ausbildung | Duales Studium - Informatik 2027 (m/w/d),dual,,,"Berufsausbildung, Duales Studium",60,empty,,https://www.hiringlab.org/de/,portal,,,GRIMME Landmaschinenfabrik SE & Co. KG | Ausbildung | Duales Studium - Informatik 2027 (m/w/d) | 49401 Damme,tidak,belum,sedang,"Duales Studium - Informatik 2027 (m/w/d)

Aufgaben in der Anwendungsentwicklung: Agiles Entwickeln, Entwerfen, Testen und Warten von Software in eigenen Businessanwendungen
Tätigkeiten in der Systemintegration: Integration von Software- und Hardwarekomponenten sowie das Konzeptionieren und Administrieren komplexer IT-Systeme
Unterstützung im Projekt- & Prozessmanagement: Planung und Koordinierung von IT-Projekten sowie die Beratung der GRIMME Fachbereiche
Individuelle Anpassung der Einsatzgebiete im letzten Ausbildungsjahr je nach Interessensschwerpunkt des Studierenden
Übernahme der Studiengebühren durch GRIMME
6-wöchiger Auslandseinsatz bei einem Unternehmen der GRIMME Gruppe sowie Bereitstellung eines eigenen Notebooks

DEIN PROFIL
Begeisterung für Computertechnik und IT-Systeme
Vernetztes und analytisches Denken sowie Interesse an neuen Technologien
Eigeninitiative, Kommunikationsstärke und Anpassungsfähigkeit an sich wandelnde Systemumgebungen

Allgemeine Hochschulreife oder Fachhochschulreife mit guten Leistungen in Deutsch, Mathematik, Informatik und Englisch
Für Fragen steht Anne Dölemeyer telefonisch unter +49 5491 666 2068 oder auch über WhatsApp unter +49 151 46121826 gerne zur Verfügung.","DEIN PROFIL
Begeisterung für Computertechnik und IT-Systeme
Vernetztes und analytisches Denken sowie Interesse an neuen Technologien
Eigeninitiative, Kommunikationsstärke und Anpassungsfähigkeit an sich wandelnde Systemumgebungen",2026-06-13T11:46:09.386572+00:00
STEP-13758343,stepstone_de_ae,Ehrhardt + Partner Group,Aachen,Krefelder Straße 201 52070 Aachen,Ausbildung | Ausbildung/Duales Studium - Mathematisch-technischer Softwareentwickler (m/w/d),dual,,,,60,empty,,https://twitter.com/stepstone_de,portal,,,Ehrhardt + Partner Group | Ausbildung | Ausbildung/Duales Studium - Mathematisch-technischer Softwareentwickler (m/w/d) | Aachen,tidak,belum,sedang,"Ausbildung/Duales Studium - Mathematisch-technischer Softwareentwickler (m/w/d)

DIE AUFGABEN - Damit bewirkst Du
Gemeinsam mit Deinem Team arbeitest Du an weltweiten Kundenprojekten im Bereich der Intralogistik (z.B. für den Einzelhandel und die Automobilbranche).
Nach einer intensiven Einarbeitung in unsere IT-Lösungen bekommst Du einen umfangreichen Einblick in die Realisierung von Softwareprojekten in unserem Unternehmensbereich Voice Solutions.
Du unterstützt unsere Produktentwicklung und unser Projektgeschäft.
Du realisierst Sprachanwendungen, die den Alltag von Kommissionierern erleichtern.
Von verschiedenen Entwicklerteams erlernst Du die Softwareentwicklung und erhältst einen Einblick in unsere Qualitätssicherung.
Aktuelle Webtechnologien wie JavaScript, C++ und Python werden Dich im täglichen Arbeiten begleiten.
Du erhältst einen umfassenden Einblick in unsere Organisation und lernst weitere Abteilungen innerhalb des Unternehmens kennen.
Aufgaben zum Weiterkommen. Dinge bewegen, ab Tag 1. Das heißt bei uns: Verantwortung geben und bekommen. Ideen nicht nur äußern können, sondern umsetzen dürfen. Und ein Personalentwicklungskonzept, das individuell passt - egal, ob Richtung Führungskraft oder Fachexperte.
Arbeitszeit und -ort? Flexibel. Unser Gleitzeitmodell bietet die Flexibilität, die zu Deiner Arbeit und Deinem Leben passt. Dazu gehört natürlich auch die Möglichkeit, aus dem Homeoffice heraus zu arbeiten.
Miteinander und Kultur? Auf Augenhöhe. Offenes Feedback. Regelmäßige Updates durch unsere Geschäftsführung. Lösungsorientiertes An-einem-Strang-Ziehen. Und natürlich auch Get-together-Events wie das Kartfahren, die EPG-Weihnachtsfeier oder unsere LAN-Party - um uns und unsere Erfolge zu feiern.
Jetzt. Für später. Die betriebliche Altersvorsorge (bAV) bietet eine gute Möglichkeit, für das Alter vorzusorgen. Dafür gibt es von uns im Heute einen starken Arbeitgeberzuschuss, damit Dein Morgen so entspannt wie möglich wird.
Bewegung. Um lange bewegen zu können. Jeder hat die Möglichkeit in unserem Sportraum zu trainieren. Lieber was im Team? Dann bietet sich der Firmenlauf oder ein Nachmittag im Kletterwald an.
Branche der Gegenwart. Und Zukunft. Die Welt der Logistik begleitet nicht nur unser aller Alltag. Sie ist auch essenziell für eine nachhaltige, lebenswerte Zukunft. Was das bedeutet? Viel, was wir gemeinsam bewegen können. Die Möglichkeit, Dinge besser zu machen. Und einen sicheren, auch für die Zukunft relevanten, Arbeitsplatz.
Und klar, Obstkorb und Getränke haben wir natürlich auch.
Haben wir Dein Interesse geweckt?
Bewerben Sie sich gerne über Stepstone One-Click oder über unser Online-Bewerbungsformular !
EPG – Ehrhardt Partner Group
topsystem GmbH
Krefelder Straße 201, 52070 Aachen
Tel.: (+49) 241 568 262-0
www.epg-jobs.com

DIE ANFORDERUNGEN - Das macht Dich erfolgreich
Du hast Dein (Fach-)Abitur bereits in der Tasche oder wirst in naher Zukunft so weit sein.
Du hast den Eignungstest am IT-Center der RWTH Aachen erfolgreich bestanden.
Du bringst Leidenschaft und Neugier für die Themen IT und Mathematik sowie ein gutes technisches Grundverständnis mit.
Du weißt, wie wichtig zielorientiertes Lernen und Arbeiten ist - und vor allem willst Du das gleiche wie wir: Dinge nach vorne bringen und mit voller Energie an der Logistik der Zukunft arbeiten (übrigens ein Themenfeld, das nicht nur zukunftssicher ist, sondern z. B. auch Dich bereits heute schon täglich begleitet)!
Du bist belastbar und weißt mit den hohen Anforderungen im Rahmen eines dualen Studiums umzugehen.
Dein Profil rundest Du mit guten Deutsch- und Englischkenntnissen ab.

DIE BENEFITS - Das gibt es mit dazu
Wir glauben daran, dass Arbeit Spaß machen und zum Leben passen darf. Und deshalb gibt es, neben unserem bunten und talentierten Team, den besten Kunden und den unterschiedlichsten Projekten und Produkten noch folgendes dazu:
Onboarding zum Ankommen. Onboardingplan vorab, damit Du weißt, was auf Dich zukommt. Onboardingtag, um uns besser kennenzulernen. Und die Onboardingphase im Fachbereich; so gestaltet, dass Du bestmöglich ankommst, verstehst und loslegen kannst.","DIE ANFORDERUNGEN - Das macht Dich erfolgreich
Du hast Dein (Fach-)Abitur bereits in der Tasche oder wirst in naher Zukunft so weit sein.
Du hast den Eignungstest am IT-Center der RWTH Aachen erfolgreich bestanden.
Du bringst Leidenschaft und Neugier für die Themen IT und Mathematik sowie ein gutes technisches Grundverständnis mit.
Du weißt, wie wichtig zielorientiertes Lernen und Arbeiten ist - und vor allem willst Du das gleiche wie wir: Dinge nach vorne bringen und mit voller Energie an der Logistik der Zukunft arbeiten (übrigens ein Themenfeld, das nicht nur zukunftssicher ist, sondern z. B. auch Dich bereits heute schon täglich begleitet)!
Du bist belastbar und weißt mit den hohen Anforderungen im Rahmen eines dualen Studiums umzugehen.
Dein Profil rundest Du mit guten Deutsch- und Englischkenntnissen ab.",2026-06-12T19:59:06.614446+00:00
INDEED-568f6993cb0f5961,indeed_de_ae,Zahnen Technik GmbH,Bahnhofstraße 24,"54687 Bahnhofstraße 24, 54687 Arzfeld RP",Ausbildung | Duales Studium Informatik,dual,,,Berufsausbildung,60,empty,zukunft@zahnen-technik.de,https://www.hiringlab.org/de/,email,,,Zahnen Technik GmbH | Ausbildung | Duales Studium Informatik | Bahnhofstraße 24,tidak,belum,tinggi,"Duales Studium Informatik

Gute Leistungen in den Fächern: Mathe und ggf. Informatik
Sorgfalt, Verantwortungsbewusstsein und Weitblick
„Ich kann ein Duales Studium bei Zahnen Technik uneingeschränkt empfehlen. Als Dualer Student hat man die Möglichkeit die Unternehmenskultur zu erleben. Das ist das, was ich auf keinen Fall missen möchte.“
Simon Backes (ehemaliger Dualer Student)
Unsere Dual Studierender Informatik:
Christian Hauer
Wenn Du tatkräftig in unserem Team mitarbeiten möchtest, dann freuen wir uns auf Deine Bewerbung.
Du kannst Deine Bewerbung per E-Mail oder Post an uns schicken:
Zahnen Technik GmbH
Bahnhofstr. 24
54687 Arzfeld
Email: zukunft@zahnen-technik.de .",,2026-06-13T11:50:39.052560+00:00
INDEED-296c2840085e5104,indeed_de_ae,Krones AG,Böhmerwaldstraße 5,"93073 Böhmerwaldstraße 5, 93073 Neutraubling BY",Ausbildung | Duales Studium – Bachelor of Science (Informatik) (m/w/d)* (Beginn: 01.07.2027),dual,2027,7,"Berufsausbildung, Duales Studium",60,empty,,https://www.hiringlab.org/de/,portal,,,Krones AG | Ausbildung | Duales Studium – Bachelor of Science (Informatik) (m/w/d)* (Beginn: 01.07.2027) | Böhmerwaldstraße 5,tidak,belum,sedang,"Duales Studium – Bachelor of Science (Informatik) (m/w/d)* (Beginn: 01.07.2027)

Das erwartet dich
Tätigkeitsbereiche:
Anwendungsentwicklung im Bereich Informations- und Telekommunikationstechnik
Verknüpfung von Softwareentwicklung mit elektrotechnischen Systemen
Mitarbeit in Forschung & Entwicklung sowie bei der Syskron GmbH
Aufgaben:
Programmieren mit Hochsprachen und Entwicklung von Cloud-Anwendungen
Vorbereitung auf komplexe Aufgaben in der digitalen Transformation und Industrie 4.0
Ausbildungsabschluss:
Prüfung zum Fachinformatiker in der Fachrichtung Anwendungsentwicklung
Bachelor of Science (Informatik)
Ausbildungsdauer:
Gesamtdauer: 4,5 Jahre
Studium: 7 Semester
Betriebliche Ausbildung im Unternehmen: 24 Monate
Ausbildungsbeginn:
Jährlich zum 1. Juli
Vielseitige und eigenverantwortliche Aufgaben
Dein Beitrag, ein echter Mehrwert
Sprachschule
Deine Bewerbung
Interessiert? Jetzt !
Nutze deine Chance und bewirb dich bei uns!
WICHTIG: Damit wir deine Bewerbung effizient und zeitnah bearbeiten können, benutze bitte unser Online-Formular – die Eingabe dauert maximal 5 Minuten .
Sollte dein 16. Geburtstag noch nicht stattgefunden haben, musst du deiner Bewerbung die Einverständniserklärung mit Unterschrift aller Erziehungsberechtigten beifügen.
Auf Grund der neuen Datenschutzgrundverordnung können wir ausschließlich Bewerbungen annehmen, die online über unsere Stellenbörse eingereicht werden. Bewerbungen per Post oder E-Mail können im Auswahlprozess leider nicht mehr berücksichtigt werden.
Diese Position ist auch für Menschen mit Schwerbehinderung geeignet.
* Aus Gründen der besseren Lesbarkeit verzichten wir auf die gleichzeitige Verwendung genderspezifischer Sprachformen. Unsere Ausschreibung richtet sich an alle Interessenten.

Anpassung von Benutzeroberflächen (GUIs) an Kundenanforderungen
Arbeiten mit Open-Source-Systemen wie Linux
Entwicklung sicherer Computersysteme und Datenaustauschlösungen
Analyse praxisbezogener Problemstellungen und Entwicklung softwaregestützter Lösungen
Ausbildungsziel:
Erwerb fundierter Kenntnisse in Softwareentwicklung, IT-Sicherheit und Systemintegration
Fähigkeit zur Entwicklung innovativer Anwendungen und Schnittstellenlösungen
Dein Profil
Das bringst du mit
(Fach-)Hochschulreife (NC 2,5)
Hohes Engagement und Einsatzpotenzial
Technische Begabung und handwerkliches Geschick
Verantwortungsbewusstsein für dich und dein Team
Lust, deine Fähigkeiten unter Beweis zu stellen

Unsere Leistungen
Krones als Arbeitgeber
Was Krones von anderen abhebt, sind seine Mitarbeitenden. Denn sie erbringen jeden Tag Höchstleistungen – und sichern so die Zukunftsfähigkeit des Unternehmens. Und genau diesen Einsatz belohnt Krones mit attraktiven Gegenleistungen:
Willkommen bei uns!
Unbefristete Übernahme
iPad zur privaten Nutzung","Anpassung von Benutzeroberflächen (GUIs) an Kundenanforderungen
Arbeiten mit Open-Source-Systemen wie Linux
Entwicklung sicherer Computersysteme und Datenaustauschlösungen
Analyse praxisbezogener Problemstellungen und Entwicklung softwaregestützter Lösungen
Ausbildungsziel:
Erwerb fundierter Kenntnisse in Softwareentwicklung, IT-Sicherheit und Systemintegration
Fähigkeit zur Entwicklung innovativer Anwendungen und Schnittstellenlösungen
Dein Profil
Das bringst du mit
(Fach-)Hochschulreife (NC 2,5)
Hohes Engagement und Einsatzpotenzial
Technische Begabung und handwerkliches Geschick
Verantwortungsbewusstsein für dich und dein Team
Lust, deine Fähigkeiten unter Beweis zu stellen",2026-06-13T11:39:34.019726+00:00
AZDE-12403663,azubi_de_fi,BMW AG,Dingolfing,84130 Dingolfing DE,Ausbildung | Dualer Student Künstliche Intelligenz (w/m/x),dual,2027,9,"""http://schema.org"",
""@type"": ""BreadcrumbList"",
""numberOfItems"": 3,
""itemListElement"": [",60,empty,,https://www.azubi.de/ausbildungsplatz/12403663-b-dualer-student-kuenstliche-intelligenz-w-m-x/apply,portal,,,BMW AG | Ausbildung | Dualer Student Künstliche Intelligenz (w/m/x) | Dingolfing,tidak,belum,sedang,"Dualer Student Künstliche Intelligenz (w/m/x)

Einleitung
Stellenreferenz: 185068
Mit unseren Marken BMW, MINI, Rolls-Royce und BMW Motorrad sind wir einer der weltweit führenden Premium-Hersteller von Automobilen sowie Motorrädern und darüber hinaus Anbieter von Premium-Finanz- und Mobilitätsdienstleistungen.
Du begeisterst dich für das autonome Fahren und möchtest an Zukunftsthemen arbeiten? Dann ist dieses Studium genau das Richtige für dich. Denn hier bist du am Puls der Zeit und mittendrin. Wir stehen heute dank innovativer Technologien auf der Schwelle zum hochautomatisierten Fahren und damit vor spannenden Herausforderungen. Durch dein duales Studium trägst du dazu bei, die digitale Revolution bei uns voranzutreiben. Egal ob autonomes Fahren, vernetzte Fahrzeuge, Data Analytics, App Entwicklung, Cyber Security oder die Optimierung von Produktionsprozessen – ohne dich läuft es nicht!
Was lernst du bei uns?
- - Selbstständige Planung und Umsetzung agiler IT-Projekte.
- - Grundlagenkenntnisse über die BMW IT-Welt und Mitwirkung bei ihrer Weiterentwicklung.
- - Einblicke in die neuesten mobilen Softwareanwendungen.
- - Programmiersprachen (bspw. Java oder C++).
- - Theoretische Kenntnisse in spannenden Vorlesungen des Studiums wie bspw. autonomes Fahren, Robotik, intelligente Dialogsysteme, Programmier-Module sowie Human Factors und Mensch-Maschine Interaktion, Software-Engineering, IT-Systeme, Algorithmen sowie Datenstrukturen und deren Verbindung zur angewandten Mathematik.
Was erwartet dich nach dem dualen Studium?
- - Einstieg in innovativen agilen Projektteams.
- - Entwicklung intelligenter Services bspw. für Fahrzeugsysteme unserer Kund:innen.
- - Forschung und Entwicklung im Themenfeld autonomes Fahren.
- - Optimierung unserer Produktionsprozesse.
- - Weiterentwicklung interner IT-Tools und Services.
- - Persönliche Weiterentwicklungsmöglichkeiten in Projekt- und Führungspositionen.
Was bringst du mit?
- - Motivation und Eigeninitiative.
- - Freude an der Zusammenarbeit mit anderen Menschen im multikulturellen/internationalen Umfeld.
- - Interesse an IT und Programmierung.
- - Analytisches Denkvermögen.
- - Spaß am Lösen von Problemen.
- - Verständnis für betriebswirtschaftliche Zusammenhänge und Prozesse.
- - Serviceorientierung und Kommunikationsstärke.
- - Freude an Informatik und Mathe.
- - Gute Deutschkenntnisse.
- - Gute allgemeine Hochschulreife, Fachhochschulreife.
Ausbildungs- und Studiendauer.
4,5 Jahre
Mehr Infos zum Programmablauf sowie zu den Studieninhalten erhältst duhier .
Startdatum: ab 01.09.2027
Hilfreiche Tipps zu deiner Bewerbung und dem Bewerbungsprozess findest duhier .
Wir bei der BMW Group legen großen Wert auf Gleichbehandlung und Chancengleichheit. Unsere Recruiting-Entscheidungen basieren auf der Persönlichkeit, den Erfahrungen und Fähigkeiten der Bewerber:innen.
Mehr dazuhier .
Du hast noch Fragen? Hilfreiche Tipps zu deiner Bewerbung und dem Bewerbungsprozess findest duhier .
Worauf kannst du dich freuen?

- Attraktive, faire Vergütung inkl. Weihnachts- und Urlaubsgeld.
- hervorragende Übernahmechance.*
- Berufsunfähigkeitsversicherung.
- Flexible Arbeitszeiten und Freizeitausgleich.
- Persönliche Förderung.
- Viele Entwicklungsmöglichkeiten.
- Abwechslungsreiche und spannende Aufgaben.
- Attraktive Azubi-Fahrzeugmiete.
- Individuelle Fahrtkostenzuschussregelungen und/oder kostenloses Deutschlandticket.
- Bezuschusste Azubi-Wohnheime (nur am Standort München).
- Vergünstigungen und Mitarbeiterrabatte.
- Betriebsrestaurants und Cafés.
- Fitness- und Freizeitangebote.
- Und vieles mehr siehe bmw.jobs/waswirbieten﻿
Aufgaben","Einleitung
Stellenreferenz: 185068
Mit unseren Marken BMW, MINI, Rolls-Royce und BMW Motorrad sind wir einer der weltweit führenden Premium-Hersteller von Automobilen sowie Motorrädern und darüber hinaus Anbieter von Premium-Finanz- und Mobilitätsdienstleistungen.
Du begeisterst dich für das autonome Fahren und möchtest an Zukunftsthemen arbeiten? Dann ist dieses Studium genau das Richtige für dich. Denn hier bist du am Puls der Zeit und mittendrin. Wir stehen heute dank innovativer Technologien auf der Schwelle zum hochautomatisierten Fahren und damit vor spannenden Herausforderungen. Durch dein duales Studium trägst du dazu bei, die digitale Revolution bei uns voranzutreiben. Egal ob autonomes Fahren, vernetzte Fahrzeuge, Data Analytics, App Entwicklung, Cyber Security oder die Optimierung von Produktionsprozessen – ohne dich läuft es nicht!
Was lernst du bei uns?
- - Selbstständige Planung und Umsetzung agiler IT-Projekte.
- - Grundlagenkenntnisse über die BMW IT-Welt und Mitwirkung bei ihrer Weiterentwicklung.
- - Einblicke in die neuesten mobilen Softwareanwendungen.
- - Programmiersprachen (bspw. Java oder C++).
- - Theoretische Kenntnisse in spannenden Vorlesungen des Studiums wie bspw. autonomes Fahren, Robotik, intelligente Dialogsysteme, Programmier-Module sowie Human Factors und Mensch-Maschine Interaktion, Software-Engineering, IT-Systeme, Algorithmen sowie Datenstrukturen und deren Verbindung zur angewandten Mathematik.
Was erwartet dich nach dem dualen Studium?
- - Einstieg in innovativen agilen Projektteams.
- - Entwicklung intelligenter Services bspw. für Fahrzeugsysteme unserer Kund:innen.
- - Forschung und Entwicklung im Themenfeld autonomes Fahren.
- - Optimierung unserer Produktionsprozesse.
- - Weiterentwicklung interner IT-Tools und Services.
- - Persönliche Weiterentwicklungsmöglichkeiten in Projekt- und Führungspositionen.
Was bringst du mit?
- - Motivation und Eigeninitiative.
- - Freude an der Zusammenarbeit mit anderen Menschen im multikulturellen/internationalen Umfeld.
- - Interesse an IT und Programmierung.
- - Analytisches Denkvermögen.
- - Spaß am Lösen von Problemen.
- - Verständnis für betriebswirtschaftliche Zusammenhänge und Prozesse.
- - Serviceorientierung und Kommunikationsstärke.
- - Freude an Informatik und Mathe.
- - Gute Deutschkenntnisse.
- - Gute allgemeine Hochschulreife, Fachhochschulreife.
Ausbildungs- und Studiendauer.
4,5 Jahre
Mehr Infos zum Programmablauf sowie zu den Studieninhalten erhältst duhier .
Startdatum: ab 01.09.2027
Hilfreiche Tipps zu deiner Bewerbung und dem Bewerbungsprozess findest duhier .
Wir bei der BMW Group legen großen Wert auf Gleichbehandlung und Chancengleichheit. Unsere Recruiting-Entscheidungen basieren auf der Persönlichkeit, den Erfahrungen und Fähigkeiten der Bewerber:innen.
Mehr dazuhier .
Du hast noch Fragen? Hilfreiche Tipps zu deiner Bewerbung und dem Bewerbungsprozess findest duhier .
Worauf kannst du dich freuen?",2026-06-13T10:40:22.527392+00:00
STEP-14080829,stepstone_de_ae,A. u. K. Müller GmbH & Co. KG Elektromagnetventile · Steuergeräte · Spezialarmaturen,Düsseldorf,Düsseldorf Düsseldorf,Ausbildung | Duales Studium (B. Sc.) Software- und Systemtechnik zum Fachinformatiker Anwendungsentwicklung (w/m/d),dual,,,,60,empty,,https://twitter.com/stepstone_de,portal,"Kontakt
Leider haben wir derzeit keine freie Stelle!
Nutze die doppelte Chance auf Ausbildung und Studium und reiche deine Bewerbung über unser Online-Formular ein
oder sende deine Bewerbung per E-Mail an
Deine Ansprechpartnerin
Datenschutzhinweis
Bei deiner Kontaktaufnahme mit uns werden die von dir mitgeteilten Daten von uns zum Zwecke der Abwicklung des Bewerbungsverfahrens verarbeitet. Die Verwendung deiner personenbezogenen Daten erfolgt selbstverständlich datenschutzkonform. Weitere Informationen findest du in unsere Datenschutzerklärungr und de Nutzungsbestimmungen für Online-Bewerbungenn .
A. u. K. Müller GmbH & Co. KG 62 D - 40595 Düsseld dorf Telefon: +49 211 73 91-0 Telefax: +49 211 73 91-281 info(at)akmueller.de E-Mail:
A.K. Muller (UK) Ltd. k Brookside Avenue, Rustingt on GB - West Sussex BN16 3LP Tel: +44 1903 78 8 888 Fax: +44 1903 7 785 817 valves(at)akmuller.co.uk E-Mail:
A.K. Müller France s Z.A.E du Gué Langlo is F - 77600 Bussy Saint Mar rtin Telefon: +33 1 64 62 2 95 14 info(at)akmuller.fr E-Mail:
A. u. K. MüllerShanghai , Zhangyang Rd. 83 8, Shanghai, 200122, Ch hina Telefon: +86 21 58 2040 80 Telefax: +86 21 58 20 0 42 12",,A. u. K. Müller GmbH & Co. KG Elektromagnetventile · Steuergeräte · Spezialarmaturen | Ausbildung | Duales Studium (B. Sc.) Software- und Systemtechnik zum Fachinformatiker Anwendungsentwicklung (w/m/d) | Düsseldorf,tidak,belum,sedang,"Duales Studium (B. Sc.) Software- und Systemtechnik Ausbildung zum Fachinformatiker Anwendungsentwicklung (w/m/d)

Ihre Aufgaben
Anwendungsentwicklung führen in unserem Haus insbesondere Anpassungen an den bestehenden Softwareprogrammen aus, programmieren auf Anforderung unserer Nutzer neue Anwendungen, testen und passen diese unter Berücksichtigung anwendungsgerechter Bedieneroberflächen entsprechend an.
Während deiner 3-jährigen Ausbildung erlernst du moderne Programmiersprachen wie C#.NET / ASP.NET, JavaScript, HTML sowie den Umgang mit relationalen Datenbanken. Du wirkst bei der Weiterentwicklung unseres ERP-Systems mit, lernst Datenbankprogrammierungen mit MS-SQL sowie betriebswirtschaftliche und arbeitsorganisatorische Zusammenhänge kennen. Darüber hinaus erhältst du einen Einblick in die Verwaltung von Rechnersystemen und Netzwerken, die Erstellung von Betriebssystem-Skripten und den Umgang mit Administrationstools.
Auch im anschließenden Vollzeitstudium an der FH Dortmund kannst du in vorlesungsfreier Zeit und auch nach Absprache, als Werkstudent (m/w/d) deine Tätigkeit im Unternehmen weiterführen und somit die Theorie mit der Praxis weiterhin verbinden.
Keine Berufsschulpflicht für dual Studierende
Teilnahme an Vorbereitungskursen zu IHK-Prüfungen
Individuelle Unterstützung während der Ausbildung durch erfahrene Ausbilder
Zwischenprüfung und Abschlussprüfung vor der IHK Düsseldorf
7. bis 8. Semester:
Vollzeitstudium an der FH Dortmund mit Vertiefungs- und Wahlmöglichkeiten der Studienrichtung
Tätigkeit im Unternehmen in vorlesungsfreier Zeit und nach Absprache
9. Semester:
Durchführung der Projektarbeit im Unternehmen
Erstellung der Bachelor-Thesis im Unternehmen
Wenn für dich logisches und komplexes Denken kein Problem ist und du kniffelige Aufgaben reizvoll findest, dann bewerbe dich um ein Duales Studium der
Informatik im Bereich Software- und Systemtechnik (B. Sc.) mit IHK Ausbildung zum Fachinformatiker Anwendungsentwicklung (m/w/d)

Das bringst du mit:
Ausbildungs- und Studienverlauf
Studiengang: Informatik Dual Bachelor of Science (B.Sc.) Gesamte Ausbildungsdauer: ) 4,5 Jahre (9 Semester Ausbildungsbeginn: r) i. d. R. zum 01.09. eines Jahr
Gutes Abitur, Fachhochschulabschluss oder Abschluss als Informationstechnischer Assistent
Interesse an Datenverarbeitung und Informatik
Ausgeprägte Leistungen in den MINT-Fächern
Gute Deutsch- und Englisch-Kenntnisse
Ausgeprägte Neigung zu analytischem/systematischen Denken
Hohe Eigenmotivation und Belastbarkeit
Überdurchschnittliches Engagement und Zuverlässigkeit

Deine Benefits:
Studienbeginn: res zum Wintersemes Bewerbungsfrist bei A. u. K. Müller ster (für IHK Ausbildungsvertrag): i. d. R. bis zum 15.06. eines Ja Einschreibfrist an der FH Dortmund ahres (Ausbildungsvertrag notwe : ndig) i. d. R. ab Mitte Mai bis zum 15.07. eines Jahres
1. bis 6. Semester:
IHK Berufsausbildung zum Fachinformatiker Anwendungsentwicklung (m/w/d)
mind. 2 Tage/Woche praktische Ausbildung im Unternehmen
max. 3 Tage/Woche Studium an der FH Dortmund
Staatlich anerkannte IHK Ausbildung und Hochschulstudium in einem
Erfahrene Ausbilder unterstützen dich individuell wärend der gesamten Zeit
Vergütung in der Ausbildungszeit: gem. den Tarifen der Metall- und Elektroindustrie, im Vollzeitstudium gem. individueller Vereinbarung
Übernahme von Studiengebühren der FH Dortmund durch A. u. K. Müller
Wir leben ausgezeichnete Qualität und besten Service und kommunizieren auf Augenhöhe. Das heißt für Dich: Wir fördern dich und fordern dich, denn wir wollen gemeinsam wachsen.
Eine gute Verkehrsanbindung - auch an den ÖPNV - und kostenfreie Parkmöglichkeiten im nahen Umfeld ermöglichen Ihnen eine ideale Erreichbarkeit
Wir bieten Mittagsmenüs in eigener Kantine mit Lounge-Terrasse","Das bringst du mit:
Ausbildungs- und Studienverlauf
Studiengang: Informatik Dual Bachelor of Science (B.Sc.) Gesamte Ausbildungsdauer: ) 4,5 Jahre (9 Semester Ausbildungsbeginn: r) i. d. R. zum 01.09. eines Jahr
Gutes Abitur, Fachhochschulabschluss oder Abschluss als Informationstechnischer Assistent
Interesse an Datenverarbeitung und Informatik
Ausgeprägte Leistungen in den MINT-Fächern
Gute Deutsch- und Englisch-Kenntnisse
Ausgeprägte Neigung zu analytischem/systematischen Denken
Hohe Eigenmotivation und Belastbarkeit
Überdurchschnittliches Engagement und Zuverlässigkeit",2026-06-12T20:43:59.168744+00:00
INDEED-fda98b13f555f00a,indeed_de_ae,FIS Informationssysteme und Consulting GmbH,Grafenrheinfeld,Grafenrheinfeld BY,Ausbildung | Schülerpraktikum 02.11. – 06.11.2026,dual,2026,11,"Berufsausbildung, Praktikum, Duales Studium",60,empty,,https://www.hiringlab.org/de/,portal,,,FIS Informationssysteme und Consulting GmbH | Ausbildung | Schülerpraktikum 02.11. – 06.11.2026 | Grafenrheinfeld,tidak,belum,sedang,"Schülerpraktikum 02.11. – 06.11.2026

Du interessierst dich für eine Ausbildung zum Fachinformatiker für Anwendungsentwicklung (m/w/d) oder ein Duales Studium im Bereich BWL oder Wirtschaftsinformatik? Du möchtest vorher aber noch mehr über die Aufgaben erfahren und selbst ausprobieren, ob dir die Aufgaben Spaß machen? Dann bewirb dich jetzt für ein Praktikum bei uns und lerne unser Unternehmen sowie die Ausbildungsberufe im IT-Bereich kennen.
Das Schülerpraktikum findet vom 02.11.2026 bis 06.11.2026 in unserer Unternehmenszentrale in Grafenrheinfeld statt.
Die Teilnahme am freiwilligen Praktikum, setzt ein gesetzliches Mindestalter von 15 Jahren voraus.
Während des Praktikums erwarten dich:
Wir machen hier Nägel mit Köpfchen: Du erhältst von uns einen Einblick in die betriebswirtschaftliche Software SAP
Du willst richtig tief in die Welt der Entwicklung eintauchen? Dann ist unsere Einweisung in das Grundkonzept der Programmierung und die Grundlagen von HTML, CSS und JavaScript genau das Richtige für dich
Du möchtest dein neu erlerntes Wissen gleich praktisch anwenden? Super, denn in unserem Praktikum erstellst du eine eigene Website
Was macht uns als Arbeitgeber besonders?

Wachstum, Wertschätzung und Wohlfühlen sind uns wichtig. Darüber hinaus erhältst du bei uns zahlreiche Benefits.
Moderner FIS-Campus mit unserer neuen FIS-Academy
Umfassende Betreuung durch unser Ausbildungsteam
Equipment, Marke erstklassig
Eigenes Restaurant
Kostenfreie Getränke
Das war nur das Wichtigste: Weitere Benefits findest du auf unserer Karriereseite.
Du und FIS – Das trifft sich großartig
Denn bei uns triffst du jeden Tag auf ein großartiges Team aus über 800 Kolleginnen und Kollegen. Und auf ein familiengeführtes Unternehmen, bei dem sich Weltoffenheit und Bodenständigkeit die Hand geben. Mit Fokus auf die DACH-Region, aber auch rund um den Globus bringen wir Kunden mit SAP-Lösungen sowie eigenen Entwicklungen zur Optimierung der SAP-Software voran: von der Einführung über den Systembetrieb bis zum Support. Warum wir damit seit über 30 Jahren ins Schwarze treffen? Weil bei uns Kompetenz genauso wichtig ist wie Vertrauen – und Wertschätzung genauso viel zählt wie Wertschöpfung.
Klingt gut – wie geht’s jetzt für dich weiter?",,2026-06-13T11:40:09.014481+00:00
10001-1002864367-S,fachinformatiker_ae_2026,d.velop AG,Meppen,"Edisonstraße 2, 49716 Meppen",Duales Studium | Fachinformatiker/in - Anwendungsentwicklung,dual,2026,,,60,ba_portal,,https://www.arbeitsagentur.de/jobsuche/jobdetail/10001-1002864367-S,ba_portal,,https://www.arbeitsagentur.de/jobsuche/jobdetail/10001-1002864367-S,d.velop AG | Duales Studium | Fachinformatiker/in - Anwendungsentwicklung | Meppen,ya,belum,rendah,"Du würdest Dich selbst als neugierig, technikbegeistert und gut organisiert bezeichnen? Außerdem schlägt Dein Herz für die IT und Du liebst es, zu coden? Dann beginne Dein Studium im Bereich Wirtschaftsinformatik und kombiniere es gleichzeitig mit einer Ausbildung zum:zur Fachinformatiker:in für Anwendungsentwicklung!

## Was diesen Job so besonders macht?

- Unter Berücksichtigung der individuellen Bedürfnisse unserer geschätzten Kunden bist Du maßgeblich an der Entwicklung unserer Softwarelösungen beteiligt, und zwar von Anfang an.
- d.velop steht für Zufriedenheit: Deswegen testest und verbesserst Du unsere bestehende Software, sodass wir unseren Kunden weiterhin die von uns gewohnte Qualität bieten können.
- Du entwickelst im Laufe der Zeit die Fähigkeit, den strategischen und betriebswirtschaftlichen Wert der IT zu erkennen und diesen geschickt in den Unternehmenskontext einzubinden.
- Du magst es auch mal knifflig und scheust Dich nicht vor Herausforderungen? Super, denn Du weißt, wie Du unsere Software geschickt einsetzen kannst, um Probleme zu beseitigen.
- Von Montag bis Freitag lernst Du in einem vier Semester langen Grundstudium und einer anschließenden Vertiefung von zwei Semestern alle theoretischen Inhalte, die Du in Deinem Berufsfeld brauchst. Gleichzeitig hast Du in einem Blockmodell die gesamte Zeit über praktische Phasen, in denen Du die gelernten Inhalte anwenden kannst.
- Du hast die Möglichkeit, integriert in das Studium an der Hochschule Osnabrück am Standort Lingen, eine Ausbildung vor der IHK abzulegen. Dadurch hast Du nach drei Jahren nicht nur den Bachelor of Science (B.Sc.), sondern auch den Abschluss als Fachinformatiker:in für Anwendungsentwicklung.

## Warum ausgerechnet Du zu diesem Job passt?

- Obwohl Du in Deinem Alltag noch nicht viel mit IT am Hut gehabt hast, hast Du Bock darauf, die Abläufe in einem IT-Unternehmen kennenzulernen und zu verstehen, was Software ist und wie Du sie entwickeln kannst.
- There's no fail, there's only make! Du scheust keine Herausforderungen und gehst mit einer positiven Einstellung an unbekannte Themen heran.
- Du bist fasziniert von Technik. Da, wo andere aufgeben, gehst Du den Dingen erst recht auf den technischen Grund.
- Du denkst gerne über knifflige Aufgabenstellungen nach und löst diese mit vollem Einsatz.
- Du bist auf Zack, wenn es darum geht, komplexe Zusammenhänge zu verstehen und diese logisch darzustellen.",,2026-06-11T08:15:33.039417+00:00
INDEED-685acf1568e935b2,indeed_de_ae,ROHDE & SCHWARZ GmbH & Co. KG,Mühldorfstr. 15,"81671 Mühldorfstr. 15, 81671 München BY",Ausbildung | Duales Studium der Informatik (m/w/d) Verbundstudium mit zum Fachinformatiker Fachrichtung Anwendungsentwicklung zum 01.09.2026,dual,2026,9,"Vollzeit, Befristeter Vertrag",60,empty,,https://www.hiringlab.org/de/,portal,"Kontakt
Claudia Pelka Assistance Vocational Training
Info
Stadt/Region
München (Deutschland)
Einstiegslevel
Schüler*innen
Beschäftigungsart
Vollzeit, befristet
Ref. Nummer
12237
Bereitschaft zur Zusammenarbeit im Team sowie Kontakt- und Kommunikationsfreudigkeit
Fähigkeit zu logisch-abstraktem Denken und Kreativität
Sichere mündliche und schriftliche Ausdrucksweise
Gute Englischkenntnisse
Interessiert? Dann bewirb dich bitte online bei ROHDE & SCHWARZ GmbH & Co. KG, Kennziffer: 12237, bei Fragen wende dich bitte ans Ausbildungsteam, Telefon: +49 89 4129 13328 oder per Chat über WhatsApp +49 175 785 8888.
Chancengleichheit ist uns wichtig. Wir freuen uns unabhängig von Geschlecht, Nationalität, ethnischer und sozialer Herkunft, Religion, Weltanschauung, Behinderung, Alter sowie sexueller Orientierung und Identität auf Ihre Bewerbung.
Rohde & Schwarz ist ein globaler Technologiekonzern mit aktuell ca. 14.000 Mitarbeitern und drei Divisionen: Test & Measurement, Technology Systems und Networks & Cybersecurity. Seit 90 Jahren entwickelt das Unternehmen Spitzentechnologie, verschiebt die Grenzen des technisch Machbaren und ermöglicht Kunden aus Wirtschaft, Behörden und hoheitlichem Umfeld ihre technologische Souveränität. Der Firmensitz ist in München. In Asien und Amerika steuern starke regionale Hubs in Singapur und Columbia, Maryland, die Geschäfte.
Unser Angebot
Homeofficemöglichkeiten
Flexible Arbeitszeitmodelle
Attraktive Vergütung
Training & Weiterbildung
Parkplätze
Betriebliche Altersvorsorge
Familienunternehmen
Gesundheitsvorsorge
30 Tage Urlaub
Betriebsarzt
Familienservices
Förderung von Innovationen
Heirats- & Geburtsbeihilfe
Langfristiges & attraktives Arbeitsumfeld
Sonderzahlungen
anzeigen",,ROHDE & SCHWARZ GmbH & Co. KG | Ausbildung | Duales Studium der Informatik (m/w/d) Verbundstudium mit zum Fachinformatiker Fachrichtung Anwendungsentwicklung zum 01.09.2026 | Mühldorfstr. 15,tidak,belum,sedang,"Duales Studium der Informatik (m/w/d) Verbundstudium mit Ausbildung zum Fachinformatiker Fachrichtung Anwendungsentwicklung zum 01.09.2026

Aufgaben
Als Student im Dualen Studium absolvierst du in den vorlesungsfreien Zeiten eine Ausbildung zum Fachinformatiker Fachrichtung Anwendungsentwicklung (Verbundstudium).
Dein Studium der Informatik an der Hochschule München beginnst du nach dem 1. Ausbildungsjahr.
Nach Abschluss der Berufsausbildung zum Fachinformatiker (IHK-Prüfung) im fünften Studiensemester erwirbst du in den vorlesungsfreien Zeiten Deine erste Berufserfahrung und entwickelst selbstständig Software im technischen Umfeld.
Deine Bachelor-Arbeit erstellst du bei Rohde & Schwarz.
Das Studium schließt du nach dem siebten Studiensemester (Regelstudienzeit) mit dem Bachelor of Science Informatik ab.
Die Dauer des Dualen Studiums beträgt 4,5 Jahre.
Spannende Einblicke in Rohde & Schwarz
Unsere Kollegen erzählen von:
täglichen Abenteuern & Herausforderungen
unserem leidenschaftlichen Team
der Technologie hinter den innovativen Projekten und Lösungen

Qualifikationen
Sehr gute Allgemeine Hochschulreife (Abitur), Fachhochschulreife (Technik) oder fachgebundene Hochschulreife
Fächerschwerpunkte: Mathematik, Informatik bzw. Physik
Technisches Interesse","Qualifikationen
Sehr gute Allgemeine Hochschulreife (Abitur), Fachhochschulreife (Technik) oder fachgebundene Hochschulreife
Fächerschwerpunkte: Mathematik, Informatik bzw. Physik
Technisches Interesse",2026-06-13T10:47:06.133328+00:00
AZDE-12427609,azubi_de_fi,BMW AG,München,80809 München DE,Ausbildung | Dualer Student Künstliche Intelligenz (w/m/x),dual,2027,9,"""http://schema.org"",
""@type"": ""BreadcrumbList"",
""numberOfItems"": 3,
""itemListElement"": [",60,empty,,https://www.azubi.de/ausbildungsplatz/12427609-b-dualer-student-kuenstliche-intelligenz-w-m-x/forward?forward=https%3A%2F%2Fwww.bmwgroup.jobs%2Fde%2Fde%2Fjobs%2Frichtig-bewerben.html,portal,,,BMW AG | Ausbildung | Dualer Student Künstliche Intelligenz (w/m/x) | München,tidak,belum,sedang,"Dualer Student Künstliche Intelligenz (w/m/x)

Einleitung
Stellenreferenz: 181681
Mit unseren Marken BMW, MINI, Rolls-Royce und BMW Motorrad sind wir einer der weltweit führenden Premium-Hersteller von Automobilen sowie Motorrädern und darüber hinaus Anbieter von Premium-Finanz- und Mobilitätsdienstleistungen.
Hinweis: Dieser Studiengang wird als Studium mit vertiefter Praxis angeboten.
Du begeisterst dich für das autonome Fahren und möchtest an Zukunftsthemen arbeiten? Dann ist dieses Studium genau das Richtige für dich. Denn hier bist du am Puls der Zeit und mittendrin. Wir stehen heute dank innovativer Technologien auf der Schwelle zum hochautomatisierten Fahren und damit vor spannenden Herausforderungen. Durch dein duales Studium trägst du dazu bei, die digitale Revolution bei uns voranzutreiben. Egal ob autonomes Fahren, vernetzte Fahrzeuge, Data Analytics, App Entwicklung, Cyber Security oder die Optimierung von Produktionsprozessen – ohne dich läuft es nicht!
Was lernst du bei uns?
- Selbstständige Planung und Umsetzung agiler IT-Projekte.
- Grundlagenkenntnisse über die BMW IT-Welt und Mitwirkung bei ihrer Weiterentwicklung.
- Einblicke in die neuesten mobilen Softwareanwendungen.
- Programmiersprachen (bspw. Java oder C++).
- Theoretische Kenntnisse in spannenden Vorlesungen des Studiums wie bspw. autonomes Fahren, Robotik, intelligente Dialogsysteme, Programmier-Module sowie Human Factors und Mensch-Maschine Interaktion, Software-Engineering, IT-Systeme, Algorithmen sowie Datenstrukturen und deren Verbindung zur angewandten Mathematik.
Was erwartet dich nach dem dualen Studium?
- Einstieg in innovativen agilen Projektteams.
- Entwicklung intelligenter Services bspw. für Fahrzeugsysteme unserer Kund:innen.
- Forschung und Entwicklung im Themenfeld autonomes Fahren.
- Optimierung unserer Produktionsprozesse.
- Weiterentwicklung interner IT-Tools und Services.
- Persönliche Weiterentwicklungsmöglichkeiten in Projekt- und Führungspositionen.
Was bringst du mit?
- Motivation und Eigeninitiative.
- Freude an der Zusammenarbeit mit anderen Menschen im multikulturellen/internationalen Umfeld.
- Interesse an IT und Programmierung.
- Analytisches Denkvermögen.
- Spaß am Lösen von Problemen.
- Verständnis für betriebswirtschaftliche Zusammenhänge und Prozesse.
- Serviceorientierung und Kommunikationsstärke.
- Freude an Informatik und Mathe.
- Gute Deutschkenntnisse.
- Gute allgemeine Hochschulreife, Fachhochschulreife.﻿
Ausbildungs- und Studiendauer.
4,5 Jahre
Mehr Infos zum Programmablauf sowie zu den Studieninhalten erhältst duhier .
Startdatum: ab 01.09.2027
Hilfreiche Tipps zu deiner Bewerbung und dem Bewerbungsprozess findest du unter https://www.bmwgroup.jobs/de/de/jobs/richtig-bewerben.html .
Wir bei der BMW Group legen großen Wert auf Gleichbehandlung und Chancengleichheit. Unsere Recruiting-Entscheidungen basieren auf der Persönlichkeit, den Erfahrungen und Fähigkeiten der Bewerber:innen.
Mehr dazu unter www.bmwgroup.jobs/chancengleichheit
Du hast noch Fragen? Hilfreiche Tipps zu deiner Bewerbung und dem Bewerbungsprozess findest duhier .
Worauf kannst du dich freuen?

- Attraktive, faire Vergütung inkl. Weihnachts- und Urlaubsgeld.
- Hervorragende Übernahmechancen.
- Berufsunfähigkeitsversicherung.
- Flexible Arbeitszeiten und Freizeitausgleich.
- Persönliche Förderung.
- Viele Entwicklungsmöglichkeiten.
- Abwechslungsreiche und spannende Aufgaben.
- Attraktive Azubi-Fahrzeugmiete.
- Individuelle Fahrtkostenzuschussregelungen und/oder kostenloses Deutschlandticket.
- Bezuschusste Azubi-Wohnheime (nur am Standort München).
- Vergünstigungen und Mitarbeiterrabatte.
- Betriebsrestaurants und Cafés.
- Fitness- und Freizeitangebote.
- Und vieles mehr siehe bmw.jobs/waswirbieten﻿
Aufgaben","Einleitung
Stellenreferenz: 181681
Mit unseren Marken BMW, MINI, Rolls-Royce und BMW Motorrad sind wir einer der weltweit führenden Premium-Hersteller von Automobilen sowie Motorrädern und darüber hinaus Anbieter von Premium-Finanz- und Mobilitätsdienstleistungen.
Hinweis: Dieser Studiengang wird als Studium mit vertiefter Praxis angeboten.
Du begeisterst dich für das autonome Fahren und möchtest an Zukunftsthemen arbeiten? Dann ist dieses Studium genau das Richtige für dich. Denn hier bist du am Puls der Zeit und mittendrin. Wir stehen heute dank innovativer Technologien auf der Schwelle zum hochautomatisierten Fahren und damit vor spannenden Herausforderungen. Durch dein duales Studium trägst du dazu bei, die digitale Revolution bei uns voranzutreiben. Egal ob autonomes Fahren, vernetzte Fahrzeuge, Data Analytics, App Entwicklung, Cyber Security oder die Optimierung von Produktionsprozessen – ohne dich läuft es nicht!
Was lernst du bei uns?
- Selbstständige Planung und Umsetzung agiler IT-Projekte.
- Grundlagenkenntnisse über die BMW IT-Welt und Mitwirkung bei ihrer Weiterentwicklung.
- Einblicke in die neuesten mobilen Softwareanwendungen.
- Programmiersprachen (bspw. Java oder C++).
- Theoretische Kenntnisse in spannenden Vorlesungen des Studiums wie bspw. autonomes Fahren, Robotik, intelligente Dialogsysteme, Programmier-Module sowie Human Factors und Mensch-Maschine Interaktion, Software-Engineering, IT-Systeme, Algorithmen sowie Datenstrukturen und deren Verbindung zur angewandten Mathematik.
Was erwartet dich nach dem dualen Studium?
- Einstieg in innovativen agilen Projektteams.
- Entwicklung intelligenter Services bspw. für Fahrzeugsysteme unserer Kund:innen.
- Forschung und Entwicklung im Themenfeld autonomes Fahren.
- Optimierung unserer Produktionsprozesse.
- Weiterentwicklung interner IT-Tools und Services.
- Persönliche Weiterentwicklungsmöglichkeiten in Projekt- und Führungspositionen.
Was bringst du mit?
- Motivation und Eigeninitiative.
- Freude an der Zusammenarbeit mit anderen Menschen im multikulturellen/internationalen Umfeld.
- Interesse an IT und Programmierung.
- Analytisches Denkvermögen.
- Spaß am Lösen von Problemen.
- Verständnis für betriebswirtschaftliche Zusammenhänge und Prozesse.
- Serviceorientierung und Kommunikationsstärke.
- Freude an Informatik und Mathe.
- Gute Deutschkenntnisse.
- Gute allgemeine Hochschulreife, Fachhochschulreife.﻿
Ausbildungs- und Studiendauer.
4,5 Jahre
Mehr Infos zum Programmablauf sowie zu den Studieninhalten erhältst duhier .
Startdatum: ab 01.09.2027
Hilfreiche Tipps zu deiner Bewerbung und dem Bewerbungsprozess findest du unter https://www.bmwgroup.jobs/de/de/jobs/richtig-bewerben.html .
Wir bei der BMW Group legen großen Wert auf Gleichbehandlung und Chancengleichheit. Unsere Recruiting-Entscheidungen basieren auf der Persönlichkeit, den Erfahrungen und Fähigkeiten der Bewerber:innen.
Mehr dazu unter www.bmwgroup.jobs/chancengleichheit
Du hast noch Fragen? Hilfreiche Tipps zu deiner Bewerbung und dem Bewerbungsprozess findest duhier .
Worauf kannst du dich freuen?",2026-06-13T10:40:33.661855+00:00
ASD-995020000014103062,ausbildungsstellen_si,Atruvia AG,Münster,Münster Münster,Ausbildung | Duales Studium Wirtschaftsinformatik B.Sc. – Anwendungsentwicklung,dual,,,,60,partner_portal,,,tidak_jelas,"Ansprechpartner*innen
Michael Altefrohne
Ausbildungsleitung Standort Münster
michael.altefrohne@atruvia.de
+49 251 713331383
Volker Elshof
Ausbildungsleitung Standort Münster
volker.elshof@atruvia.de
+49 251 713332476
Vielfalt verbindet.
Wir möchten noch vielfältiger werden und sprechen alle Menschen gleichermaßen an, die mit ihren Qualifikationen zu uns und zur ausgeschriebenen Stelle passen – unabhängig von Alter, Geschlecht, Bildung, Behinderung, ethnischer Herkunft und Nationalität, Religion, sexueller Orientierung oder sozialer Herkunft.
Atruvia AG | GAD-Straße 2-6, 48163 Münster | www.atruvia.de",,Atruvia AG | Ausbildung | Duales Studium Wirtschaftsinformatik B.Sc. – Anwendungsentwicklung | Münster,ya,belum,rendah,"Duales Studium Wirtschaftsinformatik B.Sc. – Anwendungsentwicklung

Deine Aufgaben:
- Erlernen von Programmiersprachen und Entwicklungswerkzeugen: Du baust wichtige Skills für die Softwareentwicklung auf.
- Entwicklung und Anpassung von Softwarelösungen für Banken: Du gestaltest innovative Anwendungen und optimierst bestehende Systeme.
- Analyse und Optimierung betrieblicher Prozesse mithilfe von IT: Du machst Geschäftsprozesse effizienter und zukunftssicher.
- Design und Entwicklung von Web- und Benutzeroberflächen: Du sorgst für intuitive und ansprechende Nutzererlebnisse.
- Testing, Dokumentation und Qualitätssicherung von Anwendungen: Du stellst sicher, dass unsere Softwarelösungen stabil und hochwertig sind.Dein duales Studium:
In drei Jahren wirst du zum Wirtschaftsinformatik-Profi! Dein Studium an der Hochschule Weserbergland wird durch praktische Einsätze in unseren IT-Abteilungen ergänzt. Hier arbeitest du an realen Projekten und sammelst wertvolle Erfahrungen.
- Vorlesungen: Methodische Softwareentwicklung, Datenbanken und Finanzdienstleistungen sind nur einige der spannenden Themen.
- Praxiszeit: Du lernst alles über bankwirtschaftliche Prozesse, IT-Architekturen und Softwareentwicklung.
- Künstliche Intelligenz: Du lernst, wie du KI-Tools im Arbeitsalltag sinnvoll einsetzt, Daten richtig einschätzt und eigene Ideen mit modernen Technologien umsetzt – ein echtes Plus für deine berufliche Zukunft.
- Projekte: Arbeite mit IT-Expert:innen an innovativen Projekten.
- Einführungswochen: Gemeinsames Teamtraining, spannende Seminare und Vorträge.
- Workshops: Nimm an Hackathons und fachlichen Workshops teil und vernetze dich mit Azubis und KollegInnen.
- Übernahmeprozess: Unser Ziel ist deine unbefristete Übernahme nach erfolgreichem Abschluss.
Anforderungen:
- Du hast (bald) Abitur oder Fachabitur.
- Du interessierst dich für IT und wirtschaftliche Zusammenhänge.
- Du sprichst fließend Deutsch (mindestens C1) und bist gut in Englisch.
- Du kannst logisch und analytisch denken.
- Du hast Spaß an der Arbeit im Team.
Was uns ausmacht:
Neue Perspektiven: Bei Atruvia lernst du von den Besten der Banken-IT – und wirst schon bald selbst ein Teil davon.
- Erstklassige Ausbildung: Mehrfach ausgezeichnet und auf höchstem Niveau.
- Vielfältige Weiterbildungsmöglichkeiten: Immer am Puls der Zeit.
- Hervorragende Feedback- und Lernkultur: Wir wachsen gemeinsam.

- Agile und innovative Projekte: Sei Teil spannender Entwicklungen.Was wir bieten:
- Mehr als nur Reinschnuppern: Bei Atruvia bist du vom ersten Tag an ein wertvolles Teammitglied und übernimmst spannende Aufgaben.
- Attraktive Vergütung und Nebenleistungen: 13. & 14. Gehalt, Fahrtkostenzuschuss, bezuschusstes Mittagessen in unseren Betriebsrestaurants u. v. m.
- Offene und motivierende Teamkultur: Gemeinsam erreichen wir mehr.
- Individuelle Betreuung und Förderung: Wir unterstützen dich persönlich.
- Selbstständiges und eigenverantwortliches Arbeiten: Deine Ideen zählen.
So bewirbst du dich:",,2026-06-13T12:28:24.318934+00:00
ASD-995020000014103063,ausbildungsstellen_si,Atruvia AG,Münster,GAD-Straße 2-6 48163 Münster,Ausbildung | Duales Studium Informatik B.Sc. – Anwendungsentwicklung,dual,,,,60,partner_portal,,,tidak_jelas,"Ansprechpartner*innen
Michael Altefrohne
Ausbildungsleitung Standort Münster
michael.altefrohne@atruvia.de
+49 251 713331383
Volker Elshof
Ausbildungsleitung Standort Münster
volker.elshof@atruvia.de
+49 251 713332476
Vielfalt verbindet.
Wir möchten noch vielfältiger werden und sprechen alle Menschen gleichermaßen an, die mit ihren Qualifikationen zu uns und zur ausgeschriebenen Stelle passen – unabhängig von Alter, Geschlecht, Bildung, Behinderung, ethnischer Herkunft und Nationalität, Religion, sexueller Orientierung oder sozialer Herkunft.
Atruvia AG | GAD-Straße 2-6, 48163 Münster | www.atruvia.de",,Atruvia AG | Ausbildung | Duales Studium Informatik B.Sc. – Anwendungsentwicklung | Münster,ya,belum,rendah,"Duales Studium Informatik B.Sc. – Anwendungsentwicklung

Deine Aufgaben:
- Entwicklung und Implementierung von Software für Banken: Du programmierst innovative Anwendungen mit modernen Programmiersprachen.
- Design und Optimierung von IT-Systemen und Architekturen: Du gestaltest leistungsstarke und zukunftssichere Lösungen.
- Entwicklung von Webanwendungen und nutzerfreundlichen Interfaces: Du sorgst für intuitive und effiziente Nutzererlebnisse.
- Testing, Debugging und Performance-Optimierung: Du stellst sicher, dass unsere Anwendungen stabil und schnell laufen.
- Arbeit mit Datenbanken, Cloud-Technologien und Sicherheitskonzepten: Du bringst deine Expertise in vielseitigen Projekten ein.Dein duales Studium:
In drei Jahren wirst du zum Software-Profi! Dein Studium an der FH Münster am Technologie-Campus Steinfurt wird durch praktische Einsätze in unseren IT-Abteilungen ergänzt. Hier arbeitest du an realen Projekten und sammelst wertvolle Erfahrungen.
- Vorlesungen: Algorithmen, Künstliche Intelligenz und IT-Security sind nur einige der spannenden Themen.
- Praxiszeit: Du lernst alles über moderne Softwareentwicklung, Testing, Datenbanken und Cloud-Technologien.
- Künstliche Intelligenz: Du lernst, wie du KI-Tools im Arbeitsalltag sinnvoll einsetzt, Daten richtig einschätzt und eigene Ideen mit modernen Technologien umsetzt – ein echtes Plus für deine berufliche Zukunft.
- Projekte: Arbeite mit IT-Expert:innen an innovativen Projekten.
- Einführungswochen: Gemeinsames Teamtraining, spannende Seminare und Vorträge
- Workshops: Nimm an Hackathons und fachlichen Workshops teil und vernetze dich mit Azubis und Kolleg:innen.
- Übernahmeprozess: Unser Ziel ist deine unbefristete Übernahme nach erfolgreichem Abschluss.
Anforderungen:
- Du hast (bald) Abitur oder Fachabitur.
- Du begeisterst dich für Softwareentwicklung und neue Technologien.
- Du sprichst fließend Deutsch (mindestens C1) und bist gut in Englisch.
- Du kannst logisch und analytisch denken.
- Du hast Spaß an der Arbeit im Team.
Was uns ausmacht:
Neue Perspektiven: Bei Atruvia lernst du von den Besten der Banken-IT – und wirst schon bald selbst ein Teil davon.
- Erstklassige Ausbildung: Mehrfach ausgezeichnet und auf höchstem Niveau.
- Vielfältige Weiterbildungsmöglichkeiten: Immer am Puls der Zeit.
- Hervorragende Feedback- und Lernkultur: Wir wachsen gemeinsam.

- Agile und innovative Projekte: Sei Teil spannender Entwicklungen.Was wir bieten:
Mehr als nur Reinschnuppern: Bei Atruvia bist du vom ersten Tag an ein wertvolles Teammitglied und übernimmst spannende Aufgaben.
- Attraktive Vergütung und Nebenleistungen: 13. & 14. Gehalt, Fahrtkostenzuschuss, bezuschusstes Mittagessen in unseren Betriebsrestaurants u. v. m.
- Offene und motivierende Teamkultur: Gemeinsam erreichen wir mehr.
- Individuelle Betreuung und Förderung: Wir unterstützen dich persönlich.
- Selbstständiges und eigenverantwortliches Arbeiten: Deine Ideen zählen.
So bewirbst du dich:",,2026-06-13T12:28:31.514608+00:00
STEP-13967713,stepstone_de_ae,DATEV eG Zentrale,Nürnberg,"Nürnberg, Muggenhof Nürnberg","Ausbildung | Fachinformatiker für Anwendungsentwicklung (m/w/d), ab 09/2026",dual,,,,60,empty,,https://twitter.com/stepstone_de,portal,"Kontakt
Interessiert?
Du möchtest mehr erfahren?
Dann freuen wir uns auf deine Bewerbung über unser Karriereportal. Um den Bewerbungsprozess schnell und sicher zu gestalten, richte bitte einen Bewerbungsaccount ein. Bei Fragen kannst du uns jederzeit kontaktieren:
Kontakt:
Fabian Karl
Telefon: 0911 / 319-58751
E-Mail: ausbildung@datev.de
Bewirb dich jetzt und starte deine Zukunft mit DATEV!",,"DATEV eG Zentrale | Ausbildung | Fachinformatiker für Anwendungsentwicklung (m/w/d), ab 09/2026 | Nürnberg",tidak,belum,sedang,"Ausbildung Fachinformatiker für Anwendungsentwicklung (m/w/d), ab 09/2026

Bei DATEV arbeitest du nicht nur in einem Team, sondern bist von Anfang an Teil einer Gemeinschaft, die rund 200 Auszubildende und dual Studierende umfasst. Du bist in verschiedene Aufgaben eingebunden, die sowohl herausfordernd als auch abwechslungsreich sind. Gemeinsam sorgen wir für exzellente Kundenberatung und langfristige Geschäftsbeziehungen. Du arbeitest in einem dynamischen und innovativen Umfeld, das neuen Ideen und Weiterentwicklungen stets offen gegenübersteht.
Ihre Aufgaben
Das ist dein Arbeitsumfeld:
Das sind deine Aufgaben:
Programmierung: Du lernst verschiedene Programmiersprachen kennen, z.B. Java oder C# und nutzt sie in echten Softwareprojekten.
Entwicklung von Softwarelösungen: Du entwickelst gemeinsam mit deinem Team Softwarelösungen für echte Kundenbedürfnisse.
Qualitätssicherung: Du testest Anwendungen automatisiert und findest dabei Fehler, bevor sie beim Kunden ankommen.
Agilität: Du arbeitest mit modernen Entwicklungsmethoden wie Scrum oder Kanban – das heißt: kurze Abstimmungen, klare Ziele, schnelle Ergebnisse.
Ihr Profil
Das suchen wir:
Teamfähigkeit: Du hast Spaß daran, sowohl im Team zu arbeiten als auch eigenverantwortlich Aufgaben zu übernehmen.
Logisches Denkvermögen: Es fällt dir leicht logische Zusammenhänge zu erfassen und Neues zu lernen.
Digitale Affinität: Du fühlst dich in der digitalen Welt wohl und willst sie aktiv mitgestalten.

Voraussetzungen: Du hast einen mittleren Schulabschluss oder Abitur/Fachabitur mit guten Ergebnissen
Erfahrung: Erste Erfahrungen in der Nutzung von Programmiersprachen im schulischen oder privaten Bereich sind von Vorteil, aber kein Muss.
Kommunikationsstärke: Du fühlst dich wohl im Gespräch mit anderen und bringst dich aktiv ein.

Wir bieten
Unser Video zur Ausbildung bietet dir weitere spannende Einblicke.
Das bieten wir dir:
Betreuung: Wir bieten dir eine individuelle Ausbildungs- und Einsatzplanung sowie persönliche und fachliche Betreuung durch kompetente Ansprechpartner:innen.
Attraktive Vergütung und Benefits: Neben einer fairen Bezahlung profitierst du von zahlreichen Vorteilen, wie flexiblen Arbeitszeiten, der Möglichkeit zum mobilen Arbeiten und einem modern ausgestatteten Arbeitsplatz
Flexible Arbeitsgestaltung: Du hast die Möglichkeit, das Studium und die Arbeit so zu gestalten, dass sie zu deinem Leben passen. Flexibilität und eine gute Work-Life-Balance sind uns wichtig.
Und vieles mehr…
Das sind wir:
DATEV ist mehr als nur ein Arbeitgeber – wir sind eine starke Community, die mit Leidenschaft und Innovation die Digitalisierung der Geschäftsprozesse unserer über 700.000 Kunden vorantreibt. Dabei setzen wir auf Vielfalt, Offenheit und Chancengleichheit – damit alle Mitarbeitenden in einer Umgebung arbeiten können, in der sie sich entfalten und Gleichberechtigung erleben. #WirsindDATEV","Voraussetzungen: Du hast einen mittleren Schulabschluss oder Abitur/Fachabitur mit guten Ergebnissen
Erfahrung: Erste Erfahrungen in der Nutzung von Programmiersprachen im schulischen oder privaten Bereich sind von Vorteil, aber kein Muss.
Kommunikationsstärke: Du fühlst dich wohl im Gespräch mit anderen und bringst dich aktiv ein.",2026-06-12T20:03:35.784998+00:00
AZDE-10278818,azubi_de_fi,WITRON Logistik + Informatik GmbH,Parkstein,92711 Parkstein DE,Ausbildung | 2026 - Duales Studium (Verbundstudium) - Industrie-4.0-Informatik,dual,,,"jährlich zum 1. September
- Ausbildungsdauer: etwa 4½ Jahre
- Studium: an einer regionalen Hochschule
Du passt gut zu uns",60,empty,,https://www.azubi.de/ausbildungsplatz/10278818-b-2026-duales-studium-verbundstudium-industrie-4-0-informatik/apply,portal,,,WITRON Logistik + Informatik GmbH | Ausbildung | 2026 - Duales Studium (Verbundstudium) - Industrie-4.0-Informatik | Parkstein,tidak,belum,sedang,"2026 - Duales Studium (Verbundstudium) - Industrie-4.0-Informatik

Einleitung
Die WITRON Gruppe ist der starke Partner für hochautomatisierte Logistiksysteme. Von der Planung über die Realisierung bis hin zur Wartung. Unsere Teams – für weit mehr zuständig als nur Mechanik, Elektronik, Mechatronik und IT – achten auf den Takt und legen in unseren Hightech-Anlagen Hand an. Professionell, super ausgestattet, mit der vollen Power für die richtige Lösung.
Studieren und gleichzeitig einen Berufsabschluss erwerben! In den ersten 13 Monaten wirst du bei uns in Parkstein und der jeweiligen Berufsschule in deinem gewünschten Beruf ausgebildet. Dann kombinierst du das dazugehörige Bachelorstudium an einer regionalen Hochschule mit deiner regulären Ausbildung. Während der vorlesungsfreien Zeit bist du in die WITRON-Projektarbeit eingebunden und erwirbst somit parallel zum Studium bereits umfangreiche Berufserfahrungen und lernst die betrieblichen Abläufe und Projekte kennen. Diese Praxisphasen werden selbstverständlich vergütet. Eine hohe Übernahmechance nach deinem Studium versteht sich von selbst.

Wir bieten dir
- übertarifliche Ausbildungsvergütung & Gewinnbeteiligung
- Führerscheinzuschuss in Höhe von bis zu 1.500 €
- diverse Prämien für gute Leistungen
- stark bezuschusste Verpflegung in unseren 5 Kantinen
Dein Duales Studium im Überblick
- Start: jährlich zum 1. September
- Ausbildungsdauer: etwa 4½ Jahre
- Studium: an einer regionalen Hochschule
Du passt gut zu uns
- allgemeine bzw. fachgebundene Fachhochschulreife
- gute Noten im technischen bzw. mathematischen Bereich
▶ Gerne kannst du auch ein Praktikum bei uns absolvieren.
Aufgaben","Einleitung
Die WITRON Gruppe ist der starke Partner für hochautomatisierte Logistiksysteme. Von der Planung über die Realisierung bis hin zur Wartung. Unsere Teams – für weit mehr zuständig als nur Mechanik, Elektronik, Mechatronik und IT – achten auf den Takt und legen in unseren Hightech-Anlagen Hand an. Professionell, super ausgestattet, mit der vollen Power für die richtige Lösung.
Studieren und gleichzeitig einen Berufsabschluss erwerben! In den ersten 13 Monaten wirst du bei uns in Parkstein und der jeweiligen Berufsschule in deinem gewünschten Beruf ausgebildet. Dann kombinierst du das dazugehörige Bachelorstudium an einer regionalen Hochschule mit deiner regulären Ausbildung. Während der vorlesungsfreien Zeit bist du in die WITRON-Projektarbeit eingebunden und erwirbst somit parallel zum Studium bereits umfangreiche Berufserfahrungen und lernst die betrieblichen Abläufe und Projekte kennen. Diese Praxisphasen werden selbstverständlich vergütet. Eine hohe Übernahmechance nach deinem Studium versteht sich von selbst.",2026-06-13T10:33:27.173025+00:00
AZDE-10278819,azubi_de_fi,WITRON Logistik + Informatik GmbH,Parkstein,92711 Parkstein DE,Ausbildung | 2026 - Duales Studium (Verbundstudium) - Informationstechnik (m/w/d),dual,,,"jährlich zum 1. September
- Ausbildungsdauer: etwa 4½ Jahre
- Studium: an einer regionalen Hochschule
Du passt gut zu uns mit",60,empty,,https://www.azubi.de/ausbildungsplatz/10278819-b-2026-duales-studium-verbundstudium-informationstechnik-m-w-d/apply,portal,,,WITRON Logistik + Informatik GmbH | Ausbildung | 2026 - Duales Studium (Verbundstudium) - Informationstechnik (m/w/d) | Parkstein,tidak,belum,sedang,"2026 - Duales Studium (Verbundstudium) - Informationstechnik (m/w/d)

Einleitung
Die WITRON Gruppe ist der starke Partner für hochautomatisierte Logistiksysteme. Von der Planung über die Realisierung bis hin zur Wartung. Unsere Teams – für weit mehr zuständig als nur Mechanik, Elektronik, Mechatronik und IT – achten auf den Takt und legen in unseren Hightech-Anlagen Hand an. Professionell, super ausgestattet, mit der vollen Power für die richtige Lösung.
Studieren und gleichzeitig einen Berufsabschluss erwerben! In den ersten 13 Monaten wirst du bei uns in Parkstein und der jeweiligen Berufsschule in deinem gewünschten Beruf ausgebildet. Dann kombinierst du das dazugehörige Bachelorstudium an einer regionalen Hochschule mit deiner regulären Ausbildung. Während der vorlesungsfreien Zeit bist du in die WITRON-Projektarbeit eingebunden und erwirbst somit parallel zum Studium bereits umfangreiche Berufserfahrungen und lernst die betrieblichen Abläufe und Projekte kennen. Diese Praxisphasen werden selbstverständlich vergütet. Eine hohe Übernahmechance nach deinem Studium versteht sich von selbst.

Wir bieten dir
- übertarifliche Ausbildungsvergütung & Gewinnbeteiligung
- Führerscheinzuschuss in Höhe von bis zu 1.500 €
- diverse Prämien für gute Leistungen
- stark bezuschusste Verpflegung in unseren 5 Kantinen
Dein Duales Studium im Überblick
- Start: jährlich zum 1. September
- Ausbildungsdauer: etwa 4½ Jahre
- Studium: an einer regionalen Hochschule
Du passt gut zu uns mit
- allgemeiner bzw. fachgebundener Fachhochschulreife
- guten Noten im technischen bzw. mathematischen Bereich
▶ Gerne kannst du auch ein Praktikum bei uns absolvieren.
Aufgaben","Einleitung
Die WITRON Gruppe ist der starke Partner für hochautomatisierte Logistiksysteme. Von der Planung über die Realisierung bis hin zur Wartung. Unsere Teams – für weit mehr zuständig als nur Mechanik, Elektronik, Mechatronik und IT – achten auf den Takt und legen in unseren Hightech-Anlagen Hand an. Professionell, super ausgestattet, mit der vollen Power für die richtige Lösung.
Studieren und gleichzeitig einen Berufsabschluss erwerben! In den ersten 13 Monaten wirst du bei uns in Parkstein und der jeweiligen Berufsschule in deinem gewünschten Beruf ausgebildet. Dann kombinierst du das dazugehörige Bachelorstudium an einer regionalen Hochschule mit deiner regulären Ausbildung. Während der vorlesungsfreien Zeit bist du in die WITRON-Projektarbeit eingebunden und erwirbst somit parallel zum Studium bereits umfangreiche Berufserfahrungen und lernst die betrieblichen Abläufe und Projekte kennen. Diese Praxisphasen werden selbstverständlich vergütet. Eine hohe Übernahmechance nach deinem Studium versteht sich von selbst.",2026-06-13T10:33:27.794790+00:00
AZDE-10278820,azubi_de_fi,WITRON Logistik + Informatik GmbH,Parkstein,92711 Parkstein DE,Ausbildung | 2026 - Duales Studium (Verbundstudium) - Medieninformatik (m/w/d),dual,,,"• Start: jährlich zum 1. September
• Ausbildungsdauer: etwa 4½ Jahre
• Studium: an einer regionalen Hochschule
Du passt gut zu uns mit:",60,empty,,https://www.azubi.de/ausbildungsplatz/10278820-b-2026-duales-studium-verbundstudium-medieninformatik-m-w-d/apply,portal,,,WITRON Logistik + Informatik GmbH | Ausbildung | 2026 - Duales Studium (Verbundstudium) - Medieninformatik (m/w/d) | Parkstein,tidak,belum,sedang,"2026 - Duales Studium (Verbundstudium) - Medieninformatik (m/w/d)

Einleitung
Die WITRON Gruppe ist der starke Partner für hochautomatisierte Logistiksysteme. Von der Planung über die Realisierung bis hin zur Wartung. Unsere Teams – für weit mehr zuständig als nur Mechanik, Elektronik, Mechatronik und IT – achten auf den Takt und legen in unseren Hightech-Anlagen Hand an. Professionell, super ausgestattet, mit der vollen Power für die richtige Lösung.
Studieren und gleichzeitig einen Berufsabschluss erwerben! In den ersten 13 Monaten wirst du bei uns in Parkstein und der jeweiligen Berufsschule in deinem gewünschten Beruf ausgebildet. Dann kombinierst du das dazugehörige Bachelorstudium an einer regionalen Hochschule mit deiner regulären Ausbildung. Während der vorlesungsfreien Zeit bist du in die WITRON-Projektarbeit eingebunden und erwirbst somit parallel zum Studium bereits umfangreiche Berufserfahrungen und lernst die betrieblichen Abläufe und Projekte kennen. Diese Praxisphasen werden selbstverständlich vergütet. Eine hohe Übernahmechance nach deinem Studium versteht sich von selbst.

Wir bieten dir
- übertarifliche Ausbildungsvergütung & Gewinnbeteiligung
- Führerscheinzuschuss in Höhe von bis zu 1.500 €
- diverse Prämien für gute Leistungen
- stark bezuschusste Verpflegung in unseren 5 Kantinen
Dein Duales Studium im Überblick:
• Start: jährlich zum 1. September
• Ausbildungsdauer: etwa 4½ Jahre
• Studium: an einer regionalen Hochschule
Du passt gut zu uns mit:
• allgemeine bzw. fachgebundene Fachhochschulreife
• gute Noten im technischen bzw. mathematischen Bereich
▶ Gerne kannst du auch ein Praktikum bei uns absolvieren.
Aufgaben","Einleitung
Die WITRON Gruppe ist der starke Partner für hochautomatisierte Logistiksysteme. Von der Planung über die Realisierung bis hin zur Wartung. Unsere Teams – für weit mehr zuständig als nur Mechanik, Elektronik, Mechatronik und IT – achten auf den Takt und legen in unseren Hightech-Anlagen Hand an. Professionell, super ausgestattet, mit der vollen Power für die richtige Lösung.
Studieren und gleichzeitig einen Berufsabschluss erwerben! In den ersten 13 Monaten wirst du bei uns in Parkstein und der jeweiligen Berufsschule in deinem gewünschten Beruf ausgebildet. Dann kombinierst du das dazugehörige Bachelorstudium an einer regionalen Hochschule mit deiner regulären Ausbildung. Während der vorlesungsfreien Zeit bist du in die WITRON-Projektarbeit eingebunden und erwirbst somit parallel zum Studium bereits umfangreiche Berufserfahrungen und lernst die betrieblichen Abläufe und Projekte kennen. Diese Praxisphasen werden selbstverständlich vergütet. Eine hohe Übernahmechance nach deinem Studium versteht sich von selbst.",2026-06-13T10:33:28.524985+00:00
10000-1203838434-S,fachinformatiker_ae_2026,LAMILUX Heinrich Strunz GmbH,"Rehau, Oberfranken","Zehstr. 2, 95111 Rehau, Oberfranken",Duales Studium | Fachinformatiker/in - Anwendungsentwicklung,dual,2026,,,60,ba_portal,,https://www.arbeitsagentur.de/jobsuche/jobdetail/10000-1203838434-S,ba_portal,,https://www.arbeitsagentur.de/jobsuche/jobdetail/10000-1203838434-S,"LAMILUX Heinrich Strunz GmbH | Duales Studium | Fachinformatiker/in - Anwendungsentwicklung | Rehau, Oberfranken",ya,belum,rendah,"Lust auf

# Studium Informatik?

## Ihr Job. Ihre Zukunft. Ihre LAMILUX Familie.

# Was macht ein Informatiker (m/w/d)?

- Entwicklung von Softwarelösungen und Multimediaanwendungen
- Installation, Konﬁguration und Administration von Hard- und Software
- Erstellung, Pﬂege und Anpassung von Programmen
- Erlernen von Methoden der Projektplanung, -durchführung und -kontrolle, einschließlich Qualitätssicherung
- Seminare, Workshops und Veranstaltungen wie z. B. Soft- und Hardwareschulungen

### Was solltest du mitbringen?

- Gutes Fachabitur oder Abitur
- Begeisterungsfähigkeit für technische Zusammenhänge und smarte Technologien
- Logisch-analytische Fähigkeiten und Problemlösungsfähigkeit
- Flexibilität, Kommunikations- und Teamfähigkeit
- Zuverlässigkeit, Engagement und Ehrgeiz

### Welche Entwicklungsmöglichkeiten gibt es?

- Weiterführendes Masterstudium z.B. im Bereich Informatik oder Wirtschaftsinformatik
- Spezialisierung und Fortbildungsmaßnahmen z.B. im Bereich IT-Sicherheit

### Wichtige Schulfächer

- Mathematik
- Informationstechnologie
- Deutsch
- Englisch

### Studienort und -dauer

- 4,5 Jahre
- Berufsschule: Bayreuth
- Studienort: Hochschule Hof

### Wissenswertes zum Studium

- Zwei Abschlüsse: Fachinformatiker Anwendungsentwicklung (m/w/d) und Bachelor of Science im Studiengang Informatik",,2026-06-11T08:15:32.259036+00:00
AZUB-g2d2b8c8,azubiyo_de_ae,Azubiyo,"Schalksmühle, Dahlerbrück, Heedfeld, Klagebach","Im Gewerbepark 1 58579 Schalksmühle, Dahlerbrück, Heedfeld, Klagebach Nordrhein-Westfalen",Ausbildung | Fachinformatiker:in für Anwendungsentwicklung (m/w/d) - Duales Studium möglich,dual,,,"1.242,96 €, 1.297,67 €, 1.378,93 €",60,empty,,https://www.azubiyo.de/stellenanzeigen/G2D2B8C8/bewerben/,portal,,,"Azubiyo | Ausbildung | Fachinformatiker:in für Anwendungsentwicklung (m/w/d) - Duales Studium möglich | Schalksmühle, Dahlerbrück, Heedfeld, Klagebach",tidak,belum,sedang,"Fachinformatiker:in für Anwendungsentwicklung (m/w/d) - Duales Studium möglich

- Schulabschluss: Fachoberschulreife oder besserDas erwartet Dich

Wir bieten unseren Auszubildenden regelmäßige Azubi-Tage, an denen der gemeinsame Austausch im Mittelpunkt steht – und der Spaß natürlich nicht zu kurz kommt. In spannenden Azubi-Projekten kannst du außerdem eigene Ideen einbringen. Du profitierst von einer individuellen Betreuung durch deine Ausbilder:innen und kannst dich während deiner gesamten Ausbildung auf das Spelsberg-Team verlassen, das dir bei Fragen und Anliegen stets zur Seite steht. Mit uns bist du optimal auf deine anstehenden Prüfungen vorbereitet – sodass deiner weiteren Karriere nichts mehr im Weg steht.
Du interessierst dich für ein duales Studium? Füge in deiner Bewerbung auf deinen Wunsch-Ausbildungsberuf einfach einen Vermerk hinzu, dass du an einem dualen Studium interessiert bist. Über die Einzelheiten (Studiengang und Hochschule) können wir uns gerne im Bewerbungsprozess unterhalten.",,2026-06-12T09:54:44.881757+00:00
10000-1203965160-S,fachinformatiker_ae_2026,Focke & Co. (GmbH & Co. KG),Verden (Aller),"Siemensstr. 10, 27283 Verden (Aller)",Duales Studium | Fachinformatiker/in - Anwendungsentwicklung,dual,2026,,,60,ba_portal,,https://www.arbeitsagentur.de/jobsuche/jobdetail/10000-1203965160-S,ba_portal,,https://www.arbeitsagentur.de/jobsuche/jobdetail/10000-1203965160-S,Focke & Co. (GmbH & Co. KG) | Duales Studium | Fachinformatiker/in - Anwendungsentwicklung | Verden (Aller),ya,belum,rendah,"Im Zuge der digitalen Transformation wachsen traditioneller Maschinenbau und IT immer mehr zusammen. Das duale Studium Informatik verbindet die praxisorientierte Berufsausbildung zum Fachinformatiker/in für Anwendungsentwicklung bei FOCKE & CO. mit dem Studium an der Hochschule Bremen. So werden während des Studiums ein Praxissemester und ein Industrieprojekt bei FOCKE & CO absolviert, weiterhin besuchen Sie Module u.a. in den Bereichen Mathematik, Softwaretechnik und Elektrotechnik. Der Berufsschulunterricht findet an einem Nachmittag pro Woche statt.

**Was Sie mitbringen sollten**
• Fachhochschul- oder allgemeine Hochschulreife
• Sehr gute bis gute Noten in Englisch, Mathematik und Informatik
• Interesse an neuen Technologien, IT-Lösungen und Digitalisierung
• Engagement und Eigeninitiative
• Kommunikations- und Teamfähigkeit

**Wie Ihr duales Studium abläuft**
• Ausbildungsdauer: 3,5 Jahre
• Theoriesemester an der Hochschule Bremen
• Praxisphasen bei FOCKE & CO in Verden
• Abschluss Fachinformatiker/in für Anwendungsentwicklung nach 3 Jahren
• Abschluss Bachelor of Science nach 3,5 Jahren",,2026-06-11T08:15:28.442568+00:00
ASD-990610001086039338,ausbildungsstellen_si,Atruvia AG,,,Ausbildung | Erstklassige Ausbildung: Mehrfach ausgezeichnete Programme auf hohem Niveau.,dual,,,"1.313 €, 1.431 €, 1.551 €",53,empty,,javascript:,portal,"Wir schützen die Kontaktdaten des Arbeitgebers vor unerlaubten Zugriffen. Bitte geben Sie die dargestellten Zeichen in das Textfeld ein, um die Kontaktdaten des Arbeitgebers anzuzeigen.
Anderes Bild laden
Audioversion abspielen
Hinweis: Die dargestellten Zeichen enthalten keine Umlaute (ä, ö, ü oder ß), Sonderzeichen oder Leerzeichen.
Dargestellte Zeichen
Absenden
Fußbereich
Stelle betreut durch die BA
Referenz-Nr.: 10001-1003052200-S
Verstoß melden",,Atruvia AG | Ausbildung | Erstklassige Ausbildung: Mehrfach ausgezeichnete Programme auf hohem Niveau.,tidak,belum,sedang,"Erstklassige Ausbildung: Mehrfach ausgezeichnete Programme auf hohem Niveau.

Deine Aufgaben:
Erlernen von Programmiersprachen und Entwicklungswerkzeugen: Du baust grundlegende Kompetenzen in der Softwareentwicklung auf.
Entwicklung und Anpassung von Softwarelösungen für Banken: Du wirkst an der Gestaltung neuer Anwendungen und der Optimierung bestehender Systeme mit.
Analyse und Optimierung betrieblicher Prozesse mithilfe von IT: Du analysierst Geschäftsprozesse und trägst dazu bei, sie effizienter und zukunftssicher zu gestalten.
Design und Entwicklung von Web- und Benutzeroberflächen: Du entwickelst intuitive, ansprechende Benutzeroberflächen.
Testing, Dokumentation und Qualitätssicherung von Anwendungen: Du prüfst Anwendungen, dokumentierst Ergebnisse und sicherst ihre Qualität.
Dein duales Studium:
Das Studium dauert drei Jahre und schließt mit dem Bachelor of Science ab.
Vorlesungen: Methodische Softwareentwicklung, Datenbanken, Finanzdienstleistungen sowie betriebswirtschaftliche und IT-bezogene Inhalte an der Hochschule Weserbergland.
Praxiszeit: Du lernst bankwirtschaftliche Prozesse, IT-Architekturen und Softwareentwicklung in verschiedenen Projekten kennen.
Künstliche Intelligenz: Du lernst, KI-Tools im Arbeitsalltag sinnvoll einzusetzen und Daten fundiert zu bewerten.
Projekte: Du arbeitest gemeinsam mit IT-Expert:innen an innovativen Projekten.
Workshops: Teilnahme an Hackathons und fachlichen Workshops sowie Vernetzung mit Auszubildenden und Kolleg:innen.
Übernahmeprozess: Ziel ist deine unbefristete Übernahme nach erfolgreichem Abschluss, abhängig von deinen Leistungen und den betrieblichen Möglichkeiten.
Was uns ausmacht:
Neue Perspektiven: Du lernst von erfahrenen Expert:innen der Banken-IT.
Erstklassige Ausbildung: Mehrfach ausgezeichnete Programme auf hohem Niveau.
Vielfältige Weiterbildungsmöglichkeiten: Du bleibst fachlich und persönlich auf dem aktuellen Stand.
Hervorragende Feedback- und Lernkultur: Du erhältst regelmäßige Rückmeldungen und Unterstützung.
Agile und innovative Projekte: Du arbeitest in modernen IT-Umgebungen.

Was wir bieten:
Mehr als nur Reinschnuppern: Du übernimmst von Beginn an verantwortungsvolle Aufgaben.
Attraktive Vergütung und Nebenleistungen: 13. und 14. Monatsgehalt, Zuschuss zu Fahrtkosten, bezuschusstes Mittagessen in unseren Betriebsrestaurants u.v.m.
Offene und motivierende Teamkultur: Kollegiales und wertschätzendes Miteinander.
Individuelle Betreuung und Förderung: Persönliche Begleitung durch Ausbilder:innen und Betreuende.
Selbstständiges und eigenverantwortliches Arbeiten: Deine Ideen sind ausdrücklich erwünscht.
Anforderungen:
Du hast (bald) Abitur oder Fachhochschulreife.
Du interessierst dich für IT und wirtschaftliche Zusammenhänge.
Du sprichst fließend Deutsch (mindestens Niveau C1) und bist gut in Englisch.
Du kannst logisch und analytisch denken.
Du hast Spaß an der Arbeit im Team.
So bewirbst du dich:",,2026-06-13T12:15:54.542997+00:00
ASD-990610001534131097,ausbildungsstellen_si,Atruvia AG,,,Ausbildung | Erstklassige Ausbildung: Mehrfach ausgezeichnete Programme auf hohem Niveau.,dual,,,"1.313 €, 1.431 €, 1.551 €",53,empty,,javascript:,portal,"Wir schützen die Kontaktdaten des Arbeitgebers vor unerlaubten Zugriffen. Bitte geben Sie die dargestellten Zeichen in das Textfeld ein, um die Kontaktdaten des Arbeitgebers anzuzeigen.
Anderes Bild laden
Audioversion abspielen
Hinweis: Die dargestellten Zeichen enthalten keine Umlaute (ä, ö, ü oder ß), Sonderzeichen oder Leerzeichen.
Dargestellte Zeichen
Absenden
Fußbereich
Stelle betreut durch die BA
Referenz-Nr.: 10001-1003043472-S
Verstoß melden",,Atruvia AG | Ausbildung | Erstklassige Ausbildung: Mehrfach ausgezeichnete Programme auf hohem Niveau.,tidak,belum,sedang,"Erstklassige Ausbildung: Mehrfach ausgezeichnete Programme auf hohem Niveau.

Deine Aufgaben:
Entwicklung und Implementierung von Software für Banken: Du programmierst Anwendungen mit modernen Programmiersprachen und unterstützt die Einführung neuer Softwarelösungen.
Design und Optimierung von IT-Systemen und Architekturen: Du bist an der Gestaltung leistungsfähiger und zukunftssicherer IT-Systeme beteiligt.
Entwicklung von Webanwendungen und nutzerfreundlichen Interfaces: Du arbeitest an der Umsetzung intuitiver und effizienter Benutzeroberflächen.
Testing, Debugging und Performance-Optimierung: Du führst Tests durch, analysierst Fehler und optimierst die Stabilität und Performance von Anwendungen.
Arbeit mit Datenbanken, Cloud-Technologien und Sicherheitskonzepten: Du setzt Datenbanken, Cloud-Lösungen und IT-Sicherheitskonzepte in Projekten ein.
Dein duales Studium:
In der Regel schließt du dein Studium nach drei Jahren mit dem Bachelor of Science ab.
Vorlesungen: Algorithmen, Künstliche Intelligenz, IT-Security, Software Engineering, Datenbanken u.v.m. an der FH Münster (Technologie-Campus Steinfurt).
Praxiszeit: Einsätze in verschiedenen IT-Bereichen, in denen du moderne Softwareentwicklung, Testing, Datenbanken und Cloud-Technologien kennenlernst.
Künstliche Intelligenz: Du lernst, KI-Tools im Arbeitsalltag sinnvoll zu nutzen und Daten fundiert zu bewerten.
Projekte: Du arbeitest gemeinsam mit IT-Expert:innen an innovativen Projekten.
Einführungswochen: Gemeinsame Teamtrainings, Seminare und Vorträge erleichtern dir den Einstieg.
Workshops: Teilnahme an Hackathons und fachlichen Workshops sowie Vernetzung mit Auszubildenden und Kolleg:innen.
Übernahmeprozess: Ziel ist deine unbefristete Übernahme nach erfolgreichem Abschluss, abhängig von deinen Leistungen und den betrieblichen Möglichkeiten.
Was uns ausmacht:
Neue Perspektiven: Du lernst von erfahrenen Expert:innen der Banken-IT.
Erstklassige Ausbildung: Mehrfach ausgezeichnete Programme auf hohem Niveau.
Vielfältige Weiterbildungsmöglichkeiten: Du bleibst fachlich und persönlich auf dem aktuellen Stand.
Hervorragende Feedback- und Lernkultur: Du erhältst regelmäßige Rückmeldungen und Unterstützung.
Agile und innovative Projekte: Du arbeitest in modernen IT-Umgebungen.

Was wir bieten:
Mehr als nur Reinschnuppern: Du übernimmst von Beginn an verantwortungsvolle Aufgaben.
Attraktive Vergütung und Nebenleistungen: 13. und 14. Monatsgehalt, Zuschuss zu Fahrtkosten, bezuschusstes Mittagessen in unseren Betriebsrestaurants u.v.m.
Offene und motivierende Teamkultur: Kollegiales, wertschätzendes Miteinander.
Individuelle Betreuung und Förderung: Persönliche Begleitung durch Ausbilder:innen und Betreuende.
Selbstständiges und eigenverantwortliches Arbeiten: Deine Ideen sind ausdrücklich erwünscht.
Anforderungen:
Du hast (bald) Abitur oder Fachhochschulreife.
Du begeisterst dich für Softwareentwicklung und neue Technologien.
Du sprichst fließend Deutsch (mindestens Niveau C1) und bist gut in Englisch.
Du kannst logisch und analytisch denken.
Du arbeitest gerne im Team.
So bewirbst du dich:",,2026-06-13T12:16:27.420529+00:00
ASD-990610000226332350,ausbildungsstellen_si,Computacenter AG & Co. oHG,,,Ausbildung | Stellendetails zu: Duales Studium Wirtschaftsinformatik an der TH Brandenburg w/m/d- Ausbildung,dual,,,,53,empty,,javascript:,portal,"Wir schützen die Kontaktdaten des Arbeitgebers vor unerlaubten Zugriffen. Bitte geben Sie die dargestellten Zeichen in das Textfeld ein, um die Kontaktdaten des Arbeitgebers anzuzeigen.
Anderes Bild laden
Audioversion abspielen
Hinweis: Die dargestellten Zeichen enthalten keine Umlaute (ä, ö, ü oder ß), Sonderzeichen oder Leerzeichen.
Dargestellte Zeichen
Absenden
Fußbereich
Stelle betreut durch die BA
Referenz-Nr.: 10001-1001687606-S
Verstoß melden",,Computacenter AG & Co. oHG | Ausbildung | Stellendetails zu: Duales Studium Wirtschaftsinformatik an der TH Brandenburg w/m/d- Ausbildung,tidak,belum,sedang,"Stellendetails zu: Duales Studium Wirtschaftsinformatik an der TH Brandenburg w/m/d- Ausbildung

Deine Aufgaben
In der Hochschule lernst Du die Basis, bei uns kannst Du das Gelernte sofort anwenden. Das macht das Lernen leichter und effizienter. Du bist vom ersten Tag des Studiums Teil unseres Consultancy Teams. Du kannst nicht nur hautnah erleben, wie wir digitale Lösungen für unsere unterschiedlichsten Kunden erstellen, sondern wirst von Anfang an beteiligt.
Als Student:in der Wirtschaftsinformatik wirst Du bei uns sowohl die organisatorische als auch die technologische Seite bei der Konzeption, Umsetzung und Einführung von digitalen Lösungen kennenlernen. Ob bei unseren internationalen Großkunden oder für eine moderne Öffentliche Verwaltung: reibungslose Abläufe, sichere Lösungsansätze und der Einsatz moderner Technologien sind Deine Welt.
Das Hochschulstudium Wirtschaftsinformatik absolvierst Du an der TH Brandenburg. Diese Theoriephasen wechseln sich blockweise mit Praxisphasen in unserer Berliner Geschäftsstelle ab.

Dein Profil
[Fach-]Abitur
Begeisterung für die Wirkung moderner IT-Lösungen
Erste Erfahrungen im Programmieren wünschenswert
im Idealfall sogar schon erste praktische Erfahrungen, z.B. im Rahmen eines Schülerpraktikums
Wir suchen kreative Menschen, die Lust haben, gemeinsam im Team digitale Lösungen zu entwickeln und zum Einsatz zu bringen. Es reizt Dich, Dein Organisationstalent und Deine technische Begabung einzusetzen und selbstständig Lösungen zu erarbeiten.

Wir bieten
eigenes Notebook
regelmäßige Trainings, sowohl fachspezifisch als auch berufsübergreifend
sehr gute Übernahmechancen – durchschnittliche Übernahmequote: 84%
Prämien bei guten und sehr guten Abschlüssen
Ausbildung bei Computacenter:
Mach IT auch zu Deiner Zukunft und starte Deine Ausbildung bei uns – Europas führendem herstellerübergreifenden IT-Dienstleister. Hier arbeiten rund 18.000 Menschen weltweit an großen Projekten für internationale Kunden. Dazu zählen unter anderem die Mehrheit der DAX-40-Unternehmen, aber auch öffentliche Auftraggeber auf Länder- und Bundesebene.
Deine Bewerbung:
Wir freuen uns auf Deine Online-Bewerbung, unabhängig von Geschlecht, Alter, sexueller Orientierung, Nationalität, ethnischer und sozialer Herkunft sowie Religion. Bewerbungen von schwerbehinderten Menschen sind bei Computacenter willkommen und werden bei gleicher Eignung bevorzugt berücksichtigt.","Dein Profil
[Fach-]Abitur
Begeisterung für die Wirkung moderner IT-Lösungen
Erste Erfahrungen im Programmieren wünschenswert
im Idealfall sogar schon erste praktische Erfahrungen, z.B. im Rahmen eines Schülerpraktikums
Wir suchen kreative Menschen, die Lust haben, gemeinsam im Team digitale Lösungen zu entwickeln und zum Einsatz zu bringen. Es reizt Dich, Dein Organisationstalent und Deine technische Begabung einzusetzen und selbstständig Lösungen zu erarbeiten.",2026-06-13T12:14:51.811012+00:00
ASD-990610004262902814,ausbildungsstellen_ae,DATAGROUP Rhein-Main GmbH,,,Ausbildung | Duales Studium (ausbildungs­integrierend)Beginn ab 01.08.2026,dual,2026,8,,53,empty,bewerbung.DGRM@datagroup.de,https://mailto:bewerbung.DGRM@datagroup.de/,email,"Kontakt
Deine Ansprechpartner bei Rückfragen: Maren Jahn & Jakob Werner (Team Recruiting)
Mehr anzeigen
Arbeitsorte
Karte anzeigen
Konrad-Adenauer-Straße 3, 55218 Ingelheim am Rhein
Unternehmensdarstellung: DATAGROUP Rhein-Main GmbH
DATAGROUP Rhein-Main GmbH
Hauptsitz
Ingelheim am Rhein
Gründung
1990
Betriebsgröße
330
Tätigkeitsfelder und Schlagworte
IT - DienstleistungenIT - BeratungIT - Support
Die DATAGROUP Rhein-Main GmbH (ehemals URANO), mit Sitz in Ingelheim am Rhein, Rheinland-Pfalz, ist Teil der DATAGROUP SE, einem der führenden IT-Dienstleister in Deutschland. Seit fast 35 Jahren sind wir der innovative und herstellerunabhängige IT-Partner für Konzerne, mittelständische Unternehmen und öffentliche Auftraggeber in der Rhein-Main-Region, deutschlandweit und in Österreich.
Wir schützen die Kontaktdaten des Arbeitgebers vor unerlaubten Zugriffen. Bitte geben Sie die dargestellten Zeichen in das Textfeld ein, um die Kontaktdaten des Arbeitgebers anzuzeigen.
Anderes Bild laden
Audioversion abspielen
Hinweis: Die dargestellten Zeichen enthalten keine Umlaute (ä, ö, ü oder ß), Sonderzeichen oder Leerzeichen.
Dargestellte Zeichen
Absenden
Fußbereich
Stelle betreut durch die BA
Referenz-Nr.: 10001-1001806785-S
Verstoß melden",,DATAGROUP Rhein-Main GmbH | Ausbildung | Duales Studium (ausbildungs­integrierend)Beginn ab 01.08.2026,tidak,belum,sedang,"Duales Studium (ausbildungs­integrierend)Beginn ab 01.08.2026

Was wir bieten
Du erlangst vielfältige Erfahrung durch regelmäßige Teamwechsel und Einbindung in spannende Kundenprojekte.
Unsere Ausbildungsleitung sowie ein individueller Ausbildungsplan begleiten dich durch deine Zeit als Nachwuchskraft bei uns.
Dich erwartet eine hochwertige IT-Ausstattung (u.a. iPhone mit Dual Sim Funktion und MacBook).
Im Rahmen unseres Azubi-Schulungskatalogs besuchst du Seminare, in denen unsere erfahrenen Kolleg*innen ihr Wissen mit dir teilen.
Durch flexible Arbeitszeiten und 30 Tage Urlaub im Jahre fördern wir deine Work-Life-Balance.
Wir bieten hohe Übernahmechancen bei guten Leistungen.
Neben unseren Mitarbeitendenevents warten auch exklusive Azubi-Events auf dich.
Wir übernehmen die Kosten deiner Schulbücher.
Mehr Informationen und weitere Benefits findest du hier: DATAGROUP in Ingelheim.
Wir bieten maßgeschneiderte IT-Lösungen und umfassende Services aus einer Hand – von individueller Beratung und Konzeption über die Umsetzung bis hin zur Betreuung und Wartung von IT-Umgebungen. Unsere Expertise umfasst Shared Services, Support Services, Consulting Services und Service Management.
Für unsere 330 Mitarbeiter*innen ist Digitalisierung kein Modewort, sondern Kerngeschäft. Unter der Geschäftsführung von Sebastian Schmalenbach setzen wir auf die neuesten Technologien und Trends, um unseren Kunden stets die besten Lösungen zu bieten.
Unsere Arbeitskultur zeichnet sich durch zahlreiche Handlungsspielräume und vielfältige Weiterentwicklungsmöglichkeiten aus. Flexible Arbeitszeiten und die Vereinbarkeit von Beruf und Familie sind für uns selbstverständlich. Unsere positive Arbeitsatmosphäre, unterstützt durch kompetente und glaubwürdige Führungskräfte, wird von unserer Crew sehr geschätzt. Wir arbeiten kontinuierlich daran, die Zufriedenheit unserer Mitarbeiter*innen zu steigern und integrieren dies in unsere Zukunftsstrategie
Vorteile für Mitarbeitende
Jährliches Mitarbeitergespräch
IT-Schulungskatalog (kostenfrei)
Mentorenprogramm/Coaching
Flexible Arbeitszeiten
Homeoffice / Mobiles Arbeiten
Firmenevents
Rabatte für Mitarbeitende
Sport- und Gesundheitsangebote
Weiterbildungen
Betriebliche Altersvorsorge
Dienstwagen
Mitgestaltungsmöglichkeiten
Parkmöglichkeiten
Gute Verkehrsanbindung
Moderne technische Ausstattung
Die abgebildeten Vorteile für Mitarbeitende können je nach Abteilung und Position variieren.
Alle Stellen anzeigenIn neuem Tab öffnen
Webseiten
Homepage
Karriereseite
Social Media Seiten
Informationen zur Bewerbung
Sicherheitsabfrage",,2026-06-13T09:46:51.298184+00:00
ASD-990610003597039344,ausbildungsstellen_ae,Fr. Fassmer GmbH & Co. KG,,,Ausbildung | Duales Studium (ausbildungs­integrierend)1. Jahr: 1.332 €/Monat2. Jahr: 1.366 €/Monat3. Jahr: 1.400 €/Monat4. Jahr: 1.434 €/MonatBeginn ab 15.08.2026,dual,2026,8,"1.332 €, 1.366 €, 1.400 €, 1.434 €, 1.332 €, 1.366 €",53,empty,,javascript:,portal,"Kontakt:
Melanie Lerbs (Personalreferentin), Tel.: +49 4406 942-6020
Mehr anzeigen
Arbeitsorte
Karte anzeigen
Industriestr. 2, 27804 Berne, Kreis Wesermarsch
Unternehmensdarstellung: Fr. Fassmer GmbH & Co. KG
Fr. Fassmer GmbH & Co. KG
Hauptsitz
Berne / Motzen
Gründung
1850
Tätigkeitsfelder und Schlagworte
SchiffbauBoote & DavitsAfter-Sales-ServiceFaserverbundtechnik
Seit 1850 auf richtigem Kurs, kommen Sie an Bord!
Fassmer ist ein weltweit erfolgreiches, innovatives Familienunternehmen in fünfter Generation. Zwischen den fünf Produktbereichen Schiffbau, Bootsbau & Davits, Anlagenbau, Windkraft und Faserverbundtechnik ergeben sich hervorragende Synergie-Effekte. Der Name Fassmer steht für eine umfangreiche Entwicklungsabteilung, modernste Fertigungseinrichtungen und einen weltweiten Service bei konsequenter Qualität, Kompetenz und Verlässlichkeit.
Vorteile für Mitarbeitende
Flexible Arbeitszeiten
Homeoffice / Mobiles Arbeiten
Firmenevents
Rabatte für Mitarbeitende
Sport- und Gesundheitsangebote
Sonderzahlungen
Weiterbildungen
Betriebliche Altersvorsorge
Kantine
Mitgestaltungsmöglichkeiten
Parkmöglichkeiten
Die abgebildeten Vorteile für Mitarbeitende können je nach Abteilung und Position variieren.
Alle Stellen anzeigenIn neuem Tab öffnen
Webseiten
Homepage
Karriereseite
Social Media Seiten
Informationen zur Bewerbung
Sicherheitsabfrage
Wir schützen die Kontaktdaten des Arbeitgebers vor unerlaubten Zugriffen. Bitte geben Sie die dargestellten Zeichen in das Textfeld ein, um die Kontaktdaten des Arbeitgebers anzuzeigen.
Anderes Bild laden
Audioversion abspielen
Hinweis: Die dargestellten Zeichen enthalten keine Umlaute (ä, ö, ü oder ß), Sonderzeichen oder Leerzeichen.
Dargestellte Zeichen
Absenden
Fußbereich
Stelle betreut durch die BA
Referenz-Nr.: 10001-1001930617-S
Verstoß melden",,Fr. Fassmer GmbH & Co. KG | Ausbildung | Duales Studium (ausbildungs­integrierend)1. Jahr: 1.332 €/Monat2. Jahr: 1.366 €/Monat3. Jahr: 1.400 €/Monat4. Jahr: 1.434 €/MonatBeginn ab 15.08.2026,tidak,belum,sedang,"Duales Studium (ausbildungs­integrierend)1. Jahr: 1.332 €/Monat2. Jahr: 1.366 €/Monat3. Jahr: 1.400 €/Monat4. Jahr: 1.434 €/MonatBeginn ab 15.08.2026

Wir bieten dir:
Sehr gute Rahmenbedingungen mit einer 35-Stunden-Woche und einer überdurchschnittlichen Vergütung (Stand 01.09.2022) sowie weiteren Sonderzahlungen
Ausbildungsjahr 1.332 € pro Monat
Ausbildungsjahr 1.366 € pro Monat
Ausbildungsjahr 1.400 € pro Monat
Ausbildungsjahr 1.434 € pro Monat
Attraktives Arbeits- und Lernumfeld durch die enge Betreuung und regelmäßigen Feedbackgesprächen mit den Verantwortlichen während des gesamten Studiums sowie die Unterstützung bei den Prüfungsvorbereitungen
Sichere Perspektiven durch die Möglichkeit einer Festanstellung nach Abschluss des Studiums
Gesundheit & Team Spirit dank eines umfangreichen Sportangebotes mit Egym-Wellpass, Corporate Benefits und regelmäßigen Duali-Treffen zum gemeinsamen Austausch und Kennenlernen",,2026-06-13T09:46:12.802267+00:00
ASD-999960002343682676,ausbildungsstellen_si,General Logistics Systems Germany GmbH & Co. OHG,,,Ausbildung | Stellendetails zu: Fachinformatiker für Anwendungsentwicklung (w/m/d) 2026,dual,,,,53,empty,Fabian.Zahn@gls-group.com,javascript:,email,"Wir schützen die Kontaktdaten des Arbeitgebers vor unerlaubten Zugriffen. Bitte geben Sie die dargestellten Zeichen in das Textfeld ein, um die Kontaktdaten des Arbeitgebers anzuzeigen.
Anderes Bild laden
Audioversion abspielen
Hinweis: Die dargestellten Zeichen enthalten keine Umlaute (ä, ö, ü oder ß), Sonderzeichen oder Leerzeichen.
Dargestellte Zeichen
Absenden
Fußbereich
Stelle betreut durch Arbeitgeber
Referenz-Nr.: 15863-865776746-S
Verstoß melden",,General Logistics Systems Germany GmbH & Co. OHG | Ausbildung | Stellendetails zu: Fachinformatiker für Anwendungsentwicklung (w/m/d) 2026,tidak,belum,sedang,"Stellendetails zu: Ausbildung Fachinformatiker für Anwendungsentwicklung (w/m/d) 2026

Das bringst Du mit:
Einen guten Realschulabschluss, Fachabitur oder Abitur
Du hast Spaß am Tüfteln und findest kreative Lösungen – auch, wenn’s mal knifflig wird.
Du strukturierst Dinge leicht und behältst immer den Überblick
Du interessierst dich für Administration & Konfiguration von IT-Systemen, Hard- und Software
Teamwork ist dein Ding und macht dir Spaß
Ein Führerschein Klasse B ist von Vorteil
Freu Dich auf:
Teamevents
Für einen tollen Teamspirit organisieren wir Veranstaltungen und Teamevents mit Kollegen und den anderen Azubis.Weiterentwicklung
Und nach der Ausbildung? Du kannst bei uns den GLS Betriebswirt oder ein Duales Studium anschließen.Fahrtzuschuss zur Berufsschule
Du erhältst finanzielle Unterstützung bei Deiner Anfahrt zur Berufsschule oder dem Arbeitsplatz.Betreuung
Wir kümmern uns um Dich. Dein Ausbilder und Dein Team haben immer ein offenes Ohr für Dich.Prämie
Wir schätzen Dein Engagement. Sehr gute Leistungen zahlen sich bei uns aus.Digitale Ausstattung
Du bekommst von uns einen Firmenlaptop, den Du auch für die Schule verwenden kannst.
Interesse?","Das bringst Du mit:
Einen guten Realschulabschluss, Fachabitur oder Abitur
Du hast Spaß am Tüfteln und findest kreative Lösungen – auch, wenn’s mal knifflig wird.
Du strukturierst Dinge leicht und behältst immer den Überblick
Du interessierst dich für Administration & Konfiguration von IT-Systemen, Hard- und Software
Teamwork ist dein Ding und macht dir Spaß
Ein Führerschein Klasse B ist von Vorteil
Freu Dich auf:
Teamevents
Für einen tollen Teamspirit organisieren wir Veranstaltungen und Teamevents mit Kollegen und den anderen Azubis.Weiterentwicklung
Und nach der Ausbildung? Du kannst bei uns den GLS Betriebswirt oder ein Duales Studium anschließen.Fahrtzuschuss zur Berufsschule
Du erhältst finanzielle Unterstützung bei Deiner Anfahrt zur Berufsschule oder dem Arbeitsplatz.Betreuung
Wir kümmern uns um Dich. Dein Ausbilder und Dein Team haben immer ein offenes Ohr für Dich.Prämie
Wir schätzen Dein Engagement. Sehr gute Leistungen zahlen sich bei uns aus.Digitale Ausstattung
Du bekommst von uns einen Firmenlaptop, den Du auch für die Schule verwenden kannst.
Interesse?",2026-06-13T14:03:48.583581+00:00
ASD-990610000069507389,ausbildungsstellen_si,Guehring KG,,,Ausbildung | Duales Studium (ausbildungs­integrierend)Beginn ab 01.09.2026,dual,2026,9,"1.303,50 €, 1.377,50 €, 1.488,50 €",53,empty,kathrin.stricker@guehring.de,javascript:,email,"KONTAKT
Kathrin Stricker
D: 07431/17-21229
T: 07431/17-0
F: 07431/17-21341
kathrin.stricker@guehring.de
NOCH FRAGEN?
Weitere Informationen zu deinem Traumberuf findest du in unserer
oder auf unserer
.
https://jobs.guehring.de/Vacancies/1537/Application/CheckLogin/1?lang=ger
© Gühring KG
Mehr anzeigen
Arbeitsorte
Karte anzeigen
Albstadt, Württemberg
Unternehmensdarstellung: Guehring KG
Guehring KG
Alle Stellen anzeigen
Webseiten
Homepage
Informationen zur Bewerbung
Sicherheitsabfrage
Wir schützen die Kontaktdaten des Arbeitgebers vor unerlaubten Zugriffen. Bitte geben Sie die dargestellten Zeichen in das Textfeld ein, um die Kontaktdaten des Arbeitgebers anzuzeigen.
Anderes Bild laden
Audioversion abspielen
Hinweis: Die dargestellten Zeichen enthalten keine Umlaute (ä, ö, ü oder ß), Sonderzeichen oder Leerzeichen.
Dargestellte Zeichen
Absenden
Fußbereich
Stelle betreut durch die BA
Referenz-Nr.: 10000-1206274916-S
Verstoß melden",,Guehring KG | Ausbildung | Duales Studium (ausbildungs­integrierend)Beginn ab 01.09.2026,tidak,belum,sedang,"Duales Studium (ausbildungs­integrierend)Beginn ab 01.09.2026

Das erwartet Dich:
Das Kombi-Studium KI Management verbindet die Ausbildung zum/r Fachinformatiker/in für Anwendungsentwicklung mit einem Hochschulstudium der Fachrichtung KI Management: In 4,5 Jahren absolvierst Du 1,5 Jahre Ausbildung und 6 Semester Studium und erhältst am Ende zwei Abschlüsse – den Facharbeiterbrief und den Bachelor of Science.
Schwerpunkte in der Ausbildung:
• verschiedene Programmiersprachen
• Testen von Systemen und Anwendungen
• Programmierlogik und -methoden
• Dokumentation von Anwendungslösungen
• Anwendungslösungen entwerfen, realisieren oder anpassen
• Datenmodelle
• Sicherheitsaspekte bei der Entwicklung von Softwareanwendungen
Schwerpunkte im Studium:
• Grundlagen der Betriebswirtschaftslehre
• Grundlagen der Künstlichen Intelligenz und des maschinellen Lernens
• Datenmanagement und Data Analytics
• Digitale Geschäftsmodelle und Innovationsstrategien
• Projektmanagement und agile Methoden
• Recht, Ethik und Verantwortung in der KI
Alles, was Du wissen musst:
Studiendauer:
4,5 Jahre
Voraussetzung:
Abitur
Ausbildungsstandort:
Albstadt, Baden-Württemberg
Bildungspartner:
https://www.gsz-zak.de/
https://www.hs-albsig.de/studienangebot/bachelorstudiengaenge/ki-management/#:~:text=Transformation%20aktiv%20mitzugestalten.-,Informatik,-Diese%20Vertiefung%20fokussiert

Das bieten wir Dir:
• 30 Urlaubstage pro Jahr
• 35-Stunden-Woche
• Übernahme bei guter Leistung im Betrieb und in der Berufsschule
• Die Möglichkeit, Auslandserfahrung zu sammeln
• Kooperationen mit Fitness-Studios, badkap und Burger King
• Fahrrad-Leasing
• Corporate Benefits: Rabatte und Sonderkonditionen bei über 1.500 Anbietern, z.B. Adidas, Apple oder Expedia.
• Altersvorsorgewirksame Leistungen
• Betriebsrat & Jugend- und Auszubildendenvertretung
• 1. Ausbildungsjahr: 1.303,50 €
• 2. Ausbildungsjahr: 1.377,50 €
• 3. Ausbildungsjahr: 1.488,50 €
ab 3. Ausbildungsjahr: Stipendium (in Höhe der Ausbildungsvergütung des 3. Ausbildungsjahres)",,2026-06-13T12:14:43.511852+00:00
ASD-999960002381372810,ausbildungsstellen_si,VINCORION Advanced Systems GmbHWedel,,,Ausbildung | Stellendetails zu: zum Fachinformatiker / Systemintegration (all genders)...,dual,,,"1.303,00€, 1.365,00€, 1.444,00€",53,empty,3aace60_zyqphoyql7_1-0@career.vincorion.com,javascript:,email,"KONTAKT
HUMAN RESOURCES
Miriam Bashir
Mehr anzeigen
Arbeitsorte
Karte anzeigen
Feldstraße 155, 22880 Wedel
Unternehmensdarstellung: VINCORION Advanced Systems GmbHWedel
VINCORION Advanced Systems GmbHWedel
Alle Stellen anzeigen
Webseiten
Homepage
Informationen zur Bewerbung
Sicherheitsabfrage
Wir schützen die Kontaktdaten des Arbeitgebers vor unerlaubten Zugriffen. Bitte geben Sie die dargestellten Zeichen in das Textfeld ein, um die Kontaktdaten des Arbeitgebers anzuzeigen.
Anderes Bild laden
Audioversion abspielen
Hinweis: Die dargestellten Zeichen enthalten keine Umlaute (ä, ö, ü oder ß), Sonderzeichen oder Leerzeichen.
Dargestellte Zeichen
Absenden
Fußbereich
Stelle betreut durch die BA
Referenz-Nr.: 20367-9q25c8w77l-S
Verstoß melden",,VINCORION Advanced Systems GmbHWedel | Ausbildung | Stellendetails zu: zum Fachinformatiker / Systemintegration (all genders)...,tidak,belum,sedang,"Stellendetails zu: Ausbildung zum Fachinformatiker / Systemintegration (all genders)...

Deine Benefits:
30 Tage Jahresurlaub
Intensive Onboarding-Woche mit allen neuen Auszubildenden und dual Studierenden
Kosten für Lehrmittel werden vom Arbeitgeber übernommen
Praxisaufenthalt an einem unserer anderen deutschen Standorte
Tagesausflug und gemeinsame Treffen mit allen Auszubildenden und dual Studierenden
Individuelle Betreuung durch qualifizierte Fachausbilder
Betriebsarzt
Bezuschussung von Mahlzeiten
Parkplatz",,2026-06-13T14:04:53.672181+00:00
AZDE-12060741,azubi_de_fi,CBR Service GmbH,Isernhagen,30916 Isernhagen DE,Ausbildung | zum Fachinformatiker (m/w/d) für Anwendungsentwicklung - Street One,dual,2026,8,,53,empty,,https://www.azubi.de/ausbildungsplatz/12060741-b-ausbildung-zum-fachinformatiker-m-w-d-fuer-anwendungsentwicklung-street-one/apply,portal,,,CBR Service GmbH | Ausbildung | zum Fachinformatiker (m/w/d) für Anwendungsentwicklung - Street One | Isernhagen,tidak,belum,sedang,"Ausbildung zum Fachinformatiker (m/w/d) für Anwendungsentwicklung - Street One

Einleitung
Mit aktuell 25 Auszubildenden und Dual Studierenden in unseren kaufmännischen Bereichen und der IT von Street One sind wir ein starkes Team. Unsere Nachwuchstalente übernehmen von Anfang an die volle Verantwortung in ihren Einsatzgebieten und organisieren gemeinsam abteilungsübergreifende Projekte. Freu dich auf spannende Aufgaben und gemeinsame Momente – sei es bei erfrischenden Drinks auf der Dachterrasse oder unseren After Work Events.
Werde Teil unseres erfolgreichen Modeunternehmens und gewinne tiefe Einblicke in die Abläufe unserer Abteilungen. Unsere Ausbildung ist so individuell wie Du: nach einem Einblick in unsere IT-Systeme, Softwareentwicklung, Programmiersprachen und die Betreuung unserer Anwender, gestalten wir deinen Ausbildungsplan individuell weiter – mit Abteilungen, die zu deinen Interessen und Stärken passen.
Starte zum** 01.08.2026 **deine Ausbildung an unserem Headquarter in Isernhagen bei Hannover als **Fachinformatiker (m/w/d) für Anwendungsentwicklung**!
WORKING WITH US
- **Starting strong:** 1.200 € im 1. Ausbildungsjahr, 1.350 € im 2. Jahr und 1.450 € im 3. Jahr plus Deutschlandticket, Urlaubs- und Weihnachtsgeld, sowie 30 Tage Urlaub
- **Grow with Us:** Nach erfolgreichem Abschluss deiner Ausbildung haben wir die Möglichkeit deinen weiteren Karriereweg gemeinsam zu gestalten
- **Be yourself:** Ob Sneaker oder Sakko, bei uns zählt nicht, was du trägst, sondern wer du bist. Komm so, wie du dich wohlfühlst und zeig, was in dir steckt
- **Open Mindset:** Dich erwartet ein Umfeld mit flachen Hierarchien und kurzen Entscheidungswegen, ein individuelles Onboarding mit inspirierenden Welcome Days sorgt dafür, dass du dich von Anfang an gut aufgehoben fühlst
- **Workplace:** Unser Headquarter bietet dir Sonnenterrassen und eine direkte Lage am Kirchhorster See. Dank optimaler Verkehrsanbindung bist du schnell bei uns, egal ob über die Autobahn oder mit öffentlichen Verkehrsmitteln
- **Wear what we love:** Profitiere von 50 % Rabatt auf unsere Marken CECIL, Street One, Street One Studio und Street One MEN und werde selbst zum Markenbotschafter unserer Looks
- **#OneTEAM:** Gemeinsam erreichen wir mehr, feiern Erfolge, wachsen an neuen Herausforderungen und stärken den Zusammenhalt bei regelmäßigen Events
DAS BRINGST DU MIT
- Du hast einen soliden Realschulabschluss oder (Fach-)Abitur in der Tasche und glänzt besonders in Deutsch, Mathematik & Englisch
- Technisches Verständnis und analytisches Denkvermögen sowie erste Erfahrungen mit Office-Produkten
- Interesse an Informationstechnologien sowie technischen Zusammenhängen
- Teamwork ist dein Ding – du packst gerne mit an und bringst Projekte gemeinsam nach vorne und übernimmst auch gerne mal Verantwortung
- Mit deinem Organisationstalent behältst du den Überblick und setzt smarte Prioritäten","Einleitung
Mit aktuell 25 Auszubildenden und Dual Studierenden in unseren kaufmännischen Bereichen und der IT von Street One sind wir ein starkes Team. Unsere Nachwuchstalente übernehmen von Anfang an die volle Verantwortung in ihren Einsatzgebieten und organisieren gemeinsam abteilungsübergreifende Projekte. Freu dich auf spannende Aufgaben und gemeinsame Momente – sei es bei erfrischenden Drinks auf der Dachterrasse oder unseren After Work Events.
Werde Teil unseres erfolgreichen Modeunternehmens und gewinne tiefe Einblicke in die Abläufe unserer Abteilungen. Unsere Ausbildung ist so individuell wie Du: nach einem Einblick in unsere IT-Systeme, Softwareentwicklung, Programmiersprachen und die Betreuung unserer Anwender, gestalten wir deinen Ausbildungsplan individuell weiter – mit Abteilungen, die zu deinen Interessen und Stärken passen.
Starte zum** 01.08.2026 **deine Ausbildung an unserem Headquarter in Isernhagen bei Hannover als **Fachinformatiker (m/w/d) für Anwendungsentwicklung**!
WORKING WITH US
- **Starting strong:** 1.200 € im 1. Ausbildungsjahr, 1.350 € im 2. Jahr und 1.450 € im 3. Jahr plus Deutschlandticket, Urlaubs- und Weihnachtsgeld, sowie 30 Tage Urlaub
- **Grow with Us:** Nach erfolgreichem Abschluss deiner Ausbildung haben wir die Möglichkeit deinen weiteren Karriereweg gemeinsam zu gestalten
- **Be yourself:** Ob Sneaker oder Sakko, bei uns zählt nicht, was du trägst, sondern wer du bist. Komm so, wie du dich wohlfühlst und zeig, was in dir steckt
- **Open Mindset:** Dich erwartet ein Umfeld mit flachen Hierarchien und kurzen Entscheidungswegen, ein individuelles Onboarding mit inspirierenden Welcome Days sorgt dafür, dass du dich von Anfang an gut aufgehoben fühlst
- **Workplace:** Unser Headquarter bietet dir Sonnenterrassen und eine direkte Lage am Kirchhorster See. Dank optimaler Verkehrsanbindung bist du schnell bei uns, egal ob über die Autobahn oder mit öffentlichen Verkehrsmitteln
- **Wear what we love:** Profitiere von 50 % Rabatt auf unsere Marken CECIL, Street One, Street One Studio und Street One MEN und werde selbst zum Markenbotschafter unserer Looks
- **#OneTEAM:** Gemeinsam erreichen wir mehr, feiern Erfolge, wachsen an neuen Herausforderungen und stärken den Zusammenhalt bei regelmäßigen Events
DAS BRINGST DU MIT
- Du hast einen soliden Realschulabschluss oder (Fach-)Abitur in der Tasche und glänzt besonders in Deutsch, Mathematik & Englisch
- Technisches Verständnis und analytisches Denkvermögen sowie erste Erfahrungen mit Office-Produkten
- Interesse an Informationstechnologien sowie technischen Zusammenhängen
- Teamwork ist dein Ding – du packst gerne mit an und bringst Projekte gemeinsam nach vorne und übernimmst auch gerne mal Verantwortung
- Mit deinem Organisationstalent behältst du den Überblick und setzt smarte Prioritäten",2026-06-13T10:38:59.415332+00:00
AZDE-11614436,azubi_de_fi,HERMOS AG,Mistelgau,95490 Mistelgau DE,Ausbildung | Duales Studium Informatik (Hochschule Hof) 2026,dual,,,,53,empty,,https://www.azubi.de/ausbildungsplatz/11614436-b-duales-studium-informatik-hochschule-hof-2026/apply,portal,,,HERMOS AG | Ausbildung | Duales Studium Informatik (Hochschule Hof) 2026 | Mistelgau,tidak,belum,sedang,"Duales Studium Informatik (Hochschule Hof) 2026

Deine Aufgaben:
» Jahr 1: Berufsausbildung Du wechselst zwischen Betrieb und Berufsschule & schreibst am Ende
Deine Zwischenprüfung. Du entwickelst und testest SW-Anwendungen, kümmerst Dich um die
Fehlerbehebung und schulst Benutzer
» Ab Jahr 2: Studium in Hof Ab jetzt bist Du nur noch während den Semesterferien im Betrieb
» Semester 1–2: Grundstudium Mathemati k, Grundlagen der Programmierung, …
» Semester 3–6 : Verti efungsstudium Module in den Bereichen Informati onssystem, IT-Sicherheit,
Multi media, Computergrafi k, Automati sierung, …
Die Abschlussprüfung zum Fachinformati ker nach Semester 4
» Semester 7: Praxissemester Projektarbeit an der Hochschule & Bachelorarbeit,
Zusammenarbeit mit IT-Kernentwicklung

Einleitung
HERMOS – Zukunft Gemeinsam Entwickeln
Die Kompetenz von HERMOS sind Automations- und IT-Lösungen für Industrie, Energie, Umwelt und Gebäude.
Wir sind ein mittelständisches Unternehmen und beschäftigen derzeit mehr als 500 Mitarbeiter.
Vom Projektmanagement über die Schaltanlagenfertigung bis hin zur individuellen Software-Erstellung erarbeiten wir für unsere Kunden ganzheitliche Lösungen. HERMOS ist ein Unternehmen der Elevion Gruppe.
Spanisch, Französisch oder Latein sind nicht Dein Ding... wohl aber Programmiersprachen?
Den Escape Room knackst Du in Sekundenschnelle? Dann starte Dein Duales Studium bei HERMOS und unterstütze unser IT-Team mit Deinem messerscharfen Verstand!
Während Deines Dualen Studiums wirst Du direkt in unser Kernentwicklungsteam eingebunden, lernst verschiedene Programmiertechniken kennen und erhältst Einblicke in die HERMOS Entwicklungsphilosophie. Ab dem Vertiefungsstudium spezialisierst Du Dich auf ein Thema, z.B. die Automatisierung, IT-Sicherheit oder die Oberflächenprogrammierung. Nach Deinem Abschluss betreust Du eigenständig ein FIS#-Softwaremodul und entwickelst dieses innovativ weiter.
Dein Profil
- Du hast das Abitur in der Tasche, studierst gerade oder willst Dich neu orientieren
- Du begeisterst Dich für innovative Technologien aus dem Software- und/oder Hardwarebereich
- Teamgeist und Flexibilität zeichnen Dich aus

Das bieten wir dir:
24/7: Mit unserer Unfallversicherung bist Du beruflich wie privat immer abgesichert
Corporate Benefits: Profitieren von unseren Mitarbeiter-Rabatten bei einer Vielzahl von Anbietern/Online Shops
Frischer Wind: Wir sind ein dynamisches Team, in welches Du Dich aktiv mit einbringen kannst
Gutes Miteinander: Firmenevents und Mitarbeiterausflüge fördern das Gemeinschaftsgefühl und tragen zur positiven Stimmung im Team bei
Perfektes Timing: Wir bieten Dir flexible Arbeitszeiten (bzw. flexibler Arbeitszeitbeginn in der Fertigung) für Deine Work-Life-Balance mit 30 Urlaubstagen
Sichere Zukunft: Wir garantieren Dir bei guten Leistungen Deine Übernahme in die HERMOS-Familie
Sparen: Von den Vermögenswirksamen Leistungen bis hin zum Gutscheinsystem ist alles dabei
Aufgaben","Einleitung
HERMOS – Zukunft Gemeinsam Entwickeln
Die Kompetenz von HERMOS sind Automations- und IT-Lösungen für Industrie, Energie, Umwelt und Gebäude.
Wir sind ein mittelständisches Unternehmen und beschäftigen derzeit mehr als 500 Mitarbeiter.
Vom Projektmanagement über die Schaltanlagenfertigung bis hin zur individuellen Software-Erstellung erarbeiten wir für unsere Kunden ganzheitliche Lösungen. HERMOS ist ein Unternehmen der Elevion Gruppe.
Spanisch, Französisch oder Latein sind nicht Dein Ding... wohl aber Programmiersprachen?
Den Escape Room knackst Du in Sekundenschnelle? Dann starte Dein Duales Studium bei HERMOS und unterstütze unser IT-Team mit Deinem messerscharfen Verstand!
Während Deines Dualen Studiums wirst Du direkt in unser Kernentwicklungsteam eingebunden, lernst verschiedene Programmiertechniken kennen und erhältst Einblicke in die HERMOS Entwicklungsphilosophie. Ab dem Vertiefungsstudium spezialisierst Du Dich auf ein Thema, z.B. die Automatisierung, IT-Sicherheit oder die Oberflächenprogrammierung. Nach Deinem Abschluss betreust Du eigenständig ein FIS#-Softwaremodul und entwickelst dieses innovativ weiter.
Dein Profil
- Du hast das Abitur in der Tasche, studierst gerade oder willst Dich neu orientieren
- Du begeisterst Dich für innovative Technologien aus dem Software- und/oder Hardwarebereich
- Teamgeist und Flexibilität zeichnen Dich aus",2026-06-13T10:37:17.201109+00:00
AZDE-12510082,azubi_de_fi,HERMOS AG,Mistelgau,95490 Mistelgau DE,Ausbildung | Duales Studium Informatik (Hochschule Hof) 2027,dual,,,,53,empty,,https://www.azubi.de/ausbildungsplatz/12510082-b-duales-studium-informatik-hochschule-hof-2027/apply,portal,,,HERMOS AG | Ausbildung | Duales Studium Informatik (Hochschule Hof) 2027 | Mistelgau,tidak,belum,sedang,"Duales Studium Informatik (Hochschule Hof) 2027

Deine Aufgaben:
» Jahr 1: Berufsausbildung Du wechselst zwischen Betrieb und Berufsschule & schreibst am Ende
Deine Zwischenprüfung. Du entwickelst und testest SW-Anwendungen, kümmerst Dich um die
Fehlerbehebung und schulst Benutzer
» Ab Jahr 2: Studium in Hof Ab jetzt bist Du nur noch während den Semesterferien im Betrieb
» Semester 1–2: Grundstudium Mathemati k, Grundlagen der Programmierung, …
» Semester 3–6 : Verti efungsstudium Module in den Bereichen Informati onssystem, IT-Sicherheit,
Multi media, Computergrafi k, Automati sierung, …
Die Abschlussprüfung zum Fachinformati ker nach Semester 4
» Semester 7: Praxissemester Projektarbeit an der Hochschule & Bachelorarbeit,
Zusammenarbeit mit IT-Kernentwicklung

Einleitung
HERMOS – Zukunft Gemeinsam Entwickeln
Die Kompetenz von HERMOS sind Automations- und IT-Lösungen für Industrie, Energie, Umwelt und Gebäude.
Wir sind ein mittelständisches Unternehmen und beschäftigen derzeit mehr als 500 Mitarbeiter.
Vom Projektmanagement über die Schaltanlagenfertigung bis hin zur individuellen Software-Erstellung erarbeiten wir für unsere Kunden ganzheitliche Lösungen. HERMOS ist ein Unternehmen der Elevion Gruppe.
Spanisch, Französisch oder Latein sind nicht Dein Ding... wohl aber Programmiersprachen?
Den Escape Room knackst Du in Sekundenschnelle? Dann starte Dein Duales Studium bei HERMOS und unterstütze unser IT-Team mit Deinem messerscharfen Verstand!
Während Deines Dualen Studiums wirst Du direkt in unser Kernentwicklungsteam eingebunden, lernst verschiedene Programmiertechniken kennen und erhältst Einblicke in die HERMOS Entwicklungsphilosophie. Ab dem Vertiefungsstudium spezialisierst Du Dich auf ein Thema, z.B. die Automatisierung, IT-Sicherheit oder die Oberflächenprogrammierung. Nach Deinem Abschluss betreust Du eigenständig ein FIS#-Softwaremodul und entwickelst dieses innovativ weiter.
Dein Profil
- Du hast das Abitur in der Tasche, studierst gerade oder willst Dich neu orientieren
- Du begeisterst Dich für innovative Technologien aus dem Software- und/oder Hardwarebereich
- Teamgeist und Flexibilität zeichnen Dich aus

Das bieten wir dir:
24/7: Mit unserer Unfallversicherung bist Du beruflich wie privat immer abgesichert
Corporate Benefits: Profitieren von unseren Mitarbeiter-Rabatten bei einer Vielzahl von Anbietern/Online Shops
Frischer Wind: Wir sind ein dynamisches Team, in welches Du Dich aktiv mit einbringen kannst
Gutes Miteinander: Firmenevents und Mitarbeiterausflüge fördern das Gemeinschaftsgefühl und tragen zur positiven Stimmung im Team bei
Perfektes Timing: Wir bieten Dir flexible Arbeitszeiten (bzw. flexibler Arbeitszeitbeginn in der Fertigung) für Deine Work-Life-Balance mit 30 Urlaubstagen
Sichere Zukunft: Wir garantieren Dir bei guten Leistungen Deine Übernahme in die HERMOS-Familie
Sparen: Von den Vermögenswirksamen Leistungen bis hin zum Gutscheinsystem ist alles dabei
Aufgaben","Einleitung
HERMOS – Zukunft Gemeinsam Entwickeln
Die Kompetenz von HERMOS sind Automations- und IT-Lösungen für Industrie, Energie, Umwelt und Gebäude.
Wir sind ein mittelständisches Unternehmen und beschäftigen derzeit mehr als 500 Mitarbeiter.
Vom Projektmanagement über die Schaltanlagenfertigung bis hin zur individuellen Software-Erstellung erarbeiten wir für unsere Kunden ganzheitliche Lösungen. HERMOS ist ein Unternehmen der Elevion Gruppe.
Spanisch, Französisch oder Latein sind nicht Dein Ding... wohl aber Programmiersprachen?
Den Escape Room knackst Du in Sekundenschnelle? Dann starte Dein Duales Studium bei HERMOS und unterstütze unser IT-Team mit Deinem messerscharfen Verstand!
Während Deines Dualen Studiums wirst Du direkt in unser Kernentwicklungsteam eingebunden, lernst verschiedene Programmiertechniken kennen und erhältst Einblicke in die HERMOS Entwicklungsphilosophie. Ab dem Vertiefungsstudium spezialisierst Du Dich auf ein Thema, z.B. die Automatisierung, IT-Sicherheit oder die Oberflächenprogrammierung. Nach Deinem Abschluss betreust Du eigenständig ein FIS#-Softwaremodul und entwickelst dieses innovativ weiter.
Dein Profil
- Du hast das Abitur in der Tasche, studierst gerade oder willst Dich neu orientieren
- Du begeisterst Dich für innovative Technologien aus dem Software- und/oder Hardwarebereich
- Teamgeist und Flexibilität zeichnen Dich aus",2026-06-13T10:41:00.515229+00:00
ASD-994980000014102728,ausbildungsstellen_si,GWS Gesellschaft für Warenwirtschafts-Systeme mbH,Münster,Willy-Brandt-Weg 1 48155 Münster,Ausbildung | Duales Studium der Wirtschaftsinformatik - Fachrichtung Anwendungsentwicklung - Start: 01.08.2026,dual,2026,8,,53,partner_portal,,,tidak_jelas,"Du hast Fragen oder wünschst dir weitere Informationen zu uns und deinen Möglichkeiten? Dann kontaktiere uns! Unser HR-Team steht dir gerne für weitere Auskünfte zur Verfügung.
- Julia Meyer
Tel.: +49 251 7000-6559
julia.meyer@gws.ms
- Kathrin Aulich
Tel.: +49 251 7000-6554
kathrin.aulich@gws.ms
- Matthias Reis
Tel.: +49 251 7000-6531
matthias.reis@gws.ms
GWS Unternehmensgruppe
Willy-Brandt-Weg 1
48155 Münster
www.gws.ms",,GWS Gesellschaft für Warenwirtschafts-Systeme mbH | Ausbildung | Duales Studium der Wirtschaftsinformatik - Fachrichtung Anwendungsentwicklung - Start: 01.08.2026 | Münster,ya,belum,rendah,"Duales Studium der Wirtschaftsinformatik - Fachrichtung Anwendungsentwicklung - Start: 01.08.2026

- Wir bieten dir die Möglichkeit, dich mit innovativen Themen, die die IT-Welt beschäftigen, auseinanderzusetzen. Dazu gehören z. B. Künstliche Intelligenz, Cloud-Technologien, Softwarearchitekturen, Datenbanken etc.
Deine Qualifikationen:
- Du verfügst über eine abgeschlossene allgemeine oder fachgebundene Hochschulreife
- Du hast gute Noten in Mathematik, Informatik und Englisch
- Dich begeistert die IT und du hast Interesse an betriebswirtschaftlichen Abläufen
- Du hast ein Verständnis für logische Zusammenhänge
- Dich zeichnen eine hohe Lernbereitschaft und Motivation sowie eine eigenständige Arbeitsweise aus
- Du hast Spaß an der Arbeit im Team und bringst dich gerne für den gemeinsamen Erfolg ein
Das bieten wir dir:
Wir sind ein zertifizierter Great Place to Work® und der gefragte ERP-Spezialist im Handel. Als Microsoft Solutions Partner kombinieren wir exzellentes Handelswissen mit IT-Lösungen und sind für unsere mehr als 1.680 Kunden der langjährige IT-Partner. Wir bieten die Vorzüge eines etablierten mittelständischen Unternehmens und den Freiraum, um selbst gestalten zu können. Unser Umfeld eröffnet dir viel Platz für eigene Ideen und deine persönliche Entwicklung. Zudem bieten wir dir:
- Innovative Branche
- Offene Unternehmenskommunikation und ein kollegiales Team
- Flache Hierarchien
- Modernste Arbeitsplätze
- Flexible Arbeitszeiten und somit eine gute Work-Life-Balance
- Weitere attraktive Sozialleistungen (Vermögenswirksame Leistungen, Urlaubsgeld ...)
- Sportkurse, Massagen und Kreativräume (z.B. Billard & Kicker)Unser zusätzliches Angebot:
- Wir bilden für unsere Zukunft aus: ein frühzeitiger Übernahmeprozess mit dem Ziel eines unbefristeten Arbeitsvertrags
- Dich erwartet eine abwechslungsreiche und qualitativ hochwertige Ausbildung, begleitet durch engagierte Ausbilder und regelmäßiges Feedback
- Persönliche und fachliche Seminare sowie individuelle Weiterbildungsmöglichkeiten
- Gemeinsame Einführungs- und Kennenlernwochen, Teamtrainings und Events
- Eine attraktive Ausbildungsvergütung sowie Zusatzleistungen
- Übernahme der StudiengebührenUnd vieles, vieles mehr …
Gleiche Chancen für alle: Wir freuen uns über Bewerbungen von Menschen, die so vielfältig sind wie wir – unabhängig von Alter, Behinderung, ethnischer Herkunft und Nationalität, Geschlecht, Religion, sexueller Orientierung oder sozialer Herkunft. Es ist der Mensch in seiner Vielfalt, der uns stark macht.
Wir freuen uns auf deine Bewerbung!
Schaue dich um unter: https://gws.ms/tour/
Start: 01.08.2026
Standort: Münster",,2026-06-13T12:28:04.283964+00:00
AZDE-11789423,azubi_de_fi,Mühlbauer Group,"Roding, Regen","93426 Roding, Regen DE",Ausbildung | Duales Studium im Bereich Informatik,dual,,,,53,empty,,https://www.azubi.de/ausbildungsplatz/11789423-b-duales-studium-im-bereich-informatik/apply,portal,,,"Mühlbauer Group | Ausbildung | Duales Studium im Bereich Informatik | Roding, Regen",tidak,belum,sedang,"Duales Studium im Bereich Informatik

Deine Aufgaben:
- Hardwarenahes Programmieren (C++, C#) mit Bezug zur Automatisierungstechnik
- Objektorientiertes Designen (OOD)
- Objektorientiertes Analysieren (OOA) sowie UML
- Mitarbeit bei Projekten, um das theoretisch erworbene Wissen anwenden zu können

Einleitung
Dein Profil:
- Gute allgemeine Hochschulreife oder Fachhochschulreife
- Gutes technisches Verständnis sowie räumliches Vorstellungsvermögen
- Bereitschaft zur Mitarbeit in einem multinationalen Team
- Gute Englischkenntnisse in Wort und Schrift
- Hohes Engagement, Eigeninitiative und Begeisterungsfähigkeit
- Gute kommunikative Kompetenz und Teamfähigkeit

Wir bieten:
- Attraktive finanzielle Zusatzleistungen wie Urlaubsgeld und Gesundheitsprämie
- Zuschuss zur betrieblichen Altersvorsorge und Berufsunfähigkeitsversicherung
- Individuelle Förderung durch die Mühlbauer Academy mittels internen und externen Weiterbildungsmaßnahmen
- Mitarbeiterevents (z. B. Weihnachtsfeier, Volksfestbesuch und Grillfest)
- Internationales Arbeitsumfeld - Möglichkeiten zu temporären Auslandseinsätzen
- Am Standort in Roding erwartet Sie zudem: Kostengünstige Verpflegung in der firmeninternen Kantine, Firmeneigenes Fitnessstudio ""City Fit""
- Viele weitere Benefits finden Sie auf unserer Homepage
Aufgaben","Einleitung
Dein Profil:
- Gute allgemeine Hochschulreife oder Fachhochschulreife
- Gutes technisches Verständnis sowie räumliches Vorstellungsvermögen
- Bereitschaft zur Mitarbeit in einem multinationalen Team
- Gute Englischkenntnisse in Wort und Schrift
- Hohes Engagement, Eigeninitiative und Begeisterungsfähigkeit
- Gute kommunikative Kompetenz und Teamfähigkeit",2026-06-13T10:38:08.886962+00:00
AZDE-12491125,azubi_de_fi,Rosenxt Creation Center GmbH,Wietmarschen,49835 Wietmarschen DE,Ausbildung | Duales Studium: Bachelor of Science 2027 (m/w/d) Wirtschaftsinformatik mit IHK-Abschluss,dual,2027,8,,53,empty,,https://www.azubi.de/ausbildungsplatz/12491125-b-duales-studium-bachelor-of-science-2027-m-w-d-wirtschaftsinformatik-mit-ihk-abschluss/apply,portal,,,Rosenxt Creation Center GmbH | Ausbildung | Duales Studium: Bachelor of Science 2027 (m/w/d) Wirtschaftsinformatik mit IHK-Abschluss | Wietmarschen,tidak,belum,sedang,"Duales Studium: Bachelor of Science 2027 (m/w/d) Wirtschaftsinformatik mit IHK-Abschluss

Das erwartet dich
- Abwechslung garantiert: Ein spannendes, praxisnahes duales Studium in Kooperation mit der Hochschule Osnabrück – Theorie und Praxis im Wechsel. Außerdem erwirbst du in drei Jahren gleich zwei Abschlüsse: den Bachelor of Science und einen IHK-Abschluss.
- Während der Praxisphasen lernst du alle wichtigen IT- und kaufmännischen Abteilungen kennen, mit besonderem Fokus auf IT-Systeme, Softwareentwicklung, Datenanalyse und Prozessoptimierung.
- Du arbeitest aktiv an der Planung, Entwicklung und Betreuung von IT-Lösungen mit und unterstützt bei der Analyse von Geschäftsprozessen sowie der Digitalisierung betrieblicher Abläufe.
- Lerne unseren Ausbildungsbetrieb und seine international ausgerichtete Organisation von Grund auf kennen.
- Arbeite in einem motivierten Team, das Zusammenhalt und gegenseitige Unterstützung täglich lebt.
- Entfalte dich in einem innovativen Arbeitsumfeld mit zahlreichen Entwicklungsmöglichkeiten.

Einleitung
Du bist auf der Suche nach einem dualen Studium ab August 2027, bei dem du Theorie und Praxis optimal verbindest? IT, Digitalisierung und betriebswirtschaftliche Zusammenhänge interessieren dich?
Wir suchen dich für ein
Duales Studium: Bachelor of Science (B.Sc.) Wirtschaftsinformatik mit integriertem IHK Abschluss (m/w/d)
Das bringst du mit
Um Teil von Rosenxt zu werden, überzeugst Du durch Teamfähigkeit und ein hohes Maß an Lernbereitschaft. Außerdem bringst Du mit:
- Du hast (bald) dein (Fach-)Abitur oder eine vergleichbare Hochschulzugangsberechtigung mit guten Noten besonders in Mathematik und ggf. Wirtschaft in der Tasche.
- Zahlen und Technik begeistern dich, und du hast Spaß daran, komplexe Daten, IT-Systeme und wirtschaftliche Zusammenhänge zu analysieren und zu verstehen.
- Du arbeitest gerne im Team, bist offen, kommunikativ und zuverlässig.
- Sorgfalt und Organisationstalent zeichnen dich aus.
Freu dich auf
- Deine Zukunft bei uns: Vielfältige Möglichkeiten, dich weiterzuentwickeln und langfristig in einer globalen, innovativen Unternehmensgruppe mit familiärem Charakter durchzustarten.

- Ausbildung auf Top-Niveau: Wir bieten dir eine spannende Ausbildung mit modernster Technik und vielen Einblicken in die Praxis.
- Offen und unkompliziert: Freue dich auf eine Unternehmenskultur mit flachen Hierarchien, offenen Türen und einer lockeren Du-Kultur.
- Ein starkes Team: Bei uns bist du nicht allein – wir sind ein hilfsbereites, kollegiales Team, das dich unterstützt. Dazu gibt’s regelmäßig coole Team-Events!
- Platz für deine Ideen: Bring dich ein, probiere Neues aus und gestalte innovative Lösungen aktiv mit.
Neugierig geworden und bereit für den Karrierestart im Doppelpack?
Dann bewirb dich jetzt ganz unkompliziert über unser Online-Formular – wir sind gespannt, dich kennenzulernen!
PS: Zum Ausbildungsstart erhältst du von uns einen IT-Bonus von 1.000 €, damit du bestens ausgestattet und startklar in deine berufliche Zukunft gehen kannst. :)
Mehr Informationen über die Rosenxt Gruppe findest Du hier:
www.rosen-nxt.com
Aufgaben","Einleitung
Du bist auf der Suche nach einem dualen Studium ab August 2027, bei dem du Theorie und Praxis optimal verbindest? IT, Digitalisierung und betriebswirtschaftliche Zusammenhänge interessieren dich?
Wir suchen dich für ein
Duales Studium: Bachelor of Science (B.Sc.) Wirtschaftsinformatik mit integriertem IHK Abschluss (m/w/d)
Das bringst du mit
Um Teil von Rosenxt zu werden, überzeugst Du durch Teamfähigkeit und ein hohes Maß an Lernbereitschaft. Außerdem bringst Du mit:
- Du hast (bald) dein (Fach-)Abitur oder eine vergleichbare Hochschulzugangsberechtigung mit guten Noten besonders in Mathematik und ggf. Wirtschaft in der Tasche.
- Zahlen und Technik begeistern dich, und du hast Spaß daran, komplexe Daten, IT-Systeme und wirtschaftliche Zusammenhänge zu analysieren und zu verstehen.
- Du arbeitest gerne im Team, bist offen, kommunikativ und zuverlässig.
- Sorgfalt und Organisationstalent zeichnen dich aus.
Freu dich auf
- Deine Zukunft bei uns: Vielfältige Möglichkeiten, dich weiterzuentwickeln und langfristig in einer globalen, innovativen Unternehmensgruppe mit familiärem Charakter durchzustarten.",2026-06-13T10:40:52.926274+00:00
AZDE-12491159,azubi_de_fi,Rosenxt Creation Center GmbH,Wietmarschen,49835 Wietmarschen DE,Ausbildung | Duales Studium: Bachelor of Science 2026 (m/w/d) Wirtschaftsinformatik mit IHK-Abschluss,dual,2026,8,,53,empty,,https://www.azubi.de/ausbildungsplatz/12491159-b-duales-studium-bachelor-of-science-2026-m-w-d-wirtschaftsinformatik-mit-ihk-abschluss/apply,portal,,,Rosenxt Creation Center GmbH | Ausbildung | Duales Studium: Bachelor of Science 2026 (m/w/d) Wirtschaftsinformatik mit IHK-Abschluss | Wietmarschen,tidak,belum,sedang,"Duales Studium: Bachelor of Science 2026 (m/w/d) Wirtschaftsinformatik mit IHK-Abschluss

Das erwartet dich
- Abwechslung garantiert: Ein spannendes, praxisnahes duales Studium in Kooperation mit der Hochschule Osnabrück – Theorie und Praxis im Wechsel. Außerdem erwirbst du in drei Jahren gleich zwei Abschlüsse: den Bachelor of Science und einen IHK-Abschluss.
- Während der Praxisphasen lernst du alle wichtigen IT- und kaufmännischen Abteilungen kennen, mit besonderem Fokus auf IT-Systeme, Softwareentwicklung, Datenanalyse und Prozessoptimierung.
- Du arbeitest aktiv an der Planung, Entwicklung und Betreuung von IT-Lösungen mit und unterstützt bei der Analyse von Geschäftsprozessen sowie der Digitalisierung betrieblicher Abläufe.
- Lerne unseren Ausbildungsbetrieb und seine international ausgerichtete Organisation von Grund auf kennen.
- Arbeite in einem motivierten Team, das Zusammenhalt und gegenseitige Unterstützung täglich lebt.
- Entfalte dich in einem innovativen Arbeitsumfeld mit zahlreichen Entwicklungsmöglichkeiten.

Einleitung
Du bist auf der Suche nach einem dualen Studium ab August 2026, bei dem du Theorie und Praxis optimal verbindest? IT, Digitalisierung und betriebswirtschaftliche Zusammenhänge interessieren dich?
Wir suchen dich für ein
Duales Studium: Bachelor of Science (B.Sc.) Wirtschaftsinformatik mit integriertem IHK Abschluss (m/w/d)
Das bringst du mit
Um Teil von Rosenxt zu werden, überzeugst Du durch Teamfähigkeit und ein hohes Maß an Lernbereitschaft. Außerdem bringst Du mit:
- Du hast (bald) dein (Fach-)Abitur oder eine vergleichbare Hochschulzugangsberechtigung mit guten Noten besonders in Mathematik und ggf. Wirtschaft in der Tasche.
- Zahlen und Technik begeistern dich, und du hast Spaß daran, komplexe Daten, IT-Systeme und wirtschaftliche Zusammenhänge zu analysieren und zu verstehen.
- Du arbeitest gerne im Team, bist offen, kommunikativ und zuverlässig.
- Sorgfalt und Organisationstalent zeichnen dich aus.
Freu dich auf
- Deine Zukunft bei uns: Vielfältige Möglichkeiten, dich weiterzuentwickeln und langfristig in einer globalen, innovativen Unternehmensgruppe mit familiärem Charakter durchzustarten.

- Ausbildung auf Top-Niveau: Wir bieten dir eine spannende Ausbildung mit modernster Technik und vielen Einblicken in die Praxis.
- Offen und unkompliziert: Freue dich auf eine Unternehmenskultur mit flachen Hierarchien, offenen Türen und einer lockeren Du-Kultur.
- Ein starkes Team: Bei uns bist du nicht allein – wir sind ein hilfsbereites, kollegiales Team, das dich unterstützt. Dazu gibt’s regelmäßig coole Team-Events!
- Platz für deine Ideen: Bring dich ein, probiere Neues aus und gestalte innovative Lösungen aktiv mit.
Neugierig geworden und bereit für den Karrierestart im Doppelpack?
Dann bewirb dich jetzt ganz unkompliziert über unser Online-Formular – wir sind gespannt, dich kennenzulernen!
PS: Zum Ausbildungsstart erhältst du von uns einen IT-Bonus von 1.000 €, damit du bestens ausgestattet und startklar in deine berufliche Zukunft gehen kannst. :)
Mehr Informationen über die Rosenxt Gruppe findest Du hier:
www.rosen-nxt.com
Aufgaben","Einleitung
Du bist auf der Suche nach einem dualen Studium ab August 2026, bei dem du Theorie und Praxis optimal verbindest? IT, Digitalisierung und betriebswirtschaftliche Zusammenhänge interessieren dich?
Wir suchen dich für ein
Duales Studium: Bachelor of Science (B.Sc.) Wirtschaftsinformatik mit integriertem IHK Abschluss (m/w/d)
Das bringst du mit
Um Teil von Rosenxt zu werden, überzeugst Du durch Teamfähigkeit und ein hohes Maß an Lernbereitschaft. Außerdem bringst Du mit:
- Du hast (bald) dein (Fach-)Abitur oder eine vergleichbare Hochschulzugangsberechtigung mit guten Noten besonders in Mathematik und ggf. Wirtschaft in der Tasche.
- Zahlen und Technik begeistern dich, und du hast Spaß daran, komplexe Daten, IT-Systeme und wirtschaftliche Zusammenhänge zu analysieren und zu verstehen.
- Du arbeitest gerne im Team, bist offen, kommunikativ und zuverlässig.
- Sorgfalt und Organisationstalent zeichnen dich aus.
Freu dich auf
- Deine Zukunft bei uns: Vielfältige Möglichkeiten, dich weiterzuentwickeln und langfristig in einer globalen, innovativen Unternehmensgruppe mit familiärem Charakter durchzustarten.",2026-06-13T10:40:54.459810+00:00
ASD-999960000345079185,ausbildungsstellen_dpa,,,,Ausbildung | Stellendetails zu: Fachinformatiker Daten- & Prozessanalyse (w/m/d) - August 2026,dual,,,,47,empty,Lucas.Stahlhofen@debeka.de,javascript:,email,"Bewerben können Sie sich jeweils ab Juli für den Start im nächsten Jahr.Haben Sie uns mit Ihrer Bewerbung überzeugt, lernen wir uns bei einem Videointerview persönlich kennen. Bei der Gelegenheit stellen wir Ihnen auch erste Kontaktpersonen vor.Im weiteren Auswahlverfahren laden wir Sie zum Bewerbertag in unsere Hauptverwaltung ein. Freuen Sie sich auf eine Gruppendiskussion, berufsspezifische Fallbesprechungen und eine offene Fragerunde mit unserer Jugend- und Auszubildendenvertretung. Außerdem knüpfen Sie erste Kontakte zu den Menschen, die unsere Auszubildenden begleiten und lotsen.Wir sind gespannt auf Ihre Bewerbung über unsere Website!Senden Sie uns bitte
Wir schützen die Kontaktdaten des Arbeitgebers vor unerlaubten Zugriffen. Bitte geben Sie die dargestellten Zeichen in das Textfeld ein, um die Kontaktdaten des Arbeitgebers anzuzeigen.
Anderes Bild laden
Audioversion abspielen
Hinweis: Die dargestellten Zeichen enthalten keine Umlaute (ä, ö, ü oder ß), Sonderzeichen oder Leerzeichen.
Dargestellte Zeichen
Absenden
Fußbereich
Stelle betreut durch die BA
Referenz-Nr.: 10000-1205414196-S
Verstoß melden",,Ausbildung | Stellendetails zu: Fachinformatiker Daten- & Prozessanalyse (w/m/d) - August 2026,ya,belum,rendah,"Stellendetails zu: Ausbildung Fachinformatiker Daten- & Prozessanalyse (w/m/d) - August 2026

Das bieten wir Ihnen
Work-Life-Balance :Flexible Arbeitszeiten, 30 Urlaubstage, Heiligabend und Silvester arbeitsfrei
Strukturierte Aus- und Weiterbildung :Seminare und E-Learnings, interne Qualifizierungsmaßnahmen, eine intensive Vorbereitung auf die IHK-Prüfungen, Begleitung von Praxis- und Bachelorarbeiten
Attraktive Vergütung :14 überdurchschnittliche Monatsgehälter:1. Ausbildungsjahr 1.355 Euro pro Monat2. Ausbildungsjahr 1.432 Euro pro Monat3. Ausbildungsjahr 1.520 Euro pro Monat(zzgl. monatlich 40 Euro vermögenswirksame Leistungen; Ausbildungsvergütung Stand 01.08.2025)
Sport & Gesundheit :Betriebssportangebot, Betriebliche Krankenversicherung
Karriere :Sehr gute Übernahmechancen, vielfältige Entwicklungsmöglichkeiten
Moderne Arbeitsumgebung :New Work-Elemente, höhenverstellbare Schreibtische, Curved-Bildschirme, Betriebsrestaurant und Cafeteria mit Außenterrassen
Weitere Benefits :Vergünstigungen für Mitarbeitende, Zuschuss zum Deutschlandticket, Firmenevents und vieles mehr
Ausbildung und duales Studium
Bei sehr guten Leistungen stehen Ihnen die Möglichkeit eines ausbildungsbegleiteten oder berufsbegleiteten Studiums offen – so können Sie Ihre Praxis im Unternehmen optimal ergänzen. Oder Sie nutzen die individuellen Weiterbildungsangebote unserer Akademie, um sich zusätzlich zu qualifizieren.
Der Bewerbungsprozess",,2026-06-13T12:03:47.167863+00:00
ASD-999960000532564785,ausbildungsstellen_ae,,,,Ausbildung | Stellendetails zu: Fachinformatiker Systemintegration - August 2026 (w/m/d),dual,,,,47,empty,Jennifer.Scherf@debeka.de,javascript:,email,"Bewerben können Sie sich jeweils ab Juli für den Start im nächsten Jahr.Haben Sie uns mit Ihrer Bewerbung überzeugt, lernen wir uns bei einem Videochat oder Telefoninterview persönlich kennen. Bei der Gelegenheit stellen wir Ihnen auch erste Kontaktpersonen vor.Im weiteren Auswahlverfahren laden wir Sie zum Bewerbertag in unsere Hauptverwaltung ein. Freuen Sie sich auf eine Gruppendiskussion, berufsspezifische Fallbesprechungen und eine offene Fragerunde mit unseren Azubis. Außerdem knüpfen Sie erste Kontakte zu den Menschen, die unsere Auszubildenden begleiten und lotsen.Wir sind gespannt auf Ihre Bewerbung über unsere Website! Sie sind auf der Suche nach einer praxisnäheren Alternative zum Studium? Wir freuen uns, auch von Ihnen zu hören.Senden Sie uns bitte
Wir schützen die Kontaktdaten des Arbeitgebers vor unerlaubten Zugriffen. Bitte geben Sie die dargestellten Zeichen in das Textfeld ein, um die Kontaktdaten des Arbeitgebers anzuzeigen.
Anderes Bild laden
Audioversion abspielen
Hinweis: Die dargestellten Zeichen enthalten keine Umlaute (ä, ö, ü oder ß), Sonderzeichen oder Leerzeichen.
Dargestellte Zeichen
Absenden
Fußbereich
Stelle betreut durch die BA
Referenz-Nr.: 10000-1205414400-S
Verstoß melden",,Ausbildung | Stellendetails zu: Fachinformatiker Systemintegration - August 2026 (w/m/d),ya,belum,rendah,"Stellendetails zu: Ausbildung Fachinformatiker Systemintegration - August 2026 (w/m/d)

Das bieten wir Ihnen
Work-Life-Balance: Flexible Arbeitszeiten, 30 Urlaubstage, Heiligabend und Silvester arbeitsfrei
Strukturierte Aus- und Weiterbildung: Seminare und E-Learnings, interne Qualifizierungsmaßnahmen, eine intensive Vorbereitung auf die IHK-Prüfungen, Begleitung von Praxis- und Bachelorarbeiten
Attraktive Vergütung: 14 überdurchschnittliche Monatsgehälter:
1. Ausbildungsjahr 1.355 Euro pro Monat
2. Ausbildungsjahr 1.432 Euro pro Monat
3. Ausbildungsjahr 1.520 Euro pro Monat
(zzgl. monatlich 40 Euro vermögenswirksame Leistungen; Ausbildungsvergütung Stand 01.08.2025)
Sport & Gesundheit: Betriebssportangebot, Betriebliche Krankenversicherung
Karriere: Sehr gute Übernahmechancen, vielfältige Entwicklungsmöglichkeiten
Moderne Arbeitsumgebung: New Work-Elemente*, *höhenverstellbare Schreibtische*, Curved-Bildschirme, *Betriebsrestaurant und Cafeteria mit Außenterrassen
Weitere Benefits: Vergünstigungen für Mitarbeitende, Zuschuss zum Deutschlandticket, Firmenevents und vieles mehr
Ausbildung und duales Studium
Bei sehr guten Leistungen stehen Ihnen die Möglichkeit eines ausbildungsbegleiteten oder berufsbegleiteten Studiums offen – so können Sie Ihre Praxis im Unternehmen optimal ergänzen. Oder Sie nutzen die individuellen Weiterbildungsangebote unserer Akademie, um sich zusätzlich zu qualifizieren.
Der Bewerbungsprozess",,2026-06-13T10:44:06.626558+00:00
ASD-999960002983027232,ausbildungsstellen_si,,,,Ausbildung | Stellendetails zu: Fachinformatiker Anwendungsentwicklung (w/m/d) - August 2026,dual,,,,47,empty,Lucas.Stahlhofen@debeka.de,javascript:,email,"Bewerben können Sie sich jeweils ab Juli für den Start im nächsten Jahr.Haben Sie uns mit Ihrer Bewerbung überzeugt, lernen wir uns bei einem Videointerview persönlich kennen. Bei der Gelegenheit stellen wir Ihnen auch erste Kontaktpersonen vor.Im weiteren Auswahlverfahren laden wir Sie zum Bewerbertag in unsere Hauptverwaltung ein. Freuen Sie sich auf eine Gruppendiskussion, berufsspezifische Fallbesprechungen und eine offene Fragerunde mit unseren Azubis. Außerdem knüpfen Sie erste Kontakte zu den Menschen, die unsere Auszubildenden begleiten und lotsen.Wir sind gespannt auf Ihre Bewerbung über unsere Website! Sie sind auf der Suche nach einer praxisnäheren Alternative zum Studium? Wir freuen uns, auch von Ihnen zu hören.Senden Sie uns bitte
Wir schützen die Kontaktdaten des Arbeitgebers vor unerlaubten Zugriffen. Bitte geben Sie die dargestellten Zeichen in das Textfeld ein, um die Kontaktdaten des Arbeitgebers anzuzeigen.
Anderes Bild laden
Audioversion abspielen
Hinweis: Die dargestellten Zeichen enthalten keine Umlaute (ä, ö, ü oder ß), Sonderzeichen oder Leerzeichen.
Dargestellte Zeichen
Absenden
Fußbereich
Stelle betreut durch die BA
Referenz-Nr.: 10000-1205414090-S
Verstoß melden",,Ausbildung | Stellendetails zu: Fachinformatiker Anwendungsentwicklung (w/m/d) - August 2026,ya,belum,rendah,"Stellendetails zu: Ausbildung Fachinformatiker Anwendungsentwicklung (w/m/d) - August 2026

Das bieten wir Ihnen
Work-Life-Balance :Flexible Arbeitszeiten, 30 Urlaubstage, Heiligabend und Silvester arbeitsfrei
Strukturierte Aus- und Weiterbildung :Seminare und E-Learnings, interne Qualifizierungsmaßnahmen, eine intensive Vorbereitung auf die IHK-Prüfungen, Begleitung von Praxis- und Bachelorarbeiten
Attraktive Vergütung :14 überdurchschnittliche Monatsgehälter:1. Ausbildungsjahr 1.355 Euro pro Monat2. Ausbildungsjahr 1.432 Euro pro Monat3. Ausbildungsjahr 1.520 Euro pro Monat(zzgl. monatlich 40 Euro vermögenswirksame Leistungen; Ausbildungsvergütung Stand 01.08.2025)
Sport & Gesundheit :Betriebssportangebot, Betriebliche Krankenversicherung
Karriere :Sehr gute Übernahmechancen, vielfältige Entwicklungsmöglichkeiten
Moderne Arbeitsumgebung :New Work-Elemente, höhenverstellbare Schreibtische, Curved-Bildschirme, Betriebsrestaurant und Cafeteria mit Außenterrassen
Weitere Benefits :Vergünstigungen für Mitarbeitende, Zuschuss zum Deutschlandticket, Firmenevents und vieles mehr
Ausbildung und duales Studium
Bei sehr guten Leistungen stehen Ihnen die Möglichkeit eines ausbildungsbegleiteten oder berufsbegleiteten Studiums offen – so können Sie Ihre Praxis im Unternehmen optimal ergänzen. Oder Sie nutzen die individuellen Weiterbildungsangebote unserer Akademie, um sich zusätzlich zu qualifizieren.
Der Bewerbungsprozess",,2026-06-13T14:25:37.463898+00:00
ASD-999960002199291184,ausbildungsstellen_si,AUMOVIO Germany GmbH,,,Ausbildung | Stellendetails zu: Fachinformatiker für Anwendungsentwicklung (m/w/d) - REF1802V,dual,,,1.116 €,47,empty,,javascript:,portal,"Wir schützen die Kontaktdaten des Arbeitgebers vor unerlaubten Zugriffen. Bitte geben Sie die dargestellten Zeichen in das Textfeld ein, um die Kontaktdaten des Arbeitgebers anzuzeigen.
Anderes Bild laden
Audioversion abspielen
Hinweis: Die dargestellten Zeichen enthalten keine Umlaute (ä, ö, ü oder ß), Sonderzeichen oder Leerzeichen.
Dargestellte Zeichen
Absenden
Fußbereich
Stelle betreut durch Arbeitgeber
Referenz-Nr.: 19801-871967180-S
Verstoß melden",,AUMOVIO Germany GmbH | Ausbildung | Stellendetails zu: Fachinformatiker für Anwendungsentwicklung (m/w/d) - REF1802V,ya,belum,rendah,"Stellendetails zu: Ausbildung Fachinformatiker für Anwendungsentwicklung (m/w/d) - REF1802V

Wir bieten
vielfältigen und spannenden Aufgaben mit Zukunft
Digitales Lernen mit eigenem Endgerät
Teamgeist und Sport
Zuschuss zu Fahrtkosten durch Jobticket
30 Tage Urlaub / Jahr
35h Woche
Ausbildungsvergütung nach IG Metall Bayern Tarif
Bereit für deine Zukunft? Die Zukunft der Mobilität ist kein Job wie jeder andere. Mach sie zu deiner Aufgabe! Starte deine Ausbildung oder dein Duales Studium bei AUMOVIO. Own What’s Next.
Mehr anzeigen
Arbeitsorte
Karte anzeigen
Ringlerstraße 17, 85057 Ingolstadt, Donau
Unternehmensdarstellung: AUMOVIO Germany GmbH
AUMOVIO Germany GmbH
Alle Stellen anzeigen
Informationen zur Bewerbung
Sicherheitsabfrage",,2026-06-13T13:58:56.539511+00:00
ASD-990610001791824755,ausbildungsstellen_ae,CHEFS CULINAR West GmbH & Co. KG,,,Ausbildung | Duales Studium (ausbildungs­integrierend)Beginn ab 01.08.2026,dual,2026,8,,47,empty,hr-ccwest@chefsculinar.de,javascript:,email,"Wir schützen die Kontaktdaten des Arbeitgebers vor unerlaubten Zugriffen. Bitte geben Sie die dargestellten Zeichen in das Textfeld ein, um die Kontaktdaten des Arbeitgebers anzuzeigen.
Anderes Bild laden
Audioversion abspielen
Hinweis: Die dargestellten Zeichen enthalten keine Umlaute (ä, ö, ü oder ß), Sonderzeichen oder Leerzeichen.
Dargestellte Zeichen
Absenden
Fußbereich
Stelle betreut durch die BA
Referenz-Nr.: 10001-1000596362-S
Verstoß melden",,CHEFS CULINAR West GmbH & Co. KG | Ausbildung | Duales Studium (ausbildungs­integrierend)Beginn ab 01.08.2026,ya,belum,rendah,"Duales Studium (ausbildungs­integrierend)Beginn ab 01.08.2026

Wir bieten
Wir unterstützen dich…
… auf deinem Weg ins Büro.
Wer mag schon Stress am Morgen: Dank ausreichend kostenfreien Parkplätzen kannst du ganz entspannt in deinen Arbeitstag starten. Und: Bei uns gestaltest du deine Arbeitszeiten selbst. Unsere flexible Gleitzeit macht es möglich!
… in deiner Freizeit.
Du erhältst 30 Tage bezahlten Urlaub, bei besonderen Ereignissen sogar noch Tage on top. Auch für die Urlaubskasse und Weihnachtsgeschenke gibt’s einen Bonus. Sparfüchse nutzen die Vorteile von Corporate Benefits!
… an deinem Arbeitsplatz.
Getränke gibt es kostenlos und geschlemmt wird zu moderaten Preisen in der hauseigenen Kantine. Ein modernes Büro und eine intensive Betreuung durch erfahrene Ausbilder und Trainer schaffen die Basis für eine lockere Atmosphäre und kreatives Arbeiten im Team.
… und darüber hinaus.
Bei uns ist kein Tag wie der andere. Während deiner Ausbildung lernst du unsere verschiedenen Fachabteilungen kennen. Und auch nach Feierabend gilt: Egal ob sportliche Challenges und außerbetriebliche Events –Langeweile kennen wir nicht!
Wir freuen uns auf deine Bewerbung!
CHEFS CULINAR West GmbH & Co. KG
Lucia Eykholt
Holtumsweg 26
47652 Weeze
E-Mail: hr-ccwest@chefsculinar.de
Mehr anzeigen
Arbeitsorte
Karte anzeigen
Holtumsweg 26, 47652 Weeze
Unternehmensdarstellung: CHEFS CULINAR West GmbH & Co. KG
CHEFS CULINAR West GmbH & Co. KG
Alle Stellen anzeigen
Webseiten
Homepage
Informationen zur Bewerbung
Sicherheitsabfrage",,2026-06-13T09:43:48.417974+00:00
ASD-999960002847989286,ausbildungsstellen_si,Die OGS GmbH ist bekannt für eine gute Aus- und Weiterbildung und gibt dir die Chance ein Teil vom Ganzen zu werden.,,,Ausbildung,dual,,,,47,empty,ausbildung@ogs.de,javascript:,email,"Wir schützen die Kontaktdaten des Arbeitgebers vor unerlaubten Zugriffen. Bitte geben Sie die dargestellten Zeichen in das Textfeld ein, um die Kontaktdaten des Arbeitgebers anzuzeigen.
Anderes Bild laden
Audioversion abspielen
Hinweis: Die dargestellten Zeichen enthalten keine Umlaute (ä, ö, ü oder ß), Sonderzeichen oder Leerzeichen.
Dargestellte Zeichen
Absenden
Fußbereich
Stelle betreut durch die BA
Referenz-Nr.: 10001-1003098403-S
Verstoß melden",,Die OGS GmbH ist bekannt für eine gute Aus- und Weiterbildung und gibt dir die Chance ein Teil vom Ganzen zu werden. | Ausbildung,ya,belum,rendah,"Ausbildung

Das bieten wir Dir:
✔ Umfangreiche Einführung in IT-Systeme und Netzwerkstrukturen
✔ Anleitung zur systematischen Fehlerdiagnose und –behebung
✔ Praxisnahe Aufgaben in realen Projekten
✔ Betreuung durch erfahrene Ausbilderinnen und Ausbilder
✔ Firmenlaptop für Job und Berufsschule
✔ Verkehrsgünstige Lage im Zentrum von Koblenz
✔ Möglichkeit auf ein duales Studium
✔ Übernahmechance nach der Ausbildung
Du willst nicht nur zuschauen, sondern mitdenken und mitgestalten?
Du löst gerne technische Herausforderungen und arbeitest gerne im Team?
Dann passt du perfekt zu uns!
Die OGS GmbH ist bekannt für eine gute Aus- und Weiterbildung und gibt dir die Chance ein Teil vom Ganzen zu werden.
Sende uns deine vollständige Bewerbung per E-Mail an ausbildung@ogs.de
Arbeitsorte
Karte anzeigen
Hohenfelder Str. 17-19, 56068 Koblenz am Rhein
Unternehmensdarstellung: OGS Gesell.f.Datenver.u.Systemb.mb H
OGS Gesell.f.Datenver.u.Systemb.mb H
Wir sind ein erfolgreiches, wachsendes Beratungs- und Softwareunternehmen der betriebswirtschaftlichen Informationstechnik mit Sitz in Koblenz. Schwerpunkte unserer Tätigkeit sind die Einführung der ERP-Software OGSiD® beim Kunden, die stetige Weiterentwicklung der Software sowie bedarfsgerechte Dienstleistungskonzepte und die Realisierung von kundenindividuellen Anwendungssystemen.
Alle Stellen anzeigen
Webseiten
Homepage
Informationen zur Bewerbung
Sicherheitsabfrage",,2026-06-13T14:19:03.672106+00:00
ASD-999960003582742597,ausbildungsstellen_si,General Logistics Systems Germany GmbH & Co. OHG,,,Ausbildung | Stellendetails zu: Fachinformatiker für Systemintegration (w/m/d) 2026,dual,,,,47,empty,,javascript:,portal,"Standort-Support & Abstimmung: Du hast viel Kontakt zu verschiedenen Abteilungen und unseren Standorten in der Region
Wir schützen die Kontaktdaten des Arbeitgebers vor unerlaubten Zugriffen. Bitte geben Sie die dargestellten Zeichen in das Textfeld ein, um die Kontaktdaten des Arbeitgebers anzuzeigen.
Anderes Bild laden
Audioversion abspielen
Hinweis: Die dargestellten Zeichen enthalten keine Umlaute (ä, ö, ü oder ß), Sonderzeichen oder Leerzeichen.
Dargestellte Zeichen
Absenden
Fußbereich
Stelle betreut durch Arbeitgeber
Referenz-Nr.: 15863-865768886-S
Verstoß melden",,General Logistics Systems Germany GmbH & Co. OHG | Ausbildung | Stellendetails zu: Fachinformatiker für Systemintegration (w/m/d) 2026,ya,belum,rendah,"Stellendetails zu: Ausbildung Fachinformatiker für Systemintegration (w/m/d) 2026

Das bringst Du mit:
Du hast einen Realschulabschluss oder das Fachabitur
Du hast Spaß am Tüfteln und findest kreative Lösungen – auch, wenn’s mal knifflig wird.
Es fällt Dir leicht, Dinge zu strukturieren und den Überblick zu behalten
Du interessierst Dich für die Administration & Konfiguration von IT-Systemen, Hard- und Software
Du arbeitest gerne im Team und bringst Dich aktiv ein.
Freu Dich auf:
Teamevents
Für einen tollen Teamspirit organisieren wir Veranstaltungen und Teamevents mit Kollegen und den anderen Azubis.Weiterentwicklung
Und nach der Ausbildung? Du kannst bei uns den GLS Betriebswirt oder ein Duales Studium anschließen.Fahrtzuschuss zur Berufsschule
Du erhältst finanzielle Unterstützung bei Deiner Anfahrt zur Berufsschule oder dem Arbeitsplatz.Betreuung
Wir kümmern uns um Dich. Dein Ausbilder und Dein Team haben immer ein offenes Ohr für Dich.Prämie
Wir schätzen Dein Engagement. Sehr gute Leistungen zahlen sich bei uns aus.Digitale Ausstattung
Du bekommst von uns einen Firmenlaptop, den Du auch für die Schule verwenden kannst.
Interesse?","Das bringst Du mit:
Du hast einen Realschulabschluss oder das Fachabitur
Du hast Spaß am Tüfteln und findest kreative Lösungen – auch, wenn’s mal knifflig wird.
Es fällt Dir leicht, Dinge zu strukturieren und den Überblick zu behalten
Du interessierst Dich für die Administration & Konfiguration von IT-Systemen, Hard- und Software
Du arbeitest gerne im Team und bringst Dich aktiv ein.
Freu Dich auf:
Teamevents
Für einen tollen Teamspirit organisieren wir Veranstaltungen und Teamevents mit Kollegen und den anderen Azubis.Weiterentwicklung
Und nach der Ausbildung? Du kannst bei uns den GLS Betriebswirt oder ein Duales Studium anschließen.Fahrtzuschuss zur Berufsschule
Du erhältst finanzielle Unterstützung bei Deiner Anfahrt zur Berufsschule oder dem Arbeitsplatz.Betreuung
Wir kümmern uns um Dich. Dein Ausbilder und Dein Team haben immer ein offenes Ohr für Dich.Prämie
Wir schätzen Dein Engagement. Sehr gute Leistungen zahlen sich bei uns aus.Digitale Ausstattung
Du bekommst von uns einen Firmenlaptop, den Du auch für die Schule verwenden kannst.
Interesse?",2026-06-13T14:45:55.739823+00:00
ASD-999960001019582681,ausbildungsstellen_si,Ingram Micro Distribution GmbH,,,Ausbildung,dual,,,,47,empty,,javascript:,portal,"Wir schützen die Kontaktdaten des Arbeitgebers vor unerlaubten Zugriffen. Bitte geben Sie die dargestellten Zeichen in das Textfeld ein, um die Kontaktdaten des Arbeitgebers anzuzeigen.
Anderes Bild laden
Audioversion abspielen
Hinweis: Die dargestellten Zeichen enthalten keine Umlaute (ä, ö, ü oder ß), Sonderzeichen oder Leerzeichen.
Dargestellte Zeichen
Absenden
Fußbereich
Stelle betreut durch die BA
Referenz-Nr.: 10001-1002292387-S
Verstoß melden",,Ingram Micro Distribution GmbH | Ausbildung,ya,belum,rendah,"Ausbildung

Das bringst du mit:
Mittlere Reife mit gutem Notendurchschnitt
Gute Selbstorganisation und Eigeninitiative
Entscheidungsfreude und Lernbereitschaft
Sorgfältige und selbstständige Arbeitsweise
Dauer: 2,5-3 Jahre
Standorte: Dornach bei München & Straubing
Bildungspartner: IHK
Beginne deinen beruflichen Wachstumspfad bei Ingram Micro!
Das solltest du mitbringen:
Abitur oder Fachhochschulreife, Interesse an systematischer Problemlösung, Teamfähigkeit, erste Erfahrungen mit MS Office sowie Spaß an kreativen Prozessen.
Das bedeutet Ausbildung / duales Studium bei Ingram Micro
Stärken entdecken - Du bekommst Personen an die Seite, die dich dabei unterstützen, deine Stärken zu entdecken und bei uns einzusetzen
Entwicklung erleben – Du kannst Aufgaben übernehmen, an denen du beruflich und persönlich wachsen wirst.
Vielseitigkeit erfahren – Du kannst auf fachliche Entdeckungsreise gehen, unterschiedliche berufliche Situationen kennenlernen und dabei deinen Erfahrungsschatz ausbauen. Dabei erwartet dich ein vertrauensvolles Lernklima, in dem Fehler erlaubt sind.
Flexibler Ausbildungsalltag - Du kannst deinen Ausbildungsalltag zum großen Teil selbst gestalten. Themen, die dich besonders interessieren, kannst du in den entsprechenden Abteilungen vertiefen oder eigene Projekte ins Leben rufen.
Wir sind auch an älteren Bewerbern (m/w/d) ohne berufliche (Vor-) Ausbildung interessiert.
Mehr anzeigen
Arbeitsorte
Karte anzeigen
Heisenbergbogen 3, 85609 Aschheim
Unternehmensdarstellung: Ingram Micro Distribution GmbH
Ingram Micro Distribution GmbH
Ingram Micro ist deutschlandweit die Nr. 1 auf dem Markt für Produkte der Informations- und Kommunikationstechnologie. Das reicht vom Computer und Software-Lizenzen über Smartphones bis hin zur kompletten Vernetzung und Ausstattung von öffentlichen Einrichtungen. Unsere Hauptaufgabe besteht darin, von unseren 350 Herstellern, darunter auch so bekannte wie Apple oder HP, Produkte einzukaufen und dann in individuell geschnürten Paketen an Reseller weiter zu verkaufen. So sorgen wir täglich für volle Regale unter anderem bei Media Markt und Saturn.
Alle Stellen anzeigen
Webseiten
Homepage
Informationen zur Bewerbung
Sicherheitsabfrage

Was wir bieten:
Ausbildung
Eine Ausbildung bei uns ist mehr als nur ein Job – sie ist deine Chance, herauszufinden, was in dir steckt. Hier kannst du deine Stärken entdecken, dich weiterentwickeln, Verantwortung übernehmen und richtig durchstarten.
Unsere Azubis sind die Zukunft von Ingram Micro – und genau deshalb geben wir alles, damit du dich von Anfang an wohlfühlst, spannende Aufgaben übernimmst und daran wächst. Was wir dafür brauchen? Dich!
So passt du zu uns:
Sei mutig, bring deine Ideen ein und hab keine Angst vor Fehlern – denn genau daraus lernst du am meisten.
Duales Studium
Ein Studium bei uns ist mehr als nur Theorie – hier erlebst du, wie Praxis und Wissen Hand in Hand gehen. Mit einem dualen Studium verbindest du Vorlesungen an der Hochschule direkt mit spannenden Aufgaben bei uns im Unternehmen. Das, was du im Hörsaal lernst, kannst du bei uns vertiefen, direkt anwenden und so noch besser verstehen.
Durch deinen Praxiseinsatz bekommst du früh ein Gefühl dafür, welche Themen dich wirklich begeistern und in welche Richtung du später gehen möchtest. Dabei stehen dir erfahrene Kolleg*innen zur Seite, die dich begleiten, unterstützen und in deiner Entwicklung fördern.","Das bringst du mit:
Mittlere Reife mit gutem Notendurchschnitt
Gute Selbstorganisation und Eigeninitiative
Entscheidungsfreude und Lernbereitschaft
Sorgfältige und selbstständige Arbeitsweise
Dauer: 2,5-3 Jahre
Standorte: Dornach bei München & Straubing
Bildungspartner: IHK
Beginne deinen beruflichen Wachstumspfad bei Ingram Micro!
Das solltest du mitbringen:
Abitur oder Fachhochschulreife, Interesse an systematischer Problemlösung, Teamfähigkeit, erste Erfahrungen mit MS Office sowie Spaß an kreativen Prozessen.
Das bedeutet Ausbildung / duales Studium bei Ingram Micro
Stärken entdecken - Du bekommst Personen an die Seite, die dich dabei unterstützen, deine Stärken zu entdecken und bei uns einzusetzen
Entwicklung erleben – Du kannst Aufgaben übernehmen, an denen du beruflich und persönlich wachsen wirst.
Vielseitigkeit erfahren – Du kannst auf fachliche Entdeckungsreise gehen, unterschiedliche berufliche Situationen kennenlernen und dabei deinen Erfahrungsschatz ausbauen. Dabei erwartet dich ein vertrauensvolles Lernklima, in dem Fehler erlaubt sind.
Flexibler Ausbildungsalltag - Du kannst deinen Ausbildungsalltag zum großen Teil selbst gestalten. Themen, die dich besonders interessieren, kannst du in den entsprechenden Abteilungen vertiefen oder eigene Projekte ins Leben rufen.
Wir sind auch an älteren Bewerbern (m/w/d) ohne berufliche (Vor-) Ausbildung interessiert.
Mehr anzeigen
Arbeitsorte
Karte anzeigen
Heisenbergbogen 3, 85609 Aschheim
Unternehmensdarstellung: Ingram Micro Distribution GmbH
Ingram Micro Distribution GmbH
Ingram Micro ist deutschlandweit die Nr. 1 auf dem Markt für Produkte der Informations- und Kommunikationstechnologie. Das reicht vom Computer und Software-Lizenzen über Smartphones bis hin zur kompletten Vernetzung und Ausstattung von öffentlichen Einrichtungen. Unsere Hauptaufgabe besteht darin, von unseren 350 Herstellern, darunter auch so bekannte wie Apple oder HP, Produkte einzukaufen und dann in individuell geschnürten Paketen an Reseller weiter zu verkaufen. So sorgen wir täglich für volle Regale unter anderem bei Media Markt und Saturn.
Alle Stellen anzeigen
Webseiten
Homepage
Informationen zur Bewerbung
Sicherheitsabfrage",2026-06-13T13:28:37.647889+00:00
15740-1549-1745182-0-S,fachinformatiker_dpa,Kassenärztl. Bundesvereinigung,,,Ausbildung | Fachinformatiker/in - Daten- und Prozessanalyse,dual,2026,10,,47,company,,https://www.arbeitsagentur.de/jobsuche/jobdetail/15740-1549-1745182-0-S,ba_portal,,https://www.arbeitsagentur.de/jobsuche/jobdetail/15740-1549-1745182-0-S,Kassenärztl. Bundesvereinigung | Ausbildung | Fachinformatiker/in - Daten- und Prozessanalyse,ya,belum,rendah,"Wir suchen Sie für unser Dezernat Digitalisierung und IT, Abteilung Daten und Automatisierung, für das Duale Studium ""Bachelor of Science Informatik / Data Science"" im Zentrum Berlins für den Studienstart Oktober 2026. Als Teil unseres Teams lernen Sie in verschiedenen Abteilungen der IT in der KBV (z.B. Daten und Automatisierung, Entwicklung, IT in der Arztpraxis, Betrieb und Service, IT Sicherheit) neueste Technologien und echten Teamgeist kennen.

Duales Studium - Bachelor of Science Informatik / Data Science


Das Dezernat Digitalisierung und IT beschäftigt sich mit einer Vielzahl von spannenden Fragestellungen und Zukunftsthemen. In der Abteilung Daten und Automatisierung arbeiten Sie als Data Engineer, Data Scientist und Data Analyst (m/w/d) an anspruchsvollen Projekten und Aufgaben. Wir unterstützen und beraten die Dezernate und Fachabteilungen der KBV zu folgenden Themen:

  - Beratung zu den Themen Datenanalyse, Datenmanagement und Datennutzung
  - Durchführung von komplexen Datenanalysen und Unterstützung der Fachbereiche
  - Datenmanagement in Form der Integration von Daten
  - Automatisierung von Datenverarbeitungsprozessen und Monitoring mittels Datenlieferungsverwaltung
  - Datenaustausch zwischen den Stakeholdern im Gesundheitswesen
  - Betreuung Data Warehouse (DWH) und Business Intelligence (BI)
  - Einsatz von KI





  - Allgemeine Hochschulreife (Abitur), Fachhochschulreife oder fachgebundene Hochschulreife
  - Gute bis sehr gute Leistungen in den Leistungsfächern Mathematik und Informatik
  - Ausgeprägte Fähigkeit zu analytischem, logischem und abstraktem Denken
  - Lernbereitschaft, Selbstorganisation, strukturierte Arbeitsweise, Zielstrebigkeit sowie gute Kommunikationsfähigkeit in Wort und Schrift



  - Abwechslung: Sie genießen die Vorteile eines öffentlichen Arbeitgebers und agieren zugleich in einem innovativen Umfeld
  - Frühaufsteher oder Langschläfer? Ihre Arbeitszeit können Sie flexibel durch mobiles Arbeiten und unser Gleitzeitmodell gestalten
  - Vergütung: Wir wertschätzen Ihre Arbeit mit einer attraktiven Bezahlung
  - Berufliche Entwicklung: Bei uns können Sie wachsen: Wir fördern Sie durch verantwortungsvolle und praxisnahe Aufgaben
  - Weitere Benefits: Kantine, Sportangebote sowie Zuschuss zum Firmenticket sind nur einige Beispiele


Die KBV gewährleistet die berufliche Gleichstellung von Frauen und Männern. Schwerbehinderte Menschen werden bei gleicher Eignung besonders berücksichtigt. Die Stelle ist für die Besetzung mit Teilzeitkräften grundsätzlich geeignet. Gerne können Sie auch die externe Bewerbungsfrist über den angegebenen Link nutzen.",,2026-06-11T08:16:23.156162+00:00
ASD-990610003188243656,ausbildungsstellen_ae,PharmLog Pharma Logistik GmbH,,,Ausbildung | Stellendetails zu: Duales Studium Bachelor of Science (B.Sc.) Kombination zum Fachinformatiker (m/w/d),dual,,,"1.100 €, 1.200 €, 1.300 €, 1.100 €, 1.200 €, 1.300 €",47,empty,,javascript:,portal,"Wir schützen die Kontaktdaten des Arbeitgebers vor unerlaubten Zugriffen. Bitte geben Sie die dargestellten Zeichen in das Textfeld ein, um die Kontaktdaten des Arbeitgebers anzuzeigen.
Anderes Bild laden
Audioversion abspielen
Hinweis: Die dargestellten Zeichen enthalten keine Umlaute (ä, ö, ü oder ß), Sonderzeichen oder Leerzeichen.
Dargestellte Zeichen
Absenden
Fußbereich
Stelle betreut durch die BA
Referenz-Nr.: 10000-1205240042-S
Verstoß melden",,PharmLog Pharma Logistik GmbH | Ausbildung | Stellendetails zu: Duales Studium Bachelor of Science (B.Sc.) Kombination zum Fachinformatiker (m/w/d),ya,belum,rendah,"Stellendetails zu: Duales Studium Bachelor of Science (B.Sc.) Kombination Ausbildung zum Fachinformatiker (m/w/d)

Wer wir sind und was wir bieten:
Ein gesundes und wachstumsorientiertes Unternehmen mit derzeit 380 Mitarbeitern
Flexible Arbeitszeitregelung (Gleitzeit)
Optimale Verzahnung von Arbeitsalltag und Berufsschule
Eine attraktive Vergütung (13 Gehälter)
Eine interessante und vielseitige Ausbildung mit Freiraum für Impulse
Interne Schulungen und Möglichkeiten zur Weiterbildung
Sehr gute Übernahmechancen nach der Ausbildung
Ein angenehmes Betriebsklima mit flachen Hierarchien und kurzen Entscheidungswegen
Eine arbeitgeberfinanzierte Gruppenunfallversicherung
Ein betriebsinternes Bistro (Kantine), bezuschusst durch den Arbeitgeber
Ausbildungsdauer
9 Semester
nach 6 Semestern IHK-Abschluss zum Fachinformatiker (m/w/d), Fachrichtung Anwendungsentwicklung oder Systemintegration nach 9 Semestern Bachelor of Science (B.Sc.), Vertiefungsrichtung Softwaretechnik oder Netztechnik und Systemintegration
Aufgabengebiet
Entwicklung, Installation und Betreuung von Softwarelösungen
Einsatz von verschiedenen Programmiersprachen (PL/SQL, SAP ABAP, MySQL / MariaDB und MS-SQL)
Installation, Pflege und Administration von Netzwerken und Servern mit unterschiedlichen Betriebssystemen (Linux und Microsoft Windows)
Entwicklung und Implementierung von Maßnahmen und Strategien im Bereich der IT-Sicherheit
Installation und Betreuung von PC-Arbeitsplätzen sowie von mobilen Endgeräten
Anschaffung, Konfiguration und Verwaltung verschiedener Peripheriegeräte
First- und Second Level Support für Mitarbeiter
Übernahme von Beratungs- und Schulungstätigkeiten für interne und externe Anwender, sowie Erstellung von Dokumentationen
Projektplanung und -management
Ausbildungsbegleitender Unterricht
In Ergänzung zu Ihrer praxisnahen Arbeit im Unternehmen nehmen Sie an den Lehrveranstaltungen der Fachhochschule Dortmund teil. Dort erfolgt die Vermittlung und Vertiefung Ihrer Kompetenzen im Bereich Softwaretechnik, Systemtechnik, Netztechnik sowie Systemintegration. Diese Kombination aus praktischer Anwendung und theoretischer Ausbildung bietet Ihnen eine umfassende und fundierte Qualifikation für die Herausforderungen des Berufsalltags.
Weitere Informationen finden Sie unter:
https://www.fh-dortmund.de/studiengaenge/informatik-dual-bachelor.php
Ausbildungsvergütung
ab dem 1. Semester: 1.100 € / Monat
ab dem 3. Semester: 1.200 € / Monat
ab dem 5. Semester: 1.300 € / Monat
Darüber hinaus übernimmt PharmLog die anfallenden Semesterbeiträge.
Mehr anzeigen
Arbeitsorte
Karte anzeigen
Siemensstr. 1, 59199 Bönen
Unternehmensdarstellung: PharmLog Pharma Logistik GmbH
PharmLog Pharma Logistik GmbH
Alle Stellen anzeigen
Webseiten
Homepage
Informationen zur Bewerbung
Sicherheitsabfrage",,2026-06-13T09:45:42.771977+00:00
AUBI-304530,aubi_plus_fi,STEP Computer- und Datentechnik GmbH,Lörrach,79541 Lörrach,,dual,2026,9,,47,empty,personal@stepnet.de,https://www.aubi-plus.de/bewerbung/,email,"Dein Kontakt für weitere Informationen:
Marina Baker, HR-Manager
Telefon: +49 7621 4057-66
E-Mail: personal@stepnet.de
Stellendetails
Beruf:
Kaufmann / Kauffrau für IT-System-Management
Bewerbungsfrist:
Offen
Mindestabschluss:
Mittlerer Schulabschluss (Realschulabschluss)
oder Abitur
Freie Ausbildungsplätze:
1
Dauer:
3 Jahre
Referenz-Nr:
AUBI-304530
(Bitte in der Bewerbung angeben)
Kopieren
Dein persönlicher Matching-Score
Du willst wissen, wie gut diese Stelle zu dir passt? Dann registriere dich und mach das Matching. Mehr erfahren
Kontakt
Frau Marina Baker
Human Ressources
+49 7621 4057-66
E-Mail anzeigen
Bewerbungsunterlagen
vollständige Bewerbungsunterlagen
Anschreiben
Lebenslauf
die letzten 2 Schulzeugnisse
sonstige Qualifikationsnachweise
Bitte beziehen Sie sich in Ihrer Bewerbung auf AUBI-plus!
Mit bewerbung2go kannst du deine Bewerbungsunterlagen erstellen.
Deine AUBI-plus Jobmail
Lass deinen Bot für dich suchen! Lege deine Suchkriterien fest und lehn dich zurück. Du bekommst aktuelle Stellen für deinen Traumberuf direkt per Mail zugeschickt.
SUCHBOT ERSTELLEN
Ähnliche Suchanfragen:
AUSBILDUNG LÖRRACH
AUSBILDUNG IN BADEN-WÜRTTEMBERG
AUSBILDUNG 2026
AUSBILDUNG ALS KAUFMANN FÜR IT-SYSTEM-MANAGEMENT (M/W/D) IN LÖRRACH
1 weitere Stelle im Unternehmen
Kaufmann / Kauffrau für Groß- und Außenhandelsmanagement (m/w/d)
STEP Computer- und Datentechnik GmbH
79541 Lörrach
01.09.2026
AUBI-plus
Über uns
Karriere
Partner
FAQ
News & Events
Presse
Blog
Messen & Aktionstage
DEUTSCHES AUSBILDUNGSFORUM
Produkte & Dienstleistungen
Für Ausbildungsbetriebe
Für Hochschulen
Für Schulen
Für Eltern
Besuch uns auch auf:
Region ändern:
AUBI-plus Österreich (deutsch)
AUBI-plus Schweiz (deutsch)
AUBI-plus Italien (deutsch)
AUBI-plus
Impressum
AGB
Datenschutz
Bildrechte
Kontakt",,STEP Computer- und Datentechnik GmbH | aubi_plus_fi | Lörrach,ya,belum,rendah,"Ausbildung 2026 
AUBI-plus
Stellen finden
Anmelden
Ausbildung
Rund um die Ausbildung
Ausbildungsplätze 2026
Alle Städte
Alle Bundesländer
Gehalt
Ausbildungsbeginn

Erstelle dein Bewerberprofil und lasse dich von Ausbildungsbetrieben ansprechen – ohne dich bewerben zu müssen!

Lass dich finden
Duales Studium
Rund um das duale Studium
Duale Studienplätze 2026
Duale Studiengänge von A-Z
Alle Orte von A-Z
Berufe
Rund um Berufe
Gut bezahlte Berufe
Kaufmännische Berufe
Berufe nach Themen
Alle Berufe
Schülerpraktikum

Teste dich: Mit unserem Berufs-Check bist du weniger als zehn Minuten von deinem Traumberuf entfernt.

Berufs-Check starten
Studium
Bewerbung
Bewerbungsratgeber
Anschreiben
Lebenslauf
Vorlagen
Online-Bewerbung
Vorstellungsgespräch
Bewerbungs-Check
Für Unternehmen
Für Hochschulen
Für Schulen
Ausbildung zum/zur Kaufmann/Kauffrau für IT-System-Management (m/w/d)
STEP Computer- und Datentechnik GmbH
 79541 Lörrach
 01.09.2026
 Duale Ausbildung
JETZT BEWERBEN
Ausbildung zum/zur Kaufmann/Kauffrau für IT-System-Management (m/w/d)
Warum Kaufmann / Kauffrau für IT-Systemmanagement werden?
Mache dein Talent zum Beruf: IT-System-Kaufleute konzipieren und realisieren kundenspezifische Systemlösungen der IT-Technik. Sie beraten und schulen Kunden, arbeiten Angebote aus und rechnen Aufträge ab.




Schwerpunkte in der Ausbildung
Kundenangebote erstellen
Bestellungen und Einkauf der erforderlichen Hard- und Software managen
Inbetriebnahme eines IT-Systems
Kundenspezifische IT-Systemlösungen erstellen und anbieten
Kunden telefonisch beraten
IT- und Kommunikationssysteme verkaufen




Du bringst möglichst mit:
Organisationsfähigkeit, Teamfähigkeit, Höflichkeit, Sprachgewandtheit, Leistungs- und Lernbereitschaft und Ausdauer
Spaß an Teamarbeit sowie an selbstständiger Problemlösung
Mobilität und Flexibilität
Fahrerlaubnis B PKW

Interesse geweckt? 
Dann sende uns deine vollständigen Bewerbungsunterlagen an personal@stepnet.de oder bewerbe dich direkt online auf dieser Seite. 

Dein Kontakt für weitere Informationen: 

Marina Baker, HR-Manager  
Telefon: +49 7621 4057-66 
E-Mail: personal@stepnet.de 

 





Stellendetails

Beruf:
Kaufmann / Kauffrau für IT-System-Management
Bewerbungsfrist:
Offen
Mindestabschluss:
Mittlerer Schulabschluss (Realschulabschluss)
oder Abitur
Freie Ausbildungsplätze:
1
Dauer:

3 Jahre
Referenz-Nr:

AUBI-304530
(Bitte in der Bewerbung angeben)
Kopieren 

Dein persönlicher Matching-Score

Du willst wissen, wie gut diese Stelle zu dir passt? Dann registriere dich und mach das Matching. Mehr erfahren

Kontakt

Frau Marina Baker
Human Ressources
+49 7621 4057-66
E-Mail anzeigen

Bewerbungsunterlagen

vollständige Bewerbungsunterlagen
Anschreiben
Lebenslauf
die letzten 2 Schulzeugnisse
sonstige Qualifikationsnachweise
Bitte beziehen Sie sich in Ihrer Bewerbung auf AUBI-plus!
Mit bewerbung2go kannst du deine Bewerbungsunterlagen erstellen.

Deine AUBI-plus Jobmail

Lass deinen Bot für dich suchen! Lege deine Suchkriterien fest und lehn dich zurück. Du bekommst aktuelle Stellen für deinen Traumberuf direkt per Mail zugeschickt.

SUCHBOT ERSTELLEN
Ähnliche Suchanfragen:
AUSBILDUNG LÖRRACH
AUSBILDUNG IN BADEN-WÜRTTEMBERG
AUSBILDUNG 2026
AUSBILDUNG ALS KAUFMANN FÜR IT-SYSTEM-MANAGEMENT (M/W/D) IN LÖRRACH

1 weitere Stelle im Unternehmen

Kaufmann / Kauffrau für Groß- und Außenhandelsmanagement (m/w/d)
STEP Computer- und Datentechnik GmbH
 79541 Lörrach
 01.09.2026

AUBI-plus

Über uns
Karriere
Partner
FAQ

News & Events

Presse
Blog
Messen & Aktionstage
DEUTSCHES AUSBILDUNGSFORUM

Produkte & Dienstleistungen

Für Ausbildungsbetriebe
Für Hochschulen
Für Schulen
Für Eltern

Besuch uns auch auf:

Region ändern:

AUBI-plus Österreich (deutsch)
AUBI-plus Schweiz (deutsch)
AUBI-plus Italien (deutsch)
AUBI-plus
Impressum
AGB
Datenschutz
Bildrechte
Kontakt",,2026-06-13T14:55:12.665076+00:00
AZUB-g46592c3,azubiyo_de_ae,Azubiyo,München,Leopoldstraße 37a 80802 München Bayern,Ausbildung | zum Fachinformatiker (all genders) & Duales Studium (Wirtschafts-)Informatik,dual,,,,47,empty,,https://www.azubiyo.de/stellenanzeigen/G46592C3/bewerben/,portal,,,Azubiyo | Ausbildung | zum Fachinformatiker (all genders) & Duales Studium (Wirtschafts-)Informatik | München,ya,belum,rendah,"Ausbildung zum Fachinformatiker (all genders) & Duales Studium (Wirtschafts-)Informatik

Das erwartet Dich
- Eine Ausbildung in Kooperation mit der IHK München und Oberbayern sowie ein akademisches Studium bei unserer renommierten Partnerhochschulen FOM, mit sehr guten Übernahmechancen nach Abschluss
- In wegweisenden (inter-)nationalen Entwicklungsprojekten bei namenhaften Kunden erlernst Du bei uns Programmieren und die Anwendung verschiedener Programmiersprachen
- Spannende Aufgaben und sehr gute Weiterentwicklungsmöglichkeiten
- Training on the job, unser Mentorenprogramm sowie externe & interne Schulungen machen Dich fit in den relevanten IT-Architekturen, HR-Prozessen sowie den unterschiedlichsten Programmiersprachen und -technologien
- Wir übernehmen Deine Studiengebühren und bieten Dir zusätzlich ein faires Gehalt",,2026-06-12T09:51:06.667121+00:00
STEP-14074612,stepstone_de_ae,Rohde & Schwarz GmbH & Co. KG Headquarter München,München,München München,Ausbildung | Duales Studium der Informatik (m/w/d) Verbundstudium mit zum Fachinformatiker Fachrichtung Anwendungsentwicklung zum 01.09.2026,dual,2026,9,,47,empty,,https://twitter.com/stepstone_de,portal,"Bereitschaft zur Zusammenarbeit im Team sowie Kontakt- und Kommunikationsfreudigkeit
Fähigkeit zu logisch-abstraktem Denken und Kreativität
Sichere mündliche und schriftliche Ausdrucksweise
Gute Englischkenntnisse",,Rohde & Schwarz GmbH & Co. KG Headquarter München | Ausbildung | Duales Studium der Informatik (m/w/d) Verbundstudium mit zum Fachinformatiker Fachrichtung Anwendungsentwicklung zum 01.09.2026 | München,ya,belum,rendah,"Duales Studium der Informatik (m/w/d) Verbundstudium mit Ausbildung zum Fachinformatiker Fachrichtung Anwendungsentwicklung zum 01.09.2026

Aufgaben
Als Student im Dualen Studium absolvierst du in den vorlesungsfreien Zeiten eine Ausbildung zum Fachinformatiker Fachrichtung Anwendungsentwicklung (Verbundstudium).
Dein Studium der Informatik an der Hochschule München beginnst du nach dem 1. Ausbildungsjahr.
Nach Abschluss der Berufsausbildung zum Fachinformatiker (IHK-Prüfung) im fünften Studiensemester erwirbst du in den vorlesungsfreien Zeiten Deine erste Berufserfahrung und entwickelst selbstständig Software im technischen Umfeld.
Deine Bachelor-Arbeit erstellst du bei Rohde & Schwarz.
Das Studium schließt du nach dem siebten Studiensemester (Regelstudienzeit) mit dem Bachelor of Science Informatik ab.
Die Dauer des Dualen Studiums beträgt 4,5 Jahre.
Spannende Einblicke in Rohde & Schwarz
Unsere Kollegen erzählen von:
täglichen Abenteuern & Herausforderungen
unserem leidenschaftlichen Team
der Technologie hinter den innovativen Projekten und Lösungen
Your browser does not support the video tag
Qualifikationen
Sehr gute Allgemeine Hochschulreife (Abitur), Fachhochschulreife (Technik) oder fachgebundene Hochschulreife
Fächerschwerpunkte: Mathematik, Informatik bzw. Physik
Technisches Interesse",,2026-06-12T20:44:09.024369+00:00
STEP-14147915,stepstone_de_ae,Wachstumsregion Ems-Achse e.V.,Papenburg,Papenburg Papenburg,Ausbildung | Duales Studium Bachelor of Science Wirtschaftsinformatik (m/w/d) - Beginn 01.08.2027,dual,2027,8,,47,empty,,https://twitter.com/stepstone_de,portal,,,Wachstumsregion Ems-Achse e.V. | Ausbildung | Duales Studium Bachelor of Science Wirtschaftsinformatik (m/w/d) - Beginn 01.08.2027 | Papenburg,ya,belum,rendah,"Duales Studium Bachelor of Science Wirtschaftsinformatik (m/w/d) - Beginn 01.08.2027

Ihre Aufgaben
In deinen Theoriephasen an der IBS in Oldenburg eignest du dir das informationstechnologische und betriebswirtschaftliche Wissen an, das du im Arbeitsalltag bei uns weiter ausbauen und anwenden kannst.
Während deiner Praxisphasen arbeitest du in der Softwareentwicklung und wirkst unter anderem an Neuentwicklungen von Smart Home Produkten mit, die auch per App steuerbar sind.
Im Daily Business lernst du die Schnittstelle zwischen den kaufmännischen Bereichen und unserer IT kennen, wodurch du, neben dem Coding und Testing, auch erfahren wirst, welchen Einfluss Kundenwünsche und Kostenaspekte bei uns haben.
Im Mittelpunkt steht dabei, dass du das (agile) Projektmanagement von kleineren Entwicklungen von der Idee zur Konzeptions- und Ressourcenplanung bis hin zur Programmierung begleitest und das Team unterstützt.
Ihr Profil
Mit deinem Abitur sowie idealerweise absolvierte Praktika, durch die Du das Berufsbild bereits kennenlernen konntest, bist du bereit für den nächsten Schritt.
Du möchtest wirtschaftliche Zusammenhänge besser verstehen, anspruchsvolle Software-Projekte reizen dich und du hast idealerweise bereits erste IT-Kenntnisse, die du weiter ausbauen möchtest
An Aufgaben kannst du selbstständig und ausdauernd tüfteln, arbeitest aber auch gerne im Team und suchst den Austausch und die Herausforderung
Gute Englisch-Kenntnisse, um bei der Kommunikation in internationalen Projekten einen kühlen Kopf zu bewahren
Ein praxisorientiertes Studium in überschaubaren Gruppengrößen inkl. Kostenübernahme sowie eine facettenreiche Ausbildung zum Fachinformatiker Anwendungsentwicklung (m/w/d)
Darauf kannst du dich bei uns freuen
ab 01.08.2027 Duales Studium Vollzeit Maiburger Str. 24, 26789 Leer (Ostfriesland)
Ein persönlicher Pate begleitet dich von Anfang an und unterstützt dich bei allen Fragen.
Flexible Arbeitszeiten und 31 Urlaubstage sorgen für eine gute Work-Life-Balance und durch eine gute Übernahmechance startest du in eine sichere Zukunft.

Ein Arbeitsumfeld, in dem du dich wohlfühlen kannst – mit Hansefit, Corporate Benefits, einer hauseigenen Kantine und gemeinsamen Teamevents.",,2026-06-12T20:44:04.027405+00:00
ASD-990610001817891545,ausbildungsstellen_ae,,,,Ausbildung | Stellendetails zu: / Duales Studium - Fachinformatiker/-in für Systemintegration + duales Studium (m/w/d),dual,,,,40,empty,jobs@built.de,javascript:,email,"Wir schützen die Kontaktdaten des Arbeitgebers vor unerlaubten Zugriffen. Bitte geben Sie die dargestellten Zeichen in das Textfeld ein, um die Kontaktdaten des Arbeitgebers anzuzeigen.
Anderes Bild laden
Audioversion abspielen
Hinweis: Die dargestellten Zeichen enthalten keine Umlaute (ä, ö, ü oder ß), Sonderzeichen oder Leerzeichen.
Dargestellte Zeichen
Absenden
Fußbereich
Stelle betreut durch die BA
Referenz-Nr.: 10001-1003161849-S
Verstoß melden",,Ausbildung | Stellendetails zu: / Duales Studium - Fachinformatiker/-in für Systemintegration + duales Studium (m/w/d),ya,belum,rendah,Stellendetails zu: Ausbildung / Duales Studium - Fachinformatiker/-in für Systemintegration + duales Studium (m/w/d),,2026-06-13T09:43:51.326373+00:00
ASD-990610000820115062,ausbildungsstellen_si,F.EE Industrieautomation GmbH & Co. KG,,,Ausbildung | Duales Studium (ausbildungs­integrierend)Beginn ab 01.09.2026,dual,2026,9,,40,empty,,javascript:,portal,"Wir schützen die Kontaktdaten des Arbeitgebers vor unerlaubten Zugriffen. Bitte geben Sie die dargestellten Zeichen in das Textfeld ein, um die Kontaktdaten des Arbeitgebers anzuzeigen.
Anderes Bild laden
Audioversion abspielen
Hinweis: Die dargestellten Zeichen enthalten keine Umlaute (ä, ö, ü oder ß), Sonderzeichen oder Leerzeichen.
Dargestellte Zeichen
Absenden
Fußbereich
Stelle betreut durch die BA
Referenz-Nr.: 10000-1203256217-S
Verstoß melden",,F.EE Industrieautomation GmbH & Co. KG | Ausbildung | Duales Studium (ausbildungs­integrierend)Beginn ab 01.09.2026,ya,belum,rendah,"Duales Studium (ausbildungs­integrierend)Beginn ab 01.09.2026

DAS SOLLTEST DU MITBRINGEN:
Eine Fachhochschul- oder Hochschulreife.
Hervorragendes logisch-mathematisches Denken.
Schnelle Auffassungsgabe, gute Kommunikationsfähigkeit und Teamfähigkeit.
Interesse an der Arbeit mit technischen (End-)Geräten.
Idealerweise erste Programmiererfahrungen.
Spaß am Planen, Entwickeln und Verbessern.
Zuverlässigkeit und Konzentrationsfähigkeit.
DIE FAKTEN ZUM DUALEN STUDIUM:
Dauer: Ca. 4,5 Jahre.
Hochschule: Ostbayerische Technische Hochschule – Standort: Amberg bzw. Regensburg | Hochschule Hof.
Arbeitsorte
Karte anzeigen
In der Seugn 20, 92431 Neunburg vorm Wald
Unternehmensdarstellung: F.EE Industrieautomation GmbH & Co. KG
F.EE Industrieautomation GmbH & Co. KG
Die F.EE-Firmengruppe gehört mit derzeit über 1000 Mitarbeitern zu den deutschen Marktführern in der Fertigungs- und Automatisierungstechnik. In den Wachstumsmärkten des automobilen Umfelds bieten die beiden Geschäftsbereiche Elektrotech Engineering sowie Automation Robotik mit Hilfe langjähriger Branchenexpertise zukunftsweisende Konzepte und schlüssige, maßgeschneiderte Lösungen mit mordernstem technischen Equipment für die Kunden weltweit an. Ergänzt wird das F.EE-Angebot durch die Geschäftsbereiche Informatik + Systeme sowie Solar- und Energietechnik.
Vorteile für Mitarbeitende
Mentorenprogramm/Coaching
Flexible Arbeitszeiten
Vermögenswirksame Leistungen
Firmenevents
Rabatte für Mitarbeitende
Sonderzahlungen
Kantine
Hunde erlaubt
Parkmöglichkeiten
Moderne technische Ausstattung
Die abgebildeten Vorteile für Mitarbeitende können je nach Abteilung und Position variieren.
Alle Stellen anzeigenIn neuem Tab öffnen
Webseiten
Homepage
Informationen zur Bewerbung
Sicherheitsabfrage","DAS SOLLTEST DU MITBRINGEN:
Eine Fachhochschul- oder Hochschulreife.
Hervorragendes logisch-mathematisches Denken.
Schnelle Auffassungsgabe, gute Kommunikationsfähigkeit und Teamfähigkeit.
Interesse an der Arbeit mit technischen (End-)Geräten.
Idealerweise erste Programmiererfahrungen.
Spaß am Planen, Entwickeln und Verbessern.
Zuverlässigkeit und Konzentrationsfähigkeit.
DIE FAKTEN ZUM DUALEN STUDIUM:
Dauer: Ca. 4,5 Jahre.
Hochschule: Ostbayerische Technische Hochschule – Standort: Amberg bzw. Regensburg | Hochschule Hof.
Arbeitsorte
Karte anzeigen
In der Seugn 20, 92431 Neunburg vorm Wald
Unternehmensdarstellung: F.EE Industrieautomation GmbH & Co. KG
F.EE Industrieautomation GmbH & Co. KG
Die F.EE-Firmengruppe gehört mit derzeit über 1000 Mitarbeitern zu den deutschen Marktführern in der Fertigungs- und Automatisierungstechnik. In den Wachstumsmärkten des automobilen Umfelds bieten die beiden Geschäftsbereiche Elektrotech Engineering sowie Automation Robotik mit Hilfe langjähriger Branchenexpertise zukunftsweisende Konzepte und schlüssige, maßgeschneiderte Lösungen mit mordernstem technischen Equipment für die Kunden weltweit an. Ergänzt wird das F.EE-Angebot durch die Geschäftsbereiche Informatik + Systeme sowie Solar- und Energietechnik.
Vorteile für Mitarbeitende
Mentorenprogramm/Coaching
Flexible Arbeitszeiten
Vermögenswirksame Leistungen
Firmenevents
Rabatte für Mitarbeitende
Sonderzahlungen
Kantine
Hunde erlaubt
Parkmöglichkeiten
Moderne technische Ausstattung
Die abgebildeten Vorteile für Mitarbeitende können je nach Abteilung und Position variieren.
Alle Stellen anzeigenIn neuem Tab öffnen
Webseiten
Homepage
Informationen zur Bewerbung
Sicherheitsabfrage",2026-06-13T12:15:38.074211+00:00
ASD-990610003489292555,ausbildungsstellen_ae,Helm AG,,,Ausbildung | Stellendetails zu: Duales Studium - Bachelor Informatik + Fachinformatiker/in (BHH),dual,,,,40,empty,,javascript:,portal,"Wir schützen die Kontaktdaten des Arbeitgebers vor unerlaubten Zugriffen. Bitte geben Sie die dargestellten Zeichen in das Textfeld ein, um die Kontaktdaten des Arbeitgebers anzuzeigen.
Anderes Bild laden
Audioversion abspielen
Hinweis: Die dargestellten Zeichen enthalten keine Umlaute (ä, ö, ü oder ß), Sonderzeichen oder Leerzeichen.
Dargestellte Zeichen
Absenden
Fußbereich
Stelle betreut durch die BA
Referenz-Nr.: 10000-1204786490-S
Verstoß melden",,Helm AG | Ausbildung | Stellendetails zu: Duales Studium - Bachelor Informatik + Fachinformatiker/in (BHH),ya,belum,rendah,"Stellendetails zu: Duales Studium - Bachelor Informatik + Fachinformatiker/in (BHH)

Deine Ausbildung bei uns bietet dir von Anfang an beste Chancen. Wir stellen dir von Beginn an qualifizierte Ausbilder zur Seite, die dich intensiv auf deine Aufgaben vorbereiten.

Wir bieten dir herausfordernde, interessante Aufgaben mit hoher Verantwortung in einem wirklich internationalen Arbeitsumfeld.
Arbeitsorte
Karte anzeigen
Nordkanalstr. 28, 20097 Hamburg
Unternehmensdarstellung: Helm AG
Helm AG
Alle Stellen anzeigen
Webseiten
Homepage
Informationen zur Bewerbung
Sicherheitsabfrage",,2026-06-13T09:45:59.723365+00:00
ASD-999960002811604513,ausbildungsstellen_si,Papier- u. Kartonfabrik Varel Gmbh & Co. KG,,,Ausbildung | Stellendetails zu: Fachinformatiker Systemintegration (m/w/d) 2026,dual,,,,40,empty,,https://jobs.pkvarel.de/main?fn=lang&action=change&switchonly=1&lang=950&redir=(BE(P2ZuPWJtLmpvYnMmcmVmbnI9MjE4MzI2OTkzJmNmZ19rYmV6PUludGVybmV0JnJlZmVycmVyPVBLVl9KT0JTX0RFJnBvcnRhbD0x,portal,"Wir schützen die Kontaktdaten des Arbeitgebers vor unerlaubten Zugriffen. Bitte geben Sie die dargestellten Zeichen in das Textfeld ein, um die Kontaktdaten des Arbeitgebers anzuzeigen.
Anderes Bild laden
Audioversion abspielen
Hinweis: Die dargestellten Zeichen enthalten keine Umlaute (ä, ö, ü oder ß), Sonderzeichen oder Leerzeichen.
Dargestellte Zeichen
Absenden
Fußbereich
Stelle betreut durch die BA
Referenz-Nr.: 10000-1201086343-S
Verstoß melden",,Papier- u. Kartonfabrik Varel Gmbh & Co. KG | Ausbildung | Stellendetails zu: Fachinformatiker Systemintegration (m/w/d) 2026,ya,belum,rendah,"Stellendetails zu: Ausbildung Fachinformatiker Systemintegration (m/w/d) 2026

Deine Aufgabenschwerpunkte:
Ausbildung in der IT- und Organisationsentwicklung
Aufgaben und Herausforderungen einer IT im Unternehmen kennenlernen
Teilnahme am Berufsschulunterricht in Oldenburg

Dein Profil:
Erfolgreicher Schulabschluss (mindestens Realschulabschluss)
Deine Interessen:
Großes Interesse und Spaß an IT und Technik
Logisches und analytisches Denken
Teamfähigkeit
Was wir dir bieten:
Du bist nicht allein: Ca. 35 Auszubildende in sechs verschiedenen Ausbildungsberufen
Du bist mittendrin: Teamevents mit allen Azubis
Du fühlst die Energie: Azubi-Sport (freiwillig - 1,5 Stunden Zeitausgleich für Betriebssport pro Woche)
Du bekommst: gute Übernahmechancen
Du kommst voran: Weiterbildung (Duales Studium, Meister, Techniker, Fachwirt etc.)
Informationen:
Ausbildung
Jetzt bewerben
Mehr anzeigen
Arbeitsorte
Karte anzeigen
Dangaster Str. 38, 26316 Varel, Jadebusen
Unternehmensdarstellung: Papier- u. Kartonfabrik Varel Gmbh & Co. KG
Papier- u. Kartonfabrik Varel Gmbh & Co. KG
Die Papier- und Kartonfabrik Varel ist ein mittelständisches Familienunternehmen mit ca. 490 Mitarbeiterinnen und Mitarbeitern und produziert auf Altpapierbasis mit modernsten umweltfreundlichen Technologien Karton und Wellpappenpapiere für die deutsche und internationale Verpackungsindustrie. Mit einer jährlichen Produktionskapazität von über 850.000 Tonnen auf vier modernen Produktionslinien gehören wir zu den größten Produktionsstandorten der europäischen Papierindustrie.
Alle Stellen anzeigen
Webseiten
Homepage
Informationen zur Bewerbung
Sicherheitsabfrage","Dein Profil:
Erfolgreicher Schulabschluss (mindestens Realschulabschluss)
Deine Interessen:
Großes Interesse und Spaß an IT und Technik
Logisches und analytisches Denken
Teamfähigkeit
Was wir dir bieten:
Du bist nicht allein: Ca. 35 Auszubildende in sechs verschiedenen Ausbildungsberufen
Du bist mittendrin: Teamevents mit allen Azubis
Du fühlst die Energie: Azubi-Sport (freiwillig - 1,5 Stunden Zeitausgleich für Betriebssport pro Woche)
Du bekommst: gute Übernahmechancen
Du kommst voran: Weiterbildung (Duales Studium, Meister, Techniker, Fachwirt etc.)
Informationen:
Ausbildung
Jetzt bewerben
Mehr anzeigen
Arbeitsorte
Karte anzeigen
Dangaster Str. 38, 26316 Varel, Jadebusen
Unternehmensdarstellung: Papier- u. Kartonfabrik Varel Gmbh & Co. KG
Papier- u. Kartonfabrik Varel Gmbh & Co. KG
Die Papier- und Kartonfabrik Varel ist ein mittelständisches Familienunternehmen mit ca. 490 Mitarbeiterinnen und Mitarbeitern und produziert auf Altpapierbasis mit modernsten umweltfreundlichen Technologien Karton und Wellpappenpapiere für die deutsche und internationale Verpackungsindustrie. Mit einer jährlichen Produktionskapazität von über 850.000 Tonnen auf vier modernen Produktionslinien gehören wir zu den größten Produktionsstandorten der europäischen Papierindustrie.
Alle Stellen anzeigen
Webseiten
Homepage
Informationen zur Bewerbung
Sicherheitsabfrage",2026-06-13T14:18:10.942632+00:00
MAD-2449455457,meine_ausbildung_ae,Vogler Engineering GmbH,95028 Hof Deutschland,,Duales Studium Informatik + Ausbildung Fachinformatiker für Anwendungsentwicklung (m/w/d),dual,,,,40,company,,https://oberfrankenjobs.de/job/duales-studium-informatik-ausbildung-fachinformatiker-fuer-anwendungsentwicklung-mwd-185045?utm_source=meine-ausbildung-in-deutschland,portal,,,Vogler Engineering GmbH | Duales Studium Informatik + Ausbildung Fachinformatiker für Anwendungsentwicklung (m/w/d) | 95028 Hof Deutschland,ya,belum,rendah,Duales Studium Informatik + Ausbildung Fachinformatiker für Anwendungsentwicklung (m/w/d),,2026-06-11T11:36:59.543598+00:00
MAD-2439646906,meine_ausbildung_ae,Deprag Schulz GmbH u. CO,Amberg,,Duales Studium Industrie-4.0-Informatik inkl. Ausbildung zum Fachinformatiker* für Anwendungsentwicklung,dual,,,,40,company,,https://www.deprag.com/de/unternehmen/jobs-karriere/duales-studium/industrie-40-informatik.html?utm_source=meine-ausbildung-in-deutschland,portal,,,Deprag Schulz GmbH u. CO | Duales Studium Industrie-4.0-Informatik inkl. Ausbildung zum Fachinformatiker* für Anwendungsentwicklung | Amberg,ya,belum,rendah,Duales Studium Industrie-4.0-Informatik inkl. Ausbildung zum Fachinformatiker* für Anwendungsentwicklung,,2026-06-11T11:45:06.595650+00:00
MAD-2431389052,meine_ausbildung_ae,Adesso Se,Köln,,Duales Studium Bachelor Sc. Informatik und Fachinformatiker/-in Anwendungsentwicklung (all genders),dual,,,,40,company,,https://jobs.adesso-group.com/job/Dortmund-Duales-Studium-Bachelor-Sc_-Informatik-und-Fachinformatiker-in-Anwendungsentwicklung-%28all-genders%29-NW-44269/934255955/?utm_source=meine-ausbildung-in-deutschland,portal,,,Adesso Se | Duales Studium Bachelor Sc. Informatik und Fachinformatiker/-in Anwendungsentwicklung (all genders) | Köln,ya,belum,rendah,Duales Studium Bachelor Sc. Informatik und Fachinformatiker/-in Anwendungsentwicklung (all genders),,2026-06-11T11:48:46.246113+00:00
MAD-2444920437,meine_ausbildung_ae,IBS IT & Business School Oldenburg,Oldenburg,,Duales Studium zum Bachelor of Science Wirtschaftsinformatik inkl. IHK-Abschluss Fachinformatiker Anwendungsentwicklung (m/w/d),dual,,,,40,company,,https://www.ibs-ol.de/studienplaetze-blog/olb-wirtschaftsinformatik-duales-studium-ibs-oldenburg-2026?utm_source=meine-ausbildung-in-deutschland,portal,,,IBS IT & Business School Oldenburg | Duales Studium zum Bachelor of Science Wirtschaftsinformatik inkl. IHK-Abschluss Fachinformatiker Anwendungsentwicklung (m/w/d) | Oldenburg,ya,belum,rendah,Duales Studium zum Bachelor of Science Wirtschaftsinformatik inkl. IHK-Abschluss Fachinformatiker Anwendungsentwicklung (m/w/d),,2026-06-11T11:38:07.679664+00:00
MAD-2435448101,meine_ausbildung_ae,duveka GmbH,Ratzeburg,,Fachinformatiker/in Anwendungsentwicklung (Ausbildung IHK / Duales Studium),dual,,,,40,company,,https://duveka.de/wp-content/uploads/2025/04/250327-Stellenausschreibung-Azubi-2025-Fachinformatiker-Anwendungsentwicklung.pdf?utm_source=meine-ausbildung-in-deutschland,portal,,,duveka GmbH | Fachinformatiker/in Anwendungsentwicklung (Ausbildung IHK / Duales Studium) | Ratzeburg,ya,belum,rendah,Fachinformatiker/in Anwendungsentwicklung (Ausbildung IHK / Duales Studium),,2026-06-11T11:46:47.766140+00:00
AUBI-106467,aubi_plus_fi,,Stuttgart,70178 Stuttgart,,dual,2026,8,,40,empty,bewerbung@media-gmbh.de,https://www.aubi-plus.de/bewerbung/,email,"Kontakt
Herr Benedict Huhnke
2. Schulleiter, Bildungsberatung und Qualitätsmanagement
+49 711 92543-12
E-Mail anzeigen
Bewerbungsunterlagen
vollständige Bewerbungsunterlagen
Anschreiben
Lebenslauf
letztes Schulzeugnis
ausgefüllte Ausbildungsanmeldung
Mit bewerbung2go kannst du deine Bewerbungsunterlagen erstellen.
Deine AUBI-plus Jobmail
Lass deinen Bot für dich suchen! Lege deine Suchkriterien fest und lehn dich zurück. Du bekommst aktuelle Stellen für deinen Traumberuf direkt per Mail zugeschickt.
SUCHBOT ERSTELLEN
Ähnliche Suchanfragen:
AUSBILDUNG STUTTGART 2026
AUSBILDUNG IN BADEN-WÜRTTEMBERG
AUSBILDUNG 2026
AUSBILDUNG ALS MEDIENGESTALTER DIGITAL UND PRINT (M/W/D) IN STUTTGART
Play
4 weitere Stellen im Unternehmen
Mediengestalter Digital und Print mit Vertiefung Animation und Visualisierung (m/w/d)
Akademie der media
70178 Stuttgart
24.08.2026
Ausbildung Technischer Produktdesigner (m/w/d)
Akademie der media
70178 Stuttgart
24.08.2026
Ausbildung Kaufmann für Marketingkommunikation (m/w/d)
Akademie der media
70178 Stuttgart
24.08.2026
WEITERE STELLEN LADEN
AUBI-plus
Über uns
Karriere
Partner
FAQ
News & Events
Presse
Blog
Messen & Aktionstage
DEUTSCHES AUSBILDUNGSFORUM
Produkte & Dienstleistungen
Für Ausbildungsbetriebe
Für Hochschulen
Für Schulen
Für Eltern
Besuch uns auch auf:
Region ändern:
AUBI-plus Österreich (deutsch)
AUBI-plus Schweiz (deutsch)
AUBI-plus Italien (deutsch)
AUBI-plus
Impressum
AGB
Datenschutz
Kontakt",,aubi_plus_fi | Stuttgart,ya,belum,rendah,"Ausbildung 2026 
AUBI-plus
Stellen finden
Anmelden
Ausbildung
Rund um die Ausbildung
Ausbildungsplätze 2026
Alle Städte
Alle Bundesländer
Gehalt
Ausbildungsbeginn

Erstelle dein Bewerberprofil und lasse dich von Ausbildungsbetrieben ansprechen – ohne dich bewerben zu müssen!

Lass dich finden
Duales Studium
Rund um das duale Studium
Duale Studienplätze 2026
Duale Studiengänge von A-Z
Alle Orte von A-Z
Berufe
Rund um Berufe
Gut bezahlte Berufe
Kaufmännische Berufe
Berufe nach Themen
Alle Berufe
Schülerpraktikum

Teste dich: Mit unserem Berufs-Check bist du weniger als zehn Minuten von deinem Traumberuf entfernt.

Berufs-Check starten
Studium
Bewerbung
Bewerbungsratgeber
Anschreiben
Lebenslauf
Vorlagen
Online-Bewerbung
Vorstellungsgespräch
Bewerbungs-Check
Für Unternehmen
Für Hochschulen
Für Schulen
Mediengestalter Digital und Print (m/w/d)
Akademie der media
 70178 Stuttgart
 24.08.2026
 Schulische Ausbildung
JETZT BEWERBEN
WEITERE BEWERBUNGSMÖGLICHKEITEN
Ausbildung Mediengestalter:in Digital und Print (m/w/d)
– für kreative Köpfe!

Plakate kreieren, Broschüren gestalten, Zeitschriften produzieren, Internetseiten veröffentlichen oder Apps designen. Die Welt des Mediengestalters Digital und Print ist vielfältig. Gestalte die Zukunft mit Deiner Ausbildung Mediengestalter an der Akademie der media – auf Wunsch sogar mit Fachhochschulreife inbegriffen! Während der Ausbildung tauchst Du in die faszinierende Welt rund um Gestaltung, Fotografie, Web- und Animationsdesign ein. Von Fachleuten aus der Werbe- und Kommunikationswirtschaft erhälst Du das notwendige Handwerkzeug durch Programme wie z. B. Photoshop, Illustrator, InDesign, Dreamweaver oder 3ds Max.

Du bist kreativ und hast Freude am Gestalten? Du liebst die Arbeit am Computer? Du willst eine Ausbildung mit tollen Projekten und viel Praxisbezug? Dann bist Du bei uns genau richtig! Mach Deinen nächsten Karriereschritt zu Deinem Traumberuf mit einer Ausbildung an der Akademie der media!

Während der Ausbildung zum Mediengestalter Digital und Print lernst Du unter anderem folgende Themen:
Grundlagen der Gestaltung und Layout
Farblehre
Typografie
Illustrator
InDesign
Photoshop
Dreamweaver
jQuery
Joomla
digitale Fotografie
Bildbearbeitung
Druckvorstufe
Erstellung von Internetseiten
Animationsdesign
Marketing und Präsentation


Das Ausbildungsjahr beginnt jedes Jahr Anfang März und Ende August und dauert insgesamt 3 Jahre.

Ausbildungsverlauf:

einjährige Grundausbildung
sechsmonatiges Betriebspraktikum
Vertiefung und Fachspezifischer Unterricht inkl. Zwischenprüfung
12-monatiges Betriebspraktikum
Prüfungsvorbereitung und Prüfungsphase (inkl. IHK-Prüfung)


Deine Vorteile auf einen Blick

IHK-Abschlüsse
zahlreiche Praxisprojekte
kleine Gruppen, familiäre Atmosphäre
profilierte und erfahrene Dozenten
Karrierevernetzung und Events
großer Pool an Praktika – auch im Ausland




Arbeitsumfeld
Die breite Ausbildung an der Akademie der media ermöglicht Dir ein vielfältiges Einsatzgebiet:
Grafik- und Designagenturen

Werbeagenturen

Internetagenturen

Multimediaunternehmen

Animation- / Visual Effects-Unternehmen

Verlage

App-Agenturen

Grafik-/Werbeabteilungen in Unternehmen

Social-Media-Agenturen
Druckereien



Weitere Infos findest du auf der Website der Akademie der media.


Stellendetails

Beruf:
Mediengestalter / Mediengestalterin Digital und Print
Bewerbungsfrist:
Offen
Mindestabschluss:
Realschulabschluss / Mittlere Reife
Fachhochschulreife, allgemeine Hochschulreife
Freie Ausbildungsplätze:
Freie Plätze vorhanden
Auch geeignet für:
Umschüler*innen
Studienabbrecher*innen
Dauer:

3 Jahre
Referenz-Nr:

AUBI-106467
(Bitte in der Bewerbung angeben)
Kopieren 
INFOS ANFORDERN

Dein persönlicher Matching-Score

Du willst wissen, wie gut diese Stelle zu dir passt? Dann registriere dich und mach das Matching. Mehr erfahren

Kontakt

Herr Benedict Huhnke
2. Schulleiter, Bildungsberatung und Qualitätsmanagement
+49 711 92543-12
E-Mail anzeigen

Bewerbungsunterlagen

vollständige Bewerbungsunterlagen
Anschreiben
Lebenslauf
letztes Schulzeugnis
ausgefüllte Ausbildungsanmeldung
Mit bewerbung2go kannst du deine Bewerbungsunterlagen erstellen.

Deine AUBI-plus Jobmail

Lass deinen Bot für dich suchen! Lege deine Suchkriterien fest und lehn dich zurück. Du bekommst aktuelle Stellen für deinen Traumberuf direkt per Mail zugeschickt.

SUCHBOT ERSTELLEN
Ähnliche Suchanfragen:
AUSBILDUNG STUTTGART 2026
AUSBILDUNG IN BADEN-WÜRTTEMBERG
AUSBILDUNG 2026
AUSBILDUNG ALS MEDIENGESTALTER DIGITAL UND PRINT (M/W/D) IN STUTTGART
Play

4 weitere Stellen im Unternehmen

Mediengestalter Digital und Print mit Vertiefung Animation und Visualisierung (m/w/d)
Akademie der media
 70178 Stuttgart
 24.08.2026
Ausbildung Technischer Produktdesigner (m/w/d)
Akademie der media
 70178 Stuttgart
 24.08.2026
Ausbildung Kaufmann für Marketingkommunikation (m/w/d)
Akademie der media
 70178 Stuttgart
 24.08.2026
WEITERE STELLEN LADEN

AUBI-plus

Über uns
Karriere
Partner
FAQ

News & Events

Presse
Blog
Messen &",,2026-06-13T14:44:22.591386+00:00
ASD-990610000778726131,ausbildungsstellen_si,d.velop AG,,,Ausbildung | Duales Studium (ausbildungs­integrierend)Beginn ab 01.08.2026,dual,2026,8,,33,empty,,javascript:,portal,"Wir schützen die Kontaktdaten des Arbeitgebers vor unerlaubten Zugriffen. Bitte geben Sie die dargestellten Zeichen in das Textfeld ein, um die Kontaktdaten des Arbeitgebers anzuzeigen.
Anderes Bild laden
Audioversion abspielen
Hinweis: Die dargestellten Zeichen enthalten keine Umlaute (ä, ö, ü oder ß), Sonderzeichen oder Leerzeichen.
Dargestellte Zeichen
Absenden
Fußbereich
Stelle betreut durch Arbeitgeber
Referenz-Nr.: 10001-1002864367-S
Verstoß melden",,d.velop AG | Ausbildung | Duales Studium (ausbildungs­integrierend)Beginn ab 01.08.2026,ya,belum,rendah,Duales Studium (ausbildungs­integrierend)Beginn ab 01.08.2026,,2026-06-13T12:15:32.619566+00:00
ASD-990610000685707163,ausbildungsstellen_si,PHOENIX CONTACT GmbH & Co. KG,,,Ausbildung | Stellendetails zu: Duales Studium Technische Informatik + Ausbildung,dual,,,,33,empty,,javascript:,portal,"Wir schützen die Kontaktdaten des Arbeitgebers vor unerlaubten Zugriffen. Bitte geben Sie die dargestellten Zeichen in das Textfeld ein, um die Kontaktdaten des Arbeitgebers anzuzeigen.
Anderes Bild laden
Audioversion abspielen
Hinweis: Die dargestellten Zeichen enthalten keine Umlaute (ä, ö, ü oder ß), Sonderzeichen oder Leerzeichen.
Dargestellte Zeichen
Absenden
Fußbereich
Stelle betreut durch die BA
Referenz-Nr.: 10000-1202708578-S
Verstoß melden",,PHOENIX CONTACT GmbH & Co. KG | Ausbildung | Stellendetails zu: Duales Studium Technische Informatik + Ausbildung,ya,belum,rendah,"Stellendetails zu: Duales Studium Technische Informatik + Ausbildung

Aufgaben:
Erstellung von anwendungsorientierten Lösungen im Industrieumfeld
Einrichtung von Robotern, intelligenten Sensoren, Automatisierungs- und Netzwerktechnik
Entwicklung von Software für inhouse Anwendungen und Kundenprojekten
Service und Support im Automatisierungsumfeld
Anforderungen:
Gute Fachhochschulreife oder allgemeine Hochschulreife
Mathematik Leistungskurs wünschenswert
Analytisches Denken
Teamfähigkeit, Spaß an der Arbeit, Motivation, Neugierde und Engagement
Leistungsorientiert, gute organisatorische und kommunikative Fähigkeiten
Folgende Fächer sind im Dualen Studium Technische Informatik integriert:
Mathematik
Rechnerorganisation und Betriebssysteme
Programmiersprachen
Algorithmen und Datenstrukturen
Software-Design
Dualer Partner im Studium:
Hochschule: Technische Hochschule Ostwestfalen-Lippe, Lemgo
Abschluss: B.Sc. - Bachelor of Science
Ausbildungsberuf: Fachinformatiker m/w/d oder Elektroniker für Geräte und Systeme m/w/d
Regelstudienzeit: 6 Semester
Gesamte Ausbildungszeit: 4 Jahre
Wenn du Interesse an diesem Traumjob hast, bewerbe dich bitte online über unsere Homepage.
Arbeitsorte
Karte anzeigen
Paderborn
Flachsmarktstr. 8, 32825 Blomberg, Lippe
32816 Schieder-Schwalenberg
Bad Pyrmont
Unternehmensdarstellung: PHOENIX CONTACT GmbH & Co. KG
PHOENIX CONTACT GmbH & Co. KG
Innovation für die Zukunft
Bei Phoenix Contact werden fast täglich neue elektrotechnische Produkte entwickelt. Die braucht man zur Übertragung von Signalen in der Industrie und auch zum Schutz von Geräten und Anlagen vor Überspannungen, wie sie zum Beispiel durch Blitzeinschlag auftreten. Dazu kommen Produkte für die Automatisierungstechnik, welche die Datenkommunikation übernehmen. Außerdem bieten wir Module rund um die Steuerung an. Die Produktneuentwicklungen werden stark von den Herausforderungen der Zukunft wie regenerative Energieerzeugung, Infrastruktur, Elektromobilität und Industrie 4.0 geprägt.
Insgesamt beschäftigen wir mehr als 14.000 Mitarbeiter/innen in über 50 Ländern.
Alle Stellen anzeigen
Webseiten
Homepage
Informationen zur Bewerbung
Sicherheitsabfrage",,2026-06-13T12:15:24.415011+00:00
ASD-990610001470048262,ausbildungsstellen_si,PHOENIX CONTACT GmbH & Co. KG,,,Ausbildung | Stellendetails zu: Duales Studium Technische Informatik + Ausbildung,dual,,,,33,empty,,javascript:,portal,"Wir schützen die Kontaktdaten des Arbeitgebers vor unerlaubten Zugriffen. Bitte geben Sie die dargestellten Zeichen in das Textfeld ein, um die Kontaktdaten des Arbeitgebers anzuzeigen.
Anderes Bild laden
Audioversion abspielen
Hinweis: Die dargestellten Zeichen enthalten keine Umlaute (ä, ö, ü oder ß), Sonderzeichen oder Leerzeichen.
Dargestellte Zeichen
Absenden
Fußbereich
Stelle betreut durch die BA
Referenz-Nr.: 10000-1202708578-S
Verstoß melden",,PHOENIX CONTACT GmbH & Co. KG | Ausbildung | Stellendetails zu: Duales Studium Technische Informatik + Ausbildung,ya,belum,rendah,"Stellendetails zu: Duales Studium Technische Informatik + Ausbildung

Aufgaben:
Erstellung von anwendungsorientierten Lösungen im Industrieumfeld
Einrichtung von Robotern, intelligenten Sensoren, Automatisierungs- und Netzwerktechnik
Entwicklung von Software für inhouse Anwendungen und Kundenprojekten
Service und Support im Automatisierungsumfeld
Anforderungen:
Gute Fachhochschulreife oder allgemeine Hochschulreife
Mathematik Leistungskurs wünschenswert
Analytisches Denken
Teamfähigkeit, Spaß an der Arbeit, Motivation, Neugierde und Engagement
Leistungsorientiert, gute organisatorische und kommunikative Fähigkeiten
Folgende Fächer sind im Dualen Studium Technische Informatik integriert:
Mathematik
Rechnerorganisation und Betriebssysteme
Programmiersprachen
Algorithmen und Datenstrukturen
Software-Design
Dualer Partner im Studium:
Hochschule: Technische Hochschule Ostwestfalen-Lippe, Lemgo
Abschluss: B.Sc. - Bachelor of Science
Ausbildungsberuf: Fachinformatiker m/w/d oder Elektroniker für Geräte und Systeme m/w/d
Regelstudienzeit: 6 Semester
Gesamte Ausbildungszeit: 4 Jahre
Wenn du Interesse an diesem Traumjob hast, bewerbe dich bitte online über unsere Homepage.
Arbeitsorte
Karte anzeigen
Paderborn
Flachsmarktstr. 8, 32825 Blomberg, Lippe
32816 Schieder-Schwalenberg
Bad Pyrmont
Unternehmensdarstellung: PHOENIX CONTACT GmbH & Co. KG
PHOENIX CONTACT GmbH & Co. KG
Innovation für die Zukunft
Bei Phoenix Contact werden fast täglich neue elektrotechnische Produkte entwickelt. Die braucht man zur Übertragung von Signalen in der Industrie und auch zum Schutz von Geräten und Anlagen vor Überspannungen, wie sie zum Beispiel durch Blitzeinschlag auftreten. Dazu kommen Produkte für die Automatisierungstechnik, welche die Datenkommunikation übernehmen. Außerdem bieten wir Module rund um die Steuerung an. Die Produktneuentwicklungen werden stark von den Herausforderungen der Zukunft wie regenerative Energieerzeugung, Infrastruktur, Elektromobilität und Industrie 4.0 geprägt.
Insgesamt beschäftigen wir mehr als 14.000 Mitarbeiter/innen in über 50 Ländern.
Alle Stellen anzeigen
Webseiten
Homepage
Informationen zur Bewerbung
Sicherheitsabfrage",,2026-06-13T12:16:16.321755+00:00
ASD-990610001626143327,ausbildungsstellen_si,PHOENIX CONTACT GmbH & Co. KG,,,Ausbildung | Stellendetails zu: Duales Studium Technische Informatik + Ausbildung,dual,,,,33,empty,,javascript:,portal,"Wir schützen die Kontaktdaten des Arbeitgebers vor unerlaubten Zugriffen. Bitte geben Sie die dargestellten Zeichen in das Textfeld ein, um die Kontaktdaten des Arbeitgebers anzuzeigen.
Anderes Bild laden
Audioversion abspielen
Hinweis: Die dargestellten Zeichen enthalten keine Umlaute (ä, ö, ü oder ß), Sonderzeichen oder Leerzeichen.
Dargestellte Zeichen
Absenden
Fußbereich
Stelle betreut durch die BA
Referenz-Nr.: 10000-1202708578-S
Verstoß melden
© Bundesagentur für Arbeit 2026
Impressum
Information & Hilfe
Datenschutz
Rechtliche Hinweise
Erklärung zur Barrierefreiheit
Barrieren melden",,PHOENIX CONTACT GmbH & Co. KG | Ausbildung | Stellendetails zu: Duales Studium Technische Informatik + Ausbildung,ya,belum,rendah,"Stellendetails zu: Duales Studium Technische Informatik + Ausbildung

Aufgaben:
Erstellung von anwendungsorientierten Lösungen im Industrieumfeld
Einrichtung von Robotern, intelligenten Sensoren, Automatisierungs- und Netzwerktechnik
Entwicklung von Software für inhouse Anwendungen und Kundenprojekten
Service und Support im Automatisierungsumfeld
Anforderungen:
Gute Fachhochschulreife oder allgemeine Hochschulreife
Mathematik Leistungskurs wünschenswert
Analytisches Denken
Teamfähigkeit, Spaß an der Arbeit, Motivation, Neugierde und Engagement
Leistungsorientiert, gute organisatorische und kommunikative Fähigkeiten
Folgende Fächer sind im Dualen Studium Technische Informatik integriert:
Mathematik
Rechnerorganisation und Betriebssysteme
Programmiersprachen
Algorithmen und Datenstrukturen
Software-Design
Dualer Partner im Studium:
Hochschule: Technische Hochschule Ostwestfalen-Lippe, Lemgo
Abschluss: B.Sc. - Bachelor of Science
Ausbildungsberuf: Fachinformatiker m/w/d oder Elektroniker für Geräte und Systeme m/w/d
Regelstudienzeit: 6 Semester
Gesamte Ausbildungszeit: 4 Jahre
Wenn du Interesse an diesem Traumjob hast, bewerbe dich bitte online über unsere Homepage.
Arbeitsorte
Karte anzeigen
Paderborn
Flachsmarktstr. 8, 32825 Blomberg, Lippe
32816 Schieder-Schwalenberg
Bad Pyrmont
Unternehmensdarstellung: PHOENIX CONTACT GmbH & Co. KG
PHOENIX CONTACT GmbH & Co. KG
Innovation für die Zukunft
Bei Phoenix Contact werden fast täglich neue elektrotechnische Produkte entwickelt. Die braucht man zur Übertragung von Signalen in der Industrie und auch zum Schutz von Geräten und Anlagen vor Überspannungen, wie sie zum Beispiel durch Blitzeinschlag auftreten. Dazu kommen Produkte für die Automatisierungstechnik, welche die Datenkommunikation übernehmen. Außerdem bieten wir Module rund um die Steuerung an. Die Produktneuentwicklungen werden stark von den Herausforderungen der Zukunft wie regenerative Energieerzeugung, Infrastruktur, Elektromobilität und Industrie 4.0 geprägt.
Insgesamt beschäftigen wir mehr als 14.000 Mitarbeiter/innen in über 50 Ländern.
Alle Stellen anzeigen
Webseiten
Homepage
Informationen zur Bewerbung
Sicherheitsabfrage",,2026-06-13T12:16:36.140743+00:00
ASD-990610001858240304,ausbildungsstellen_ae,PHOENIX CONTACT GmbH & Co. KG,,,Ausbildung | Stellendetails zu: Duales Studium Technische Informatik + Ausbildung,dual,,,,33,empty,,javascript:,portal,"Wir schützen die Kontaktdaten des Arbeitgebers vor unerlaubten Zugriffen. Bitte geben Sie die dargestellten Zeichen in das Textfeld ein, um die Kontaktdaten des Arbeitgebers anzuzeigen.
Anderes Bild laden
Audioversion abspielen
Hinweis: Die dargestellten Zeichen enthalten keine Umlaute (ä, ö, ü oder ß), Sonderzeichen oder Leerzeichen.
Dargestellte Zeichen
Absenden
Fußbereich
Stelle betreut durch die BA
Referenz-Nr.: 10000-1202708578-S
Verstoß melden",,PHOENIX CONTACT GmbH & Co. KG | Ausbildung | Stellendetails zu: Duales Studium Technische Informatik + Ausbildung,ya,belum,rendah,"Stellendetails zu: Duales Studium Technische Informatik + Ausbildung

Aufgaben:
Erstellung von anwendungsorientierten Lösungen im Industrieumfeld
Einrichtung von Robotern, intelligenten Sensoren, Automatisierungs- und Netzwerktechnik
Entwicklung von Software für inhouse Anwendungen und Kundenprojekten
Service und Support im Automatisierungsumfeld
Anforderungen:
Gute Fachhochschulreife oder allgemeine Hochschulreife
Mathematik Leistungskurs wünschenswert
Analytisches Denken
Teamfähigkeit, Spaß an der Arbeit, Motivation, Neugierde und Engagement
Leistungsorientiert, gute organisatorische und kommunikative Fähigkeiten
Folgende Fächer sind im Dualen Studium Technische Informatik integriert:
Mathematik
Rechnerorganisation und Betriebssysteme
Programmiersprachen
Algorithmen und Datenstrukturen
Software-Design
Dualer Partner im Studium:
Hochschule: Technische Hochschule Ostwestfalen-Lippe, Lemgo
Abschluss: B.Sc. - Bachelor of Science
Ausbildungsberuf: Fachinformatiker m/w/d oder Elektroniker für Geräte und Systeme m/w/d
Regelstudienzeit: 6 Semester
Gesamte Ausbildungszeit: 4 Jahre
Wenn du Interesse an diesem Traumjob hast, bewerbe dich bitte online über unsere Homepage.
Arbeitsorte
Karte anzeigen
Paderborn
Flachsmarktstr. 8, 32825 Blomberg, Lippe
32816 Schieder-Schwalenberg
Bad Pyrmont
Unternehmensdarstellung: PHOENIX CONTACT GmbH & Co. KG
PHOENIX CONTACT GmbH & Co. KG
Innovation für die Zukunft
Bei Phoenix Contact werden fast täglich neue elektrotechnische Produkte entwickelt. Die braucht man zur Übertragung von Signalen in der Industrie und auch zum Schutz von Geräten und Anlagen vor Überspannungen, wie sie zum Beispiel durch Blitzeinschlag auftreten. Dazu kommen Produkte für die Automatisierungstechnik, welche die Datenkommunikation übernehmen. Außerdem bieten wir Module rund um die Steuerung an. Die Produktneuentwicklungen werden stark von den Herausforderungen der Zukunft wie regenerative Energieerzeugung, Infrastruktur, Elektromobilität und Industrie 4.0 geprägt.
Insgesamt beschäftigen wir mehr als 14.000 Mitarbeiter/innen in über 50 Ländern.
Alle Stellen anzeigen
Webseiten
Homepage
Informationen zur Bewerbung
Sicherheitsabfrage",,2026-06-13T09:43:55.771862+00:00
ASD-990610000474018965,ausbildungsstellen_si,Tobit Laboratories AG,,,Ausbildung | Duales Studium (ausbildungs­integrierend)Beginn ab 01.08.2026,dual,2026,8,,33,empty,,javascript:,portal,"Wir schützen die Kontaktdaten des Arbeitgebers vor unerlaubten Zugriffen. Bitte geben Sie die dargestellten Zeichen in das Textfeld ein, um die Kontaktdaten des Arbeitgebers anzuzeigen.
Anderes Bild laden
Audioversion abspielen
Hinweis: Die dargestellten Zeichen enthalten keine Umlaute (ä, ö, ü oder ß), Sonderzeichen oder Leerzeichen.
Dargestellte Zeichen
Absenden
Fußbereich
Stelle betreut durch die BA
Referenz-Nr.: 10001-1001597002-S
Verstoß melden",,Tobit Laboratories AG | Ausbildung | Duales Studium (ausbildungs­integrierend)Beginn ab 01.08.2026,ya,belum,rendah,Duales Studium (ausbildungs­integrierend)Beginn ab 01.08.2026,,2026-06-13T12:15:09.895905+00:00
ASD-990610001062885689,ausbildungsstellen_si,Tobit Laboratories AG,,,Ausbildung | Duales Studium (ausbildungs­integrierend)Beginn ab 01.08.2026,dual,2026,8,,33,empty,,javascript:,portal,"Wir schützen die Kontaktdaten des Arbeitgebers vor unerlaubten Zugriffen. Bitte geben Sie die dargestellten Zeichen in das Textfeld ein, um die Kontaktdaten des Arbeitgebers anzuzeigen.
Anderes Bild laden
Audioversion abspielen
Hinweis: Die dargestellten Zeichen enthalten keine Umlaute (ä, ö, ü oder ß), Sonderzeichen oder Leerzeichen.
Dargestellte Zeichen
Absenden
Fußbereich
Stelle betreut durch Arbeitgeber
Referenz-Nr.: 10001-1003194783-S
Verstoß melden",,Tobit Laboratories AG | Ausbildung | Duales Studium (ausbildungs­integrierend)Beginn ab 01.08.2026,ya,belum,rendah,Duales Studium (ausbildungs­integrierend)Beginn ab 01.08.2026,,2026-06-13T12:15:48.812789+00:00
ASD-990610000607914534,ausbildungsstellen_si,UNIPLUS Software GmbH,,,Ausbildung | Duales Studium (ausbildungs­integrierend)Beginn ab 01.02.2027Homeoffice möglich,dual,,,,33,empty,,javascript:,portal,"Wir schützen die Kontaktdaten des Arbeitgebers vor unerlaubten Zugriffen. Bitte geben Sie die dargestellten Zeichen in das Textfeld ein, um die Kontaktdaten des Arbeitgebers anzuzeigen.
Anderes Bild laden
Audioversion abspielen
Hinweis: Die dargestellten Zeichen enthalten keine Umlaute (ä, ö, ü oder ß), Sonderzeichen oder Leerzeichen.
Dargestellte Zeichen
Absenden
Fußbereich
Stelle betreut durch die BA
Referenz-Nr.: 10000-1206505433-S
Verstoß melden",,UNIPLUS Software GmbH | Ausbildung | Duales Studium (ausbildungs­integrierend)Beginn ab 01.02.2027Homeoffice möglich,ya,belum,rendah,Duales Studium (ausbildungs­integrierend)Beginn ab 01.02.2027Homeoffice möglich,,2026-06-13T12:15:20.909923+00:00
AUBI-47904,aubi_plus_fi,,Bückeburg,31675 Bückeburg,,dual,2026,9,,33,empty,,https://www.aubi-plus.de/bewerbung/,portal,"Als angehende:r IT-Assistent:in lernst Du, Kunden und Kollegen bei IT-bezogenen Fragen Hilfestellung zu leisten. Von der Systemadministration bis zur Webentwicklung wirst du ein verlässlicher Ansprechpartner für alle Fälle. Neben dem Aneignen von Kernkompetenzen im IT-Bereich verbesserst du in der Ausbildung deine allgemeinbildenden Grundlagen. Zusätzlich hast du die Möglichkeit, deine Fachhochschulreife zu erwerben oder nach erfolgreichem Abschluss ein Studium anzuschließen. Die Ausbildung dauert 2 Jahre, Voraussetzung ist der Realschulabschluss.
Das Ausbildungsprofil Informationstechnische Assistenz – ITA
Die ITA Ausbildung in Bückeburg vermittelt vielseitige Qualifikationen für unterschiedliche Berufe der Informationstechnologie (IT). Dabei spielen Planung und Bearbeitung vor allem logischer, technischer und programmiertechnischer Fragestellungen im Bereich von Hard- und Software, teils auch der Elektrik und Elektrotechnik, eine Rolle. Darüber hinaus steht die Vermittlung von Soft Skills, wie wirtschaftliches Denken bis hin zu Teamfähigkeit, sowie Selbstverantwortung auf dem Programm.
Dir eröffnet sich eine riesige Bandbreite an Einsatzmöglichkeiten und Tätigkeitsfeldern mit unterschiedlichsten Spezialisierungsmöglichkeiten. Dazu gehören beispielsweise:
Anwendungsentwicklung
Entwicklung und Programmierung elektronischer Geräte und Systeme
Erbringen von Serviceleistungen an Hard- und Software
Information und Beratung über Nutzungsmöglichkeiten von elektronischen Geräten und Systemen
Installation, Konfiguration und Wartung von elektronischen Geräten und Systemen
Installation und Administration von Computernetzwerken
Arbeitsmöglichkeiten
Du kannst beispielsweise als Spezialist:in für Unternehmen arbeiten, Dich einem IT-Dienstleister anschließen oder selbstständig machen. Auch im öffentlichen Dienst, zum Beispiel in der Verwaltung, in Schulen und Hochschulen, bei der Bundeswehr oder der Polizei, gibt es viele Einsatzmöglichkeiten.
Mit dem Bildungsgutschein der Agentur für Arbeit können die Kosten für die ITA Ausbildung in Bückeburg bis zu 100 Prozent übernommen werden. Er gilt unter anderem für Umschüler:innen oder Personen in der Weiterbildung. Informationen gibt es bei der Arbeitsagentur.
Stellendetails
Beruf:
Informationstechnische/r Assistent / Assistentin (schul.)
Bewerbungsfrist:
Offen
Mindestabschluss:
Realschulabschluss / Mittlere Reife
Freie Ausbildungsplätze:
20
Auch geeignet für:
Umschüler*innen
Studienabbrecher*innen
Dauer:
3 Jahre
Referenz-Nr:
AUBI-47904
(Bitte in der Bewerbung angeben)
Kopieren
INFOS ANFORDERN
Dein persönlicher Matching-Score
Du willst wissen, wie gut diese Stelle zu dir passt? Dann registriere dich und mach das Matching. Mehr erfahren
Bewerbungsunterlagen
ausgefüllter Bewerbungsbogen
Tipp: Beziehe dich in deiner Bewerbung auf AUBI-plus!
Mit bewerbung2go kannst du deine Bewerbungsunterlagen erstellen.
Deine AUBI-plus Jobmail
Lass deinen Bot für dich suchen! Lege deine Suchkriterien fest und lehn dich zurück. Du bekommst aktuelle Stellen für deinen Traumberuf direkt per Mail zugeschickt.
SUCHBOT ERSTELLEN
Ähnliche Suchanfragen:
AUSBILDUNG BÜCKEBURG
AUSBILDUNG IN NIEDERSACHSEN
AUSBILDUNG 2026
AUSBILDUNG ALS INFORMATIONSTECHNISCHER ASSISTENT (SCHUL.) (M/W/D) IN BÜCKEBURG
Play
22 weitere Stellen im Unternehmen
Ausbildungsbegleitendes Studium Logopädie (m/w/d) in Bückeburg
Bernd-Blindow-Schulen Bückeburg
31675 Bückeburg
01.09.2026 01.09.2027
UTA Ausbildung in Bückeburg (m/w/d)
Schulen Dr. Kurt Blindow Bückeburg
31675 Bückeburg
01.09.2026 01.09.2027
PTA Ausbildung in Bückeburg (m/w/d)
Schulen Dr. Kurt Blindow Bückeburg
31675 Bückeburg
01.09.2026 01.03.2027
WEITERE STELLEN LADEN
AUBI-plus
Über uns
Karriere
Partner
FAQ
News & Events
Presse
Blog
Messen & Aktionstage
DEUTSCHES AUSBILDUNGSFORUM
Produkte & Dienstleistungen
Für Ausbildungsbetriebe
Für Hochschulen
Für Schulen
Für Eltern
Besuch uns auch auf:
Region ändern:
AUBI-plus Österreich (deutsch)
AUBI-plus Schweiz (deutsch)
AUBI-plus Italien (deutsch)
AUBI-plus
Impressum
AGB
Datenschutz
Bildrechte
Kontakt",,aubi_plus_fi | Bückeburg,ya,belum,rendah,"Ausbildung 2026 
AUBI-plus
Stellen finden
Anmelden
Ausbildung
Rund um die Ausbildung
Ausbildungsplätze 2026
Alle Städte
Alle Bundesländer
Gehalt
Ausbildungsbeginn

Erstelle dein Bewerberprofil und lasse dich von Ausbildungsbetrieben ansprechen – ohne dich bewerben zu müssen!

Lass dich finden
Duales Studium
Rund um das duale Studium
Duale Studienplätze 2026
Duale Studiengänge von A-Z
Alle Orte von A-Z
Berufe
Rund um Berufe
Gut bezahlte Berufe
Kaufmännische Berufe
Berufe nach Themen
Alle Berufe
Schülerpraktikum

Teste dich: Mit unserem Berufs-Check bist du weniger als zehn Minuten von deinem Traumberuf entfernt.

Berufs-Check starten
Studium
Bewerbung
Bewerbungsratgeber
Anschreiben
Lebenslauf
Vorlagen
Online-Bewerbung
Vorstellungsgespräch
Bewerbungs-Check
Für Unternehmen
Für Hochschulen
Für Schulen
ITA Ausbildung in Bückeburg (m/w/d)
Schulen Dr. Kurt Blindow Bückeburg
 31675 Bückeburg
 01.09.2026 oder 01.09.2027
 Schulische Ausbildung

BAföG-fähig

Höherer Schulabschluss möglich

Digitales Lernen

JETZT BEWERBEN
Sei dabei – werde Informationstechnische:r Assistent:in
Als angehende:r IT-Assistent:in lernst Du, Kunden und Kollegen bei IT-bezogenen Fragen Hilfestellung zu leisten. Von der Systemadministration bis zur Webentwicklung wirst du ein verlässlicher Ansprechpartner für alle Fälle. Neben dem Aneignen von Kernkompetenzen im IT-Bereich verbesserst du in der Ausbildung deine allgemeinbildenden Grundlagen. Zusätzlich hast du die Möglichkeit, deine Fachhochschulreife zu erwerben oder nach erfolgreichem Abschluss ein Studium anzuschließen. Die Ausbildung dauert 2 Jahre, Voraussetzung ist der Realschulabschluss.

Das Ausbildungsprofil Informationstechnische Assistenz – ITA
Die ITA Ausbildung in Bückeburg vermittelt vielseitige Qualifikationen für unterschiedliche Berufe der Informationstechnologie (IT). Dabei spielen Planung und Bearbeitung vor allem logischer, technischer und programmiertechnischer Fragestellungen im Bereich von Hard- und Software, teils auch der Elektrik und Elektrotechnik, eine Rolle. Darüber hinaus steht die Vermittlung von Soft Skills, wie wirtschaftliches Denken bis hin zu Teamfähigkeit, sowie Selbstverantwortung auf dem Programm.



Dir eröffnet sich eine riesige Bandbreite an Einsatzmöglichkeiten und Tätigkeitsfeldern mit unterschiedlichsten Spezialisierungsmöglichkeiten. Dazu gehören beispielsweise:

Anwendungsentwicklung
Entwicklung und Programmierung elektronischer Geräte und Systeme
Erbringen von Serviceleistungen an Hard- und Software
Information und Beratung über Nutzungsmöglichkeiten von elektronischen Geräten und Systemen
Installation, Konfiguration und Wartung von elektronischen Geräten und Systemen
Installation und Administration von Computernetzwerken
Arbeitsmöglichkeiten
Du kannst beispielsweise als Spezialist:in für Unternehmen arbeiten, Dich einem IT-Dienstleister anschließen oder selbstständig machen. Auch im öffentlichen Dienst, zum Beispiel in der Verwaltung, in Schulen und Hochschulen, bei der Bundeswehr oder der Polizei, gibt es viele Einsatzmöglichkeiten.

Mit dem Bildungsgutschein der Agentur für Arbeit können die Kosten für die ITA Ausbildung in Bückeburg bis zu 100 Prozent übernommen werden. Er gilt unter anderem für Umschüler:innen oder Personen in der Weiterbildung. Informationen gibt es bei der Arbeitsagentur.

Stellendetails

Beruf:
Informationstechnische/r Assistent / Assistentin (schul.)
Bewerbungsfrist:
Offen
Mindestabschluss:
Realschulabschluss / Mittlere Reife
Freie Ausbildungsplätze:
20
Auch geeignet für:
Umschüler*innen
Studienabbrecher*innen
Dauer:

3 Jahre
Referenz-Nr:

AUBI-47904
(Bitte in der Bewerbung angeben)
Kopieren 
INFOS ANFORDERN

Dein persönlicher Matching-Score

Du willst wissen, wie gut diese Stelle zu dir passt? Dann registriere dich und mach das Matching. Mehr erfahren

Bewerbungsunterlagen

ausgefüllter Bewerbungsbogen
Tipp: Beziehe dich in deiner Bewerbung auf AUBI-plus!
Mit bewerbung2go kannst du deine Bewerbungsunterlagen erstellen.

Deine AUBI-plus Jobmail

Lass deinen Bot für dich suchen! Lege deine Suchkriterien fest und lehn dich zurück. Du bekommst aktuelle Stellen für deinen Traumberuf direkt per Mail zugeschickt.

SUCHBOT ERSTELLEN
Ähnliche Suchanfragen:
AUSBILDUNG BÜCKEBURG
AUSBILDUNG IN NIEDERSACHSEN
AUSBILDUNG 2026
AUSBILDUNG ALS INFORMATIONSTECHNISCHER ASSISTENT (SCHUL.) (M/W/D) IN BÜCKEBURG
Play

22 weitere Stellen im Unternehmen

Ausbildungsbegleitendes Studium Logopädie (m/w/d) in Bückeburg
Bernd-Blindow-Schulen Bückeburg
 31675 Bückeburg
 01.09.2026 01.09.2027
UTA Ausbildung in Bückeburg (m/w/d)
Schulen Dr. Kurt Blindow Bückeburg
 31675 Bückeburg
 01.09.2026 01.09.2027
PTA Ausbildung in Bückeburg (m/w/d)
Schulen Dr. Kurt Blindow Bückeburg
 31675 Bückeburg
 01.09.2026 01.03.2027
WEITERE STELLEN LADEN

AUBI-plus

Über uns
Karriere
Partner
FAQ

News & Events

Presse
Blog
Messen & Aktionstage
DEUTSCHES AUSBILDUNGSFORUM

Produkte & Dienstleistungen

Für Ausbildungsbetriebe
Für Hochschulen
Für Schulen
Für Eltern

Besuch uns",,2026-06-13T14:54:05.092800+00:00
